dataKind,lambda,DPKI_upper_bound,DPKI_lower_bound,DPKI_experimental,epsilon,lambdaTotalMeasured,pManageMeasured,gammaOnChainMeasured,qManageMeasured,muModelOffchainAuthMeasured,lambdaBlockMeasured,lambdaBlockHeightMeasured,lambdaBlockTxConfirmMeanMs,serviceCAs,calibrationScope,runDir,meanBlockMs,configuredLambdaBlock
measured_point,2.0,0.1342382108053472,0.08108794774119704,0.11697009072527007,0.1,1.9509517081705576,0.1,0.24691358024691357,0.3,16.093514828570065,8.491942259148434,8.924587876136489,115.40351666242648,4.0,Fig6 epsilon measured parameters,C:\Users\admin\Desktop\Blockchain_based DPKI platform\DPKI-and-DID-platform-Lenovo\chain33-dpki-real-experiment\outputs\real_sweeps\lambda_experiment\scout_aggressive_three_lambdap_120_100_90_r200_lambda20_blockms_90_lambda_2_r200,90.0,11.11111111111111
measured_point,4.0,0.1551035496385717,0.08608039525329941,0.12272303963607865,0.1,3.9274334599917036,0.1,0.24691358024691357,0.3,16.147582986991054,7.516609997586836,9.170901508422181,130.3779230683278,4.0,Fig6 epsilon measured parameters,C:\Users\admin\Desktop\Blockchain_based DPKI platform\DPKI-and-DID-platform-Lenovo\chain33-dpki-real-experiment\outputs\real_sweeps\lambda_experiment\scout_aggressive_three_lambdap_120_100_90_r200_lambda20_blockms_90_lambda_4_r200,90.0,11.11111111111111
measured_point,6.0,0.17229321201065181,0.09316817747821862,0.12345618434017169,0.1,6.143235304784839,0.1,0.24691358024691357,0.3,16.15989842988185,7.627548750219589,8.443466303631563,128.48164359117166,4.0,Fig6 epsilon measured parameters,C:\Users\admin\Desktop\Blockchain_based DPKI platform\DPKI-and-DID-platform-Lenovo\chain33-dpki-real-experiment\outputs\real_sweeps\lambda_experiment\scout_aggressive_three_lambdap_120_100_90_r200_lambda20_blockms_90_lambda_6_r200,90.0,11.11111111111111
measured_point,8.0,0.1898747803779332,0.10718141502360147,0.12097182353958674,0.1,8.660009787434987,0.1,0.24691358024691357,0.3,15.765988692479969,8.786498871793485,9.598912358761783,111.53475511685396,4.0,Fig6 epsilon measured parameters,C:\Users\admin\Desktop\Blockchain_based DPKI platform\DPKI-and-DID-platform-Lenovo\chain33-dpki-real-experiment\outputs\real_sweeps\lambda_experiment\scout_aggressive_three_lambdap_120_100_90_r200_lambda20_blockms_90_lambda_8_r200,90.0,11.11111111111111
measured_point,10.0,0.21767624995251994,0.11144667068518108,0.15166512082090572,0.1,9.909081824006083,0.1,0.24691358024691357,0.3,16.0089393917207,7.394089176646822,9.493458217174952,132.53829871232693,4.0,Fig6 epsilon measured parameters,C:\Users\admin\Desktop\Blockchain_based DPKI platform\DPKI-and-DID-platform-Lenovo\chain33-dpki-real-experiment\outputs\real_sweeps\lambda_experiment\scout_aggressive_three_lambdap_120_100_90_r200_lambda20_blockms_90_lambda_10_r200,90.0,11.11111111111111
measured_point,12.0,0.2473453135293922,0.13093110260124854,0.13709435584590865,0.1,12.580278590658178,0.1,0.24691358024691357,0.3,15.920598702073034,8.251956900397218,9.127654550117835,118.75970897919092,4.0,Fig6 epsilon measured parameters,C:\Users\admin\Desktop\Blockchain_based DPKI platform\DPKI-and-DID-platform-Lenovo\chain33-dpki-real-experiment\outputs\real_sweeps\lambda_experiment\scout_aggressive_three_lambdap_120_100_90_r200_lambda20_blockms_90_lambda_12_r200,90.0,11.11111111111111
measured_point,14.0,0.21603629991719778,0.1209663066707228,0.11789117812579585,0.1,11.875357879495704,0.1,0.24691358024691357,0.3,16.256162147253,9.399909020515654,9.057517114588181,104.25632821138089,4.0,Fig6 epsilon measured parameters,C:\Users\admin\Desktop\Blockchain_based DPKI platform\DPKI-and-DID-platform-Lenovo\chain33-dpki-real-experiment\outputs\real_sweeps\lambda_experiment\scout_aggressive_three_lambdap_120_100_90_r200_lambda20_blockms_90_lambda_14_r200,90.0,11.11111111111111
measured_point,16.0,0.3342473557986637,0.17443068830366804,0.16789515241546735,0.1,16.482123595355485,0.1,0.24691358024691357,0.3,16.035835724330802,8.354901343866903,9.550327199501194,117.29641795464052,4.0,Fig6 epsilon measured parameters,C:\Users\admin\Desktop\Blockchain_based DPKI platform\DPKI-and-DID-platform-Lenovo\chain33-dpki-real-experiment\outputs\real_sweeps\lambda_experiment\scout_aggressive_three_lambdap_120_100_90_r200_lambda20_blockms_90_lambda_16_r200,90.0,11.11111111111111
measured_point,18.0,0.45640851652141406,0.23539130259983382,0.22547778253515688,0.1,19.02847934186937,0.1,0.24691358024691357,0.3,15.977007148311053,8.159614179491758,9.301240998508492,120.10371795067421,4.0,Fig6 epsilon measured parameters,C:\Users\admin\Desktop\Blockchain_based DPKI platform\DPKI-and-DID-platform-Lenovo\chain33-dpki-real-experiment\outputs\real_sweeps\lambda_experiment\scout_aggressive_three_lambdap_120_100_90_r200_lambda20_blockms_90_lambda_18_r200,90.0,11.11111111111111
measured_point,20.0,0.5530286238267534,0.2835529478055202,0.22847522341829007,0.1,20.23595836682455,0.1,0.24691358024691357,0.3,15.97097074783289,8.027906447833795,9.384983449808068,122.07416795003108,4.0,Fig6 epsilon measured parameters,C:\Users\admin\Desktop\Blockchain_based DPKI platform\DPKI-and-DID-platform-Lenovo\chain33-dpki-real-experiment\outputs\real_sweeps\lambda_experiment\scout_aggressive_three_lambdap_120_100_90_r200_lambda20_blockms_90_lambda_20_r200,90.0,11.11111111111111
measured_point,2.0,0.13814831539747496,0.08212308224232412,0.11874903168474409,0.1,2.0688876114879124,0.1,0.24691358024691357,0.3,15.956678404510956,8.135804933678502,9.20473708610888,120.45519871589465,4.0,Fig6 epsilon measured parameters,C:\Users\admin\Desktop\Blockchain_based DPKI platform\DPKI-and-DID-platform-Lenovo\chain33-dpki-real-experiment\outputs\real_sweeps\lambda_experiment\scout_aggressive_three_lambdap_120_100_90_r200_lambda20_blockms_100_lambda_2_r200,100.0,10.0
measured_point,4.0,0.1690310735550042,0.08669265259224476,0.1377534446378494,0.1,4.082013600690054,0.1,0.24691358024691357,0.3,16.121594033611338,6.3717783100349425,8.100565947748859,153.80321667133234,4.0,Fig6 epsilon measured parameters,C:\Users\admin\Desktop\Blockchain_based DPKI platform\DPKI-and-DID-platform-Lenovo\chain33-dpki-real-experiment\outputs\real_sweeps\lambda_experiment\scout_aggressive_three_lambdap_120_100_90_r200_lambda20_blockms_100_lambda_4_r200,100.0,10.0
measured_point,6.0,0.1875354029207993,0.09463512227747986,0.14268616078082083,0.1,6.233469237014538,0.1,0.24691358024691357,0.3,16.003014870721696,6.563460007893256,8.04393951506607,149.31149101562988,4.0,Fig6 epsilon measured parameters,C:\Users\admin\Desktop\Blockchain_based DPKI platform\DPKI-and-DID-platform-Lenovo\chain33-dpki-real-experiment\outputs\real_sweeps\lambda_experiment\scout_aggressive_three_lambdap_120_100_90_r200_lambda20_blockms_100_lambda_6_r200,100.0,10.0
measured_point,8.0,0.1986759586694397,0.10995188052806461,0.13067118363986552,0.1,8.346987266882312,0.1,0.24691358024691357,0.3,15.318493196837029,8.149555994444016,8.376705085382191,120.25195000416193,4.0,Fig6 epsilon measured parameters,C:\Users\admin\Desktop\Blockchain_based DPKI platform\DPKI-and-DID-platform-Lenovo\chain33-dpki-real-experiment\outputs\real_sweeps\lambda_experiment\scout_aggressive_three_lambdap_120_100_90_r200_lambda20_blockms_100_lambda_8_r200,100.0,10.0
measured_point,10.0,0.2398487812676447,0.11892760413927306,0.1517292733664161,0.1,10.849182236681504,0.1,0.24691358024691357,0.3,15.854531914069886,6.999926539268907,8.578461584848919,140.00146923004053,4.0,Fig6 epsilon measured parameters,C:\Users\admin\Desktop\Blockchain_based DPKI platform\DPKI-and-DID-platform-Lenovo\chain33-dpki-real-experiment\outputs\real_sweeps\lambda_experiment\scout_aggressive_three_lambdap_120_100_90_r200_lambda20_blockms_100_lambda_10_r200,100.0,10.0
measured_point,12.0,0.2441099384032524,0.12127713390765335,0.15950785590312225,0.1,11.546564988998142,0.1,0.24691358024691357,0.3,16.04873195212558,7.180699474726076,8.562178341981785,136.47695512802173,4.0,Fig6 epsilon measured parameters,C:\Users\admin\Desktop\Blockchain_based DPKI platform\DPKI-and-DID-platform-Lenovo\chain33-dpki-real-experiment\outputs\real_sweeps\lambda_experiment\scout_aggressive_three_lambdap_120_100_90_r200_lambda20_blockms_100_lambda_12_r200,100.0,10.0
measured_point,14.0,0.24657666310877596,0.126051721697124,0.14072859938231091,0.1,12.523925612454054,0.1,0.24691358024691357,0.3,16.2308998271468,7.790756346654454,8.527447413943523,125.79009744295708,4.0,Fig6 epsilon measured parameters,C:\Users\admin\Desktop\Blockchain_based DPKI platform\DPKI-and-DID-platform-Lenovo\chain33-dpki-real-experiment\outputs\real_sweeps\lambda_experiment\scout_aggressive_three_lambdap_120_100_90_r200_lambda20_blockms_100_lambda_14_r200,100.0,10.0
measured_point,16.0,0.37299935340312323,0.18646580953067293,0.18405394649076687,0.1,17.195072117389852,0.1,0.24691358024691357,0.3,16.057136872577132,7.683804489041664,8.4312458945191,127.54098590062215,4.0,Fig6 epsilon measured parameters,C:\Users\admin\Desktop\Blockchain_based DPKI platform\DPKI-and-DID-platform-Lenovo\chain33-dpki-real-experiment\outputs\real_sweeps\lambda_experiment\scout_aggressive_three_lambdap_120_100_90_r200_lambda20_blockms_100_lambda_16_r200,100.0,10.0
measured_point,18.0,0.4984005931971622,0.25335629548506805,0.19979768966590758,0.1,19.67950716497695,0.1,0.24691358024691357,0.3,16.06087164755377,7.953014538565495,8.511944199511667,123.22371539091452,4.0,Fig6 epsilon measured parameters,C:\Users\admin\Desktop\Blockchain_based DPKI platform\DPKI-and-DID-platform-Lenovo\chain33-dpki-real-experiment\outputs\real_sweeps\lambda_experiment\scout_aggressive_three_lambdap_120_100_90_r200_lambda20_blockms_100_lambda_18_r200,100.0,10.0
measured_point,20.0,0.4581593986616439,0.2207593140818841,0.28657467120421,0.1,18.60546436229348,0.1,0.24691358024691357,0.3,16.015588788765026,7.144618662175839,7.752769965573865,137.16617307907495,4.0,Fig6 epsilon measured parameters,C:\Users\admin\Desktop\Blockchain_based DPKI platform\DPKI-and-DID-platform-Lenovo\chain33-dpki-real-experiment\outputs\real_sweeps\lambda_experiment\scout_aggressive_three_lambdap_120_100_90_r200_lambda20_blockms_100_lambda_20_r200,100.0,10.0
measured_point,2.0,0.1572224678951944,0.0831072444021061,0.1349457784563101,0.1,2.1185875656913855,0.1,0.24691358024691357,0.3,15.802163542489406,6.181681261815538,7.077206331219245,158.53292308251062,4.0,Fig6 epsilon measured parameters,C:\Users\admin\Desktop\Blockchain_based DPKI platform\DPKI-and-DID-platform-Lenovo\chain33-dpki-real-experiment\outputs\real_sweeps\lambda_experiment\scout_aggressive_three_lambdap_120_100_90_r200_lambda20_blockms_120_lambda_2_r200,120.0,8.333333333333334
measured_point,4.0,0.16780299563480006,0.08750649242154848,0.1303322673878433,0.1,4.215806400170727,0.1,0.24691358024691357,0.3,16.054876306958285,6.6025704261003355,7.441408029613943,148.42704231158282,4.0,Fig6 epsilon measured parameters,C:\Users\admin\Desktop\Blockchain_based DPKI platform\DPKI-and-DID-platform-Lenovo\chain33-dpki-real-experiment\outputs\real_sweeps\lambda_experiment\scout_aggressive_three_lambdap_120_100_90_r200_lambda20_blockms_120_lambda_4_r200,120.0,8.333333333333334
measured_point,6.0,0.17327090591181296,0.09414723763561317,0.12845596381532642,0.1,6.217051277910773,0.1,0.24691358024691357,0.3,16.06132625564217,7.685741338677896,8.370866385028341,127.50884486161746,4.0,Fig6 epsilon measured parameters,C:\Users\admin\Desktop\Blockchain_based DPKI platform\DPKI-and-DID-platform-Lenovo\chain33-dpki-real-experiment\outputs\real_sweeps\lambda_experiment\scout_aggressive_three_lambdap_120_100_90_r200_lambda20_blockms_120_lambda_6_r200,120.0,8.333333333333334
measured_point,8.0,0.21929688827087584,0.10156331291605242,0.16304056438043996,0.1,8.386156117643745,0.1,0.24691358024691357,0.3,16.240788158275116,5.951032346312697,7.17843592861325,164.67731024974432,4.0,Fig6 epsilon measured parameters,C:\Users\admin\Desktop\Blockchain_based DPKI platform\DPKI-and-DID-platform-Lenovo\chain33-dpki-real-experiment\outputs\real_sweeps\lambda_experiment\scout_aggressive_three_lambdap_120_100_90_r200_lambda20_blockms_120_lambda_8_r200,120.0,8.333333333333334
measured_point,10.0,0.2216305316627407,0.10377335261130835,0.1767864457481059,0.1,9.126229606114945,0.1,0.24691358024691357,0.3,16.3802686296658,6.218970538229082,6.888948610585246,157.58235128720602,4.0,Fig6 epsilon measured parameters,C:\Users\admin\Desktop\Blockchain_based DPKI platform\DPKI-and-DID-platform-Lenovo\chain33-dpki-real-experiment\outputs\real_sweeps\lambda_experiment\scout_aggressive_three_lambdap_120_100_90_r200_lambda20_blockms_120_lambda_10_r200,120.0,8.333333333333334
measured_point,12.0,0.25371291936193907,0.12678495757380165,0.17603426084770488,0.1,12.622035045551556,0.1,0.24691358024691357,0.3,16.232926853806177,7.451722460347566,7.070439891124534,131.51321794589362,4.0,Fig6 epsilon measured parameters,C:\Users\admin\Desktop\Blockchain_based DPKI platform\DPKI-and-DID-platform-Lenovo\chain33-dpki-real-experiment\outputs\real_sweeps\lambda_experiment\scout_aggressive_three_lambdap_120_100_90_r200_lambda20_blockms_120_lambda_12_r200,120.0,8.333333333333334
measured_point,14.0,0.35560039003876087,0.1478796445469454,0.5515844377071266,0.1,15.305634680971492,0.1,0.24691358024691357,0.3,16.486178371715578,5.542985139102524,6.833683894177426,176.80004102602985,4.0,Fig6 epsilon measured parameters,C:\Users\admin\Desktop\Blockchain_based DPKI platform\DPKI-and-DID-platform-Lenovo\chain33-dpki-real-experiment\outputs\real_sweeps\lambda_experiment\scout_aggressive_three_lambdap_120_100_90_r200_lambda20_blockms_120_lambda_14_r200,120.0,8.333333333333334
measured_point,16.0,0.3015314645897728,0.13540583347094448,0.2852666271411492,0.1,14.56630239039129,0.1,0.24691358024691357,0.3,16.762490635890238,6.393693268952912,7.0570199988010485,153.27604230856284,4.0,Fig6 epsilon measured parameters,C:\Users\admin\Desktop\Blockchain_based DPKI platform\DPKI-and-DID-platform-Lenovo\chain33-dpki-real-experiment\outputs\real_sweeps\lambda_experiment\scout_aggressive_three_lambdap_120_100_90_r200_lambda20_blockms_120_lambda_16_r200,120.0,8.333333333333334
measured_point,18.0,0.46112700734459944,0.2039207986671721,0.5280807011765409,0.1,17.75891974720781,0.1,0.24691358024691357,0.3,15.901626597992555,6.045620852995266,7.556863808105912,162.10080384291135,4.0,Fig6 epsilon measured parameters,C:\Users\admin\Desktop\Blockchain_based DPKI platform\DPKI-and-DID-platform-Lenovo\chain33-dpki-real-experiment\outputs\real_sweeps\lambda_experiment\scout_aggressive_three_lambdap_120_100_90_r200_lambda20_blockms_120_lambda_18_r200,120.0,8.333333333333334
measured_point,20.0,0.7032912702270789,0.33067030274098186,0.5642811728727337,0.1,21.002694563193586,0.1,0.24691358024691357,0.3,15.93630848369082,6.7233486711738335,7.391764074687001,145.7606987127891,4.0,Fig6 epsilon measured parameters,C:\Users\admin\Desktop\Blockchain_based DPKI platform\DPKI-and-DID-platform-Lenovo\chain33-dpki-real-experiment\outputs\real_sweeps\lambda_experiment\scout_aggressive_three_lambdap_120_100_90_r200_lambda20_blockms_120_lambda_20_r200,120.0,8.333333333333334
plot_curve,2.0,0.1412449083297292,0.07429386570679292,0.149099165450997,,,,,,,,,,,,,120.0,
plot_curve,2.060200668896321,0.14286568120401355,0.07520648851298954,0.1474658052376036,,,,,,,,,,,,,120.0,
plot_curve,2.120401337792642,0.14445733901418695,0.07610082525430975,0.14586989562712344,,,,,,,,,,,,,120.0,
plot_curve,2.180602006688963,0.1460201875573049,0.07697705351232537,0.1443112669992121,,,,,,,,,,,,,120.0,
plot_curve,2.240802675585284,0.1475545326304227,0.07783535086860825,0.14278974973352498,,,,,,,,,,,,,120.0,
plot_curve,2.3010033444816056,0.14906068003059586,0.07867589490473029,0.1413051742097176,,,,,,,,,,,,,120.0,
plot_curve,2.361204013377926,0.15053893555487977,0.07949886320226326,0.13985737080744545,,,,,,,,,,,,,120.0,
plot_curve,2.4214046822742477,0.15198960500032987,0.08030443334277909,0.13844616990636396,,,,,,,,,,,,,120.0,
plot_curve,2.4816053511705687,0.15341299416400161,0.08109278290784955,0.1370714018861287,,,,,,,,,,,,,120.0,
plot_curve,2.5418060200668897,0.1548094088429504,0.08186408947904655,0.13573289712639508,,,,,,,,,,,,,120.0,
plot_curve,2.6020066889632107,0.15617915483423164,0.08261853063794192,0.13443048600681862,,,,,,,,,,,,,120.0,
plot_curve,2.6622073578595318,0.15752253793490079,0.0833562839661075,0.13316399890705477,,,,,,,,,,,,,120.0,
plot_curve,2.722408026755853,0.15883986394201327,0.08407752704511516,0.13193326620675902,,,,,,,,,,,,,120.0,
plot_curve,2.782608695652174,0.16013143865262447,0.08478243745653674,0.13073811828558687,,,,,,,,,,,,,120.0,
plot_curve,2.842809364548495,0.1613975678637899,0.08547119278194407,0.12957838552319384,,,,,,,,,,,,,120.0,
plot_curve,2.903010033444816,0.16263855737256488,0.08614397060290901,0.12845389829923531,,,,,,,,,,,,,120.0,
plot_curve,2.9632107023411374,0.16385471297600496,0.08680094850100344,0.12736448699336683,,,,,,,,,,,,,120.0,
plot_curve,3.023411371237458,0.16504634047116543,0.08744230405779917,0.1263099819852439,,,,,,,,,,,,,120.0,
plot_curve,3.0836120401337794,0.16621374565510183,0.08806821485486806,0.12529021365452198,,,,,,,,,,,,,120.0,
plot_curve,3.1438127090301005,0.16735723432486954,0.08867885847378196,0.1243050123808565,,,,,,,,,,,,,120.0,
plot_curve,3.2040133779264215,0.16847711227752393,0.08927441249611273,0.12335420854390305,,,,,,,,,,,,,120.0,
plot_curve,3.2642140468227425,0.16957368531012057,0.08985505450343222,0.122437632523317,,,,,,,,,,,,,120.0,
plot_curve,3.3244147157190636,0.17064725921971474,0.09042096207731226,0.12155511469875391,,,,,,,,,,,,,120.0,
plot_curve,3.3846153846153846,0.171698139803362,0.09097231279932472,0.12070648544986923,,,,,,,,,,,,,120.0,
plot_curve,3.4448160535117056,0.17272663285811762,0.0915092842510414,0.11989157515631844,,,,,,,,,,,,,120.0,
plot_curve,3.505016722408027,0.1737330441810372,0.09203205401403423,0.11911021419775705,,,,,,,,,,,,,120.0,
plot_curve,3.5652173913043477,0.17471767956917603,0.092540799669875,0.11836223295384052,,,,,,,,,,,,,120.0,
plot_curve,3.625418060200669,0.1756808448195896,0.09303569880013558,0.11764746180422432,,,,,,,,,,,,,120.0,
plot_curve,3.6856187290969897,0.1766228457293333,0.09351692898638783,0.11696573112856397,,,,,,,,,,,,,120.0,
plot_curve,3.745819397993311,0.17754398809546262,0.09398466781020358,0.11631687130651491,,,,,,,,,,,,,120.0,
plot_curve,3.8060200668896322,0.17844457771503291,0.09443909285315466,0.11570071271773265,,,,,,,,,,,,,120.0,
plot_curve,3.8662207357859533,0.17932492038509967,0.09488038169681297,0.11511708574187267,,,,,,,,,,,,,120.0,
plot_curve,3.9264214046822743,0.1801853219027183,0.09530871192275034,0.11456582075859045,,,,,,,,,,,,,120.0,
plot_curve,3.9866220735785953,0.1810260880649442,0.0957242611125386,0.11404674814754145,,,,,,,,,,,,,120.0,
plot_curve,4.046822742474916,0.18184752466883278,0.09612720684774959,0.1135596982883812,,,,,,,,,,,,,120.0,
plot_curve,4.107023411371237,0.18264993751143954,0.0965177267099552,0.11310450156076514,,,,,,,,,,,,,120.0,
plot_curve,4.167224080267559,0.18343363238981986,0.09689599828072729,0.11268098834434877,,,,,,,,,,,,,120.0,
plot_curve,4.2274247491638794,0.18419891510102915,0.09726219914163764,0.11228898901878756,,,,,,,,,,,,,120.0,
plot_curve,4.287625418060201,0.18494609144212293,0.09761650687425816,0.11192833396373701,,,,,,,,,,,,,120.0,
plot_curve,4.3478260869565215,0.1856754672101565,0.09795909906016065,0.1115988535588526,,,,,,,,,,,,,120.0,
plot_curve,4.408026755852843,0.18638734820218533,0.098290153280917,0.1113003781837898,,,,,,,,,,,,,120.0,
plot_curve,4.4682274247491645,0.18708204021526492,0.09860984711809906,0.11103273821820407,,,,,,,,,,,,,120.0,
plot_curve,4.528428093645485,0.1877598490464506,0.09891835815327868,0.11079576404175097,,,,,,,,,,,,,120.0,
plot_curve,4.588628762541806,0.18842108049279788,0.09921586396802767,0.11058928603408591,,,,,,,,,,,,,120.0,
plot_curve,4.648829431438127,0.1890660403513621,0.09950254214391793,0.1104131345748644,,,,,,,,,,,,,120.0,
plot_curve,4.709030100334449,0.18969503441919872,0.09977857026252127,0.1102671400437419,,,,,,,,,,,,,120.0,
plot_curve,4.769230769230769,0.1903083684933632,0.10004412590540954,0.11015113282037393,,,,,,,,,,,,,120.0,
plot_curve,4.82943143812709,0.19090634837091097,0.10029938665415461,0.11006494328441596,,,,,,,,,,,,,120.0,
plot_curve,4.889632107023411,0.1914892798488974,0.10054453009032832,0.11000840181552345,,,,,,,,,,,,,120.0,
plot_curve,4.949832775919733,0.19205746872437796,0.10077973379550254,0.10998133879335188,,,,,,,,,,,,,120.0,
plot_curve,5.010033444816054,0.19261122079440804,0.10100517535124909,0.10998358459755678,,,,,,,,,,,,,120.0,
plot_curve,5.070234113712375,0.1931508418560431,0.10122103233913982,0.11001496960779358,,,,,,,,,,,,,120.0,
plot_curve,5.130434782608695,0.19367663770633858,0.10142748234074658,0.11007532420371781,,,,,,,,,,,,,120.0,
plot_curve,5.190635451505017,0.19418891414234984,0.10162470293764125,0.11016447876498489,,,,,,,,,,,,,120.0,
plot_curve,5.250836120401338,0.19468797696113244,0.10181287171139569,0.11028226367125037,,,,,,,,,,,,,120.0,
plot_curve,5.311036789297659,0.19517413195974165,0.10199216624358168,0.11042850930216967,,,,,,,,,,,,,120.0,
plot_curve,5.3712374581939795,0.19564768493523294,0.1021627641157711,0.11060304603739833,,,,,,,,,,,,,120.0,
plot_curve,5.431438127090301,0.1961089416846618,0.10232484290953583,0.11080570425659181,,,,,,,,,,,,,120.0,
plot_curve,5.491638795986622,0.1965582080050836,0.10247858020644768,0.11103631433940558,,,,,,,,,,,,,120.0,
plot_curve,5.551839464882944,0.19699578969355386,0.1026241535880785,0.11129470666549512,,,,,,,,,,,,,120.0,
plot_curve,5.6120401337792645,0.19742199254712783,0.10276174063600019,0.11158071161451595,,,,,,,,,,,,,120.0,
plot_curve,5.672240802675585,0.1978371223628611,0.10289151893178453,0.11189415956612349,,,,,,,,,,,,,120.0,
plot_curve,5.7324414715719065,0.19824148493780896,0.1030136660570034,0.11223488089997329,,,,,,,,,,,,,120.0,
plot_curve,5.792642140468228,0.19863538606902703,0.10312835959322869,0.11260270599572077,,,,,,,,,,,,,120.0,
plot_curve,5.852842809364549,0.19901913155357054,0.10323577712203219,0.11299746523302147,,,,,,,,,,,,,120.0,
plot_curve,5.913043478260869,0.199393027188495,0.10333609622498577,0.11341898899153081,,,,,,,,,,,,,120.0,
plot_curve,5.973244147157191,0.19975737877085586,0.10342949448366129,0.11386710765090434,,,,,,,,,,,,,120.0,
plot_curve,6.033444816053512,0.20011249209770848,0.10351614947963056,0.1143416515907975,,,,,,,,,,,,,120.0,
plot_curve,6.093645484949833,0.20045867296610836,0.1035962387944655,0.1148424511908658,,,,,,,,,,,,,120.0,
plot_curve,6.153846153846154,0.2007962271731109,0.10366994000973787,0.11536933683076468,,,,,,,,,,,,,120.0,
plot_curve,6.214046822742475,0.20112546051577151,0.1037374307070196,0.11592213889014964,,,,,,,,,,,,,120.0,
plot_curve,6.274247491638796,0.20144667879114564,0.10379888846788252,0.11650068774867615,,,,,,,,,,,,,120.0,
plot_curve,6.334448160535117,0.20176018779628868,0.10385449087389842,0.11710481378599974,,,,,,,,,,,,,120.0,
plot_curve,6.394648829431438,0.2020662933282561,0.10390441550663923,0.11773434738177588,,,,,,,,,,,,,120.0,
plot_curve,6.454849498327759,0.20236530118410329,0.10394883994767673,0.11838911891566002,,,,,,,,,,,,,120.0,
plot_curve,6.51505016722408,0.2026575171608857,0.10398794177858284,0.11906895876730765,,,,,,,,,,,,,120.0,
plot_curve,6.575250836120402,0.20294324705565875,0.10402189858092936,0.1197736973163743,,,,,,,,,,,,,120.0,
plot_curve,6.635451505016722,0.20322279666547788,0.10405088793628817,0.12050316494251534,,,,,,,,,,,,,120.0,
plot_curve,6.695652173913044,0.2034964717873985,0.10407508742623106,0.12125719202538637,,,,,,,,,,,,,120.0,
plot_curve,6.7558528428093645,0.20376457821847604,0.10409467463232996,0.12203560894464284,,,,,,,,,,,,,120.0,
plot_curve,6.816053511705686,0.20402742175576588,0.10410982713615666,0.1228382460799402,,,,,,,,,,,,,120.0,
plot_curve,6.8762541806020065,0.20428530819632357,0.10412072251928306,0.12366493381093395,,,,,,,,,,,,,120.0,
plot_curve,6.936454849498328,0.2045385433372044,0.10412753836328095,0.12451550251727954,,,,,,,,,,,,,120.0,
plot_curve,6.996655518394649,0.20478743297546392,0.1041304522497222,0.1253897825786325,,,,,,,,,,,,,120.0,
plot_curve,7.05685618729097,0.20503228290815745,0.10412964176017867,0.12628760437464837,,,,,,,,,,,,,120.0,
plot_curve,7.117056856187291,0.20527339893234048,0.10412528447622221,0.1272087982849825,,,,,,,,,,,,,120.0,
plot_curve,7.177257525083612,0.2055110868450684,0.10411755797942468,0.12815319468929043,,,,,,,,,,,,,120.0,
plot_curve,7.237458193979934,0.2057456524433967,0.1041066398513579,0.12912062396722773,,,,,,,,,,,,,120.0,
plot_curve,7.297658862876254,0.20597740152438077,0.10409270767359374,0.1301109164984497,,,,,,,,,,,,,120.0,
plot_curve,7.357859531772576,0.20620663988507598,0.10407593902770404,0.13112390266261192,,,,,,,,,,,,,120.0,
plot_curve,7.418060200668896,0.20643367332253781,0.10405651149526063,0.13215941283936994,,,,,,,,,,,,,120.0,
plot_curve,7.478260869565218,0.20665880763382166,0.10403460265783543,0.13321727740837913,,,,,,,,,,,,,120.0,
plot_curve,7.538461538461538,0.20688234861598304,0.10401039009700025,0.134297326749295,,,,,,,,,,,,,120.0,
plot_curve,7.59866220735786,0.20710460206607734,0.10398405139432687,0.1353993912417731,,,,,,,,,,,,,120.0,
plot_curve,7.65886287625418,0.20732587378115985,0.10395576413138724,0.13652330126546885,,,,,,,,,,,,,120.0,
plot_curve,7.719063545150502,0.2075464695582862,0.10392570588975314,0.1376688872000377,,,,,,,,,,,,,120.0,
plot_curve,7.7792642140468224,0.20776669519451174,0.10389405425099649,0.1388359794251352,,,,,,,,,,,,,120.0,
plot_curve,7.839464882943144,0.2079868564868918,0.10386098679668909,0.14002440832041685,,,,,,,,,,,,,120.0,
plot_curve,7.899665551839465,0.20820725923248196,0.10382668110840279,0.141234004265538,,,,,,,,,,,,,120.0,
plot_curve,7.959866220735786,0.20842820922833755,0.10379131476770945,0.14246459764015437,,,,,,,,,,,,,120.0,
plot_curve,8.020066889632108,0.20865001227151408,0.10375506535618093,0.14371601882392115,,,,,,,,,,,,,120.0,
plot_curve,8.080267558528428,0.2088729741590668,0.10371811045538898,0.14498809819649405,,,,,,,,,,,,,120.0,
plot_curve,8.14046822742475,0.20909740068805133,0.10368062764690561,0.1462806661375284,,,,,,,,,,,,,120.0,
plot_curve,8.20066889632107,0.20932359765552305,0.1036427945123026,0.14759355302667987,,,,,,,,,,,,,120.0,
plot_curve,8.26086956521739,0.20955187085853738,0.10360478863315178,0.14892658924360375,,,,,,,,,,,,,120.0,
plot_curve,8.321070234113712,0.2097825260941496,0.103566787591025,0.15027960516795558,,,,,,,,,,,,,120.0,
plot_curve,8.381270903010034,0.2100158691594154,0.10352896896749408,0.15165243117939087,,,,,,,,,,,,,120.0,
plot_curve,8.441471571906355,0.21025220585138998,0.10349151034413098,0.15304489765756524,,,,,,,,,,,,,120.0,
plot_curve,8.501672240802677,0.21049184196712895,0.10345458930250748,0.1544568349821338,,,,,,,,,,,,,120.0,
plot_curve,8.561872909698998,0.21073508330368762,0.10341838342419543,0.15588807353275236,,,,,,,,,,,,,120.0,
plot_curve,8.622073578595318,0.2109822356581214,0.10338307029076665,0.15733844368907624,,,,,,,,,,,,,120.0,
plot_curve,8.68227424749164,0.21123360482748577,0.10334882748379304,0.15880777583076117,,,,,,,,,,,,,120.0,
plot_curve,8.742474916387959,0.2114894966088362,0.10331583258484639,0.16029590033746213,,,,,,,,,,,,,120.0,
plot_curve,8.80267558528428,0.211750216799228,0.10328426317549863,0.16180264758883517,,,,,,,,,,,,,120.0,
plot_curve,8.862876254180602,0.2120160711957167,0.10325429683732157,0.1633278479645354,,,,,,,,,,,,,120.0,
plot_curve,8.923076923076923,0.21228736559535766,0.10322611115188704,0.16487133184421857,,,,,,,,,,,,,120.0,
plot_curve,8.983277591973245,0.2125644057952063,0.10319988370076688,0.16643292960753986,,,,,,,,,,,,,120.0,
plot_curve,9.043478260869566,0.2128474975923182,0.10317579206553298,0.16801247163415495,,,,,,,,,,,,,120.0,
plot_curve,9.103678929765888,0.21313694678374856,0.10315401382775716,0.1696097883037193,,,,,,,,,,,,,120.0,
plot_curve,9.163879598662207,0.21343305916655292,0.10313472656901135,0.1712247099958883,,,,,,,,,,,,,120.0,
plot_curve,9.224080267558529,0.21373614053778672,0.10311810787086728,0.17285706709031762,,,,,,,,,,,,,120.0,
plot_curve,9.284280936454849,0.21404649669450537,0.10310433531489685,0.17450668996666258,,,,,,,,,,,,,120.0,
plot_curve,9.34448160535117,0.21436443343376432,0.10309358648267189,0.17617340900457862,,,,,,,,,,,,,120.0,
plot_curve,9.404682274247492,0.21469025655261892,0.10308603895576429,0.17785705458372136,,,,,,,,,,,,,120.0,
plot_curve,9.464882943143813,0.21502427184812467,0.10308187031574592,0.1795574570837463,,,,,,,,,,,,,120.0,
plot_curve,9.525083612040135,0.21536678511733703,0.10308125814418853,0.18127444688430883,,,,,,,,,,,,,120.0,
plot_curve,9.585284280936456,0.2157181021573113,0.1030843800226641,0.18300785436506445,,,,,,,,,,,,,120.0,
plot_curve,9.645484949832776,0.21607852876510303,0.10309141353274437,0.18475750990566853,,,,,,,,,,,,,120.0,
plot_curve,9.705685618729097,0.21644837073776751,0.10310253625600116,0.18652324388577682,,,,,,,,,,,,,120.0,
plot_curve,9.765886287625419,0.21682793387236038,0.10311792577400647,0.18830488668504458,,,,,,,,,,,,,120.0,
plot_curve,9.826086956521738,0.21721752396593685,0.10313775966833205,0.1901022686831274,,,,,,,,,,,,,120.0,
plot_curve,9.88628762541806,0.2176174468155524,0.10316221552054977,0.19191522025968072,,,,,,,,,,,,,120.0,
plot_curve,9.946488294314381,0.21802800821826251,0.10319147091223141,0.19374357179436003,,,,,,,,,,,,,120.0,
plot_curve,10.006688963210703,0.21844951397112267,0.10322570342494894,0.19558715366682086,,,,,,,,,,,,,120.0,
plot_curve,10.066889632107024,0.2188822698711882,0.10326509064027412,0.19744579625671863,,,,,,,,,,,,,120.0,
plot_curve,10.127090301003344,0.2193265817155145,0.10330981013977888,0.19931932994370877,,,,,,,,,,,,,120.0,
plot_curve,10.187290969899665,0.2197827553011571,0.10336003950503503,0.2012075851074468,,,,,,,,,,,,,120.0,
plot_curve,10.247491638795987,0.22025109642517138,0.10341595631761433,0.20311039212758836,,,,,,,,,,,,,120.0,
plot_curve,10.307692307692308,0.22073191088461275,0.10347773815908876,0.20502758138378877,,,,,,,,,,,,,120.0,
plot_curve,10.36789297658863,0.2212255044765366,0.1035455626110301,0.20695898325570355,,,,,,,,,,,,,120.0,
plot_curve,10.42809364548495,0.22173218299799846,0.10361960725501024,0.20890442812298807,,,,,,,,,,,,,120.0,
plot_curve,10.488294314381271,0.22225225224605372,0.10370004967260102,0.21086374636529806,,,,,,,,,,,,,120.0,
plot_curve,10.548494983277592,0.22278601801775777,0.10378706744537425,0.21283676836228882,,,,,,,,,,,,,120.0,
plot_curve,10.608695652173914,0.22333378611016608,0.10388083815490182,0.21482332449361585,,,,,,,,,,,,,120.0,
plot_curve,10.668896321070234,0.22389586232033398,0.10398153938275556,0.2168232451389346,,,,,,,,,,,,,120.0,
plot_curve,10.729096989966555,0.224472552445317,0.10408934871050729,0.2188363606779008,,,,,,,,,,,,,120.0,
plot_curve,10.789297658862877,0.22506416228217052,0.10420444371972895,0.22086250149016964,,,,,,,,,,,,,120.0,
plot_curve,10.849498327759198,0.22567099762795007,0.1043270019919923,0.2229014979553967,,,,,,,,,,,,,120.0,
plot_curve,10.909698996655518,0.22629336427971097,0.10445720110886925,0.22495318045323737,,,,,,,,,,,,,120.0,
plot_curve,10.96989966555184,0.2269315680345086,0.10459521865193158,0.22701737936334737,,,,,,,,,,,,,120.0,
plot_curve,11.03010033444816,0.22758591468939848,0.10474123220275122,0.22909392506538204,,,,,,,,,,,,,120.0,
plot_curve,11.090301003344482,0.22825671004143605,0.10489541934289995,0.2311826479389968,,,,,,,,,,,,,120.0,
plot_curve,11.150501672240804,0.2289442598876767,0.10505795765394968,0.23328337836384727,,,,,,,,,,,,,120.0,
plot_curve,11.210702341137123,0.2296488700251758,0.10522902471747222,0.23539594671958872,,,,,,,,,,,,,120.0,
plot_curve,11.270903010033445,0.23037084625098891,0.10540879811503942,0.23752018338587694,,,,,,,,,,,,,120.0,
plot_curve,11.331103678929766,0.2311104943621713,0.10559745542822313,0.23965591874236716,,,,,,,,,,,,,120.0,
plot_curve,11.391304347826088,0.2318681201557785,0.10579517423859525,0.24180298316871499,,,,,,,,,,,,,120.0,
plot_curve,11.451505016722408,0.23264402942886592,0.10600213212772752,0.24396120704457577,,,,,,,,,,,,,120.0,
plot_curve,11.511705685618729,0.2334385279784889,0.10621850667719193,0.24613042074960517,,,,,,,,,,,,,120.0,
plot_curve,11.57190635451505,0.2342519216017031,0.10644447546856017,0.24831045466345858,,,,,,,,,,,,,120.0,
plot_curve,11.632107023411372,0.2350845160955637,0.10668021608340425,0.25050113916579153,,,,,,,,,,,,,120.0,
plot_curve,11.692307692307693,0.23593661725712628,0.10692590610329591,0.25270230463625926,,,,,,,,,,,,,120.0,
plot_curve,11.752508361204013,0.2368085308834461,0.10718172310980706,0.25491378145451765,,,,,,,,,,,,,120.0,
plot_curve,11.812709030100335,0.23770056277157886,0.10744784468450946,0.2571354000002219,,,,,,,,,,,,,120.0,
plot_curve,11.872909698996656,0.2386130187185797,0.1077244484089751,0.25936699065302765,,,,,,,,,,,,,120.0,
plot_curve,11.933110367892978,0.2395462045215042,0.10801171186477568,0.26160838379259016,,,,,,,,,,,,,120.0,
plot_curve,11.993311036789297,0.24050042597740773,0.10830981263348316,0.26385940979856515,,,,,,,,,,,,,120.0,
plot_curve,12.053511705685619,0.2414759888833457,0.10861892829666936,0.26611989905060796,,,,,,,,,,,,,120.0,
plot_curve,12.11371237458194,0.24247319903637365,0.10893923643590606,0.26838968192837426,,,,,,,,,,,,,120.0,
plot_curve,12.173913043478262,0.24349236223354698,0.10927091463276523,0.2706685888115193,,,,,,,,,,,,,120.0,
plot_curve,12.234113712374581,0.2445337842719209,0.1096141404688186,0.2729564500796987,,,,,,,,,,,,,120.0,
plot_curve,12.294314381270903,0.24559777094855118,0.10996909152563816,0.2752530961125678,,,,,,,,,,,,,120.0,
plot_curve,12.354515050167224,0.24668462806049302,0.1103359453847956,0.2775583572897824,,,,,,,,,,,,,120.0,
plot_curve,12.414715719063546,0.24779466140480189,0.11071487962786289,0.2798720639909975,,,,,,,,,,,,,120.0,
plot_curve,12.474916387959867,0.24892817677853324,0.1111060718364118,0.282194046595869,,,,,,,,,,,,,120.0,
plot_curve,12.535117056856187,0.2500854799787425,0.11150969959201426,0.2845241354840522,,,,,,,,,,,,,120.0,
plot_curve,12.595317725752508,0.251266876802485,0.11192594047624202,0.2868621610352028,,,,,,,,,,,,,120.0,
plot_curve,12.65551839464883,0.25247267304681636,0.11235497207066703,0.2892079536289757,,,,,,,,,,,,,120.0,
plot_curve,12.715719063545151,0.2537031745087919,0.11279697195686103,0.2915613436450271,,,,,,,,,,,,,120.0,
plot_curve,12.775919732441471,0.2549586869854669,0.11325211771639601,0.293922161463012,,,,,,,,,,,,,120.0,
plot_curve,12.836120401337793,0.25623951627389707,0.11372058693084369,0.2962902374625862,,,,,,,,,,,,,120.0,
plot_curve,12.896321070234114,0.2575459681711377,0.11420255718177597,0.29866540202340486,,,,,,,,,,,,,120.0,
plot_curve,12.956521739130435,0.258878348474244,0.1146982060507647,0.30104748552512367,,,,,,,,,,,,,120.0,
plot_curve,13.016722408026757,0.2602369629802718,0.11520771111938177,0.30343631834739815,,,,,,,,,,,,,120.0,
plot_curve,13.076923076923077,0.26162211748627623,0.11573124996919892,0.3058317308698836,,,,,,,,,,,,,120.0,
plot_curve,13.137123745819398,0.26303411778931296,0.1162690001817881,0.30823355347223563,,,,,,,,,,,,,120.0,
plot_curve,13.19732441471572,0.2644732696864372,0.11682113933872115,0.3106416165341098,,,,,,,,,,,,,120.0,
plot_curve,13.257525083612041,0.2659398789747045,0.11738784502156988,0.31305575043516143,,,,,,,,,,,,,120.0,
plot_curve,13.31772575250836,0.26743425145117017,0.11796929481190613,0.3154757855550459,,,,,,,,,,,,,120.0,
plot_curve,13.377926421404682,0.2689566929128898,0.11856566629130183,0.3179015522734191,,,,,,,,,,,,,120.0,
plot_curve,13.438127090301004,0.2705075091569187,0.1191771370413287,0.3203328809699362,,,,,,,,,,,,,120.0,
plot_curve,13.498327759197325,0.2720870059803123,0.1198038846435587,0.3227696020242527,,,,,,,,,,,,,120.0,
plot_curve,13.558528428093645,0.27369548918012604,0.12044608667956361,0.3252115458160241,,,,,,,,,,,,,120.0,
plot_curve,13.618729096989966,0.2753332645534154,0.12110392073091539,0.32765854272490597,,,,,,,,,,,,,120.0,
plot_curve,13.678929765886288,0.2770006378972357,0.12177756437918572,0.33011042313055367,,,,,,,,,,,,,120.0,
plot_curve,13.73913043478261,0.2786979150086425,0.12246719520594665,0.33256701741262285,,,,,,,,,,,,,120.0,
plot_curve,13.79933110367893,0.28042540168469116,0.1231729907927698,0.33502815595076896,,,,,,,,,,,,,120.0,
plot_curve,13.85953177257525,0.28218340372243705,0.12389512872122718,0.3374936691246471,,,,,,,,,,,,,120.0,
plot_curve,13.919732441471572,0.2839722269189357,0.12463378657289065,0.3399633873139133,,,,,,,,,,,,,120.0,
plot_curve,13.979933110367893,0.2857921770712425,0.12538914192933195,0.34243714089822286,,,,,,,,,,,,,120.0,
plot_curve,14.040133779264215,0.28764355997641283,0.12616137237212302,0.3449147602572311,,,,,,,,,,,,,120.0,
plot_curve,14.100334448160535,0.2895266814315021,0.1269506554828356,0.3473960757705935,,,,,,,,,,,,,120.0,
plot_curve,14.160535117056856,0.2914418472335659,0.12775716884304167,0.3498809178179658,,,,,,,,,,,,,120.0,
plot_curve,14.220735785953178,0.2933893631796595,0.12858109003431303,0.3523691167790034,,,,,,,,,,,,,120.0,
plot_curve,14.280936454849499,0.2953695350668384,0.12942259663822153,0.35486050303336164,,,,,,,,,,,,,120.0,
plot_curve,14.34113712374582,0.29738266869215796,0.130281866236339,0.35735490696069616,,,,,,,,,,,,,120.0,
plot_curve,14.40133779264214,0.29942906985267365,0.13115907641023727,0.35985215894066214,,,,,,,,,,,,,120.0,
plot_curve,14.461538461538462,0.3015090443454409,0.1320544047414883,0.36235208935291546,,,,,,,,,,,,,120.0,
plot_curve,14.521739130434783,0.303622897967515,0.13296802881166384,0.3648545285771115,,,,,,,,,,,,,120.0,
plot_curve,14.581939799331105,0.30577093651595166,0.13390012620233577,0.36735930699290553,,,,,,,,,,,,,120.0,
plot_curve,14.642140468227424,0.3079534657878061,0.13485087449507585,0.36986625497995307,,,,,,,,,,,,,120.0,
plot_curve,14.702341137123746,0.3101707915801339,0.13582045127145606,0.37237520291790993,,,,,,,,,,,,,120.0,
plot_curve,14.762541806020067,0.3124232196899903,0.13680903411304815,0.37488598118643135,,,,,,,,,,,,,120.0,
plot_curve,14.822742474916389,0.3147110559144309,0.13781680060142412,0.3773984201651728,,,,,,,,,,,,,120.0,
plot_curve,14.88294314381271,0.3170346060505109,0.13884392831815567,0.3799123502337898,,,,,,,,,,,,,120.0,
plot_curve,14.94314381270903,0.3193941758952859,0.13989059484481461,0.3824276017719377,,,,,,,,,,,,,120.0,
plot_curve,15.003344481605351,0.3217900712458114,0.14095697776297303,0.3849440051592721,,,,,,,,,,,,,120.0,
plot_curve,15.063545150501673,0.32422259789914265,0.1420432546542026,0.3874613907754486,,,,,,,,,,,,,120.0,
plot_curve,15.123745819397994,0.32669206165233516,0.14314960310007502,0.3899795890001224,,,,,,,,,,,,,120.0,
plot_curve,15.183946488294314,0.3291987683024443,0.14427620068216246,0.3924984302129494,,,,,,,,,,,,,120.0,
plot_curve,15.244147157190636,0.3317430236465256,0.14542322498203655,0.3950177447935846,,,,,,,,,,,,,120.0,
plot_curve,15.304347826086957,0.3343251334816344,0.1465908535812693,0.3975373631216841,,,,,,,,,,,,,120.0,
plot_curve,15.364548494983278,0.3369454036048262,0.14777926406143246,0.4000571155769025,,,,,,,,,,,,,120.0,
plot_curve,15.424749163879598,0.3396041398131563,0.14898863400409781,0.40257683253889626,,,,,,,,,,,,,120.0,
plot_curve,15.48494983277592,0.3423016479036803,0.15021914099083736,0.40509634438732,,,,,,,,,,,,,120.0,
plot_curve,15.545150501672241,0.3450382336734535,0.15147096260322288,0.40761548150182997,,,,,,,,,,,,,120.0,
plot_curve,15.605351170568563,0.34781420291953136,0.1527442764228261,0.41013407426208087,,,,,,,,,,,,,120.0,
plot_curve,15.665551839464884,0.3506298614389693,0.1540392600312191,0.41265195304772895,,,,,,,,,,,,,120.0,
plot_curve,15.725752508361204,0.35348551502882275,0.15535609100997355,0.41516894823842887,,,,,,,,,,,,,120.0,
plot_curve,15.785953177257525,0.3563814694861472,0.15669494694066144,0.4176848902138371,,,,,,,,,,,,,120.0,
plot_curve,15.846153846153847,0.359318030607998,0.1580560054048545,0.4201996093536081,,,,,,,,,,,,,120.0,
plot_curve,15.906354515050168,0.36229550419143053,0.15943944398412468,0.42271293603739835,,,,,,,,,,,,,120.0,
plot_curve,15.966555183946488,0.3653141960335003,0.1608454402600437,0.4252247006448623,,,,,,,,,,,,,120.0,
plot_curve,16.02675585284281,0.36837441193126275,0.16227417181418355,0.4277347335556564,,,,,,,,,,,,,120.0,
plot_curve,16.086956521739133,0.37147645768177323,0.163725816228116,0.43024286514943544,,,,,,,,,,,,,120.0,
plot_curve,16.147157190635454,0.3746206390820873,0.16520055108341292,0.4327489258058552,,,,,,,,,,,,,120.0,
plot_curve,16.207357859531776,0.3778072619292603,0.16669855396164607,0.4352527459045712,,,,,,,,,,,,,120.0,
plot_curve,16.267558528428093,0.38103663202034743,0.16822000244438737,0.43775415582523847,,,,,,,,,,,,,120.0,
plot_curve,16.327759197324415,0.38430905515240454,0.16976507411320876,0.4402529859475132,,,,,,,,,,,,,120.0,
plot_curve,16.387959866220736,0.3876248371224869,0.1713339465496819,0.44274906665105057,,,,,,,,,,,,,120.0,
plot_curve,16.448160535117058,0.3909842837276499,0.1729267973353789,0.445242228315506,,,,,,,,,,,,,120.0,
plot_curve,16.508361204013376,0.39438770076494867,0.17454380405187137,0.4477323013205347,,,,,,,,,,,,,120.0,
plot_curve,16.568561872909697,0.39783539403143925,0.1761851442807313,0.4502191160457928,,,,,,,,,,,,,120.0,
plot_curve,16.62876254180602,0.4013276693241767,0.17785099560353035,0.45270250287093516,,,,,,,,,,,,,120.0,
plot_curve,16.68896321070234,0.4048648324402165,0.1795415356018407,0.4551822921756178,,,,,,,,,,,,,120.0,
plot_curve,16.74916387959866,0.4084471891766142,0.18125694185723396,0.4576583143394959,,,,,,,,,,,,,120.0,
plot_curve,16.809364548494983,0.4120750453304248,0.18299739195128198,0.4601303997422248,,,,,,,,,,,,,120.0,
plot_curve,16.869565217391305,0.41574870669870406,0.18476306346555657,0.4625983787634604,,,,,,,,,,,,,120.0,
plot_curve,16.929765886287626,0.41946847907850765,0.18655413398162982,0.4650620817828577,,,,,,,,,,,,,120.0,
plot_curve,16.989966555183948,0.4232346682668905,0.18837078108107339,0.46752133918007244,,,,,,,,,,,,,120.0,
plot_curve,17.05016722408027,0.4270475800609084,0.1902131823454592,0.46997598133476004,,,,,,,,,,,,,120.0,
plot_curve,17.11036789297659,0.43090752025761647,0.1920815153563589,0.4724258386265764,,,,,,,,,,,,,120.0,
plot_curve,17.170568561872912,0.4348147946540706,0.1939759576953446,0.4748707414351763,,,,,,,,,,,,,120.0,
plot_curve,17.230769230769234,0.43876970904732554,0.19589668694398812,0.4773105201402156,,,,,,,,,,,,,120.0,
plot_curve,17.29096989966555,0.44277256923443714,0.19784388068386105,0.47974500512134977,,,,,,,,,,,,,120.0,
plot_curve,17.351170568561873,0.4468236810124608,0.19981771649653546,0.4821740267582342,,,,,,,,,,,,,120.0,
plot_curve,17.411371237458194,0.45092335017845214,0.2018183719635833,0.4845974154305245,,,,,,,,,,,,,120.0,
plot_curve,17.471571906354516,0.4550718825294662,0.20384602466657628,0.487015001517876,,,,,,,,,,,,,120.0,
plot_curve,17.531772575250837,0.45926958386255873,0.20590085218708626,0.48942661539994436,,,,,,,,,,,,,120.0,
plot_curve,17.591973244147155,0.46351675997478453,0.20798303210668478,0.49183208745638496,,,,,,,,,,,,,120.0,
plot_curve,17.652173913043477,0.46781371666320004,0.2100927420069443,0.49423124806685315,,,,,,,,,,,,,120.0,
plot_curve,17.712374581939798,0.4721607597248598,0.21223015946943635,0.4966239276110047,,,,,,,,,,,,,120.0,
plot_curve,17.77257525083612,0.47655819495682,0.21439546207573282,0.499009956468495,,,,,,,,,,,,,120.0,
plot_curve,17.83277591973244,0.4810063281561353,0.21658882740740537,0.5013891650189792,,,,,,,,,,,,,120.0,
plot_curve,17.892976588628763,0.4855054651198618,0.21881043304602615,0.5037613836421133,,,,,,,,,,,,,120.0,
plot_curve,17.953177257525084,0.49005591164505435,0.22106045657316686,0.5061264427175526,,,,,,,,,,,,,120.0,
plot_curve,18.013377926421406,0.49465797352876884,0.2233390755703994,0.5084841726249526,,,,,,,,,,,,,120.0,
plot_curve,18.073578595317727,0.49931195656806027,0.2256464676192954,0.5108344037439684,,,,,,,,,,,,,120.0,
plot_curve,18.13377926421405,0.5040181665599844,0.22798281030142706,0.5131769664542557,,,,,,,,,,,,,120.0,
plot_curve,18.19397993311037,0.5087769093015965,0.23034828119836603,0.5155116911354705,,,,,,,,,,,,,120.0,
plot_curve,18.254180602006688,0.5135884905899519,0.23274305789168392,0.5178384081672674,,,,,,,,,,,,,120.0,
plot_curve,18.31438127090301,0.5184532162221063,0.23516731796295312,0.5201569479293026,,,,,,,,,,,,,120.0,
plot_curve,18.37458193979933,0.5233713919951152,0.2376212389937452,0.5224671408012315,,,,,,,,,,,,,120.0,
plot_curve,18.434782608695652,0.5283433237060335,0.24010499856563208,0.5247688171627091,,,,,,,,,,,,,120.0,
plot_curve,18.494983277591974,0.533369317151917,0.24261877426018533,0.5270618073933911,,,,,,,,,,,,,120.0,
plot_curve,18.555183946488295,0.5384496781298214,0.24516274365897717,0.5293459418729333,,,,,,,,,,,,,120.0,
plot_curve,18.615384615384617,0.5435847124368015,0.24773708434357933,0.5316210509809909,,,,,,,,,,,,,120.0,
plot_curve,18.67558528428094,0.5487747258699133,0.25034197389556356,0.5338869650972196,,,,,,,,,,,,,120.0,
plot_curve,18.73578595317726,0.5540200242262115,0.2529775898965017,0.5361435146012745,,,,,,,,,,,,,120.0,
plot_curve,18.795986622073578,0.5593209133027522,0.25564410992796566,0.538390529872811,,,,,,,,,,,,,120.0,
plot_curve,18.8561872909699,0.5646776988965906,0.2583417115715274,0.5406278412914856,,,,,,,,,,,,,120.0,
plot_curve,18.91638795986622,0.5700906868047824,0.2610705724087587,0.5428552792369526,,,,,,,,,,,,,120.0,
plot_curve,18.976588628762542,0.5755601828243824,0.26383087002123123,0.5450726740888677,,,,,,,,,,,,,120.0,
plot_curve,19.036789297658864,0.5810864927524467,0.26662278199051714,0.547279856226887,,,,,,,,,,,,,120.0,
plot_curve,19.096989966555185,0.5866699223860302,0.2694464858981881,0.5494766560306656,,,,,,,,,,,,,120.0,
plot_curve,19.157190635451506,0.5923107775221887,0.27230215932581603,0.5516629038798591,,,,,,,,,,,,,120.0,
plot_curve,19.217391304347828,0.5980093639579774,0.27518997985497257,0.5538384301541225,,,,,,,,,,,,,120.0,
plot_curve,19.277591973244146,0.6037659874904516,0.2781101250672297,0.5560030652331118,,,,,,,,,,,,,120.0,
plot_curve,19.337792642140467,0.609580953916667,0.28106277254415946,0.5581566394964822,,,,,,,,,,,,,120.0,
plot_curve,19.39799331103679,0.6154545690336792,0.2840480998673336,0.5602989833238894,,,,,,,,,,,,,120.0,
plot_curve,19.45819397993311,0.6213871386385431,0.28706628461832373,0.5624299270949891,,,,,,,,,,,,,120.0,
plot_curve,19.51839464882943,0.6273789685283149,0.29011750437870204,0.5645493011894364,,,,,,,,,,,,,120.0,
plot_curve,19.578595317725753,0.633430364500049,0.2932019367300402,0.5666569359868866,,,,,,,,,,,,,120.0,
plot_curve,19.638795986622075,0.6395416323508017,0.29631975925391013,0.5687526618669957,,,,,,,,,,,,,120.0,
plot_curve,19.698996655518396,0.6457130778776279,0.2994711495318834,0.5708363092094187,,,,,,,,,,,,,120.0,
plot_curve,19.759197324414718,0.6519450068775834,0.30265628514553233,0.5729077083938114,,,,,,,,,,,,,120.0,
plot_curve,19.819397993311036,0.6582377251477228,0.3058753436764283,0.5749666897998291,,,,,,,,,,,,,120.0,
plot_curve,19.879598662207357,0.6645915384851028,0.30912850270614345,0.5770130838071275,,,,,,,,,,,,,120.0,
plot_curve,19.93979933110368,0.6710067526867779,0.3124159398162497,0.5790467207953619,,,,,,,,,,,,,120.0,
plot_curve,20.0,0.6774836735498042,0.3157378325883188,0.5810674311441881,,,,,,,,,,,,,120.0,
plot_curve,2.0,0.14683156716525309,0.08399822958656879,0.11699801743338575,,,,,,,,,,,,,100.0,
plot_curve,2.060200668896321,0.14730895032640803,0.08408759496091793,0.1177675972118696,,,,,,,,,,,,,100.0,
plot_curve,2.120401337792642,0.14778519893594064,0.0841780465455993,0.11852272972751399,,,,,,,,,,,,,100.0,
plot_curve,2.180602006688963,0.14826037429985256,0.08426960534380758,0.11926354537208489,,,,,,,,,,,,,100.0,
plot_curve,2.240802675585284,0.14873453772414547,0.08436229235873749,0.11999017453734828,,,,,,,,,,,,,100.0,
plot_curve,2.3010033444816056,0.14920775051482102,0.08445612859358376,0.12070274761507012,,,,,,,,,,,,,100.0,
plot_curve,2.361204013377926,0.14968007397788083,0.08455113505154109,0.12140139499701638,,,,,,,,,,,,,100.0,
plot_curve,2.4214046822742477,0.1501515694193266,0.08464733273580419,0.12208624707495308,,,,,,,,,,,,,100.0,
plot_curve,2.4816053511705687,0.15062229814515998,0.08474474264956777,0.12275743424064614,,,,,,,,,,,,,100.0,
plot_curve,2.5418060200668897,0.15109232146138263,0.08484338579602654,0.12341508688586157,,,,,,,,,,,,,100.0,
plot_curve,2.6020066889632107,0.15156170067399619,0.08494328317837521,0.12405933540236533,,,,,,,,,,,,,100.0,
plot_curve,2.6622073578595318,0.15203049708900232,0.08504445579980852,0.12469031018192339,,,,,,,,,,,,,100.0,
plot_curve,2.722408026755853,0.15249877201240272,0.08514692466352114,0.12530814161630177,,,,,,,,,,,,,100.0,
plot_curve,2.782608695652174,0.152966586750199,0.0852507107727078,0.12591296009726638,,,,,,,,,,,,,100.0,
plot_curve,2.842809364548495,0.15343400260839285,0.0853558351305632,0.12650489601658327,,,,,,,,,,,,,100.0,
plot_curve,2.903010033444816,0.1539010808929859,0.08546231874028208,0.12708407976601832,,,,,,,,,,,,,100.0,
plot_curve,2.9632107023411374,0.15436788290997983,0.08557018260505912,0.1276506417373376,,,,,,,,,,,,,100.0,
plot_curve,3.023411371237458,0.1548344699653763,0.08567944772808905,0.128204712322307,,,,,,,,,,,,,100.0,
plot_curve,3.0836120401337794,0.15530090336517696,0.08579013511256658,0.12874642191269262,,,,,,,,,,,,,100.0,
plot_curve,3.1438127090301005,0.15576724441538345,0.08590226576168641,0.12927590090026028,,,,,,,,,,,,,100.0,
plot_curve,3.2040133779264215,0.15623355442199746,0.08601586067864327,0.12979327967677606,,,,,,,,,,,,,100.0,
plot_curve,3.2642140468227425,0.15669989469102066,0.08613094086663184,0.1302986886340059,,,,,,,,,,,,,100.0,
plot_curve,3.3244147157190636,0.15716632652845466,0.08624752732884686,0.13079225816371579,,,,,,,,,,,,,100.0,
plot_curve,3.3846153846153846,0.15763291124030115,0.08636564106848303,0.1312741186576717,,,,,,,,,,,,,100.0,
plot_curve,3.4448160535117056,0.15809971013256177,0.08648530308873507,0.13174440050763958,,,,,,,,,,,,,100.0,
plot_curve,3.505016722408027,0.15856678451123823,0.08660653439279768,0.13220323410538548,,,,,,,,,,,,,100.0,
plot_curve,3.5652173913043477,0.1590341956823321,0.08672935598386558,0.13265074984267528,,,,,,,,,,,,,100.0,
plot_curve,3.625418060200669,0.1595020049518451,0.08685378886513348,0.13308707811127501,,,,,,,,,,,,,100.0,
plot_curve,3.6856187290969897,0.1599702736257789,0.08697985403979609,0.13351234930295064,,,,,,,,,,,,,100.0,
plot_curve,3.745819397993311,0.16043906301013514,0.08710757251104811,0.13392669380946814,,,,,,,,,,,,,100.0,
plot_curve,3.8060200668896322,0.16090843441091543,0.08723696528208427,0.13433024202259347,,,,,,,,,,,,,100.0,
plot_curve,3.8662207357859533,0.1613784491341215,0.08736805335609928,0.13472312433409264,,,,,,,,,,,,,100.0,
plot_curve,3.9264214046822743,0.16184916848575498,0.08750085773628784,0.1351054711357316,,,,,,,,,,,,,100.0,
plot_curve,3.9866220735785953,0.1623206537718175,0.08763539942584465,0.13547741281927633,,,,,,,,,,,,,100.0,
plot_curve,4.046822742474916,0.16279296629831078,0.08777169942796445,0.13583907977649282,,,,,,,,,,,,,100.0,
plot_curve,4.107023411371237,0.16326616737123645,0.08790977874584194,0.13619060239914704,,,,,,,,,,,,,100.0,
plot_curve,4.167224080267559,0.16374031829659613,0.08804965838267183,0.13653211107900495,,,,,,,,,,,,,100.0,
plot_curve,4.2274247491638794,0.16421548038039155,0.08819135934164883,0.13686373620783251,,,,,,,,,,,,,100.0,
plot_curve,4.287625418060201,0.1646917149286243,0.08833490262596766,0.13718560817739575,,,,,,,,,,,,,100.0,
plot_curve,4.3478260869565215,0.1651690832472961,0.08848030923882301,0.1374978573794606,,,,,,,,,,,,,100.0,
plot_curve,4.408026755852843,0.16564764664240855,0.08862760018340962,0.13780061420579306,,,,,,,,,,,,,100.0,
plot_curve,4.4682274247491645,0.16612746641996334,0.08877679646292218,0.1380940090481591,,,,,,,,,,,,,100.0,
plot_curve,4.528428093645485,0.16660860388596213,0.0889279190805554,0.1383781722983247,,,,,,,,,,,,,100.0,
plot_curve,4.588628762541806,0.16709112034640658,0.08908098903950401,0.13865323434805582,,,,,,,,,,,,,100.0,
plot_curve,4.648829431438127,0.16757507710729833,0.08923602734296271,0.13891932558911843,,,,,,,,,,,,,100.0,
plot_curve,4.709030100334449,0.16806053547463906,0.08939305499412621,0.13917657641327852,,,,,,,,,,,,,100.0,
plot_curve,4.769230769230769,0.16854755675443042,0.08955209299618921,0.13942511721230208,,,,,,,,,,,,,100.0,
plot_curve,4.82943143812709,0.16903620225267404,0.08971316235234646,0.13966507837795505,,,,,,,,,,,,,100.0,
plot_curve,4.889632107023411,0.16952653327537165,0.08987628406579264,0.13989659030200347,,,,,,,,,,,,,100.0,
plot_curve,4.949832775919733,0.17001861112852484,0.09004147913972246,0.14011978337621322,,,,,,,,,,,,,100.0,
plot_curve,5.010033444816054,0.1705124971181353,0.09020876857733064,0.14033478799235036,,,,,,,,,,,,,100.0,
plot_curve,5.070234113712375,0.17100825255020466,0.0903781733818119,0.14054173454218083,,,,,,,,,,,,,100.0,
plot_curve,5.130434782608695,0.1715059387307346,0.09054971455636092,0.14074075341747058,,,,,,,,,,,,,100.0,
plot_curve,5.190635451505017,0.1720056169657268,0.09072341310417245,0.14093197500998564,,,,,,,,,,,,,100.0,
plot_curve,5.250836120401338,0.1725073485611829,0.09089929002844119,0.14111552971149194,,,,,,,,,,,,,100.0,
plot_curve,5.311036789297659,0.17301119482310454,0.09107736633236183,0.14129154791375548,,,,,,,,,,,,,100.0,
plot_curve,5.3712374581939795,0.1735172170574934,0.0912576630191291,0.14146016000854225,,,,,,,,,,,,,100.0,
plot_curve,5.431438127090301,0.17402547657035114,0.09144020109193772,0.14162149638761817,,,,,,,,,,,,,100.0,
plot_curve,5.491638795986622,0.1745360346676794,0.09162500155398239,0.14177568744274927,,,,,,,,,,,,,100.0,
plot_curve,5.551839464882944,0.17504895265547984,0.09181208540845781,0.1419228635657015,,,,,,,,,,,,,100.0,
plot_curve,5.6120401337792645,0.17556429183975414,0.09200147365855871,0.14206315514824086,,,,,,,,,,,,,100.0,
plot_curve,5.672240802675585,0.17608211352650394,0.09219318730747979,0.1421966925821333,,,,,,,,,,,,,100.0,
plot_curve,5.7324414715719065,0.1766024790217309,0.09238724735841576,0.1423236062591448,,,,,,,,,,,,,100.0,
plot_curve,5.792642140468228,0.1771254496314367,0.09258367481456135,0.14244402657104133,,,,,,,,,,,,,100.0,
plot_curve,5.852842809364549,0.17765108666162296,0.09278249067911125,0.14255808390958888,,,,,,,,,,,,,100.0,
plot_curve,5.913043478260869,0.1781794514182914,0.09298371595526018,0.1426659086665534,,,,,,,,,,,,,100.0,
plot_curve,5.973244147157191,0.17871060520744358,0.09318737164620286,0.1427676312337009,,,,,,,,,,,,,100.0,
plot_curve,6.033444816053512,0.17924460933508127,0.09339347875513399,0.14286338200279736,,,,,,,,,,,,,100.0,
plot_curve,6.093645484949833,0.17978152510720605,0.09360205828524826,0.14295329136560872,,,,,,,,,,,,,100.0,
plot_curve,6.153846153846154,0.18032141382981962,0.09381313123974043,0.14303748971390096,,,,,,,,,,,,,100.0,
plot_curve,6.214046822742475,0.18086433680892358,0.09402671862180517,0.14311610743944006,,,,,,,,,,,,,100.0,
plot_curve,6.274247491638796,0.18141035535051966,0.09424284143463722,0.14318927493399203,,,,,,,,,,,,,100.0,
plot_curve,6.334448160535117,0.1819595307606095,0.09446152068143128,0.14325712258932283,,,,,,,,,,,,,100.0,
plot_curve,6.394648829431438,0.18251192434519473,0.09468277736538205,0.14331978079719837,,,,,,,,,,,,,100.0,
plot_curve,6.454849498327759,0.18306759741027703,0.09490663248968426,0.1433773799493847,,,,,,,,,,,,,100.0,
plot_curve,6.51505016722408,0.18362661126185806,0.09513310705753261,0.14343005043764778,,,,,,,,,,,,,100.0,
plot_curve,6.575250836120402,0.18418902720593947,0.09536222207212182,0.14347792265375361,,,,,,,,,,,,,100.0,
plot_curve,6.635451505016722,0.18475490654852292,0.09559399853664659,0.1435211269894681,,,,,,,,,,,,,100.0,
plot_curve,6.695652173913044,0.18532431059561008,0.09582845745430163,0.1435597938365573,,,,,,,,,,,,,100.0,
plot_curve,6.7558528428093645,0.1858973006532026,0.09606561982828167,0.1435940535867871,,,,,,,,,,,,,100.0,
plot_curve,6.816053511705686,0.1864739380273021,0.0963055066617814,0.14362403663192352,,,,,,,,,,,,,100.0,
plot_curve,6.8762541806020065,0.1870542840239103,0.09654813895799555,0.14364987336373256,,,,,,,,,,,,,100.0,
plot_curve,6.936454849498328,0.18763839994902884,0.09679353772011882,0.14367169417398018,,,,,,,,,,,,,100.0,
plot_curve,6.996655518394649,0.18822634710865938,0.09704172395134592,0.1436896294544323,,,,,,,,,,,,,100.0,
plot_curve,7.05685618729097,0.18881818680880355,0.09729271865487157,0.14370380959685503,,,,,,,,,,,,,100.0,
plot_curve,7.117056856187291,0.18941398035546303,0.09754654283389047,0.14371436499301418,,,,,,,,,,,,,100.0,
plot_curve,7.177257525083612,0.1900137890546395,0.09780321749159734,0.14372142603467586,,,,,,,,,,,,,100.0,
plot_curve,7.237458193979934,0.1906176742123346,0.0980627636311869,0.14372512311360594,,,,,,,,,,,,,100.0,
plot_curve,7.297658862876254,0.19122569713454995,0.09832520225585384,0.14372558662157048,,,,,,,,,,,,,100.0,
plot_curve,7.357859531772576,0.19183791912728726,0.09859055436879288,0.1437229469503354,,,,,,,,,,,,,100.0,
plot_curve,7.418060200668896,0.1924544014965482,0.09885884097319875,0.14371733449166674,,,,,,,,,,,,,100.0,
plot_curve,7.478260869565218,0.19307520554833435,0.09913008307226613,0.1437088796373304,,,,,,,,,,,,,100.0,
plot_curve,7.538461538461538,0.19370039258864746,0.09940430166918975,0.14369771277909238,,,,,,,,,,,,,100.0,
plot_curve,7.59866220735786,0.19433002392348914,0.09968151776716432,0.14368396430871866,,,,,,,,,,,,,100.0,
plot_curve,7.65886287625418,0.19496416085886104,0.09996175236938454,0.14366776461797526,,,,,,,,,,,,,100.0,
plot_curve,7.719063545150502,0.19560286470076482,0.10024502647904514,0.14364924409862806,,,,,,,,,,,,,100.0,
plot_curve,7.7792642140468224,0.1962461967552022,0.10053136109934081,0.14362853314244314,,,,,,,,,,,,,100.0,
plot_curve,7.839464882943144,0.19689421832817477,0.10082077723346629,0.1436057621411864,,,,,,,,,,,,,100.0,
plot_curve,7.899665551839465,0.19754699072568419,0.10111329588461626,0.14358106148662386,,,,,,,,,,,,,100.0,
plot_curve,7.959866220735786,0.19820457525373214,0.10140893805598544,0.14355456157052143,,,,,,,,,,,,,100.0,
plot_curve,8.020066889632108,0.19886703321832033,0.10170772475076857,0.14352639278464518,,,,,,,,,,,,,100.0,
plot_curve,8.080267558528428,0.1995344259254503,0.10200967697216032,0.14349668552076103,,,,,,,,,,,,,100.0,
plot_curve,8.14046822742475,0.2002068146811238,0.10231481572335543,0.14346557017063494,,,,,,,,,,,,,100.0,
plot_curve,8.20066889632107,0.20088426079134244,0.10262316200754859,0.14343317712603293,,,,,,,,,,,,,100.0,
plot_curve,8.26086956521739,0.20156682556210792,0.10293473682793453,0.14339963677872097,,,,,,,,,,,,,100.0,
plot_curve,8.321070234113712,0.2022545702994219,0.10324956118770795,0.14336507952046498,,,,,,,,,,,,,100.0,
plot_curve,8.381270903010034,0.202947556309286,0.10356765609006358,0.14332963574303098,,,,,,,,,,,,,100.0,
plot_curve,8.441471571906355,0.20364584489770188,0.1038890425381961,0.14329343583818496,,,,,,,,,,,,,100.0,
plot_curve,8.501672240802677,0.20434949737067126,0.10421374153530023,0.14325661019769287,,,,,,,,,,,,,100.0,
plot_curve,8.561872909698998,0.20505857503419572,0.10454177408457072,0.1432192892133207,,,,,,,,,,,,,100.0,
plot_curve,8.622073578595318,0.20577313919427692,0.10487316118920222,0.1431816032768344,,,,,,,,,,,,,100.0,
plot_curve,8.68227424749164,0.20649325115691658,0.10520792385238947,0.14314368278,,,,,,,,,,,,,100.0,
plot_curve,8.742474916387959,0.20721897222811633,0.1055460830773272,0.1431056581145834,,,,,,,,,,,,,100.0,
plot_curve,8.80267558528428,0.20795036371387782,0.1058876598672101,0.1430676596723506,,,,,,,,,,,,,100.0,
plot_curve,8.862876254180602,0.20868748692020275,0.10623267522523289,0.14302981784506763,,,,,,,,,,,,,100.0,
plot_curve,8.923076923076923,0.20943040315309272,0.10658115015459027,0.1429922630245004,,,,,,,,,,,,,100.0,
plot_curve,8.983277591973245,0.2101791737185494,0.10693310565847697,0.14295512560241494,,,,,,,,,,,,,100.0,
plot_curve,9.043478260869566,0.21093385992257452,0.10728856274008769,0.14291853597057716,,,,,,,,,,,,,100.0,
plot_curve,9.103678929765888,0.2116945230711696,0.10764754240261713,0.1428826245207531,,,,,,,,,,,,,100.0,
plot_curve,9.163879598662207,0.21246122447033639,0.10801006564926001,0.14284752164470868,,,,,,,,,,,,,100.0,
plot_curve,9.224080267558529,0.21323402542607656,0.10837615348321106,0.14281335773420994,,,,,,,,,,,,,100.0,
plot_curve,9.284280936454849,0.21401298724439172,0.10874582690766496,0.14278026318102277,,,,,,,,,,,,,100.0,
plot_curve,9.34448160535117,0.21479817123128359,0.10911910692581644,0.14274836837691324,,,,,,,,,,,,,100.0,
plot_curve,9.404682274247492,0.21558963869275377,0.10949601454086022,0.14271780371364723,,,,,,,,,,,,,100.0,
plot_curve,9.464882943143813,0.21638745093480397,0.109876570755991,0.1426886995829908,,,,,,,,,,,,,100.0,
plot_curve,9.525083612040135,0.2171916692634358,0.11026079657440348,0.14266118637670988,,,,,,,,,,,,,100.0,
plot_curve,9.585284280936456,0.21800235498465093,0.11064871299929238,0.14263539448657045,,,,,,,,,,,,,100.0,
plot_curve,9.645484949832776,0.21881956940445102,0.11104034103385241,0.14261145430433853,,,,,,,,,,,,,100.0,
plot_curve,9.705685618729097,0.21964337382883775,0.1114357016812783,0.14258949622178002,,,,,,,,,,,,,100.0,
plot_curve,9.765886287625419,0.22047382956381273,0.11183481594476474,0.14256965063066093,,,,,,,,,,,,,100.0,
plot_curve,9.826086956521738,0.22131099791537767,0.11223770482750643,0.14255204792274725,,,,,,,,,,,,,100.0,
plot_curve,9.88628762541806,0.22215494018953424,0.11264438933269813,0.14253681848980493,,,,,,,,,,,,,100.0,
plot_curve,9.946488294314381,0.22300571769228403,0.11305489046353451,0.14252409272359998,,,,,,,,,,,,,100.0,
plot_curve,10.006688963210703,0.22386339172962877,0.11346922922321029,0.1425140010158983,,,,,,,,,,,,,100.0,
plot_curve,10.066889632107024,0.22472802360757005,0.11388742661492018,0.14250667375846598,,,,,,,,,,,,,100.0,
plot_curve,10.127090301003344,0.22559967463210956,0.11430950364185888,0.14250224134306894,,,,,,,,,,,,,100.0,
plot_curve,10.187290969899665,0.226478406109249,0.11473548130722114,0.1425008341614731,,,,,,,,,,,,,100.0,
plot_curve,10.247491638795987,0.22736427934498998,0.11516538061420165,0.14250258260544452,,,,,,,,,,,,,100.0,
plot_curve,10.307692307692308,0.22825735564533417,0.11559922256599511,0.14250761706674914,,,,,,,,,,,,,100.0,
plot_curve,10.36789297658863,0.2291576963162832,0.11603702816579622,0.14251606793715293,,,,,,,,,,,,,100.0,
plot_curve,10.42809364548495,0.23006536266383876,0.11647881841679973,0.14252806560842185,,,,,,,,,,,,,100.0,
plot_curve,10.488294314381271,0.23098041599400254,0.11692461432220033,0.14254374047232193,,,,,,,,,,,,,100.0,
plot_curve,10.548494983277592,0.23190291761277612,0.11737443688519274,0.14256322292061913,,,,,,,,,,,,,100.0,
plot_curve,10.608695652173914,0.23283292882616125,0.11782830710897166,0.14258664334507937,,,,,,,,,,,,,100.0,
plot_curve,10.668896321070234,0.2337705109401595,0.11828624599673182,0.1426141321374687,,,,,,,,,,,,,100.0,
plot_curve,10.729096989966555,0.23471572526077256,0.11874827455166789,0.14264581968955303,,,,,,,,,,,,,100.0,
plot_curve,10.789297658862877,0.23566863309400213,0.11921441377697463,0.14268183639309834,,,,,,,,,,,,,100.0,
plot_curve,10.849498327759198,0.23662929574584984,0.11968468467584673,0.1427223126398707,,,,,,,,,,,,,100.0,
plot_curve,10.909698996655518,0.23759777452231728,0.12015910825147888,0.14276737882163598,,,,,,,,,,,,,100.0,
plot_curve,10.96989966555184,0.23857413072940625,0.12063770550706585,0.1428171653301602,,,,,,,,,,,,,100.0,
plot_curve,11.03010033444816,0.2395584256731183,0.12112049744580229,0.1428718025572093,,,,,,,,,,,,,100.0,
plot_curve,11.090301003344482,0.24055072065945513,0.12160750507088294,0.1429314208945493,,,,,,,,,,,,,100.0,
plot_curve,11.150501672240804,0.24155107699441836,0.12209874938550253,0.14299615073394617,,,,,,,,,,,,,100.0,
plot_curve,11.210702341137123,0.2425595559840097,0.12259425139285571,0.14306612246716588,,,,,,,,,,,,,100.0,
plot_curve,11.270903010033445,0.24357621893423076,0.12309403209613726,0.14314146648597442,,,,,,,,,,,,,100.0,
plot_curve,11.331103678929766,0.24460112715108326,0.12359811249854186,0.14322231318213768,,,,,,,,,,,,,100.0,
plot_curve,11.391304347826088,0.24563434194056882,0.1241065136032642,0.14330879294742171,,,,,,,,,,,,,100.0,
plot_curve,11.451505016722408,0.24667592460868903,0.12461925641349902,0.14340103617359257,,,,,,,,,,,,,100.0,
plot_curve,11.511705685618729,0.2477259364614457,0.12513636193244104,0.143499173252416,,,,,,,,,,,,,100.0,
plot_curve,11.57190635451505,0.24878443880484036,0.12565785116328496,0.14360333457565821,,,,,,,,,,,,,100.0,
plot_curve,11.632107023411372,0.24985149294487474,0.12618374510922548,0.14371365053508509,,,,,,,,,,,,,100.0,
plot_curve,11.692307692307693,0.25092716018755046,0.1267140647734573,0.1438302515224626,,,,,,,,,,,,,100.0,
plot_curve,11.752508361204013,0.2520115018388692,0.12724883115917518,0.1439532679295567,,,,,,,,,,,,,100.0,
plot_curve,11.812709030100335,0.25310457920483265,0.1277880652695738,0.14408283014813336,,,,,,,,,,,,,100.0,
plot_curve,11.872909698996656,0.2542064535914424,0.12833178810784787,0.14421906856995864,,,,,,,,,,,,,100.0,
plot_curve,11.933110367892978,0.25531718630470013,0.1288800206771921,0.14436211358679846,,,,,,,,,,,,,100.0,
plot_curve,11.993311036789297,0.25643683865060746,0.1294327839808012,0.14451209559041878,,,,,,,,,,,,,100.0,
plot_curve,12.053511705685619,0.25756547193516616,0.1299900990218699,0.1446691449725856,,,,,,,,,,,,,100.0,
plot_curve,12.11371237458194,0.25870314746437784,0.1305519868035929,0.14483339212506485,,,,,,,,,,,,,100.0,
plot_curve,12.173913043478262,0.2598499265442441,0.1311184683291649,0.14500496743962255,,,,,,,,,,,,,100.0,
plot_curve,12.234113712374581,0.2610058704807666,0.1316895646017806,0.14518400130802472,,,,,,,,,,,,,100.0,
plot_curve,12.294314381270903,0.2621710405799471,0.1322652966246348,0.14537062412203722,,,,,,,,,,,,,100.0,
plot_curve,12.354515050167224,0.2633454981477872,0.13284568540092212,0.14556496627342616,,,,,,,,,,,,,100.0,
plot_curve,12.414715719063546,0.26452930449028855,0.13343075193383727,0.14576715815395738,,,,,,,,,,,,,100.0,
plot_curve,12.474916387959867,0.2657225209134528,0.13402051722657501,0.14597733015539696,,,,,,,,,,,,,100.0,
plot_curve,12.535117056856187,0.2669252087232816,0.13461500228232998,0.1461956126695108,,,,,,,,,,,,,100.0,
plot_curve,12.595317725752508,0.26813742922577666,0.135214228104297,0.14642213608806498,,,,,,,,,,,,,100.0,
plot_curve,12.65551839464883,0.26935924372693965,0.1358182156956707,0.14665703080282533,,,,,,,,,,,,,100.0,
plot_curve,12.715719063545151,0.2705907135327721,0.13642698605964582,0.14690042720555796,,,,,,,,,,,,,100.0,
plot_curve,12.775919732441471,0.2718318999492758,0.13704056019941704,0.14715245568802876,,,,,,,,,,,,,100.0,
plot_curve,12.836120401337793,0.2730828642824523,0.1376589591181791,0.14741324664200373,,,,,,,,,,,,,100.0,
plot_curve,12.896321070234114,0.27434366783830344,0.13828220381912676,0.1476829304592488,,,,,,,,,,,,,100.0,
plot_curve,12.956521739130435,0.2756143719228307,0.13891031530545464,0.14796163753153013,,,,,,,,,,,,,100.0,
plot_curve,13.016722408026757,0.27689503784203584,0.13954331458035749,0.14824949825061345,,,,,,,,,,,,,100.0,
plot_curve,13.076923076923077,0.27818572690192045,0.14018122264703,0.14854664300826487,,,,,,,,,,,,,100.0,
plot_curve,13.137123745819398,0.2794865004084862,0.14082406050866692,0.1488532021962503,,,,,,,,,,,,,100.0,
plot_curve,13.19732441471572,0.28079741966773486,0.14147184916846295,0.14916930620633584,,,,,,,,,,,,,100.0,
plot_curve,13.257525083612041,0.2821185459856679,0.1421246096296128,0.14949508543028733,,,,,,,,,,,,,100.0,
plot_curve,13.31772575250836,0.28344994066828705,0.14278236289531115,0.1498306702598708,,,,,,,,,,,,,100.0,
plot_curve,13.377926421404682,0.28479166502159403,0.14344512996875275,0.15017619108685223,,,,,,,,,,,,,100.0,
plot_curve,13.438127090301004,0.2861437803515905,0.14411293185313231,0.15053177830299758,,,,,,,,,,,,,100.0,
plot_curve,13.498327759197325,0.28750634796427804,0.14478578955164453,0.15089756230007284,,,,,,,,,,,,,100.0,
plot_curve,13.558528428093645,0.28887942916565834,0.14546372406748412,0.151273673469844,,,,,,,,,,,,,100.0,
plot_curve,13.618729096989966,0.29026308526173306,0.14614675640384578,0.15166024220407698,,,,,,,,,,,,,100.0,
plot_curve,13.678929765886288,0.2916573775585039,0.14683490756392426,0.1520573988945378,,,,,,,,,,,,,100.0,
plot_curve,13.73913043478261,0.29306236736197244,0.1475281985509142,0.15246527393299245,,,,,,,,,,,,,100.0,
plot_curve,13.79933110367893,0.29447811597814044,0.14822665036801042,0.15288399771120686,,,,,,,,,,,,,100.0,
plot_curve,13.85953177257525,0.29590468471300946,0.14893028401840752,0.153313700620947,,,,,,,,,,,,,100.0,
plot_curve,13.919732441471572,0.2973421348725812,0.1496391205053003,0.15375451305397891,,,,,,,,,,,,,100.0,
plot_curve,13.979933110367893,0.2987905277628573,0.15035318083188337,0.15420656540206856,,,,,,,,,,,,,100.0,
plot_curve,14.040133779264215,0.30024992468983946,0.15107248600135156,0.15466998805698187,,,,,,,,,,,,,100.0,
plot_curve,14.100334448160535,0.3017203869595293,0.1517970570168995,0.15514491141048478,,,,,,,,,,,,,100.0,
plot_curve,14.160535117056856,0.3032019758779285,0.15252691488172193,0.15563146585434337,,,,,,,,,,,,,100.0,
plot_curve,14.220735785953178,0.30469475275103874,0.15326208059901356,0.1561297817803236,,,,,,,,,,,,,100.0,
plot_curve,14.280936454849499,0.3061987788848616,0.15400257517196908,0.15663998958019137,,,,,,,,,,,,,100.0,
plot_curve,14.34113712374582,0.30771411558539885,0.15474841960378327,0.15716221964571273,,,,,,,,,,,,,100.0,
plot_curve,14.40133779264214,0.30924082415865195,0.15549963489765073,0.15769660236865357,,,,,,,,,,,,,100.0,
plot_curve,14.461538461538462,0.3107789659106228,0.15625624205676625,0.15824326814078,,,,,,,,,,,,,100.0,
plot_curve,14.521739130434783,0.31232860214731295,0.15701826208432454,0.15880234735385784,,,,,,,,,,,,,100.0,
plot_curve,14.581939799331105,0.31388979417472407,0.1577857159835203,0.15937397039965323,,,,,,,,,,,,,100.0,
plot_curve,14.642140468227424,0.3154626032988578,0.1585586247575482,0.15995826766993193,,,,,,,,,,,,,100.0,
plot_curve,14.702341137123746,0.31704709082571575,0.15933700940960302,0.16055536955646016,,,,,,,,,,,,,100.0,
plot_curve,14.762541806020067,0.3186433180612997,0.16012089094287946,0.1611654064510038,,,,,,,,,,,,,100.0,
plot_curve,14.822742474916389,0.32025134631161123,0.16091029036057217,0.16178850874532874,,,,,,,,,,,,,100.0,
plot_curve,14.88294314381271,0.32187123688265207,0.1617052286658759,0.162424806831201,,,,,,,,,,,,,100.0,
plot_curve,14.94314381270903,0.32350305108042365,0.16250572686198536,0.16307443110038658,,,,,,,,,,,,,100.0,
plot_curve,15.003344481605351,0.32514685021092793,0.16331180595209527,0.16373751194465158,,,,,,,,,,,,,100.0,
plot_curve,15.063545150501673,0.32680269558016645,0.16412348693940038,0.1644141797557617,,,,,,,,,,,,,100.0,
plot_curve,15.123745819397994,0.32847064849414087,0.16494079082709534,0.16510456492548312,,,,,,,,,,,,,100.0,
plot_curve,15.183946488294314,0.33015077025885275,0.16576373861837482,0.1658087978455817,,,,,,,,,,,,,100.0,
plot_curve,15.244147157190636,0.3318431221803039,0.16659235131643363,0.16652700890782357,,,,,,,,,,,,,100.0,
plot_curve,15.304347826086957,0.3335477655644959,0.16742664992446643,0.16725932850397457,,,,,,,,,,,,,100.0,
plot_curve,15.364548494983278,0.3352647617174304,0.168266655445668,0.1680058870258007,,,,,,,,,,,,,100.0,
plot_curve,15.424749163879598,0.33699417194510906,0.1691123888832329,0.16876681486506792,,,,,,,,,,,,,100.0,
plot_curve,15.48494983277592,0.33873605755353364,0.169963871240356,0.1695422424135423,,,,,,,,,,,,,100.0,
plot_curve,15.545150501672241,0.3404904798487056,0.17082112352023193,0.1703323000629897,,,,,,,,,,,,,100.0,
plot_curve,15.605351170568563,0.3422575001366268,0.1716841667260554,0.1711371182051762,,,,,,,,,,,,,100.0,
plot_curve,15.665551839464884,0.34403717972329884,0.1725530218610212,0.17195682723186767,,,,,,,,,,,,,100.0,
plot_curve,15.725752508361204,0.3458295799147233,0.1734277099283239,0.17279155753483016,,,,,,,,,,,,,100.0,
plot_curve,15.785953177257525,0.3476347620169019,0.17430825193115834,0.17364143950582964,,,,,,,,,,,,,100.0,
plot_curve,15.846153846153847,0.3494527873358363,0.17519466887271917,0.17450660353663205,,,,,,,,,,,,,100.0,
plot_curve,15.906354515050168,0.35128371717752815,0.17608698175620113,0.17538718001900339,,,,,,,,,,,,,100.0,
plot_curve,15.966555183946488,0.3531276128479791,0.1769852115847989,0.1762832993447096,,,,,,,,,,,,,100.0,
plot_curve,16.02675585284281,0.3549845356531909,0.17788937936170723,0.17719509190551674,,,,,,,,,,,,,100.0,
plot_curve,16.086956521739133,0.356854546899165,0.1787995060901208,0.1781226880931907,,,,,,,,,,,,,100.0,
plot_curve,16.147157190635454,0.3587377078919033,0.17971561277323433,0.17906621829949754,,,,,,,,,,,,,100.0,
plot_curve,16.207357859531776,0.3606340799374072,0.18063772041424253,0.18002581291620307,,,,,,,,,,,,,100.0,
plot_curve,16.267558528428093,0.3625437243416785,0.18156585001634007,0.18100160233507342,,,,,,,,,,,,,100.0,
plot_curve,16.327759197324415,0.3644667024107189,0.18250002258272174,0.18199371694787456,,,,,,,,,,,,,100.0,
plot_curve,16.387959866220736,0.36640307545053,0.18344025911658224,0.1830022871463724,,,,,,,,,,,,,100.0,
plot_curve,16.448160535117058,0.3683529047671135,0.18438658062111624,0.18402744332233295,,,,,,,,,,,,,100.0,
plot_curve,16.508361204013376,0.370316251666471,0.1853390080995184,0.18506931586752218,,,,,,,,,,,,,100.0,
plot_curve,16.568561872909697,0.3722931774546042,0.1862975625549836,0.18612803517370605,,,,,,,,,,,,,100.0,
plot_curve,16.62876254180602,0.3742837434375148,0.1872622649907064,0.18720373163265058,,,,,,,,,,,,,100.0,
plot_curve,16.68896321070234,0.37628801092120445,0.1882331364098816,0.18829653563612167,,,,,,,,,,,,,100.0,
plot_curve,16.74916387959866,0.37830604121167466,0.1892101978157038,0.18940657757588544,,,,,,,,,,,,,100.0,
plot_curve,16.809364548494983,0.38033789561492726,0.1901934702113679,0.19053398784370773,,,,,,,,,,,,,100.0,
plot_curve,16.869565217391305,0.38238363543696385,0.19118297460006842,0.1916788968313545,,,,,,,,,,,,,100.0,
plot_curve,16.929765886287626,0.38444332198378606,0.19217873198500016,0.1928414349305918,,,,,,,,,,,,,100.0,
plot_curve,16.989966555183948,0.3865170165613956,0.1931807633693578,0.19402173253318555,,,,,,,,,,,,,100.0,
plot_curve,17.05016722408027,0.388604780475794,0.19418908975633611,0.19521992003090188,,,,,,,,,,,,,100.0,
plot_curve,17.11036789297659,0.3907066750329831,0.19520373214912973,0.19643612781550657,,,,,,,,,,,,,100.0,
plot_curve,17.170568561872912,0.3928227615389645,0.19622471155093343,0.19767048627876566,,,,,,,,,,,,,100.0,
plot_curve,17.230769230769234,0.3949531012997398,0.19725204896494192,0.19892312581244512,,,,,,,,,,,,,100.0,
plot_curve,17.29096989966555,0.39709775562131056,0.19828576539434978,0.20019417680831095,,,,,,,,,,,,,100.0,
plot_curve,17.351170568561873,0.39925678580967866,0.1993258818423519,0.20148376965812909,,,,,,,,,,,,,100.0,
plot_curve,17.411371237458194,0.4014302531708458,0.20037241931214292,0.20279203475366558,,,,,,,,,,,,,100.0,
plot_curve,17.471571906354516,0.4036182190108134,0.20142539880691754,0.20411910248668635,,,,,,,,,,,,,100.0,
plot_curve,17.531772575250837,0.4058207446355832,0.2024848413298705,0.2054651032489574,,,,,,,,,,,,,100.0,
plot_curve,17.591973244147155,0.40803789135115687,0.2035507678841964,0.2068301674322446,,,,,,,,,,,,,100.0,
plot_curve,17.652173913043477,0.41026972046353616,0.20462319947309013,0.2082144254283141,,,,,,,,,,,,,100.0,
plot_curve,17.712374581939798,0.41251629327872263,0.20570215709974632,0.20961800762893176,,,,,,,,,,,,,100.0,
plot_curve,17.77257525083612,0.4147776711027179,0.2067876617673597,0.2110410444258637,,,,,,,,,,,,,100.0,
plot_curve,17.83277591973244,0.4170539152415238,0.2078797344791249,0.2124836662108757,,,,,,,,,,,,,100.0,
plot_curve,17.892976588628763,0.4193450870011418,0.20897839623823672,0.2139460033757338,,,,,,,,,,,,,100.0,
plot_curve,17.953177257525084,0.4216512476875737,0.21008366804788986,0.21542818631220398,,,,,,,,,,,,,100.0,
plot_curve,18.013377926421406,0.42397245860682115,0.211195570911279,0.21693034541205222,,,,,,,,,,,,,100.0,
plot_curve,18.073578595317727,0.4263087810648856,0.2123141258315988,0.2184526110670446,,,,,,,,,,,,,100.0,
plot_curve,18.13377926421405,0.42866027636776893,0.2134393538120441,0.21999511366894695,,,,,,,,,,,,,100.0,
plot_curve,18.19397993311037,0.4310270058214728,0.21457127585580954,0.22155798360952525,,,,,,,,,,,,,100.0,
plot_curve,18.254180602006688,0.4334090307319986,0.21570991296608977,0.22314135128054546,,,,,,,,,,,,,100.0,
plot_curve,18.31438127090301,0.4358064124053483,0.21685528614607963,0.22474534707377372,,,,,,,,,,,,,100.0,
plot_curve,18.37458193979933,0.43821921214752346,0.2180074163989738,0.22637010138097585,,,,,,,,,,,,,100.0,
plot_curve,18.434782608695652,0.4406474912645257,0.21916632472796693,0.22801574459391788,,,,,,,,,,,,,100.0,
plot_curve,18.494983277591974,0.4430913110623567,0.22033203213625374,0.22968240710436583,,,,,,,,,,,,,100.0,
plot_curve,18.555183946488295,0.4455507328470182,0.22150455962702903,0.23137021930408558,,,,,,,,,,,,,100.0,
plot_curve,18.615384615384617,0.44802581792451174,0.22268392820348742,0.23307931158484324,,,,,,,,,,,,,100.0,
plot_curve,18.67558528428094,0.45051662760083905,0.2238701588688236,0.23480981433840464,,,,,,,,,,,,,100.0,
plot_curve,18.73578595317726,0.4530232231820017,0.22506327262623238,0.23656185795653578,,,,,,,,,,,,,100.0,
plot_curve,18.795986622073578,0.4555456659740013,0.22626329047890836,0.23833557283100262,,,,,,,,,,,,,100.0,
plot_curve,18.8561872909699,0.4580840172828397,0.22747023343004635,0.24013108935357128,,,,,,,,,,,,,100.0,
plot_curve,18.91638795986622,0.46063833841451857,0.22868412248284098,0.2419485379160076,,,,,,,,,,,,,100.0,
plot_curve,18.976588628762542,0.46320869067503934,0.2299049786404871,0.2437880489100776,,,,,,,,,,,,,100.0,
plot_curve,19.036789297658864,0.4657951353704039,0.23113282290617926,0.24564975272754727,,,,,,,,,,,,,100.0,
plot_curve,19.096989966555185,0.4683977338066138,0.23236767628311228,0.24753377976018262,,,,,,,,,,,,,100.0,
plot_curve,19.157190635451506,0.47101654728967063,0.23360955977448078,0.24944026039974954,,,,,,,,,,,,,100.0,
plot_curve,19.217391304347828,0.47365163712557623,0.23485849438347955,0.251369325038014,,,,,,,,,,,,,100.0,
plot_curve,19.277591973244146,0.4763030646203319,0.23611450111330323,0.2533211040667419,,,,,,,,,,,,,100.0,
plot_curve,19.337792642140467,0.4789708910799398,0.2373776009671466,0.2552957278776995,,,,,,,,,,,,,100.0,
plot_curve,19.39799331103679,0.4816551778104013,0.23864781494820436,0.2572933268626525,,,,,,,,,,,,,100.0,
plot_curve,19.45819397993311,0.4843559861177181,0.23992516405967118,0.25931403141336706,,,,,,,,,,,,,100.0,
plot_curve,19.51839464882943,0.48707337730789174,0.2412096693047418,0.26135797192160903,,,,,,,,,,,,,100.0,
plot_curve,19.578595317725753,0.4898074126869242,0.24250135168661097,0.2634252787791445,,,,,,,,,,,,,100.0,
plot_curve,19.638795986622075,0.4925581535608168,0.2438002322084733,0.26551608237773927,,,,,,,,,,,,,100.0,
plot_curve,19.698996655518396,0.4953256612355713,0.2451063318735236,0.26763051310915953,,,,,,,,,,,,,100.0,
plot_curve,19.759197324414718,0.49810999701718955,0.24641967168495654,0.26976870136517117,,,,,,,,,,,,,100.0,
plot_curve,19.819397993311036,0.5009112222116727,0.2477402726459667,0.2719307775375398,,,,,,,,,,,,,100.0,
plot_curve,19.879598662207357,0.503729398125023,0.2490681557597491,0.27411687201803214,,,,,,,,,,,,,100.0,
plot_curve,19.93979933110368,0.506564586063242,0.25040334202949827,0.27632711519841374,,,,,,,,,,,,,100.0,
plot_curve,20.0,0.5094168473323311,0.2517458524584088,0.2785616374704504,,,,,,,,,,,,,100.0,
plot_curve,2.0,0.1316997233039828,0.07899522338432383,0.11904120040819133,,,,,,,,,,,,,90.0,
plot_curve,2.060200668896321,0.1327935881704153,0.07942197223074968,0.11910163350428808,,,,,,,,,,,,,90.0,
plot_curve,2.120401337792642,0.1338702120323729,0.0798417176007247,0.11916047414920125,,,,,,,,,,,,,90.0,
plot_curve,2.180602006688963,0.13492979316866943,0.08025454891206277,0.11921776171967763,,,,,,,,,,,,,90.0,
plot_curve,2.240802675585284,0.1359725298581188,0.08066055558257773,0.119273535592464,,,,,,,,,,,,,90.0,
plot_curve,2.3010033444816056,0.13699862037953492,0.08105982703008346,0.1193278351443071,,,,,,,,,,,,,90.0,
plot_curve,2.361204013377926,0.13800826301173164,0.08145245267239382,0.11938069975195373,,,,,,,,,,,,,90.0,
plot_curve,2.4214046822742477,0.13900165603352282,0.08183852192732269,0.11943216879215066,,,,,,,,,,,,,90.0,
plot_curve,2.4816053511705687,0.1399789977237224,0.08221812421268389,0.11948228164164465,,,,,,,,,,,,,90.0,
plot_curve,2.5418060200668897,0.1409404863611442,0.08259134894629133,0.11953107767718249,,,,,,,,,,,,,90.0,
plot_curve,2.6020066889632107,0.14188632022460215,0.08295828554595884,0.11957859627551094,,,,,,,,,,,,,90.0,
plot_curve,2.6622073578595318,0.1428166975929101,0.08331902342950032,0.11962487681337677,,,,,,,,,,,,,90.0,
plot_curve,2.722408026755853,0.14373181674488195,0.0836736520147296,0.11966995866752676,,,,,,,,,,,,,90.0,
plot_curve,2.782608695652174,0.14463187595933152,0.08402226071946056,0.11971388121470769,,,,,,,,,,,,,90.0,
plot_curve,2.842809364548495,0.14551707351507281,0.08436493896150705,0.11975668383166632,,,,,,,,,,,,,90.0,
plot_curve,2.903010033444816,0.1463876076909196,0.08470177615868296,0.11979840589514942,,,,,,,,,,,,,90.0,
plot_curve,2.9632107023411374,0.14724367676568584,0.08503286172880214,0.11983908678190378,,,,,,,,,,,,,90.0,
plot_curve,3.023411371237458,0.1480854790181853,0.08535828508967844,0.11987876586867616,,,,,,,,,,,,,90.0,
plot_curve,3.0836120401337794,0.148913212727232,0.08567813565912574,0.11991748253221332,,,,,,,,,,,,,90.0,
plot_curve,3.1438127090301005,0.14972707617163977,0.08599250285495791,0.11995527614926206,,,,,,,,,,,,,90.0,
plot_curve,3.2040133779264215,0.15052726763022245,0.08630147609498881,0.11999218609656913,,,,,,,,,,,,,90.0,
plot_curve,3.2642140468227425,0.15131398538179397,0.08660514479703228,0.12002825175088132,,,,,,,,,,,,,90.0,
plot_curve,3.3244147157190636,0.15208742770516814,0.08690359837890223,0.1200635124889454,,,,,,,,,,,,,90.0,
plot_curve,3.3846153846153846,0.15284779287915895,0.08719692625841247,0.12009800768750813,,,,,,,,,,,,,90.0,
plot_curve,3.4448160535117056,0.1535952791825802,0.0874852178533769,0.12013177672331628,,,,,,,,,,,,,90.0,
plot_curve,3.505016722408027,0.15433008489424582,0.08776856258160938,0.12016485897311664,,,,,,,,,,,,,90.0,
plot_curve,3.5652173913043477,0.15505240829296962,0.08804704986092375,0.12019729381365599,,,,,,,,,,,,,90.0,
plot_curve,3.625418060200669,0.15576244765756556,0.08832076910913392,0.12022912062168106,,,,,,,,,,,,,90.0,
plot_curve,3.6856187290969897,0.15646040126684746,0.0885898097440537,0.12026037877393866,,,,,,,,,,,,,90.0,
plot_curve,3.745819397993311,0.15714646739962926,0.08885426118349699,0.12029110764717557,,,,,,,,,,,,,90.0,
plot_curve,3.8060200668896322,0.1578208443347248,0.08911421284527765,0.12032134661813854,,,,,,,,,,,,,90.0,
plot_curve,3.8662207357859533,0.15848373035094798,0.08936975414720953,0.12035113506357434,,,,,,,,,,,,,90.0,
plot_curve,3.9264214046822743,0.15913532372711264,0.0896209745071065,0.12038051236022974,,,,,,,,,,,,,90.0,
plot_curve,3.9866220735785953,0.15977582274203272,0.08986796334278244,0.12040951788485155,,,,,,,,,,,,,90.0,
plot_curve,4.046822742474916,0.16040542567452207,0.09011081007205118,0.1204381910141865,,,,,,,,,,,,,90.0,
plot_curve,4.107023411371237,0.16102433080339457,0.09034960411272663,0.12046657112498138,,,,,,,,,,,,,90.0,
plot_curve,4.167224080267559,0.16163273640746414,0.0905844348826226,0.12049469759398296,,,,,,,,,,,,,90.0,
plot_curve,4.2274247491638794,0.16223084076554461,0.090815391799553,0.12052260979793801,,,,,,,,,,,,,90.0,
plot_curve,4.287625418060201,0.16281884215644987,0.09104256428133167,0.12055034711359332,,,,,,,,,,,,,90.0,
plot_curve,4.3478260869565215,0.16339693885899378,0.09126604174577248,0.12057794891769563,,,,,,,,,,,,,90.0,
plot_curve,4.408026755852843,0.1639653291519903,0.09148591361068929,0.12060545458699175,,,,,,,,,,,,,90.0,
plot_curve,4.4682274247491645,0.16452421131425324,0.09170226929389597,0.12063290349822843,,,,,,,,,,,,,90.0,
plot_curve,4.528428093645485,0.16507378362459652,0.09191519821320639,0.12066033502815243,,,,,,,,,,,,,90.0,
plot_curve,4.588628762541806,0.16561424436183397,0.09212478978643439,0.12068778855351056,,,,,,,,,,,,,90.0,
plot_curve,4.648829431438127,0.1661457918047795,0.09233113343139385,0.12071530345104957,,,,,,,,,,,,,90.0,
plot_curve,4.709030100334449,0.16666862423224704,0.09253431856589865,0.12074291909751622,,,,,,,,,,,,,90.0,
plot_curve,4.769230769230769,0.16718293992305044,0.09273443460776262,0.12077067486965731,,,,,,,,,,,,,90.0,
plot_curve,4.82943143812709,0.16768893715600353,0.09293157097479965,0.1207986101442196,,,,,,,,,,,,,90.0,
plot_curve,4.889632107023411,0.16818681420992027,0.09312581708482359,0.12082676429794986,,,,,,,,,,,,,90.0,
plot_curve,4.949832775919733,0.16867676936361448,0.09331726235564831,0.12085517670759487,,,,,,,,,,,,,90.0,
plot_curve,5.010033444816054,0.16915900089590002,0.09350599620508768,0.12088388674990139,,,,,,,,,,,,,90.0,
plot_curve,5.070234113712375,0.16963370708559083,0.09369210805095554,0.1209129338016162,,,,,,,,,,,,,90.0,
plot_curve,5.130434782608695,0.17010108621150077,0.0938756873110658,0.12094235723948607,,,,,,,,,,,,,90.0,
plot_curve,5.190635451505017,0.1705613365524438,0.09405682340323226,0.12097219644025779,,,,,,,,,,,,,90.0,
plot_curve,5.250836120401338,0.17101465638723368,0.09423560574526885,0.12100249078067811,,,,,,,,,,,,,90.0,
plot_curve,5.311036789297659,0.17146124399468432,0.09441212375498938,0.1210332796374938,,,,,,,,,,,,,90.0,
plot_curve,5.3712374581939795,0.17190129765360962,0.09458646685020773,0.12106460238745166,,,,,,,,,,,,,90.0,
plot_curve,5.431438127090301,0.1723350156428235,0.09475872444873779,0.12109649840729844,,,,,,,,,,,,,90.0,
plot_curve,5.491638795986622,0.17276259624113974,0.09492898596839339,0.12112900707378092,,,,,,,,,,,,,90.0,
plot_curve,5.551839464882944,0.1731842377273723,0.09509734082698842,0.12116216776364587,,,,,,,,,,,,,90.0,
plot_curve,5.6120401337792645,0.17360013838033508,0.09526387844233673,0.12119601985364006,,,,,,,,,,,,,90.0,
plot_curve,5.672240802675585,0.17401049647884187,0.09542868823225217,0.12123060272051027,,,,,,,,,,,,,90.0,
plot_curve,5.7324414715719065,0.17441551030170666,0.09559185961454864,0.12126595574100327,,,,,,,,,,,,,90.0,
plot_curve,5.792642140468228,0.17481537812774323,0.09575348200703998,0.12130211829186584,,,,,,,,,,,,,90.0,
plot_curve,5.852842809364549,0.17521029823576553,0.09591364482754006,0.12133912974984473,,,,,,,,,,,,,90.0,
plot_curve,5.913043478260869,0.17560046890458741,0.09607243749386274,0.12137702949168673,,,,,,,,,,,,,90.0,
plot_curve,5.973244147157191,0.17598608841302277,0.09622994942382188,0.12141585689413861,,,,,,,,,,,,,90.0,
plot_curve,6.033444816053512,0.1763673550398855,0.09638627003523134,0.12145565133394715,,,,,,,,,,,,,90.0,
plot_curve,6.093645484949833,0.1767444670639894,0.09654148874590501,0.12149645218785911,,,,,,,,,,,,,90.0,
plot_curve,6.153846153846154,0.17711762276414847,0.09669569497365674,0.12153829883262127,,,,,,,,,,,,,90.0,
plot_curve,6.214046822742475,0.17748702041917652,0.09684897813630038,0.12158123064498039,,,,,,,,,,,,,90.0,
plot_curve,6.274247491638796,0.17785285830788744,0.0970014276516498,0.12162528700168326,,,,,,,,,,,,,90.0,
plot_curve,6.334448160535117,0.17821533470909512,0.09715313293751889,0.12167050727947665,,,,,,,,,,,,,90.0,
plot_curve,6.394648829431438,0.17857464790161343,0.09730418341172148,0.1217169308551073,,,,,,,,,,,,,90.0,
plot_curve,6.454849498327759,0.17893099616425626,0.09745466849207143,0.12176459710532204,,,,,,,,,,,,,90.0,
plot_curve,6.51505016722408,0.17928457777583748,0.09760467759638264,0.1218135454068676,,,,,,,,,,,,,90.0,
plot_curve,6.575250836120402,0.179635591015171,0.09775430014246897,0.12186381513649078,,,,,,,,,,,,,90.0,
plot_curve,6.635451505016722,0.17998423416107065,0.09790362554814425,0.12191544567093833,,,,,,,,,,,,,90.0,
plot_curve,6.695652173913044,0.18033070549235036,0.09805274323122237,0.12196847638695703,,,,,,,,,,,,,90.0,
plot_curve,6.7558528428093645,0.180675203287824,0.09820174260951717,0.12202294666129365,,,,,,,,,,,,,90.0,
plot_curve,6.816053511705686,0.18101792582630544,0.09835071310084255,0.12207889587069497,,,,,,,,,,,,,90.0,
plot_curve,6.8762541806020065,0.18135907138660856,0.09849974412301235,0.12213636339190775,,,,,,,,,,,,,90.0,
plot_curve,6.936454849498328,0.1816988382475473,0.09864892509384043,0.12219538860167878,,,,,,,,,,,,,90.0,
plot_curve,6.996655518394649,0.18203742468793543,0.09879834543114067,0.12225601087675483,,,,,,,,,,,,,90.0,
plot_curve,7.05685618729097,0.1823750289865869,0.09894809455272693,0.12231826959388266,,,,,,,,,,,,,90.0,
plot_curve,7.117056856187291,0.18271184942231555,0.09909826187641307,0.12238220412980905,,,,,,,,,,,,,90.0,
plot_curve,7.177257525083612,0.18304808427393535,0.09924893682001294,0.12244785386128076,,,,,,,,,,,,,90.0,
plot_curve,7.237458193979934,0.18338393182026008,0.09940020880134043,0.12251525816504459,,,,,,,,,,,,,90.0,
plot_curve,7.297658862876254,0.1837195903401037,0.0995521672382094,0.12258445641784729,,,,,,,,,,,,,90.0,
plot_curve,7.357859531772576,0.18405525811228002,0.0997049015484337,0.12265548799643565,,,,,,,,,,,,,90.0,
plot_curve,7.418060200668896,0.18439113341560298,0.0998585011498272,0.12272839227755641,,,,,,,,,,,,,90.0,
plot_curve,7.478260869565218,0.1847274145288864,0.10001305546020374,0.1228032086379564,,,,,,,,,,,,,90.0,
plot_curve,7.538461538461538,0.18506429973094424,0.10016865389737722,0.12287997645438233,,,,,,,,,,,,,90.0,
plot_curve,7.59866220735786,0.18540198730059032,0.10032538587916151,0.122958735103581,,,,,,,,,,,,,90.0,
plot_curve,7.65886287625418,0.18574067551663853,0.10048334082337043,0.12303952396229918,,,,,,,,,,,,,90.0,
plot_curve,7.719063545150502,0.1860805626579028,0.10064260814781789,0.12312238240728365,,,,,,,,,,,,,90.0,
plot_curve,7.7792642140468224,0.18642184700319692,0.10080327727031774,0.1232073498152812,,,,,,,,,,,,,90.0,
plot_curve,7.839464882943144,0.18676472683133488,0.10096543760868382,0.12329446556303855,,,,,,,,,,,,,90.0,
plot_curve,7.899665551839465,0.18710940042113045,0.10112917858073002,0.12338376902730253,,,,,,,,,,,,,90.0,
plot_curve,7.959866220735786,0.18745606605139759,0.1012945896042702,0.12347529958481986,,,,,,,,,,,,,90.0,
plot_curve,8.020066889632108,0.18780492200095017,0.1014617600971182,0.12356909661233735,,,,,,,,,,,,,90.0,
plot_curve,8.080267558528428,0.18815616654860204,0.10163077947708793,0.12366519948660176,,,,,,,,,,,,,90.0,
plot_curve,8.14046822742475,0.18850999797316711,0.1018017371619932,0.12376364758435986,,,,,,,,,,,,,90.0,
plot_curve,8.20066889632107,0.1888666145534592,0.1019747225696479,0.12386448028235843,,,,,,,,,,,,,90.0,
plot_curve,8.26086956521739,0.1892262145682923,0.10214982511786593,0.12396773695734424,,,,,,,,,,,,,90.0,
plot_curve,8.321070234113712,0.1895889962964802,0.1023271342244611,0.12407345698606406,,,,,,,,,,,,,90.0,
plot_curve,8.381270903010034,0.18995515801683685,0.10250673930724727,0.12418167974526466,,,,,,,,,,,,,90.0,
plot_curve,8.441471571906355,0.1903248980081761,0.10268872978403835,0.12429244461169282,,,,,,,,,,,,,90.0,
plot_curve,8.501672240802677,0.19069841454931177,0.1028731950726482,0.12440579096209531,,,,,,,,,,,,,90.0,
plot_curve,8.561872909698998,0.19107590591905782,0.10306022459089062,0.12452175817321891,,,,,,,,,,,,,90.0,
plot_curve,8.622073578595318,0.1914575703962281,0.10324990775657955,0.12464038562181037,,,,,,,,,,,,,90.0,
plot_curve,8.68227424749164,0.19184360625963653,0.1034423339875288,0.12476171268461649,,,,,,,,,,,,,90.0,
plot_curve,8.742474916387959,0.1922342117880969,0.10363759270155228,0.12488577873838401,,,,,,,,,,,,,90.0,
plot_curve,8.80267558528428,0.19262958526042323,0.10383577331646382,0.12501262315985973,,,,,,,,,,,,,90.0,
plot_curve,8.862876254180602,0.19302992495542926,0.1040369652500773,0.12514228532579041,,,,,,,,,,,,,90.0,
plot_curve,8.923076923076923,0.19343542915192896,0.10424125792020657,0.12527480461292284,,,,,,,,,,,,,90.0,
plot_curve,8.983277591973245,0.1938462961287362,0.10444874074466551,0.12541022039800379,,,,,,,,,,,,,90.0,
plot_curve,9.043478260869566,0.1942627241646648,0.10465950314126796,0.12554857205778,,,,,,,,,,,,,90.0,
plot_curve,9.103678929765888,0.1946849115385287,0.1048736345278278,0.1256898989689983,,,,,,,,,,,,,90.0,
plot_curve,9.163879598662207,0.1951130565291418,0.10509122432215892,0.1258342405084054,,,,,,,,,,,,,90.0,
plot_curve,9.224080267558529,0.19554735741531787,0.10531236194207513,0.1259816360527481,,,,,,,,,,,,,90.0,
plot_curve,9.284280936454849,0.19598801247587094,0.10553713680539034,0.12613212497877316,,,,,,,,,,,,,90.0,
plot_curve,9.34448160535117,0.19643521998961483,0.1057656383299184,0.1262857466632274,,,,,,,,,,,,,90.0,
plot_curve,9.404682274247492,0.19688917823536334,0.10599795593347314,0.12644254048285752,,,,,,,,,,,,,90.0,
plot_curve,9.464882943143813,0.19735008549193053,0.10623417903386848,0.12660254581441036,,,,,,,,,,,,,90.0,
plot_curve,9.525083612040135,0.19781814003813009,0.10647439704891826,0.12676580203463264,,,,,,,,,,,,,90.0,
plot_curve,9.585284280936456,0.198293540152776,0.10671869939643633,0.1269323485202712,,,,,,,,,,,,,90.0,
plot_curve,9.645484949832776,0.19877648411468213,0.10696717549423655,0.12710222464807272,,,,,,,,,,,,,90.0,
plot_curve,9.705685618729097,0.19926717020266238,0.10721991476013282,0.12727546979478405,,,,,,,,,,,,,90.0,
plot_curve,9.765886287625419,0.19976579669553057,0.10747700661193899,0.12745212333715192,,,,,,,,,,,,,90.0,
plot_curve,9.826086956521738,0.20027256187210063,0.10773854046746889,0.12763222465192312,,,,,,,,,,,,,90.0,
plot_curve,9.88628762541806,0.20078766401118642,0.10800460574453644,0.12781581311584442,,,,,,,,,,,,,90.0,
plot_curve,9.946488294314381,0.20131130139160186,0.10827529186095547,0.1280029281056626,,,,,,,,,,,,,90.0,
plot_curve,10.006688963210703,0.2018436722921608,0.10855068823453984,0.1281936089981244,,,,,,,,,,,,,90.0,
plot_curve,10.066889632107024,0.2023849749916771,0.10883088428310342,0.12838789516997665,,,,,,,,,,,,,90.0,
plot_curve,10.127090301003344,0.20293540776896468,0.10911596942446009,0.12858582599796606,,,,,,,,,,,,,90.0,
plot_curve,10.187290969899665,0.20349516890283742,0.10940603307642369,0.12878744085883945,,,,,,,,,,,,,90.0,
plot_curve,10.247491638795987,0.20406445667210915,0.1097011646568081,0.12899277912934357,,,,,,,,,,,,,90.0,
plot_curve,10.307692307692308,0.2046434693555938,0.11000145358342717,0.1292018801862252,,,,,,,,,,,,,90.0,
plot_curve,10.36789297658863,0.20523240523210529,0.11030698927409478,0.1294147834062311,,,,,,,,,,,,,90.0,
plot_curve,10.42809364548495,0.20583146258045737,0.11061786114662478,0.12963152816610807,,,,,,,,,,,,,90.0,
plot_curve,10.488294314381271,0.20644083967946403,0.11093415861883105,0.12985215384260285,,,,,,,,,,,,,90.0,
plot_curve,10.548494983277592,0.20706073480793916,0.11125597110852745,0.13007669981246225,,,,,,,,,,,,,90.0,
plot_curve,10.608695652173914,0.20769134624469654,0.11158338803352782,0.13030520545243302,,,,,,,,,,,,,90.0,
plot_curve,10.668896321070234,0.20833287226855016,0.11191649881164605,0.1305377101392619,,,,,,,,,,,,,90.0,
plot_curve,10.729096989966555,0.20898551115831387,0.112255392860696,0.13077425324969572,,,,,,,,,,,,,90.0,
plot_curve,10.789297658862877,0.2096494611928015,0.11260015959849153,0.13101487416048122,,,,,,,,,,,,,90.0,
plot_curve,10.849498327759198,0.21032492065082697,0.11295088844284648,0.1312596122483652,,,,,,,,,,,,,90.0,
plot_curve,10.909698996655518,0.21101208781120415,0.11330766881157477,0.13150850689009438,,,,,,,,,,,,,90.0,
plot_curve,10.96989966555184,0.21171116095274695,0.11367059012249023,0.1317615974624156,,,,,,,,,,,,,90.0,
plot_curve,11.03010033444816,0.21242233835426924,0.1140397417934067,0.13201892334207554,,,,,,,,,,,,,90.0,
plot_curve,11.090301003344482,0.21314581829458487,0.11441521324213809,0.1322805239058211,,,,,,,,,,,,,90.0,
plot_curve,11.150501672240804,0.21388179905250776,0.11479709388649824,0.13254643853039896,,,,,,,,,,,,,90.0,
plot_curve,11.210702341137123,0.21463047890685175,0.11518547314430103,0.1328167065925559,,,,,,,,,,,,,90.0,
plot_curve,11.270903010033445,0.21539205613643075,0.11558044043336027,0.1330913674690387,,,,,,,,,,,,,90.0,
plot_curve,11.331103678929766,0.2161667290200587,0.1159820851714899,0.13337046053659418,,,,,,,,,,,,,90.0,
plot_curve,11.391304347826088,0.21695469583654936,0.11639049677650376,0.1336540251719691,,,,,,,,,,,,,90.0,
plot_curve,11.451505016722408,0.21775615486471664,0.11680576466621566,0.13394210075191013,,,,,,,,,,,,,90.0,
plot_curve,11.511705685618729,0.21857130438337452,0.11722797825843956,0.13423472665316416,,,,,,,,,,,,,90.0,
plot_curve,11.57190635451505,0.21940034267133676,0.11765722697098924,0.13453194225247792,,,,,,,,,,,,,90.0,
plot_curve,11.632107023411372,0.2202434680074173,0.1180936002216786,0.1348337869265982,,,,,,,,,,,,,90.0,
plot_curve,11.692307692307693,0.22110087867043005,0.1185371874283215,0.13514030005227173,,,,,,,,,,,,,90.0,
plot_curve,11.752508361204013,0.22197277293918877,0.11898807800873179,0.13545152100624533,,,,,,,,,,,,,90.0,
plot_curve,11.812709030100335,0.2228593490925075,0.11944636138072337,0.13576748916526574,,,,,,,,,,,,,90.0,
plot_curve,11.872909698996656,0.22376080540920001,0.11991212696211007,0.13608824390607976,,,,,,,,,,,,,90.0,
plot_curve,11.933110367892978,0.22467734016808025,0.12038546417070575,0.13641382460543414,,,,,,,,,,,,,90.0,
plot_curve,11.993311036789297,0.225609151647962,0.1208664624243243,0.13674427064007563,,,,,,,,,,,,,90.0,
plot_curve,12.053511705685619,0.22655643812765927,0.12135521114077957,0.13707962138675106,,,,,,,,,,,,,90.0,
plot_curve,12.11371237458194,0.22751939788598588,0.12185179973788543,0.1374199162222072,,,,,,,,,,,,,90.0,
plot_curve,12.173913043478262,0.22849822920175572,0.12235631763345577,0.13776519452319078,,,,,,,,,,,,,90.0,
plot_curve,12.234113712374581,0.22949313035378258,0.12286885424530439,0.13811549566644857,,,,,,,,,,,,,90.0,
plot_curve,12.294314381270903,0.2305042996208805,0.12338949899124518,0.13847085902872738,,,,,,,,,,,,,90.0,
plot_curve,12.354515050167224,0.23153193528186333,0.12391834128909204,0.13883132398677397,,,,,,,,,,,,,90.0,
plot_curve,12.414715719063546,0.23257623561554483,0.12445547055665879,0.13919692991733512,,,,,,,,,,,,,90.0,
plot_curve,12.474916387959867,0.23363739890073898,0.12500097621175932,0.13956771619715758,,,,,,,,,,,,,90.0,
plot_curve,12.535117056856187,0.23471562341625962,0.12555494767220746,0.13994372220298812,,,,,,,,,,,,,90.0,
plot_curve,12.595317725752508,0.23581110744092065,0.12611747435581713,0.14032498731157353,,,,,,,,,,,,,90.0,
plot_curve,12.65551839464883,0.23692404925353597,0.12668864568040214,0.1407115508996606,,,,,,,,,,,,,90.0,
plot_curve,12.715719063545151,0.23805464713291946,0.12726855106377638,0.14110345234399607,,,,,,,,,,,,,90.0,
plot_curve,12.775919732441471,0.23920309935788492,0.1278572799237537,0.1415007310213267,,,,,,,,,,,,,90.0,
plot_curve,12.836120401337793,0.24036960420724632,0.128454921678148,0.14190342630839933,,,,,,,,,,,,,90.0,
plot_curve,12.896321070234114,0.24155435995981756,0.1290615657447731,0.14231157758196067,,,,,,,,,,,,,90.0,
plot_curve,12.956521739130435,0.24275756489441244,0.12967730154144289,0.14272522421875752,,,,,,,,,,,,,90.0,
plot_curve,13.016722408026757,0.2439794172898449,0.13030221848597123,0.14314440559553662,,,,,,,,,,,,,90.0,
plot_curve,13.076923076923077,0.24522011542492878,0.13093640599617196,0.1435691610890448,,,,,,,,,,,,,90.0,
plot_curve,13.137123745819398,0.2464798575784779,0.13157995348985896,0.14399953007602878,,,,,,,,,,,,,90.0,
plot_curve,13.19732441471572,0.24775884202930637,0.13223295038484614,0.14443555193323537,,,,,,,,,,,,,90.0,
plot_curve,13.257525083612041,0.2490572670562278,0.1328954860989473,0.1448772660374113,,,,,,,,,,,,,90.0,
plot_curve,13.31772575250836,0.2503753309380562,0.13356765004997628,0.14532471176530337,,,,,,,,,,,,,90.0,
plot_curve,13.377926421404682,0.2517132319536055,0.13424953165574705,0.14577792849365837,,,,,,,,,,,,,90.0,
plot_curve,13.438127090301004,0.2530711683816895,0.13494122033407338,0.14623695559922306,,,,,,,,,,,,,90.0,
plot_curve,13.498327759197325,0.25444933850112217,0.1356428055027692,0.14670183245874419,,,,,,,,,,,,,90.0,
plot_curve,13.558528428093645,0.25584794059071725,0.13635437657964827,0.14717259844896854,,,,,,,,,,,,,90.0,
plot_curve,13.618729096989966,0.25726717292928863,0.1370760229825246,0.1476492929466429,,,,,,,,,,,,,90.0,
plot_curve,13.678929765886288,0.2587072337956504,0.13780783412921196,0.14813195532851406,,,,,,,,,,,,,90.0,
plot_curve,13.73913043478261,0.2601683214686163,0.13854989943752422,0.14862062497132872,,,,,,,,,,,,,90.0,
plot_curve,13.79933110367893,0.2616506342270001,0.13930230832527526,0.14911534125183373,,,,,,,,,,,,,90.0,
plot_curve,13.85953177257525,0.26315437034961586,0.14006515021027893,0.14961614354677583,,,,,,,,,,,,,90.0,
plot_curve,13.919732441471572,0.2646797281152774,0.14083851451034912,0.15012307123290178,,,,,,,,,,,,,90.0,
plot_curve,13.979933110367893,0.2662269058027985,0.14162249064329968,0.15063616368695837,,,,,,,,,,,,,90.0,
plot_curve,14.040133779264215,0.2677961016909932,0.14241716802694449,0.15115546028569238,,,,,,,,,,,,,90.0,
plot_curve,14.100334448160535,0.2693875140586754,0.14322263607909733,0.15168100040585053,,,,,,,,,,,,,90.0,
plot_curve,14.160535117056856,0.27100134118465874,0.14403898421757216,0.1522128234241797,,,,,,,,,,,,,90.0,
plot_curve,14.220735785953178,0.2726377813477574,0.14486630186018284,0.15275096871742655,,,,,,,,,,,,,90.0,
plot_curve,14.280936454849499,0.274297032826785,0.14570467842474322,0.15329547566233792,,,,,,,,,,,,,90.0,
plot_curve,14.34113712374582,0.27597929390055564,0.14655420332906713,0.15384638363566056,,,,,,,,,,,,,90.0,
plot_curve,14.40133779264214,0.2776847628478831,0.1474149659909684,0.15440373201414123,,,,,,,,,,,,,90.0,
plot_curve,14.461538461538462,0.2794136379475811,0.14828705582826104,0.15496756017452676,,,,,,,,,,,,,90.0,
plot_curve,14.521739130434783,0.28116611747846393,0.14917056225875877,0.15553790749356383,,,,,,,,,,,,,90.0,
plot_curve,14.581939799331105,0.2829423997193451,0.15006557470027557,0.15611481334799931,,,,,,,,,,,,,90.0,
plot_curve,14.642140468227424,0.28474268294903854,0.15097218257062514,0.15669831711457988,,,,,,,,,,,,,90.0,
plot_curve,14.702341137123746,0.28656716544635835,0.15189047528762153,0.15728845817005238,,,,,,,,,,,,,90.0,
plot_curve,14.762541806020067,0.28841604549011823,0.15282054226907846,0.15788527589116355,,,,,,,,,,,,,90.0,
plot_curve,14.822742474916389,0.2902895213591321,0.1537624729328099,0.1584888096546602,,,,,,,,,,,,,90.0,
plot_curve,14.88294314381271,0.2921877913322138,0.15471635669662967,0.15909909883728907,,,,,,,,,,,,,90.0,
plot_curve,14.94314381270903,0.29411105368817725,0.1556822829783516,0.15971618281579691,,,,,,,,,,,,,90.0,
plot_curve,15.003344481605351,0.2960595067058363,0.1566603411957896,0.16034010096693052,,,,,,,,,,,,,90.0,
plot_curve,15.063545150501673,0.298033348664005,0.15765062076675748,0.1609708926674367,,,,,,,,,,,,,90.0,
plot_curve,15.123745819397994,0.30003277784149696,0.15865321110906921,0.16160859729406218,,,,,,,,,,,,,90.0,
plot_curve,15.183946488294314,0.3020579925171262,0.15966820164053855,0.16225325422355377,,,,,,,,,,,,,90.0,
plot_curve,15.244147157190636,0.3041091909697067,0.16069568177897942,0.1629049028326582,,,,,,,,,,,,,90.0,
plot_curve,15.304347826086957,0.3061865714780521,0.16173574094220564,0.16356358249812228,,,,,,,,,,,,,90.0,
plot_curve,15.364548494983278,0.3082903323209766,0.16278846854803114,0.16422933259669276,,,,,,,,,,,,,90.0,
plot_curve,15.424749163879598,0.3104206717772937,0.16385395401426964,0.16490219250511642,,,,,,,,,,,,,90.0,
plot_curve,15.48494983277592,0.3125777881258176,0.16493228675873522,0.16558220160014003,,,,,,,,,,,,,90.0,
plot_curve,15.545150501672241,0.31476187964536206,0.16602355619924158,0.16626939925851036,,,,,,,,,,,,,90.0,
plot_curve,15.605351170568563,0.316973144614741,0.16712785175360267,0.1669638248569742,,,,,,,,,,,,,90.0,
plot_curve,15.665551839464884,0.3192117813127682,0.1682452628396323,0.16766551777227828,,,,,,,,,,,,,90.0,
plot_curve,15.725752508361204,0.32147798801825755,0.16937587887514433,0.16837451738116943,,,,,,,,,,,,,90.0,
plot_curve,15.785953177257525,0.3237719630100231,0.17051978927795264,0.1690908630603944,,,,,,,,,,,,,90.0,
plot_curve,15.846153846153847,0.3260939045668786,0.17167708346587113,0.16981459418669995,,,,,,,,,,,,,90.0,
plot_curve,15.906354515050168,0.328444010967638,0.17284785085671367,0.17054575013683287,,,,,,,,,,,,,90.0,
plot_curve,15.966555183946488,0.33082248049111496,0.174032180868294,0.1712843702875399,,,,,,,,,,,,,90.0,
plot_curve,16.02675585284281,0.33322951141612367,0.1752301629184262,0.17203049401556786,,,,,,,,,,,,,90.0,
plot_curve,16.086956521739133,0.3356653020214778,0.1764418864249239,0.1727841606976635,,,,,,,,,,,,,90.0,
plot_curve,16.147157190635454,0.33813005058599144,0.17766744080560107,0.17354540971057356,,,,,,,,,,,,,90.0,
plot_curve,16.207357859531776,0.3406239553884781,0.17890691547827162,0.17431428043104488,,,,,,,,,,,,,90.0,
plot_curve,16.267558528428093,0.343147214707752,0.18016039986074928,0.17509081223582412,,,,,,,,,,,,,90.0,
plot_curve,16.327759197324415,0.3457000268226269,0.18142798337084806,0.1758750445016582,,,,,,,,,,,,,90.0,
plot_curve,16.387959866220736,0.34828259001191675,0.18270975542638182,0.17666701660529383,,,,,,,,,,,,,90.0,
plot_curve,16.448160535117058,0.35089510255443535,0.1840058054451643,0.1774667679234777,,,,,,,,,,,,,90.0,
plot_curve,16.508361204013376,0.3535377627289965,0.18531622284500937,0.1782743378329567,,,,,,,,,,,,,90.0,
plot_curve,16.568561872909697,0.3562107688144144,0.18664109704373108,0.17908976571047758,,,,,,,,,,,,,90.0,
plot_curve,16.62876254180602,0.35891431908950266,0.18798051745914313,0.17991309093278707,,,,,,,,,,,,,90.0,
plot_curve,16.68896321070234,0.36164861183307506,0.1893345735090594,0.180744352876632,,,,,,,,,,,,,90.0,
plot_curve,16.74916387959866,0.36441384532394583,0.19070335461129387,0.18158359091875903,,,,,,,,,,,,,90.0,
plot_curve,16.809364548494983,0.3672102178409288,0.19208695018366023,0.18243084443591506,,,,,,,,,,,,,90.0,
plot_curve,16.869565217391305,0.3700379276628375,0.19348544964397243,0.18328615280484684,,,,,,,,,,,,,90.0,
plot_curve,16.929765886287626,0.372897173068486,0.19489894241004438,0.18414955540230107,,,,,,,,,,,,,90.0,
plot_curve,16.989966555183948,0.3757881523366883,0.19632751789968989,0.1850210916050246,,,,,,,,,,,,,90.0,
plot_curve,17.05016722408027,0.3787110637462583,0.19777126553072283,0.18590080078976412,,,,,,,,,,,,,90.0,
plot_curve,17.11036789297659,0.38166610557600955,0.199230274720957,0.18678872233326652,,,,,,,,,,,,,90.0,
plot_curve,17.170568561872912,0.3846534761047563,0.2007046348882064,0.18768489561227847,,,,,,,,,,,,,90.0,
plot_curve,17.230769230769234,0.38767337361131216,0.20219443545028482,0.18858936000354676,,,,,,,,,,,,,90.0,
plot_curve,17.29096989966555,0.3907259963744911,0.20369976582500596,0.18950215488381816,,,,,,,,,,,,,90.0,
plot_curve,17.351170568561873,0.39381154267310703,0.20522071543018397,0.19042331962983952,,,,,,,,,,,,,90.0,
plot_curve,17.411371237458194,0.3969302107859741,0.20675737368363264,0.19135289361835753,,,,,,,,,,,,,90.0,
plot_curve,17.471571906354516,0.40008219899190567,0.20830983000316575,0.192290916226119,,,,,,,,,,,,,90.0,
plot_curve,17.531772575250837,0.40326770556971603,0.20987817380659715,0.1932374268298707,,,,,,,,,,,,,90.0,
plot_curve,17.591973244147155,0.4064869287982187,0.21146249451174076,0.19419246480635932,,,,,,,,,,,,,90.0,
plot_curve,17.652173913043477,0.4097400669562279,0.21306288153641048,0.19515606953233178,,,,,,,,,,,,,90.0,
plot_curve,17.712374581939798,0.41302731832255746,0.21467942429842013,0.19612828038453475,,,,,,,,,,,,,90.0,
plot_curve,17.77257525083612,0.4163488811760211,0.2163122122155836,0.19710913673971506,,,,,,,,,,,,,90.0,
plot_curve,17.83277591973244,0.41970495379543293,0.21796133470571472,0.1980986779746194,,,,,,,,,,,,,90.0,
plot_curve,17.892976588628763,0.42309573445960647,0.21962688118662732,0.19909694346599466,,,,,,,,,,,,,90.0,
plot_curve,17.953177257525084,0.42652142144735605,0.2213089410761354,0.20010397259058754,,,,,,,,,,,,,90.0,
plot_curve,18.013377926421406,0.42998221303749506,0.22300760379205264,0.2011198047251448,,,,,,,,,,,,,90.0,
plot_curve,18.073578595317727,0.43347830750883787,0.22472295875219309,0.20214447924641327,,,,,,,,,,,,,90.0,
plot_curve,18.13377926421405,0.43700990314019794,0.22645509537437042,0.20317803553113967,,,,,,,,,,,,,90.0,
plot_curve,18.19397993311037,0.44057719821038943,0.2282041030763986,0.20422051295607074,,,,,,,,,,,,,90.0,
plot_curve,18.254180602006688,0.4441803909982259,0.22997007127609143,0.2052719508979533,,,,,,,,,,,,,90.0,
plot_curve,18.31438127090301,0.4478196797825218,0.23175308939126293,0.20633238873353416,,,,,,,,,,,,,90.0,
plot_curve,18.37458193979933,0.4514952628420904,0.23355324683972686,0.20740186583956008,,,,,,,,,,,,,90.0,
plot_curve,18.434782608695652,0.4552073384557461,0.23537063303929714,0.2084804215927778,,,,,,,,,,,,,90.0,
plot_curve,18.494983277591974,0.45895610490230254,0.2372053374077875,0.2095680953699341,,,,,,,,,,,,,90.0,
plot_curve,18.555183946488295,0.46274176046057347,0.23905744936301188,0.21066492654777574,,,,,,,,,,,,,90.0,
plot_curve,18.615384615384617,0.46656450340937305,0.24092705832278427,0.21177095450304956,,,,,,,,,,,,,90.0,
plot_curve,18.67558528428094,0.4704245320275148,0.24281425370491827,0.21288621861250218,,,,,,,,,,,,,90.0,
plot_curve,18.73578595317726,0.474322044593813,0.24471912492722794,0.21401075825288057,,,,,,,,,,,,,90.0,
plot_curve,18.795986622073578,0.478257239387081,0.24664176140752705,0.21514461280093128,,,,,,,,,,,,,90.0,
plot_curve,18.8561872909699,0.4822303146861333,0.24858225256362956,0.21628782163340132,,,,,,,,,,,,,90.0,
plot_curve,18.91638795986622,0.48624146876978336,0.25054068781334926,0.21744042412703732,,,,,,,,,,,,,90.0,
plot_curve,18.976588628762542,0.4902908999168455,0.25251715657450013,0.2186024596585861,,,,,,,,,,,,,90.0,
plot_curve,19.036789297658864,0.4943788064061331,0.2545117482648958,0.2197739676047944,,,,,,,,,,,,,90.0,
plot_curve,19.096989966555185,0.49850538651646026,0.25652455230235033,0.22095498734240898,,,,,,,,,,,,,90.0,
plot_curve,19.157190635451506,0.5026708385266409,0.25855565810467757,0.22214555824817672,,,,,,,,,,,,,90.0,
plot_curve,19.217391304347828,0.5068753607154888,0.2606051550896913,0.22334571969884426,,,,,,,,,,,,,90.0,
plot_curve,19.277591973244146,0.5111191513618175,0.2626731326752053,0.22455551107115834,,,,,,,,,,,,,90.0,
plot_curve,19.337792642140467,0.5154024087444419,0.26475968027903374,0.22577497174186595,,,,,,,,,,,,,90.0,
plot_curve,19.39799331103679,0.5197253311421749,0.2668648873189902,0.22700414108771372,,,,,,,,,,,,,90.0,
plot_curve,19.45819397993311,0.5240881168338309,0.2689888432128888,0.2282430584854484,,,,,,,,,,,,,90.0,
plot_curve,19.51839464882943,0.5284909640982237,0.27113163737854307,0.2294917633118168,,,,,,,,,,,,,90.0,
plot_curve,19.578595317725753,0.5329340712141669,0.27329335923376713,0.2307502949435657,,,,,,,,,,,,,90.0,
plot_curve,19.638795986622075,0.5374176364604747,0.2754740981963748,0.23201869275744186,,,,,,,,,,,,,90.0,
plot_curve,19.698996655518396,0.5419418581159607,0.27767394368417986,0.23329699613019209,,,,,,,,,,,,,90.0,
plot_curve,19.759197324414718,0.5465069344594391,0.2798929851149962,0.23458524443856307,,,,,,,,,,,,,90.0,
plot_curve,19.819397993311036,0.5511130637697232,0.2821313119066377,0.2358834770593016,,,,,,,,,,,,,90.0,
plot_curve,19.879598662207357,0.5557604443256279,0.28438901347691825,0.23719173336915456,,,,,,,,,,,,,90.0,
plot_curve,19.93979933110368,0.5604492744059661,0.28666617924365173,0.23851005274486858,,,,,,,,,,,,,90.0,
plot_curve,20.0,0.5651797522895523,0.288962898624652,0.23983847456319057,,,,,,,,,,,,,90.0,
