dataKind,lambda,DPKI_upper_bound,DPKI_lower_bound,DPKI_experimental,epsilon,lambdaTotalMeasured,pManageMeasured,gammaOnChainMeasured,qManageMeasured,muModelOffchainAuthMeasured,lambdaBlockMeasured,lambdaBlockHeightMeasured,lambdaBlockTxConfirmMeanMs,serviceCAs,calibrationScope,runDir,meanBlockMs,configuredLambdaBlock
measured_point,4.0,0.15913430614577323,0.08543283618851537,0.1273389547676705,0.1,3.903306236641611,0.1,0.25,0.3,16.35068523331401,7.235245083846354,8.530104604174044,135.44807240710895,4.0,Fig6 epsilon measured parameters,C:\Users\admin\Desktop\Blockchain_based DPKI platform\DPKI-and--platform-\dpki-experiment-prototype\outputs\real_sweeps\lambda_experiment\aggressive_three_lambdap_100_90_80_lambda2_20_r10000_blockms_100_lambda_4_r10000,100.0,10.0
measured_point,6.0,0.17623942279920374,0.09179459165175777,0.1296172073646724,0.1,6.111349158364033,0.1,0.25,0.3,16.32185105294592,7.430869628313053,8.605393279613255,131.88227610211464,4.0,Fig6 epsilon measured parameters,C:\Users\admin\Desktop\Blockchain_based DPKI platform\DPKI-and--platform-\dpki-experiment-prototype\outputs\real_sweeps\lambda_experiment\aggressive_three_lambdap_100_90_80_lambda2_20_r10000_blockms_100_lambda_6_r10000,100.0,10.0
measured_point,8.0,0.1961961139130708,0.09956672550610714,0.1389665999385908,0.1,7.982548282904983,0.1,0.25,0.3,16.248552107883615,7.240089934638158,8.370210723154383,135.35743462404628,4.0,Fig6 epsilon measured parameters,C:\Users\admin\Desktop\Blockchain_based DPKI platform\DPKI-and--platform-\dpki-experiment-prototype\outputs\real_sweeps\lambda_experiment\aggressive_three_lambdap_100_90_80_lambda2_20_r10000_blockms_100_lambda_8_r10000,100.0,10.0
measured_point,10.0,0.22007092739770998,0.10927691195942867,0.1479670082004518,0.1,9.982631304205055,0.1,0.25,0.3,16.293323839481,7.298837679282959,8.422633949698268,134.26795375675152,4.0,Fig6 epsilon measured parameters,C:\Users\admin\Desktop\Blockchain_based DPKI platform\DPKI-and--platform-\dpki-experiment-prototype\outputs\real_sweeps\lambda_experiment\aggressive_three_lambdap_100_90_80_lambda2_20_r10000_blockms_100_lambda_10_r10000,100.0,10.0
measured_point,12.0,0.2495360953995901,0.12175234559404678,0.1604251031400086,0.1,12.140156754417047,0.1,0.25,0.3,16.25892257306608,7.262993027864794,8.462307320037645,134.93059902992977,4.0,Fig6 epsilon measured parameters,C:\Users\admin\Desktop\Blockchain_based DPKI platform\DPKI-and--platform-\dpki-experiment-prototype\outputs\real_sweeps\lambda_experiment\aggressive_three_lambdap_100_90_80_lambda2_20_r10000_blockms_100_lambda_12_r10000,100.0,10.0
measured_point,14.0,0.28737499495082863,0.13836963173555453,0.2010487650590072,0.1,13.96555327719416,0.1,0.25,0.3,16.30521390583171,7.109092328534486,8.463303063043035,137.8516348798108,4.0,Fig6 epsilon measured parameters,C:\Users\admin\Desktop\Blockchain_based DPKI platform\DPKI-and--platform-\dpki-experiment-prototype\outputs\real_sweeps\lambda_experiment\aggressive_three_lambdap_100_90_80_lambda2_20_r10000_blockms_100_lambda_14_r10000,100.0,10.0
measured_point,16.0,0.3385823916459197,0.1615987403511104,0.2247919512398654,0.1,15.79927188583816,0.1,0.25,0.3,16.37909669524593,7.397702823416418,8.602123435088341,132.4735561014892,4.0,Fig6 epsilon measured parameters,C:\Users\admin\Desktop\Blockchain_based DPKI platform\DPKI-and--platform-\dpki-experiment-prototype\outputs\real_sweeps\lambda_experiment\aggressive_three_lambdap_100_90_80_lambda2_20_r10000_blockms_100_lambda_16_r10000,100.0,10.0
measured_point,4.0,0.15335173786308995,0.08551686859178825,0.1219726085488307,0.1,3.939345783020232,0.1,0.25,0.3,16.19785826769936,7.863311663893054,9.361834715286625,124.62942356717056,4.0,Fig6 epsilon measured parameters,C:\Users\admin\Desktop\Blockchain_based DPKI platform\DPKI-and--platform-\dpki-experiment-prototype\outputs\real_sweeps\lambda_experiment\aggressive_three_lambdap_100_90_80_lambda2_20_r10000_blockms_90_lambda_4_r10000,90.0,11.11111111111111
measured_point,6.0,0.16962406734984622,0.09189230495313538,0.1259316451172064,0.1,5.997543825077955,0.1,0.25,0.3,16.264155148075893,7.845704206340128,9.2061997172323,124.90911895557574,4.0,Fig6 epsilon measured parameters,C:\Users\admin\Desktop\Blockchain_based DPKI platform\DPKI-and--platform-\dpki-experiment-prototype\outputs\real_sweeps\lambda_experiment\aggressive_three_lambdap_100_90_80_lambda2_20_r10000_blockms_90_lambda_6_r10000,90.0,11.11111111111111
measured_point,8.0,0.18864109917406646,0.09968292070964173,0.1325090796473017,0.1,8.13919959301524,0.1,0.25,0.3,16.29260128072687,7.724017649821205,9.234060495941664,126.8769757436643,4.0,Fig6 epsilon measured parameters,C:\Users\admin\Desktop\Blockchain_based DPKI platform\DPKI-and--platform-\dpki-experiment-prototype\outputs\real_sweeps\lambda_experiment\aggressive_three_lambdap_100_90_80_lambda2_20_r10000_blockms_90_lambda_8_r10000,90.0,11.11111111111111
measured_point,10.0,0.2114308647151404,0.10941892993333023,0.1343531982944659,0.1,10.015507079843887,0.1,0.25,0.3,16.23342410515603,7.977622782340722,9.406451346206364,122.8436122812587,4.0,Fig6 epsilon measured parameters,C:\Users\admin\Desktop\Blockchain_based DPKI platform\DPKI-and--platform-\dpki-experiment-prototype\outputs\real_sweeps\lambda_experiment\aggressive_three_lambdap_100_90_80_lambda2_20_r10000_blockms_90_lambda_10_r10000,90.0,11.11111111111111
measured_point,12.0,0.2396061354614663,0.12193199362172574,0.144618678550765,0.1,11.78380509848538,0.1,0.25,0.3,16.1921095156336,7.881168504757837,9.287382662791584,124.34704313305532,4.0,Fig6 epsilon measured parameters,C:\Users\admin\Desktop\Blockchain_based DPKI platform\DPKI-and--platform-\dpki-experiment-prototype\outputs\real_sweeps\lambda_experiment\aggressive_three_lambdap_100_90_80_lambda2_20_r10000_blockms_90_lambda_12_r10000,90.0,11.11111111111111
measured_point,14.0,0.27585330380131584,0.13860718355262097,0.1711557681995261,0.1,14.051528966746618,0.1,0.25,0.3,16.291102695744726,7.725755463350745,9.286994751696517,126.84843633077706,4.0,Fig6 epsilon measured parameters,C:\Users\admin\Desktop\Blockchain_based DPKI platform\DPKI-and--platform-\dpki-experiment-prototype\outputs\real_sweeps\lambda_experiment\aggressive_three_lambdap_100_90_80_lambda2_20_r10000_blockms_90_lambda_14_r10000,90.0,11.11111111111111
measured_point,16.0,0.3249978744675399,0.16193213836049242,0.2084369248098692,0.1,16.03130703786999,0.1,0.25,0.3,16.31973314297729,7.748234478081604,9.136308187057503,126.48042631805323,4.0,Fig6 epsilon measured parameters,C:\Users\admin\Desktop\Blockchain_based DPKI platform\DPKI-and--platform-\dpki-experiment-prototype\outputs\real_sweeps\lambda_experiment\aggressive_three_lambdap_100_90_80_lambda2_20_r10000_blockms_90_lambda_16_r10000,90.0,11.11111111111111
measured_point,4.0,0.1470008924943899,0.08628071573841134,0.118492800499784,0.1,4.071175817131633,0.1,0.25,0.3,16.1949669974356,8.48183977994379,10.132623055035731,115.5409705235548,4.0,Fig6 epsilon measured parameters,C:\Users\admin\Desktop\Blockchain_based DPKI platform\DPKI-and--platform-\dpki-experiment-prototype\outputs\real_sweeps\lambda_experiment\aggressive_three_lambdap_100_90_80_lambda2_20_r10000_blockms_80_lambda_4_r10000,80.0,12.5
measured_point,6.0,0.16243109445268164,0.09278129504043295,0.1195373949046374,0.1,5.993803509267766,0.1,0.25,0.3,16.245452762632667,8.597603034862871,10.31961091398695,113.98525798715605,4.0,Fig6 epsilon measured parameters,C:\Users\admin\Desktop\Blockchain_based DPKI platform\DPKI-and--platform-\dpki-experiment-prototype\outputs\real_sweeps\lambda_experiment\aggressive_three_lambdap_100_90_80_lambda2_20_r10000_blockms_80_lambda_6_r10000,80.0,12.5
measured_point,8.0,0.1805357307869787,0.10074126194754487,0.124015952051994,0.1,7.970964550953789,0.1,0.25,0.3,16.19883419856551,8.541285362656625,10.226548353851896,114.736829222995,4.0,Fig6 epsilon measured parameters,C:\Users\admin\Desktop\Blockchain_based DPKI platform\DPKI-and--platform-\dpki-experiment-prototype\outputs\real_sweeps\lambda_experiment\aggressive_three_lambdap_100_90_80_lambda2_20_r10000_blockms_80_lambda_8_r10000,80.0,12.5
measured_point,10.0,0.20232936381913863,0.11071439380511926,0.131430071742171,0.1,10.141022130895198,0.1,0.25,0.3,16.260590151030232,8.471263048335043,10.119748002678472,115.68522833116496,4.0,Fig6 epsilon measured parameters,C:\Users\admin\Desktop\Blockchain_based DPKI platform\DPKI-and--platform-\dpki-experiment-prototype\outputs\real_sweeps\lambda_experiment\aggressive_three_lambdap_100_90_80_lambda2_20_r10000_blockms_80_lambda_10_r10000,80.0,12.5
measured_point,12.0,0.22941210899081926,0.12357394358928728,0.1368814055782961,0.1,11.837593666142148,0.1,0.25,0.3,16.225205284362,8.534009075791712,10.257925807748306,114.83465640784829,4.0,Fig6 epsilon measured parameters,C:\Users\admin\Desktop\Blockchain_based DPKI platform\DPKI-and--platform-\dpki-experiment-prototype\outputs\real_sweeps\lambda_experiment\aggressive_three_lambdap_100_90_80_lambda2_20_r10000_blockms_80_lambda_12_r10000,80.0,12.5
measured_point,14.0,0.26446749258446556,0.14078420486831345,0.1494070296974132,0.1,13.811034667022424,0.1,0.25,0.3,16.164099638622204,8.64971166200794,10.372011082915945,113.29857436802736,4.0,Fig6 epsilon measured parameters,C:\Users\admin\Desktop\Blockchain_based DPKI platform\DPKI-and--platform-\dpki-experiment-prototype\outputs\real_sweeps\lambda_experiment\aggressive_three_lambdap_100_90_80_lambda2_20_r10000_blockms_80_lambda_14_r10000,80.0,12.5
measured_point,16.0,0.3123600301862515,0.16499921793509228,0.174620527647358,0.1,16.11759817768421,0.1,0.25,0.3,16.13608929607257,8.59774624738366,10.265419491297546,113.98335933654931,4.0,Fig6 epsilon measured parameters,C:\Users\admin\Desktop\Blockchain_based DPKI platform\DPKI-and--platform-\dpki-experiment-prototype\outputs\real_sweeps\lambda_experiment\aggressive_three_lambdap_100_90_80_lambda2_20_r10000_blockms_80_lambda_16_r10000,80.0,12.5
plot_curve,4.0,0.15913430614577323,0.08543283618851537,0.12786806483801574,,,,,,,,,,,,,100.0,
plot_curve,4.030075187969925,0.1593704323814666,0.08551807247242828,0.12786125161107467,,,,,,,,,,,,,100.0,
plot_curve,4.06015037593985,0.1596072508167669,0.08560365807326371,0.1278553820432271,,,,,,,,,,,,,100.0,
plot_curve,4.090225563909774,0.15984475921347285,0.08568959155531429,0.12785045872047085,,,,,,,,,,,,,100.0,
plot_curve,4.120300751879699,0.16008295533338313,0.08577587148287269,0.12784648422880368,,,,,,,,,,,,,100.0,
plot_curve,4.150375939849624,0.16032183693829635,0.08586249642023155,0.1278434611542234,,,,,,,,,,,,,100.0,
plot_curve,4.180451127819548,0.16056140179001113,0.08594946493168354,0.12784139208272785,,,,,,,,,,,,,100.0,
plot_curve,4.2105263157894735,0.1608016476503262,0.08603677558152127,0.1278402796003148,,,,,,,,,,,,,100.0,
plot_curve,4.240601503759399,0.16104257228104019,0.08612442693403743,0.12784012629298203,,,,,,,,,,,,,100.0,
plot_curve,4.270676691729324,0.16128417344395174,0.08621241755352466,0.12784093474672734,,,,,,,,,,,,,100.0,
plot_curve,4.3007518796992485,0.16152644890085946,0.0863007460042756,0.12784270754754856,,,,,,,,,,,,,100.0,
plot_curve,4.330827067669173,0.1617693964135621,0.08638941085058291,0.12784544728144345,,,,,,,,,,,,,100.0,
plot_curve,4.360902255639098,0.16201301374385824,0.08647841065673924,0.12784915653440987,,,,,,,,,,,,,100.0,
plot_curve,4.390977443609023,0.1622572986535466,0.08656774398703723,0.12785383789244553,,,,,,,,,,,,,100.0,
plot_curve,4.421052631578947,0.16250224890442577,0.08665740940576956,0.1278594939415483,,,,,,,,,,,,,100.0,
plot_curve,4.451127819548872,0.16274786225829443,0.08674740547722884,0.12786612726771596,,,,,,,,,,,,,100.0,
plot_curve,4.481203007518797,0.1629941364769513,0.08683773076570776,0.12787374045694627,,,,,,,,,,,,,100.0,
plot_curve,4.511278195488722,0.16324106932219493,0.08692838383549895,0.12788233609523708,,,,,,,,,,,,,100.0,
plot_curve,4.541353383458647,0.16348865855582398,0.08701936325089506,0.12789191676858616,,,,,,,,,,,,,100.0,
plot_curve,4.571428571428571,0.16373690193963716,0.08711066757618872,0.12790248506299132,,,,,,,,,,,,,100.0,
plot_curve,4.601503759398496,0.16398579723543313,0.08720229537567264,0.12791404356445035,,,,,,,,,,,,,100.0,
plot_curve,4.631578947368421,0.16423534220501051,0.08729424521363943,0.12792659485896105,,,,,,,,,,,,,100.0,
plot_curve,4.661654135338345,0.16448553461016793,0.08738651565438173,0.12794014153252123,,,,,,,,,,,,,100.0,
plot_curve,4.69172932330827,0.16473637221270412,0.08747910526219221,0.12795468617112868,,,,,,,,,,,,,100.0,
plot_curve,4.7218045112781954,0.1649878527744177,0.08757201260136353,0.12797023136078117,,,,,,,,,,,,,100.0,
plot_curve,4.7518796992481205,0.1652399740571073,0.08766523623618833,0.12798677968747654,,,,,,,,,,,,,100.0,
plot_curve,4.7819548872180455,0.1654927338225716,0.08775877473095924,0.1280043337372126,,,,,,,,,,,,,100.0,
plot_curve,4.81203007518797,0.16574612983260925,0.08785262664996893,0.12802289609598708,,,,,,,,,,,,,100.0,
plot_curve,4.842105263157895,0.16600015984901886,0.08794679055751006,0.12804246934979785,,,,,,,,,,,,,100.0,
plot_curve,4.87218045112782,0.16625482163359917,0.08804126501787526,0.12806305608464263,,,,,,,,,,,,,100.0,
plot_curve,4.902255639097744,0.1665101129481488,0.0881360485953572,0.12808465888651932,,,,,,,,,,,,,100.0,
plot_curve,4.932330827067669,0.16676603155446637,0.08823113985424853,0.12810728034142563,,,,,,,,,,,,,100.0,
plot_curve,4.962406015037594,0.16702257521435057,0.08832653735884188,0.12813092303535942,,,,,,,,,,,,,100.0,
plot_curve,4.992481203007519,0.16727974168960008,0.08842223967342994,0.12815558955431844,,,,,,,,,,,,,100.0,
plot_curve,5.022556390977444,0.16753752874201347,0.08851824536230532,0.1281812824843005,,,,,,,,,,,,,100.0,
plot_curve,5.052631578947368,0.16779593413338947,0.08861455298976066,0.12820800441130342,,,,,,,,,,,,,100.0,
plot_curve,5.082706766917293,0.1680549556255267,0.08871116112008867,0.12823575792132497,,,,,,,,,,,,,100.0,
plot_curve,5.112781954887218,0.16831459098022383,0.08880806831758194,0.128264545600363,,,,,,,,,,,,,100.0,
plot_curve,5.142857142857142,0.1685748379592795,0.08890527314653317,0.1282943700344152,,,,,,,,,,,,,100.0,
plot_curve,5.172932330827067,0.16883569432449239,0.08900277417123499,0.12832523380947952,,,,,,,,,,,,,100.0,
plot_curve,5.203007518796992,0.16909715783766113,0.08910056995598004,0.12835713951155364,,,,,,,,,,,,,100.0,
plot_curve,5.233082706766917,0.16935922626058436,0.08919865906506097,0.12839008972663538,,,,,,,,,,,,,100.0,
plot_curve,5.2631578947368425,0.16962189735506078,0.08929704006277045,0.12842408704072258,,,,,,,,,,,,,100.0,
plot_curve,5.293233082706767,0.16988516888288901,0.08939571151340112,0.128459134039813,,,,,,,,,,,,,100.0,
plot_curve,5.323308270676692,0.17014903860586772,0.08949467198124564,0.12849523330990445,,,,,,,,,,,,,100.0,
plot_curve,5.353383458646617,0.17041350428579558,0.08959392003059663,0.12853238743699472,,,,,,,,,,,,,100.0,
plot_curve,5.383458646616541,0.17067856368447124,0.08969345422574677,0.12857059900708162,,,,,,,,,,,,,100.0,
plot_curve,5.413533834586466,0.17094421456369327,0.08979327313098873,0.12860987060616297,,,,,,,,,,,,,100.0,
plot_curve,5.443609022556391,0.17121045468526044,0.0898933753106151,0.1286502048202365,,,,,,,,,,,,,100.0,
plot_curve,5.473684210526316,0.17147728181097135,0.08999375932891858,0.12869160423530007,,,,,,,,,,,,,100.0,
plot_curve,5.503759398496241,0.17174469370262468,0.09009442375019182,0.12873407143735147,,,,,,,,,,,,,100.0,
plot_curve,5.533834586466165,0.17201268812201906,0.09019536713872744,0.1287776090123885,,,,,,,,,,,,,100.0,
plot_curve,5.56390977443609,0.17228126283095316,0.09029658805881811,0.1288222195464089,,,,,,,,,,,,,100.0,
plot_curve,5.593984962406015,0.17255041559122564,0.09039808507475648,0.12886790562541053,,,,,,,,,,,,,100.0,
plot_curve,5.624060150375939,0.1728201441646351,0.0904998567508352,0.12891466983539118,,,,,,,,,,,,,100.0,
plot_curve,5.654135338345864,0.17309044631298026,0.09060190165134692,0.12896251476234866,,,,,,,,,,,,,100.0,
plot_curve,5.684210526315789,0.17336131979805977,0.09070421834058429,0.12901144299228073,,,,,,,,,,,,,100.0,
plot_curve,5.714285714285714,0.17363276238167222,0.09080680538283996,0.1290614571111852,,,,,,,,,,,,,100.0,
plot_curve,5.74436090225564,0.17390477182561634,0.09090966134240659,0.1291125597050599,,,,,,,,,,,,,100.0,
plot_curve,5.774436090225564,0.1741773458916908,0.0910127847835768,0.12916475335990255,,,,,,,,,,,,,100.0,
plot_curve,5.804511278195489,0.17445048234169414,0.09111617427064328,0.12921804066171103,,,,,,,,,,,,,100.0,
plot_curve,5.834586466165414,0.1747241789374251,0.09121982836789869,0.1292724241964831,,,,,,,,,,,,,100.0,
plot_curve,5.864661654135338,0.17499843344068233,0.0913237456396356,0.1293279065502166,,,,,,,,,,,,,100.0,
plot_curve,5.894736842105263,0.17527324361326446,0.09142792465014676,0.12938449030890925,,,,,,,,,,,,,100.0,
plot_curve,5.924812030075188,0.1755486072169702,0.09153236396372474,0.12944217805855893,,,,,,,,,,,,,100.0,
plot_curve,5.954887218045113,0.17582452201359813,0.09163706214466226,0.1295009723851634,,,,,,,,,,,,,100.0,
plot_curve,5.984962406015038,0.17610098576494693,0.09174201775725194,0.12956087587472043,,,,,,,,,,,,,100.0,
plot_curve,6.015037593984962,0.17637800094459968,0.09184723650231004,0.12962189111322786,,,,,,,,,,,,,100.0,
plot_curve,6.045112781954887,0.17665559632528172,0.09195276095998459,0.1296840206866835,,,,,,,,,,,,,100.0,
plot_curve,6.075187969924812,0.17693378138336066,0.09205859988935985,0.1297472671810851,,,,,,,,,,,,,100.0,
plot_curve,6.105263157894736,0.1772125611878887,0.09216475504596468,0.1298116331824305,,,,,,,,,,,,,100.0,
plot_curve,6.135338345864661,0.17749194080791802,0.09227122818532792,0.12987712127671747,,,,,,,,,,,,,100.0,
plot_curve,6.165413533834586,0.17777192531250074,0.09237802106297835,0.1299437340499438,,,,,,,,,,,,,100.0,
plot_curve,6.195488721804511,0.1780525197706891,0.09248513543444485,0.13001147408810734,,,,,,,,,,,,,100.0,
plot_curve,6.225563909774436,0.17833372925153518,0.0925925730552562,0.13008034397720583,,,,,,,,,,,,,100.0,
plot_curve,6.2556390977443606,0.17861555882409116,0.09270033568094126,0.1301503463032371,,,,,,,,,,,,,100.0,
plot_curve,6.285714285714286,0.17889801355740925,0.09280842506702885,0.13022148365219896,,,,,,,,,,,,,100.0,
plot_curve,6.315789473684211,0.17918109852054162,0.09291684296904781,0.13029375861008918,,,,,,,,,,,,,100.0,
plot_curve,6.345864661654135,0.17946481878254036,0.09302559114252697,0.13036717376290557,,,,,,,,,,,,,100.0,
plot_curve,6.37593984962406,0.17974917941245772,0.09313467134299513,0.1304417316966459,,,,,,,,,,,,,100.0,
plot_curve,6.406015037593985,0.1800341854793458,0.09324408532598115,0.13051743499730803,,,,,,,,,,,,,100.0,
plot_curve,6.43609022556391,0.18031984205225676,0.09335383484701384,0.1305942862508897,,,,,,,,,,,,,100.0,
plot_curve,6.466165413533835,0.1806061542002428,0.09346392166162204,0.13067228804338876,,,,,,,,,,,,,100.0,
plot_curve,6.496240601503759,0.18089312699235607,0.09357434752533458,0.13075144296080296,,,,,,,,,,,,,100.0,
plot_curve,6.526315789473684,0.18118076549764875,0.09368511419368028,0.1308317535891301,,,,,,,,,,,,,100.0,
plot_curve,6.556390977443609,0.181469074785173,0.09379622342218796,0.13091322251436802,,,,,,,,,,,,,100.0,
plot_curve,6.586466165413533,0.18175805992398097,0.09390767696638647,0.13099585232251448,,,,,,,,,,,,,100.0,
plot_curve,6.616541353383458,0.1820477259831248,0.09401947658180464,0.1310796455995673,,,,,,,,,,,,,100.0,
plot_curve,6.646616541353383,0.18233807803165675,0.09413162402397128,0.13116460493152426,,,,,,,,,,,,,100.0,
plot_curve,6.676691729323308,0.18262912113862886,0.09424412104841524,0.1312507329043832,,,,,,,,,,,,,100.0,
plot_curve,6.706766917293233,0.1829208603730934,0.0943569694106653,0.13133803210414183,,,,,,,,,,,,,100.0,
plot_curve,6.7368421052631575,0.18321330080410242,0.09447017086625037,0.13142650511679804,,,,,,,,,,,,,100.0,
plot_curve,6.7669172932330826,0.18350644750070824,0.09458372717069921,0.13151615452834958,,,,,,,,,,,,,100.0,
plot_curve,6.796992481203008,0.18380030553196286,0.0946976400795407,0.13160698292479428,,,,,,,,,,,,,100.0,
plot_curve,6.827067669172932,0.18409487996691853,0.0948119113483036,0.1316989928921299,,,,,,,,,,,,,100.0,
plot_curve,6.857142857142857,0.18439017587462744,0.09492654273251681,0.13179218701635426,,,,,,,,,,,,,100.0,
plot_curve,6.887218045112782,0.18468619832414168,0.09504153598770913,0.13188656788346517,,,,,,,,,,,,,100.0,
plot_curve,6.917293233082707,0.18498295238451348,0.0951568928694094,0.1319821380794604,,,,,,,,,,,,,100.0,
plot_curve,6.947368421052632,0.18528044312479497,0.09527261513314642,0.13207890019033777,,,,,,,,,,,,,100.0,
plot_curve,6.977443609022556,0.18557867561403835,0.09538870453444903,0.13217685680209507,,,,,,,,,,,,,100.0,
plot_curve,7.007518796992481,0.18587765492129568,0.0955051628288461,0.1322760105007301,,,,,,,,,,,,,100.0,
plot_curve,7.037593984962406,0.18617738611561924,0.0956219917718664,0.13237636387224064,,,,,,,,,,,,,100.0,
plot_curve,7.06766917293233,0.18647787426606116,0.09573919311903878,0.1324779195026245,,,,,,,,,,,,,100.0,
plot_curve,7.097744360902255,0.18677912444167358,0.0958567686258921,0.1325806799778795,,,,,,,,,,,,,100.0,
plot_curve,7.12781954887218,0.1870811417115087,0.09597472004795513,0.13268464788400341,,,,,,,,,,,,,100.0,
plot_curve,7.157894736842105,0.18738393114461863,0.09609304914075673,0.13278982580699406,,,,,,,,,,,,,100.0,
plot_curve,7.18796992481203,0.18768749781005561,0.09621175765982574,0.13289621633284923,,,,,,,,,,,,,100.0,
plot_curve,7.218045112781954,0.18799184677687172,0.09633084736069099,0.1330038220475667,,,,,,,,,,,,,100.0,
plot_curve,7.248120300751879,0.1882969831141192,0.09645031999888129,0.13311264553714428,,,,,,,,,,,,,100.0,
plot_curve,7.2781954887218046,0.18860291189085018,0.0965701773299255,0.13322268938757978,,,,,,,,,,,,,100.0,
plot_curve,7.308270676691729,0.1889096381761168,0.09669042110935239,0.13333395618487096,,,,,,,,,,,,,100.0,
plot_curve,7.338345864661654,0.18921716703897126,0.09681105309269084,0.1334464485150157,,,,,,,,,,,,,100.0,
plot_curve,7.368421052631579,0.18952550354846576,0.09693207503546966,0.1335601689640117,,,,,,,,,,,,,100.0,
plot_curve,7.398496240601504,0.18983465277365238,0.09705348869321768,0.13367512011785682,,,,,,,,,,,,,100.0,
plot_curve,7.428571428571429,0.1901446197835833,0.09717529582146374,0.13379130456254884,,,,,,,,,,,,,100.0,
plot_curve,7.458646616541353,0.19045540964731072,0.09729749817573663,0.1339087248840856,,,,,,,,,,,,,100.0,
plot_curve,7.488721804511278,0.19076702743388685,0.09742009751156525,0.1340273836684648,,,,,,,,,,,,,100.0,
plot_curve,7.518796992481203,0.1910794782123637,0.09754309558447838,0.13414728350168434,,,,,,,,,,,,,100.0,
plot_curve,7.548872180451127,0.19139276705179356,0.09766649415000485,0.13426842696974195,,,,,,,,,,,,,100.0,
plot_curve,7.578947368421052,0.1917068990212286,0.09779029496367347,0.13439081665863545,,,,,,,,,,,,,100.0,
plot_curve,7.609022556390977,0.19202187918972094,0.09791449978101313,0.13451445515436267,,,,,,,,,,,,,100.0,
plot_curve,7.639097744360902,0.19233771262632274,0.0980391103575526,0.13463934504292135,,,,,,,,,,,,,100.0,
plot_curve,7.669172932330827,0.19265440440008613,0.09816412844882076,0.13476548891030934,,,,,,,,,,,,,100.0,
plot_curve,7.699248120300751,0.19297195958006336,0.09828955581034639,0.1348928893425244,,,,,,,,,,,,,100.0,
plot_curve,7.729323308270676,0.19329038323530656,0.09841539419765834,0.13502154892556437,,,,,,,,,,,,,100.0,
plot_curve,7.7593984962406015,0.1936096804348679,0.09854164536628544,0.135151470245427,,,,,,,,,,,,,100.0,
plot_curve,7.789473684210526,0.19392985624779951,0.09866831107175654,0.13528265588811011,,,,,,,,,,,,,100.0,
plot_curve,7.819548872180451,0.19425091574315356,0.09879539306960042,0.13541510843961152,,,,,,,,,,,,,100.0,
plot_curve,7.849624060150376,0.1945728639899823,0.09892289311534597,0.13554883048592897,,,,,,,,,,,,,100.0,
plot_curve,7.879699248120301,0.19489570605733778,0.09905081296452195,0.13568382461306033,,,,,,,,,,,,,100.0,
plot_curve,7.909774436090226,0.19521944701427218,0.09917915437265722,0.13582009340700335,,,,,,,,,,,,,100.0,
plot_curve,7.93984962406015,0.1955440919298377,0.09930791909528064,0.13595763945375583,,,,,,,,,,,,,100.0,
plot_curve,7.969924812030075,0.19586964587308653,0.099437108887921,0.1360964653393156,,,,,,,,,,,,,100.0,
plot_curve,8.0,0.1961961139130708,0.09956672550610714,0.13623657364968045,,,,,,,,,,,,,100.0,
plot_curve,8.030075187969924,0.1965234413184552,0.09969676972893197,0.13637796697084814,,,,,,,,,,,,,100.0,
plot_curve,8.060150375939848,0.1968515749845674,0.09982724298560806,0.1365206478888165,,,,,,,,,,,,,100.0,
plot_curve,8.090225563909774,0.197180522420454,0.09995814800684365,0.13666461898958332,,,,,,,,,,,,,100.0,
plot_curve,8.1203007518797,0.19751029113516158,0.100089487523347,0.13680988285914641,,,,,,,,,,,,,100.0,
plot_curve,8.150375939849624,0.19784088863773672,0.10022126426582634,0.13695644208350355,,,,,,,,,,,,,100.0,
plot_curve,8.180451127819548,0.19817232243722602,0.10035348096498993,0.13710429924865256,,,,,,,,,,,,,100.0,
plot_curve,8.210526315789473,0.19850460004267606,0.10048614035154606,0.1372534569405912,,,,,,,,,,,,,100.0,
plot_curve,8.240601503759398,0.19883772896313343,0.10061924515620296,0.13740391774531732,,,,,,,,,,,,,100.0,
plot_curve,8.270676691729323,0.19917171670764472,0.10075279810966889,0.1375556842488287,,,,,,,,,,,,,100.0,
plot_curve,8.300751879699249,0.19950657078525655,0.10088680194265211,0.13770875903712312,,,,,,,,,,,,,100.0,
plot_curve,8.330827067669173,0.1998422987050154,0.10102125938586087,0.13786314469619837,,,,,,,,,,,,,100.0,
plot_curve,8.360902255639097,0.20017890797596796,0.1011561731700034,0.13801884381205226,,,,,,,,,,,,,100.0,
plot_curve,8.390977443609023,0.20051640610716084,0.10129154602578802,0.13817585897068263,,,,,,,,,,,,,100.0,
plot_curve,8.421052631578947,0.20085480060764052,0.10142738068392293,0.13833419275808723,,,,,,,,,,,,,100.0,
plot_curve,8.451127819548873,0.20119409898645368,0.10156367987511641,0.13849384776026386,,,,,,,,,,,,,100.0,
plot_curve,8.481203007518797,0.20153430875264688,0.1017004463300767,0.13865482656321032,,,,,,,,,,,,,100.0,
plot_curve,8.511278195488721,0.20187543741526665,0.10183768277951205,0.13881713175292446,,,,,,,,,,,,,100.0,
plot_curve,8.541353383458645,0.20221749248335968,0.10197539195413073,0.13898076591540398,,,,,,,,,,,,,100.0,
plot_curve,8.571428571428571,0.20256048146597253,0.10211357658464103,0.13914573163664679,,,,,,,,,,,,,100.0,
plot_curve,8.601503759398497,0.20290441187215172,0.10225223940175113,0.1393120315026506,,,,,,,,,,,,,100.0,
plot_curve,8.631578947368421,0.2032492912109439,0.10239138313616933,0.13947966809941323,,,,,,,,,,,,,100.0,
plot_curve,8.661654135338345,0.20359512699139565,0.10253101051860387,0.1396486440129325,,,,,,,,,,,,,100.0,
plot_curve,8.69172932330827,0.2039419267225535,0.10267112427976303,0.1398189618292062,,,,,,,,,,,,,100.0,
plot_curve,8.721804511278195,0.20428969791346416,0.10281172715035507,0.13999062413423213,,,,,,,,,,,,,100.0,
plot_curve,8.75187969924812,0.2046384480731741,0.1029528218610882,0.14016363351400807,,,,,,,,,,,,,100.0,
plot_curve,8.781954887218046,0.20498818471073,0.1030944111426707,0.14033799255453183,,,,,,,,,,,,,100.0,
plot_curve,8.81203007518797,0.20533891533517837,0.10323649772581084,0.1405137038418012,,,,,,,,,,,,,100.0,
plot_curve,8.842105263157894,0.2056906474555658,0.10337908434121684,0.140690769961814,,,,,,,,,,,,,100.0,
plot_curve,8.87218045112782,0.20604338858093896,0.103522173719597,0.14086919350056804,,,,,,,,,,,,,100.0,
plot_curve,8.902255639097744,0.20639714622034436,0.10366576859165955,0.14104897704406105,,,,,,,,,,,,,100.0,
plot_curve,8.93233082706767,0.20675192788282865,0.10380987168811275,0.14123012317829092,,,,,,,,,,,,,100.0,
plot_curve,8.962406015037594,0.20710774107743832,0.10395448573966483,0.14141263448925537,,,,,,,,,,,,,100.0,
plot_curve,8.992481203007518,0.20746459331322006,0.1040996134770241,0.14159651356295222,,,,,,,,,,,,,100.0,
plot_curve,9.022556390977442,0.2078224920992204,0.10424525763089874,0.14178176298537928,,,,,,,,,,,,,100.0,
plot_curve,9.052631578947368,0.20818144494448598,0.10439142093199709,0.14196838534253436,,,,,,,,,,,,,100.0,
plot_curve,9.082706766917294,0.20854145935806334,0.10453810611102737,0.14215638322041524,,,,,,,,,,,,,100.0,
plot_curve,9.112781954887218,0.2089025428489991,0.1046853158986978,0.1423457592050197,,,,,,,,,,,,,100.0,
plot_curve,9.142857142857142,0.20926470292633975,0.10483305302571666,0.1425365158823456,,,,,,,,,,,,,100.0,
plot_curve,9.172932330827066,0.20962794709913204,0.10498132022279223,0.14272865583839064,,,,,,,,,,,,,100.0,
plot_curve,9.203007518796992,0.20999228287642246,0.10513012022063276,0.14292218165915274,,,,,,,,,,,,,100.0,
plot_curve,9.233082706766917,0.21035771776725762,0.10527945574994646,0.1431170959306296,,,,,,,,,,,,,100.0,
plot_curve,9.263157894736842,0.21072425928068408,0.10542932954144163,0.14331340123881905,,,,,,,,,,,,,100.0,
plot_curve,9.293233082706768,0.21109191492574844,0.10557974432582652,0.1435111001697189,,,,,,,,,,,,,100.0,
plot_curve,9.32330827067669,0.21146069221149733,0.10573070283380936,0.1437101953093269,,,,,,,,,,,,,100.0,
plot_curve,9.353383458646617,0.2118305986469773,0.10588220779609843,0.14391068924364095,,,,,,,,,,,,,100.0,
plot_curve,9.38345864661654,0.2122016417412349,0.10603426194340199,0.14411258455865875,,,,,,,,,,,,,100.0,
plot_curve,9.413533834586469,0.21257382900331684,0.10618686800642828,0.14431588384037813,,,,,,,,,,,,,100.0,
plot_curve,9.443609022556393,0.2129471679422696,0.10634002871588555,0.1445205896747969,,,,,,,,,,,,,100.0,
plot_curve,9.473684210526317,0.21332166606713973,0.10649374680248205,0.14472670464791285,,,,,,,,,,,,,100.0,
plot_curve,9.50375939849624,0.21369733088697393,0.10664802499692608,0.14493423134572375,,,,,,,,,,,,,100.0,
plot_curve,9.533834586466163,0.21407416991081873,0.10680286602992582,0.14514317235422744,,,,,,,,,,,,,100.0,
plot_curve,9.563909774436093,0.21445219064772084,0.10695827263218964,0.14535353025942174,,,,,,,,,,,,,100.0,
plot_curve,9.593984962406015,0.2148314006067266,0.10711424753442567,0.14556530764730435,,,,,,,,,,,,,100.0,
plot_curve,9.62406015037594,0.21521180729688277,0.10727079346734224,0.1457785071038732,,,,,,,,,,,,,100.0,
plot_curve,9.654135338345863,0.21559341822723593,0.10742791316164758,0.14599313121512597,,,,,,,,,,,,,100.0,
plot_curve,9.68421052631579,0.21597624090683265,0.10758560934804995,0.1462091825670605,,,,,,,,,,,,,100.0,
plot_curve,9.714285714285714,0.2163602828447195,0.10774388475725762,0.14642666374567462,,,,,,,,,,,,,100.0,
plot_curve,9.74436090225564,0.21674555154994313,0.10790274211997883,0.14664557733696612,,,,,,,,,,,,,100.0,
plot_curve,9.774436090225564,0.21713205453154996,0.10806218416692182,0.14686592592693273,,,,,,,,,,,,,100.0,
plot_curve,9.804511278195488,0.21751979929858678,0.10822221362879487,0.14708771210157232,,,,,,,,,,,,,100.0,
plot_curve,9.834586466165414,0.21790879336010013,0.10838283323630625,0.14731093844688267,,,,,,,,,,,,,100.0,
plot_curve,9.864661654135338,0.21829904422513646,0.10854404572016417,0.14753560754886158,,,,,,,,,,,,,100.0,
plot_curve,9.894736842105264,0.21869055940274254,0.10870585381107692,0.14776172199350684,,,,,,,,,,,,,100.0,
plot_curve,9.924812030075188,0.21908334640196486,0.10886826023975274,0.14798928436681627,,,,,,,,,,,,,100.0,
plot_curve,9.954887218045112,0.21947741273184998,0.10903126773689989,0.14821829725478763,,,,,,,,,,,,,100.0,
plot_curve,9.984962406015036,0.21987276590144456,0.10919487903322661,0.14844876324341874,,,,,,,,,,,,,100.0,
plot_curve,10.015037593984962,0.22026939315948937,0.10935909631342298,0.1486806849187074,,,,,,,,,,,,,100.0,
plot_curve,10.045112781954888,0.22066718205821398,0.1095239196999989,0.1489140648666514,,,,,,,,,,,,,100.0,
plot_curve,10.075187969924812,0.22106612394807135,0.10968935308452794,0.14914890567324854,,,,,,,,,,,,,100.0,
plot_curve,10.105263157894736,0.2214662306181555,0.10985540097881426,0.14938520992449664,,,,,,,,,,,,,100.0,
plot_curve,10.13533834586466,0.2218675138575606,0.11002206789466197,0.14962298020639345,,,,,,,,,,,,,100.0,
plot_curve,10.165413533834586,0.22226998545538063,0.11018935834387525,0.14986221910493683,,,,,,,,,,,,,100.0,
plot_curve,10.19548872180451,0.22267365720070967,0.11035727683825819,0.1501029292061245,,,,,,,,,,,,,100.0,
plot_curve,10.225563909774436,0.22307854088264178,0.1105258278896149,0.15034511309595436,,,,,,,,,,,,,100.0,
plot_curve,10.25563909774436,0.2234846482902711,0.11069501600974958,0.15058877336042412,,,,,,,,,,,,,100.0,
plot_curve,10.285714285714285,0.2238919912126916,0.11086484571046631,0.1508339125855316,,,,,,,,,,,,,100.0,
plot_curve,10.31578947368421,0.22430058143899742,0.11103532150356928,0.15108053335727462,,,,,,,,,,,,,100.0,
plot_curve,10.345864661654137,0.2247104307582826,0.11120644790086257,0.151328638261651,,,,,,,,,,,,,100.0,
plot_curve,10.37593984962406,0.2251215509596412,0.1113782294141503,0.15157822988465847,,,,,,,,,,,,,100.0,
plot_curve,10.406015037593985,0.22553395383216726,0.11155067055523665,0.15182931081229487,,,,,,,,,,,,,100.0,
plot_curve,10.436090225563907,0.22594765116495485,0.11172377583592573,0.15208188363055794,,,,,,,,,,,,,100.0,
plot_curve,10.466165413533831,0.22636265474709813,0.11189754976802169,0.15233595092544558,,,,,,,,,,,,,100.0,
plot_curve,10.49624060150376,0.22677897636769118,0.11207199686332868,0.15259151528295556,,,,,,,,,,,,,100.0,
plot_curve,10.526315789473683,0.22719662781582786,0.11224712163365076,0.15284857928908563,,,,,,,,,,,,,100.0,
plot_curve,10.556390977443607,0.22761562088060244,0.11242292859079211,0.1531071455298336,,,,,,,,,,,,,100.0,
plot_curve,10.586466165413531,0.2280359673511089,0.11259942224655689,0.1533672165911973,,,,,,,,,,,,,100.0,
plot_curve,10.616541353383456,0.22845767901644126,0.11277660711274919,0.15362879505917448,,,,,,,,,,,,,100.0,
plot_curve,10.646616541353383,0.2288807676656938,0.11295448770117317,0.15389188351976302,,,,,,,,,,,,,100.0,
plot_curve,10.676691729323307,0.22930524508796035,0.11313306852363293,0.15415648455896064,,,,,,,,,,,,,100.0,
plot_curve,10.706766917293232,0.22973112307233506,0.11331235409193263,0.15442260076276515,,,,,,,,,,,,,100.0,
plot_curve,10.736842105263158,0.23015841340791204,0.11349234891787639,0.15469023471717439,,,,,,,,,,,,,100.0,
plot_curve,10.766917293233082,0.2305871278837853,0.11367305751326837,0.15495938900818612,,,,,,,,,,,,,100.0,
plot_curve,10.796992481203008,0.23101727828904894,0.11385448438991268,0.15523006622179814,,,,,,,,,,,,,100.0,
plot_curve,10.827067669172932,0.23144887641279702,0.11403663405961345,0.15550226894400826,,,,,,,,,,,,,100.0,
plot_curve,10.857142857142858,0.23188193404412358,0.11421951103417483,0.1557759997608143,,,,,,,,,,,,,100.0,
plot_curve,10.887218045112782,0.23231646297212272,0.11440311982540093,0.156051261258214,,,,,,,,,,,,,100.0,
plot_curve,10.917293233082706,0.23275247498588852,0.11458746494509588,0.15632805602220518,,,,,,,,,,,,,100.0,
plot_curve,10.94736842105263,0.23318998187451498,0.11477255090506384,0.15660638663878568,,,,,,,,,,,,,100.0,
plot_curve,10.977443609022556,0.23362899542709625,0.11495838221710897,0.15688625569395329,,,,,,,,,,,,,100.0,
plot_curve,11.007518796992482,0.23406952743272638,0.11514496339303533,0.15716766577370575,,,,,,,,,,,,,100.0,
plot_curve,11.037593984962406,0.2345115896804994,0.1153322989446471,0.1574506194640409,,,,,,,,,,,,,100.0,
plot_curve,11.06766917293233,0.23495519395950937,0.1155203933837484,0.15773511935095652,,,,,,,,,,,,,100.0,
plot_curve,11.097744360902254,0.23540035205885038,0.11570925122214334,0.15802116802045046,,,,,,,,,,,,,100.0,
plot_curve,11.12781954887218,0.23584707576761652,0.11589887697163612,0.15830876805852045,,,,,,,,,,,,,100.0,
plot_curve,11.157894736842104,0.23629537687490185,0.11608927514403079,0.15859792205116433,,,,,,,,,,,,,100.0,
plot_curve,11.18796992481203,0.23674526716980043,0.11628045025113157,0.15888863258437988,,,,,,,,,,,,,100.0,
plot_curve,11.218045112781954,0.23719675844140625,0.11647240680474251,0.1591809022441649,,,,,,,,,,,,,100.0,
plot_curve,11.24812030075188,0.23764986247881356,0.1166651493166678,0.1594747336165172,,,,,,,,,,,,,100.0,
plot_curve,11.278195488721805,0.23810459107111626,0.11685868229871153,0.15977012928743456,,,,,,,,,,,,,100.0,
plot_curve,11.308270676691729,0.23856095600740843,0.11705301026267788,0.1600670918429148,,,,,,,,,,,,,100.0,
plot_curve,11.338345864661656,0.23901896907678427,0.11724813772037097,0.16036562386895573,,,,,,,,,,,,,100.0,
plot_curve,11.36842105263158,0.2394786420683377,0.1174440691835949,0.1606657279515551,,,,,,,,,,,,,100.0,
plot_curve,11.398496240601505,0.23993998677116288,0.11764080916415383,0.1609674066767107,,,,,,,,,,,,,100.0,
plot_curve,11.428571428571429,0.2404030149743538,0.1178383621738519,0.1612706626304204,,,,,,,,,,,,,100.0,
plot_curve,11.458646616541351,0.24086773846700454,0.1180367327244932,0.1615754983986819,,,,,,,,,,,,,100.0,
plot_curve,11.48872180451128,0.2413341690382093,0.11823592532788196,0.16188191656749315,,,,,,,,,,,,,100.0,
plot_curve,11.518796992481205,0.24180231847706202,0.1184359444958222,0.16218991972285182,,,,,,,,,,,,,100.0,
plot_curve,11.548872180451127,0.24227219857265675,0.1186367947401181,0.16249951045075572,,,,,,,,,,,,,100.0,
plot_curve,11.578947368421051,0.2427438211140876,0.1188384805725738,0.16281069133720266,,,,,,,,,,,,,100.0,
plot_curve,11.609022556390975,0.24321719789044863,0.11904100650499343,0.16312346496819047,,,,,,,,,,,,,100.0,
plot_curve,11.6390977443609,0.24369234069083393,0.11924437704918113,0.16343783392971692,,,,,,,,,,,,,100.0,
plot_curve,11.669172932330827,0.2441692613043376,0.11944859671694104,0.16375380080777988,,,,,,,,,,,,,100.0,
plot_curve,11.699248120300751,0.24464797152005363,0.11965367002007725,0.16407136818837703,,,,,,,,,,,,,100.0,
plot_curve,11.729323308270676,0.2451284831270761,0.11985960147039393,0.16439053865750622,,,,,,,,,,,,,100.0,
plot_curve,11.759398496240602,0.2456108079144991,0.12006639557969521,0.16471131480116527,,,,,,,,,,,,,100.0,
plot_curve,11.789473684210526,0.2460949576714167,0.1202740568597852,0.16503369920535194,,,,,,,,,,,,,100.0,
plot_curve,11.819548872180452,0.24658094418692295,0.12048258982246808,0.16535769445606407,,,,,,,,,,,,,100.0,
plot_curve,11.849624060150376,0.24706877925011192,0.12069199897954794,0.1656833031392994,,,,,,,,,,,,,100.0,
plot_curve,11.8796992481203,0.24755847465007771,0.12090228884282891,0.1660105278410558,,,,,,,,,,,,,100.0,
plot_curve,11.909774436090224,0.24805004217591434,0.12111346392411515,0.166339371147331,,,,,,,,,,,,,100.0,
plot_curve,11.93984962406015,0.2485434936167159,0.1213255287352108,0.16666983564412285,,,,,,,,,,,,,100.0,
plot_curve,11.969924812030076,0.24903884076157648,0.12153848778791997,0.16700192391742916,,,,,,,,,,,,,100.0,
plot_curve,12.0,0.2495360953995901,0.12175234559404678,0.16733563855324762,,,,,,,,,,,,,100.0,
plot_curve,12.030075187969924,0.25003515557373407,0.12196710202875709,0.16767098213757614,,,,,,,,,,,,,100.0,
plot_curve,12.060150375939848,0.25053592470160335,0.12218275928571119,0.16800795725641252,,,,,,,,,,,,,100.0,
plot_curve,12.090225563909774,0.251038422634218,0.12239932535445487,0.1683465664957545,,,,,,,,,,,,,100.0,
plot_curve,12.120300751879698,0.25154266922259844,0.1226168082245339,0.1686868124415999,,,,,,,,,,,,,100.0,
plot_curve,12.150375939849624,0.25204868431776484,0.12283521588549412,0.1690286976799465,,,,,,,,,,,,,100.0,
plot_curve,12.180451127819548,0.2525564877707375,0.1230545563268813,0.1693722247967921,,,,,,,,,,,,,100.0,
plot_curve,12.210526315789473,0.25306609943253666,0.12327483753824123,0.16971739637813454,,,,,,,,,,,,,100.0,
plot_curve,12.240601503759398,0.25357753915418274,0.12349606750911973,0.1700642150099716,,,,,,,,,,,,,100.0,
plot_curve,12.270676691729324,0.25409082678669587,0.12371825422906257,0.17041268327830109,,,,,,,,,,,,,100.0,
plot_curve,12.300751879699249,0.2546059821810962,0.12394140568761555,0.17076280376912073,,,,,,,,,,,,,100.0,
plot_curve,12.330827067669173,0.2551230251884042,0.12416552987432448,0.1711145790684284,,,,,,,,,,,,,100.0,
plot_curve,12.360902255639097,0.25564197565964,0.12439063477873517,0.17146801176222187,,,,,,,,,,,,,100.0,
plot_curve,12.390977443609025,0.25616285344582407,0.12461672839039341,0.17182310443649898,,,,,,,,,,,,,100.0,
plot_curve,12.421052631578949,0.25668567839797646,0.12484381869884496,0.17217985967725746,,,,,,,,,,,,,100.0,
plot_curve,12.451127819548873,0.2572104703671174,0.12507191369363566,0.17253828007049513,,,,,,,,,,,,,100.0,
plot_curve,12.481203007518795,0.2577372492042674,0.12530102136431123,0.17289836820220977,,,,,,,,,,,,,100.0,
plot_curve,12.51127819548872,0.2582660347604465,0.12553114970041757,0.17326012665839924,,,,,,,,,,,,,100.0,
plot_curve,12.541353383458643,0.25879684688667515,0.12576230669150043,0.1736235580250613,,,,,,,,,,,,,100.0,
plot_curve,12.571428571428571,0.25932970543397355,0.1259945003271056,0.1739886648881938,,,,,,,,,,,,,100.0,
plot_curve,12.601503759398495,0.2598646302533619,0.12622773859677888,0.17435544983379445,,,,,,,,,,,,,100.0,
plot_curve,12.63157894736842,0.2604016411958604,0.12646202949006607,0.1747239154478611,,,,,,,,,,,,,100.0,
plot_curve,12.661654135338344,0.26094075811248957,0.12669738099651298,0.1750940643163915,,,,,,,,,,,,,100.0,
plot_curve,12.69172932330827,0.2614820008542694,0.1269338011056654,0.1754658990253835,,,,,,,,,,,,,100.0,
plot_curve,12.721804511278195,0.2620253892722204,0.1271712978070691,0.17583942216083492,,,,,,,,,,,,,100.0,
plot_curve,12.75187969924812,0.2625709432173628,0.1274098790902699,0.17621463630874348,,,,,,,,,,,,,100.0,
plot_curve,12.781954887218046,0.26311868254071663,0.1276495529448136,0.17659154405510705,,,,,,,,,,,,,100.0,
plot_curve,12.81203007518797,0.2636686270933024,0.12789032736024597,0.17697014798592337,,,,,,,,,,,,,100.0,
plot_curve,12.842105263157894,0.26422079672614024,0.12813221032611283,0.17735045068719027,,,,,,,,,,,,,100.0,
plot_curve,12.87218045112782,0.2647752112902505,0.12837520983196002,0.17773245474490557,,,,,,,,,,,,,100.0,
plot_curve,12.902255639097744,0.2653318906366534,0.12861933386733318,0.178116162745067,,,,,,,,,,,,,100.0,
plot_curve,12.932330827067668,0.2658908546163692,0.12886459042177825,0.17850157727367244,,,,,,,,,,,,,100.0,
plot_curve,12.962406015037594,0.26645212308041827,0.12911098748484107,0.17888870091671963,,,,,,,,,,,,,100.0,
plot_curve,12.992481203007518,0.2670157158798207,0.1293585330460673,0.17927753626020637,,,,,,,,,,,,,100.0,
plot_curve,13.022556390977442,0.26758165286559693,0.12960723509500277,0.1796680858901305,,,,,,,,,,,,,100.0,
plot_curve,13.052631578947368,0.26814995388876706,0.12985710162119332,0.18006035239248977,,,,,,,,,,,,,100.0,
plot_curve,13.082706766917292,0.2687206388003516,0.13010814061418471,0.18045433835328203,,,,,,,,,,,,,100.0,
plot_curve,13.112781954887218,0.26929372745137053,0.13036036006352278,0.18085004635850502,,,,,,,,,,,,,100.0,
plot_curve,13.142857142857142,0.26986923969284426,0.1306137679587533,0.18124747899415658,,,,,,,,,,,,,100.0,
plot_curve,13.172932330827066,0.27044719537579304,0.13086837228942202,0.1816466388462345,,,,,,,,,,,,,100.0,
plot_curve,13.203007518796992,0.2710276143512372,0.13112418104507484,0.18204752850073658,,,,,,,,,,,,,100.0,
plot_curve,13.233082706766917,0.27161051647019685,0.13138120221525748,0.1824501505436606,,,,,,,,,,,,,100.0,
plot_curve,13.263157894736842,0.27219592158369244,0.13163944378951575,0.18285450756100438,,,,,,,,,,,,,100.0,
plot_curve,13.293233082706768,0.2727838495427441,0.13189891375739543,0.18326060213876572,,,,,,,,,,,,,100.0,
plot_curve,13.32330827067669,0.2733743201983721,0.13215962010844234,0.18366843686294235,,,,,,,,,,,,,100.0,
plot_curve,13.353383458646617,0.27396735340159684,0.1324215708322023,0.1840780143195322,,,,,,,,,,,,,100.0,
plot_curve,13.38345864661654,0.2745629690034384,0.13268477391822103,0.1844893370945329,,,,,,,,,,,,,100.0,
plot_curve,13.413533834586463,0.2751611868549172,0.13294923735604441,0.1849024077739424,,,,,,,,,,,,,100.0,
plot_curve,13.443609022556393,0.2757620268070536,0.13321496913521821,0.1853172289437585,,,,,,,,,,,,,100.0,
plot_curve,13.473684210526317,0.27636550871086746,0.1334819772452882,0.18573380318997884,,,,,,,,,,,,,100.0,
plot_curve,13.50375939849624,0.2769716524173794,0.13375026967580017,0.18615213309860132,,,,,,,,,,,,,100.0,
plot_curve,13.533834586466163,0.2775804777776096,0.1340198544163,0.18657222125562375,,,,,,,,,,,,,100.0,
plot_curve,13.56390977443609,0.2781920046425783,0.1342907394563334,0.18699407024704395,,,,,,,,,,,,,100.0,
plot_curve,13.593984962406015,0.2788062528633059,0.1345629327854462,0.18741768265885966,,,,,,,,,,,,,100.0,
plot_curve,13.62406015037594,0.2794232422908124,0.13483644239318418,0.1878430610770687,,,,,,,,,,,,,100.0,
plot_curve,13.654135338345863,0.28004299277611816,0.13511127626909317,0.18827020808766884,,,,,,,,,,,,,100.0,
plot_curve,13.68421052631579,0.2806655241702437,0.1353874424027189,0.18869912627665794,,,,,,,,,,,,,100.0,
plot_curve,13.714285714285714,0.2812908563242089,0.13566494878360724,0.18912981823003375,,,,,,,,,,,,,100.0,
plot_curve,13.74436090225564,0.28191900908903433,0.13594380340130396,0.1895622865337941,,,,,,,,,,,,,100.0,
plot_curve,13.774436090225564,0.2825500023157402,0.13622401424535488,0.18999653377393672,,,,,,,,,,,,,100.0,
plot_curve,13.804511278195488,0.28318385585534656,0.1365055893053057,0.1904325625364595,,,,,,,,,,,,,100.0,
plot_curve,13.834586466165414,0.2838205895588739,0.1367885365707023,0.19087037540736018,,,,,,,,,,,,,100.0,
plot_curve,13.864661654135338,0.2844602232773424,0.13707286403109048,0.19130997497263655,,,,,,,,,,,,,100.0,
plot_curve,13.894736842105262,0.2851027768617723,0.13735857967601603,0.19175136381828645,,,,,,,,,,,,,100.0,
plot_curve,13.924812030075188,0.285748270163184,0.1376456914950247,0.19219454453030768,,,,,,,,,,,,,100.0,
plot_curve,13.954887218045112,0.2863967230325976,0.13793420747766233,0.192639519694698,,,,,,,,,,,,,100.0,
plot_curve,13.984962406015036,0.28704815532103345,0.1382241356134747,0.19308629189745521,,,,,,,,,,,,,100.0,
plot_curve,14.015037593984962,0.28770270122681085,0.1385155543886096,0.19353486372457718,,,,,,,,,,,,,100.0,
plot_curve,14.045112781954886,0.28836105156280906,0.1388088875791258,0.1939852377620616,,,,,,,,,,,,,100.0,
plot_curve,14.075187969924812,0.28902330188240366,0.13910419528880816,0.19443741659590638,,,,,,,,,,,,,100.0,
plot_curve,14.105263157894736,0.28968943171145634,0.13940146632560627,0.1948914028121092,,,,,,,,,,,,,100.0,
plot_curve,14.13533834586466,0.29035942057582875,0.13970068949746983,0.19534719899666791,,,,,,,,,,,,,100.0,
plot_curve,14.165413533834586,0.2910332480013825,0.1400018536123486,0.19580480773558034,,,,,,,,,,,,,100.0,
plot_curve,14.19548872180451,0.2917108935139792,0.14030494747819217,0.19626423161484427,,,,,,,,,,,,,100.0,
plot_curve,14.225563909774436,0.29239233663948055,0.14060995990295025,0.1967254732204575,,,,,,,,,,,,,100.0,
plot_curve,14.25563909774436,0.2930775569037482,0.14091687969457248,0.1971885351384178,,,,,,,,,,,,,100.0,
plot_curve,14.285714285714285,0.2937665338326439,0.1412256956610085,0.197653419954723,,,,,,,,,,,,,100.0,
plot_curve,14.31578947368421,0.294459246952029,0.14153639661020812,0.1981201302553709,,,,,,,,,,,,,100.0,
plot_curve,14.345864661654137,0.29515567578776547,0.14184897135012092,0.19858866862635927,,,,,,,,,,,,,100.0,
plot_curve,14.37593984962406,0.29585579986571475,0.14216340868869656,0.19905903765368593,,,,,,,,,,,,,100.0,
plot_curve,14.406015037593985,0.29655959871173854,0.14247969743388472,0.19953123992334865,,,,,,,,,,,,,100.0,
plot_curve,14.436090225563907,0.29726705185169844,0.1427978263936351,0.2000052780213452,,,,,,,,,,,,,100.0,
plot_curve,14.466165413533831,0.29797813881145613,0.14311778437589742,0.2004811545336735,,,,,,,,,,,,,100.0,
plot_curve,14.49624060150376,0.29869283911687344,0.1434395601886213,0.20095887204633134,,,,,,,,,,,,,100.0,
plot_curve,14.526315789473683,0.2994111322938117,0.14376314263975637,0.20143843314531634,,,,,,,,,,,,,100.0,
plot_curve,14.556390977443607,0.3001329978681328,0.14408852053725235,0.20191984041662642,,,,,,,,,,,,,100.0,
plot_curve,14.586466165413531,0.30085841536569824,0.14441568268905894,0.2024030964462594,,,,,,,,,,,,,100.0,
plot_curve,14.616541353383456,0.30158736431236977,0.14474461790312576,0.20288820382021305,,,,,,,,,,,,,100.0,
plot_curve,14.646616541353383,0.302319824234009,0.1450753149874026,0.2033751651244852,,,,,,,,,,,,,100.0,
plot_curve,14.676691729323307,0.30305577465647754,0.145407762749839,0.20386398294507357,,,,,,,,,,,,,100.0,
plot_curve,14.706766917293232,0.3037951951056371,0.14574194999838463,0.20435465986797602,,,,,,,,,,,,,100.0,
plot_curve,14.736842105263158,0.3045380651073492,0.1460778655409893,0.2048471984791903,,,,,,,,,,,,,100.0,
plot_curve,14.766917293233082,0.3052843641874756,0.14641549818560257,0.20534160136471427,,,,,,,,,,,,,100.0,
plot_curve,14.796992481203008,0.3060340718718779,0.14675483674017417,0.20583787111054572,,,,,,,,,,,,,100.0,
plot_curve,14.827067669172932,0.3067871676864178,0.14709587001265373,0.20633601030268237,,,,,,,,,,,,,100.0,
plot_curve,14.857142857142856,0.30754363115695693,0.14743858681099092,0.2068360215271221,,,,,,,,,,,,,100.0,
plot_curve,14.887218045112782,0.30830344180935687,0.1477829759431355,0.20733790736986268,,,,,,,,,,,,,100.0,
plot_curve,14.917293233082706,0.30906657916947927,0.14812902621703702,0.20784167041690188,,,,,,,,,,,,,100.0,
plot_curve,14.94736842105263,0.30983302276318586,0.14847672644064525,0.20834731325423758,,,,,,,,,,,,,100.0,
plot_curve,14.977443609022556,0.31060275211633825,0.14882606542190985,0.2088548384678675,,,,,,,,,,,,,100.0,
plot_curve,15.00751879699248,0.3113757467547981,0.14917703196878043,0.2093642486437895,,,,,,,,,,,,,100.0,
plot_curve,15.037593984962406,0.312151986204427,0.14952961488920677,0.20987554636800132,,,,,,,,,,,,,100.0,
plot_curve,15.06766917293233,0.3129314499910867,0.14988380299113843,0.21038873422650078,,,,,,,,,,,,,100.0,
plot_curve,15.097744360902254,0.31371411764063867,0.15023958508252516,0.21090381480528564,,,,,,,,,,,,,100.0,
plot_curve,15.12781954887218,0.3144999686789448,0.15059694997131665,0.2114207906903538,,,,,,,,,,,,,100.0,
plot_curve,15.157894736842104,0.3152889826318665,0.15095588646546249,0.21193966446770296,,,,,,,,,,,,,100.0,
plot_curve,15.18796992481203,0.3160811390252655,0.15131638337291245,0.21246043872333098,,,,,,,,,,,,,100.0,
plot_curve,15.218045112781954,0.3168764173850035,0.1516784295016161,0.2129831160432356,,,,,,,,,,,,,100.0,
plot_curve,15.24812030075188,0.31767479723694214,0.15204201365952325,0.2135076990134147,,,,,,,,,,,,,100.0,
plot_curve,15.278195488721805,0.318476258106943,0.15240712465458342,0.21403419021986594,,,,,,,,,,,,,100.0,
plot_curve,15.308270676691729,0.31928077952086775,0.15277375129474638,0.21456259224858726,,,,,,,,,,,,,100.0,
plot_curve,15.338345864661653,0.320088341004578,0.15314188238796178,0.2150929076855764,,,,,,,,,,,,,100.0,
plot_curve,15.36842105263158,0.3208989220839356,0.15351150674217934,0.21562513911683123,,,,,,,,,,,,,100.0,
plot_curve,15.398496240601505,0.3217125022848019,0.15388261316534865,0.2161592891283494,,,,,,,,,,,,,100.0,
plot_curve,15.428571428571429,0.3225290611330387,0.15425519046541947,0.2166953603061288,,,,,,,,,,,,,100.0,
plot_curve,15.458646616541351,0.3233485781545076,0.15462922745034136,0.21723335523616719,,,,,,,,,,,,,100.0,
plot_curve,15.488721804511275,0.3241710328750703,0.15500471292806411,0.21777327650446238,,,,,,,,,,,,,100.0,
plot_curve,15.518796992481205,0.32499640482058867,0.15538163570653743,0.21831512669701236,,,,,,,,,,,,,100.0,
plot_curve,15.548872180451127,0.32582467351692374,0.15575998459371082,0.21885890839981453,,,,,,,,,,,,,100.0,
plot_curve,15.578947368421051,0.32665581848993763,0.15613974839753406,0.21940462419886703,,,,,,,,,,,,,100.0,
plot_curve,15.609022556390975,0.32748981926549203,0.1565209159259568,0.21995227668016748,,,,,,,,,,,,,100.0,
plot_curve,15.6390977443609,0.3283266553694482,0.15690347598692875,0.22050186842971378,,,,,,,,,,,,,100.0,
plot_curve,15.669172932330827,0.3291663063276683,0.15728741738839958,0.2210534020335037,,,,,,,,,,,,,100.0,
plot_curve,15.699248120300751,0.33000875166601357,0.15767272893831896,0.22160688007753504,,,,,,,,,,,,,100.0,
plot_curve,15.729323308270676,0.3308539709103457,0.15805939944463654,0.2221623051478055,,,,,,,,,,,,,100.0,
plot_curve,15.759398496240602,0.33170194358652655,0.158447417715302,0.22271967983031302,,,,,,,,,,,,,100.0,
plot_curve,15.789473684210526,0.33255264922041755,0.158836772558265,0.22327900671105533,,,,,,,,,,,,,100.0,
plot_curve,15.81954887218045,0.3334060673378805,0.15922745278147524,0.2238402883760302,,,,,,,,,,,,,100.0,
plot_curve,15.849624060150376,0.3342621774647769,0.1596194471928824,0.22440352741123548,,,,,,,,,,,,,100.0,
plot_curve,15.8796992481203,0.33512095912696854,0.16001274460043613,0.22496872640266893,,,,,,,,,,,,,100.0,
plot_curve,15.909774436090224,0.3359823918503169,0.1604073338120861,0.22553588793632845,,,,,,,,,,,,,100.0,
plot_curve,15.93984962406015,0.3368464551606839,0.16080320363578207,0.2261050145982117,,,,,,,,,,,,,100.0,
plot_curve,15.969924812030074,0.3377131285839309,0.16120034287947357,0.22667610897431653,,,,,,,,,,,,,100.0,
plot_curve,16.0,0.3385823916459197,0.1615987403511104,0.22724917365064076,,,,,,,,,,,,,100.0,
plot_curve,4.0,0.15335173786308995,0.08551686859178825,0.12165008772152591,,,,,,,,,,,,,90.0,
plot_curve,4.030075187969925,0.1535761317896354,0.0856022751195999,0.12178271324571052,,,,,,,,,,,,,90.0,
plot_curve,4.06015037593985,0.15380119246879276,0.08568803218775967,0.12191358667482172,,,,,,,,,,,,,90.0,
plot_curve,4.090225563909774,0.15402691772283705,0.08577413835405095,0.12204272451833051,,,,,,,,,,,,,90.0,
plot_curve,4.120300751879699,0.15425330537404333,0.08586059217625723,0.12217014328570791,,,,,,,,,,,,,90.0,
plot_curve,4.150375939849624,0.15448035324468667,0.08594739221216191,0.12229585948642493,,,,,,,,,,,,,90.0,
plot_curve,4.180451127819548,0.1547080591570422,0.08603453701954847,0.12241988962995262,,,,,,,,,,,,,90.0,
plot_curve,4.2105263157894735,0.1549364209333849,0.08612202515620035,0.12254225022576198,,,,,,,,,,,,,90.0,
plot_curve,4.240601503759399,0.15516543639598981,0.08620985517990096,0.12266295778332403,,,,,,,,,,,,,90.0,
plot_curve,4.270676691729324,0.1553951033671321,0.08629802564843381,0.12278202881210977,,,,,,,,,,,,,90.0,
plot_curve,4.3007518796992485,0.1556254196690867,0.08638653511958225,0.12289947982159025,,,,,,,,,,,,,90.0,
plot_curve,4.330827067669173,0.15585638312412872,0.0864753821511298,0.12301532732123646,,,,,,,,,,,,,90.0,
plot_curve,4.360902255639098,0.15608799155453326,0.08656456530085987,0.12312958782051941,,,,,,,,,,,,,90.0,
plot_curve,4.390977443609023,0.15632024278257534,0.08665408312655594,0.12324227782891017,,,,,,,,,,,,,90.0,
plot_curve,4.421052631578947,0.15655313463053003,0.08674393418600139,0.12335341385587971,,,,,,,,,,,,,90.0,
plot_curve,4.451127819548872,0.1567866649206724,0.08683411703697974,0.12346301241089905,,,,,,,,,,,,,90.0,
plot_curve,4.481203007518797,0.15702083147527748,0.08692463023727436,0.12357109000343923,,,,,,,,,,,,,90.0,
plot_curve,4.511278195488722,0.15725563211662033,0.08701547234466873,0.12367766314297127,,,,,,,,,,,,,90.0,
plot_curve,4.541353383458647,0.15749106466697607,0.0871066419169463,0.12378274833896616,,,,,,,,,,,,,90.0,
plot_curve,4.571428571428571,0.15772712694861968,0.0871981375118905,0.12388636210089493,,,,,,,,,,,,,90.0,
plot_curve,4.601503759398496,0.1579638167838263,0.08728995768728477,0.12398852093822861,,,,,,,,,,,,,90.0,
plot_curve,4.631578947368421,0.15820113199487087,0.08738210100091258,0.1240892413604382,,,,,,,,,,,,,90.0,
plot_curve,4.661654135338345,0.1584390704040286,0.08747456601055732,0.12418853987699474,,,,,,,,,,,,,90.0,
plot_curve,4.69172932330827,0.15867762983357447,0.08756735127400249,0.12428643299736922,,,,,,,,,,,,,90.0,
plot_curve,4.7218045112781954,0.15891680810578354,0.08766045534903152,0.12438293723103269,,,,,,,,,,,,,90.0,
plot_curve,4.7518796992481205,0.15915660304293086,0.08775387679342782,0.12447806908745612,,,,,,,,,,,,,90.0,
plot_curve,4.7819548872180455,0.15939701246729154,0.08784761416497489,0.12457184507611058,,,,,,,,,,,,,90.0,
plot_curve,4.81203007518797,0.1596380342011406,0.08794166602145612,0.12466428170646707,,,,,,,,,,,,,90.0,
plot_curve,4.842105263157895,0.15987966606675308,0.08803603092065498,0.1247553954879966,,,,,,,,,,,,,90.0,
plot_curve,4.87218045112782,0.16012190588640407,0.0881307074203549,0.12484520293017018,,,,,,,,,,,,,90.0,
plot_curve,4.902255639097744,0.16036475148236862,0.08822569407833936,0.12493372054245885,,,,,,,,,,,,,90.0,
plot_curve,4.932330827067669,0.1606082006769218,0.08832098945239175,0.12502096483433361,,,,,,,,,,,,,90.0,
plot_curve,4.962406015037594,0.16085225129233868,0.08841659210029555,0.1251069523152655,,,,,,,,,,,,,90.0,
plot_curve,4.992481203007519,0.1610969011508943,0.08851250057983419,0.12519169949472553,,,,,,,,,,,,,90.0,
plot_curve,5.022556390977444,0.16134214807486374,0.08860871344879112,0.12527522288218468,,,,,,,,,,,,,90.0,
plot_curve,5.052631578947368,0.16158798988652204,0.08870522926494978,0.125357538987114,,,,,,,,,,,,,90.0,
plot_curve,5.082706766917293,0.16183442440814425,0.08880204658609361,0.12543866431898454,,,,,,,,,,,,,90.0,
plot_curve,5.112781954887218,0.16208144946200545,0.08889916397000606,0.12551861538726725,,,,,,,,,,,,,90.0,
plot_curve,5.142857142857142,0.1623290628703807,0.08899657997447058,0.1255974087014332,,,,,,,,,,,,,90.0,
plot_curve,5.172932330827067,0.16257726245554505,0.0890942931572706,0.12567506077095336,,,,,,,,,,,,,90.0,
plot_curve,5.203007518796992,0.16282604603977355,0.08919230207618958,0.12575158810529882,,,,,,,,,,,,,90.0,
plot_curve,5.233082706766917,0.1630754114453413,0.08929060528901092,0.12582700721394052,,,,,,,,,,,,,90.0,
plot_curve,5.2631578947368425,0.16332535649452334,0.08938920135351813,0.12590133460634956,,,,,,,,,,,,,90.0,
plot_curve,5.293233082706767,0.16357587900959472,0.08948808882749461,0.12597458679199688,,,,,,,,,,,,,90.0,
plot_curve,5.323308270676692,0.16382697681283048,0.0895872662687238,0.12604678028035354,,,,,,,,,,,,,90.0,
plot_curve,5.353383458646617,0.16407864772650574,0.08968673223498917,0.12611793158089052,,,,,,,,,,,,,90.0,
plot_curve,5.383458646616541,0.1643308895728955,0.08978648528407414,0.1261880572030789,,,,,,,,,,,,,90.0,
plot_curve,5.413533834586466,0.16458370017427482,0.08988652397376216,0.12625717365638967,,,,,,,,,,,,,90.0,
plot_curve,5.443609022556391,0.16483707735291883,0.08998684686183668,0.1263252974502938,,,,,,,,,,,,,90.0,
plot_curve,5.473684210526316,0.1650910189311025,0.09008745250608115,0.12639244509426237,,,,,,,,,,,,,90.0,
plot_curve,5.503759398496241,0.16534552273110098,0.090188339464279,0.12645863309776637,,,,,,,,,,,,,90.0,
plot_curve,5.533834586466165,0.16560058657518925,0.09028950629421366,0.1265238779702768,,,,,,,,,,,,,90.0,
plot_curve,5.56390977443609,0.1658562082856424,0.09039095155366862,0.12658819622126474,,,,,,,,,,,,,90.0,
plot_curve,5.593984962406015,0.16611238568473552,0.09049267380042728,0.12665160436020118,,,,,,,,,,,,,90.0,
plot_curve,5.624060150375939,0.16636911659474363,0.0905946715922731,0.1267141188965571,,,,,,,,,,,,,90.0,
plot_curve,5.654135338345864,0.1666263988379418,0.0906969434869895,0.12677575633980354,,,,,,,,,,,,,90.0,
plot_curve,5.684210526315789,0.1668842302366051,0.09079948804235997,0.12683653319941154,,,,,,,,,,,,,90.0,
plot_curve,5.714285714285714,0.1671426086130086,0.09090230381616793,0.1268964659848521,,,,,,,,,,,,,90.0,
plot_curve,5.74436090225564,0.1674015317894273,0.09100538936619681,0.12695557120559625,,,,,,,,,,,,,90.0,
plot_curve,5.774436090225564,0.1676609975881363,0.09110874325023009,0.12701386537111498,,,,,,,,,,,,,90.0,
plot_curve,5.804511278195489,0.1679210038314107,0.09121236402605117,0.12707136499087932,,,,,,,,,,,,,90.0,
plot_curve,5.834586466165414,0.16818154834152552,0.09131625025144352,0.1271280865743603,,,,,,,,,,,,,90.0,
plot_curve,5.864661654135338,0.1684426289407558,0.09142040048419056,0.12718404663102895,,,,,,,,,,,,,90.0,
plot_curve,5.894736842105263,0.1687042434513766,0.09152481328207578,0.12723926167035624,,,,,,,,,,,,,90.0,
plot_curve,5.924812030075188,0.16896638969566305,0.09162948720288257,0.12729374820181322,,,,,,,,,,,,,90.0,
plot_curve,5.954887218045113,0.16922906549589015,0.09173442080439441,0.1273475227348709,,,,,,,,,,,,,90.0,
plot_curve,5.984962406015038,0.16949226867433298,0.09183961264439473,0.1274006017790003,,,,,,,,,,,,,90.0,
plot_curve,6.015037593984962,0.16975600190083212,0.09194506844847637,0.12745300184367248,,,,,,,,,,,,,90.0,
plot_curve,6.045112781954887,0.17002029471335847,0.09205083098356441,0.12750473943835838,,,,,,,,,,,,,90.0,
plot_curve,6.075187969924812,0.17028515650363713,0.09215690904775808,0.12755583107252905,,,,,,,,,,,,,90.0,
plot_curve,6.105263157894736,0.1705505921080835,0.09226330440493444,0.12760629325565553,,,,,,,,,,,,,90.0,
plot_curve,6.135338345864661,0.17081660636311294,0.0923700188189705,0.1276561424972088,,,,,,,,,,,,,90.0,
plot_curve,6.165413533834586,0.1710832041051408,0.09247705405374333,0.12770539530665992,,,,,,,,,,,,,90.0,
plot_curve,6.195488721804511,0.1713503901705825,0.09258441187312998,0.1277540681934799,,,,,,,,,,,,,90.0,
plot_curve,6.225563909774436,0.17161816939585342,0.0926920940410075,0.12780217766713975,,,,,,,,,,,,,90.0,
plot_curve,6.2556390977443606,0.17188654661736893,0.09280010232125295,0.12784974023711043,,,,,,,,,,,,,90.0,
plot_curve,6.285714285714286,0.1721555266715444,0.09290843847774335,0.12789677241286304,,,,,,,,,,,,,90.0,
plot_curve,6.315789473684211,0.17242511439479524,0.0930171042743558,0.12794329070386856,,,,,,,,,,,,,90.0,
plot_curve,6.345864661654135,0.17269531462353677,0.09312610147496732,0.12798931161959803,,,,,,,,,,,,,90.0,
plot_curve,6.37593984962406,0.17296613219418444,0.09323543184345492,0.12803485166952244,,,,,,,,,,,,,90.0,
plot_curve,6.406015037593985,0.17323757194315356,0.09334509714369571,0.12807992736311286,,,,,,,,,,,,,90.0,
plot_curve,6.43609022556391,0.17350963870685956,0.09345509913956673,0.12812455520984023,,,,,,,,,,,,,90.0,
plot_curve,6.466165413533835,0.17378233732171786,0.09356543959494501,0.1281687517191756,,,,,,,,,,,,,90.0,
plot_curve,6.496240601503759,0.17405567262414373,0.0936761202737076,0.12821253340059002,,,,,,,,,,,,,90.0,
plot_curve,6.526315789473684,0.1743296494505526,0.09378714293973157,0.12825591676355447,,,,,,,,,,,,,90.0,
plot_curve,6.556390977443609,0.17460427263735992,0.09389850935689396,0.12829891831753998,,,,,,,,,,,,,90.0,
plot_curve,6.586466165413533,0.17487954702098096,0.0940102212890718,0.12834155457201757,,,,,,,,,,,,,90.0,
plot_curve,6.616541353383458,0.17515547743783116,0.09412228050014217,0.12838384203645828,,,,,,,,,,,,,90.0,
plot_curve,6.646616541353383,0.17543206872432593,0.0942346887539821,0.12842579722033307,,,,,,,,,,,,,90.0,
plot_curve,6.676691729323308,0.17570932571688055,0.09434744781446866,0.128467436633113,,,,,,,,,,,,,90.0,
plot_curve,6.706766917293233,0.17598725325191047,0.09446055944547886,0.12850877678426909,,,,,,,,,,,,,90.0,
plot_curve,6.7368421052631575,0.1762658561658311,0.0945740254108898,0.12854983418327237,,,,,,,,,,,,,90.0,
plot_curve,6.7669172932330826,0.17654513929505775,0.0946878474745785,0.12859062533959378,,,,,,,,,,,,,90.0,
plot_curve,6.796992481203008,0.17682510747600583,0.09480202740042201,0.12863116676270442,,,,,,,,,,,,,90.0,
plot_curve,6.827067669172932,0.17710576554509072,0.09491656695229739,0.12867147496207532,,,,,,,,,,,,,90.0,
plot_curve,6.857142857142857,0.1773871183387278,0.09503146789408169,0.1287115664471774,,,,,,,,,,,,,90.0,
plot_curve,6.887218045112782,0.17766917069333246,0.09514673198965194,0.12875145772748176,,,,,,,,,,,,,90.0,
plot_curve,6.917293233082707,0.1779519274453201,0.09526236100288521,0.1287911653124594,,,,,,,,,,,,,90.0,
plot_curve,6.947368421052632,0.17823539343110603,0.09537835669765855,0.12883070571158134,,,,,,,,,,,,,90.0,
plot_curve,6.977443609022556,0.17851957348710568,0.09549472083784899,0.12887009543431857,,,,,,,,,,,,,90.0,
plot_curve,7.007518796992481,0.17880447244973444,0.09561145518733359,0.12890935099014214,,,,,,,,,,,,,90.0,
plot_curve,7.037593984962406,0.17909009515540766,0.09572856150998943,0.12894848888852306,,,,,,,,,,,,,90.0,
plot_curve,7.06766917293233,0.1793764464405407,0.09584604156969351,0.12898752563893234,,,,,,,,,,,,,90.0,
plot_curve,7.097744360902255,0.179663531141549,0.09596389713032291,0.129026477750841,,,,,,,,,,,,,90.0,
plot_curve,7.12781954887218,0.17995135409484794,0.09608212995575469,0.12906536173372007,,,,,,,,,,,,,90.0,
plot_curve,7.157894736842105,0.18023992013685283,0.09620074180986583,0.12910419409704055,,,,,,,,,,,,,90.0,
plot_curve,7.18796992481203,0.1805292341039791,0.09631973445653348,0.12914299135027343,,,,,,,,,,,,,90.0,
plot_curve,7.218045112781954,0.18081930083264214,0.09643910965963462,0.12918177000288983,,,,,,,,,,,,,90.0,
plot_curve,7.248120300751879,0.1811101251592573,0.09655886918304633,0.12922054656436066,,,,,,,,,,,,,90.0,
plot_curve,7.2781954887218046,0.18140171192024,0.09667901479064567,0.12925933754415697,,,,,,,,,,,,,90.0,
plot_curve,7.308270676691729,0.18169406595200557,0.09679954824630962,0.12929815945174983,,,,,,,,,,,,,90.0,
plot_curve,7.338345864661654,0.1819871920909694,0.09692047131391532,0.1293370287966102,,,,,,,,,,,,,90.0,
plot_curve,7.368421052631579,0.1822810951735469,0.09704178575733977,0.12937596208820906,,,,,,,,,,,,,90.0,
plot_curve,7.398496240601504,0.18257578003615343,0.09716349334046002,0.12941497583601755,,,,,,,,,,,,,90.0,
plot_curve,7.428571428571429,0.18287125151520436,0.09728559582715314,0.12945408654950658,,,,,,,,,,,,,90.0,
plot_curve,7.458646616541353,0.1831675144471151,0.09740809498129617,0.1294933107381472,,,,,,,,,,,,,90.0,
plot_curve,7.488721804511278,0.18346457366830102,0.09753099256676616,0.12953266491141047,,,,,,,,,,,,,90.0,
plot_curve,7.518796992481203,0.18376243401517747,0.09765429034744015,0.12957216557876736,,,,,,,,,,,,,90.0,
plot_curve,7.548872180451127,0.18406110032415984,0.09777799008719519,0.1296118292496889,,,,,,,,,,,,,90.0,
plot_curve,7.578947368421052,0.1843605774316636,0.09790209354990834,0.1296516724336461,,,,,,,,,,,,,90.0,
plot_curve,7.609022556390977,0.18466087017410399,0.09802660249945667,0.12969171164010995,,,,,,,,,,,,,90.0,
plot_curve,7.639097744360902,0.1849619833878965,0.09815151869971718,0.12973196337855156,,,,,,,,,,,,,90.0,
plot_curve,7.669172932330827,0.18526392190945642,0.09827684391456698,0.12977244415844186,,,,,,,,,,,,,90.0,
plot_curve,7.699248120300751,0.18556669057519917,0.09840257990788305,0.1298131704892519,,,,,,,,,,,,,90.0,
plot_curve,7.729323308270676,0.18587029422154017,0.09852872844354249,0.1298541588804527,,,,,,,,,,,,,90.0,
plot_curve,7.7593984962406015,0.18617473768489476,0.09865529128542234,0.1298954258415153,,,,,,,,,,,,,90.0,
plot_curve,7.789473684210526,0.1864800258016783,0.09878227019739964,0.12993698788191066,,,,,,,,,,,,,90.0,
plot_curve,7.819548872180451,0.18678616340830623,0.09890966694335146,0.12997886151110985,,,,,,,,,,,,,90.0,
plot_curve,7.849624060150376,0.1870931553411939,0.09903748328715484,0.13002106323858387,,,,,,,,,,,,,90.0,
plot_curve,7.879699248120301,0.18740100643675664,0.0991657209926868,0.13006360957380372,,,,,,,,,,,,,90.0,
plot_curve,7.909774436090226,0.1877097215314099,0.09929438182382444,0.13010651702624043,,,,,,,,,,,,,90.0,
plot_curve,7.93984962406015,0.18801930546156906,0.09942346754444475,0.13014980210536503,,,,,,,,,,,,,90.0,
plot_curve,7.969924812030075,0.18832976306364943,0.09955297991842484,0.13019348132064854,,,,,,,,,,,,,90.0,
plot_curve,8.0,0.18864109917406646,0.09968292070964173,0.13023757118156198,,,,,,,,,,,,,90.0,
plot_curve,8.030075187969924,0.18895326289344525,0.09981329069795528,0.1302820881975763,,,,,,,,,,,,,90.0,
plot_curve,8.060150375939848,0.18926620488066542,0.09994409131746874,0.13032704887816263,,,,,,,,,,,,,90.0,
plot_curve,8.090225563909774,0.18957993230952447,0.10007532531342428,0.1303724697327919,,,,,,,,,,,,,90.0,
plot_curve,8.1203007518797,0.18989445235381955,0.10020699543106402,0.13041836727093517,,,,,,,,,,,,,90.0,
plot_curve,8.150375939849624,0.19020977218734803,0.10033910441563015,0.13046475800206345,,,,,,,,,,,,,90.0,
plot_curve,8.180451127819548,0.1905258989839072,0.1004716550123648,0.13051165843564774,,,,,,,,,,,,,90.0,
plot_curve,8.210526315789473,0.1908428399172944,0.10060464996651011,0.13055908508115907,,,,,,,,,,,,,90.0,
plot_curve,8.240601503759398,0.19116060216130695,0.10073809202330825,0.13060705444806847,,,,,,,,,,,,,90.0,
plot_curve,8.270676691729323,0.19147919288974213,0.10087198392800133,0.13065558304584696,,,,,,,,,,,,,90.0,
plot_curve,8.300751879699249,0.19179861927639724,0.10100632842583154,0.1307046873839655,,,,,,,,,,,,,90.0,
plot_curve,8.330827067669173,0.19211888849506967,0.10114112826204101,0.1307543839718952,,,,,,,,,,,,,90.0,
plot_curve,8.360902255639097,0.19244000771955666,0.1012763861818719,0.13080468931910702,,,,,,,,,,,,,90.0,
plot_curve,8.390977443609023,0.19276198412365558,0.10141210493056638,0.130855619935072,,,,,,,,,,,,,90.0,
plot_curve,8.421052631578947,0.19308482488116369,0.10154828725336655,0.13090719232926112,,,,,,,,,,,,,90.0,
plot_curve,8.451127819548873,0.19340853716587833,0.10168493589551461,0.13095942301114546,,,,,,,,,,,,,90.0,
plot_curve,8.481203007518797,0.19373312815159674,0.10182205360225267,0.13101232849019598,,,,,,,,,,,,,90.0,
plot_curve,8.511278195488721,0.19405860501211633,0.10195964311882291,0.1310659252758837,,,,,,,,,,,,,90.0,
plot_curve,8.541353383458645,0.1943849749212344,0.10209770719046746,0.13112022987767968,,,,,,,,,,,,,90.0,
plot_curve,8.571428571428571,0.19471224505274826,0.10223624856242848,0.13117525880505493,,,,,,,,,,,,,90.0,
plot_curve,8.601503759398497,0.19504042258045517,0.1023752699799481,0.13123102856748045,,,,,,,,,,,,,90.0,
plot_curve,8.631578947368421,0.19536951467815247,0.10251477418826851,0.13128755567442724,,,,,,,,,,,,,90.0,
plot_curve,8.661654135338345,0.19569952851963748,0.10265476393263182,0.13134485663536635,,,,,,,,,,,,,90.0,
plot_curve,8.69172932330827,0.19603047127870749,0.1027952419582802,0.1314029479597688,,,,,,,,,,,,,90.0,
plot_curve,8.721804511278195,0.1963623501291599,0.10293621101045582,0.1314618461571056,,,,,,,,,,,,,90.0,
plot_curve,8.75187969924812,0.1966951722447919,0.10307767383440077,0.13152156773684776,,,,,,,,,,,,,90.0,
plot_curve,8.781954887218046,0.19702894479940083,0.10321963317535725,0.1315821292084663,,,,,,,,,,,,,90.0,
plot_curve,8.81203007518797,0.1973636749667841,0.1033620917785674,0.1316435470814322,,,,,,,,,,,,,90.0,
plot_curve,8.842105263157894,0.19769936992073892,0.10350505238927335,0.13170583786521656,,,,,,,,,,,,,90.0,
plot_curve,8.87218045112782,0.19803603683506263,0.10364851775271729,0.13176901806929034,,,,,,,,,,,,,90.0,
plot_curve,8.902255639097744,0.19837368288355253,0.10379249061414134,0.1318331042031246,,,,,,,,,,,,,90.0,
plot_curve,8.93233082706767,0.19871231524000602,0.10393697371878764,0.1318981127761903,,,,,,,,,,,,,90.0,
plot_curve,8.962406015037594,0.19905194107822025,0.10408196981189836,0.13196406029795846,,,,,,,,,,,,,90.0,
plot_curve,8.992481203007518,0.19939256757199264,0.10422748163871565,0.13203096327790018,,,,,,,,,,,,,90.0,
plot_curve,9.022556390977442,0.19973420189512053,0.10437351194448166,0.1320988382254864,,,,,,,,,,,,,90.0,
plot_curve,9.052631578947368,0.20007685122140118,0.10452006347443853,0.13216770165018818,,,,,,,,,,,,,90.0,
plot_curve,9.082706766917294,0.20042052272463193,0.10466713897382844,0.13223757006147652,,,,,,,,,,,,,90.0,
plot_curve,9.112781954887218,0.20076522357861004,0.10481474118789348,0.1323084599688224,,,,,,,,,,,,,90.0,
plot_curve,9.142857142857142,0.20111096095713285,0.10496287286187583,0.1323803878816969,,,,,,,,,,,,,90.0,
plot_curve,9.172932330827066,0.2014577420339977,0.10511153674101767,0.13245337030957102,,,,,,,,,,,,,90.0,
plot_curve,9.203007518796992,0.20180557398300186,0.10526073557056112,0.13252742376191576,,,,,,,,,,,,,90.0,
plot_curve,9.233082706766917,0.20215446397794268,0.10541047209574832,0.13260256474820215,,,,,,,,,,,,,90.0,
plot_curve,9.263157894736842,0.20250441919261744,0.10556074906182145,0.13267880977790122,,,,,,,,,,,,,90.0,
plot_curve,9.293233082706768,0.2028554468008235,0.10571156921402265,0.13275617536048395,,,,,,,,,,,,,90.0,
plot_curve,9.32330827067669,0.2032075539763581,0.10586293529759404,0.1328346780054214,,,,,,,,,,,,,90.0,
plot_curve,9.353383458646617,0.2035607478930186,0.1060148500577778,0.13291433422218457,,,,,,,,,,,,,90.0,
plot_curve,9.38345864661654,0.20391503572460232,0.10616731623981608,0.13299516052024446,,,,,,,,,,,,,90.0,
plot_curve,9.413533834586469,0.2042704246449066,0.10632033658895104,0.13307717340907216,,,,,,,,,,,,,90.0,
plot_curve,9.443609022556393,0.20462692182772865,0.1064739138504248,0.13316038939813857,,,,,,,,,,,,,90.0,
plot_curve,9.473684210526317,0.20498453444686585,0.10662805076947951,0.13324482499691478,,,,,,,,,,,,,90.0,
plot_curve,9.50375939849624,0.20534326967611546,0.10678275009135735,0.13333049671487182,,,,,,,,,,,,,90.0,
plot_curve,9.533834586466163,0.2057031346892749,0.10693801456130045,0.1334174210614807,,,,,,,,,,,,,90.0,
plot_curve,9.563909774436093,0.2060641366601415,0.10709384692455097,0.1335056145462124,,,,,,,,,,,,,90.0,
plot_curve,9.593984962406015,0.20642628276251238,0.10725024992635103,0.13359509367853797,,,,,,,,,,,,,90.0,
plot_curve,9.62406015037594,0.20678958017018495,0.10740722631194283,0.13368587496792841,,,,,,,,,,,,,90.0,
plot_curve,9.654135338345863,0.20715403605695656,0.10756477882656847,0.13377797492385476,,,,,,,,,,,,,90.0,
plot_curve,9.68421052631579,0.20751965759662455,0.10772291021547013,0.13387141005578804,,,,,,,,,,,,,90.0,
plot_curve,9.714285714285714,0.20788645196298614,0.10788162322388996,0.13396619687319922,,,,,,,,,,,,,90.0,
plot_curve,9.74436090225564,0.20825442632983868,0.10804092059707011,0.13406235188555937,,,,,,,,,,,,,90.0,
plot_curve,9.774436090225564,0.20862358787097954,0.10820080508025269,0.13415989160233951,,,,,,,,,,,,,90.0,
plot_curve,9.804511278195488,0.2089939437602059,0.10836127941867991,0.1342588325330106,,,,,,,,,,,,,90.0,
plot_curve,9.834586466165414,0.2093655011713152,0.1085223463575939,0.13435919118704373,,,,,,,,,,,,,90.0,
plot_curve,9.864661654135338,0.2097382672781047,0.10868400864223679,0.13446098407390986,,,,,,,,,,,,,90.0,
plot_curve,9.894736842105264,0.21011224925437172,0.10884626901785074,0.13456422770308007,,,,,,,,,,,,,90.0,
plot_curve,9.924812030075188,0.21048745427391355,0.10900913022967793,0.13466893858402532,,,,,,,,,,,,,90.0,
plot_curve,9.954887218045112,0.2108638895105275,0.10917259502296042,0.13477513322621662,,,,,,,,,,,,,90.0,
plot_curve,9.984962406015036,0.21124156213801093,0.10933666614294046,0.13488282813912503,,,,,,,,,,,,,90.0,
plot_curve,10.015037593984962,0.21162046045008887,0.10950134578406048,0.13499203983222158,,,,,,,,,,,,,90.0,
plot_curve,10.045112781954888,0.2120004798806548,0.1096666340594406,0.13510278481497723,,,,,,,,,,,,,90.0,
plot_curve,10.075187969924812,0.21238161266034417,0.10983253488258456,0.13521507959686305,,,,,,,,,,,,,90.0,
plot_curve,10.105263157894736,0.21276387007103467,0.10999905279253754,0.13532894068735,,,,,,,,,,,,,90.0,
plot_curve,10.13533834586466,0.21314726339460405,0.1101661923283448,0.13544438459590918,,,,,,,,,,,,,90.0,
plot_curve,10.165413533834586,0.21353180391293008,0.11033395802905156,0.13556142783201153,,,,,,,,,,,,,90.0,
plot_curve,10.19548872180451,0.21391750290789033,0.11050235443370303,0.13568008690512812,,,,,,,,,,,,,90.0,
plot_curve,10.225563909774436,0.21430437166136265,0.11067138608134443,0.1358003783247299,,,,,,,,,,,,,90.0,
plot_curve,10.25563909774436,0.21469242145522466,0.11084105751102094,0.13592231860028797,,,,,,,,,,,,,90.0,
plot_curve,10.285714285714285,0.2150816635713541,0.11101137326177783,0.13604592424127335,,,,,,,,,,,,,90.0,
plot_curve,10.31578947368421,0.21547210929162874,0.11118233787266028,0.136171211757157,,,,,,,,,,,,,90.0,
plot_curve,10.345864661654137,0.21586376989792627,0.11135395588271355,0.13629819765740994,,,,,,,,,,,,,90.0,
plot_curve,10.37593984962406,0.21625665667212432,0.11152623183098283,0.1364268984515032,,,,,,,,,,,,,90.0,
plot_curve,10.406015037593985,0.21665078089610074,0.11169917025651331,0.1365573306489078,,,,,,,,,,,,,90.0,
plot_curve,10.436090225563907,0.2170461538517331,0.11187277569835023,0.1366895107590948,,,,,,,,,,,,,90.0,
plot_curve,10.466165413533831,0.21744278682089924,0.11204705269553882,0.13682345529153514,,,,,,,,,,,,,90.0,
plot_curve,10.49624060150376,0.2178406910854769,0.11222200578712434,0.1369591807556999,,,,,,,,,,,,,90.0,
plot_curve,10.526315789473683,0.21823987792734362,0.11239763951215188,0.13709670366106008,,,,,,,,,,,,,90.0,
plot_curve,10.556390977443607,0.2186403586283773,0.11257395840966676,0.1372360405170867,,,,,,,,,,,,,90.0,
plot_curve,10.586466165413531,0.2190421444704555,0.11275096701871419,0.13737720783325075,,,,,,,,,,,,,90.0,
plot_curve,10.616541353383456,0.21944524673545607,0.11292866987833935,0.1375202221190233,,,,,,,,,,,,,90.0,
plot_curve,10.646616541353383,0.21984967670525668,0.1131070715275875,0.1376650998838753,,,,,,,,,,,,,90.0,
plot_curve,10.676691729323307,0.22025544566173502,0.11328617650550384,0.13781185763727782,,,,,,,,,,,,,90.0,
plot_curve,10.706766917293232,0.2206625648867688,0.11346598935113356,0.13796051188870187,,,,,,,,,,,,,90.0,
plot_curve,10.736842105263158,0.22107104566223576,0.11364651460352192,0.13811107914761847,,,,,,,,,,,,,90.0,
plot_curve,10.766917293233082,0.22148089927001363,0.11382775680171409,0.1382635759234986,,,,,,,,,,,,,90.0,
plot_curve,10.796992481203008,0.22189213699198007,0.11400972048475534,0.13841801872581333,,,,,,,,,,,,,90.0,
plot_curve,10.827067669172932,0.22230477011001284,0.11419241019169084,0.13857442406403367,,,,,,,,,,,,,90.0,
plot_curve,10.857142857142858,0.22271880990598972,0.11437583046156584,0.13873280844763058,,,,,,,,,,,,,90.0,
plot_curve,10.887218045112782,0.22313426766178826,0.11455998583342554,0.13889318838607514,,,,,,,,,,,,,90.0,
plot_curve,10.917293233082706,0.22355115465928624,0.11474488084631515,0.13905558038883836,,,,,,,,,,,,,90.0,
plot_curve,10.94736842105263,0.22396948218036147,0.11493052003927993,0.13922000096539125,,,,,,,,,,,,,90.0,
plot_curve,10.977443609022556,0.22438926150689156,0.11511690795136507,0.13938646662520482,,,,,,,,,,,,,90.0,
plot_curve,11.007518796992482,0.22481050392075433,0.11530404912161578,0.13955499387775008,,,,,,,,,,,,,90.0,
plot_curve,11.037593984962406,0.22523322070382737,0.11549194808907728,0.13972559923249803,,,,,,,,,,,,,90.0,
plot_curve,11.06766917293233,0.22565742313798842,0.11568060939279479,0.13989829919891975,,,,,,,,,,,,,90.0,
plot_curve,11.097744360902254,0.22608312250511528,0.11587003757181352,0.14007311028648622,,,,,,,,,,,,,90.0,
plot_curve,11.12781954887218,0.22651033008708563,0.11606023716517871,0.1402500490046685,,,,,,,,,,,,,90.0,
plot_curve,11.157894736842104,0.2269390571657771,0.11625121271193556,0.1404291318629375,,,,,,,,,,,,,90.0,
plot_curve,11.18796992481203,0.22736931502306756,0.1164429687511293,0.14061037537076437,,,,,,,,,,,,,90.0,
plot_curve,11.218045112781954,0.22780111494083455,0.11663550982180512,0.14079379603762004,,,,,,,,,,,,,90.0,
plot_curve,11.24812030075188,0.22823446820095594,0.11682884046300827,0.14097941037297557,,,,,,,,,,,,,90.0,
plot_curve,11.278195488721805,0.22866938608530937,0.11702296521378396,0.14116723488630195,,,,,,,,,,,,,90.0,
plot_curve,11.308270676691729,0.22910587987577255,0.11721788861317738,0.1413572860870702,,,,,,,,,,,,,90.0,
plot_curve,11.338345864661656,0.22954396085422327,0.11741361520023379,0.14154958048475139,,,,,,,,,,,,,90.0,
plot_curve,11.36842105263158,0.2299836403025391,0.11761014951399838,0.14174413458881643,,,,,,,,,,,,,90.0,
plot_curve,11.398496240601505,0.23042492950259788,0.11780749609351637,0.14194096490873645,,,,,,,,,,,,,90.0,
plot_curve,11.428571428571429,0.23086783973627725,0.11800565947783298,0.14214008795398242,,,,,,,,,,,,,90.0,
plot_curve,11.458646616541351,0.23131238228545498,0.1182046442059934,0.1423415202340253,,,,,,,,,,,,,90.0,
plot_curve,11.48872180451128,0.23175856843200884,0.11840445481704294,0.14254527825833627,,,,,,,,,,,,,90.0,
plot_curve,11.518796992481205,0.23220640945781637,0.11860509585002672,0.14275137853638617,,,,,,,,,,,,,90.0,
plot_curve,11.548872180451127,0.2326559166447554,0.11880657184398996,0.14295983757764613,,,,,,,,,,,,,90.0,
plot_curve,11.578947368421051,0.23310710127470366,0.11900888733797793,0.14317067189158708,,,,,,,,,,,,,90.0,
plot_curve,11.609022556390975,0.23355997462953884,0.11921204687103584,0.14338389798768014,,,,,,,,,,,,,90.0,
plot_curve,11.6390977443609,0.23401454799113863,0.11941605498220888,0.14359953237539624,,,,,,,,,,,,,90.0,
plot_curve,11.669172932330827,0.23447083264138086,0.11962091621054231,0.14381759156420648,,,,,,,,,,,,,90.0,
plot_curve,11.699248120300751,0.23492883986214308,0.11982663509508128,0.1440380920635818,,,,,,,,,,,,,90.0,
plot_curve,11.729323308270676,0.23538858093530307,0.12003321617487105,0.14426105038299325,,,,,,,,,,,,,90.0,
plot_curve,11.759398496240602,0.23585006714273857,0.12024066398895686,0.14448648303191186,,,,,,,,,,,,,90.0,
plot_curve,11.789473684210526,0.23631330976632728,0.12044898307638387,0.14471440651980863,,,,,,,,,,,,,90.0,
plot_curve,11.819548872180452,0.23677832008794694,0.12065817797619735,0.14494483735615457,,,,,,,,,,,,,90.0,
plot_curve,11.849624060150376,0.23724510938947524,0.12086825322744248,0.14517779205042072,,,,,,,,,,,,,90.0,
plot_curve,11.8796992481203,0.23771368895278985,0.12107921336916448,0.14541328711207807,,,,,,,,,,,,,90.0,
plot_curve,11.909774436090224,0.23818407005976855,0.1212910629404086,0.1456513390505977,,,,,,,,,,,,,90.0,
plot_curve,11.93984962406015,0.2386562639922891,0.12150380648022005,0.14589196437545057,,,,,,,,,,,,,90.0,
plot_curve,11.969924812030076,0.2391302820322291,0.12171744852764403,0.14613517959610772,,,,,,,,,,,,,90.0,
plot_curve,12.0,0.2396061354614663,0.12193199362172574,0.14638100122204012,,,,,,,,,,,,,90.0,
plot_curve,12.030075187969924,0.24008372952313828,0.12214744161726142,0.1466294457627189,,,,,,,,,,,,,90.0,
plot_curve,12.060150375939848,0.24056297463043297,0.12236379470657156,0.14688052972761495,,,,,,,,,,,,,90.0,
plot_curve,12.090225563909774,0.24104388982030375,0.12258106093498784,0.14713426962619935,,,,,,,,,,,,,90.0,
plot_curve,12.120300751879698,0.24152649412970392,0.12279924834784191,0.14739068196794314,,,,,,,,,,,,,90.0,
plot_curve,12.150375939849624,0.2420108065955869,0.1230183649904654,0.14764978326231726,,,,,,,,,,,,,90.0,
plot_curve,12.180451127819548,0.24249684625490603,0.12323841890818998,0.14791159001879284,,,,,,,,,,,,,90.0,
plot_curve,12.210526315789473,0.24298463214461466,0.12345941814634732,0.14817611874684078,,,,,,,,,,,,,90.0,
plot_curve,12.240601503759398,0.24347418330166617,0.12368137075026908,0.14844338595593215,,,,,,,,,,,,,90.0,
plot_curve,12.270676691729324,0.24396551876301392,0.12390428476528692,0.14871340815553802,,,,,,,,,,,,,90.0,
plot_curve,12.300751879699249,0.24445865756561122,0.12412816823673246,0.1489862018551293,,,,,,,,,,,,,90.0,
plot_curve,12.330827067669173,0.24495361874641144,0.12435302920993742,0.14926178356417713,,,,,,,,,,,,,90.0,
plot_curve,12.360902255639097,0.245450421342368,0.12457887573023338,0.14954016979215246,,,,,,,,,,,,,90.0,
plot_curve,12.390977443609025,0.24594908439043422,0.12480571584295208,0.14982137704852627,,,,,,,,,,,,,90.0,
plot_curve,12.421052631578949,0.24644962692756345,0.1250335575934251,0.15010542184276965,,,,,,,,,,,,,90.0,
plot_curve,12.451127819548873,0.246952067990709,0.12526240902698416,0.1503923206843536,,,,,,,,,,,,,90.0,
plot_curve,12.481203007518795,0.24745642661682427,0.1254922781889609,0.15068209008274908,,,,,,,,,,,,,90.0,
plot_curve,12.51127819548872,0.24796272184286267,0.12572317312468695,0.15097474654742715,,,,,,,,,,,,,90.0,
plot_curve,12.541353383458643,0.24847097270577753,0.12595510187949396,0.15127030658785887,,,,,,,,,,,,,90.0,
plot_curve,12.571428571428571,0.2489811982425222,0.1261880724987137,0.15156878671351526,,,,,,,,,,,,,90.0,
plot_curve,12.601503759398495,0.24949341749005,0.12642209302767768,0.1518702034338672,,,,,,,,,,,,,90.0,
plot_curve,12.63157894736842,0.25000764948531434,0.12665717151171765,0.15217457325838585,,,,,,,,,,,,,90.0,
plot_curve,12.661654135338344,0.25052391326526857,0.1268933159961652,0.15248191269654215,,,,,,,,,,,,,90.0,
plot_curve,12.69172932330827,0.25104222786686603,0.1271305345263521,0.15279223825780724,,,,,,,,,,,,,90.0,
plot_curve,12.721804511278195,0.25156261232706006,0.1273688351476099,0.153105566451652,,,,,,,,,,,,,90.0,
plot_curve,12.75187969924812,0.2520850856828041,0.1276082259052703,0.1534219137875475,,,,,,,,,,,,,90.0,
plot_curve,12.781954887218046,0.2526096669710514,0.12784871484466495,0.15374129677496473,,,,,,,,,,,,,90.0,
plot_curve,12.81203007518797,0.2531363752287554,0.1280903100111255,0.15406373192337475,,,,,,,,,,,,,90.0,
plot_curve,12.842105263157894,0.2536652294928694,0.1283330194499836,0.15438923574224855,,,,,,,,,,,,,90.0,
plot_curve,12.87218045112782,0.2541962488003468,0.12857685120657097,0.15471782474105716,,,,,,,,,,,,,90.0,
plot_curve,12.902255639097744,0.2547294521881409,0.1288218133262192,0.1550495154292716,,,,,,,,,,,,,90.0,
plot_curve,12.932330827067668,0.25526485869320514,0.12906791385425995,0.15538432431636287,,,,,,,,,,,,,90.0,
plot_curve,12.962406015037594,0.2558024873524929,0.1293151608360249,0.15572226791180202,,,,,,,,,,,,,90.0,
plot_curve,12.992481203007518,0.2563423572029574,0.1295635623168457,0.15606336272506008,,,,,,,,,,,,,90.0,
plot_curve,13.022556390977442,0.2568844872815521,0.12981312634205405,0.15640762526560797,,,,,,,,,,,,,90.0,
plot_curve,13.052631578947368,0.25742889662523044,0.13006386095698158,0.15675507204291683,,,,,,,,,,,,,90.0,
plot_curve,13.082706766917292,0.25797560427094546,0.1303157742069599,0.15710571956645758,,,,,,,,,,,,,90.0,
plot_curve,13.112781954887218,0.2585246292556509,0.1305688741373207,0.15745958434570134,,,,,,,,,,,,,90.0,
plot_curve,13.142857142857142,0.25907599061629993,0.13082316879339567,0.15781668289011902,,,,,,,,,,,,,90.0,
plot_curve,13.172932330827066,0.25962970738984587,0.13107866622051645,0.15817703170918168,,,,,,,,,,,,,90.0,
plot_curve,13.203007518796992,0.2601857986132422,0.13133537446401464,0.15854064731236037,,,,,,,,,,,,,90.0,
plot_curve,13.233082706766917,0.26074428332344207,0.131593301569222,0.15890754620912606,,,,,,,,,,,,,90.0,
plot_curve,13.263157894736842,0.2613051805573992,0.13185245558147013,0.15927774490894983,,,,,,,,,,,,,90.0,
plot_curve,13.293233082706768,0.2618685093520666,0.13211284454609068,0.15965125992130264,,,,,,,,,,,,,90.0,
plot_curve,13.32330827067669,0.2624342887443977,0.1323744765084153,0.16002810775565549,,,,,,,,,,,,,90.0,
plot_curve,13.353383458646617,0.263002537771346,0.13263735951377573,0.16040830492147945,,,,,,,,,,,,,90.0,
plot_curve,13.38345864661654,0.2635732754698649,0.1329015016075035,0.16079186792824557,,,,,,,,,,,,,90.0,
plot_curve,13.413533834586463,0.26414652087690743,0.13316691083493035,0.16117881328542472,,,,,,,,,,,,,90.0,
plot_curve,13.443609022556393,0.26472229302942735,0.13343359524138795,0.16156915750248815,,,,,,,,,,,,,90.0,
plot_curve,13.473684210526317,0.2653006109643776,0.1337015628722079,0.16196291708890664,,,,,,,,,,,,,90.0,
plot_curve,13.50375939849624,0.26588149371871184,0.13397082177272188,0.16236010855415134,,,,,,,,,,,,,90.0,
plot_curve,13.533834586466163,0.26646496032938344,0.13424137998826158,0.16276074840769322,,,,,,,,,,,,,90.0,
plot_curve,13.56390977443609,0.2670510298333455,0.1345132455641586,0.16316485315900336,,,,,,,,,,,,,90.0,
plot_curve,13.593984962406015,0.26763972126755176,0.1347864265457447,0.16357243931755278,,,,,,,,,,,,,90.0,
plot_curve,13.62406015037594,0.2682310536689552,0.1350609309783514,0.16398352339281236,,,,,,,,,,,,,90.0,
plot_curve,13.654135338345863,0.26882504607450936,0.13533676690731042,0.16439812189425326,,,,,,,,,,,,,90.0,
plot_curve,13.68421052631579,0.26942171752116767,0.1356139423779535,0.16481625133134642,,,,,,,,,,,,,90.0,
plot_curve,13.714285714285714,0.2700210870458833,0.13589246543561215,0.1652379282135629,,,,,,,,,,,,,90.0,
plot_curve,13.74436090225564,0.2706231736856098,0.13617234412561813,0.1656631690503737,,,,,,,,,,,,,90.0,
plot_curve,13.774436090225564,0.2712279964773003,0.13645358649330303,0.16609199035124989,,,,,,,,,,,,,90.0,
plot_curve,13.804511278195488,0.27183557445790835,0.1367362005839986,0.16652440862566237,,,,,,,,,,,,,90.0,
plot_curve,13.834586466165414,0.2724459266643873,0.13702019444303642,0.1669604403830823,,,,,,,,,,,,,90.0,
plot_curve,13.864661654135338,0.27305907213369035,0.13730557611574817,0.16740010213298057,,,,,,,,,,,,,90.0,
plot_curve,13.894736842105262,0.27367502990277104,0.1375923536474655,0.16784341038482825,,,,,,,,,,,,,90.0,
plot_curve,13.924812030075188,0.27429381900858263,0.13788053508352008,0.16829038164809645,,,,,,,,,,,,,90.0,
plot_curve,13.954887218045112,0.2749154584880785,0.13817012846924356,0.168741032432256,,,,,,,,,,,,,90.0,
plot_curve,13.984962406015036,0.27553996737821196,0.13846114184996758,0.16919537924677802,,,,,,,,,,,,,90.0,
plot_curve,14.015037593984962,0.2761674763443899,0.13875365431922618,0.16965343860113358,,,,,,,,,,,,,90.0,
plot_curve,14.045112781954886,0.27679865960336947,0.1390480929655568,0.17011522700479365,,,,,,,,,,,,,90.0,
plot_curve,14.075187969924812,0.2774336105326626,0.13934451836491668,0.17058076096722924,,,,,,,,,,,,,90.0,
plot_curve,14.105263157894736,0.27807230926011456,0.1396429192399486,0.17105005699791132,,,,,,,,,,,,,90.0,
plot_curve,14.13533834586466,0.27871473591357093,0.13994328431329536,0.171523131606311,,,,,,,,,,,,,90.0,
plot_curve,14.165413533834586,0.2793608706208771,0.1402456023075999,0.17200000130189924,,,,,,,,,,,,,90.0,
plot_curve,14.19548872180451,0.28001069350987845,0.1405498619455049,0.1724806825941471,,,,,,,,,,,,,90.0,
plot_curve,14.225563909774436,0.2806641847084206,0.1408560519496533,0.17296519199252555,,,,,,,,,,,,,90.0,
plot_curve,14.25563909774436,0.28132132434434887,0.14116416104268784,0.1734535460065056,,,,,,,,,,,,,90.0,
plot_curve,14.285714285714285,0.28198209254550877,0.14147417794725145,0.17394576114555832,,,,,,,,,,,,,90.0,
plot_curve,14.31578947368421,0.28264646943974586,0.14178609138598688,0.17444185391915468,,,,,,,,,,,,,90.0,
plot_curve,14.345864661654137,0.28331443515490545,0.142099890081537,0.17494184083676578,,,,,,,,,,,,,90.0,
plot_curve,14.37593984962406,0.2839859698188331,0.14241556275654457,0.17544573840786254,,,,,,,,,,,,,90.0,
plot_curve,14.406015037593985,0.2846610535593742,0.1427330981336525,0.17595356314191601,,,,,,,,,,,,,90.0,
plot_curve,14.436090225563907,0.28533966650437415,0.14305248493550354,0.17646533154839722,,,,,,,,,,,,,90.0,
plot_curve,14.466165413533831,0.28602178878167855,0.14337371188474057,0.17698106013677717,,,,,,,,,,,,,90.0,
plot_curve,14.49624060150376,0.2867074005191329,0.14369676770400644,0.177500765416527,,,,,,,,,,,,,90.0,
plot_curve,14.526315789473683,0.28739648184458244,0.1440216411159439,0.17802446389711746,,,,,,,,,,,,,90.0,
plot_curve,14.556390977443607,0.2880890128858728,0.1443483208431958,0.17855217208801982,,,,,,,,,,,,,90.0,
plot_curve,14.586466165413531,0.2887849737708494,0.144676795608405,0.17908390649870498,,,,,,,,,,,,,90.0,
plot_curve,14.616541353383456,0.28948434462735756,0.1450070541342143,0.179619683638644,,,,,,,,,,,,,90.0,
plot_curve,14.646616541353383,0.2901871055832431,0.1453390851432666,0.1801595200173079,,,,,,,,,,,,,90.0,
plot_curve,14.676691729323307,0.29089323676635104,0.1456728773582046,0.18070343214416762,,,,,,,,,,,,,90.0,
plot_curve,14.706766917293232,0.2916027183045271,0.14600841950167118,0.1812514365286943,,,,,,,,,,,,,90.0,
plot_curve,14.736842105263158,0.2923155303256167,0.14634570029630922,0.1818035496803589,,,,,,,,,,,,,90.0,
plot_curve,14.766917293233082,0.2930316529574652,0.14668470846476148,0.18235978810863235,,,,,,,,,,,,,90.0,
plot_curve,14.796992481203008,0.2937510663279182,0.1470254327296708,0.1829201683229858,,,,,,,,,,,,,90.0,
plot_curve,14.827067669172932,0.2944737505648211,0.14736786181368,0.1834847068328902,,,,,,,,,,,,,90.0,
plot_curve,14.857142857142856,0.29519968579601935,0.14771198443943198,0.18405342014781662,,,,,,,,,,,,,90.0,
plot_curve,14.887218045112782,0.29592885214935843,0.14805778932956945,0.184626324777236,,,,,,,,,,,,,90.0,
plot_curve,14.917293233082706,0.2966612297526837,0.14840526520673533,0.18520343723061944,,,,,,,,,,,,,90.0,
plot_curve,14.94736842105263,0.2973967987338408,0.1487544007935724,0.18578477401743787,,,,,,,,,,,,,90.0,
plot_curve,14.977443609022556,0.29813553922067504,0.14910518481272356,0.1863703516471624,,,,,,,,,,,,,90.0,
plot_curve,15.00751879699248,0.2988774313410319,0.1494576059868315,0.186960186629264,,,,,,,,,,,,,90.0,
plot_curve,15.037593984962406,0.29962245522275693,0.14981165303853913,0.1875542954732137,,,,,,,,,,,,,90.0,
plot_curve,15.06766917293233,0.30037059099369545,0.15016731469048933,0.18815269468848247,,,,,,,,,,,,,90.0,
plot_curve,15.097744360902254,0.3011218187816931,0.1505245796653248,0.18875540078454137,,,,,,,,,,,,,90.0,
plot_curve,15.12781954887218,0.3018761187145952,0.1508834366856885,0.1893624302708615,,,,,,,,,,,,,90.0,
plot_curve,15.157894736842104,0.30263347092024706,0.15124387447422313,0.18997379965691372,,,,,,,,,,,,,90.0,
plot_curve,15.18796992481203,0.30339385552649456,0.1516058817535716,0.19058952545216917,,,,,,,,,,,,,90.0,
plot_curve,15.218045112781954,0.30415725266118276,0.1519694472463767,0.19120962416609877,,,,,,,,,,,,,90.0,
plot_curve,15.24812030075188,0.3049236424521573,0.1523345596752813,0.1918341123081736,,,,,,,,,,,,,90.0,
plot_curve,15.278195488721805,0.30569300502726365,0.15270120776292817,0.19246300638786468,,,,,,,,,,,,,90.0,
plot_curve,15.308270676691729,0.3064653205143472,0.1530693802319602,0.19309632291464301,,,,,,,,,,,,,90.0,
plot_curve,15.338345864661653,0.30724056904125346,0.15343906580502012,0.19373407839797957,,,,,,,,,,,,,90.0,
plot_curve,15.36842105263158,0.308018730735828,0.15381025320475092,0.19437628934734552,,,,,,,,,,,,,90.0,
plot_curve,15.398496240601505,0.30879978572591593,0.15418293115379525,0.19502297227221166,,,,,,,,,,,,,90.0,
plot_curve,15.428571428571429,0.309583714139363,0.154557088374796,0.19567414368204922,,,,,,,,,,,,,90.0,
plot_curve,15.458646616541351,0.3103704961040145,0.154932713590396,0.196329820086329,,,,,,,,,,,,,90.0,
plot_curve,15.488721804511275,0.3111601117477161,0.15530979552323812,0.1969900179945222,,,,,,,,,,,,,90.0,
plot_curve,15.518796992481205,0.3119525411983132,0.1556883228959652,0.19765475391609988,,,,,,,,,,,,,90.0,
plot_curve,15.548872180451127,0.3127477645836511,0.15606828443121995,0.19832404436053286,,,,,,,,,,,,,90.0,
plot_curve,15.578947368421051,0.31354576203157536,0.15644966885164527,0.19899790583729224,,,,,,,,,,,,,90.0,
plot_curve,15.609022556390975,0.31434651366993144,0.15683246487988398,0.19967635485584906,,,,,,,,,,,,,90.0,
plot_curve,15.6390977443609,0.3151499996265648,0.15721666123857894,0.20035940792567436,,,,,,,,,,,,,90.0,
plot_curve,15.669172932330827,0.315956200029321,0.15760224665037295,0.20104708155623918,,,,,,,,,,,,,90.0,
plot_curve,15.699248120300751,0.3167650950060453,0.15798920983790882,0.20173939225701437,,,,,,,,,,,,,90.0,
plot_curve,15.729323308270676,0.31757666468458323,0.15837753952382938,0.2024363565374711,,,,,,,,,,,,,90.0,
plot_curve,15.759398496240602,0.31839088919278036,0.1587672244307775,0.2031379909070804,,,,,,,,,,,,,90.0,
plot_curve,15.789473684210526,0.319207748658482,0.15915825328139593,0.20384431187531316,,,,,,,,,,,,,90.0,
plot_curve,15.81954887218045,0.3200272232095336,0.15955061479832752,0.20455533595164055,,,,,,,,,,,,,90.0,
plot_curve,15.849624060150376,0.3208492929737808,0.15994429770421517,0.2052710796455335,,,,,,,,,,,,,90.0,
plot_curve,15.8796992481203,0.32167393807906886,0.16033929072170167,0.205991559466463,,,,,,,,,,,,,90.0,
plot_curve,15.909774436090224,0.32250113865324337,0.16073558257342976,0.20671679192390013,,,,,,,,,,,,,90.0,
plot_curve,15.93984962406015,0.32333087482414974,0.16113316198204242,0.20744679352731593,,,,,,,,,,,,,90.0,
plot_curve,15.969924812030074,0.32416312671963343,0.16153201767018233,0.20818158078618132,,,,,,,,,,,,,90.0,
plot_curve,16.0,0.3249978744675399,0.16193213836049242,0.20892117020996742,,,,,,,,,,,,,90.0,
plot_curve,4.0,0.1470008924943899,0.08628071573841134,0.1176429226815533,,,,,,,,,,,,,80.0,
plot_curve,4.030075187969925,0.14721314321405662,0.08636767737881898,0.11771509756066689,,,,,,,,,,,,,80.0,
plot_curve,4.06015037593985,0.14742604475648297,0.08645500083222918,0.1177866119196129,,,,,,,,,,,,,80.0,
plot_curve,4.090225563909774,0.1476395949458438,0.08654268459614728,0.11785747334853454,,,,,,,,,,,,,80.0,
plot_curve,4.120300751879699,0.1478537916063139,0.08663072716807867,0.11792768943757503,,,,,,,,,,,,,80.0,
plot_curve,4.150375939849624,0.14806863256206815,0.08671912704552873,0.11799726777687759,,,,,,,,,,,,,80.0,
plot_curve,4.180451127819548,0.14828411563728142,0.08680788272600279,0.11806621595658544,,,,,,,,,,,,,80.0,
plot_curve,4.2105263157894735,0.14850023865612852,0.08689699270700627,0.11813454156684179,,,,,,,,,,,,,80.0,
plot_curve,4.240601503759399,0.14871699944278424,0.08698645548604451,0.11820225219778988,,,,,,,,,,,,,80.0,
plot_curve,4.270676691729324,0.14893439582142354,0.08707626956062293,0.1182693554395729,,,,,,,,,,,,,80.0,
plot_curve,4.3007518796992485,0.14915242561622116,0.08716643342824684,0.11833585888233408,,,,,,,,,,,,,80.0,
plot_curve,4.330827067669173,0.14937108665135196,0.08725694558642164,0.11840177011621665,,,,,,,,,,,,,80.0,
plot_curve,4.360902255639098,0.1495903767509908,0.0873478045326527,0.11846709673136381,,,,,,,,,,,,,80.0,
plot_curve,4.390977443609023,0.14981029373931254,0.0874390087644454,0.1185318463179188,,,,,,,,,,,,,80.0,
plot_curve,4.421052631578947,0.150030835440492,0.08753055677930507,0.11859602646602482,,,,,,,,,,,,,80.0,
plot_curve,4.451127819548872,0.150251999678704,0.08762244707473717,0.11865964476582509,,,,,,,,,,,,,80.0,
plot_curve,4.481203007518797,0.15047378427812344,0.08771467814824699,0.11872270880746283,,,,,,,,,,,,,80.0,
plot_curve,4.511278195488722,0.1506961870629251,0.08780724849733991,0.11878522618108127,,,,,,,,,,,,,80.0,
plot_curve,4.541353383458647,0.15091920585728388,0.08790015661952136,0.11884720447682362,,,,,,,,,,,,,80.0,
plot_curve,4.571428571428571,0.15114283848537455,0.08799340101229665,0.1189086512848331,,,,,,,,,,,,,80.0,
plot_curve,4.601503759398496,0.15136708277137204,0.0880869801731712,0.11896957419525293,,,,,,,,,,,,,80.0,
plot_curve,4.631578947368421,0.1515919365394511,0.08818089259965033,0.11902998079822633,,,,,,,,,,,,,80.0,
plot_curve,4.661654135338345,0.15181739761378663,0.08827513678923944,0.1190898786838965,,,,,,,,,,,,,80.0,
plot_curve,4.69172932330827,0.15204346381855346,0.08836971123944391,0.11914927544240668,,,,,,,,,,,,,80.0,
plot_curve,4.7218045112781954,0.15227013297792644,0.0884646144477691,0.11920817866390009,,,,,,,,,,,,,80.0,
plot_curve,4.7518796992481205,0.1524974029160804,0.08855984491172039,0.11926659593851993,,,,,,,,,,,,,80.0,
plot_curve,4.7819548872180455,0.15272527145719017,0.08865540112880314,0.11932453485640943,,,,,,,,,,,,,80.0,
plot_curve,4.81203007518797,0.15295373642543061,0.08875128159652274,0.11938200300771182,,,,,,,,,,,,,80.0,
plot_curve,4.842105263157895,0.15318279564497655,0.08884748481238454,0.11943900798257029,,,,,,,,,,,,,80.0,
plot_curve,4.87218045112782,0.15341244694000283,0.08894400927389391,0.11949555737112807,,,,,,,,,,,,,80.0,
plot_curve,4.902255639097744,0.15364268813468432,0.08904085347855625,0.11955165876352841,,,,,,,,,,,,,80.0,
plot_curve,4.932330827067669,0.15387351705319585,0.0891380159238769,0.11960731974991448,,,,,,,,,,,,,80.0,
plot_curve,4.962406015037594,0.15410493151971225,0.08923549510736127,0.11966254792042953,,,,,,,,,,,,,80.0,
plot_curve,4.992481203007519,0.15433692935840834,0.08933328952651472,0.11971735086521677,,,,,,,,,,,,,80.0,
plot_curve,5.022556390977444,0.154569508393459,0.08943139767884258,0.11977173617441941,,,,,,,,,,,,,80.0,
plot_curve,5.052631578947368,0.15480266644903906,0.08952981806185027,0.11982571143818069,,,,,,,,,,,,,80.0,
plot_curve,5.082706766917293,0.15503640134932337,0.08962854917304312,0.1198792842466438,,,,,,,,,,,,,80.0,
plot_curve,5.112781954887218,0.15527071091848674,0.08972758950992656,0.11993246218995199,,,,,,,,,,,,,80.0,
plot_curve,5.142857142857142,0.15550559298070404,0.0898269375700059,0.11998525285824845,,,,,,,,,,,,,80.0,
plot_curve,5.172932330827067,0.15574104536015013,0.08992659185078655,0.12003766384167641,,,,,,,,,,,,,80.0,
plot_curve,5.203007518796992,0.15597706588099983,0.0900265508497739,0.12008970273037908,,,,,,,,,,,,,80.0,
plot_curve,5.233082706766917,0.15621365236742793,0.09012681306447326,0.12014137711449971,,,,,,,,,,,,,80.0,
plot_curve,5.2631578947368425,0.1564508026436094,0.09022737699239004,0.12019269458418148,,,,,,,,,,,,,80.0,
plot_curve,5.293233082706767,0.1566885145337189,0.09032824113102961,0.12024366272956764,,,,,,,,,,,,,80.0,
plot_curve,5.323308270676692,0.15692678586193146,0.09042940397789734,0.12029428914080138,,,,,,,,,,,,,80.0,
plot_curve,5.353383458646617,0.1571656144524218,0.0905308640304986,0.12034458140802595,,,,,,,,,,,,,80.0,
plot_curve,5.383458646616541,0.15740499812936481,0.09063261978633877,0.12039454712138453,,,,,,,,,,,,,80.0,
plot_curve,5.413533834586466,0.15764493471693533,0.09073466974292323,0.12044419387102037,,,,,,,,,,,,,80.0,
plot_curve,5.443609022556391,0.15788542203930817,0.09083701239775731,0.12049352924707668,,,,,,,,,,,,,80.0,
plot_curve,5.473684210526316,0.1581264579206582,0.09093964624834643,0.12054256083969667,,,,,,,,,,,,,80.0,
plot_curve,5.503759398496241,0.15836804018516026,0.09104256979219592,0.12059129623902357,,,,,,,,,,,,,80.0,
plot_curve,5.533834586466165,0.15861016665698915,0.09114578152681119,0.12063974303520059,,,,,,,,,,,,,80.0,
plot_curve,5.56390977443609,0.1588528351603198,0.09124927994969757,0.12068790881837095,,,,,,,,,,,,,80.0,
plot_curve,5.593984962406015,0.15909604351932696,0.0913530635583605,0.12073580117867788,,,,,,,,,,,,,80.0,
plot_curve,5.624060150375939,0.15933978955818554,0.09145713085030528,0.12078342770626457,,,,,,,,,,,,,80.0,
plot_curve,5.654135338345864,0.1595840711010704,0.0915614803230373,0.12083079599127428,,,,,,,,,,,,,80.0,
plot_curve,5.684210526315789,0.15982888597215628,0.09166611047406195,0.1208779136238502,,,,,,,,,,,,,80.0,
plot_curve,5.714285714285714,0.16007423199561807,0.09177101980088459,0.12092478819413555,,,,,,,,,,,,,80.0,
plot_curve,5.74436090225564,0.16032010699563062,0.09187620680101062,0.12097142729227356,,,,,,,,,,,,,80.0,
plot_curve,5.774436090225564,0.1605665087963688,0.09198166997194535,0.12101783850840744,,,,,,,,,,,,,80.0,
plot_curve,5.804511278195489,0.16081343522200742,0.09208740781119422,0.12106402943268041,,,,,,,,,,,,,80.0,
plot_curve,5.834586466165414,0.16106088409672129,0.09219341881626256,0.12111000765523569,,,,,,,,,,,,,80.0,
plot_curve,5.864661654135338,0.16130885324468527,0.09229970148465576,0.1211557807662165,,,,,,,,,,,,,80.0,
plot_curve,5.894736842105263,0.16155734049007428,0.09240625431387917,0.12120135635576605,,,,,,,,,,,,,80.0,
plot_curve,5.924812030075188,0.1618063436570631,0.09251307580143818,0.12124674201402756,,,,,,,,,,,,,80.0,
plot_curve,5.954887218045113,0.16205586056982652,0.09262016444483816,0.12129194533114426,,,,,,,,,,,,,80.0,
plot_curve,5.984962406015038,0.16230588905253948,0.0927275187415845,0.12133697389725938,,,,,,,,,,,,,80.0,
plot_curve,6.015037593984962,0.16255643215128768,0.0928351446464142,0.1213818353025161,,,,,,,,,,,,,80.0,
plot_curve,6.045112781954887,0.16280752159809606,0.09294308665414334,0.12142653713705767,,,,,,,,,,,,,80.0,
plot_curve,6.075187969924812,0.16305916702314346,0.09305135392397249,0.1214710869910273,,,,,,,,,,,,,80.0,
plot_curve,6.105263157894736,0.16331137312096278,0.09315994829719504,0.12151549245456819,,,,,,,,,,,,,80.0,
plot_curve,6.135338345864661,0.16356414458608684,0.09326887161510444,0.12155976111782359,,,,,,,,,,,,,80.0,
plot_curve,6.165413533834586,0.1638174861130485,0.09337812571899408,0.1216039005709367,,,,,,,,,,,,,80.0,
plot_curve,6.195488721804511,0.16407140239638063,0.09348771245015737,0.12164791840405074,,,,,,,,,,,,,80.0,
plot_curve,6.225563909774436,0.1643258981306161,0.09359763364988771,0.12169182220730894,,,,,,,,,,,,,80.0,
plot_curve,6.2556390977443606,0.1645809780102877,0.09370789115947854,0.12173561957085449,,,,,,,,,,,,,80.0,
plot_curve,6.285714285714286,0.1648366467299284,0.09381848682022324,0.12177931808483065,,,,,,,,,,,,,80.0,
plot_curve,6.315789473684211,0.16509290898407103,0.09392942247341526,0.1218229253393806,,,,,,,,,,,,,80.0,
plot_curve,6.345864661654135,0.1653497694672484,0.09404069996034799,0.1218664489246476,,,,,,,,,,,,,80.0,
plot_curve,6.37593984962406,0.16560723287399334,0.09415232112231484,0.12190989643077482,,,,,,,,,,,,,80.0,
plot_curve,6.406015037593985,0.16586530389883883,0.0942642878006092,0.1219532754479055,,,,,,,,,,,,,80.0,
plot_curve,6.43609022556391,0.1661239872363176,0.09437660183652452,0.12199659356618288,,,,,,,,,,,,,80.0,
plot_curve,6.466165413533835,0.16638328758096263,0.09448926507135418,0.12203985837575014,,,,,,,,,,,,,80.0,
plot_curve,6.496240601503759,0.16664320962730664,0.0946022793463916,0.12208307746675054,,,,,,,,,,,,,80.0,
plot_curve,6.526315789473684,0.1669037580698826,0.09471564650293021,0.12212625842932726,,,,,,,,,,,,,80.0,
plot_curve,6.556390977443609,0.16716493760322332,0.09482936838226338,0.12216940885362354,,,,,,,,,,,,,80.0,
plot_curve,6.586466165413533,0.1674267529218617,0.09494344682568458,0.12221253632978259,,,,,,,,,,,,,80.0,
plot_curve,6.616541353383458,0.16768920872033055,0.09505788367448717,0.12225564844794765,,,,,,,,,,,,,80.0,
plot_curve,6.646616541353383,0.16795230969316277,0.09517268076996457,0.1222987527982619,,,,,,,,,,,,,80.0,
plot_curve,6.676691729323308,0.1682160605348912,0.09528783995341021,0.12234185697086858,,,,,,,,,,,,,80.0,
plot_curve,6.706766917293233,0.16848046594004865,0.0954033630661175,0.12238496855591091,,,,,,,,,,,,,80.0,
plot_curve,6.7368421052631575,0.16874553060316805,0.09551925194937981,0.12242809514353212,,,,,,,,,,,,,80.0,
plot_curve,6.7669172932330826,0.1690112592187822,0.09563550844449062,0.1224712443238754,,,,,,,,,,,,,80.0,
plot_curve,6.796992481203008,0.16927765648142404,0.09575213439274328,0.12251442368708401,,,,,,,,,,,,,80.0,
plot_curve,6.827067669172932,0.16954472708562637,0.09586913163543123,0.12255764082330112,,,,,,,,,,,,,80.0,
plot_curve,6.857142857142857,0.16981247572592204,0.09598650201384788,0.12260090332266997,,,,,,,,,,,,,80.0,
plot_curve,6.887218045112782,0.17008090709684393,0.09610424736928665,0.1226442187753338,,,,,,,,,,,,,80.0,
plot_curve,6.917293233082707,0.17035002589292492,0.0962223695430409,0.12268759477143579,,,,,,,,,,,,,80.0,
plot_curve,6.947368421052632,0.17061983680869783,0.09634087037640411,0.12273103890111918,,,,,,,,,,,,,80.0,
plot_curve,6.977443609022556,0.17089034453869553,0.09645975171066963,0.12277455875452718,,,,,,,,,,,,,80.0,
plot_curve,7.007518796992481,0.17116155377745085,0.09657901538713094,0.12281816192180302,,,,,,,,,,,,,80.0,
plot_curve,7.037593984962406,0.1714334692194967,0.0966986632470814,0.12286185599308991,,,,,,,,,,,,,80.0,
plot_curve,7.06766917293233,0.17170609555936595,0.09681869713181442,0.12290564855853107,,,,,,,,,,,,,80.0,
plot_curve,7.097744360902255,0.1719794374915914,0.09693911888262342,0.12294954720826973,,,,,,,,,,,,,80.0,
plot_curve,7.12781954887218,0.17225349971070592,0.09705993034080183,0.12299355953244909,,,,,,,,,,,,,80.0,
plot_curve,7.157894736842105,0.1725282869112424,0.09718113334764306,0.12303769312121238,,,,,,,,,,,,,80.0,
plot_curve,7.18796992481203,0.1728038037877337,0.09730272974444046,0.12308195556470282,,,,,,,,,,,,,80.0,
plot_curve,7.218045112781954,0.1730800550347126,0.09742472137248752,0.12312635445306361,,,,,,,,,,,,,80.0,
plot_curve,7.248120300751879,0.1733570453467121,0.0975471100730776,0.123170897376438,,,,,,,,,,,,,80.0,
plot_curve,7.2781954887218046,0.1736347794182649,0.09766989768750417,0.12321559192496918,,,,,,,,,,,,,80.0,
plot_curve,7.308270676691729,0.173913261943904,0.09779308605706057,0.12326044568880037,,,,,,,,,,,,,80.0,
plot_curve,7.338345864661654,0.17419249761816216,0.09791667702304024,0.12330546625807481,,,,,,,,,,,,,80.0,
plot_curve,7.368421052631579,0.1744724911355723,0.0980406724267366,0.12335066122293571,,,,,,,,,,,,,80.0,
plot_curve,7.398496240601504,0.17475324719066723,0.09816507410944307,0.12339603817352629,,,,,,,,,,,,,80.0,
plot_curve,7.428571428571429,0.17503477047797986,0.09828988391245302,0.12344160469998977,,,,,,,,,,,,,80.0,
plot_curve,7.458646616541353,0.17531706569204297,0.09841510367705988,0.12348736839246935,,,,,,,,,,,,,80.0,
plot_curve,7.488721804511278,0.1756001375273895,0.0985407352445571,0.12353333684110825,,,,,,,,,,,,,80.0,
plot_curve,7.518796992481203,0.1758839906785523,0.09866678045623804,0.12357951763604971,,,,,,,,,,,,,80.0,
plot_curve,7.548872180451127,0.17616862984006415,0.09879324115339613,0.12362591836743694,,,,,,,,,,,,,80.0,
plot_curve,7.578947368421052,0.17645405970645797,0.09892011917732478,0.12367254662541316,,,,,,,,,,,,,80.0,
plot_curve,7.609022556390977,0.17674028497226665,0.09904741636931738,0.12371941000012159,,,,,,,,,,,,,80.0,
plot_curve,7.639097744360902,0.17702731033202299,0.0991751345706674,0.12376651608170543,,,,,,,,,,,,,80.0,
plot_curve,7.669172932330827,0.17731514048025987,0.0993032756226682,0.12381387246030792,,,,,,,,,,,,,80.0,
plot_curve,7.699248120300751,0.17760378011151012,0.09943184136661319,0.12386148672607228,,,,,,,,,,,,,80.0,
plot_curve,7.729323308270676,0.17789323392030668,0.09956083364379581,0.12390936646914169,,,,,,,,,,,,,80.0,
plot_curve,7.7593984962406015,0.17818350660118235,0.09969025429550947,0.12395751927965944,,,,,,,,,,,,,80.0,
plot_curve,7.789473684210526,0.17847460284866995,0.09982010516304753,0.12400595274776868,,,,,,,,,,,,,80.0,
plot_curve,7.819548872180451,0.17876652735730242,0.09995038808770346,0.12405467446361265,,,,,,,,,,,,,80.0,
plot_curve,7.849624060150376,0.17905928482161257,0.10008110491077066,0.1241036920173346,,,,,,,,,,,,,80.0,
plot_curve,7.879699248120301,0.17935287993613325,0.10021225747354252,0.1241530129990777,,,,,,,,,,,,,80.0,
plot_curve,7.909774436090226,0.17964731739539735,0.10034384761731245,0.1242026449989852,,,,,,,,,,,,,80.0,
plot_curve,7.93984962406015,0.17994260189393774,0.10047587718337389,0.12425259560720031,,,,,,,,,,,,,80.0,
plot_curve,7.969924812030075,0.18023873812628724,0.10060834801302022,0.12430287241386626,,,,,,,,,,,,,80.0,
plot_curve,8.0,0.1805357307869787,0.10074126194754487,0.12435348300912624,,,,,,,,,,,,,80.0,
plot_curve,8.030075187969924,0.1808335324152593,0.10087461977278347,0.12440443498312348,,,,,,,,,,,,,80.0,
plot_curve,8.060150375939848,0.18113209709067557,0.10100842296737972,0.12445573592600123,,,,,,,,,,,,,80.0,
plot_curve,8.090225563909774,0.1814314318182097,0.10114267441183913,0.12450739342790268,,,,,,,,,,,,,80.0,
plot_curve,8.1203007518797,0.18173154360284371,0.10127737698666717,0.12455941507897103,,,,,,,,,,,,,80.0,
plot_curve,8.150375939849624,0.18203243944955977,0.10141253357236933,0.12461180846934954,,,,,,,,,,,,,80.0,
plot_curve,8.180451127819548,0.18233412636333987,0.10154814704945112,0.12466458118918139,,,,,,,,,,,,,80.0,
plot_curve,8.210526315789473,0.18263661134916623,0.10168422029841802,0.12471774082860983,,,,,,,,,,,,,80.0,
plot_curve,8.240601503759398,0.18293990141202088,0.10182075619977554,0.12477129497777806,,,,,,,,,,,,,80.0,
plot_curve,8.270676691729323,0.18324400355688591,0.10195775763402916,0.1248252512268293,,,,,,,,,,,,,80.0,
plot_curve,8.300751879699249,0.1835489247887435,0.10209522748168443,0.12487961716590679,,,,,,,,,,,,,80.0,
plot_curve,8.330827067669173,0.1838546721125756,0.10223316862324673,0.12493440038515372,,,,,,,,,,,,,80.0,
plot_curve,8.360902255639097,0.18416125253336443,0.10237158393922165,0.12498960847471331,,,,,,,,,,,,,80.0,
plot_curve,8.390977443609023,0.18446867305609205,0.10251047631011466,0.1250452490247288,,,,,,,,,,,,,80.0,
plot_curve,8.421052631578947,0.18477694068574055,0.10264984861643124,0.1251013296253434,,,,,,,,,,,,,80.0,
plot_curve,8.451127819548873,0.18508606242729206,0.10278970373867691,0.12515785786670033,,,,,,,,,,,,,80.0,
plot_curve,8.481203007518797,0.18539604528572864,0.10293004455735713,0.12521484133894278,,,,,,,,,,,,,80.0,
plot_curve,8.511278195488721,0.1857068962660324,0.10307087395297741,0.125272287632214,,,,,,,,,,,,,80.0,
plot_curve,8.541353383458645,0.18601862237318545,0.10321219480604325,0.12533020433665723,,,,,,,,,,,,,80.0,
plot_curve,8.571428571428571,0.18633123061216988,0.10335400999706015,0.12538859904241564,,,,,,,,,,,,,80.0,
plot_curve,8.601503759398497,0.1866447279879678,0.10349632240653357,0.1254474793396325,,,,,,,,,,,,,80.0,
plot_curve,8.631578947368421,0.1869591215055613,0.10363913491496907,0.12550685281845095,,,,,,,,,,,,,80.0,
plot_curve,8.661654135338345,0.1872744181699324,0.10378245040287207,0.12556672706901428,,,,,,,,,,,,,80.0,
plot_curve,8.69172932330827,0.18759062498606333,0.10392627175074808,0.12562710968146568,,,,,,,,,,,,,80.0,
plot_curve,8.721804511278195,0.18790774895893614,0.10407060183910265,0.12568800824594836,,,,,,,,,,,,,80.0,
plot_curve,8.75187969924812,0.18822579709353288,0.10421544354844121,0.12574943035260558,,,,,,,,,,,,,80.0,
plot_curve,8.781954887218046,0.18854477639483572,0.1043607997592693,0.1258113835915805,,,,,,,,,,,,,80.0,
plot_curve,8.81203007518797,0.18886469386782664,0.10450667335209238,0.12587387555301638,,,,,,,,,,,,,80.0,
plot_curve,8.842105263157894,0.1891855565174879,0.10465306720741596,0.12593691382705643,,,,,,,,,,,,,80.0,
plot_curve,8.87218045112782,0.18950737134880147,0.10479998420574554,0.12600050600384388,,,,,,,,,,,,,80.0,
plot_curve,8.902255639097744,0.18983014536674953,0.10494742722758658,0.1260646596735219,,,,,,,,,,,,,80.0,
plot_curve,8.93233082706767,0.19015388557631413,0.10509539915344464,0.12612938242623378,,,,,,,,,,,,,80.0,
plot_curve,8.962406015037594,0.19047859898247738,0.10524390286382514,0.12619468185212268,,,,,,,,,,,,,80.0,
plot_curve,8.992481203007518,0.19080429259022136,0.10539294123923361,0.12626056554133183,,,,,,,,,,,,,80.0,
plot_curve,9.022556390977442,0.19113097340452817,0.10554251716017556,0.12632704108400447,,,,,,,,,,,,,80.0,
plot_curve,9.052631578947368,0.19145864843038,0.10569263350715646,0.12639411607028384,,,,,,,,,,,,,80.0,
plot_curve,9.082706766917294,0.19178732467275883,0.10584329316068182,0.12646179809031308,,,,,,,,,,,,,80.0,
plot_curve,9.112781954887218,0.19211700913664675,0.10599449900125713,0.12653009473423546,,,,,,,,,,,,,80.0,
plot_curve,9.142857142857142,0.19244770882702597,0.10614625390938785,0.12659901359219422,,,,,,,,,,,,,80.0,
plot_curve,9.172932330827066,0.1927794307488785,0.10629856076557952,0.12666856225433254,,,,,,,,,,,,,80.0,
plot_curve,9.203007518796992,0.1931121819071865,0.10645142245033763,0.12673874831079365,,,,,,,,,,,,,80.0,
plot_curve,9.233082706766917,0.19344596930693195,0.10660484184416764,0.12680957935172074,,,,,,,,,,,,,80.0,
plot_curve,9.263157894736842,0.19378079995309705,0.1067588218275751,0.1268810629672571,,,,,,,,,,,,,80.0,
plot_curve,9.293233082706768,0.19411668085066394,0.10691336528106545,0.1269532067475459,,,,,,,,,,,,,80.0,
plot_curve,9.32330827067669,0.1944536190046146,0.10706847508514418,0.12702601828273036,,,,,,,,,,,,,80.0,
plot_curve,9.353383458646617,0.1947916214199312,0.10722415412031686,0.12709950516295368,,,,,,,,,,,,,80.0,
plot_curve,9.38345864661654,0.19513069510159578,0.10738040526708888,0.12717367497835913,,,,,,,,,,,,,80.0,
plot_curve,9.413533834586469,0.19547084705459053,0.10753723140596583,0.1272485353190899,,,,,,,,,,,,,80.0,
plot_curve,9.443609022556393,0.19581208428389751,0.10769463541745314,0.1273240937752892,,,,,,,,,,,,,80.0,
plot_curve,9.473684210526317,0.19615441379449874,0.10785262018205634,0.12740035793710022,,,,,,,,,,,,,80.0,
plot_curve,9.50375939849624,0.19649784259137637,0.10801118858028089,0.12747733539466627,,,,,,,,,,,,,80.0,
plot_curve,9.533834586466163,0.19684237767951257,0.10817034349263231,0.12755503373813049,,,,,,,,,,,,,80.0,
plot_curve,9.563909774436093,0.19718802606388938,0.10833008779961611,0.12763346055763614,,,,,,,,,,,,,80.0,
plot_curve,9.593984962406015,0.19753479474948885,0.10849042438173773,0.1277126234433264,,,,,,,,,,,,,80.0,
plot_curve,9.62406015037594,0.19788269074129314,0.10865135611950272,0.12779252998534452,,,,,,,,,,,,,80.0,
plot_curve,9.654135338345863,0.1982317210442843,0.10881288589341655,0.12787318777383372,,,,,,,,,,,,,80.0,
plot_curve,9.68421052631579,0.19858189266344448,0.1089750165839847,0.1279546043989372,,,,,,,,,,,,,80.0,
plot_curve,9.714285714285714,0.1989332126037558,0.10913775107171268,0.12803678745079816,,,,,,,,,,,,,80.0,
plot_curve,9.74436090225564,0.19928568787020026,0.109301092237106,0.1281197445195599,,,,,,,,,,,,,80.0,
plot_curve,9.774436090225564,0.19963932546776,0.10946504296067014,0.12820348319536554,,,,,,,,,,,,,80.0,
plot_curve,9.804511278195488,0.19999413240141714,0.10962960612291058,0.12828801106835835,,,,,,,,,,,,,80.0,
plot_curve,9.834586466165414,0.2003501156761538,0.10979478460433283,0.12837333572868154,,,,,,,,,,,,,80.0,
plot_curve,9.864661654135338,0.20070728229695203,0.10996058128544238,0.12845946476647835,,,,,,,,,,,,,80.0,
plot_curve,9.894736842105264,0.20106563926879395,0.11012699904674474,0.12854640577189197,,,,,,,,,,,,,80.0,
plot_curve,9.924812030075188,0.20142519359666164,0.11029404076874537,0.1286341663350656,,,,,,,,,,,,,80.0,
plot_curve,9.954887218045112,0.20178595228553717,0.11046170933194976,0.1287227540461425,,,,,,,,,,,,,80.0,
plot_curve,9.984962406015036,0.2021479223404027,0.11063000761686345,0.12881217649526588,,,,,,,,,,,,,80.0,
plot_curve,10.015037593984962,0.20251109303822057,0.11079893790788457,0.12890244127257894,,,,,,,,,,,,,80.0,
plot_curve,10.045112781954888,0.20287536655204128,0.11096850022633252,0.12899355596822493,,,,,,,,,,,,,80.0,
plot_curve,10.075187969924812,0.2032407360846385,0.11113869869010906,0.12908552817234703,,,,,,,,,,,,,80.0,
plot_curve,10.105263157894736,0.2036072127374931,0.11130953809294092,0.12917836547508849,,,,,,,,,,,,,80.0,
plot_curve,10.13533834586466,0.203974807612086,0.1114810232285548,0.1292720754665925,,,,,,,,,,,,,80.0,
plot_curve,10.165413533834586,0.20434353180989803,0.11165315889067741,0.1293666657370023,,,,,,,,,,,,,80.0,
plot_curve,10.19548872180451,0.2047133964324101,0.11182594987303544,0.12946214387646113,,,,,,,,,,,,,80.0,
plot_curve,10.225563909774436,0.20508441258110308,0.11199940096935562,0.12955851747511216,,,,,,,,,,,,,80.0,
plot_curve,10.25563909774436,0.20545659135745775,0.11217351697336463,0.12965579412309863,,,,,,,,,,,,,80.0,
plot_curve,10.285714285714285,0.20582994386295508,0.11234830267878916,0.12975398141056377,,,,,,,,,,,,,80.0,
plot_curve,10.31578947368421,0.206204481199076,0.11252376287935596,0.12985308692765077,,,,,,,,,,,,,80.0,
plot_curve,10.345864661654137,0.20658021446730124,0.11269990236879171,0.1299531182645029,,,,,,,,,,,,,80.0,
plot_curve,10.37593984962406,0.20695715476911175,0.11287672594082311,0.1300540830112633,,,,,,,,,,,,,80.0,
plot_curve,10.406015037593985,0.20733531320598841,0.11305423838917686,0.13015598875807527,,,,,,,,,,,,,80.0,
plot_curve,10.436090225563907,0.20771470087941205,0.11323244450757965,0.13025884309508196,,,,,,,,,,,,,80.0,
plot_curve,10.466165413533831,0.20809532889086355,0.11341134908975822,0.13036265361242663,,,,,,,,,,,,,80.0,
plot_curve,10.49624060150376,0.20847720834182393,0.11359095692943928,0.1304674279002525,,,,,,,,,,,,,80.0,
plot_curve,10.526315789473683,0.20886035033377384,0.11377127282034949,0.13057317354870276,,,,,,,,,,,,,80.0,
plot_curve,10.556390977443607,0.20924476596819422,0.11395230155621557,0.13067989814792066,,,,,,,,,,,,,80.0,
plot_curve,10.586466165413531,0.20963046634656607,0.11413404793076422,0.13078760928804942,,,,,,,,,,,,,80.0,
plot_curve,10.616541353383456,0.2100174625703701,0.11431651673772215,0.13089631455923223,,,,,,,,,,,,,80.0,
plot_curve,10.646616541353383,0.21040576574108732,0.11449971277081611,0.1310060215516123,,,,,,,,,,,,,80.0,
plot_curve,10.676691729323307,0.21079538696019856,0.11468364082377272,0.1311167378553329,,,,,,,,,,,,,80.0,
plot_curve,10.706766917293232,0.21118633732918463,0.11486830569031871,0.1312284710605372,,,,,,,,,,,,,80.0,
plot_curve,10.736842105263158,0.21157862794952645,0.11505371216418084,0.13134122875736848,,,,,,,,,,,,,80.0,
plot_curve,10.766917293233082,0.21197226992270488,0.11523986503908573,0.1314550185359699,,,,,,,,,,,,,80.0,
plot_curve,10.796992481203008,0.2123672743502008,0.11542676910876014,0.13156984798648466,,,,,,,,,,,,,80.0,
plot_curve,10.827067669172932,0.21276365233349512,0.11561442916693075,0.13168572469905604,,,,,,,,,,,,,80.0,
plot_curve,10.857142857142858,0.2131614149740687,0.11580285000732428,0.1318026562638272,,,,,,,,,,,,,80.0,
plot_curve,10.887218045112782,0.21356057337340237,0.1159920364236674,0.13192065027094144,,,,,,,,,,,,,80.0,
plot_curve,10.917293233082706,0.21396113863297703,0.11618199320968686,0.1320397143105419,,,,,,,,,,,,,80.0,
plot_curve,10.94736842105263,0.21436312185427356,0.11637272515910933,0.13215985597277183,,,,,,,,,,,,,80.0,
plot_curve,10.977443609022556,0.21476653413877286,0.11656423706566155,0.13228108284777446,,,,,,,,,,,,,80.0,
plot_curve,11.007518796992482,0.21517138658795576,0.11675653372307018,0.132403402525693,,,,,,,,,,,,,80.0,
plot_curve,11.037593984962406,0.21557769030330312,0.11694961992506195,0.13252682259667062,,,,,,,,,,,,,80.0,
plot_curve,11.06766917293233,0.21598545638629588,0.11714350046536354,0.1326513506508506,,,,,,,,,,,,,80.0,
plot_curve,11.097744360902254,0.21639469593841482,0.11733818013770167,0.13277699427837616,,,,,,,,,,,,,80.0,
plot_curve,11.12781954887218,0.21680542006114095,0.11753366373580308,0.1329037610693905,,,,,,,,,,,,,80.0,
plot_curve,11.157894736842104,0.21721763985595502,0.11772995605339441,0.13303165861403682,,,,,,,,,,,,,80.0,
plot_curve,11.18796992481203,0.21763136642433795,0.1179270618842024,0.13316069450245838,,,,,,,,,,,,,80.0,
plot_curve,11.218045112781954,0.2180466108677706,0.11812498602195373,0.13329087632479836,,,,,,,,,,,,,80.0,
plot_curve,11.24812030075188,0.2184633842877339,0.11832373326037514,0.1334222116712,,,,,,,,,,,,,80.0,
plot_curve,11.278195488721805,0.21888169778570865,0.11852330839319329,0.13355470813180648,,,,,,,,,,,,,80.0,
plot_curve,11.308270676691729,0.21930156246317575,0.1187237162141349,0.1336883732967611,,,,,,,,,,,,,80.0,
plot_curve,11.338345864661656,0.2197229894216161,0.1189249615169267,0.133823214756207,,,,,,,,,,,,,80.0,
plot_curve,11.36842105263158,0.22014598976251054,0.1191270490952954,0.13395924010028742,,,,,,,,,,,,,80.0,
plot_curve,11.398496240601505,0.22057057458733997,0.11932998374296763,0.13409645691914562,,,,,,,,,,,,,80.0,
plot_curve,11.428571428571429,0.22099675499758523,0.11953377025367014,0.13423487280292473,,,,,,,,,,,,,80.0,
plot_curve,11.458646616541351,0.22142454209472717,0.11973841342112963,0.1343744953417681,,,,,,,,,,,,,80.0,
plot_curve,11.48872180451128,0.22185394698024682,0.11994391803907287,0.13451533212581884,,,,,,,,,,,,,80.0,
plot_curve,11.518796992481205,0.22228498075562492,0.12015028890122645,0.13465739074522018,,,,,,,,,,,,,80.0,
plot_curve,11.548872180451127,0.22271765452234227,0.12035753080131711,0.13480067879011537,,,,,,,,,,,,,80.0,
plot_curve,11.578947368421051,0.22315197938187986,0.12056564853307158,0.1349452038506476,,,,,,,,,,,,,80.0,
plot_curve,11.609022556390975,0.2235879664357186,0.12077464689021657,0.13509097351696014,,,,,,,,,,,,,80.0,
plot_curve,11.6390977443609,0.22402562678533927,0.12098453066647875,0.13523799537919615,,,,,,,,,,,,,80.0,
plot_curve,11.669172932330827,0.22446497153222283,0.12119530465558487,0.13538627702749892,,,,,,,,,,,,,80.0,
plot_curve,11.699248120300751,0.2249060117778501,0.1214069736512616,0.13553582605201156,,,,,,,,,,,,,80.0,
plot_curve,11.729323308270676,0.2253487586237019,0.1216195424472356,0.1356866500428774,,,,,,,,,,,,,80.0,
plot_curve,11.759398496240602,0.22579322317125924,0.12183301583723367,0.13583875659023958,,,,,,,,,,,,,80.0,
plot_curve,11.789473684210526,0.22623941652200288,0.12204739861498244,0.13599215328424136,,,,,,,,,,,,,80.0,
plot_curve,11.819548872180452,0.22668734977741375,0.12226269557420866,0.13614684771502594,,,,,,,,,,,,,80.0,
plot_curve,11.849624060150376,0.22713703403897267,0.12247891150863899,0.13630284747273655,,,,,,,,,,,,,80.0,
plot_curve,11.8796992481203,0.22758848040816054,0.12269605121200015,0.13646016014751639,,,,,,,,,,,,,80.0,
plot_curve,11.909774436090224,0.2280416999864583,0.12291411947801886,0.13661879332950871,,,,,,,,,,,,,80.0,
plot_curve,11.93984962406015,0.22849670387534673,0.12313312110042182,0.13677875460885672,,,,,,,,,,,,,80.0,
plot_curve,11.969924812030076,0.2289535031763068,0.12335306087293574,0.1369400515757036,,,,,,,,,,,,,80.0,
plot_curve,12.0,0.22941210899081926,0.12357394358928728,0.13710269182019263,,,,,,,,,,,,,80.0,
plot_curve,12.030075187969924,0.22987243227475682,0.12379576890413836,0.13726668293246697,,,,,,,,,,,,,80.0,
plot_curve,12.060150375939848,0.23033438919786595,0.12401853898968086,0.1374320325026699,,,,,,,,,,,,,80.0,
plot_curve,12.090225563909774,0.23079799868243842,0.12424226241593643,0.13759874812094455,,,,,,,,,,,,,80.0,
plot_curve,12.120300751879698,0.2312632796507659,0.12446694775292669,0.13776683737743423,,,,,,,,,,,,,80.0,
plot_curve,12.150375939849624,0.23173025102514017,0.12469260357067333,0.13793630786228211,,,,,,,,,,,,,80.0,
plot_curve,12.180451127819548,0.23219893172785294,0.12491923843919793,0.13810716716563143,,,,,,,,,,,,,80.0,
plot_curve,12.210526315789473,0.2326693406811959,0.1251468609285222,0.1382794228776254,,,,,,,,,,,,,80.0,
plot_curve,12.240601503759398,0.23314149680746082,0.12537547960866782,0.13845308258840722,,,,,,,,,,,,,80.0,
plot_curve,12.270676691729324,0.2336154190289394,0.12560510304965639,0.13862815388812014,,,,,,,,,,,,,80.0,
plot_curve,12.300751879699249,0.23409112626792336,0.12583573982150953,0.13880464436690734,,,,,,,,,,,,,80.0,
plot_curve,12.330827067669173,0.23456863744670448,0.12606739849424892,0.13898256161491207,,,,,,,,,,,,,80.0,
plot_curve,12.360902255639097,0.2350479714875744,0.12630008763789624,0.13916191322227758,,,,,,,,,,,,,80.0,
plot_curve,12.390977443609025,0.23552914731282493,0.1265338158224731,0.139342706779147,,,,,,,,,,,,,80.0,
plot_curve,12.421052631578949,0.2360121838447477,0.1267685916180012,0.13952494987566366,,,,,,,,,,,,,80.0,
plot_curve,12.451127819548873,0.23649710000563454,0.12700442359450217,0.13970865010197064,,,,,,,,,,,,,80.0,
plot_curve,12.481203007518795,0.23698391471777708,0.1272413203219976,0.13989381504821125,,,,,,,,,,,,,80.0,
plot_curve,12.51127819548872,0.23747264690346712,0.12747929037050923,0.14008045230452873,,,,,,,,,,,,,80.0,
plot_curve,12.541353383458643,0.23796331548499636,0.12771834231005863,0.14026856946106625,,,,,,,,,,,,,80.0,
plot_curve,12.571428571428571,0.2384559393846566,0.12795848471066754,0.14045817410796707,,,,,,,,,,,,,80.0,
plot_curve,12.601503759398495,0.23895053752473935,0.12819972614235753,0.14064927383537432,,,,,,,,,,,,,80.0,
plot_curve,12.63157894736842,0.23944712882753655,0.12844207517515024,0.1408418762334313,,,,,,,,,,,,,80.0,
plot_curve,12.661654135338344,0.23994573221533982,0.1286855403790674,0.14103598889228122,,,,,,,,,,,,,80.0,
plot_curve,12.69172932330827,0.240446366610441,0.12893013032413067,0.1412316194020673,,,,,,,,,,,,,80.0,
plot_curve,12.721804511278195,0.24094905093513166,0.12917585358036163,0.14142877535293272,,,,,,,,,,,,,80.0,
plot_curve,12.75187969924812,0.2414538041117036,0.1294227187177819,0.14162746433502071,,,,,,,,,,,,,80.0,
plot_curve,12.781954887218046,0.24196064506244855,0.12967073430641324,0.14182769393847452,,,,,,,,,,,,,80.0,
plot_curve,12.81203007518797,0.24246959270965823,0.1299199089162772,0.14202947175343733,,,,,,,,,,,,,80.0,
plot_curve,12.842105263157894,0.24298066597562437,0.13017025111739547,0.1422328053700524,,,,,,,,,,,,,80.0,
plot_curve,12.87218045112782,0.2434938837826387,0.13042176947978973,0.14243770237846293,,,,,,,,,,,,,80.0,
plot_curve,12.902255639097744,0.24400926505299292,0.13067447257348158,0.14264417036881213,,,,,,,,,,,,,80.0,
plot_curve,12.932330827067668,0.24452682870897874,0.1309283689684927,0.14285221693124323,,,,,,,,,,,,,80.0,
plot_curve,12.962406015037594,0.24504659367288795,0.13118346723484475,0.14306184965589944,,,,,,,,,,,,,80.0,
plot_curve,12.992481203007518,0.24556857886701222,0.13143977594255932,0.14327307613292395,,,,,,,,,,,,,80.0,
plot_curve,13.022556390977442,0.24609280321364332,0.13169730366165813,0.14348590395246003,,,,,,,,,,,,,80.0,
plot_curve,13.052631578947368,0.246619285635073,0.13195605896216284,0.14370034070465088,,,,,,,,,,,,,80.0,
plot_curve,13.082706766917292,0.24714804505359284,0.132216050414095,0.14391639397963973,,,,,,,,,,,,,80.0,
plot_curve,13.112781954887218,0.24767910039149474,0.1324772865874764,0.14413407136756978,,,,,,,,,,,,,80.0,
plot_curve,13.142857142857142,0.24821247057107032,0.13273977605232856,0.14435338045858426,,,,,,,,,,,,,80.0,
plot_curve,13.172932330827066,0.24874817451461131,0.1330035273786732,0.14457432884282637,,,,,,,,,,,,,80.0,
plot_curve,13.203007518796992,0.24928623114440954,0.13326854913653194,0.14479692411043935,,,,,,,,,,,,,80.0,
plot_curve,13.233082706766917,0.24982665938275658,0.13353484989592646,0.1450211738515664,,,,,,,,,,,,,80.0,
plot_curve,13.263157894736842,0.25036947815194427,0.13380243822687837,0.14524708565635078,,,,,,,,,,,,,80.0,
plot_curve,13.293233082706768,0.25091470637426433,0.1340713226994094,0.14547466711493565,,,,,,,,,,,,,80.0,
plot_curve,13.32330827067669,0.25146236297200836,0.1343415118835411,0.14570392581746422,,,,,,,,,,,,,80.0,
plot_curve,13.353383458646617,0.2520124668674682,0.13461301434929518,0.1459348693540798,,,,,,,,,,,,,80.0,
plot_curve,13.38345864661654,0.25256503698293553,0.1348858386666933,0.1461675053149255,,,,,,,,,,,,,80.0,
plot_curve,13.413533834586463,0.25312009224070214,0.13515999340575702,0.14640184129014464,,,,,,,,,,,,,80.0,
plot_curve,13.443609022556393,0.2536776515630598,0.13543548713650816,0.14663788486988039,,,,,,,,,,,,,80.0,
plot_curve,13.473684210526317,0.25423773387230014,0.13571232842896822,0.14687564364427597,,,,,,,,,,,,,80.0,
plot_curve,13.50375939849624,0.2548003580907147,0.13599052585315885,0.14711512520347456,,,,,,,,,,,,,80.0,
plot_curve,13.533834586466163,0.25536554314059556,0.13627008797910178,0.14735633713761942,,,,,,,,,,,,,80.0,
plot_curve,13.56390977443609,0.25593330794423436,0.13655102337681868,0.14759928703685377,,,,,,,,,,,,,80.0,
plot_curve,13.593984962406015,0.25650367142392266,0.1368333406163311,0.14784398249132086,,,,,,,,,,,,,80.0,
plot_curve,13.62406015037594,0.25707665250195216,0.13711704826766075,0.14809043109116385,,,,,,,,,,,,,80.0,
plot_curve,13.654135338345863,0.25765227010061487,0.13740215490082924,0.14833864042652595,,,,,,,,,,,,,80.0,
plot_curve,13.68421052631579,0.2582305431422023,0.1376886690858583,0.14858861808755044,,,,,,,,,,,,,80.0,
plot_curve,13.714285714285714,0.2588114905490062,0.1379765993927695,0.1488403716643805,,,,,,,,,,,,,80.0,
plot_curve,13.74436090225564,0.25939513124331837,0.13826595439158454,0.14909390874715936,,,,,,,,,,,,,80.0,
plot_curve,13.774436090225564,0.2599814841474305,0.13855674265232504,0.14934923692603025,,,,,,,,,,,,,80.0,
plot_curve,13.804511278195488,0.2605705681836342,0.13884897274501262,0.14960636379113634,,,,,,,,,,,,,80.0,
plot_curve,13.834586466165414,0.2611624022742214,0.13914265323966904,0.1498652969326209,,,,,,,,,,,,,80.0,
plot_curve,13.864661654135338,0.2617570053414837,0.13943779270631587,0.15012604394062712,,,,,,,,,,,,,80.0,
plot_curve,13.894736842105262,0.2623543963077128,0.13973439971497473,0.15038861240529822,,,,,,,,,,,,,80.0,
plot_curve,13.924812030075188,0.26295459409520056,0.1400324828356673,0.15065300991677744,,,,,,,,,,,,,80.0,
plot_curve,13.954887218045112,0.2635576176262386,0.1403320506384153,0.15091924406520799,,,,,,,,,,,,,80.0,
plot_curve,13.984962406015036,0.2641634858231186,0.14063311169324028,0.15118732244073307,,,,,,,,,,,,,80.0,
plot_curve,14.015037593984962,0.2647723328301639,0.14093575083410953,0.15145725263349594,,,,,,,,,,,,,80.0,
plot_curve,14.045112781954886,0.26538485420589064,0.14124042646981758,0.15172904223363975,,,,,,,,,,,,,80.0,
plot_curve,14.075187969924812,0.2660011465382691,0.14154720364180856,0.1520026988313078,,,,,,,,,,,,,80.0,
plot_curve,14.105263157894736,0.26662118956035313,0.1418560702670365,0.15227823001664326,,,,,,,,,,,,,80.0,
plot_curve,14.13533834586466,0.2672449630051962,0.14216701426245545,0.15255564337978933,,,,,,,,,,,,,80.0,
plot_curve,14.165413533834586,0.26787244660585235,0.14248002354501954,0.1528349465108893,,,,,,,,,,,,,80.0,
plot_curve,14.19548872180451,0.2685036200953752,0.1427950860316827,0.1531161470000863,,,,,,,,,,,,,80.0,
plot_curve,14.225563909774436,0.26913846320681856,0.14311218963939912,0.15339925243752364,,,,,,,,,,,,,80.0,
plot_curve,14.25563909774436,0.2697769556732363,0.14343132228512268,0.15368427041334445,,,,,,,,,,,,,80.0,
plot_curve,14.285714285714285,0.2704190772276819,0.14375247188580756,0.153971208517692,,,,,,,,,,,,,80.0,
plot_curve,14.31578947368421,0.2710648076032094,0.14407562635840773,0.15426007434070954,,,,,,,,,,,,,80.0,
plot_curve,14.345864661654137,0.2717141265328725,0.14440077361987733,0.1545508754725402,,,,,,,,,,,,,80.0,
plot_curve,14.37593984962406,0.27236701374972483,0.14472790158717036,0.15484361950332726,,,,,,,,,,,,,80.0,
plot_curve,14.406015037593985,0.2730234489868203,0.14505699817724085,0.1551383140232139,,,,,,,,,,,,,80.0,
plot_curve,14.436090225563907,0.2736834119772125,0.14538805130704283,0.15543496662234338,,,,,,,,,,,,,80.0,
plot_curve,14.466165413533831,0.27434688245395544,0.14572104889353046,0.1557335848908589,,,,,,,,,,,,,80.0,
plot_curve,14.49624060150376,0.2750138401501029,0.1460559788536578,0.15603417641890371,,,,,,,,,,,,,80.0,
plot_curve,14.526315789473683,0.27568426479870833,0.14639282910437873,0.15633674879662096,,,,,,,,,,,,,80.0,
plot_curve,14.556390977443607,0.2763581361328257,0.14673158756264743,0.1566413096141539,,,,,,,,,,,,,80.0,
plot_curve,14.586466165413531,0.2770354338855088,0.1470722421454179,0.15694786646164577,,,,,,,,,,,,,80.0,
plot_curve,14.616541353383456,0.27771613778981125,0.14741478076964423,0.1572564269292398,,,,,,,,,,,,,80.0,
plot_curve,14.646616541353383,0.278400227578787,0.14775919135228047,0.15756699860707918,,,,,,,,,,,,,80.0,
plot_curve,14.676691729323307,0.27908768298548975,0.14810546181028064,0.15787958908530714,,,,,,,,,,,,,80.0,
plot_curve,14.706766917293232,0.2797784837429732,0.1484535800605988,0.15819420595406686,,,,,,,,,,,,,80.0,
plot_curve,14.736842105263158,0.28047260958429115,0.14880353402018903,0.15851085680350158,,,,,,,,,,,,,80.0,
plot_curve,14.766917293233082,0.28117004024249725,0.14915531160600537,0.15882954922375456,,,,,,,,,,,,,80.0,
plot_curve,14.796992481203008,0.2818707554506455,0.1495089007350018,0.15915029080496895,,,,,,,,,,,,,80.0,
plot_curve,14.827067669172932,0.28257473494178953,0.14986428932413248,0.15947308913728803,,,,,,,,,,,,,80.0,
plot_curve,14.857142857142856,0.283281958448983,0.15022146529035144,0.159797951810855,,,,,,,,,,,,,80.0,
plot_curve,14.887218045112782,0.28399240570527995,0.1505804165506127,0.16012488641581307,,,,,,,,,,,,,80.0,
plot_curve,14.917293233082706,0.284706056443734,0.15094113102187026,0.16045390054230543,,,,,,,,,,,,,80.0,
plot_curve,14.94736842105263,0.2854228903973987,0.15130359662107823,0.16078500178047533,,,,,,,,,,,,,80.0,
plot_curve,14.977443609022556,0.28614288729932824,0.1516678012651907,0.16111819772046604,,,,,,,,,,,,,80.0,
plot_curve,15.00751879699248,0.286866026882576,0.15203373287116165,0.1614534959524207,,,,,,,,,,,,,80.0,
plot_curve,15.037593984962406,0.287592288880196,0.1524013793559452,0.16179090406648255,,,,,,,,,,,,,80.0,
plot_curve,15.06766917293233,0.2883216530252419,0.15277072863649532,0.16213042965279478,,,,,,,,,,,,,80.0,
plot_curve,15.097744360902254,0.28905409905076734,0.1531417686297661,0.16247208030150068,,,,,,,,,,,,,80.0,
plot_curve,15.12781954887218,0.28978960668982634,0.15351448725271163,0.16281586360274342,,,,,,,,,,,,,80.0,
plot_curve,15.157894736842104,0.2905281556754726,0.15388887242228588,0.16316178714666624,,,,,,,,,,,,,80.0,
plot_curve,15.18796992481203,0.2912697257407597,0.154264912055443,0.16350985852341232,,,,,,,,,,,,,80.0,
plot_curve,15.218045112781954,0.29201429661874156,0.15464259406913697,0.16386008532312496,,,,,,,,,,,,,80.0,
plot_curve,15.24812030075188,0.29276184804247196,0.15502190638032187,0.1642124751359473,,,,,,,,,,,,,80.0,
plot_curve,15.278195488721805,0.2935123597450045,0.15540283690595172,0.16456703555202257,,,,,,,,,,,,,80.0,
plot_curve,15.308270676691729,0.2942658114593932,0.15578537356298056,0.16492377416149398,,,,,,,,,,,,,80.0,
plot_curve,15.338345864661653,0.2950221829186916,0.1561695042683625,0.16528269855450478,,,,,,,,,,,,,80.0,
plot_curve,15.36842105263158,0.2957814538559536,0.15655521693905158,0.16564381632119823,,,,,,,,,,,,,80.0,
plot_curve,15.398496240601505,0.2965436040042329,0.15694249949200184,0.16600713505171746,,,,,,,,,,,,,80.0,
plot_curve,15.428571428571429,0.29730861309658324,0.1573313398441673,0.16637266233620573,,,,,,,,,,,,,80.0,
plot_curve,15.458646616541351,0.2980764608660584,0.157721725912502,0.1667404057648062,,,,,,,,,,,,,80.0,
plot_curve,15.488721804511275,0.29884712704571215,0.15811364561396007,0.16711037292766223,,,,,,,,,,,,,80.0,
plot_curve,15.518796992481205,0.2996205913685985,0.15850708686549558,0.16748257141491696,,,,,,,,,,,,,80.0,
plot_curve,15.548872180451127,0.30039683356777075,0.15890203758406246,0.16785700881671353,,,,,,,,,,,,,80.0,
plot_curve,15.578947368421051,0.3011758333762829,0.15929848568661484,0.16823369272319524,,,,,,,,,,,,,80.0,
plot_curve,15.609022556390975,0.3019575705271888,0.1596964190901067,0.1686126307245053,,,,,,,,,,,,,80.0,
plot_curve,15.6390977443609,0.30274202475354206,0.1600958257114922,0.16899383041078694,,,,,,,,,,,,,80.0,
plot_curve,15.669172932330827,0.30352917578839667,0.16049669346772535,0.1693772993721834,,,,,,,,,,,,,80.0,
plot_curve,15.699248120300751,0.30431900336480616,0.16089901027576015,0.1697630451988378,,,,,,,,,,,,,80.0,
plot_curve,15.729323308270676,0.30511148721582426,0.16130276405255067,0.17015107548089348,,,,,,,,,,,,,80.0,
plot_curve,15.759398496240602,0.30590660707450495,0.161707942715051,0.1705413978084936,,,,,,,,,,,,,80.0,
plot_curve,15.789473684210526,0.3067043426739019,0.1621145341802152,0.1709340197717813,,,,,,,,,,,,,80.0,
plot_curve,15.81954887218045,0.3075046737470688,0.16252252636499728,0.17132894896089992,,,,,,,,,,,,,80.0,
plot_curve,15.849624060150376,0.30830758002705955,0.1629319071863513,0.17172619296599267,,,,,,,,,,,,,80.0,
plot_curve,15.8796992481203,0.3091130412469278,0.16334266456123128,0.1721257593772027,,,,,,,,,,,,,80.0,
plot_curve,15.909774436090224,0.3099210371397273,0.16375478640659133,0.17252765578467327,,,,,,,,,,,,,80.0,
plot_curve,15.93984962406015,0.310731547438512,0.1641682606393855,0.17293188977854762,,,,,,,,,,,,,80.0,
plot_curve,15.969924812030074,0.3115445518763354,0.16458307517656776,0.17333846894896893,,,,,,,,,,,,,80.0,
plot_curve,16.0,0.3123600301862515,0.16499921793509228,0.1737474008860804,,,,,,,,,,,,,80.0,
