dataKind,lambda,DPKI_upper_bound,DPKI_lower_bound,DPKI_experimental,epsilon,lambdaTotalMeasured,pManageMeasured,gammaOnChainMeasured,qManageMeasured,muModelOffchainAuthMeasured,lambdaBlockMeasured,lambdaBlockHeightMeasured,lambdaBlockTxConfirmMeanMs,serviceCAs,calibrationScope,runDir,meanBlockMs,configuredLambdaBlock
measured_point,4.0,0.14849878637138575,0.08630367874230471,0.118492800499784,0.1,4.071175817131633,0.1,0.25,0.3,16.1949669974356,8.48183977994379,10.132623055035731,115.5409705235548,4.0,Fig6 epsilon measured parameters,C:\Users\admin\Desktop\Blockchain_based DPKI platform\DPKI-and--platform-\dpki-experiment-prototype\outputs\real_sweeps\lambda_experiment\aggressive_three_lambdap_100_90_80_lambda2_20_r10000_blockms_80_lambda_4_r10000,80.0,12.5
measured_point,6.0,0.16208742513244997,0.09218793579455498,0.11953739490463748,0.1,5.993803509267766,0.1,0.25,0.3,16.245452762632667,8.597603034862871,10.31961091398695,113.98525798715603,4.0,Fig6 epsilon measured parameters,C:\Users\admin\Desktop\Blockchain_based DPKI platform\DPKI-and--platform-\dpki-experiment-prototype\outputs\real_sweeps\lambda_experiment\aggressive_three_lambdap_100_90_80_lambda2_20_r10000_blockms_80_lambda_6_r10000,80.0,12.5
measured_point,8.0,0.1808755505716437,0.10032201431166296,0.12401595205199402,0.1,7.970964550953789,0.1,0.25,0.3,16.19883419856551,8.541285362656625,10.226548353851896,114.736829222995,4.0,Fig6 epsilon measured parameters,C:\Users\admin\Desktop\Blockchain_based DPKI platform\DPKI-and--platform-\dpki-experiment-prototype\outputs\real_sweeps\lambda_experiment\aggressive_three_lambdap_100_90_80_lambda2_20_r10000_blockms_80_lambda_8_r10000,80.0,12.5
measured_point,10.0,0.2045890335615741,0.11051106465226285,0.13143007174217103,0.1,10.141022130895198,0.1,0.25,0.3,16.260590151030232,8.471263048335043,10.119748002678472,115.68522833116495,4.0,Fig6 epsilon measured parameters,C:\Users\admin\Desktop\Blockchain_based DPKI platform\DPKI-and--platform-\dpki-experiment-prototype\outputs\real_sweeps\lambda_experiment\aggressive_three_lambdap_100_90_80_lambda2_20_r10000_blockms_80_lambda_10_r10000,80.0,12.5
measured_point,12.0,0.22725082188539886,0.12161321535983002,0.13688140557829614,0.1,11.837593666142148,0.1,0.25,0.3,16.225205284362,8.534009075791712,10.257925807748306,114.83465640784829,4.0,Fig6 epsilon measured parameters,C:\Users\admin\Desktop\Blockchain_based DPKI platform\DPKI-and--platform-\dpki-experiment-prototype\outputs\real_sweeps\lambda_experiment\aggressive_three_lambdap_100_90_80_lambda2_20_r10000_blockms_80_lambda_12_r10000,80.0,12.5
measured_point,14.0,0.2607058857485466,0.1389128595199123,0.13940702969741325,0.1,13.811034667022424,0.1,0.25,0.3,16.164099638622204,8.64971166200794,10.372011082915943,113.29857436802736,4.0,Fig6 epsilon measured parameters,C:\Users\admin\Desktop\Blockchain_based DPKI platform\DPKI-and--platform-\dpki-experiment-prototype\outputs\real_sweeps\lambda_experiment\aggressive_three_lambdap_100_90_80_lambda2_20_r10000_blockms_80_lambda_14_r10000,80.0,12.5
measured_point,16.0,0.3177550484264859,0.16744250824347484,0.16462052764735802,0.1,16.11759817768421,0.1,0.25,0.3,16.13608929607257,8.59774624738366,10.265419491297546,113.98335933654931,4.0,Fig6 epsilon measured parameters,C:\Users\admin\Desktop\Blockchain_based DPKI platform\DPKI-and--platform-\dpki-experiment-prototype\outputs\real_sweeps\lambda_experiment\aggressive_three_lambdap_100_90_80_lambda2_20_r10000_blockms_80_lambda_16_r10000,80.0,12.5
measured_point,4.0,0.15237253929537312,0.08589864703593564,0.12197260854883078,0.1,3.9393457830202316,0.1,0.25,0.3,16.19785826769936,7.863311663893054,9.361834715286623,124.62942356717055,4.0,Fig6 epsilon measured parameters,C:\Users\admin\Desktop\Blockchain_based DPKI platform\DPKI-and--platform-\dpki-experiment-prototype\outputs\real_sweeps\lambda_experiment\aggressive_three_lambdap_100_90_80_lambda2_20_r10000_blockms_90_lambda_4_r10000,90.0,11.11111111111111
measured_point,6.0,0.16865279435486183,0.09207080135610599,0.12593164511720645,0.1,5.997543825077955,0.1,0.25,0.3,16.264155148075893,7.845704206340128,9.2061997172323,124.90911895557574,4.0,Fig6 epsilon measured parameters,C:\Users\admin\Desktop\Blockchain_based DPKI platform\DPKI-and--platform-\dpki-experiment-prototype\outputs\real_sweeps\lambda_experiment\aggressive_three_lambdap_100_90_80_lambda2_20_r10000_blockms_90_lambda_6_r10000,90.0,11.11111111111111
measured_point,8.0,0.19009363441580546,0.10027750826593783,0.13250907964730174,0.1,8.13919959301524,0.1,0.25,0.3,16.29260128072687,7.724017649821205,9.234060495941664,126.8769757436643,4.0,Fig6 epsilon measured parameters,C:\Users\admin\Desktop\Blockchain_based DPKI platform\DPKI-and--platform-\dpki-experiment-prototype\outputs\real_sweeps\lambda_experiment\aggressive_three_lambdap_100_90_80_lambda2_20_r10000_blockms_90_lambda_8_r10000,90.0,11.11111111111111
measured_point,10.0,0.20923246108295046,0.11008928567923375,0.1343531982944659,0.1,10.015507079843887,0.1,0.25,0.3,16.23342410515603,7.977622782340722,9.406451346206365,122.8436122812587,4.0,Fig6 epsilon measured parameters,C:\Users\admin\Desktop\Blockchain_based DPKI platform\DPKI-and--platform-\dpki-experiment-prototype\outputs\real_sweeps\lambda_experiment\aggressive_three_lambdap_100_90_80_lambda2_20_r10000_blockms_90_lambda_10_r10000,90.0,11.11111111111111
measured_point,12.0,0.23578944753452655,0.1216511780661321,0.14461867855076502,0.1,11.78380509848538,0.1,0.25,0.3,16.1921095156336,7.881168504757837,9.287382662791583,124.34704313305532,4.0,Fig6 epsilon measured parameters,C:\Users\admin\Desktop\Blockchain_based DPKI platform\DPKI-and--platform-\dpki-experiment-prototype\outputs\real_sweeps\lambda_experiment\aggressive_three_lambdap_100_90_80_lambda2_20_r10000_blockms_90_lambda_12_r10000,90.0,11.11111111111111
measured_point,14.0,0.27692955099312544,0.13911021192304873,0.1711557681995261,0.1,14.051528966746618,0.1,0.25,0.3,16.291102695744726,7.725755463350745,9.286994751696517,126.84843633077706,4.0,Fig6 epsilon measured parameters,C:\Users\admin\Desktop\Blockchain_based DPKI platform\DPKI-and--platform-\dpki-experiment-prototype\outputs\real_sweeps\lambda_experiment\aggressive_three_lambdap_100_90_80_lambda2_20_r10000_blockms_90_lambda_14_r10000,90.0,11.11111111111111
measured_point,16.0,0.3243330743055659,0.16169250681230618,0.20843692480986925,0.1,16.03130703786999,0.1,0.25,0.3,16.31973314297729,7.748234478081604,9.136308187057505,126.48042631805323,4.0,Fig6 epsilon measured parameters,C:\Users\admin\Desktop\Blockchain_based DPKI platform\DPKI-and--platform-\dpki-experiment-prototype\outputs\real_sweeps\lambda_experiment\aggressive_three_lambdap_100_90_80_lambda2_20_r10000_blockms_90_lambda_16_r10000,90.0,11.11111111111111
measured_point,4.0,0.15676802458605843,0.08488655968099545,0.1273389547676705,0.1,3.903306236641611,0.1,0.25,0.3,16.35068523331401,7.235245083846354,8.530104604174044,135.44807240710895,4.0,Fig6 epsilon measured parameters,C:\Users\admin\Desktop\Blockchain_based DPKI platform\DPKI-and--platform-\dpki-experiment-prototype\outputs\real_sweeps\lambda_experiment\aggressive_three_lambdap_100_90_80_lambda2_20_r10000_blockms_100_lambda_4_r10000,100.0,10.0
measured_point,6.0,0.17343311550060053,0.09207028468089756,0.12961720736467247,0.1,6.111349158364033,0.1,0.25,0.3,16.32185105294592,7.430869628313053,8.605393279613255,131.88227610211464,4.0,Fig6 epsilon measured parameters,C:\Users\admin\Desktop\Blockchain_based DPKI platform\DPKI-and--platform-\dpki-experiment-prototype\outputs\real_sweeps\lambda_experiment\aggressive_three_lambdap_100_90_80_lambda2_20_r10000_blockms_100_lambda_6_r10000,100.0,10.0
measured_point,8.0,0.19490662154305255,0.09995894650534622,0.13896659993859087,0.1,7.982548282904983,0.1,0.25,0.3,16.248552107883615,7.240089934638158,8.370210723154383,135.35743462404628,4.0,Fig6 epsilon measured parameters,C:\Users\admin\Desktop\Blockchain_based DPKI platform\DPKI-and--platform-\dpki-experiment-prototype\outputs\real_sweeps\lambda_experiment\aggressive_three_lambdap_100_90_80_lambda2_20_r10000_blockms_100_lambda_8_r10000,100.0,10.0
measured_point,10.0,0.21713958020057197,0.10930151356590075,0.14796700820045186,0.1,9.982631304205055,0.1,0.25,0.3,16.293323839481,7.2988376792829595,8.422633949698268,134.26795375675152,4.0,Fig6 epsilon measured parameters,C:\Users\admin\Desktop\Blockchain_based DPKI platform\DPKI-and--platform-\dpki-experiment-prototype\outputs\real_sweeps\lambda_experiment\aggressive_three_lambdap_100_90_80_lambda2_20_r10000_blockms_100_lambda_10_r10000,100.0,10.0
measured_point,12.0,0.2500629932472156,0.12336329771680599,0.1604251031400086,0.1,12.140156754417049,0.1,0.25,0.3,16.25892257306608,7.262993027864794,8.462307320037645,134.93059902992977,4.0,Fig6 epsilon measured parameters,C:\Users\admin\Desktop\Blockchain_based DPKI platform\DPKI-and--platform-\dpki-experiment-prototype\outputs\real_sweeps\lambda_experiment\aggressive_three_lambdap_100_90_80_lambda2_20_r10000_blockms_100_lambda_12_r10000,100.0,10.0
measured_point,14.0,0.2866288117555275,0.13803670114612185,0.20104876505900726,0.1,13.96555327719416,0.1,0.25,0.3,16.30521390583171,7.109092328534486,8.463303063043035,137.8516348798108,4.0,Fig6 epsilon measured parameters,C:\Users\admin\Desktop\Blockchain_based DPKI platform\DPKI-and--platform-\dpki-experiment-prototype\outputs\real_sweeps\lambda_experiment\aggressive_three_lambdap_100_90_80_lambda2_20_r10000_blockms_100_lambda_14_r10000,100.0,10.0
measured_point,16.0,0.32310173354397587,0.1571986347839721,0.22479195123986545,0.1,15.79927188583816,0.1,0.25,0.3,16.37909669524593,7.397702823416418,8.602123435088341,132.4735561014892,4.0,Fig6 epsilon measured parameters,C:\Users\admin\Desktop\Blockchain_based DPKI platform\DPKI-and--platform-\dpki-experiment-prototype\outputs\real_sweeps\lambda_experiment\aggressive_three_lambdap_100_90_80_lambda2_20_r10000_blockms_100_lambda_16_r10000,100.0,10.0
plot_curve,4.0,0.15722875831114197,0.08502878803462774,0.1278680648380158,,,,,,,,,,,,,100.0,
plot_curve,4.030075187969925,0.15742133774787712,0.08512101637811194,0.12786125161107473,,,,,,,,,,,,,100.0,
plot_curve,4.06015037593985,0.15761519887813533,0.08521346974893759,0.12785538204322716,,,,,,,,,,,,,100.0,
plot_curve,4.090225563909774,0.15781034055803198,0.08530614981406105,0.12785045872047088,,,,,,,,,,,,,100.0,
plot_curve,4.120300751879699,0.15800676164368238,0.08539905824043872,0.12784648422880374,,,,,,,,,,,,,100.0,
plot_curve,4.150375939849624,0.15820446099120195,0.08549219669502695,0.12784346115422346,,,,,,,,,,,,,100.0,
plot_curve,4.180451127819548,0.158403437456706,0.08558556684478211,0.1278413920827279,,,,,,,,,,,,,100.0,
plot_curve,4.2105263157894735,0.15860368989630988,0.08567917035666058,0.12784027960031485,,,,,,,,,,,,,100.0,
plot_curve,4.2406015037593985,0.15880521716612897,0.08577300889761871,0.12784012629298208,,,,,,,,,,,,,100.0,
plot_curve,4.2706766917293235,0.15900801812227863,0.0858670841346129,0.1278409347467274,,,,,,,,,,,,,100.0,
plot_curve,4.3007518796992485,0.1592120916208742,0.0859613977345995,0.12784270754754862,,,,,,,,,,,,,100.0,
plot_curve,4.330827067669173,0.15941743651803106,0.0860559513645349,0.1278454472814435,,,,,,,,,,,,,100.0,
plot_curve,4.360902255639098,0.15962405166986457,0.08615074669137543,0.12784915653440992,,,,,,,,,,,,,100.0,
plot_curve,4.390977443609023,0.15983193593249004,0.08624578538207751,0.1278538378924456,,,,,,,,,,,,,100.0,
plot_curve,4.421052631578947,0.16004108816202287,0.08634106910359748,0.12785949394154836,,,,,,,,,,,,,100.0,
plot_curve,4.451127819548872,0.1602515072145784,0.08643659952289172,0.127866127267716,,,,,,,,,,,,,100.0,
plot_curve,4.481203007518797,0.16046319194627198,0.08653237830691661,0.12787374045694633,,,,,,,,,,,,,100.0,
plot_curve,4.511278195488722,0.160676141213219,0.0866284071226285,0.12788233609523714,,,,,,,,,,,,,100.0,
plot_curve,4.541353383458647,0.1608903538715348,0.08672468763698377,0.12789191676858622,,,,,,,,,,,,,100.0,
plot_curve,4.571428571428571,0.1611058287773347,0.0868212215169388,0.1279024850629914,,,,,,,,,,,,,100.0,
plot_curve,4.601503759398496,0.16132256478673412,0.08691801042944995,0.1279140435644504,,,,,,,,,,,,,100.0,
plot_curve,4.631578947368421,0.16154056075584838,0.0870150560414736,0.12792659485896113,,,,,,,,,,,,,100.0,
plot_curve,4.661654135338345,0.16175981554079283,0.0871123600199661,0.1279401415325213,,,,,,,,,,,,,100.0,
plot_curve,4.69172932330827,0.16198032799768286,0.08720992403188384,0.12795468617112873,,,,,,,,,,,,,100.0,
plot_curve,4.7218045112781954,0.1622020969826338,0.08730774974418319,0.12797023136078126,,,,,,,,,,,,,100.0,
plot_curve,4.7518796992481205,0.16242512135176101,0.08740583882382051,0.12798677968747663,,,,,,,,,,,,,100.0,
plot_curve,4.7819548872180455,0.16264939996117986,0.08750419293775219,0.12800433373721265,,,,,,,,,,,,,100.0,
plot_curve,4.81203007518797,0.16287493166700567,0.08760281375293458,0.12802289609598716,,,,,,,,,,,,,100.0,
plot_curve,4.842105263157895,0.16310171532535384,0.08770170293632405,0.1280424693497979,,,,,,,,,,,,,100.0,
plot_curve,4.87218045112782,0.16332974979233972,0.087800862154877,0.12806305608464272,,,,,,,,,,,,,100.0,
plot_curve,4.902255639097744,0.16355903392407867,0.08790029307554975,0.1280846588865194,,,,,,,,,,,,,100.0,
plot_curve,4.932330827067669,0.16378956657668603,0.08799999736529872,0.1281072803414257,,,,,,,,,,,,,100.0,
plot_curve,4.962406015037594,0.16402134660627715,0.08809997669108026,0.12813092303535947,,,,,,,,,,,,,100.0,
plot_curve,4.992481203007519,0.1642543728689674,0.08820023271985074,0.12815558955431852,,,,,,,,,,,,,100.0,
plot_curve,5.022556390977444,0.16448864422087214,0.08830076711856653,0.12818128248430058,,,,,,,,,,,,,100.0,
plot_curve,5.052631578947368,0.16472415951810673,0.08840158155418401,0.1282080044113035,,,,,,,,,,,,,100.0,
plot_curve,5.082706766917293,0.16496091761678652,0.08850267769365955,0.12823575792132505,,,,,,,,,,,,,100.0,
plot_curve,5.112781954887218,0.16519891737302686,0.0886040572039495,0.12826454560036307,,,,,,,,,,,,,100.0,
plot_curve,5.142857142857142,0.16543815764294312,0.08870572175201025,0.1282943700344153,,,,,,,,,,,,,100.0,
plot_curve,5.172932330827067,0.16567863728265064,0.08880767300479817,0.12832523380947958,,,,,,,,,,,,,100.0,
plot_curve,5.203007518796992,0.1659203551482648,0.08890991262926962,0.1283571395115537,,,,,,,,,,,,,100.0,
plot_curve,5.2330827067669174,0.16616331009590096,0.08901244229238098,0.12839008972663546,,,,,,,,,,,,,100.0,
plot_curve,5.2631578947368425,0.16640750098167445,0.08911526366108861,0.12842408704072267,,,,,,,,,,,,,100.0,
plot_curve,5.293233082706767,0.16665292666170065,0.08921837840234889,0.12845913403981307,,,,,,,,,,,,,100.0,
plot_curve,5.323308270676692,0.1668995859920949,0.0893217881831182,0.12849523330990453,,,,,,,,,,,,,100.0,
plot_curve,5.353383458646617,0.16714747782897257,0.0894254946703529,0.1285323874369948,,,,,,,,,,,,,100.0,
plot_curve,5.383458646616541,0.167396601028449,0.08952949953100936,0.1285705990070817,,,,,,,,,,,,,100.0,
plot_curve,5.413533834586466,0.16764695444663955,0.08963380443204394,0.12860987060616305,,,,,,,,,,,,,100.0,
plot_curve,5.443609022556391,0.1678985369396596,0.08973841104041304,0.1286502048202366,,,,,,,,,,,,,100.0,
plot_curve,5.473684210526316,0.1681513473636245,0.08984332102307299,0.12869160423530018,,,,,,,,,,,,,100.0,
plot_curve,5.503759398496241,0.16840538457464957,0.08994853604698021,0.12873407143735158,,,,,,,,,,,,,100.0,
plot_curve,5.533834586466165,0.1686606474288502,0.09005405777909102,0.12877760901238858,,,,,,,,,,,,,100.0,
plot_curve,5.56390977443609,0.16891713478234177,0.09015988788636184,0.128822219546409,,,,,,,,,,,,,100.0,
plot_curve,5.593984962406015,0.1691748454912396,0.09026602803574899,0.12886790562541064,,,,,,,,,,,,,100.0,
plot_curve,5.624060150375939,0.16943377841165905,0.09037247989420888,0.1289146698353913,,,,,,,,,,,,,100.0,
plot_curve,5.654135338345864,0.16969393239971547,0.09047924512869786,0.12896251476234874,,,,,,,,,,,,,100.0,
plot_curve,5.684210526315789,0.16995530631152425,0.09058632540617231,0.12901144299228082,,,,,,,,,,,,,100.0,
plot_curve,5.714285714285714,0.17021789900320072,0.09069372239358861,0.1290614571111853,,,,,,,,,,,,,100.0,
plot_curve,5.7443609022556394,0.17048170933086026,0.0908014377579031,0.12911255970505997,,,,,,,,,,,,,100.0,
plot_curve,5.774436090225564,0.1707467361506182,0.09090947316607217,0.12916475335990266,,,,,,,,,,,,,100.0,
plot_curve,5.804511278195489,0.17101297831858991,0.09101783028505221,0.12921804066171114,,,,,,,,,,,,,100.0,
plot_curve,5.834586466165414,0.17128043469089074,0.09112651078179956,0.12927242419648322,,,,,,,,,,,,,100.0,
plot_curve,5.864661654135338,0.17154910412363605,0.0912355163232706,0.1293279065502167,,,,,,,,,,,,,100.0,
plot_curve,5.894736842105263,0.1718189854729412,0.09134484857642171,0.12938449030890936,,,,,,,,,,,,,100.0,
plot_curve,5.924812030075188,0.17209007759492156,0.09145450920820924,0.12944217805855904,,,,,,,,,,,,,100.0,
plot_curve,5.954887218045113,0.17236237934569246,0.09156449988558958,0.12950097238516348,,,,,,,,,,,,,100.0,
plot_curve,5.984962406015038,0.17263588958136927,0.0916748222755191,0.12956087587472054,,,,,,,,,,,,,100.0,
plot_curve,6.015037593984962,0.17291060715806736,0.09178547804495416,0.12962189111322797,,,,,,,,,,,,,100.0,
plot_curve,6.045112781954887,0.17318653093190206,0.09189646886085114,0.12968402068668358,,,,,,,,,,,,,100.0,
plot_curve,6.075187969924812,0.17346365975898875,0.0920077963901664,0.1297472671810852,,,,,,,,,,,,,100.0,
plot_curve,6.105263157894736,0.17374199249544278,0.09211946229985632,0.12981163318243058,,,,,,,,,,,,,100.0,
plot_curve,6.135338345864661,0.17402152799737952,0.09223146825687727,0.12987712127671758,,,,,,,,,,,,,100.0,
plot_curve,6.165413533834586,0.1743022651209143,0.09234381592818561,0.12994373404994392,,,,,,,,,,,,,100.0,
plot_curve,6.195488721804511,0.17458420272216246,0.09245650698073772,0.13001147408810745,,,,,,,,,,,,,100.0,
plot_curve,6.225563909774436,0.17486733965723944,0.09256954308148999,0.13008034397720594,,,,,,,,,,,,,100.0,
plot_curve,6.2556390977443606,0.1751516747822605,0.09268292589739874,0.1301503463032372,,,,,,,,,,,,,100.0,
plot_curve,6.285714285714286,0.17543720695334106,0.0927966570954204,0.13022148365219907,,,,,,,,,,,,,100.0,
plot_curve,6.315789473684211,0.17572393502659645,0.09291073834251129,0.1302937586100893,,,,,,,,,,,,,100.0,
plot_curve,6.345864661654135,0.17601185785814205,0.0930251713056278,0.13036717376290566,,,,,,,,,,,,,100.0,
plot_curve,6.37593984962406,0.1763009743040932,0.09313995765172632,0.13044173169664602,,,,,,,,,,,,,100.0,
plot_curve,6.406015037593985,0.17659128322056522,0.0932550990477632,0.13051743499730814,,,,,,,,,,,,,100.0,
plot_curve,6.43609022556391,0.17688278346367353,0.09337059716069482,0.1305942862508898,,,,,,,,,,,,,100.0,
plot_curve,6.466165413533835,0.17717547388953347,0.09348645365747754,0.13067228804338885,,,,,,,,,,,,,100.0,
plot_curve,6.496240601503759,0.1774693533542604,0.09360267020506774,0.13075144296080304,,,,,,,,,,,,,100.0,
plot_curve,6.526315789473684,0.17776442071396964,0.09371924847042178,0.1308317535891302,,,,,,,,,,,,,100.0,
plot_curve,6.556390977443609,0.17806067482477658,0.09383619012049603,0.13091322251436813,,,,,,,,,,,,,100.0,
plot_curve,6.586466165413533,0.17835811454279657,0.09395349682224688,0.1309958523225146,,,,,,,,,,,,,100.0,
plot_curve,6.616541353383458,0.17865673872414498,0.09407117024263069,0.1310796455995674,,,,,,,,,,,,,100.0,
plot_curve,6.646616541353383,0.17895654622493715,0.09418921204860382,0.13116460493152438,,,,,,,,,,,,,100.0,
plot_curve,6.676691729323308,0.17925753590128843,0.09430762390712266,0.13125073290438327,,,,,,,,,,,,,100.0,
plot_curve,6.706766917293233,0.1795597066093142,0.09442640748514357,0.13133803210414194,,,,,,,,,,,,,100.0,
plot_curve,6.7368421052631575,0.1798630572051298,0.09454556444962291,0.13142650511679815,,,,,,,,,,,,,100.0,
plot_curve,6.7669172932330826,0.18016758654485057,0.09466509646751707,0.1315161545283497,,,,,,,,,,,,,100.0,
plot_curve,6.796992481203008,0.1804732934845919,0.09478500520578241,0.1316069829247944,,,,,,,,,,,,,100.0,
plot_curve,6.827067669172932,0.18078017688046916,0.0949052923313753,0.13169899289213002,,,,,,,,,,,,,100.0,
plot_curve,6.857142857142857,0.18108823558859766,0.09502595951125213,0.13179218701635437,,,,,,,,,,,,,100.0,
plot_curve,6.887218045112782,0.1813974684650928,0.09514700841236924,0.13188656788346528,,,,,,,,,,,,,100.0,
plot_curve,6.917293233082707,0.1817078743660699,0.09526844070168303,0.13198213807946052,,,,,,,,,,,,,100.0,
plot_curve,6.947368421052632,0.18201945214764434,0.09539025804614984,0.13207890019033788,,,,,,,,,,,,,100.0,
plot_curve,6.977443609022556,0.18233220066593148,0.09551246211272607,0.13217685680209518,,,,,,,,,,,,,100.0,
plot_curve,7.007518796992481,0.18264611877704665,0.09563505456836807,0.1322760105007302,,,,,,,,,,,,,100.0,
plot_curve,7.037593984962406,0.18296120533710522,0.09575803708003222,0.13237636387224075,,,,,,,,,,,,,100.0,
plot_curve,7.06766917293233,0.18327745920222258,0.0958814113146749,0.1324779195026246,,,,,,,,,,,,,100.0,
plot_curve,7.097744360902255,0.18359487922851403,0.09600517893925245,0.13258067997787962,,,,,,,,,,,,,100.0,
plot_curve,7.12781954887218,0.18391346427209498,0.09612934162072127,0.13268464788400353,,,,,,,,,,,,,100.0,
plot_curve,7.157894736842105,0.18423321318908076,0.09625390102603772,0.13278982580699417,,,,,,,,,,,,,100.0,
plot_curve,7.18796992481203,0.1845541248355867,0.09637885882215817,0.13289621633284934,,,,,,,,,,,,,100.0,
plot_curve,7.2180451127819545,0.1848761980677282,0.09650421667603899,0.1330038220475668,,,,,,,,,,,,,100.0,
plot_curve,7.2481203007518795,0.18519943174162062,0.09662997625463657,0.1331126455371444,,,,,,,,,,,,,100.0,
plot_curve,7.2781954887218046,0.1855238247133793,0.09675613922490725,0.1332226893875799,,,,,,,,,,,,,100.0,
plot_curve,7.308270676691729,0.1858493758391196,0.09688270725380742,0.13333395618487107,,,,,,,,,,,,,100.0,
plot_curve,7.338345864661654,0.18617608397495686,0.09700968200829344,0.1334464485150158,,,,,,,,,,,,,100.0,
plot_curve,7.368421052631579,0.18650394797700645,0.09713706515532168,0.13356016896401182,,,,,,,,,,,,,100.0,
plot_curve,7.398496240601504,0.18683296670138375,0.09726485836184853,0.13367512011785693,,,,,,,,,,,,,100.0,
plot_curve,7.428571428571429,0.18716313900420406,0.09739306329483034,0.13379130456254895,,,,,,,,,,,,,100.0,
plot_curve,7.458646616541353,0.1874944637415828,0.09752168162122349,0.1339087248840857,,,,,,,,,,,,,100.0,
plot_curve,7.488721804511278,0.1878269397696353,0.09765071500798435,0.13402738366846492,,,,,,,,,,,,,100.0,
plot_curve,7.518796992481203,0.18816056594447692,0.09778016512206929,0.13414728350168445,,,,,,,,,,,,,100.0,
plot_curve,7.548872180451127,0.188495341122223,0.09791003363043467,0.13426842696974206,,,,,,,,,,,,,100.0,
plot_curve,7.578947368421052,0.1888312641589889,0.09804032220003688,0.13439081665863556,,,,,,,,,,,,,100.0,
plot_curve,7.609022556390977,0.18916833391089,0.09817103249783228,0.13451445515436278,,,,,,,,,,,,,100.0,
plot_curve,7.639097744360902,0.18950654923404164,0.09830216619077724,0.13463934504292147,,,,,,,,,,,,,100.0,
plot_curve,7.669172932330827,0.18984590898455922,0.09843372494582814,0.13476548891030946,,,,,,,,,,,,,100.0,
plot_curve,7.6992481203007515,0.19018641201855802,0.09856571042994133,0.13489288934252452,,,,,,,,,,,,,100.0,
plot_curve,7.7293233082706765,0.19052805719215343,0.0986981243100732,0.13502154892556448,,,,,,,,,,,,,100.0,
plot_curve,7.7593984962406015,0.19087084336146082,0.09883096825318012,0.13515147024542712,,,,,,,,,,,,,100.0,
plot_curve,7.789473684210526,0.19121476938259555,0.09896424392621844,0.13528265588811023,,,,,,,,,,,,,100.0,
plot_curve,7.819548872180451,0.19155983411167296,0.09909795299614457,0.13541510843961163,,,,,,,,,,,,,100.0,
plot_curve,7.849624060150376,0.1919060364048084,0.09923209712991485,0.13554883048592908,,,,,,,,,,,,,100.0,
plot_curve,7.879699248120301,0.19225337511811727,0.09936667799448565,0.13568382461306044,,,,,,,,,,,,,100.0,
plot_curve,7.909774436090226,0.19260184910771488,0.09950169725681335,0.13582009340700346,,,,,,,,,,,,,100.0,
plot_curve,7.93984962406015,0.1929514572297166,0.0996371565838543,0.13595763945375597,,,,,,,,,,,,,100.0,
plot_curve,7.969924812030075,0.1933021983402378,0.09977305764256492,0.13609646533931571,,,,,,,,,,,,,100.0,
plot_curve,8.0,0.19365407129539383,0.09990940209990154,0.13623657364968056,,,,,,,,,,,,,100.0,
plot_curve,8.030075187969924,0.19400707495130004,0.10004619162282054,0.13637796697084825,,,,,,,,,,,,,100.0,
plot_curve,8.060150375939848,0.19436120816407176,0.10018342787827829,0.1365206478888166,,,,,,,,,,,,,100.0,
plot_curve,8.090225563909774,0.19471646978982443,0.10032111253323117,0.13666461898958343,,,,,,,,,,,,,100.0,
plot_curve,8.1203007518797,0.19507285868467336,0.10045924725463554,0.13680988285914653,,,,,,,,,,,,,100.0,
plot_curve,8.150375939849624,0.19543037370473387,0.10059783370944776,0.13695644208350366,,,,,,,,,,,,,100.0,
plot_curve,8.180451127819548,0.19578901370612134,0.10073687356462423,0.13710429924865267,,,,,,,,,,,,,100.0,
plot_curve,8.210526315789473,0.19614877754495116,0.1008763684871213,0.13725345694059132,,,,,,,,,,,,,100.0,
plot_curve,8.240601503759398,0.1965096640773387,0.10101632014389535,0.13740391774531743,,,,,,,,,,,,,100.0,
plot_curve,8.270676691729323,0.1968716721593992,0.10115673020190273,0.1375556842488288,,,,,,,,,,,,,100.0,
plot_curve,8.300751879699249,0.1972348006472482,0.10129760032809985,0.1377087590371232,,,,,,,,,,,,,100.0,
plot_curve,8.330827067669173,0.19759904839700088,0.10143893218944304,0.13786314469619848,,,,,,,,,,,,,100.0,
plot_curve,8.360902255639097,0.19796441426477268,0.1015807274528887,0.13801884381205237,,,,,,,,,,,,,100.0,
plot_curve,8.390977443609023,0.19833089710667895,0.10172298778539318,0.13817585897068274,,,,,,,,,,,,,100.0,
plot_curve,8.421052631578947,0.19869849577883505,0.10186571485391287,0.13833419275808734,,,,,,,,,,,,,100.0,
plot_curve,8.451127819548873,0.19906720913735637,0.10200891032540413,0.13849384776026397,,,,,,,,,,,,,100.0,
plot_curve,8.481203007518797,0.19943703603835816,0.10215257586682332,0.13865482656321046,,,,,,,,,,,,,100.0,
plot_curve,8.511278195488721,0.19980797533795588,0.10229671314512682,0.13881713175292457,,,,,,,,,,,,,100.0,
plot_curve,8.541353383458645,0.20018002589226486,0.102441323827271,0.1389807659154041,,,,,,,,,,,,,100.0,
plot_curve,8.571428571428571,0.20055318655740045,0.10258640958021226,0.1391457316366469,,,,,,,,,,,,,100.0,
plot_curve,8.601503759398497,0.20092745618947805,0.10273197207090692,0.1393120315026507,,,,,,,,,,,,,100.0,
plot_curve,8.631578947368421,0.2013028336446129,0.1028780129663114,0.13947966809941334,,,,,,,,,,,,,100.0,
plot_curve,8.661654135338345,0.20167931777892045,0.10302453393338201,0.13964864401293262,,,,,,,,,,,,,100.0,
plot_curve,8.69172932330827,0.20205690744851607,0.10317153663907518,0.1398189618292063,,,,,,,,,,,,,100.0,
plot_curve,8.721804511278195,0.20243560150951506,0.10331902275034725,0.13999062413423222,,,,,,,,,,,,,100.0,
plot_curve,8.75187969924812,0.2028153988180328,0.1034669939341546,0.14016363351400818,,,,,,,,,,,,,100.0,
plot_curve,8.781954887218046,0.2031962982301847,0.10361545185745359,0.14033799255453194,,,,,,,,,,,,,100.0,
plot_curve,8.81203007518797,0.203578298602086,0.10376439818720061,0.1405137038418013,,,,,,,,,,,,,100.0,
plot_curve,8.842105263157894,0.20396139878985214,0.10391383459035201,0.14069076996181412,,,,,,,,,,,,,100.0,
plot_curve,8.87218045112782,0.2043455976495985,0.10406376273386417,0.14086919350056815,,,,,,,,,,,,,100.0,
plot_curve,8.902255639097744,0.20473089403744035,0.10421418428469346,0.14104897704406116,,,,,,,,,,,,,100.0,
plot_curve,8.93233082706767,0.20511728680949312,0.10436510090979627,0.14123012317829103,,,,,,,,,,,,,100.0,
plot_curve,8.962406015037594,0.20550477482187213,0.10451651427612893,0.14141263448925548,,,,,,,,,,,,,100.0,
plot_curve,8.992481203007518,0.20589335693069277,0.10466842605064784,0.14159651356295233,,,,,,,,,,,,,100.0,
plot_curve,9.022556390977442,0.20628303199207035,0.10482083790030935,0.1417817629853794,,,,,,,,,,,,,100.0,
plot_curve,9.052631578947368,0.20667379886212028,0.10497375149206987,0.14196838534253448,,,,,,,,,,,,,100.0,
plot_curve,9.082706766917294,0.20706565639695787,0.10512716849288574,0.14215638322041535,,,,,,,,,,,,,100.0,
plot_curve,9.112781954887218,0.2074586034526985,0.10528109056971333,0.14234575920501982,,,,,,,,,,,,,100.0,
plot_curve,9.142857142857142,0.20785263888545752,0.10543551938950901,0.1425365158823457,,,,,,,,,,,,,100.0,
plot_curve,9.172932330827066,0.20824776155135027,0.10559045661922917,0.14272865583839076,,,,,,,,,,,,,100.0,
plot_curve,9.203007518796992,0.20864397030649218,0.10574590392583015,0.14292218165915282,,,,,,,,,,,,,100.0,
plot_curve,9.233082706766917,0.20904126400699852,0.10590186297626836,0.14311709593062968,,,,,,,,,,,,,100.0,
plot_curve,9.263157894736842,0.2094396415089847,0.10605833543750012,0.14331340123881914,,,,,,,,,,,,,100.0,
plot_curve,9.293233082706767,0.209839101668566,0.10621532297648185,0.143511100169719,,,,,,,,,,,,,100.0,
plot_curve,9.32330827067669,0.2102396433418579,0.10637282726016989,0.14371019530932702,,,,,,,,,,,,,100.0,
plot_curve,9.353383458646617,0.21064126538497568,0.10653084995552065,0.14391068924364103,,,,,,,,,,,,,100.0,
plot_curve,9.38345864661654,0.2110439666540347,0.10668939272949043,0.14411258455865883,,,,,,,,,,,,,100.0,
plot_curve,9.413533834586467,0.21144774600515037,0.10684845724903567,0.14431588384037825,,,,,,,,,,,,,100.0,
plot_curve,9.443609022556391,0.21185260229443792,0.1070080451811127,0.144520589674797,,,,,,,,,,,,,100.0,
plot_curve,9.473684210526315,0.21225853437801284,0.10716815819267791,0.14472670464791293,,,,,,,,,,,,,100.0,
plot_curve,9.50375939849624,0.21266554111199043,0.10732879795068767,0.14493423134572386,,,,,,,,,,,,,100.0,
plot_curve,9.533834586466165,0.2130736213524861,0.10748996612209834,0.14514317235422755,,,,,,,,,,,,,100.0,
plot_curve,9.563909774436091,0.2134827739556151,0.1076516643738663,0.14535353025942183,,,,,,,,,,,,,100.0,
plot_curve,9.593984962406015,0.21389299777749285,0.1078138943729479,0.14556530764730446,,,,,,,,,,,,,100.0,
plot_curve,9.62406015037594,0.2143042916742347,0.10797665778629953,0.14577850710387327,,,,,,,,,,,,,100.0,
plot_curve,9.654135338345863,0.21471665450195604,0.10813995628087758,0.14599313121512605,,,,,,,,,,,,,100.0,
plot_curve,9.68421052631579,0.2151300851167722,0.10830379152363838,0.1462091825670606,,,,,,,,,,,,,100.0,
plot_curve,9.714285714285714,0.2155445823747985,0.10846816518153832,0.14642666374567473,,,,,,,,,,,,,100.0,
plot_curve,9.74436090225564,0.2159601451321504,0.10863307892153379,0.1466455773369662,,,,,,,,,,,,,100.0,
plot_curve,9.774436090225564,0.21637677224494314,0.1087985344105811,0.14686592592693284,,,,,,,,,,,,,100.0,
plot_curve,9.804511278195488,0.21679446256929213,0.10896453331563669,0.14708771210157243,,,,,,,,,,,,,100.0,
plot_curve,9.834586466165414,0.21721321496131274,0.1091310773036569,0.14731093844688278,,,,,,,,,,,,,100.0,
plot_curve,9.864661654135338,0.2176330282771203,0.1092981680415981,0.1475356075488617,,,,,,,,,,,,,100.0,
plot_curve,9.894736842105264,0.2180539013728302,0.10946580719641666,0.14776172199350696,,,,,,,,,,,,,100.0,
plot_curve,9.924812030075188,0.21847583310455776,0.10963399643506896,0.14798928436681638,,,,,,,,,,,,,100.0,
plot_curve,9.954887218045112,0.21889882232841834,0.10980273742451135,0.14821829725478772,,,,,,,,,,,,,100.0,
plot_curve,9.984962406015036,0.2193228679005273,0.10997203183170023,0.14844876324341882,,,,,,,,,,,,,100.0,
plot_curve,10.015037593984962,0.21974796867700003,0.11014188132359196,0.1486806849187075,,,,,,,,,,,,,100.0,
plot_curve,10.045112781954888,0.22017412351395188,0.11031228756714291,0.1489140648666515,,,,,,,,,,,,,100.0,
plot_curve,10.075187969924812,0.22060133126749817,0.11048325222930944,0.14914890567324865,,,,,,,,,,,,,100.0,
plot_curve,10.105263157894736,0.22102959079375428,0.11065477697704793,0.14938520992449672,,,,,,,,,,,,,100.0,
plot_curve,10.13533834586466,0.22145890094883552,0.11082686347731473,0.14962298020639353,,,,,,,,,,,,,100.0,
plot_curve,10.165413533834586,0.22188926058885736,0.11099951339706625,0.1498622191049369,,,,,,,,,,,,,100.0,
plot_curve,10.19548872180451,0.22232066856993504,0.11117272840325883,0.1501029292061246,,,,,,,,,,,,,100.0,
plot_curve,10.225563909774436,0.222753123748184,0.11134651016284886,0.15034511309595444,,,,,,,,,,,,,100.0,
plot_curve,10.25563909774436,0.22318662497971953,0.11152086034279268,0.1505887733604242,,,,,,,,,,,,,100.0,
plot_curve,10.285714285714285,0.22362117112065705,0.1116957806100467,0.1508339125855317,,,,,,,,,,,,,100.0,
plot_curve,10.31578947368421,0.22405676102711186,0.11187127263156729,0.15108053335727473,,,,,,,,,,,,,100.0,
plot_curve,10.345864661654135,0.22449339355519934,0.11204733807431078,0.15132863826165108,,,,,,,,,,,,,100.0,
plot_curve,10.37593984962406,0.22493106756103487,0.11222397860523357,0.15157822988465855,,,,,,,,,,,,,100.0,
plot_curve,10.406015037593985,0.22536978190073378,0.11240119589129202,0.15182931081229495,,,,,,,,,,,,,100.0,
plot_curve,10.436090225563909,0.22580953543041143,0.11257899159944251,0.15208188363055805,,,,,,,,,,,,,100.0,
plot_curve,10.466165413533833,0.2262503270061832,0.1127573673966414,0.1523359509254457,,,,,,,,,,,,,100.0,
plot_curve,10.496240601503759,0.2266921554841644,0.11293632494984508,0.15259151528295564,,,,,,,,,,,,,100.0,
plot_curve,10.526315789473685,0.22713501972047045,0.1131158659260099,0.15284857928908574,,,,,,,,,,,,,100.0,
plot_curve,10.556390977443609,0.22757891857121665,0.11329599199209224,0.1531071455298337,,,,,,,,,,,,,100.0,
plot_curve,10.586466165413533,0.22802385089251834,0.11347670481504847,0.1533672165911974,,,,,,,,,,,,,100.0,
plot_curve,10.616541353383457,0.22846981554049095,0.11365800606183496,0.15362879505917457,,,,,,,,,,,,,100.0,
plot_curve,10.646616541353383,0.2289168113712498,0.11383989739940807,0.15389188351976313,,,,,,,,,,,,,100.0,
plot_curve,10.676691729323307,0.22936483724091028,0.11402238049472418,0.15415648455896072,,,,,,,,,,,,,100.0,
plot_curve,10.706766917293233,0.2298138920055877,0.11420545701473969,0.15442260076276526,,,,,,,,,,,,,100.0,
plot_curve,10.736842105263158,0.2302639745213974,0.11438912862641093,0.15469023471717447,,,,,,,,,,,,,100.0,
plot_curve,10.766917293233082,0.23071508364445478,0.11457339699669426,0.1549593890081862,,,,,,,,,,,,,100.0,
plot_curve,10.796992481203008,0.23116721823087524,0.1147582637925461,0.15523006622179825,,,,,,,,,,,,,100.0,
plot_curve,10.827067669172932,0.23162037713677402,0.11494373068092278,0.15550226894400834,,,,,,,,,,,,,100.0,
plot_curve,10.857142857142858,0.23207455921826659,0.1151297993287807,0.15577599976081438,,,,,,,,,,,,,100.0,
plot_curve,10.887218045112782,0.23252976333146824,0.1153164714030762,0.15605126125821409,,,,,,,,,,,,,100.0,
plot_curve,10.917293233082706,0.23298598833249434,0.11550374857076567,0.1563280560222053,,,,,,,,,,,,,100.0,
plot_curve,10.94736842105263,0.23344323307746023,0.11569163249880549,0.1566063866387858,,,,,,,,,,,,,100.0,
plot_curve,10.977443609022556,0.23390149642248134,0.115880124854152,0.15688625569395337,,,,,,,,,,,,,100.0,
plot_curve,11.007518796992482,0.23436077722367296,0.11606922730376161,0.15716766577370583,,,,,,,,,,,,,100.0,
plot_curve,11.037593984962406,0.23482107433715044,0.11625894151459065,0.157450619464041,,,,,,,,,,,,,100.0,
plot_curve,11.06766917293233,0.23528238661902917,0.11644926915359552,0.15773511935095663,,,,,,,,,,,,,100.0,
plot_curve,11.097744360902254,0.23574471292542448,0.11664021188773258,0.15802116802045052,,,,,,,,,,,,,100.0,
plot_curve,11.12781954887218,0.23620805211245183,0.11683177138395819,0.15830876805852054,,,,,,,,,,,,,100.0,
plot_curve,11.157894736842104,0.2366724030362264,0.11702394930922874,0.1585979220511644,,,,,,,,,,,,,100.0,
plot_curve,11.18796992481203,0.23713776455286367,0.1172167473305006,0.15888863258437996,,,,,,,,,,,,,100.0,
plot_curve,11.218045112781954,0.23760413551847898,0.11741016711473012,0.15918090224416498,,,,,,,,,,,,,100.0,
plot_curve,11.248120300751879,0.23807151478918764,0.11760421032887369,0.15947473361651726,,,,,,,,,,,,,100.0,
plot_curve,11.278195488721805,0.23853990122110508,0.11779887863988768,0.15977012928743467,,,,,,,,,,,,,100.0,
plot_curve,11.308270676691729,0.23900929367034657,0.11799417371472845,0.16006709184291487,,,,,,,,,,,,,100.0,
plot_curve,11.338345864661655,0.23947969099302754,0.11819009722035237,0.1603656238689558,,,,,,,,,,,,,100.0,
plot_curve,11.368421052631579,0.23995109204526333,0.11838665082371583,0.16066572795155515,,,,,,,,,,,,,100.0,
plot_curve,11.398496240601503,0.24042349568316923,0.11858383619177518,0.16096740667671078,,,,,,,,,,,,,100.0,
plot_curve,11.428571428571427,0.2408969007628607,0.1187816549914868,0.16127066263042045,,,,,,,,,,,,,100.0,
plot_curve,11.458646616541353,0.24137130614045305,0.11898010888980706,0.16157549839868202,,,,,,,,,,,,,100.0,
plot_curve,11.488721804511279,0.24184671067206165,0.11917919955369233,0.16188191656749323,,,,,,,,,,,,,100.0,
plot_curve,11.518796992481203,0.24232311321380182,0.11937892865009897,0.16218991972285188,,,,,,,,,,,,,100.0,
plot_curve,11.548872180451127,0.24280051262178898,0.11957929784598337,0.16249951045075578,,,,,,,,,,,,,100.0,
plot_curve,11.578947368421051,0.2432789077521384,0.11978030880830189,0.16281069133720275,,,,,,,,,,,,,100.0,
plot_curve,11.609022556390977,0.2437582974609655,0.11998196320401092,0.16312346496819058,,,,,,,,,,,,,100.0,
plot_curve,11.639097744360901,0.24423868060438564,0.1201842627000668,0.16343783392971703,,,,,,,,,,,,,100.0,
plot_curve,11.669172932330827,0.24472005603851416,0.12038720896342589,0.16375380080777996,,,,,,,,,,,,,100.0,
plot_curve,11.699248120300751,0.2452024226194664,0.1205908036610446,0.16407136818837711,,,,,,,,,,,,,100.0,
plot_curve,11.729323308270676,0.2456857792033577,0.12079504845987929,0.1643905386575063,,,,,,,,,,,,,100.0,
plot_curve,11.759398496240602,0.24617012464630353,0.12099994502688634,0.16471131480116535,,,,,,,,,,,,,100.0,
plot_curve,11.789473684210526,0.2466554578044191,0.12120549502902209,0.16503369920535202,,,,,,,,,,,,,100.0,
plot_curve,11.819548872180452,0.24714177753381988,0.12141170013324293,0.16535769445606413,,,,,,,,,,,,,100.0,
plot_curve,11.849624060150376,0.24762908269062117,0.12161856200650523,0.1656833031392995,,,,,,,,,,,,,100.0,
plot_curve,11.8796992481203,0.24811737213093835,0.12182608231576533,0.16601052784105588,,,,,,,,,,,,,100.0,
plot_curve,11.909774436090224,0.24860664471088673,0.12203426272797965,0.1663393711473311,,,,,,,,,,,,,100.0,
plot_curve,11.93984962406015,0.24909689928658174,0.12224310491010457,0.16666983564412294,,,,,,,,,,,,,100.0,
plot_curve,11.969924812030076,0.2495881347141387,0.1224526105290964,0.16700192391742924,,,,,,,,,,,,,100.0,
plot_curve,12.0,0.250080349849673,0.12266278125191155,0.16733563855324773,,,,,,,,,,,,,100.0,
plot_curve,12.030075187969924,0.25057354354929984,0.12287361874550637,0.16767098213757625,,,,,,,,,,,,,100.0,
plot_curve,12.060150375939848,0.2510677146691348,0.12308512467683724,0.1680079572564126,,,,,,,,,,,,,100.0,
plot_curve,12.090225563909774,0.2515628620652931,0.12329730071286056,0.16834656649575458,,,,,,,,,,,,,100.0,
plot_curve,12.120300751879698,0.25205898459389015,0.12351014852053264,0.16868681244159994,,,,,,,,,,,,,100.0,
plot_curve,12.150375939849624,0.25255608111104133,0.12372366976680993,0.16902869767994658,,,,,,,,,,,,,100.0,
plot_curve,12.180451127819548,0.2530541504728619,0.12393786611864871,0.1693722247967922,,,,,,,,,,,,,100.0,
plot_curve,12.210526315789473,0.2535531915354673,0.1241527392430054,0.1697173963781346,,,,,,,,,,,,,100.0,
plot_curve,12.240601503759398,0.2540532031549728,0.1243682908068364,0.17006421500997168,,,,,,,,,,,,,100.0,
plot_curve,12.270676691729323,0.2545541841874939,0.12458452247709803,0.17041268327830114,,,,,,,,,,,,,100.0,
plot_curve,12.300751879699249,0.2550561334891459,0.12480143592074669,0.1707628037691208,,,,,,,,,,,,,100.0,
plot_curve,12.330827067669173,0.25555904991604406,0.1250190328047387,0.17111457906842847,,,,,,,,,,,,,100.0,
plot_curve,12.360902255639097,0.2560629323243038,0.1252373147960305,0.17146801176222193,,,,,,,,,,,,,100.0,
plot_curve,12.390977443609023,0.25656777957004057,0.12545628356157842,0.17182310443649904,,,,,,,,,,,,,100.0,
plot_curve,12.421052631578947,0.2570735905093696,0.12567594076833885,0.17217985967725752,,,,,,,,,,,,,100.0,
plot_curve,12.451127819548871,0.2575803639984063,0.12589628808326814,0.17253828007049518,,,,,,,,,,,,,100.0,
plot_curve,12.481203007518797,0.258088098893266,0.1261173271733227,0.17289836820220988,,,,,,,,,,,,,100.0,
plot_curve,12.511278195488721,0.2585967940500641,0.12633905970545883,0.17326012665839932,,,,,,,,,,,,,100.0,
plot_curve,12.541353383458645,0.25910644832491586,0.12656148734663297,0.1736235580250614,,,,,,,,,,,,,100.0,
plot_curve,12.571428571428571,0.25961706057393685,0.12678461176380146,0.17398866488819387,,,,,,,,,,,,,100.0,
plot_curve,12.601503759398495,0.2601286296532422,0.12700843462392067,0.17435544983379453,,,,,,,,,,,,,100.0,
plot_curve,12.631578947368421,0.2606411544189473,0.12723295759394698,0.17472391544786117,,,,,,,,,,,,,100.0,
plot_curve,12.661654135338345,0.26115463372716763,0.12745818234083675,0.1750940643163916,,,,,,,,,,,,,100.0,
plot_curve,12.69172932330827,0.26166906643401844,0.12768411053154635,0.17546589902538356,,,,,,,,,,,,,100.0,
plot_curve,12.721804511278195,0.2621844513956152,0.1279107438330322,0.175839422160835,,,,,,,,,,,,,100.0,
plot_curve,12.75187969924812,0.2627007874680731,0.12813808391225057,0.17621463630874357,,,,,,,,,,,,,100.0,
plot_curve,12.781954887218046,0.2632180735075077,0.12836613243615794,0.17659154405510713,,,,,,,,,,,,,100.0,
plot_curve,12.81203007518797,0.26373630837003414,0.1285948910717106,0.17697014798592345,,,,,,,,,,,,,100.0,
plot_curve,12.842105263157894,0.2642554909117679,0.12882436148586496,0.17735045068719035,,,,,,,,,,,,,100.0,
plot_curve,12.87218045112782,0.2647756199888244,0.12905454534557737,0.17773245474490562,,,,,,,,,,,,,100.0,
plot_curve,12.902255639097744,0.26529669445731885,0.12928544431780423,0.17811616274506709,,,,,,,,,,,,,100.0,
plot_curve,12.932330827067668,0.26581871317336664,0.12951706006950187,0.1785015772736725,,,,,,,,,,,,,100.0,
plot_curve,12.962406015037594,0.2663416749930832,0.12974939426762672,0.1788887009167197,,,,,,,,,,,,,100.0,
plot_curve,12.992481203007518,0.2668655787725839,0.12998244857913507,0.17927753626020643,,,,,,,,,,,,,100.0,
plot_curve,13.022556390977442,0.2673904233679839,0.13021622467098334,0.17966808589013056,,,,,,,,,,,,,100.0,
plot_curve,13.052631578947368,0.2679162076353988,0.13045072421012793,0.18006035239248985,,,,,,,,,,,,,100.0,
plot_curve,13.082706766917292,0.26844293043094386,0.13068594886352514,0.1804543383532821,,,,,,,,,,,,,100.0,
plot_curve,13.112781954887218,0.2689705906107345,0.1309219002981314,0.1808500463585051,,,,,,,,,,,,,100.0,
plot_curve,13.142857142857142,0.2694991870308859,0.13115858018090304,0.18124747899415666,,,,,,,,,,,,,100.0,
plot_curve,13.172932330827066,0.27002871854751354,0.13139599017879644,0.18164663884623455,,,,,,,,,,,,,100.0,
plot_curve,13.203007518796992,0.27055918401673285,0.13163413195876802,0.18204752850073663,,,,,,,,,,,,,100.0,
plot_curve,13.233082706766917,0.271090582294659,0.1318730071877741,0.18245015054366068,,,,,,,,,,,,,100.0,
plot_curve,13.263157894736842,0.27162291223740753,0.13211261753277104,0.18285450756100444,,,,,,,,,,,,,100.0,
plot_curve,13.293233082706767,0.2721561727010936,0.13235296466071522,0.18326060213876577,,,,,,,,,,,,,100.0,
plot_curve,13.32330827067669,0.27269036254183276,0.13259405023856302,0.18366843686294243,,,,,,,,,,,,,100.0,
plot_curve,13.353383458646617,0.27322548061574037,0.13283587593327084,0.18407801431953225,,,,,,,,,,,,,100.0,
plot_curve,13.38345864661654,0.2737615257789316,0.13307844341179503,0.184489337094533,,,,,,,,,,,,,100.0,
plot_curve,13.413533834586465,0.27429849688752195,0.13332175434109192,0.18490240777394248,,,,,,,,,,,,,100.0,
plot_curve,13.443609022556391,0.2748363927976267,0.13356581038811793,0.18531722894375854,,,,,,,,,,,,,100.0,
plot_curve,13.473684210526315,0.27537521236536133,0.1338106132198294,0.1857338031899789,,,,,,,,,,,,,100.0,
plot_curve,13.50375939849624,0.27591495444684105,0.13405616450318275,0.1861521330986014,,,,,,,,,,,,,100.0,
plot_curve,13.533834586466165,0.27645561789818135,0.13430246590513428,0.18657222125562387,,,,,,,,,,,,,100.0,
plot_curve,13.56390977443609,0.27699720157549745,0.1345495190926404,0.18699407024704404,,,,,,,,,,,,,100.0,
plot_curve,13.593984962406015,0.2775397043349048,0.1347973257326575,0.18741768265885975,,,,,,,,,,,,,100.0,
plot_curve,13.62406015037594,0.27808312503251875,0.13504588749214191,0.18784306107706877,,,,,,,,,,,,,100.0,
plot_curve,13.654135338345863,0.27862746252445464,0.13529520603805004,0.18827020808766892,,,,,,,,,,,,,100.0,
plot_curve,13.68421052631579,0.27917271566682783,0.13554528303733823,0.18869912627665802,,,,,,,,,,,,,100.0,
plot_curve,13.714285714285714,0.2797188833157537,0.13579612015696285,0.18912981823003383,,,,,,,,,,,,,100.0,
plot_curve,13.74436090225564,0.2802659643273475,0.1360477190638803,0.18956228653379414,,,,,,,,,,,,,100.0,
plot_curve,13.774436090225564,0.28081395755772476,0.1363000814250469,0.1899965337739368,,,,,,,,,,,,,100.0,
plot_curve,13.804511278195488,0.28136286186300064,0.13655320890741907,0.19043256253645954,,,,,,,,,,,,,100.0,
plot_curve,13.834586466165414,0.2819126760992907,0.13680710317795314,0.19087037540736024,,,,,,,,,,,,,100.0,
plot_curve,13.864661654135338,0.2824633991227101,0.13706176590360555,0.19130997497263663,,,,,,,,,,,,,100.0,
plot_curve,13.894736842105262,0.28301502978937443,0.13731719875133258,0.19175136381828653,,,,,,,,,,,,,100.0,
plot_curve,13.924812030075188,0.28356756695539886,0.1375734033880907,0.19219454453030776,,,,,,,,,,,,,100.0,
plot_curve,13.954887218045112,0.2841210094768987,0.13783038148083618,0.19263951969469806,,,,,,,,,,,,,100.0,
plot_curve,13.984962406015036,0.2846753562099895,0.13808813469652542,0.1930862918974553,,,,,,,,,,,,,100.0,
plot_curve,14.015037593984962,0.28523060601078654,0.13834666470211487,0.19353486372457723,,,,,,,,,,,,,100.0,
plot_curve,14.045112781954886,0.2857867577354052,0.1386059731645608,0.1939852377620617,,,,,,,,,,,,,100.0,
plot_curve,14.075187969924812,0.2863438102399607,0.1388660617508196,0.19443741659590644,,,,,,,,,,,,,100.0,
plot_curve,14.105263157894736,0.2869017623805685,0.13912693212784766,0.19489140281210926,,,,,,,,,,,,,100.0,
plot_curve,14.13533834586466,0.287460613013344,0.1393885859626014,0.195347198996668,,,,,,,,,,,,,100.0,
plot_curve,14.165413533834586,0.28802036099440254,0.13965102492203713,0.19580480773558046,,,,,,,,,,,,,100.0,
plot_curve,14.19548872180451,0.28858100517985935,0.1399142506731112,0.19626423161484438,,,,,,,,,,,,,100.0,
plot_curve,14.225563909774436,0.28914254442583,0.14017826488278,0.1967254732204576,,,,,,,,,,,,,100.0,
plot_curve,14.25563909774436,0.2897049775884296,0.14044306921799996,0.1971885351384179,,,,,,,,,,,,,100.0,
plot_curve,14.285714285714285,0.2902683035237737,0.14070866534572735,0.19765341995472308,,,,,,,,,,,,,100.0,
plot_curve,14.31578947368421,0.29083252108797764,0.14097505493291862,0.19812013025537098,,,,,,,,,,,,,100.0,
plot_curve,14.345864661654135,0.29139762913715667,0.14124223964653015,0.19858866862635932,,,,,,,,,,,,,100.0,
plot_curve,14.375939849624059,0.29196362652742625,0.14151022115351822,0.19905903765368596,,,,,,,,,,,,,100.0,
plot_curve,14.406015037593985,0.29253051211490166,0.1417790011208393,0.19953123992334873,,,,,,,,,,,,,100.0,
plot_curve,14.436090225563909,0.29309828475569827,0.14204858121544967,0.20000527802134532,,,,,,,,,,,,,100.0,
plot_curve,14.466165413533833,0.29366694330593146,0.14231896310430578,0.2004811545336736,,,,,,,,,,,,,100.0,
plot_curve,14.496240601503759,0.29423648662171664,0.14259014845436396,0.2009588720463314,,,,,,,,,,,,,100.0,
plot_curve,14.526315789473683,0.2948069135591691,0.1428621389325806,0.2014384331453164,,,,,,,,,,,,,100.0,
plot_curve,14.556390977443609,0.29537822297440425,0.14313493620591206,0.20191984041662656,,,,,,,,,,,,,100.0,
plot_curve,14.586466165413533,0.29595041372353736,0.1434085419413147,0.20240309644625948,,,,,,,,,,,,,100.0,
plot_curve,14.616541353383457,0.29652348466268375,0.14368295780574486,0.20288820382021316,,,,,,,,,,,,,100.0,
plot_curve,14.646616541353383,0.297097434647959,0.14395818546615902,0.20337516512448528,,,,,,,,,,,,,100.0,
plot_curve,14.676691729323307,0.2976722625354783,0.14423422658951343,0.20386398294507369,,,,,,,,,,,,,100.0,
plot_curve,14.706766917293233,0.29824796718135704,0.14451108284276454,0.20435465986797613,,,,,,,,,,,,,100.0,
plot_curve,14.736842105263158,0.2988245474417105,0.1447887558928687,0.20484719847919042,,,,,,,,,,,,,100.0,
plot_curve,14.766917293233082,0.2994020021726541,0.14506724740678226,0.20534160136471435,,,,,,,,,,,,,100.0,
plot_curve,14.796992481203008,0.29998033023030335,0.1453465590514616,0.2058378711105458,,,,,,,,,,,,,100.0,
plot_curve,14.827067669172932,0.30055953047077333,0.14562669249386312,0.20633601030268245,,,,,,,,,,,,,100.0,
plot_curve,14.857142857142856,0.3011396017501795,0.14590764940094314,0.20683602152712216,,,,,,,,,,,,,100.0,
plot_curve,14.887218045112782,0.3017205429246374,0.14618943143965807,0.2073379073698628,,,,,,,,,,,,,100.0,
plot_curve,14.917293233082706,0.3023023528502621,0.14647204027696425,0.20784167041690202,,,,,,,,,,,,,100.0,
plot_curve,14.94736842105263,0.30288503038316916,0.14675547757981808,0.20834731325423766,,,,,,,,,,,,,100.0,
plot_curve,14.977443609022556,0.30346857437947383,0.14703974501517592,0.20885483846786762,,,,,,,,,,,,,100.0,
plot_curve,15.00751879699248,0.30405298369529155,0.14732484424999415,0.20936424864378958,,,,,,,,,,,,,100.0,
plot_curve,15.037593984962406,0.30463825718673765,0.14761077695122915,0.20987554636800143,,,,,,,,,,,,,100.0,
plot_curve,15.06766917293233,0.3052243937099274,0.14789754478583722,0.21038873422650084,,,,,,,,,,,,,100.0,
plot_curve,15.097744360902254,0.30581139212097624,0.14818514942077476,0.21090381480528575,,,,,,,,,,,,,100.0,
plot_curve,15.12781954887218,0.30639925127599954,0.14847359252299824,0.2114207906903539,,,,,,,,,,,,,100.0,
plot_curve,15.157894736842104,0.3069879700311126,0.1487628757594639,0.21193966446770307,,,,,,,,,,,,,100.0,
plot_curve,15.18796992481203,0.3075775472424308,0.14905300079712822,0.2124604387233311,,,,,,,,,,,,,100.0,
plot_curve,15.218045112781954,0.3081679817660695,0.14934396930294747,0.2129831160432357,,,,,,,,,,,,,100.0,
plot_curve,15.248120300751879,0.30875927245814416,0.14963578294387805,0.21350769901341474,,,,,,,,,,,,,100.0,
plot_curve,15.278195488721805,0.30935141817476997,0.1499284433868764,0.21403419021986606,,,,,,,,,,,,,100.0,
plot_curve,15.308270676691729,0.30994441777206233,0.1502219522988988,0.21456259224858737,,,,,,,,,,,,,100.0,
plot_curve,15.338345864661653,0.31053827010613666,0.15051631134690163,0.21509290768557648,,,,,,,,,,,,,100.0,
plot_curve,15.368421052631579,0.31113297403310824,0.15081152219784133,0.21562513911683132,,,,,,,,,,,,,100.0,
plot_curve,15.398496240601503,0.3117285284090925,0.15110758651867423,0.21615928912834947,,,,,,,,,,,,,100.0,
plot_curve,15.428571428571427,0.31232493209020473,0.15140450597635666,0.21669536030612888,,,,,,,,,,,,,100.0,
plot_curve,15.458646616541353,0.3129221839325603,0.15170228223784507,0.2172333552361673,,,,,,,,,,,,,100.0,
plot_curve,15.488721804511277,0.3135202827922747,0.15200091697009577,0.21777327650446254,,,,,,,,,,,,,100.0,
plot_curve,15.518796992481203,0.31411922752546306,0.15230041184006515,0.21831512669701242,,,,,,,,,,,,,100.0,
plot_curve,15.548872180451127,0.3147190169882409,0.1526007685147096,0.21885890839981467,,,,,,,,,,,,,100.0,
plot_curve,15.578947368421051,0.3153196500367235,0.15290198866098548,0.21940462419886714,,,,,,,,,,,,,100.0,
plot_curve,15.609022556390977,0.31592112552702634,0.15320407394584912,0.21995227668016765,,,,,,,,,,,,,100.0,
plot_curve,15.639097744360901,0.3165234423152645,0.15350702603625693,0.22050186842971392,,,,,,,,,,,,,100.0,
plot_curve,15.669172932330827,0.3171265992575537,0.15381084659916533,0.22105340203350385,,,,,,,,,,,,,100.0,
plot_curve,15.699248120300751,0.317730595210009,0.15411553730153055,0.22160688007753515,,,,,,,,,,,,,100.0,
plot_curve,15.729323308270676,0.3183354290287459,0.1544210998103091,0.2221623051478056,,,,,,,,,,,,,100.0,
plot_curve,15.759398496240602,0.3189410995698798,0.1547275357924573,0.22271967983031316,,,,,,,,,,,,,100.0,
plot_curve,15.789473684210526,0.3195476056895259,0.15503484691493147,0.2232790067110554,,,,,,,,,,,,,100.0,
plot_curve,15.81954887218045,0.3201549462437997,0.15534303484468806,0.22384028837603032,,,,,,,,,,,,,100.0,
plot_curve,15.849624060150376,0.32076312008881647,0.1556521012486834,0.22440352741123562,,,,,,,,,,,,,100.0,
plot_curve,15.8796992481203,0.32137212608069154,0.1559620477938739,0.22496872640266907,,,,,,,,,,,,,100.0,
plot_curve,15.909774436090224,0.3219819630755404,0.15627287614721586,0.22553588793632853,,,,,,,,,,,,,100.0,
plot_curve,15.93984962406015,0.32259262992947835,0.1565845879756657,0.22610501459821183,,,,,,,,,,,,,100.0,
plot_curve,15.969924812030074,0.32320412549862065,0.1568971849461798,0.22667610897431661,,,,,,,,,,,,,100.0,
plot_curve,16.0,0.3238164486390828,0.1572106687257145,0.2272491736506409,,,,,,,,,,,,,100.0,
plot_curve,4.0,0.15212591686331683,0.08571079718103239,0.12165008772152602,,,,,,,,,,,,,90.0,
plot_curve,4.030075187969925,0.15240491985872648,0.08581493582117494,0.12178271324571063,,,,,,,,,,,,,90.0,
plot_curve,4.06015037593985,0.15268334727543387,0.08591895382203983,0.12191358667482181,,,,,,,,,,,,,90.0,
plot_curve,4.090225563909774,0.15296120930793725,0.08602285536660947,0.1220427245183306,,,,,,,,,,,,,90.0,
plot_curve,4.120300751879699,0.1532385161507348,0.08612664463786629,0.12217014328570801,,,,,,,,,,,,,90.0,
plot_curve,4.150375939849624,0.15351527799832476,0.08623032581879271,0.12229585948642505,,,,,,,,,,,,,90.0,
plot_curve,4.180451127819548,0.15379150504520528,0.08633390309237113,0.12241988962995273,,,,,,,,,,,,,90.0,
plot_curve,4.2105263157894735,0.1540672074858746,0.08643738064158402,0.1225422502257621,,,,,,,,,,,,,90.0,
plot_curve,4.2406015037593985,0.15434239551483092,0.08654076264941374,0.12266295778332413,,,,,,,,,,,,,90.0,
plot_curve,4.2706766917293235,0.15461707932657245,0.08664405329884274,0.12278202881210987,,,,,,,,,,,,,90.0,
plot_curve,4.3007518796992485,0.15489126911559736,0.08674725677285344,0.12289947982159034,,,,,,,,,,,,,90.0,
plot_curve,4.330827067669173,0.1551649750764039,0.08685037725442825,0.12301532732123655,,,,,,,,,,,,,90.0,
plot_curve,4.360902255639098,0.15543820740349024,0.0869534189265496,0.12312958782051953,,,,,,,,,,,,,90.0,
plot_curve,4.390977443609023,0.1557109762913546,0.08705638597219992,0.12324227782891026,,,,,,,,,,,,,90.0,
plot_curve,4.421052631578947,0.15598329193449517,0.0871592825743616,0.1233534138558798,,,,,,,,,,,,,90.0,
plot_curve,4.451127819548872,0.15625516452741017,0.0872621129160171,0.12346301241089916,,,,,,,,,,,,,90.0,
plot_curve,4.481203007518797,0.15652660426459783,0.0873648811801488,0.12357109000343933,,,,,,,,,,,,,90.0,
plot_curve,4.511278195488722,0.15679762134055628,0.08746759154973915,0.12367766314297136,,,,,,,,,,,,,90.0,
plot_curve,4.541353383458647,0.15706822594978379,0.08757024820777055,0.12378274833896626,,,,,,,,,,,,,90.0,
plot_curve,4.571428571428571,0.15733842828677852,0.08767285533722544,0.12388636210089504,,,,,,,,,,,,,90.0,
plot_curve,4.601503759398496,0.1576082385460387,0.08777541712108622,0.12398852093822871,,,,,,,,,,,,,90.0,
plot_curve,4.631578947368421,0.1578776669220625,0.08787793774233532,0.12408924136043831,,,,,,,,,,,,,90.0,
plot_curve,4.661654135338345,0.1581467236093482,0.08798042138395518,0.12418853987699482,,,,,,,,,,,,,90.0,
plot_curve,4.69172932330827,0.15841541880239393,0.08808287222892819,0.12428643299736931,,,,,,,,,,,,,90.0,
plot_curve,4.7218045112781954,0.15868376269569792,0.08818529446023678,0.12438293723103278,,,,,,,,,,,,,90.0,
plot_curve,4.7518796992481205,0.15895176548375836,0.08828769226086336,0.12447806908745623,,,,,,,,,,,,,90.0,
plot_curve,4.7819548872180455,0.1592194373610735,0.08839006981379037,0.12457184507611069,,,,,,,,,,,,,90.0,
plot_curve,4.81203007518797,0.1594867885221415,0.08849243130200023,0.12466428170646718,,,,,,,,,,,,,90.0,
plot_curve,4.842105263157895,0.15975382916146055,0.08859478090847533,0.12475539548799669,,,,,,,,,,,,,90.0,
plot_curve,4.87218045112782,0.16002056947352888,0.08869712281619814,0.12484520293017029,,,,,,,,,,,,,90.0,
plot_curve,4.902255639097744,0.1602870196528447,0.08879946120815103,0.12493372054245895,,,,,,,,,,,,,90.0,
plot_curve,4.932330827067669,0.1605531898939062,0.08890180026731646,0.12502096483433373,,,,,,,,,,,,,90.0,
plot_curve,4.962406015037594,0.16081909039121162,0.08900414417667683,0.12510695231526558,,,,,,,,,,,,,90.0,
plot_curve,4.992481203007519,0.16108473133925913,0.08910649711921456,0.1251916994947256,,,,,,,,,,,,,90.0,
plot_curve,5.022556390977444,0.1613501229325469,0.08920886327791208,0.1252752228821848,,,,,,,,,,,,,90.0,
plot_curve,5.052631578947368,0.1616152753655732,0.0893112468357518,0.1253575389871141,,,,,,,,,,,,,90.0,
plot_curve,5.082706766917293,0.16188019883283622,0.08941365197571614,0.12543866431898462,,,,,,,,,,,,,90.0,
plot_curve,5.112781954887218,0.16214490352883412,0.08951608288078752,0.12551861538726736,,,,,,,,,,,,,90.0,
plot_curve,5.142857142857142,0.16240939964806514,0.08961854373394838,0.1255974087014333,,,,,,,,,,,,,90.0,
plot_curve,5.172932330827067,0.1626736973850275,0.08972103871818113,0.12567506077095347,,,,,,,,,,,,,90.0,
plot_curve,5.203007518796992,0.16293780693421933,0.08982357201646816,0.12575158810529893,,,,,,,,,,,,,90.0,
plot_curve,5.2330827067669174,0.16320173849013891,0.08992614781179194,0.12582700721394063,,,,,,,,,,,,,90.0,
plot_curve,5.2631578947368425,0.16346550224728446,0.09002877028713485,0.12590133460634967,,,,,,,,,,,,,90.0,
plot_curve,5.293233082706767,0.1637291084001541,0.09013144362547934,0.12597458679199697,,,,,,,,,,,,,90.0,
plot_curve,5.323308270676692,0.1639925671432461,0.09023417200980781,0.12604678028035363,,,,,,,,,,,,,90.0,
plot_curve,5.353383458646617,0.16425588867105861,0.09033695962310268,0.12611793158089063,,,,,,,,,,,,,90.0,
plot_curve,5.383458646616541,0.1645190831780899,0.09043981064834639,0.126188057203079,,,,,,,,,,,,,90.0,
plot_curve,5.413533834586466,0.1647821608588381,0.09054272926852133,0.12625717365638975,,,,,,,,,,,,,90.0,
plot_curve,5.443609022556391,0.16504513190780146,0.09064571966660996,0.1263252974502939,,,,,,,,,,,,,90.0,
plot_curve,5.473684210526316,0.1653080065194782,0.09074878602559466,0.12639244509426245,,,,,,,,,,,,,90.0,
plot_curve,5.503759398496241,0.1655707948883665,0.09085193252845788,0.12645863309776645,,,,,,,,,,,,,90.0,
plot_curve,5.533834586466165,0.16583350720896456,0.09095516335818203,0.12652387797027692,,,,,,,,,,,,,90.0,
plot_curve,5.56390977443609,0.16609615367577057,0.09105848269774952,0.12658819622126485,,,,,,,,,,,,,90.0,
plot_curve,5.593984962406015,0.16635874448328275,0.09116189473014279,0.12665160436020126,,,,,,,,,,,,,90.0,
plot_curve,5.624060150375939,0.16662128982599933,0.09126540363834425,0.1267141188965572,,,,,,,,,,,,,90.0,
plot_curve,5.654135338345864,0.16688379989841848,0.09136901360533631,0.12677575633980365,,,,,,,,,,,,,90.0,
plot_curve,5.684210526315789,0.1671462848950384,0.0914727288141014,0.12683653319941163,,,,,,,,,,,,,90.0,
plot_curve,5.714285714285714,0.16740875501035735,0.09157655344762194,0.1268964659848522,,,,,,,,,,,,,90.0,
plot_curve,5.7443609022556394,0.16767122043887345,0.09168049168888036,0.12695557120559633,,,,,,,,,,,,,90.0,
plot_curve,5.774436090225564,0.16793369137508496,0.09178454772085906,0.12701386537111506,,,,,,,,,,,,,90.0,
plot_curve,5.804511278195489,0.16819617801349007,0.09188872572654048,0.1270713649908794,,,,,,,,,,,,,90.0,
plot_curve,5.834586466165414,0.16845869054858698,0.09199302988890704,0.1271280865743604,,,,,,,,,,,,,90.0,
plot_curve,5.864661654135338,0.1687212391748739,0.09209746439094113,0.12718404663102903,,,,,,,,,,,,,90.0,
plot_curve,5.894736842105263,0.16898383408684903,0.0922020334156252,0.12723926167035632,,,,,,,,,,,,,90.0,
plot_curve,5.924812030075188,0.16924648547901056,0.09230674114594167,0.1272937482018133,,,,,,,,,,,,,90.0,
plot_curve,5.954887218045113,0.16950920354585675,0.09241159176487296,0.127347522734871,,,,,,,,,,,,,90.0,
plot_curve,5.984962406015038,0.1697719984818857,0.09251658945540146,0.1274006017790004,,,,,,,,,,,,,90.0,
plot_curve,6.015037593984962,0.1700348804815957,0.09262173840050962,0.12745300184367256,,,,,,,,,,,,,90.0,
plot_curve,6.045112781954887,0.17029785973948497,0.09272704278317986,0.12750473943835847,,,,,,,,,,,,,90.0,
plot_curve,6.075187969924812,0.17056094645005165,0.0928325067863946,0.12755583107252916,,,,,,,,,,,,,90.0,
plot_curve,6.105263157894736,0.17082415080779395,0.09293813459313624,0.12760629325565562,,,,,,,,,,,,,90.0,
plot_curve,6.135338345864661,0.1710874830072101,0.09304393038638722,0.1276561424972089,,,,,,,,,,,,,90.0,
plot_curve,6.165413533834586,0.1713509532427983,0.09314989834912996,0.12770539530666003,,,,,,,,,,,,,90.0,
plot_curve,6.195488721804511,0.17161457170905678,0.09325604266434687,0.12775406819348,,,,,,,,,,,,,90.0,
plot_curve,6.225563909774436,0.17187834860048368,0.09336236751502038,0.1278021776671398,,,,,,,,,,,,,90.0,
plot_curve,6.2556390977443606,0.17214229411157722,0.0934688770841329,0.12784974023711054,,,,,,,,,,,,,90.0,
plot_curve,6.285714285714286,0.17240641843683568,0.09357557555466686,0.12789677241286312,,,,,,,,,,,,,90.0,
plot_curve,6.315789473684211,0.17267073177075717,0.09368246710960468,0.12794329070386867,,,,,,,,,,,,,90.0,
plot_curve,6.345864661654135,0.17293524430783994,0.09378955593192875,0.12798931161959815,,,,,,,,,,,,,90.0,
plot_curve,6.37593984962406,0.17319996624258216,0.09389684620462155,0.12803485166952255,,,,,,,,,,,,,90.0,
plot_curve,6.406015037593985,0.1734649077694821,0.09400434211066545,0.12807992736311294,,,,,,,,,,,,,90.0,
plot_curve,6.43609022556391,0.1737300790830379,0.09411204783304289,0.1281245552098403,,,,,,,,,,,,,90.0,
plot_curve,6.466165413533835,0.17399549037774775,0.0942199675547363,0.1281687517191757,,,,,,,,,,,,,90.0,
plot_curve,6.496240601503759,0.17426115184810992,0.09432810545872806,0.1282125334005901,,,,,,,,,,,,,90.0,
plot_curve,6.526315789473684,0.1745270736886226,0.09443646572800064,0.12825591676355458,,,,,,,,,,,,,90.0,
plot_curve,6.556390977443609,0.17479326609378396,0.09454505254553644,0.1282989183175401,,,,,,,,,,,,,90.0,
plot_curve,6.586466165413533,0.1750597392580922,0.09465387009431786,0.12834155457201765,,,,,,,,,,,,,90.0,
plot_curve,6.616541353383458,0.17532650337604558,0.09476292255732736,0.12838384203645836,,,,,,,,,,,,,90.0,
plot_curve,6.646616541353383,0.17559356864214226,0.09487221411754733,0.12842579722033315,,,,,,,,,,,,,90.0,
plot_curve,6.676691729323308,0.17586094525088045,0.0949817489579602,0.1284674366331131,,,,,,,,,,,,,90.0,
plot_curve,6.706766917293233,0.17612864339675835,0.0950915312615484,0.1285087767842692,,,,,,,,,,,,,90.0,
plot_curve,6.7368421052631575,0.17639667327427416,0.09520156521129432,0.12854983418327243,,,,,,,,,,,,,90.0,
plot_curve,6.7669172932330826,0.17666504507792613,0.09531185499018041,0.12859062533959387,,,,,,,,,,,,,90.0,
plot_curve,6.796992481203008,0.17693376900221242,0.09542240478118909,0.12863116676270453,,,,,,,,,,,,,90.0,
plot_curve,6.827067669172932,0.1772028552416312,0.09553321876730275,0.1286714749620754,,,,,,,,,,,,,90.0,
plot_curve,6.857142857142857,0.17747231399068075,0.09564430113150385,0.12871156644717752,,,,,,,,,,,,,90.0,
plot_curve,6.887218045112782,0.17774215544385924,0.09575565605677479,0.12875145772748187,,,,,,,,,,,,,90.0,
plot_curve,6.917293233082707,0.17801238979566486,0.09586728772609798,0.1287911653124595,,,,,,,,,,,,,90.0,
plot_curve,6.947368421052632,0.17828302724059586,0.09597920032245587,0.12883070571158142,,,,,,,,,,,,,90.0,
plot_curve,6.977443609022556,0.17855407797315037,0.09609139802883085,0.12887009543431865,,,,,,,,,,,,,90.0,
plot_curve,7.007518796992481,0.17882555218782664,0.09620388502820534,0.12890935099014222,,,,,,,,,,,,,90.0,
plot_curve,7.037593984962406,0.17909746007912292,0.0963166655035618,0.12894848888852314,,,,,,,,,,,,,90.0,
plot_curve,7.06766917293233,0.17936981184153733,0.0964297436378826,0.1289875256389324,,,,,,,,,,,,,90.0,
plot_curve,7.097744360902255,0.1796426176695681,0.09654312361415021,0.12902647775084108,,,,,,,,,,,,,90.0,
plot_curve,7.12781954887218,0.17991588775771344,0.096656809615347,0.12906536173372013,,,,,,,,,,,,,90.0,
plot_curve,7.157894736842105,0.18018963230047158,0.09677080582445542,0.12910419409704063,,,,,,,,,,,,,90.0,
plot_curve,7.18796992481203,0.18046386149234067,0.09688511642445789,0.12914299135027354,,,,,,,,,,,,,90.0,
plot_curve,7.2180451127819545,0.18073858552781896,0.09699974559833682,0.12918177000288988,,,,,,,,,,,,,90.0,
plot_curve,7.2481203007518795,0.18101381460140464,0.09711469752907465,0.12922054656436074,,,,,,,,,,,,,90.0,
plot_curve,7.2781954887218046,0.18128955890759588,0.09722997639965376,0.12925933754415705,,,,,,,,,,,,,90.0,
plot_curve,7.308270676691729,0.18156582864089094,0.09734558639305661,0.1292981594517499,,,,,,,,,,,,,90.0,
plot_curve,7.338345864661654,0.18184263399578798,0.0974615316922656,0.12933702879661027,,,,,,,,,,,,,90.0,
plot_curve,7.368421052631579,0.18211998516678524,0.09757781648026317,0.12937596208820917,,,,,,,,,,,,,90.0,
plot_curve,7.398496240601504,0.1823978923483809,0.09769444494003171,0.12941497583601763,,,,,,,,,,,,,90.0,
plot_curve,7.428571428571429,0.18267636573507318,0.09781142125455367,0.12945408654950666,,,,,,,,,,,,,90.0,
plot_curve,7.458646616541353,0.18295541552136027,0.09792874960681144,0.1294933107381473,,,,,,,,,,,,,90.0,
plot_curve,7.488721804511278,0.1832350519017404,0.09804643417978748,0.12953266491141058,,,,,,,,,,,,,90.0,
plot_curve,7.518796992481203,0.1835152850707117,0.09816447915646416,0.12957216557876744,,,,,,,,,,,,,90.0,
plot_curve,7.548872180451127,0.18379612522277244,0.09828288871982395,0.12961182924968898,,,,,,,,,,,,,90.0,
plot_curve,7.578947368421052,0.18407758255242085,0.09840166705284924,0.12965167243364617,,,,,,,,,,,,,90.0,
plot_curve,7.609022556390977,0.18435966725415506,0.09852081833852246,0.12969171164011006,,,,,,,,,,,,,90.0,
plot_curve,7.639097744360902,0.1846423895224733,0.09864034675982603,0.12973196337855164,,,,,,,,,,,,,90.0,
plot_curve,7.669172932330827,0.18492575955187385,0.09876025649974236,0.12977244415844197,,,,,,,,,,,,,90.0,
plot_curve,7.6992481203007515,0.18520978753685474,0.09888055174125389,0.129813170489252,,,,,,,,,,,,,90.0,
plot_curve,7.7293233082706765,0.18549448367191435,0.09900123666734303,0.1298541588804528,,,,,,,,,,,,,90.0,
plot_curve,7.7593984962406015,0.1857798581515508,0.09912231546099219,0.12989542584151537,,,,,,,,,,,,,90.0,
plot_curve,7.789473684210526,0.1860659211702623,0.0992437923051838,0.12993698788191077,,,,,,,,,,,,,90.0,
plot_curve,7.819548872180451,0.18635268292254706,0.09936567138290028,0.12997886151110993,,,,,,,,,,,,,90.0,
plot_curve,7.849624060150376,0.18664015360290329,0.09948795687712407,0.13002106323858395,,,,,,,,,,,,,90.0,
plot_curve,7.879699248120301,0.1869283434058292,0.09961065297083756,0.1300636095738038,,,,,,,,,,,,,90.0,
plot_curve,7.909774436090226,0.18721726252582296,0.09973376384702318,0.13010651702624051,,,,,,,,,,,,,90.0,
plot_curve,7.93984962406015,0.18750692115738282,0.09985729368866335,0.13014980210536514,,,,,,,,,,,,,90.0,
plot_curve,7.969924812030075,0.18779732949500694,0.09998124667874049,0.13019348132064862,,,,,,,,,,,,,90.0,
plot_curve,8.0,0.18808849773319353,0.10010562700023702,0.13023757118156204,,,,,,,,,,,,,90.0,
plot_curve,8.030075187969924,0.18838043606644084,0.10023043883613537,0.13028208819757642,,,,,,,,,,,,,90.0,
plot_curve,8.060150375939848,0.18867315468924703,0.10035568636941795,0.1303270488781627,,,,,,,,,,,,,90.0,
plot_curve,8.090225563909774,0.18896666379611032,0.10048137378306718,0.13037246973279198,,,,,,,,,,,,,90.0,
plot_curve,8.1203007518797,0.18926097358152894,0.1006075052600655,0.13041836727093525,,,,,,,,,,,,,90.0,
plot_curve,8.150375939849624,0.18955609424000103,0.10073408498339528,0.13046475800206353,,,,,,,,,,,,,90.0,
plot_curve,8.180451127819548,0.18985203596602482,0.100861117136039,0.13051165843564783,,,,,,,,,,,,,90.0,
plot_curve,8.210526315789473,0.19014880895409852,0.10098860590097905,0.13055908508115915,,,,,,,,,,,,,90.0,
plot_curve,8.240601503759398,0.19044642339872037,0.10111655546119785,0.13060705444806855,,,,,,,,,,,,,90.0,
plot_curve,8.270676691729323,0.1907448894943885,0.10124496999967783,0.13065558304584704,,,,,,,,,,,,,90.0,
plot_curve,8.300751879699249,0.19104421743560118,0.10137385369940141,0.13070468738396562,,,,,,,,,,,,,90.0,
plot_curve,8.330827067669173,0.19134441741685657,0.10150321074335099,0.13075438397189532,,,,,,,,,,,,,90.0,
plot_curve,8.360902255639097,0.1916454996326529,0.10163304531450901,0.1308046893191071,,,,,,,,,,,,,90.0,
plot_curve,8.390977443609023,0.19194747427748837,0.10176336159585789,0.13085561993507208,,,,,,,,,,,,,90.0,
plot_curve,8.421052631578947,0.19225035154586118,0.10189416377038005,0.1309071923292612,,,,,,,,,,,,,90.0,
plot_curve,8.451127819548873,0.19255414163226953,0.10202545602105789,0.13095942301114555,,,,,,,,,,,,,90.0,
plot_curve,8.481203007518797,0.19285885473121162,0.10215724253087385,0.13101232849019606,,,,,,,,,,,,,90.0,
plot_curve,8.511278195488721,0.1931645010371857,0.10228952748281037,0.1310659252758838,,,,,,,,,,,,,90.0,
plot_curve,8.541353383458645,0.19347109074468988,0.10242231505984982,0.13112022987767977,,,,,,,,,,,,,90.0,
plot_curve,8.571428571428571,0.19377863404822243,0.10255560944497466,0.131175258805055,,,,,,,,,,,,,90.0,
plot_curve,8.601503759398497,0.19408714114228157,0.10268941482116731,0.13123102856748053,,,,,,,,,,,,,90.0,
plot_curve,8.631578947368421,0.19439662222136544,0.10282373537141015,0.13128755567442735,,,,,,,,,,,,,90.0,
plot_curve,8.661654135338345,0.19470708747997229,0.10295857527868565,0.13134485663536644,,,,,,,,,,,,,90.0,
plot_curve,8.69172932330827,0.19501854711260033,0.10309393872597619,0.1314029479597689,,,,,,,,,,,,,90.0,
plot_curve,8.721804511278195,0.19533101131374778,0.10322982989626422,0.13146184615710566,,,,,,,,,,,,,90.0,
plot_curve,8.75187969924812,0.19564449027791275,0.10336625297253216,0.1315215677368478,,,,,,,,,,,,,90.0,
plot_curve,8.781954887218046,0.19595899419959353,0.10350321213776242,0.13158212920846635,,,,,,,,,,,,,90.0,
plot_curve,8.81203007518797,0.1962745332732883,0.1036407115749374,0.1316435470814323,,,,,,,,,,,,,90.0,
plot_curve,8.842105263157894,0.19659111769349524,0.10377875546703955,0.13170583786521664,,,,,,,,,,,,,90.0,
plot_curve,8.87218045112782,0.1969087576547126,0.1039173479970513,0.13176901806929042,,,,,,,,,,,,,90.0,
plot_curve,8.902255639097744,0.1972274633514386,0.10405649334795503,0.13183310420312466,,,,,,,,,,,,,90.0,
plot_curve,8.93233082706767,0.1975472449781714,0.10419619570273317,0.13189811277619037,,,,,,,,,,,,,90.0,
plot_curve,8.962406015037594,0.19786811272940916,0.10433645924436816,0.13196406029795857,,,,,,,,,,,,,90.0,
plot_curve,8.992481203007518,0.19819007679965012,0.10447728815584242,0.13203096327790026,,,,,,,,,,,,,90.0,
plot_curve,9.022556390977442,0.19851314738339254,0.10461868662013835,0.1320988382254865,,,,,,,,,,,,,90.0,
plot_curve,9.052631578947368,0.1988373346751346,0.10476065882023838,0.13216770165018826,,,,,,,,,,,,,90.0,
plot_curve,9.082706766917294,0.19916264886937446,0.10490320893912496,0.13223757006147657,,,,,,,,,,,,,90.0,
plot_curve,9.112781954887218,0.19948910016061033,0.10504634115978045,0.13230845996882248,,,,,,,,,,,,,90.0,
plot_curve,9.142857142857142,0.19981669874334043,0.10519005966518732,0.13238038788169698,,,,,,,,,,,,,90.0,
plot_curve,9.172932330827066,0.200145454812063,0.10533436863832797,0.13245337030957108,,,,,,,,,,,,,90.0,
plot_curve,9.203007518796992,0.2004753785612762,0.10547927226218483,0.1325274237619158,,,,,,,,,,,,,90.0,
plot_curve,9.233082706766917,0.20080648018547825,0.1056247747197403,0.13260256474820223,,,,,,,,,,,,,90.0,
plot_curve,9.263157894736842,0.20113876987916735,0.10577088019397682,0.13267880977790128,,,,,,,,,,,,,90.0,
plot_curve,9.293233082706767,0.20147225783684167,0.1059175928678768,0.13275617536048404,,,,,,,,,,,,,90.0,
plot_curve,9.32330827067669,0.20180695425299947,0.10606491692442267,0.13283467800542148,,,,,,,,,,,,,90.0,
plot_curve,9.353383458646617,0.20214286932213893,0.10621285654659686,0.13291433422218463,,,,,,,,,,,,,90.0,
plot_curve,9.38345864661654,0.20248001323875825,0.10636141591738175,0.13299516052024454,,,,,,,,,,,,,90.0,
plot_curve,9.413533834586467,0.20281839619735564,0.1065105992197598,0.1330771734090722,,,,,,,,,,,,,90.0,
plot_curve,9.443609022556391,0.2031580283924293,0.10666041063671342,0.13316038939813865,,,,,,,,,,,,,90.0,
plot_curve,9.473684210526315,0.20349892001847747,0.106810854351225,0.13324482499691487,,,,,,,,,,,,,90.0,
plot_curve,9.50375939849624,0.20384108126999825,0.106961934546277,0.1333304967148719,,,,,,,,,,,,,90.0,
plot_curve,9.533834586466165,0.20418452234148998,0.10711365540485185,0.13341742106148075,,,,,,,,,,,,,90.0,
plot_curve,9.563909774436091,0.20452925342745076,0.10726602110993191,0.13350561454621246,,,,,,,,,,,,,90.0,
plot_curve,9.593984962406015,0.20487528472237887,0.10741903584449966,0.13359509367853806,,,,,,,,,,,,,90.0,
plot_curve,9.62406015037594,0.20522262642077244,0.1075727037915375,0.1336858749679285,,,,,,,,,,,,,90.0,
plot_curve,9.654135338345863,0.2055712887171297,0.10772702913402783,0.13377797492385485,,,,,,,,,,,,,90.0,
plot_curve,9.68421052631579,0.20592128180594887,0.10788201605495311,0.13387141005578812,,,,,,,,,,,,,90.0,
plot_curve,9.714285714285714,0.20627261588172818,0.10803766873729573,0.1339661968731993,,,,,,,,,,,,,90.0,
plot_curve,9.74436090225564,0.2066253011389658,0.10819399136403812,0.13406235188555948,,,,,,,,,,,,,90.0,
plot_curve,9.774436090225564,0.20697934777215987,0.10835098811816268,0.1341598916023396,,,,,,,,,,,,,90.0,
plot_curve,9.804511278195488,0.20733476597580872,0.10850866318265187,0.1342588325330107,,,,,,,,,,,,,90.0,
plot_curve,9.834586466165414,0.2076915659444105,0.10866702074048809,0.1343591911870438,,,,,,,,,,,,,90.0,
plot_curve,9.864661654135338,0.20804975787246335,0.10882606497465375,0.13446098407390997,,,,,,,,,,,,,90.0,
plot_curve,9.894736842105264,0.20840935195446558,0.10898580006813127,0.13456422770308013,,,,,,,,,,,,,90.0,
plot_curve,9.924812030075188,0.2087703583849153,0.1091462302039031,0.1346689385840254,,,,,,,,,,,,,90.0,
plot_curve,9.954887218045112,0.2091327873583108,0.10930735956495163,0.1347751332262167,,,,,,,,,,,,,90.0,
plot_curve,9.984962406015036,0.20949664906915022,0.1094691923342593,0.1348828281391251,,,,,,,,,,,,,90.0,
plot_curve,10.015037593984962,0.2098619537119318,0.10963173269480851,0.13499203983222166,,,,,,,,,,,,,90.0,
plot_curve,10.045112781954888,0.21022871148115374,0.10979498482958171,0.13510278481497734,,,,,,,,,,,,,90.0,
plot_curve,10.075187969924812,0.21059693257131423,0.10995895292156128,0.1352150795968631,,,,,,,,,,,,,90.0,
plot_curve,10.105263157894736,0.21096662717691145,0.11012364115372968,0.13532894068735007,,,,,,,,,,,,,90.0,
plot_curve,10.13533834586466,0.21133780549244363,0.1102890537090693,0.13544438459590927,,,,,,,,,,,,,90.0,
plot_curve,10.165413533834586,0.21171047771240903,0.11045519477056258,0.1355614278320116,,,,,,,,,,,,,90.0,
plot_curve,10.19548872180451,0.21208465403130575,0.11062206852119191,0.13568008690512817,,,,,,,,,,,,,90.0,
plot_curve,10.225563909774436,0.21246034464363206,0.11078967914393978,0.13580037832473,,,,,,,,,,,,,90.0,
plot_curve,10.25563909774436,0.21283755974388616,0.11095803082178851,0.13592231860028808,,,,,,,,,,,,,90.0,
plot_curve,10.285714285714285,0.21321630952656623,0.1111271277377206,0.13604592424127343,,,,,,,,,,,,,90.0,
plot_curve,10.31578947368421,0.2135966041861705,0.11129697407471846,0.13617121175715705,,,,,,,,,,,,,90.0,
plot_curve,10.345864661654135,0.2139784539171971,0.11146757401576446,0.13629819765741,,,,,,,,,,,,,90.0,
plot_curve,10.37593984962406,0.21436186891414438,0.1116389317438411,0.13642689845150327,,,,,,,,,,,,,90.0,
plot_curve,10.406015037593985,0.2147468593715104,0.11181105144193071,0.1365573306489079,,,,,,,,,,,,,90.0,
plot_curve,10.436090225563909,0.2151334354837934,0.11198393729301577,0.13668951075909488,,,,,,,,,,,,,90.0,
plot_curve,10.466165413533833,0.21552160744549165,0.11215759348007869,0.13682345529153522,,,,,,,,,,,,,90.0,
plot_curve,10.496240601503759,0.21591138545110328,0.11233202418610189,0.13695918075570002,,,,,,,,,,,,,90.0,
plot_curve,10.526315789473685,0.21630277969512657,0.11250723359406778,0.1370967036610602,,,,,,,,,,,,,90.0,
plot_curve,10.556390977443609,0.21669580037205963,0.11268322588695878,0.13723604051708677,,,,,,,,,,,,,90.0,
plot_curve,10.586466165413533,0.21709045767640073,0.11286000524775733,0.13737720783325083,,,,,,,,,,,,,90.0,
plot_curve,10.616541353383457,0.21748676180264803,0.11303757585944582,0.13752022211902337,,,,,,,,,,,,,90.0,
plot_curve,10.646616541353383,0.2178847229452998,0.1132159419050067,0.1376650998838754,,,,,,,,,,,,,90.0,
plot_curve,10.676691729323307,0.21828435129885418,0.11339510756742238,0.1378118576372779,,,,,,,,,,,,,90.0,
plot_curve,10.706766917293233,0.2186856570578094,0.11357507702967526,0.13796051188870195,,,,,,,,,,,,,90.0,
plot_curve,10.736842105263158,0.21908865041666364,0.1137558544747478,0.13811107914761855,,,,,,,,,,,,,90.0,
plot_curve,10.766917293233082,0.21949334156991512,0.11393744408562237,0.13826357592349872,,,,,,,,,,,,,90.0,
plot_curve,10.796992481203008,0.21989974071206211,0.11411985004528147,0.13841801872581344,,,,,,,,,,,,,90.0,
plot_curve,10.827067669172932,0.22030785803760272,0.11430307653670743,0.13857442406403372,,,,,,,,,,,,,90.0,
plot_curve,10.857142857142858,0.22071770374103516,0.11448712774288272,0.1387328084476307,,,,,,,,,,,,,90.0,
plot_curve,10.887218045112782,0.2211292880168577,0.11467200784678974,0.13889318838607526,,,,,,,,,,,,,90.0,
plot_curve,10.917293233082706,0.22154262105956846,0.11485772103141091,0.13905558038883845,,,,,,,,,,,,,90.0,
plot_curve,10.94736842105263,0.22195771306366568,0.11504427147972868,0.13922000096539133,,,,,,,,,,,,,90.0,
plot_curve,10.977443609022556,0.22237457422364765,0.11523166337472546,0.1393864666252049,,,,,,,,,,,,,90.0,
plot_curve,11.007518796992482,0.22279321473401242,0.11541990089938364,0.13955499387775017,,,,,,,,,,,,,90.0,
plot_curve,11.037593984962406,0.22321364478925831,0.11560898823668564,0.13972559923249814,,,,,,,,,,,,,90.0,
plot_curve,11.06766917293233,0.22363587458388345,0.11579892956961393,0.13989829919891983,,,,,,,,,,,,,90.0,
plot_curve,11.097744360902254,0.2240599143123861,0.1159897290811509,0.14007311028648634,,,,,,,,,,,,,90.0,
plot_curve,11.12781954887218,0.22448577416926443,0.11618139095427898,0.1402500490046686,,,,,,,,,,,,,90.0,
plot_curve,11.157894736842104,0.22491346434901666,0.11637391937198058,0.14042913186293762,,,,,,,,,,,,,90.0,
plot_curve,11.18796992481203,0.22534299504614097,0.11656731851723812,0.14061037537076446,,,,,,,,,,,,,90.0,
plot_curve,11.218045112781954,0.22577437645513562,0.116761592573034,0.14079379603762016,,,,,,,,,,,,,90.0,
plot_curve,11.248120300751879,0.22620761877049872,0.11695674572235068,0.14097941037297565,,,,,,,,,,,,,90.0,
plot_curve,11.278195488721805,0.22664273218672862,0.11715278214817057,0.14116723488630203,,,,,,,,,,,,,90.0,
plot_curve,11.308270676691729,0.22707972689832334,0.11734970603347608,0.14135728608707027,,,,,,,,,,,,,90.0,
plot_curve,11.338345864661655,0.22751861309978125,0.11754752156124965,0.14154958048475147,,,,,,,,,,,,,90.0,
plot_curve,11.368421052631579,0.2279594009856004,0.11774623291447364,0.14174413458881652,,,,,,,,,,,,,90.0,
plot_curve,11.398496240601503,0.22840210075027917,0.11794584427613054,0.14194096490873653,,,,,,,,,,,,,90.0,
plot_curve,11.428571428571427,0.22884672258831562,0.11814635982920274,0.1421400879539825,,,,,,,,,,,,,90.0,
plot_curve,11.458646616541353,0.22929327669420801,0.11834778375667267,0.14234152023402544,,,,,,,,,,,,,90.0,
plot_curve,11.488721804511279,0.22974177326245454,0.11855012024152276,0.14254527825833635,,,,,,,,,,,,,90.0,
plot_curve,11.518796992481203,0.23019222248755342,0.1187533734667354,0.14275137853638625,,,,,,,,,,,,,90.0,
plot_curve,11.548872180451127,0.2306446345640028,0.11895754761529301,0.14295983757764621,,,,,,,,,,,,,90.0,
plot_curve,11.578947368421051,0.23109901968630098,0.11916264687017804,0.14317067189158716,,,,,,,,,,,,,90.0,
plot_curve,11.609022556390977,0.2315553880489461,0.1193686754143729,0.14338389798768023,,,,,,,,,,,,,90.0,
plot_curve,11.639097744360901,0.23201374984643636,0.11957563743086,0.14359953237539633,,,,,,,,,,,,,90.0,
plot_curve,11.669172932330827,0.23247411527327,0.11978353710262178,0.14381759156420656,,,,,,,,,,,,,90.0,
plot_curve,11.699248120300751,0.23293649452394521,0.11999237861264064,0.1440380920635819,,,,,,,,,,,,,90.0,
plot_curve,11.729323308270676,0.2334008977929602,0.12020216614389899,0.14426105038299333,,,,,,,,,,,,,90.0,
plot_curve,11.759398496240602,0.23386733527481313,0.12041290387937931,0.14448648303191197,,,,,,,,,,,,,90.0,
plot_curve,11.789473684210526,0.23433581716400226,0.12062459600206393,0.1447144065198087,,,,,,,,,,,,,90.0,
plot_curve,11.819548872180452,0.23480635365502578,0.12083724669493534,0.1449448373561547,,,,,,,,,,,,,90.0,
plot_curve,11.849624060150376,0.23527895494238182,0.12105086014097594,0.14517779205042083,,,,,,,,,,,,,90.0,
plot_curve,11.8796992481203,0.2357536312205687,0.12126544052316814,0.14541328711207818,,,,,,,,,,,,,90.0,
plot_curve,11.909774436090224,0.23623039268408458,0.12148099202449436,0.14565133905059782,,,,,,,,,,,,,90.0,
plot_curve,11.93984962406015,0.23670924952742767,0.12169751882793706,0.14589196437545068,,,,,,,,,,,,,90.0,
plot_curve,11.969924812030076,0.2371902119450961,0.12191502511647863,0.14613517959610783,,,,,,,,,,,,,90.0,
plot_curve,12.0,0.23767329013158817,0.12213351507310147,0.14638100122204023,,,,,,,,,,,,,90.0,
plot_curve,12.030075187969924,0.238158494281402,0.12235299288078802,0.146629445762719,,,,,,,,,,,,,90.0,
plot_curve,12.060150375939848,0.23864583458903593,0.12257346272252069,0.14688052972761506,,,,,,,,,,,,,90.0,
plot_curve,12.090225563909774,0.239135321248988,0.12279492878128195,0.14713426962619947,,,,,,,,,,,,,90.0,
plot_curve,12.120300751879698,0.23962696445575654,0.12301739524005414,0.1473906819679432,,,,,,,,,,,,,90.0,
plot_curve,12.150375939849624,0.24012077440383967,0.12324086628181975,0.14764978326231737,,,,,,,,,,,,,90.0,
plot_curve,12.180451127819548,0.24061676128773568,0.12346534608956117,0.14791159001879295,,,,,,,,,,,,,90.0,
plot_curve,12.210526315789473,0.24111493530194267,0.1236908388462608,0.1481761187468409,,,,,,,,,,,,,90.0,
plot_curve,12.240601503759398,0.24161530664095893,0.1239173487349011,0.14844338595593226,,,,,,,,,,,,,90.0,
plot_curve,12.270676691729323,0.2421178854992826,0.12414487993846446,0.14871340815553813,,,,,,,,,,,,,90.0,
plot_curve,12.300751879699249,0.2426226820714119,0.12437343663993333,0.14898620185512945,,,,,,,,,,,,,90.0,
plot_curve,12.330827067669173,0.24312970655184507,0.1246030230222901,0.14926178356417724,,,,,,,,,,,,,90.0,
plot_curve,12.360902255639097,0.24363896913508032,0.1248336432685172,0.1495401697921525,,,,,,,,,,,,,90.0,
plot_curve,12.390977443609023,0.2441504800156158,0.12506530156159706,0.14982137704852638,,,,,,,,,,,,,90.0,
plot_curve,12.421052631578947,0.24466424938794973,0.12529800208451208,0.15010542184276976,,,,,,,,,,,,,90.0,
plot_curve,12.451127819548871,0.24518028744658033,0.12553174902024472,0.15039232068435365,,,,,,,,,,,,,90.0,
plot_curve,12.481203007518797,0.24569860438600577,0.12576654655177738,0.1506820900827492,,,,,,,,,,,,,90.0,
plot_curve,12.511278195488721,0.2462192104007243,0.12600239886209247,0.1509747465474273,,,,,,,,,,,,,90.0,
plot_curve,12.541353383458645,0.24674211568523413,0.1262393101341724,0.15127030658785898,,,,,,,,,,,,,90.0,
plot_curve,12.571428571428571,0.24726733043403343,0.1264772845509996,0.1515687867135153,,,,,,,,,,,,,90.0,
plot_curve,12.601503759398495,0.2477948648416204,0.1267163262955565,0.1518702034338673,,,,,,,,,,,,,90.0,
plot_curve,12.631578947368421,0.24832472910249326,0.12695643955082553,0.152174573258386,,,,,,,,,,,,,90.0,
plot_curve,12.661654135338345,0.24885693341115017,0.12719762849978905,0.15248191269654232,,,,,,,,,,,,,90.0,
plot_curve,12.69172932330827,0.24939148796208943,0.1274398973254296,0.15279223825780733,,,,,,,,,,,,,90.0,
plot_curve,12.721804511278195,0.24992840294980917,0.1276832502107295,0.15310556645165208,,,,,,,,,,,,,90.0,
plot_curve,12.75187969924812,0.2504676885688076,0.12792769133867116,0.1534219137875476,,,,,,,,,,,,,90.0,
plot_curve,12.781954887218046,0.25100935501358296,0.1281732248922371,0.15374129677496484,,,,,,,,,,,,,90.0,
plot_curve,12.81203007518797,0.2515534124786334,0.12841985505440962,0.15406373192337486,,,,,,,,,,,,,90.0,
plot_curve,12.842105263157894,0.25209987115845717,0.12866758600817121,0.15438923574224866,,,,,,,,,,,,,90.0,
plot_curve,12.87218045112782,0.25264874124755243,0.1289164219365043,0.1547178247410573,,,,,,,,,,,,,90.0,
plot_curve,12.902255639097744,0.25320003294041743,0.12916636702239126,0.15504951542927176,,,,,,,,,,,,,90.0,
plot_curve,12.932330827067668,0.25375375643155035,0.12941742544881457,0.155384324316363,,,,,,,,,,,,,90.0,
plot_curve,12.962406015037594,0.25430992191544943,0.1296696013987566,0.15572226791180216,,,,,,,,,,,,,90.0,
plot_curve,12.992481203007518,0.2548685395866128,0.1299228990551998,0.15606336272506022,,,,,,,,,,,,,90.0,
plot_curve,13.022556390977442,0.25542961963953875,0.13017732260112658,0.15640762526560809,,,,,,,,,,,,,90.0,
plot_curve,13.052631578947368,0.2559931722687254,0.13043287621951935,0.15675507204291694,,,,,,,,,,,,,90.0,
plot_curve,13.082706766917292,0.256559207668671,0.13068956409336052,0.1571057195664577,,,,,,,,,,,,,90.0,
plot_curve,13.112781954887218,0.25712773603387384,0.13094739040563258,0.15745958434570148,,,,,,,,,,,,,90.0,
plot_curve,13.142857142857142,0.2576987675588319,0.13120635933931787,0.15781668289011913,,,,,,,,,,,,,90.0,
plot_curve,13.172932330827066,0.2582723124380436,0.13146647507739884,0.1581770317091818,,,,,,,,,,,,,90.0,
plot_curve,13.203007518796992,0.25884838086600703,0.1317277418028579,0.15854064731236048,,,,,,,,,,,,,90.0,
plot_curve,13.233082706766917,0.25942698303722045,0.1319901636986775,0.1589075462091262,,,,,,,,,,,,,90.0,
plot_curve,13.263157894736842,0.260008129146182,0.13225374494784006,0.15927774490894997,,,,,,,,,,,,,90.0,
plot_curve,13.293233082706767,0.26059182938738995,0.13251848973332797,0.15965125992130275,,,,,,,,,,,,,90.0,
plot_curve,13.32330827067669,0.2611780939553424,0.13278440223812366,0.16002810775565562,,,,,,,,,,,,,90.0,
plot_curve,13.353383458646617,0.26176693304453774,0.13305148664520955,0.16040830492147962,,,,,,,,,,,,,90.0,
plot_curve,13.38345864661654,0.262358356849474,0.13331974713756806,0.16079186792824568,,,,,,,,,,,,,90.0,
plot_curve,13.413533834586465,0.26295237556464945,0.13358918789818158,0.16117881328542488,,,,,,,,,,,,,90.0,
plot_curve,13.443609022556391,0.26354899938456233,0.13385981311003264,0.16156915750248824,,,,,,,,,,,,,90.0,
plot_curve,13.473684210526315,0.2641482385037108,0.13413162695610353,0.1619629170889068,,,,,,,,,,,,,90.0,
plot_curve,13.50375939849624,0.264750103116593,0.1344046336193767,0.16236010855415148,,,,,,,,,,,,,90.0,
plot_curve,13.533834586466165,0.2653546034177073,0.13467883728283467,0.1627607484076934,,,,,,,,,,,,,90.0,
plot_curve,13.56390977443609,0.2659617496015518,0.13495424212945975,0.16316485315900353,,,,,,,,,,,,,90.0,
plot_curve,13.593984962406015,0.26657155186262466,0.1352308523422344,0.16357243931755291,,,,,,,,,,,,,90.0,
plot_curve,13.62406015037594,0.2671840203954241,0.13550867210414103,0.1639835233928125,,,,,,,,,,,,,90.0,
plot_curve,13.654135338345863,0.2677991653944484,0.13578770559816206,0.16439812189425335,,,,,,,,,,,,,90.0,
plot_curve,13.68421052631579,0.26841699705419575,0.13606795700727992,0.16481625133134656,,,,,,,,,,,,,90.0,
plot_curve,13.714285714285714,0.2690375255691643,0.136349430514477,0.16523792821356306,,,,,,,,,,,,,90.0,
plot_curve,13.74436090225564,0.26966076113385234,0.1366321303027358,0.1656631690503739,,,,,,,,,,,,,90.0,
plot_curve,13.774436090225564,0.27028671394275794,0.13691606055503863,0.16609199035125002,,,,,,,,,,,,,90.0,
plot_curve,13.804511278195488,0.2709153941903794,0.13720122545436803,0.16652440862566253,,,,,,,,,,,,,90.0,
plot_curve,13.834586466165414,0.2715468120712149,0.13748762918370633,0.16696044038308244,,,,,,,,,,,,,90.0,
plot_curve,13.864661654135338,0.27218097777976263,0.13777527592603594,0.16740010213298073,,,,,,,,,,,,,90.0,
plot_curve,13.894736842105262,0.2728179015105208,0.13806416986433934,0.16784341038482842,,,,,,,,,,,,,90.0,
plot_curve,13.924812030075188,0.2734575934579877,0.13835431518159896,0.16829038164809662,,,,,,,,,,,,,90.0,
plot_curve,13.954887218045112,0.2741000638166614,0.13864571606079712,0.16874103243225616,,,,,,,,,,,,,90.0,
plot_curve,13.984962406015036,0.2747453227810402,0.13893837668491638,0.1691953792467782,,,,,,,,,,,,,90.0,
plot_curve,14.015037593984962,0.27539338054562224,0.13923230123693908,0.16965343860113374,,,,,,,,,,,,,90.0,
plot_curve,14.045112781954886,0.27604424730490573,0.1395274938998476,0.1701152270047938,,,,,,,,,,,,,90.0,
plot_curve,14.075187969924812,0.27669793325338893,0.13982395885662446,0.1705807609672294,,,,,,,,,,,,,90.0,
plot_curve,14.105263157894736,0.27735444858557,0.140121700290252,0.17105005699791148,,,,,,,,,,,,,90.0,
plot_curve,14.13533834586466,0.2780138034959471,0.14042072238371267,0.1715231316063111,,,,,,,,,,,,,90.0,
plot_curve,14.165413533834586,0.27867600817901855,0.14072102931998892,0.17200000130189944,,,,,,,,,,,,,90.0,
plot_curve,14.19548872180451,0.2793410728292825,0.14102262528206314,0.17248068259414723,,,,,,,,,,,,,90.0,
plot_curve,14.225563909774436,0.2800090076412371,0.14132551445291774,0.1729651919925257,,,,,,,,,,,,,90.0,
plot_curve,14.25563909774436,0.2806798228093806,0.14162970101553513,0.17345354600650575,,,,,,,,,,,,,90.0,
plot_curve,14.285714285714285,0.2813535285282112,0.14193518915289777,0.1739457611455585,,,,,,,,,,,,,90.0,
plot_curve,14.31578947368421,0.2820301349922271,0.14224198304798807,0.17444185391915487,,,,,,,,,,,,,90.0,
plot_curve,14.345864661654135,0.28270965239592655,0.14255008688378842,0.17494184083676592,,,,,,,,,,,,,90.0,
plot_curve,14.375939849624059,0.2833920909338076,0.14285950484328125,0.17544573840786268,,,,,,,,,,,,,90.0,
plot_curve,14.406015037593985,0.2840774608003687,0.14317024110944904,0.1759535631419162,,,,,,,,,,,,,90.0,
plot_curve,14.436090225563909,0.2847657721901079,0.14348229986527414,0.17646533154839744,,,,,,,,,,,,,90.0,
plot_curve,14.466165413533833,0.28545703529752336,0.14379568529373898,0.1769810601367774,,,,,,,,,,,,,90.0,
plot_curve,14.496240601503759,0.2861512603171134,0.144110401577826,0.1775007654165271,,,,,,,,,,,,,90.0,
plot_curve,14.526315789473683,0.28684845744337617,0.14442645290051764,0.17802446389711768,,,,,,,,,,,,,90.0,
plot_curve,14.556390977443609,0.2875486368708099,0.14474384344479627,0.17855217208802004,,,,,,,,,,,,,90.0,
plot_curve,14.586466165413533,0.28825180879391266,0.14506257739364437,0.17908390649870518,,,,,,,,,,,,,90.0,
plot_curve,14.616541353383457,0.2889579834071829,0.14538265893004426,0.17961968363864417,,,,,,,,,,,,,90.0,
plot_curve,14.646616541353383,0.2896671709051186,0.14570409223697847,0.18015952001730812,,,,,,,,,,,,,90.0,
plot_curve,14.676691729323307,0.2903793814822181,0.14602688149742937,0.1807034321441678,,,,,,,,,,,,,90.0,
plot_curve,14.706766917293233,0.29109462533297953,0.1463510308943794,0.1812514365286945,,,,,,,,,,,,,90.0,
plot_curve,14.736842105263158,0.2918129126519011,0.14667654461081092,0.18180354968035903,,,,,,,,,,,,,90.0,
plot_curve,14.766917293233082,0.29253425363348107,0.1470034268297064,0.18235978810863251,,,,,,,,,,,,,90.0,
plot_curve,14.796992481203008,0.29325865847221755,0.14733168173404831,0.182920168322986,,,,,,,,,,,,,90.0,
plot_curve,14.827067669172932,0.29398613736260887,0.14766131350681896,0.18348470683289037,,,,,,,,,,,,,90.0,
plot_curve,14.857142857142856,0.2947167004991531,0.14799232633100085,0.18405342014781678,,,,,,,,,,,,,90.0,
plot_curve,14.887218045112782,0.2954503580763486,0.1483247243895764,0.18462632477723623,,,,,,,,,,,,,90.0,
plot_curve,14.917293233082706,0.29618712028869343,0.14865851186552798,0.1852034372306196,,,,,,,,,,,,,90.0,
plot_curve,14.94736842105263,0.29692699733068584,0.14899369294183804,0.18578477401743806,,,,,,,,,,,,,90.0,
plot_curve,14.977443609022556,0.29766999939682404,0.149330271801489,0.1863703516471626,,,,,,,,,,,,,90.0,
plot_curve,15.00751879699248,0.2984161366816062,0.1496682526274633,0.18696018662926422,,,,,,,,,,,,,90.0,
plot_curve,15.037593984962406,0.2991654193795307,0.15000763960274333,0.1875542954732139,,,,,,,,,,,,,90.0,
plot_curve,15.06766917293233,0.29991785768509543,0.15034843691031147,0.18815269468848267,,,,,,,,,,,,,90.0,
plot_curve,15.097744360902254,0.30067346179279886,0.15069064873315025,0.18875540078454162,,,,,,,,,,,,,90.0,
plot_curve,15.12781954887218,0.30143224189713913,0.151034279254242,0.18936243027086172,,,,,,,,,,,,,90.0,
plot_curve,15.157894736842104,0.30219420819261433,0.15137933265656917,0.1899737996569139,,,,,,,,,,,,,90.0,
plot_curve,15.18796992481203,0.30295937087372277,0.15172581312311423,0.19058952545216937,,,,,,,,,,,,,90.0,
plot_curve,15.218045112781954,0.3037277401349627,0.1520737248368595,0.19120962416609893,,,,,,,,,,,,,90.0,
plot_curve,15.248120300751879,0.30449932617083214,0.15242307198078742,0.19183411230817382,,,,,,,,,,,,,90.0,
plot_curve,15.278195488721805,0.3052741391758295,0.15277385873788052,0.1924630063878649,,,,,,,,,,,,,90.0,
plot_curve,15.308270676691729,0.3060521893444529,0.1531260892911211,0.19309632291464318,,,,,,,,,,,,,90.0,
plot_curve,15.338345864661653,0.30683348687120043,0.1534797678234916,0.1937340783979798,,,,,,,,,,,,,90.0,
plot_curve,15.368421052631579,0.3076180419505705,0.1538348985179745,0.1943762893473457,,,,,,,,,,,,,90.0,
plot_curve,15.398496240601503,0.3084058647770612,0.15419148555755216,0.19502297227221188,,,,,,,,,,,,,90.0,
plot_curve,15.428571428571427,0.30919696554517073,0.15454953312520703,0.19567414368204936,,,,,,,,,,,,,90.0,
plot_curve,15.458646616541353,0.30999135444939735,0.15490904540392153,0.19632982008632924,,,,,,,,,,,,,90.0,
plot_curve,15.488721804511277,0.31078904168423915,0.15527002657667804,0.19699001799452248,,,,,,,,,,,,,90.0,
plot_curve,15.518796992481203,0.31159003744419456,0.15563248082645909,0.1976547539161001,,,,,,,,,,,,,90.0,
plot_curve,15.548872180451127,0.31239435192376147,0.15599641233624695,0.19832404436053308,,,,,,,,,,,,,90.0,
plot_curve,15.578947368421051,0.3132019953174383,0.15636182528902412,0.1989979058372925,,,,,,,,,,,,,90.0,
plot_curve,15.609022556390977,0.31401297781972326,0.15672872386777303,0.19967635485584934,,,,,,,,,,,,,90.0,
plot_curve,15.639097744360901,0.31482730962511446,0.1570971122554761,0.20035940792567458,,,,,,,,,,,,,90.0,
plot_curve,15.669172932330827,0.31564500092811015,0.1574669946351157,0.2010470815562394,,,,,,,,,,,,,90.0,
plot_curve,15.699248120300751,0.3164660619232085,0.1578383751896743,0.20173939225701465,,,,,,,,,,,,,90.0,
plot_curve,15.729323308270676,0.3172905028049077,0.15821125810213432,0.20243635653747136,,,,,,,,,,,,,90.0,
plot_curve,15.759398496240602,0.3181183337677061,0.15858564755547816,0.20313799090708065,,,,,,,,,,,,,90.0,
plot_curve,15.789473684210526,0.3189495650061017,0.15896154773268828,0.20384431187531343,,,,,,,,,,,,,90.0,
plot_curve,15.81954887218045,0.31978420671459284,0.15933896281674698,0.2045553359516408,,,,,,,,,,,,,90.0,
plot_curve,15.849624060150376,0.3206222690876777,0.15971789699063682,0.20527107964553376,,,,,,,,,,,,,90.0,
plot_curve,15.8796992481203,0.32146376231985446,0.16009835443734016,0.20599155946646328,,,,,,,,,,,,,90.0,
plot_curve,15.909774436090224,0.3223086966056213,0.1604803393398394,0.20671679192390036,,,,,,,,,,,,,90.0,
plot_curve,15.93984962406015,0.32315708213947647,0.16086385588111707,0.2074467935273162,,,,,,,,,,,,,90.0,
plot_curve,15.969924812030074,0.32400892911591817,0.16124890824415544,0.2081815807861816,,,,,,,,,,,,,90.0,
plot_curve,16.0,0.3248642477294446,0.16163550061193702,0.2089211702099677,,,,,,,,,,,,,90.0,
plot_curve,4.0,0.14716328573898513,0.08577129234293195,0.11716673220536285,,,,,,,,,,,,,80.0,
plot_curve,4.030075187969925,0.14745900371497173,0.08590016125618105,0.11726562533014433,,,,,,,,,,,,,80.0,
plot_curve,4.06015037593985,0.1477535456829484,0.08602842008097253,0.11736358873329053,,,,,,,,,,,,,80.0,
plot_curve,4.090225563909774,0.14804692539345984,0.08615607625446715,0.11746063000494467,,,,,,,,,,,,,80.0,
plot_curve,4.120300751879699,0.14833915659705071,0.0862831372138257,0.11755675673524998,,,,,,,,,,,,,80.0,
plot_curve,4.150375939849624,0.14863025304426566,0.08640961039620897,0.11765197651434967,,,,,,,,,,,,,80.0,
plot_curve,4.180451127819548,0.1489202284856494,0.08653550323877773,0.11774629693238696,,,,,,,,,,,,,80.0,
plot_curve,4.2105263157894735,0.14920909667174653,0.08666082317869277,0.11783972557950506,,,,,,,,,,,,,80.0,
plot_curve,4.2406015037593985,0.14949687135310183,0.08678557765311488,0.11793227004584722,,,,,,,,,,,,,80.0,
plot_curve,4.2706766917293235,0.1497835662802599,0.08690977409920485,0.11802393792155663,,,,,,,,,,,,,80.0,
plot_curve,4.3007518796992485,0.15006919520376544,0.08703341995412346,0.1181147367967765,,,,,,,,,,,,,80.0,
plot_curve,4.330827067669173,0.1503537718741631,0.08715652265503149,0.11820467426165009,,,,,,,,,,,,,80.0,
plot_curve,4.360902255639098,0.15063731004199757,0.08727908963908973,0.11829375790632059,,,,,,,,,,,,,80.0,
plot_curve,4.390977443609023,0.15091982345781352,0.08740112834345895,0.1183819953209312,,,,,,,,,,,,,80.0,
plot_curve,4.421052631578947,0.1512013258721556,0.08752264620529995,0.11846939409562518,,,,,,,,,,,,,80.0,
plot_curve,4.451127819548872,0.1514818310355685,0.08764365066177351,0.11855596182054572,,,,,,,,,,,,,80.0,
plot_curve,4.481203007518797,0.15176135269859692,0.08776414915004042,0.11864170608583603,,,,,,,,,,,,,80.0,
plot_curve,4.511278195488722,0.15203990461178551,0.08788414910726146,0.11872663448163936,,,,,,,,,,,,,80.0,
plot_curve,4.541353383458647,0.15231750052567894,0.08800365797059741,0.11881075459809892,,,,,,,,,,,,,80.0,
plot_curve,4.571428571428571,0.15259415419082184,0.08812268317720906,0.11889407402535793,,,,,,,,,,,,,80.0,
plot_curve,4.601503759398496,0.15286987935775898,0.0882412321642572,0.11897660035355959,,,,,,,,,,,,,80.0,
plot_curve,4.631578947368421,0.15314468977703494,0.0883593123689026,0.11905834117284714,,,,,,,,,,,,,80.0,
plot_curve,4.661654135338345,0.15341859919919446,0.08847693122830605,0.11913930407336376,,,,,,,,,,,,,80.0,
plot_curve,4.69172932330827,0.15369162137478215,0.08859409617962835,0.11921949664525272,,,,,,,,,,,,,80.0,
plot_curve,4.7218045112781954,0.15396377005434275,0.08871081466003027,0.11929892647865721,,,,,,,,,,,,,80.0,
plot_curve,4.7518796992481205,0.1542350589884209,0.08882709410667258,0.11937760116372045,,,,,,,,,,,,,80.0,
plot_curve,4.7819548872180455,0.15450550192756127,0.08894294195671609,0.11945552829058567,,,,,,,,,,,,,80.0,
plot_curve,4.81203007518797,0.1547751126223085,0.08905836564732159,0.11953271544939609,,,,,,,,,,,,,80.0,
plot_curve,4.842105263157895,0.15504390482320735,0.08917337261564984,0.11960917023029491,,,,,,,,,,,,,80.0,
plot_curve,4.87218045112782,0.1553118922808024,0.08928797029886165,0.11968490022342534,,,,,,,,,,,,,80.0,
plot_curve,4.902255639097744,0.15557908874563836,0.08940216613411776,0.11975991301893064,,,,,,,,,,,,,80.0,
plot_curve,4.932330827067669,0.1558455079682599,0.08951596755857902,0.119834216206954,,,,,,,,,,,,,80.0,
plot_curve,4.962406015037594,0.15611116369921174,0.08962938200940615,0.11990781737763866,,,,,,,,,,,,,80.0,
plot_curve,4.992481203007519,0.15637606968903847,0.08974241692375998,0.1199807241211278,,,,,,,,,,,,,80.0,
plot_curve,5.022556390977444,0.15664023968828483,0.08985507973880127,0.12005294402756467,,,,,,,,,,,,,80.0,
plot_curve,5.052631578947368,0.15690368744749544,0.08996737789169082,0.12012448468709248,,,,,,,,,,,,,80.0,
plot_curve,5.082706766917293,0.15716642671721504,0.0900793188195894,0.12019535368985446,,,,,,,,,,,,,80.0,
plot_curve,5.112781954887218,0.1574284712479882,0.09019090995965781,0.1202655586259938,,,,,,,,,,,,,80.0,
plot_curve,5.142857142857142,0.1576898347903597,0.09030215874905682,0.12033510708565373,,,,,,,,,,,,,80.0,
plot_curve,5.172932330827067,0.15795053109487414,0.09041307262494723,0.12040400665897749,,,,,,,,,,,,,80.0,
plot_curve,5.203007518796992,0.15821057391207624,0.0905236590244898,0.12047226493610828,,,,,,,,,,,,,80.0,
plot_curve,5.2330827067669174,0.15846997699251064,0.09063392538484535,0.12053988950718932,,,,,,,,,,,,,80.0,
plot_curve,5.2631578947368425,0.15872875408672205,0.09074387914317464,0.12060688796236382,,,,,,,,,,,,,80.0,
plot_curve,5.293233082706767,0.15898691894525507,0.09085352773663846,0.12067326789177503,,,,,,,,,,,,,80.0,
plot_curve,5.323308270676692,0.15924448531865443,0.0909628786023976,0.12073903688556614,,,,,,,,,,,,,80.0,
plot_curve,5.353383458646617,0.1595014669574648,0.09107193917761283,0.12080420253388037,,,,,,,,,,,,,80.0,
plot_curve,5.383458646616541,0.15975787761223087,0.09118071689944494,0.12086877242686095,,,,,,,,,,,,,80.0,
plot_curve,5.413533834586466,0.16001373103349725,0.09128921920505473,0.12093275415465107,,,,,,,,,,,,,80.0,
plot_curve,5.443609022556391,0.16026904097180866,0.09139745353160297,0.12099615530739401,,,,,,,,,,,,,80.0,
plot_curve,5.473684210526316,0.16052382117770977,0.09150542731625044,0.12105898347523292,,,,,,,,,,,,,80.0,
plot_curve,5.503759398496241,0.16077808540174524,0.09161314799615794,0.12112124624831105,,,,,,,,,,,,,80.0,
plot_curve,5.533834586466165,0.16103184739445975,0.09172062300848625,0.12118295121677164,,,,,,,,,,,,,80.0,
plot_curve,5.56390977443609,0.16128512090639796,0.09182785979039615,0.12124410597075787,,,,,,,,,,,,,80.0,
plot_curve,5.593984962406015,0.16153791968810458,0.09193486577904843,0.12130471810041298,,,,,,,,,,,,,80.0,
plot_curve,5.624060150375939,0.1617902574901242,0.09204164841160387,0.12136479519588017,,,,,,,,,,,,,80.0,
plot_curve,5.654135338345864,0.1620421480630016,0.09214821512522325,0.12142434484730269,,,,,,,,,,,,,80.0,
plot_curve,5.684210526315789,0.16229360515728142,0.09225457335706735,0.12148337464482373,,,,,,,,,,,,,80.0,
plot_curve,5.714285714285714,0.16254464252350825,0.092360730544297,0.12154189217858652,,,,,,,,,,,,,80.0,
plot_curve,5.7443609022556394,0.16279527391222687,0.09246669412407292,0.12159990503873427,,,,,,,,,,,,,80.0,
plot_curve,5.774436090225564,0.1630455130739819,0.09257247153355593,0.12165742081541021,,,,,,,,,,,,,80.0,
plot_curve,5.804511278195489,0.16329537375931802,0.09267807020990682,0.12171444709875756,,,,,,,,,,,,,80.0,
plot_curve,5.834586466165414,0.16354486971877988,0.09278349759028634,0.12177099147891954,,,,,,,,,,,,,80.0,
plot_curve,5.864661654135338,0.1637940147029122,0.09288876111185532,0.12182706154603935,,,,,,,,,,,,,80.0,
plot_curve,5.894736842105263,0.16404282246225962,0.09299386821177451,0.12188266489026023,,,,,,,,,,,,,80.0,
plot_curve,5.924812030075188,0.16429130674736683,0.0930988263272047,0.12193780910172539,,,,,,,,,,,,,80.0,
plot_curve,5.954887218045113,0.1645394813087785,0.0932036428953067,0.12199250177057802,,,,,,,,,,,,,80.0,
plot_curve,5.984962406015038,0.1647873598970393,0.09330832535324127,0.12204675048696138,,,,,,,,,,,,,80.0,
plot_curve,6.015037593984962,0.16503495626269388,0.0934128811381692,0.1221005628410187,,,,,,,,,,,,,80.0,
plot_curve,6.045112781954887,0.16528228415628693,0.09351731768725129,0.12215394642289315,,,,,,,,,,,,,80.0,
plot_curve,6.075187969924812,0.16552935732836316,0.09362164243764828,0.12220690882272797,,,,,,,,,,,,,80.0,
plot_curve,6.105263157894736,0.16577618952946716,0.09372586282652101,0.12225945763066638,,,,,,,,,,,,,80.0,
plot_curve,6.135338345864661,0.16602279451014368,0.09382998629103023,0.1223116004368516,,,,,,,,,,,,,80.0,
plot_curve,6.165413533834586,0.16626918602093735,0.09393402026833675,0.12236334483142686,,,,,,,,,,,,,80.0,
plot_curve,6.195488721804511,0.1665153778123929,0.09403797219560131,0.12241469840453535,,,,,,,,,,,,,80.0,
plot_curve,6.225563909774436,0.16676138363505488,0.09414184950998475,0.12246566874632031,,,,,,,,,,,,,80.0,
plot_curve,6.2556390977443606,0.1670072172394681,0.09424565964864781,0.12251626344692496,,,,,,,,,,,,,80.0,
plot_curve,6.285714285714286,0.16725289237617713,0.0943494100487513,0.12256649009649251,,,,,,,,,,,,,80.0,
plot_curve,6.315789473684211,0.16749842279572674,0.094453108147456,0.12261635628516618,,,,,,,,,,,,,80.0,
plot_curve,6.345864661654135,0.16774382224866152,0.09455676138192269,0.12266586960308917,,,,,,,,,,,,,80.0,
plot_curve,6.37593984962406,0.16798910448552618,0.09466037718931217,0.12271503764040474,,,,,,,,,,,,,80.0,
plot_curve,6.406015037593985,0.16823428325686535,0.09476396300678519,0.12276386798725608,,,,,,,,,,,,,80.0,
plot_curve,6.43609022556391,0.16847937231322377,0.09486752627150256,0.12281236823378641,,,,,,,,,,,,,80.0,
plot_curve,6.466165413533835,0.16872438540514606,0.09497107442062507,0.12286054597013896,,,,,,,,,,,,,80.0,
plot_curve,6.496240601503759,0.16896933628317695,0.0950746148913135,0.12290840878645694,,,,,,,,,,,,,80.0,
plot_curve,6.526315789473684,0.16921423869786106,0.09517815512072861,0.12295596427288356,,,,,,,,,,,,,80.0,
plot_curve,6.556390977443609,0.16945910639974304,0.09528170254603122,0.12300322001956207,,,,,,,,,,,,,80.0,
plot_curve,6.586466165413533,0.16970395313936762,0.09538526460438208,0.12305018361663564,,,,,,,,,,,,,80.0,
plot_curve,6.616541353383458,0.16994879266727947,0.09548884873294203,0.12309686265424753,,,,,,,,,,,,,80.0,
plot_curve,6.646616541353383,0.1701936387340232,0.09559246236887178,0.12314326472254096,,,,,,,,,,,,,80.0,
plot_curve,6.676691729323308,0.1704385050901436,0.09569611294933217,0.12318939741165912,,,,,,,,,,,,,80.0,
plot_curve,6.706766917293233,0.1706834054861852,0.09579980791148397,0.12323526831174524,,,,,,,,,,,,,80.0,
plot_curve,6.7368421052631575,0.1709283536726928,0.09590355469248796,0.12328088501294254,,,,,,,,,,,,,80.0,
plot_curve,6.7669172932330826,0.171173363400211,0.09600736072950491,0.12332625510539424,,,,,,,,,,,,,80.0,
plot_curve,6.796992481203008,0.17141844841928447,0.09611123345969566,0.12337138617924355,,,,,,,,,,,,,80.0,
plot_curve,6.827067669172932,0.1716636224804579,0.09621518032022092,0.12341628582463371,,,,,,,,,,,,,80.0,
plot_curve,6.857142857142857,0.171908899334276,0.09631920874824153,0.12346096163170793,,,,,,,,,,,,,80.0,
plot_curve,6.887218045112782,0.17215429273128335,0.09642332618091824,0.12350542119060941,,,,,,,,,,,,,80.0,
plot_curve,6.917293233082707,0.17239981642202473,0.09652754005541186,0.12354967209148138,,,,,,,,,,,,,80.0,
plot_curve,6.947368421052632,0.17264548415704473,0.09663185780888317,0.12359372192446708,,,,,,,,,,,,,80.0,
plot_curve,6.977443609022556,0.17289130968688807,0.09673628687849295,0.12363757827970968,,,,,,,,,,,,,80.0,
plot_curve,7.007518796992481,0.17313730676209937,0.09684083470140196,0.12368124874735244,,,,,,,,,,,,,80.0,
plot_curve,7.037593984962406,0.17338348913322338,0.09694550871477103,0.12372474091753856,,,,,,,,,,,,,80.0,
plot_curve,7.06766917293233,0.17362987055080475,0.09705031635576092,0.12376806238041128,,,,,,,,,,,,,80.0,
plot_curve,7.097744360902255,0.1738764647653881,0.09715526506153241,0.12381122072611381,,,,,,,,,,,,,80.0,
plot_curve,7.12781954887218,0.17412328552751816,0.09726036226924631,0.12385422354478934,,,,,,,,,,,,,80.0,
plot_curve,7.157894736842105,0.17437034658773953,0.09736561541606337,0.12389707842658113,,,,,,,,,,,,,80.0,
plot_curve,7.18796992481203,0.17461766169659698,0.09747103193914441,0.12393979296163235,,,,,,,,,,,,,80.0,
plot_curve,7.2180451127819545,0.17486524460463512,0.09757661927565017,0.12398237474008628,,,,,,,,,,,,,80.0,
plot_curve,7.2481203007518795,0.17511310906239866,0.09768238486274147,0.12402483135208608,,,,,,,,,,,,,80.0,
plot_curve,7.2781954887218046,0.1753612688204322,0.0977883361375791,0.12406717038777501,,,,,,,,,,,,,80.0,
plot_curve,7.308270676691729,0.1756097376292805,0.09789448053732382,0.12410939943729626,,,,,,,,,,,,,80.0,
plot_curve,7.338345864661654,0.1758585292394882,0.09800082549913643,0.12415152609079308,,,,,,,,,,,,,80.0,
plot_curve,7.368421052631579,0.17610765740159995,0.0981073784601777,0.12419355793840867,,,,,,,,,,,,,80.0,
plot_curve,7.398496240601504,0.17635713586616047,0.09821414685760843,0.12423550257028623,,,,,,,,,,,,,80.0,
plot_curve,7.428571428571429,0.17660697838371436,0.09832113812858939,0.12427736757656901,,,,,,,,,,,,,80.0,
plot_curve,7.458646616541353,0.17685719870480637,0.09842835971028138,0.12431916054740022,,,,,,,,,,,,,80.0,
plot_curve,7.488721804511278,0.17710781057998115,0.09853581903984518,0.12436088907292306,,,,,,,,,,,,,80.0,
plot_curve,7.518796992481203,0.17735882775978334,0.09864352355444159,0.12440256074328078,,,,,,,,,,,,,80.0,
plot_curve,7.548872180451127,0.1776102639947576,0.09875148069123135,0.12444418314861658,,,,,,,,,,,,,80.0,
plot_curve,7.578947368421052,0.17786213303544868,0.09885969788737528,0.12448576387907367,,,,,,,,,,,,,80.0,
plot_curve,7.609022556390977,0.17811444863240122,0.09896818258003415,0.12452731052479529,,,,,,,,,,,,,80.0,
plot_curve,7.639097744360902,0.17836722453615986,0.09907694220636876,0.12456883067592464,,,,,,,,,,,,,80.0,
plot_curve,7.669172932330827,0.1786204744972693,0.09918598420353988,0.12461033192260496,,,,,,,,,,,,,80.0,
plot_curve,7.6992481203007515,0.1788742122662742,0.0992953160087083,0.12465182185497944,,,,,,,,,,,,,80.0,
plot_curve,7.7293233082706765,0.17912845159371923,0.09940494505903481,0.12469330806319132,,,,,,,,,,,,,80.0,
plot_curve,7.7593984962406015,0.17938320623014908,0.0995148787916802,0.1247347981373838,,,,,,,,,,,,,80.0,
plot_curve,7.789473684210526,0.17963848992610842,0.09962512464380521,0.12477629966770014,,,,,,,,,,,,,80.0,
plot_curve,7.819548872180451,0.17989431643214193,0.0997356900525707,0.1248178202442835,,,,,,,,,,,,,80.0,
plot_curve,7.849624060150376,0.18015069949879428,0.09984658245513739,0.12485936745727715,,,,,,,,,,,,,80.0,
plot_curve,7.879699248120301,0.1804076528766101,0.0999578092886661,0.12490094889682427,,,,,,,,,,,,,80.0,
plot_curve,7.909774436090226,0.18066519031613412,0.10006937799031759,0.1249425721530681,,,,,,,,,,,,,80.0,
plot_curve,7.93984962406015,0.18092332556791096,0.10018129599725266,0.12498424481615185,,,,,,,,,,,,,80.0,
plot_curve,7.969924812030075,0.18118207238248535,0.10029357074663209,0.12502597447621874,,,,,,,,,,,,,80.0,
plot_curve,8.0,0.18144144451040195,0.10040620967561667,0.12506776872341202,,,,,,,,,,,,,80.0,
plot_curve,8.030075187969924,0.18170145570220536,0.10051922022136718,0.12510963514787485,,,,,,,,,,,,,80.0,
plot_curve,8.060150375939848,0.18196211970844034,0.10063260982104441,0.12515158133975046,,,,,,,,,,,,,80.0,
plot_curve,8.090225563909774,0.18222345027965153,0.10074638591180915,0.12519361488918213,,,,,,,,,,,,,80.0,
plot_curve,8.1203007518797,0.18248546116638364,0.10086055593082216,0.12523574338631302,,,,,,,,,,,,,80.0,
plot_curve,8.150375939849624,0.18274816611918127,0.10097512731524425,0.12527797442128635,,,,,,,,,,,,,80.0,
plot_curve,8.180451127819548,0.1830115788885891,0.10109010750223618,0.12532031558424536,,,,,,,,,,,,,80.0,
plot_curve,8.210526315789473,0.18327571322515185,0.10120550392895875,0.12536277446533325,,,,,,,,,,,,,80.0,
plot_curve,8.240601503759398,0.18354058287941422,0.10132132403257275,0.12540535865469327,,,,,,,,,,,,,80.0,
plot_curve,8.270676691729323,0.1838062016019208,0.10143757525023896,0.1254480757424686,,,,,,,,,,,,,80.0,
plot_curve,8.300751879699249,0.18407258314321634,0.10155426501911817,0.1254909333188025,,,,,,,,,,,,,80.0,
plot_curve,8.330827067669173,0.18433974125384542,0.10167140077637114,0.12553393897383813,,,,,,,,,,,,,80.0,
plot_curve,8.360902255639097,0.18460768968435276,0.10178898995915867,0.1255771002977188,,,,,,,,,,,,,80.0,
plot_curve,8.390977443609023,0.1848764421852831,0.10190704000464157,0.1256204248805876,,,,,,,,,,,,,80.0,
plot_curve,8.421052631578947,0.185146012507181,0.10202555834998059,0.12566392031258788,,,,,,,,,,,,,80.0,
plot_curve,8.451127819548873,0.1854164144005912,0.10214455243233653,0.1257075941838628,,,,,,,,,,,,,80.0,
plot_curve,8.481203007518797,0.18568766161605835,0.10226402968887016,0.12575145408455554,,,,,,,,,,,,,80.0,
plot_curve,8.511278195488721,0.18595976790412713,0.10238399755674228,0.12579550760480934,,,,,,,,,,,,,80.0,
plot_curve,8.541353383458645,0.1862327470153422,0.10250446347311368,0.12583976233476749,,,,,,,,,,,,,80.0,
plot_curve,8.571428571428571,0.18650661270024826,0.10262543487514511,0.12588422586457312,,,,,,,,,,,,,80.0,
plot_curve,8.601503759398497,0.18678137870939,0.1027469191999974,0.1259289057843695,,,,,,,,,,,,,80.0,
plot_curve,8.631578947368421,0.18705705879331203,0.10286892388483132,0.12597380968429983,,,,,,,,,,,,,80.0,
plot_curve,8.661654135338345,0.18733366670255902,0.10299145636680762,0.12601894515450732,,,,,,,,,,,,,80.0,
plot_curve,8.69172932330827,0.18761121618767568,0.10311452408308712,0.12606431978513521,,,,,,,,,,,,,80.0,
plot_curve,8.721804511278195,0.1878897209992067,0.1032381344708306,0.12610994116632668,,,,,,,,,,,,,80.0,
plot_curve,8.75187969924812,0.18816919488769673,0.10336229496719887,0.126155816888225,,,,,,,,,,,,,80.0,
plot_curve,8.781954887218046,0.18844965160369045,0.10348701300935266,0.12620195454097338,,,,,,,,,,,,,80.0,
plot_curve,8.81203007518797,0.1887311048977325,0.10361229603445278,0.12624836171471499,,,,,,,,,,,,,80.0,
plot_curve,8.842105263157894,0.1890135685203676,0.10373815147966002,0.12629504599959307,,,,,,,,,,,,,80.0,
plot_curve,8.87218045112782,0.18929705622214038,0.10386458678213517,0.12634201498575087,,,,,,,,,,,,,80.0,
plot_curve,8.902255639097744,0.18958158175359557,0.10399160937903901,0.1263892762633316,,,,,,,,,,,,,80.0,
plot_curve,8.93233082706767,0.18986715886527777,0.1041192267075323,0.12643683742247847,,,,,,,,,,,,,80.0,
plot_curve,8.962406015037594,0.19015380130773168,0.10424744620477586,0.12648470605333467,,,,,,,,,,,,,80.0,
plot_curve,8.992481203007518,0.190441522831502,0.10437627530793045,0.12653288974604343,,,,,,,,,,,,,80.0,
plot_curve,9.022556390977442,0.1907303371871334,0.10450572145415685,0.12658139609074803,,,,,,,,,,,,,80.0,
plot_curve,9.052631578947368,0.1910202581251705,0.10463579208061588,0.1266302326775916,,,,,,,,,,,,,80.0,
plot_curve,9.082706766917294,0.19131129939615804,0.1047664946244683,0.12667940709671743,,,,,,,,,,,,,80.0,
plot_curve,9.112781954887218,0.19160347475064066,0.1048978365228749,0.1267289269382687,,,,,,,,,,,,,80.0,
plot_curve,9.142857142857142,0.191896797939163,0.10502982521299645,0.12677879979238862,,,,,,,,,,,,,80.0,
plot_curve,9.172932330827066,0.19219128271226982,0.10516246813199376,0.12682903324922046,,,,,,,,,,,,,80.0,
plot_curve,9.203007518796992,0.19248694282050569,0.1052957727170276,0.12687963489890736,,,,,,,,,,,,,80.0,
plot_curve,9.233082706766917,0.19278379201441537,0.10542974640525876,0.12693061233159258,,,,,,,,,,,,,80.0,
plot_curve,9.263157894736842,0.19308184404454345,0.105564396633848,0.12698197313741938,,,,,,,,,,,,,80.0,
plot_curve,9.293233082706767,0.19338111266143468,0.10569973083995615,0.12703372490653092,,,,,,,,,,,,,80.0,
plot_curve,9.32330827067669,0.1936816116156337,0.10583575646074396,0.12708587522907044,,,,,,,,,,,,,80.0,
plot_curve,9.353383458646617,0.19398335465768518,0.10597248093337222,0.1271384316951812,,,,,,,,,,,,,80.0,
plot_curve,9.38345864661654,0.19428635553813378,0.10610991169500172,0.12719140189500633,,,,,,,,,,,,,80.0,
plot_curve,9.413533834586467,0.1945906280075242,0.10624805618279326,0.12724479341868908,,,,,,,,,,,,,80.0,
plot_curve,9.443609022556391,0.19489618581640109,0.10638692183390758,0.1272986138563727,,,,,,,,,,,,,80.0,
plot_curve,9.473684210526315,0.19520304271530914,0.10652651608550551,0.1273528707982004,,,,,,,,,,,,,80.0,
plot_curve,9.50375939849624,0.195511212454793,0.10666684637474781,0.12740757183431536,,,,,,,,,,,,,80.0,
plot_curve,9.533834586466165,0.19582070878539737,0.10680792013879528,0.12746272455486085,,,,,,,,,,,,,80.0,
plot_curve,9.563909774436091,0.19613154545766695,0.1069497448148087,0.12751833654998007,,,,,,,,,,,,,80.0,
plot_curve,9.593984962406015,0.1964437362221463,0.10709232783994886,0.12757441540981623,,,,,,,,,,,,,80.0,
plot_curve,9.62406015037594,0.1967572948293802,0.10723567665137652,0.12763096872451257,,,,,,,,,,,,,80.0,
plot_curve,9.654135338345863,0.1970722350299133,0.10737979868625248,0.12768800408421227,,,,,,,,,,,,,80.0,
plot_curve,9.68421052631579,0.19738857057429027,0.10752470138173753,0.1277455290790586,,,,,,,,,,,,,80.0,
plot_curve,9.714285714285714,0.19770631521305576,0.10767039217499247,0.1278035512991947,,,,,,,,,,,,,80.0,
plot_curve,9.74436090225564,0.19802548269675446,0.10781687850317805,0.12786207833476387,,,,,,,,,,,,,80.0,
plot_curve,9.774436090225564,0.19834608677593102,0.10796416780345505,0.1279211177759093,,,,,,,,,,,,,80.0,
plot_curve,9.804511278195488,0.19866814120113013,0.10811226751298429,0.1279806772127742,,,,,,,,,,,,,80.0,
plot_curve,9.834586466165414,0.1989916597228965,0.10826118506892654,0.1280407642355018,,,,,,,,,,,,,80.0,
plot_curve,9.864661654135338,0.19931665609177474,0.10841092790844259,0.1281013864342353,,,,,,,,,,,,,80.0,
plot_curve,9.894736842105264,0.19964314405830957,0.10856150346869321,0.12816255139911795,,,,,,,,,,,,,80.0,
plot_curve,9.924812030075188,0.19997113737304562,0.1087129191868392,0.12822426672029294,,,,,,,,,,,,,80.0,
plot_curve,9.954887218045112,0.20030064978652762,0.10886518250004132,0.12828653998790351,,,,,,,,,,,,,80.0,
plot_curve,9.984962406015036,0.20063169504930017,0.10901830084546038,0.12834937879209285,,,,,,,,,,,,,80.0,
plot_curve,10.015037593984962,0.20096428691190799,0.10917228166025716,0.12841279072300418,,,,,,,,,,,,,80.0,
plot_curve,10.045112781954888,0.20129843912489576,0.10932713238159245,0.12847678337078078,,,,,,,,,,,,,80.0,
plot_curve,10.075187969924812,0.20163416543880813,0.10948286044662701,0.1285413643255658,,,,,,,,,,,,,80.0,
plot_curve,10.105263157894736,0.20197147960418976,0.10963947329252163,0.12860654117750245,,,,,,,,,,,,,80.0,
plot_curve,10.13533834586466,0.20231039537158535,0.10979697835643713,0.128672321516734,,,,,,,,,,,,,80.0,
plot_curve,10.165413533834586,0.20265092649153957,0.10995538307553426,0.12873871293340367,,,,,,,,,,,,,80.0,
plot_curve,10.19548872180451,0.2029930867145971,0.11011469488697381,0.12880572301765464,,,,,,,,,,,,,80.0,
plot_curve,10.225563909774436,0.20333688979130254,0.1102749212279166,0.12887335935963015,,,,,,,,,,,,,80.0,
plot_curve,10.25563909774436,0.20368234947220068,0.11043606953552335,0.1289416295494734,,,,,,,,,,,,,80.0,
plot_curve,10.285714285714285,0.20402947950783612,0.11059814724695488,0.12901054117732763,,,,,,,,,,,,,80.0,
plot_curve,10.31578947368421,0.20437829364875354,0.11076116179937198,0.12908010183333607,,,,,,,,,,,,,80.0,
plot_curve,10.345864661654135,0.2047288056454976,0.11092512062993543,0.1291503191076419,,,,,,,,,,,,,80.0,
plot_curve,10.37593984962406,0.20508102924861304,0.11109003117580601,0.12922120059038839,,,,,,,,,,,,,80.0,
plot_curve,10.406015037593985,0.20543497820864448,0.1112559008741445,0.12929275387171868,,,,,,,,,,,,,80.0,
plot_curve,10.436090225563909,0.20579066627613657,0.1114227371621117,0.12936498654177608,,,,,,,,,,,,,80.0,
plot_curve,10.466165413533833,0.206148107201634,0.11159054747686836,0.12943790619070372,,,,,,,,,,,,,80.0,
plot_curve,10.496240601503759,0.20650731473568146,0.11175933925557532,0.1295115204086449,,,,,,,,,,,,,80.0,
plot_curve,10.526315789473685,0.20686830262882366,0.11192911993539334,0.1295858367857428,,,,,,,,,,,,,80.0,
plot_curve,10.556390977443609,0.20723108463160517,0.11209989695348319,0.1296608629121406,,,,,,,,,,,,,80.0,
plot_curve,10.586466165413533,0.20759567449457073,0.11227167774700565,0.12973660637798157,,,,,,,,,,,,,80.0,
plot_curve,10.616541353383457,0.20796208596826504,0.11244446975312153,0.12981307477340895,,,,,,,,,,,,,80.0,
plot_curve,10.646616541353383,0.2083303328032327,0.1126182804089916,0.12989027568856593,,,,,,,,,,,,,80.0,
plot_curve,10.676691729323307,0.20870042875001843,0.11279311715177667,0.12996821671359568,,,,,,,,,,,,,80.0,
plot_curve,10.706766917293233,0.2090723875591669,0.11296898741863748,0.13004690543864147,,,,,,,,,,,,,80.0,
plot_curve,10.736842105263158,0.20944622298122278,0.11314589864673485,0.13012634945384655,,,,,,,,,,,,,80.0,
plot_curve,10.766917293233082,0.20982194876673071,0.11332385827322954,0.13020655634935405,,,,,,,,,,,,,80.0,
plot_curve,10.796992481203008,0.2101995786662354,0.11350287373528234,0.13028753371530727,,,,,,,,,,,,,80.0,
plot_curve,10.827067669172932,0.2105791264302815,0.11368295247005406,0.13036928914184942,,,,,,,,,,,,,80.0,
plot_curve,10.857142857142858,0.21096060580941373,0.11386410191470547,0.13045183021912365,,,,,,,,,,,,,80.0,
plot_curve,10.887218045112782,0.21134403055417672,0.11404632950639734,0.13053516453727323,,,,,,,,,,,,,80.0,
plot_curve,10.917293233082706,0.2117294144151151,0.11422964268229047,0.1306192996864414,,,,,,,,,,,,,80.0,
plot_curve,10.94736842105263,0.2121167711427736,0.11441404887954562,0.13070424325677132,,,,,,,,,,,,,80.0,
plot_curve,10.977443609022556,0.21250611448769693,0.11459955553532361,0.13079000283840625,,,,,,,,,,,,,80.0,
plot_curve,11.007518796992482,0.2128974582004297,0.11478617008678522,0.1308765860214894,,,,,,,,,,,,,80.0,
plot_curve,11.037593984962406,0.21329081603151662,0.11497389997109121,0.13096400039616402,,,,,,,,,,,,,80.0,
plot_curve,11.06766917293233,0.21368620173150232,0.11516275262540238,0.13105225355257327,,,,,,,,,,,,,80.0,
plot_curve,11.097744360902254,0.21408362905093148,0.1153527354868795,0.13114135308086036,,,,,,,,,,,,,80.0,
plot_curve,11.12781954887218,0.21448311174034881,0.1155438559926834,0.13123130657116858,,,,,,,,,,,,,80.0,
plot_curve,11.157894736842104,0.21488466355029895,0.11573612157997482,0.1313221216136411,,,,,,,,,,,,,80.0,
plot_curve,11.18796992481203,0.2152882982313266,0.11592953968591455,0.13141380579842118,,,,,,,,,,,,,80.0,
plot_curve,11.218045112781954,0.21569402953397637,0.11612411774766337,0.13150636671565197,,,,,,,,,,,,,80.0,
plot_curve,11.248120300751879,0.216101871208793,0.11631986320238208,0.13159981195547676,,,,,,,,,,,,,80.0,
plot_curve,11.278195488721805,0.2165118370063212,0.11651678348723149,0.13169414910803873,,,,,,,,,,,,,80.0,
plot_curve,11.308270676691729,0.21692394067710552,0.11671488603937233,0.1317893857634811,,,,,,,,,,,,,80.0,
plot_curve,11.338345864661655,0.21733819597169074,0.11691417829596543,0.13188552951194707,,,,,,,,,,,,,80.0,
plot_curve,11.368421052631579,0.21775461664062146,0.11711466769417153,0.1319825879435799,,,,,,,,,,,,,80.0,
plot_curve,11.398496240601503,0.21817321643444237,0.11731636167115145,0.13208056864852274,,,,,,,,,,,,,80.0,
plot_curve,11.428571428571427,0.21859400910369814,0.11751926766406595,0.13217947921691894,,,,,,,,,,,,,80.0,
plot_curve,11.458646616541353,0.2190170083989335,0.11772339311007585,0.13227932723891161,,,,,,,,,,,,,80.0,
plot_curve,11.488721804511279,0.21944222807069308,0.11792874544634192,0.132380120304644,,,,,,,,,,,,,80.0,
plot_curve,11.518796992481203,0.21986968186952155,0.11813533211002492,0.1324818660042593,,,,,,,,,,,,,80.0,
plot_curve,11.548872180451127,0.22029938354596357,0.11834316053828564,0.13258457192790077,,,,,,,,,,,,,80.0,
plot_curve,11.578947368421051,0.22073134685056378,0.11855223816828489,0.13268824566571158,,,,,,,,,,,,,80.0,
plot_curve,11.609022556390977,0.221165585533867,0.11876257243718345,0.13279289480783502,,,,,,,,,,,,,80.0,
plot_curve,11.639097744360901,0.22160211334641772,0.11897417078214209,0.13289852694441429,,,,,,,,,,,,,80.0,
plot_curve,11.669172932330827,0.22204094403876073,0.11918704064032162,0.13300514966559254,,,,,,,,,,,,,80.0,
plot_curve,11.699248120300751,0.2224820913614407,0.11940118944888278,0.13311277056151305,,,,,,,,,,,,,80.0,
plot_curve,11.729323308270676,0.22292556906500222,0.11961662464498637,0.13322139722231902,,,,,,,,,,,,,80.0,
plot_curve,11.759398496240602,0.22337139089999003,0.11983335366579323,0.13333103723815368,,,,,,,,,,,,,80.0,
plot_curve,11.789473684210526,0.22381957061694874,0.12005138394846404,0.13344169819916024,,,,,,,,,,,,,80.0,
plot_curve,11.819548872180452,0.22427012196642315,0.1202707229301597,0.13355338769548192,,,,,,,,,,,,,80.0,
plot_curve,11.849624060150376,0.2247230586989578,0.1204913780480409,0.13366611331726194,,,,,,,,,,,,,80.0,
plot_curve,11.8796992481203,0.22517839456509742,0.12071335673926849,0.13377988265464352,,,,,,,,,,,,,80.0,
plot_curve,11.909774436090224,0.22563614331538673,0.1209366664410032,0.13389470329776987,,,,,,,,,,,,,80.0,
plot_curve,11.93984962406015,0.22609631870037028,0.12116131459040588,0.13401058283678421,,,,,,,,,,,,,80.0,
plot_curve,11.969924812030076,0.22655893447059283,0.12138730862463726,0.13412752886182977,,,,,,,,,,,,,80.0,
plot_curve,12.0,0.22702400437659903,0.12161465598085813,0.13424554896304977,,,,,,,,,,,,,80.0,
plot_curve,12.030075187969924,0.22749154216893358,0.12184336409622928,0.1343646507305874,,,,,,,,,,,,,80.0,
plot_curve,12.060150375939848,0.22796156159814113,0.12207344040791152,0.13448484175458592,,,,,,,,,,,,,80.0,
plot_curve,12.090225563909774,0.22843407641476637,0.1223048923530656,0.13460612962518853,,,,,,,,,,,,,80.0,
plot_curve,12.120300751879698,0.2289091003693539,0.12253772736885235,0.13472852193253843,,,,,,,,,,,,,80.0,
plot_curve,12.150375939849624,0.2293866472124485,0.12277195289243252,0.13485202626677886,,,,,,,,,,,,,80.0,
plot_curve,12.180451127819548,0.22986673069459473,0.12300757636096687,0.13497665021805302,,,,,,,,,,,,,80.0,
plot_curve,12.210526315789473,0.23034936456633737,0.12324460521161623,0.13510240137650414,,,,,,,,,,,,,80.0,
plot_curve,12.240601503759398,0.23083456257822105,0.12348304688154137,0.13522928733227546,,,,,,,,,,,,,80.0,
plot_curve,12.270676691729323,0.23132233848079037,0.12372290880790307,0.1353573156755102,,,,,,,,,,,,,80.0,
plot_curve,12.300751879699249,0.2318127060245902,0.12396419842786213,0.13548649399635154,,,,,,,,,,,,,80.0,
plot_curve,12.330827067669173,0.23230567896016496,0.1242069231785793,0.1356168298849427,,,,,,,,,,,,,80.0,
plot_curve,12.360902255639097,0.23280127103805948,0.12445109049721541,0.1357483309314269,,,,,,,,,,,,,80.0,
plot_curve,12.390977443609023,0.23329949600881844,0.12469670782093122,0.1358810047259474,,,,,,,,,,,,,80.0,
plot_curve,12.421052631578947,0.23380036762298645,0.1249437825868875,0.1360148588586474,,,,,,,,,,,,,80.0,
plot_curve,12.451127819548871,0.23430389963110815,0.12519232223224505,0.1361499009196701,,,,,,,,,,,,,80.0,
plot_curve,12.481203007518797,0.23481010578372835,0.12544233419416467,0.13628613849915872,,,,,,,,,,,,,80.0,
plot_curve,12.511278195488721,0.23531899983139154,0.12569382590980713,0.1364235791872565,,,,,,,,,,,,,80.0,
plot_curve,12.541353383458645,0.23583059552464258,0.1259468048163332,0.13656223057410663,,,,,,,,,,,,,80.0,
plot_curve,12.571428571428571,0.23634490661402602,0.1262012783509037,0.13670210024985235,,,,,,,,,,,,,80.0,
plot_curve,12.601503759398495,0.23686194685008655,0.1264572539506794,0.13684319580463689,,,,,,,,,,,,,80.0,
plot_curve,12.631578947368421,0.23738172998336893,0.12671473905282105,0.13698552482860343,,,,,,,,,,,,,80.0,
plot_curve,12.661654135338345,0.2379042697644177,0.1269737410944895,0.13712909491189523,,,,,,,,,,,,,80.0,
plot_curve,12.69172932330827,0.23842957994377761,0.12723426751284544,0.1372739136446555,,,,,,,,,,,,,80.0,
plot_curve,12.721804511278195,0.23895767427199333,0.12749632574504977,0.13741998861702742,,,,,,,,,,,,,80.0,
plot_curve,12.75187969924812,0.23948856649960953,0.12775992322826318,0.13756732741915423,,,,,,,,,,,,,80.0,
plot_curve,12.781954887218046,0.24002227037717083,0.12802506739964653,0.13771593764117918,,,,,,,,,,,,,80.0,
plot_curve,12.81203007518797,0.24055879965522198,0.12829176569636053,0.13786582687324545,,,,,,,,,,,,,80.0,
plot_curve,12.842105263157894,0.24109816808430762,0.12856002555556603,0.13801700270549627,,,,,,,,,,,,,80.0,
plot_curve,12.87218045112782,0.2416403894149724,0.1288298544144238,0.1381694727280749,,,,,,,,,,,,,80.0,
plot_curve,12.902255639097744,0.24218547739776103,0.12910125971009456,0.13832324453112446,,,,,,,,,,,,,80.0,
plot_curve,12.932330827067668,0.2427334457832181,0.12937424887973917,0.13847832570478824,,,,,,,,,,,,,80.0,
plot_curve,12.962406015037594,0.24328430832188846,0.12964882936051841,0.13863472383920947,,,,,,,,,,,,,80.0,
plot_curve,12.992481203007518,0.24383807876431657,0.129925008589593,0.13879244652453132,,,,,,,,,,,,,80.0,
plot_curve,13.022556390977442,0.24439477086104727,0.1302027940041238,0.13895150135089704,,,,,,,,,,,,,80.0,
plot_curve,13.052631578947368,0.24495439836262517,0.13048219304127157,0.13911189590844986,,,,,,,,,,,,,80.0,
plot_curve,13.082706766917292,0.2455169750195949,0.13076321313819705,0.13927363778733298,,,,,,,,,,,,,80.0,
plot_curve,13.112781954887218,0.2460825145825012,0.13104586173206112,0.1394367345776896,,,,,,,,,,,,,80.0,
plot_curve,13.142857142857142,0.24665103080188866,0.13133014626002446,0.13960119386966297,,,,,,,,,,,,,80.0,
plot_curve,13.172932330827066,0.24722253742830208,0.13161607415924792,0.13976702325339627,,,,,,,,,,,,,80.0,
plot_curve,13.203007518796992,0.24779704821228604,0.13190365286689226,0.1399342303190328,,,,,,,,,,,,,80.0,
plot_curve,13.233082706766917,0.2483745769043852,0.1321928898201183,0.14010282265671567,,,,,,,,,,,,,80.0,
plot_curve,13.263157894736842,0.24895513725514434,0.13248379245608677,0.14027280785658816,,,,,,,,,,,,,80.0,
plot_curve,13.293233082706767,0.24953874301510798,0.13277636821195848,0.1404441935087935,,,,,,,,,,,,,80.0,
plot_curve,13.32330827067669,0.25012540793482085,0.1330706245248942,0.14061698720347487,,,,,,,,,,,,,80.0,
plot_curve,13.353383458646617,0.25071514576482773,0.13336656883205475,0.14079119653077554,,,,,,,,,,,,,80.0,
plot_curve,13.38345864661654,0.25130797025567314,0.1336642085706009,0.14096682908083868,,,,,,,,,,,,,80.0,
plot_curve,13.413533834586465,0.2519038951579019,0.1339635511776934,0.1411438924438075,,,,,,,,,,,,,80.0,
plot_curve,13.443609022556391,0.2525029342220585,0.13426460409049312,0.14132239420982529,,,,,,,,,,,,,80.0,
plot_curve,13.473684210526315,0.2531051011986878,0.1345673747461607,0.1415023419690352,,,,,,,,,,,,,80.0,
plot_curve,13.50375939849624,0.2537104098383343,0.13487187058185712,0.14168374331158046,,,,,,,,,,,,,80.0,
plot_curve,13.533834586466165,0.25431887389154284,0.13517809903474298,0.1418666058276043,,,,,,,,,,,,,80.0,
plot_curve,13.56390977443609,0.25493050710885795,0.13548606754197917,0.14205093710724995,,,,,,,,,,,,,80.0,
plot_curve,13.593984962406015,0.25554532324082446,0.13579578354072647,0.14223674474066061,,,,,,,,,,,,,80.0,
plot_curve,13.62406015037594,0.25616333603798686,0.1361072544681456,0.1424240363179795,,,,,,,,,,,,,80.0,
plot_curve,13.654135338345863,0.25678455925088983,0.1364204877613974,0.14261281942934984,,,,,,,,,,,,,80.0,
plot_curve,13.68421052631579,0.25740900663007826,0.13673549085764264,0.1428031016649149,,,,,,,,,,,,,80.0,
plot_curve,13.714285714285714,0.25803669192609663,0.13705227119404212,0.1429948906148178,,,,,,,,,,,,,80.0,
plot_curve,13.74436090225564,0.25866762888948974,0.13737083620775659,0.1431881938692018,,,,,,,,,,,,,80.0,
plot_curve,13.774436090225564,0.2593018312708021,0.13769119333594687,0.14338301901821016,,,,,,,,,,,,,80.0,
plot_curve,13.804511278195488,0.25993931282057847,0.13801335001577375,0.14357937365198606,,,,,,,,,,,,,80.0,
plot_curve,13.834586466165414,0.2605800872893636,0.13833731368439797,0.1437772653606727,,,,,,,,,,,,,80.0,
plot_curve,13.864661654135338,0.261224168427702,0.13866309177898034,0.14397670173441338,,,,,,,,,,,,,80.0,
plot_curve,13.894736842105262,0.2618715699861385,0.1389906917366816,0.1441776903633512,,,,,,,,,,,,,80.0,
plot_curve,13.924812030075188,0.2625223057152177,0.13932012099466265,0.1443802388376295,,,,,,,,,,,,,80.0,
plot_curve,13.954887218045112,0.2631763893654842,0.13965138699008417,0.1445843547473914,,,,,,,,,,,,,80.0,
plot_curve,13.984962406015036,0.2638338346874828,0.13998449716010697,0.14479004568278014,,,,,,,,,,,,,80.0,
plot_curve,14.015037593984962,0.26449465543175815,0.14031945894189188,0.144997319233939,,,,,,,,,,,,,80.0,
plot_curve,14.045112781954886,0.26515886534885486,0.1406562797725996,0.14520618299101112,,,,,,,,,,,,,80.0,
plot_curve,14.075187969924812,0.26582647818931765,0.14099496708939097,0.14541664454413977,,,,,,,,,,,,,80.0,
plot_curve,14.105263157894736,0.2664975077036912,0.14133552832942675,0.14562871148346818,,,,,,,,,,,,,80.0,
plot_curve,14.13533834586466,0.2671719676425201,0.14167797092986778,0.14584239139913951,,,,,,,,,,,,,80.0,
plot_curve,14.165413533834586,0.2678498717563491,0.1420223023278748,0.14605769188129702,,,,,,,,,,,,,80.0,
plot_curve,14.19548872180451,0.2685312337957229,0.14236852996060856,0.1462746205200839,,,,,,,,,,,,,80.0,
plot_curve,14.225563909774436,0.26921606751118615,0.14271666126522994,0.1464931849056434,,,,,,,,,,,,,80.0,
plot_curve,14.25563909774436,0.2699043866532835,0.14306670367889968,0.1467133926281187,,,,,,,,,,,,,80.0,
plot_curve,14.285714285714285,0.2705962049725595,0.14341866463877848,0.14693525127765308,,,,,,,,,,,,,80.0,
plot_curve,14.31578947368421,0.2712915362195591,0.14377255158202723,0.14715876844438971,,,,,,,,,,,,,80.0,
plot_curve,14.345864661654135,0.2719903941448267,0.1441283719458067,0.14738395171847182,,,,,,,,,,,,,80.0,
plot_curve,14.375939849624059,0.27269279249890715,0.1444861331672776,0.14761080869004262,,,,,,,,,,,,,80.0,
plot_curve,14.406015037593985,0.27339874503234507,0.14484584268360085,0.14783934694924536,,,,,,,,,,,,,80.0,
plot_curve,14.436090225563909,0.27410826549568507,0.1452075079319371,0.1480695740862232,,,,,,,,,,,,,80.0,
plot_curve,14.466165413533833,0.2748213676394719,0.14557113634944724,0.14830149769111944,,,,,,,,,,,,,80.0,
plot_curve,14.496240601503759,0.2755380652142503,0.14593673537329196,0.14853512535407723,,,,,,,,,,,,,80.0,
plot_curve,14.526315789473683,0.2762583719705648,0.14630431244063213,0.1487704646652398,,,,,,,,,,,,,80.0,
plot_curve,14.556390977443609,0.2769823016589601,0.14667387498862847,0.14900752321475041,,,,,,,,,,,,,80.0,
plot_curve,14.586466165413533,0.27770986802998093,0.14704543045444177,0.14924630859275223,,,,,,,,,,,,,80.0,
plot_curve,14.616541353383457,0.2784410848341719,0.14741898627523284,0.1494868283893885,,,,,,,,,,,,,80.0,
plot_curve,14.646616541353383,0.27917596582207777,0.1477945498881625,0.14972909019480246,,,,,,,,,,,,,80.0,
plot_curve,14.676691729323307,0.2799145247442431,0.14817212873039146,0.1499731015991373,,,,,,,,,,,,,80.0,
plot_curve,14.706766917293233,0.2806567753512127,0.14855173023908055,0.15021887019253624,,,,,,,,,,,,,80.0,
plot_curve,14.736842105263158,0.2814027313935311,0.14893336185139056,0.15046640356514246,,,,,,,,,,,,,80.0,
plot_curve,14.766917293233082,0.282152406621743,0.14931703100448224,0.15071570930709927,,,,,,,,,,,,,80.0,
plot_curve,14.796992481203008,0.28290581478639326,0.1497027451355164,0.15096679500854981,,,,,,,,,,,,,80.0,
plot_curve,14.827067669172932,0.2836629696380263,0.1500905116816538,0.15121966825963734,,,,,,,,,,,,,80.0,
plot_curve,14.857142857142856,0.2844238849271869,0.15048033808005523,0.15147433665050508,,,,,,,,,,,,,80.0,
plot_curve,14.887218045112782,0.28518857440441975,0.1508722317678815,0.15173080777129622,,,,,,,,,,,,,80.0,
plot_curve,14.917293233082706,0.2859570518202695,0.15126620018229342,0.15198908921215398,,,,,,,,,,,,,80.0,
plot_curve,14.94736842105263,0.28672933092528075,0.15166225076045167,0.15224918856322162,,,,,,,,,,,,,80.0,
plot_curve,14.977443609022556,0.28750542546999835,0.15206039093951718,0.15251111341464232,,,,,,,,,,,,,80.0,
plot_curve,15.00751879699248,0.2882853492049668,0.15246062815665057,0.15277487135655932,,,,,,,,,,,,,80.0,
plot_curve,15.037593984962406,0.28906911588073086,0.15286296984901276,0.15304046997911583,,,,,,,,,,,,,80.0,
plot_curve,15.06766917293233,0.28985673924783517,0.15326742345376443,0.15330791687245504,,,,,,,,,,,,,80.0,
plot_curve,15.097744360902254,0.2906482330568244,0.15367399640806645,0.15357721962672022,,,,,,,,,,,,,80.0,
plot_curve,15.12781954887218,0.2914436110582433,0.1540826961490796,0.15384838583205457,,,,,,,,,,,,,80.0,
plot_curve,15.157894736842104,0.29224288700263645,0.15449353011396463,0.15412142307860127,,,,,,,,,,,,,80.0,
plot_curve,15.18796992481203,0.29304607464054855,0.15490650573988235,0.1543963389565036,,,,,,,,,,,,,80.0,
plot_curve,15.218045112781954,0.2938531877225243,0.15532163046399344,0.1546731410559047,,,,,,,,,,,,,80.0,
plot_curve,15.248120300751879,0.2946642399991083,0.15573891172345883,0.1549518369669479,,,,,,,,,,,,,80.0,
plot_curve,15.278195488721805,0.2954792452208453,0.15615835695543928,0.15523243427977634,,,,,,,,,,,,,80.0,
plot_curve,15.308270676691729,0.2962982171382799,0.1565799735970955,0.15551494058453325,,,,,,,,,,,,,80.0,
plot_curve,15.338345864661653,0.2971211695019569,0.1570037690855883,0.15579936347136183,,,,,,,,,,,,,80.0,
plot_curve,15.368421052631579,0.2979481160624209,0.1574297508580785,0.15608571053040537,,,,,,,,,,,,,80.0,
plot_curve,15.398496240601503,0.29877907057021647,0.15785792635172688,0.156373989351807,,,,,,,,,,,,,80.0,
plot_curve,15.428571428571427,0.2996140467758884,0.15828830300369418,0.15666420752570998,,,,,,,,,,,,,80.0,
plot_curve,15.458646616541353,0.3004530584299814,0.15872088825114125,0.15695637264225756,,,,,,,,,,,,,80.0,
plot_curve,15.488721804511277,0.30129611928303995,0.1591556895312288,0.1572504922915929,,,,,,,,,,,,,80.0,
plot_curve,15.518796992481203,0.302143243085609,0.15959271428111768,0.1575465740638593,,,,,,,,,,,,,80.0,
plot_curve,15.548872180451127,0.30299444358823296,0.16003196993796864,0.15784462554919987,,,,,,,,,,,,,80.0,
plot_curve,15.578947368421051,0.30384973454145675,0.16047346393894243,0.15814465433775787,,,,,,,,,,,,,80.0,
plot_curve,15.609022556390977,0.3047091296958248,0.16091720372119994,0.15844666801967655,,,,,,,,,,,,,80.0,
plot_curve,15.639097744360901,0.30557264280188196,0.16136319672190186,0.1587506741850991,,,,,,,,,,,,,80.0,
plot_curve,15.669172932330827,0.30644028761017283,0.16181145037820904,0.1590566804241688,,,,,,,,,,,,,80.0,
plot_curve,15.699248120300751,0.30731207787124204,0.16226197212728222,0.15936469432702877,,,,,,,,,,,,,80.0,
plot_curve,15.729323308270676,0.3081880273356343,0.16271476940628216,0.15967472348382228,,,,,,,,,,,,,80.0,
plot_curve,15.759398496240602,0.30906814975389435,0.1631698496523697,0.15998677548469256,,,,,,,,,,,,,80.0,
plot_curve,15.789473684210526,0.3099524588765668,0.1636272203027056,0.1603008579197828,,,,,,,,,,,,,80.0,
plot_curve,15.81954887218045,0.31084096845419623,0.16408688879445063,0.16061697837923622,,,,,,,,,,,,,80.0,
plot_curve,15.849624060150376,0.31173369223732755,0.16454886256476564,0.16093514445319607,,,,,,,,,,,,,80.0,
plot_curve,15.8796992481203,0.31263064397650525,0.16501314905081135,0.16125536373180555,,,,,,,,,,,,,80.0,
plot_curve,15.909774436090224,0.313531837422274,0.16547975568974854,0.16157764380520787,,,,,,,,,,,,,80.0,
plot_curve,15.93984962406015,0.3144372863251786,0.16594868991873807,0.16190199226354626,,,,,,,,,,,,,80.0,
plot_curve,15.969924812030074,0.3153470044357636,0.16641995917494062,0.16222841669696392,,,,,,,,,,,,,80.0,
plot_curve,16.0,0.3162610055045737,0.16689357089551707,0.1625569246956041,,,,,,,,,,,,,80.0,
