epsilon,model,requestIndex,kind,onChain,crossDomain,arrivalOffsetMs,arrivalWallMs,finishWallMs,latencyMs,queueMs,serviceMs,workerId,chainReads,verifiedCertificateSteps,proofNodes,stageTimingsJson,chainTxCount,chainBlockNumbers,chainTxHashes
1,DPKI,0,cross-domain,true,true,0,10328.244100034237,10484.318000078201,156.0739000439644,0,156.0739000439644,-1,1,1,65,"{""dpkiOnchainAuthenticateTx"":75.38160002231598,""dpkiOnchainCertTransferHttp"":1.6583999991416931,""dpkiOnchainRelayHttp"":0,""dpkiCrossRelayHttp"":0,""dpkiOnchainMptProofHttpQuery"":20.32260000705719,""dpkiOnchainMptProofSignerCertVerify"":10.884100019931793,""dpkiOnchainMptProofResponseVerify"":0.7597000002861023,""dpkiOnchainRootRead"":6.584600031375885,""dpkiOnchainMptVerify"":0.9532999992370605,""dpkiOnchainOpenSslVerifyCert"":11.288600027561188,""dpkiOnchainAssertionSign"":12.444900035858154,""dpkiOnchainAssertionVerify"":9.241599977016449,""dpkiOnchainAuthSignature"":4.871399998664856}",1,6668912,0xb1a17ee2106610eda24ddbb730d86a35282b3d3ac3706b51fcae79d2d52f96aa
1,DPKI,1,cross-domain,true,true,2676.8629884798697,13005.107088514107,13115.022688515919,109.91560000181198,0,109.91560000181198,-1,1,1,65,"{""dpkiOnchainAuthenticateTx"":56.397100031375885,""dpkiOnchainCertTransferHttp"":0.1460999846458435,""dpkiOnchainRelayHttp"":0,""dpkiCrossRelayHttp"":0,""dpkiOnchainMptProofHttpQuery"":6.617399990558624,""dpkiOnchainMptProofSignerCertVerify"":9.4932000041008,""dpkiOnchainMptProofResponseVerify"":0.4757999777793884,""dpkiOnchainRootRead"":2.288800001144409,""dpkiOnchainMptVerify"":0.5999000072479248,""dpkiOnchainOpenSslVerifyCert"":9.910000026226044,""dpkiOnchainAssertionSign"":11.639900028705597,""dpkiOnchainAssertionVerify"":8.892000019550323,""dpkiOnchainAuthSignature"":3.0261000394821167}",1,6668915,0xac47721579dee26be1ede004a09d30213c0523324a14e1a583a3e64a6103bffa
1,DPKI,2,cross-domain,true,true,4676.764177240624,15005.008277274861,15181.859977282777,176.8517000079155,0,176.8517000079155,-1,1,1,65,"{""dpkiOnchainAuthenticateTx"":115.65909999608994,""dpkiOnchainCertTransferHttp"":5.95550000667572,""dpkiOnchainRelayHttp"":0,""dpkiCrossRelayHttp"":0,""dpkiOnchainMptProofHttpQuery"":6.997699975967407,""dpkiOnchainMptProofSignerCertVerify"":9.853500008583069,""dpkiOnchainMptProofResponseVerify"":0.567799985408783,""dpkiOnchainRootRead"":2.1937000155448914,""dpkiOnchainMptVerify"":0.5493999719619751,""dpkiOnchainOpenSslVerifyCert"":10.274499952793121,""dpkiOnchainAssertionSign"":12.242500007152557,""dpkiOnchainAssertionVerify"":9.39599996805191,""dpkiOnchainAuthSignature"":2.637499988079071}",1,6668917,0x7f7b69fa8fe4fced9b9adaac8b28d2164b8297c3fb3877576a32c90b658b848b
1,DPKI,3,cross-domain,true,true,5806.108585074404,16134.35268510864,16352.232685103872,217.87999999523163,0,217.87999999523163,-1,1,1,65,"{""dpkiOnchainAuthenticateTx"":139.93700003623962,""dpkiOnchainCertTransferHttp"":1.4089999794960022,""dpkiOnchainRelayHttp"":0,""dpkiCrossRelayHttp"":0,""dpkiOnchainMptProofHttpQuery"":29.2538999915123,""dpkiOnchainMptProofSignerCertVerify"":9.733299970626831,""dpkiOnchainMptProofResponseVerify"":0.4973999857902527,""dpkiOnchainRootRead"":2.1305999755859375,""dpkiOnchainMptVerify"":0.5537000298500061,""dpkiOnchainOpenSslVerifyCert"":9.920899987220764,""dpkiOnchainAssertionSign"":11.631999969482422,""dpkiOnchainAssertionVerify"":9.174499988555908,""dpkiOnchainAuthSignature"":3.1330000162124634}",1,6668920,0x59862826a4a8698a350c1a92d8dd9a009b02a01d6a57859e7f440fe2f5550f5d
1,DPKI,4,cross-domain,true,true,7946.418238365941,18274.66233840018,18416.5751384142,141.912800014019,0,141.912800014019,-1,1,1,65,"{""dpkiOnchainAuthenticateTx"":91.34060001373291,""dpkiOnchainCertTransferHttp"":0.620199978351593,""dpkiOnchainRelayHttp"":0,""dpkiCrossRelayHttp"":0,""dpkiOnchainMptProofHttpQuery"":3.316699981689453,""dpkiOnchainMptProofSignerCertVerify"":9.65880000591278,""dpkiOnchainMptProofResponseVerify"":0.4583999514579773,""dpkiOnchainRootRead"":1.9039000272750854,""dpkiOnchainMptVerify"":0.5105999708175659,""dpkiOnchainOpenSslVerifyCert"":10.043200016021729,""dpkiOnchainAssertionSign"":12.031899988651276,""dpkiOnchainAssertionVerify"":8.944999992847443,""dpkiOnchainAuthSignature"":2.5467000007629395}",1,6668924,0x6aabf8d44059afc53d3c6e2f06933b1337391906298375d0a3b89d86c2f1711c
1,DPKI,5,cross-domain,true,true,9220.91119563945,19549.155295673685,19661.000695709066,111.84540003538132,0,111.84540003538132,-1,1,1,65,"{""dpkiOnchainAuthenticateTx"":57.41930001974106,""dpkiOnchainCertTransferHttp"":1.1720000505447388,""dpkiOnchainRelayHttp"":0,""dpkiCrossRelayHttp"":0,""dpkiOnchainMptProofHttpQuery"":6.4962000250816345,""dpkiOnchainMptProofSignerCertVerify"":9.901600003242493,""dpkiOnchainMptProofResponseVerify"":0.43720000982284546,""dpkiOnchainRootRead"":2.4871999621391296,""dpkiOnchainMptVerify"":0.5205000042915344,""dpkiOnchainOpenSslVerifyCert"":9.719700038433075,""dpkiOnchainAssertionSign"":11.58129996061325,""dpkiOnchainAssertionVerify"":8.857400000095367,""dpkiOnchainAuthSignature"":2.5579000115394592}",1,6668926,0x3905f5b8dc7b9bf9615adfad9522b1faae1883368be2e10b3bfe18d8c651c2f7
1,DPKI,6,cross-domain,true,true,11322.902224598849,21651.146324633086,21774.780924616778,123.63459998369217,0,123.63459998369217,-1,1,1,65,"{""dpkiOnchainAuthenticateTx"":68.88740003108978,""dpkiOnchainCertTransferHttp"":1.2245000004768372,""dpkiOnchainRelayHttp"":0,""dpkiCrossRelayHttp"":0,""dpkiOnchainMptProofHttpQuery"":2.4269999861717224,""dpkiOnchainMptProofSignerCertVerify"":9.72599995136261,""dpkiOnchainMptProofResponseVerify"":0.4871000051498413,""dpkiOnchainRootRead"":5.154300034046173,""dpkiOnchainMptVerify"":0.538100004196167,""dpkiOnchainOpenSslVerifyCert"":10.580699980258942,""dpkiOnchainAssertionSign"":12.17170000076294,""dpkiOnchainAssertionVerify"":9.199599981307983,""dpkiOnchainAuthSignature"":2.763599991798401}",1,6668929,0xd0af81f985605fc8b27475f002d1366384b6f174e0b9e78c20c10eda575c8a0e
1,DPKI,7,cross-domain,true,true,11620.955462491129,21949.199562525366,22115.00896248779,165.80939996242523,0,165.80939996242523,-1,1,1,65,"{""dpkiOnchainAuthenticateTx"":84.67140001058578,""dpkiOnchainCertTransferHttp"":0.7351999878883362,""dpkiOnchainRelayHttp"":0,""dpkiCrossRelayHttp"":0,""dpkiOnchainMptProofHttpQuery"":31.995499968528748,""dpkiOnchainMptProofSignerCertVerify"":11.217600047588348,""dpkiOnchainMptProofResponseVerify"":0.4765999913215637,""dpkiOnchainRootRead"":2.576799988746643,""dpkiOnchainMptVerify"":0.5478000044822693,""dpkiOnchainOpenSslVerifyCert"":9.59309995174408,""dpkiOnchainAssertionSign"":12.023999989032745,""dpkiOnchainAssertionVerify"":8.862800002098083,""dpkiOnchainAuthSignature"":2.6722999811172485}",1,6668931,0x8b76574e47f2cc6daf7562271c108dad0f3cf2ddaf12da90065b952e6bac9199
1,DPKI,8,cross-domain,true,true,18890.30974484951,29218.553844883747,29342.943544879265,124.38969999551773,0,124.38969999551773,-1,1,1,65,"{""dpkiOnchainAuthenticateTx"":72.91759997606277,""dpkiOnchainCertTransferHttp"":0.8693000078201294,""dpkiOnchainRelayHttp"":0,""dpkiCrossRelayHttp"":0,""dpkiOnchainMptProofHttpQuery"":4.107000052928925,""dpkiOnchainMptProofSignerCertVerify"":9.654199957847595,""dpkiOnchainMptProofResponseVerify"":0.5338000059127808,""dpkiOnchainRootRead"":2.008899986743927,""dpkiOnchainMptVerify"":0.5471000075340271,""dpkiOnchainOpenSslVerifyCert"":9.519500017166138,""dpkiOnchainAssertionSign"":12.252300024032593,""dpkiOnchainAssertionVerify"":8.948599994182587,""dpkiOnchainAuthSignature"":2.3664000034332275}",1,6668934,0xbc222a2aaa44f83a50219b43766c159ddf407af19578c49305676f02c63db99f
1,DPKI,9,cross-domain,true,true,23254.10579755893,33582.349897593165,33753.865397602225,171.5155000090599,0,171.5155000090599,-1,1,1,65,"{""dpkiOnchainAuthenticateTx"":103.16649997234344,""dpkiOnchainCertTransferHttp"":0.3414999842643738,""dpkiOnchainRelayHttp"":0,""dpkiCrossRelayHttp"":0,""dpkiOnchainMptProofHttpQuery"":18.809300005435944,""dpkiOnchainMptProofSignerCertVerify"":10.373300015926361,""dpkiOnchainMptProofResponseVerify"":0.47919994592666626,""dpkiOnchainRootRead"":4.011099994182587,""dpkiOnchainMptVerify"":0.539900004863739,""dpkiOnchainOpenSslVerifyCert"":9.750999987125397,""dpkiOnchainAssertionSign"":11.960700035095215,""dpkiOnchainAssertionVerify"":9.254100024700165,""dpkiOnchainAuthSignature"":2.345300018787384}",1,6668937,0xca831bae6e50e52d4f7dd7bbc4db39c85d9231dccd4cb18ae5a7777970fea589
1,DPKI,10,cross-domain,true,true,23786.312444597475,34114.55654463171,34251.25134465098,136.69480001926422,0,136.69480001926422,-1,1,1,65,"{""dpkiOnchainAuthenticateTx"":54.00609999895096,""dpkiOnchainCertTransferHttp"":0.7785000205039978,""dpkiOnchainRelayHttp"":0,""dpkiCrossRelayHttp"":0,""dpkiOnchainMptProofHttpQuery"":31.47299998998642,""dpkiOnchainMptProofSignerCertVerify"":10.294699966907501,""dpkiOnchainMptProofResponseVerify"":0.49980002641677856,""dpkiOnchainRootRead"":4.80840003490448,""dpkiOnchainMptVerify"":0.5081999897956848,""dpkiOnchainOpenSslVerifyCert"":9.334800004959106,""dpkiOnchainAssertionSign"":12.62959998846054,""dpkiOnchainAssertionVerify"":9.585500001907349,""dpkiOnchainAuthSignature"":2.3026999831199646}",1,6668941,0xf646491f54be18a3109b3c1b6f4b69bf15d695b682bd84c544604d504b04971a
1,DPKI,11,cross-domain,true,true,24032.185850587386,34360.42995062162,34550.33095064451,189.90100002288818,0,189.90100002288818,-1,1,1,65,"{""dpkiOnchainAuthenticateTx"":133.90950000286102,""dpkiOnchainCertTransferHttp"":0.7157000303268433,""dpkiOnchainRelayHttp"":0,""dpkiCrossRelayHttp"":0,""dpkiOnchainMptProofHttpQuery"":6.293800055980682,""dpkiOnchainMptProofSignerCertVerify"":9.702700018882751,""dpkiOnchainMptProofResponseVerify"":0.45020002126693726,""dpkiOnchainRootRead"":3.748099982738495,""dpkiOnchainMptVerify"":0.5738999843597412,""dpkiOnchainOpenSslVerifyCert"":10.467000007629395,""dpkiOnchainAssertionSign"":12.034099996089935,""dpkiOnchainAssertionVerify"":9.3367999792099,""dpkiOnchainAuthSignature"":2.0629000067710876}",1,6668944,0xc3270ffc0263a84ea299ba025d403e31269ad84a546eae8bcf8581aa3bb431d1
1,DPKI,12,cross-domain,true,true,24329.8173885804,34658.061488614636,34786.56238864477,128.5009000301361,0,128.5009000301361,-1,1,1,65,"{""dpkiOnchainAuthenticateTx"":37.58640003204346,""dpkiOnchainCertTransferHttp"":0.4812999963760376,""dpkiOnchainRelayHttp"":0,""dpkiCrossRelayHttp"":0,""dpkiOnchainMptProofHttpQuery"":43.98710000514984,""dpkiOnchainMptProofSignerCertVerify"":9.619900047779083,""dpkiOnchainMptProofResponseVerify"":0.45490002632141113,""dpkiOnchainRootRead"":3.4006999731063843,""dpkiOnchainMptVerify"":0.5110999941825867,""dpkiOnchainOpenSslVerifyCert"":9.464300036430359,""dpkiOnchainAssertionSign"":11.621600031852722,""dpkiOnchainAssertionVerify"":8.58730000257492,""dpkiOnchainAuthSignature"":2.3478999733924866}",1,6668947,0x88853fd0d2f3887982320df940e227d906079f1639970bc235aec4816794c48c
1,DPKI,13,cross-domain,true,true,25779.837160551957,36108.081260586194,36349.73146059554,241.650200009346,0,241.650200009346,-1,1,1,65,"{""dpkiOnchainAuthenticateTx"":186.77880001068115,""dpkiOnchainCertTransferHttp"":0.7698000073432922,""dpkiOnchainRelayHttp"":0,""dpkiCrossRelayHttp"":0,""dpkiOnchainMptProofHttpQuery"":5.0942999720573425,""dpkiOnchainMptProofSignerCertVerify"":9.934000015258789,""dpkiOnchainMptProofResponseVerify"":0.4661000370979309,""dpkiOnchainRootRead"":4.609000027179718,""dpkiOnchainMptVerify"":0.5310999751091003,""dpkiOnchainOpenSslVerifyCert"":9.836699962615967,""dpkiOnchainAssertionSign"":12.080300033092499,""dpkiOnchainAssertionVerify"":9.071400046348572,""dpkiOnchainAuthSignature"":2.040600001811981}",1,6668949,0xbe01004e064a08cd4641b9251e0b3f582449244df0c11ac741e497792d8133c2
1,DPKI,14,cross-domain,true,true,26608.788570346183,36937.03267038042,37054.103670419994,117.07100003957748,0,117.07100003957748,-1,1,1,65,"{""dpkiOnchainAuthenticateTx"":52.68400001525879,""dpkiOnchainCertTransferHttp"":0.5730999708175659,""dpkiOnchainRelayHttp"":0,""dpkiCrossRelayHttp"":0,""dpkiOnchainMptProofHttpQuery"":14.721499979496002,""dpkiOnchainMptProofSignerCertVerify"":9.526300013065338,""dpkiOnchainMptProofResponseVerify"":0.3856000304222107,""dpkiOnchainRootRead"":4.344300031661987,""dpkiOnchainMptVerify"":0.4659000039100647,""dpkiOnchainOpenSslVerifyCert"":10.271499991416931,""dpkiOnchainAssertionSign"":12.117500007152557,""dpkiOnchainAssertionVerify"":9.44379997253418,""dpkiOnchainAuthSignature"":2.1502000093460083}",1,6668953,0x0dd6dd806a341144d795fa1d1e87c1d8a303cc7e2a2b7ae596be66be62e8e4b6
1,DPKI,15,cross-domain,true,true,28144.047548923045,38472.29164895728,38565.21354893163,92.92189997434616,0,92.92189997434616,-1,1,1,65,"{""dpkiOnchainAuthenticateTx"":43.911899983882904,""dpkiOnchainCertTransferHttp"":0.767300009727478,""dpkiOnchainRelayHttp"":0,""dpkiCrossRelayHttp"":0,""dpkiOnchainMptProofHttpQuery"":2.2828999757766724,""dpkiOnchainMptProofSignerCertVerify"":9.518400013446808,""dpkiOnchainMptProofResponseVerify"":0.4359000325202942,""dpkiOnchainRootRead"":2.1082000136375427,""dpkiOnchainMptVerify"":0.4708000421524048,""dpkiOnchainOpenSslVerifyCert"":9.542999982833862,""dpkiOnchainAssertionSign"":12.537900030612946,""dpkiOnchainAssertionVerify"":8.917100012302399,""dpkiOnchainAuthSignature"":2.004800021648407}",1,6668956,0xa3ec16fc011018dc5e6d722f660c0cedf1ada9b23cb1016fbd281db8a52041fa
1,DPKI,16,cross-domain,true,true,29756.97724389809,40085.221343932324,40284.7434439637,199.52210003137589,0,199.52210003137589,-1,1,1,65,"{""dpkiOnchainAuthenticateTx"":138.32630002498627,""dpkiOnchainCertTransferHttp"":1.0611000061035156,""dpkiOnchainRelayHttp"":0,""dpkiCrossRelayHttp"":0,""dpkiOnchainMptProofHttpQuery"":12.668499946594238,""dpkiOnchainMptProofSignerCertVerify"":11.407499969005585,""dpkiOnchainMptProofResponseVerify"":0.4985000491142273,""dpkiOnchainRootRead"":2.1175000071525574,""dpkiOnchainMptVerify"":0.5089000463485718,""dpkiOnchainOpenSslVerifyCert"":9.690700054168701,""dpkiOnchainAssertionSign"":11.85019999742508,""dpkiOnchainAssertionVerify"":8.937600016593933,""dpkiOnchainAuthSignature"":1.954200029373169}",1,6668958,0xc123dcca7c278933eb60105fb6bf0a764613a5486f470b2c1ff3b06dc38a39f6
1,DPKI,17,cross-domain,true,true,32953.95592855453,43282.20002858877,43453.07312857151,170.8730999827385,0,170.8730999827385,-1,1,1,65,"{""dpkiOnchainAuthenticateTx"":107.82949995994568,""dpkiOnchainCertTransferHttp"":1.4656000137329102,""dpkiOnchainRelayHttp"":0,""dpkiCrossRelayHttp"":0,""dpkiOnchainMptProofHttpQuery"":14.717100024223328,""dpkiOnchainMptProofSignerCertVerify"":9.964899957180023,""dpkiOnchainMptProofResponseVerify"":0.40279996395111084,""dpkiOnchainRootRead"":1.9148999452590942,""dpkiOnchainMptVerify"":0.7034000158309937,""dpkiOnchainOpenSslVerifyCert"":9.866699993610382,""dpkiOnchainAssertionSign"":11.996899962425232,""dpkiOnchainAssertionVerify"":9.264299988746643,""dpkiOnchainAuthSignature"":2.3088000416755676}",1,6668961,0x6440850d369e5853aa2831eefd16bcb1111e0d80b6835c8f90a7ddfb3b413881
1,DPKI,18,cross-domain,true,true,35468.51191666578,45796.75601670002,45933.58261671518,136.82660001516342,0,136.82660001516342,-1,1,1,65,"{""dpkiOnchainAuthenticateTx"":73.51990002393723,""dpkiOnchainCertTransferHttp"":0.12870001792907715,""dpkiOnchainRelayHttp"":0,""dpkiCrossRelayHttp"":0,""dpkiOnchainMptProofHttpQuery"":15.094900012016296,""dpkiOnchainMptProofSignerCertVerify"":9.488900005817413,""dpkiOnchainMptProofResponseVerify"":0.4789000153541565,""dpkiOnchainRootRead"":2.089800000190735,""dpkiOnchainMptVerify"":0.4498000144958496,""dpkiOnchainOpenSslVerifyCert"":10.70739996433258,""dpkiOnchainAssertionSign"":12.470600008964539,""dpkiOnchainAssertionVerify"":9.51120001077652,""dpkiOnchainAuthSignature"":2.4667999744415283}",1,6668963,0x591cdf088f20b93f1e036df7df7d79210b7c8f196c64d32c069ce2423a20736a
1,DPKI,19,cross-domain,true,true,37653.781240712764,47982.025340747,48104.791040729644,122.76569998264313,0,122.76569998264313,-1,1,1,65,"{""dpkiOnchainAuthenticateTx"":61.15090000629425,""dpkiOnchainCertTransferHttp"":1.716800034046173,""dpkiOnchainRelayHttp"":0,""dpkiCrossRelayHttp"":0,""dpkiOnchainMptProofHttpQuery"":11.974299967288971,""dpkiOnchainMptProofSignerCertVerify"":9.907099962234497,""dpkiOnchainMptProofResponseVerify"":0.4998999834060669,""dpkiOnchainRootRead"":3.9808000326156616,""dpkiOnchainMptVerify"":0.5368000268936157,""dpkiOnchainOpenSslVerifyCert"":9.750800013542175,""dpkiOnchainAssertionSign"":11.590400040149689,""dpkiOnchainAssertionVerify"":9.303099989891052,""dpkiOnchainAuthSignature"":1.9424999952316284}",1,6668965,0x3f47751dcb84a5136131b04aeb77bad37e1fbc8ebaff935df5168b266e756f38
1,DPKI,20,cross-domain,true,true,38455.90265491778,48784.14675495202,48895.13835492903,110.99159997701645,0,110.99159997701645,-1,1,1,65,"{""dpkiOnchainAuthenticateTx"":59.54189997911453,""dpkiOnchainCertTransferHttp"":0.09280002117156982,""dpkiOnchainRelayHttp"":0,""dpkiCrossRelayHttp"":0,""dpkiOnchainMptProofHttpQuery"":3.968500018119812,""dpkiOnchainMptProofSignerCertVerify"":10.105499982833862,""dpkiOnchainMptProofResponseVerify"":0.5978999733924866,""dpkiOnchainRootRead"":3.518400013446808,""dpkiOnchainMptVerify"":0.4388999938964844,""dpkiOnchainOpenSslVerifyCert"":9.496100008487701,""dpkiOnchainAssertionSign"":11.820599973201752,""dpkiOnchainAssertionVerify"":8.939599990844727,""dpkiOnchainAuthSignature"":2.0872000455856323}",1,6668968,0xaccb757b6e71b4efc7415be3d40b84502deaadff96ad913aee9289ae714ce57b
1,DPKI,21,cross-domain,true,true,38944.962948692395,49273.20704872663,49425.5118487006,152.3047999739647,0,152.3047999739647,-1,1,1,65,"{""dpkiOnchainAuthenticateTx"":103.64450001716614,""dpkiOnchainCertTransferHttp"":0.35829997062683105,""dpkiOnchainRelayHttp"":0,""dpkiCrossRelayHttp"":0,""dpkiOnchainMptProofHttpQuery"":2.5627999901771545,""dpkiOnchainMptProofSignerCertVerify"":9.604200005531311,""dpkiOnchainMptProofResponseVerify"":0.445900022983551,""dpkiOnchainRootRead"":1.9701999425888062,""dpkiOnchainMptVerify"":0.5216000080108643,""dpkiOnchainOpenSslVerifyCert"":9.271399974822998,""dpkiOnchainAssertionSign"":12.584200024604797,""dpkiOnchainAssertionVerify"":8.901199996471405,""dpkiOnchainAuthSignature"":2.066200017929077}",1,6668969,0x7c4d21afc635a86801c73efecab8b9cedda3aa316f5179a137081c1c7acc2fd3
1,DPKI,22,cross-domain,true,true,44084.78992365798,54413.03402369222,54572.015423645586,158.98139995336533,0,158.98139995336533,-1,1,1,65,"{""dpkiOnchainAuthenticateTx"":106.35310000181198,""dpkiOnchainCertTransferHttp"":0.18129998445510864,""dpkiOnchainRelayHttp"":0,""dpkiCrossRelayHttp"":0,""dpkiOnchainMptProofHttpQuery"":6.994199991226196,""dpkiOnchainMptProofSignerCertVerify"":9.583099961280823,""dpkiOnchainMptProofResponseVerify"":0.5803999900817871,""dpkiOnchainRootRead"":1.9990000128746033,""dpkiOnchainMptVerify"":0.49219995737075806,""dpkiOnchainOpenSslVerifyCert"":9.289399981498718,""dpkiOnchainAssertionSign"":11.625,""dpkiOnchainAssertionVerify"":9.280099987983704,""dpkiOnchainAuthSignature"":2.2068000435829163}",1,6668972,0xba2b5c7629f0214747777268b72f455df1503237b473d4e875b76156f4800e37
1,DPKI,23,cross-domain,true,true,44123.075579704375,54451.31967973861,54684.584523727506,233.26484398889443,68.06744395542046,165.19740003347397,-1,1,1,65,"{""dpkiOnchainAuthenticateTx"":85.54189997911453,""dpkiOnchainCertTransferHttp"":1.4142000079154968,""dpkiOnchainRelayHttp"":0,""dpkiCrossRelayHttp"":0,""dpkiOnchainMptProofHttpQuery"":30.342400014400482,""dpkiOnchainMptProofSignerCertVerify"":9.79009997844696,""dpkiOnchainMptProofResponseVerify"":0.45419996976852417,""dpkiOnchainRootRead"":2.1462000012397766,""dpkiOnchainMptVerify"":0.4429999589920044,""dpkiOnchainOpenSslVerifyCert"":9.672300040721893,""dpkiOnchainAssertionSign"":12.854600012302399,""dpkiOnchainAssertionVerify"":9.954100012779236,""dpkiOnchainAuthSignature"":2.1328999996185303}",1,6668974,0xf22c16bb17f7f90197741d060ee49b825bb2fd32e9966f76ce34ada9a7fc2e11
1,DPKI,24,cross-domain,true,true,44344.858915379315,54673.10301541355,54799.092915406494,125.98989999294281,0,125.98989999294281,-1,1,1,65,"{""dpkiOnchainAuthenticateTx"":74.57300001382828,""dpkiOnchainCertTransferHttp"":1.1833000183105469,""dpkiOnchainRelayHttp"":0,""dpkiCrossRelayHttp"":0,""dpkiOnchainMptProofHttpQuery"":4.809600055217743,""dpkiOnchainMptProofSignerCertVerify"":9.869399964809418,""dpkiOnchainMptProofResponseVerify"":0.47140002250671387,""dpkiOnchainRootRead"":2.0277000069618225,""dpkiOnchainMptVerify"":0.4253000020980835,""dpkiOnchainOpenSslVerifyCert"":9.084399998188019,""dpkiOnchainAssertionSign"":11.953000009059906,""dpkiOnchainAssertionVerify"":9.23690003156662,""dpkiOnchainAuthSignature"":1.9399999976158142}",1,6668977,0xac5e43f1d2f78ebce2469a7a760b3ca9a7cc62c8396b3941e6aca4900240de9f
1,DPKI,25,cross-domain,true,true,45062.183372692765,55390.427472727,55562.54037268609,172.11289995908737,0,172.11289995908737,-1,1,1,65,"{""dpkiOnchainAuthenticateTx"":87.09759998321533,""dpkiOnchainCertTransferHttp"":0.2459999918937683,""dpkiOnchainRelayHttp"":0,""dpkiCrossRelayHttp"":0,""dpkiOnchainMptProofHttpQuery"":30.271700024604797,""dpkiOnchainMptProofSignerCertVerify"":9.857400000095367,""dpkiOnchainMptProofResponseVerify"":0.45190000534057617,""dpkiOnchainRootRead"":5.317799985408783,""dpkiOnchainMptVerify"":0.43480002880096436,""dpkiOnchainOpenSslVerifyCert"":9.760199964046478,""dpkiOnchainAssertionSign"":12.798799991607666,""dpkiOnchainAssertionVerify"":13.366499960422516,""dpkiOnchainAuthSignature"":2.0593000054359436}",1,6668980,0x5d12c2b4590e3bc0eb985f9b0cb274703a1d136116703b78cc1b81cad1519055
1,DPKI,26,cross-domain,true,true,45902.28407850115,56230.52817853539,56410.28467854111,179.75650000572205,0,179.75650000572205,-1,1,1,65,"{""dpkiOnchainAuthenticateTx"":128.62610000371933,""dpkiOnchainCertTransferHttp"":0.6850000023841858,""dpkiOnchainRelayHttp"":0,""dpkiCrossRelayHttp"":0,""dpkiOnchainMptProofHttpQuery"":5.4067999720573425,""dpkiOnchainMptProofSignerCertVerify"":9.904100000858307,""dpkiOnchainMptProofResponseVerify"":0.46160000562667847,""dpkiOnchainRootRead"":1.9927000403404236,""dpkiOnchainMptVerify"":0.4178999662399292,""dpkiOnchainOpenSslVerifyCert"":9.450500011444092,""dpkiOnchainAssertionSign"":11.540499985218048,""dpkiOnchainAssertionVerify"":8.856099963188171,""dpkiOnchainAuthSignature"":2.0151999592781067}",1,6668984,0x2a141cac577b6241638c1d25286a577b89674da463bafeea622cdd3d40e47519
1,DPKI,27,cross-domain,true,true,51243.717874426344,61571.96197446058,61677.02677448461,105.06480002403259,0,105.06480002403259,-1,1,1,65,"{""dpkiOnchainAuthenticateTx"":56.71100002527237,""dpkiOnchainCertTransferHttp"":0.16300004720687866,""dpkiOnchainRelayHttp"":0,""dpkiCrossRelayHttp"":0,""dpkiOnchainMptProofHttpQuery"":2.4243000149726868,""dpkiOnchainMptProofSignerCertVerify"":9.374199986457825,""dpkiOnchainMptProofResponseVerify"":0.44060003757476807,""dpkiOnchainRootRead"":2.6137999892234802,""dpkiOnchainMptVerify"":0.45090001821517944,""dpkiOnchainOpenSslVerifyCert"":9.321900010108948,""dpkiOnchainAssertionSign"":11.868099987506866,""dpkiOnchainAssertionVerify"":9.30730003118515,""dpkiOnchainAuthSignature"":2.004799962043762}",1,6668986,0xa3615b4053a20e1a629e86e120a13404f0d792821ea91b7252010f23c311bbee
1,DPKI,28,cross-domain,true,true,52644.90392746336,62973.1480274976,63160.061127501795,186.91310000419617,0,186.91310000419617,-1,1,1,65,"{""dpkiOnchainAuthenticateTx"":123.20859998464584,""dpkiOnchainCertTransferHttp"":0.20069998502731323,""dpkiOnchainRelayHttp"":0,""dpkiCrossRelayHttp"":0,""dpkiOnchainMptProofHttpQuery"":17.139400005340576,""dpkiOnchainMptProofSignerCertVerify"":9.867000043392181,""dpkiOnchainMptProofResponseVerify"":0.48019999265670776,""dpkiOnchainRootRead"":2.771499991416931,""dpkiOnchainMptVerify"":0.41930001974105835,""dpkiOnchainOpenSslVerifyCert"":9.38239997625351,""dpkiOnchainAssertionSign"":12.046599984169006,""dpkiOnchainAssertionVerify"":8.91509997844696,""dpkiOnchainAuthSignature"":2.1096999645233154}",1,6668988,0xbe46afee6a2c0585b39f13cda76a8b004e57ec84afe5db1afcab2a505a225157
1,DPKI,29,cross-domain,true,true,53510.511964306555,63838.75606434079,63973.52956430646,134.77349996566772,0,134.77349996566772,-1,1,1,65,"{""dpkiOnchainAuthenticateTx"":75.15199995040894,""dpkiOnchainCertTransferHttp"":0.25940001010894775,""dpkiOnchainRelayHttp"":0,""dpkiCrossRelayHttp"":0,""dpkiOnchainMptProofHttpQuery"":14.561800003051758,""dpkiOnchainMptProofSignerCertVerify"":9.49949997663498,""dpkiOnchainMptProofResponseVerify"":0.4018000364303589,""dpkiOnchainRootRead"":1.9352999925613403,""dpkiOnchainMptVerify"":0.4186999797821045,""dpkiOnchainOpenSslVerifyCert"":8.93529999256134,""dpkiOnchainAssertionSign"":12.17440003156662,""dpkiOnchainAssertionVerify"":9.104200005531311,""dpkiOnchainAuthSignature"":1.941100001335144}",1,6668992,0x7a561f495e515588ef67d0eeb31dfb2d7f874c06ca735564675aabd76a63a58e
1,DPKI,30,cross-domain,true,true,54789.89848471686,65118.1425847511,65285.46008474633,167.31749999523163,0,167.31749999523163,-1,1,1,65,"{""dpkiOnchainAuthenticateTx"":109.1816999912262,""dpkiOnchainCertTransferHttp"":1.0264999866485596,""dpkiOnchainRelayHttp"":0,""dpkiCrossRelayHttp"":0,""dpkiOnchainMptProofHttpQuery"":5.445800006389618,""dpkiOnchainMptProofSignerCertVerify"":14.415100038051605,""dpkiOnchainMptProofResponseVerify"":0.5055999755859375,""dpkiOnchainRootRead"":2.9269999861717224,""dpkiOnchainMptVerify"":1.060699999332428,""dpkiOnchainOpenSslVerifyCert"":9.935999989509583,""dpkiOnchainAssertionSign"":11.769999980926514,""dpkiOnchainAssertionVerify"":8.73420000076294,""dpkiOnchainAuthSignature"":1.9115999937057495}",1,6668995,0x8285defd8916253ca6e3e64d7f586d560459d7dc7c957b1e7adae7452daca6c9
1,DPKI,31,cross-domain,true,true,56046.90427082109,66375.14837085533,66516.04347085285,140.89509999752045,0,140.89509999752045,-1,1,1,65,"{""dpkiOnchainAuthenticateTx"":49.98019999265671,""dpkiOnchainCertTransferHttp"":1.2330999970436096,""dpkiOnchainRelayHttp"":0,""dpkiCrossRelayHttp"":0,""dpkiOnchainMptProofHttpQuery"":44.97240000963211,""dpkiOnchainMptProofSignerCertVerify"":9.512299954891205,""dpkiOnchainMptProofResponseVerify"":0.48089998960494995,""dpkiOnchainRootRead"":1.859600007534027,""dpkiOnchainMptVerify"":0.41579997539520264,""dpkiOnchainOpenSslVerifyCert"":9.607200026512146,""dpkiOnchainAssertionSign"":11.703399956226349,""dpkiOnchainAssertionVerify"":8.812999963760376,""dpkiOnchainAuthSignature"":1.907700002193451}",1,6668996,0x4ac2177db2faecaa440bbe9d01ebe6dd6fc212b5d183a8359849fb71b8111eb2
1,DPKI,32,cross-domain,true,true,57101.82549726435,67430.06959729858,67594.77359729477,164.7039999961853,0,164.7039999961853,-1,1,1,65,"{""dpkiOnchainAuthenticateTx"":95.76929998397827,""dpkiOnchainCertTransferHttp"":2.26910001039505,""dpkiOnchainRelayHttp"":0,""dpkiCrossRelayHttp"":0,""dpkiOnchainMptProofHttpQuery"":12.731800019741058,""dpkiOnchainMptProofSignerCertVerify"":15.857400000095367,""dpkiOnchainMptProofResponseVerify"":0.4603999853134155,""dpkiOnchainRootRead"":3.9150999784469604,""dpkiOnchainMptVerify"":0.3878999948501587,""dpkiOnchainOpenSslVerifyCert"":9.531899988651276,""dpkiOnchainAssertionSign"":12.064900040626526,""dpkiOnchainAssertionVerify"":9.38560003042221,""dpkiOnchainAuthSignature"":1.8779000043869019}",1,6668999,0x23eac489eb75e5f001e2e7289e2ef10eaef61c7ea9f79b938c6249ceec4527e6
1,DPKI,33,cross-domain,true,true,58896.215661343515,69224.45976137774,69343.53006136077,119.0702999830246,0,119.0702999830246,-1,1,1,65,"{""dpkiOnchainAuthenticateTx"":68.644700050354,""dpkiOnchainCertTransferHttp"":0.8154999613761902,""dpkiOnchainRelayHttp"":0,""dpkiCrossRelayHttp"":0,""dpkiOnchainMptProofHttpQuery"":3.6948999762535095,""dpkiOnchainMptProofSignerCertVerify"":10.36190003156662,""dpkiOnchainMptProofResponseVerify"":0.44140005111694336,""dpkiOnchainRootRead"":1.878499984741211,""dpkiOnchainMptVerify"":0.41200000047683716,""dpkiOnchainOpenSslVerifyCert"":9.247900009155273,""dpkiOnchainAssertionSign"":11.347699999809265,""dpkiOnchainAssertionVerify"":9.21670001745224,""dpkiOnchainAuthSignature"":2.4881999492645264}",1,6669003,0xb2341d281120c3a3279e783c64ea97d71445a4591e2b1062ee38589e3a864cbc
1,DPKI,34,cross-domain,true,true,61173.17891138887,71501.42301142312,71682.6190114627,181.19600003957748,0,181.19600003957748,-1,1,1,65,"{""dpkiOnchainAuthenticateTx"":118.12749999761581,""dpkiOnchainCertTransferHttp"":0.7545000314712524,""dpkiOnchainRelayHttp"":0,""dpkiCrossRelayHttp"":0,""dpkiOnchainMptProofHttpQuery"":14.618099987506866,""dpkiOnchainMptProofSignerCertVerify"":9.72189998626709,""dpkiOnchainMptProofResponseVerify"":0.4343000054359436,""dpkiOnchainRootRead"":2.0806000232696533,""dpkiOnchainMptVerify"":0.38780003786087036,""dpkiOnchainOpenSslVerifyCert"":9.643700003623962,""dpkiOnchainAssertionSign"":13.277700006961823,""dpkiOnchainAssertionVerify"":9.679900050163269,""dpkiOnchainAuthSignature"":1.945800006389618}",1,6669006,0x94e4419a17ad731bb71d0d37d1796d03d661918acfc166ed151962a1bdeea7c2
1,DPKI,35,cross-domain,true,true,61824.809594554215,72153.05369458845,72328.18799458197,175.13429999351501,0,175.13429999351501,-1,1,1,65,"{""dpkiOnchainAuthenticateTx"":89.8730999827385,""dpkiOnchainCertTransferHttp"":2.7109000086784363,""dpkiOnchainRelayHttp"":0,""dpkiCrossRelayHttp"":0,""dpkiOnchainMptProofHttpQuery"":28.27599996328354,""dpkiOnchainMptProofSignerCertVerify"":10.119000017642975,""dpkiOnchainMptProofResponseVerify"":0.4624999761581421,""dpkiOnchainRootRead"":10.106800019741058,""dpkiOnchainMptVerify"":0.47369998693466187,""dpkiOnchainOpenSslVerifyCert"":9.663300037384033,""dpkiOnchainAssertionSign"":12.006600022315979,""dpkiOnchainAssertionVerify"":9.02379995584488,""dpkiOnchainAuthSignature"":1.9664000272750854}",1,6669008,0xf975ece0517491e50e90da6815be43d455f11cea6a586caaf1e3198fb997c9fb
1,DPKI,36,cross-domain,true,true,69313.54642280978,79641.79052284402,79870.89382281942,229.1032999753952,0,229.1032999753952,-1,1,1,65,"{""dpkiOnchainAuthenticateTx"":161.13319998979568,""dpkiOnchainCertTransferHttp"":0.9399999976158142,""dpkiOnchainRelayHttp"":0,""dpkiCrossRelayHttp"":0,""dpkiOnchainMptProofHttpQuery"":17.157499969005585,""dpkiOnchainMptProofSignerCertVerify"":10.123799979686737,""dpkiOnchainMptProofResponseVerify"":0.4552000164985657,""dpkiOnchainRootRead"":5.545799970626831,""dpkiOnchainMptVerify"":0.5155999660491943,""dpkiOnchainOpenSslVerifyCert"":9.183700025081635,""dpkiOnchainAssertionSign"":12.05299997329712,""dpkiOnchainAssertionVerify"":9.162999987602234,""dpkiOnchainAuthSignature"":2.4068999886512756}",1,6669012,0xab0b096f247fe88717b2d3ff1f965e96b10781a56f28e17a785fe59ecdb61a60
1,DPKI,37,cross-domain,true,true,74386.88328779288,84715.12738782712,84906.71498787947,191.58760005235672,0,191.58760005235672,-1,1,1,65,"{""dpkiOnchainAuthenticateTx"":116.15130001306534,""dpkiOnchainCertTransferHttp"":0.3044000267982483,""dpkiOnchainRelayHttp"":0,""dpkiCrossRelayHttp"":0,""dpkiOnchainMptProofHttpQuery"":30.55699998140335,""dpkiOnchainMptProofSignerCertVerify"":9.691399991512299,""dpkiOnchainMptProofResponseVerify"":0.4868999719619751,""dpkiOnchainRootRead"":1.9264999628067017,""dpkiOnchainMptVerify"":0.40709996223449707,""dpkiOnchainOpenSslVerifyCert"":9.035199999809265,""dpkiOnchainAssertionSign"":11.378699958324432,""dpkiOnchainAssertionVerify"":9.172500014305115,""dpkiOnchainAuthSignature"":2.10999995470047}",1,6669015,0x7f0a531f2836210d5dd897083b0557b720ce92611717665f5ae5a28ff9e61426
1,DPKI,38,cross-domain,true,true,76773.35235360525,87101.59645363949,87282.23135367296,180.63490003347397,0,180.63490003347397,-1,1,1,65,"{""dpkiOnchainAuthenticateTx"":124.60820001363754,""dpkiOnchainCertTransferHttp"":0.10519999265670776,""dpkiOnchainRelayHttp"":0,""dpkiCrossRelayHttp"":0,""dpkiOnchainMptProofHttpQuery"":7.861699998378754,""dpkiOnchainMptProofSignerCertVerify"":9.753199994564056,""dpkiOnchainMptProofResponseVerify"":0.395300030708313,""dpkiOnchainRootRead"":3.5932000279426575,""dpkiOnchainMptVerify"":0.5452000498771667,""dpkiOnchainOpenSslVerifyCert"":9.588500022888184,""dpkiOnchainAssertionSign"":11.729300022125244,""dpkiOnchainAssertionVerify"":9.972500026226044,""dpkiOnchainAuthSignature"":2.081000030040741}",1,6669019,0xda830ab975460dff0a00b8ac43c208300e9c1c5ef02bb8e870ffaf1fb87b7c12
1,DPKI,39,cross-domain,true,true,77456.98963914072,87785.23373917496,87917.0035391823,131.7698000073433,0,131.7698000073433,-1,1,1,65,"{""dpkiOnchainAuthenticateTx"":83.05549997091293,""dpkiOnchainCertTransferHttp"":1.5252999663352966,""dpkiOnchainRelayHttp"":0,""dpkiCrossRelayHttp"":0,""dpkiOnchainMptProofHttpQuery"":2.4830999970436096,""dpkiOnchainMptProofSignerCertVerify"":9.657600045204163,""dpkiOnchainMptProofResponseVerify"":0.41269999742507935,""dpkiOnchainRootRead"":2.1782000064849854,""dpkiOnchainMptVerify"":0.4368000030517578,""dpkiOnchainOpenSslVerifyCert"":9.34799998998642,""dpkiOnchainAssertionSign"":11.651199996471405,""dpkiOnchainAssertionVerify"":8.596700012683868,""dpkiOnchainAuthSignature"":1.957200050354004}",1,6669022,0x950b11ab9615e862913fb534f068f98c1347d0ff9aff3c6bd33957331c037525
1,DPKI,40,cross-domain,true,true,77792.9950223183,88121.23912235253,88247.04162236207,125.80250000953674,0,125.80250000953674,-1,1,1,65,"{""dpkiOnchainAuthenticateTx"":75.74739998579025,""dpkiOnchainCertTransferHttp"":0.13650000095367432,""dpkiOnchainRelayHttp"":0,""dpkiCrossRelayHttp"":0,""dpkiOnchainMptProofHttpQuery"":2.3431999683380127,""dpkiOnchainMptProofSignerCertVerify"":9.991400003433228,""dpkiOnchainMptProofResponseVerify"":0.4747999906539917,""dpkiOnchainRootRead"":3.630999982357025,""dpkiOnchainMptVerify"":0.37870001792907715,""dpkiOnchainOpenSslVerifyCert"":9.833199977874756,""dpkiOnchainAssertionSign"":11.846499979496002,""dpkiOnchainAssertionVerify"":9.121600031852722,""dpkiOnchainAuthSignature"":1.918899953365326}",1,6669023,0x5678bac3668429b061be1c47931d284b3fbafa39487f4787d814a639a6d5c27b
1,DPKI,41,cross-domain,true,true,81305.29816387632,91633.54226391055,91787.40746389367,153.86519998311996,0,153.86519998311996,-1,1,1,65,"{""dpkiOnchainAuthenticateTx"":90.37590003013611,""dpkiOnchainCertTransferHttp"":0.33219999074935913,""dpkiOnchainRelayHttp"":0,""dpkiCrossRelayHttp"":0,""dpkiOnchainMptProofHttpQuery"":13.761399984359741,""dpkiOnchainMptProofSignerCertVerify"":9.926500022411346,""dpkiOnchainMptProofResponseVerify"":0.48739999532699585,""dpkiOnchainRootRead"":3.991100013256073,""dpkiOnchainMptVerify"":0.4412999749183655,""dpkiOnchainOpenSslVerifyCert"":10.073899984359741,""dpkiOnchainAssertionSign"":12.32209998369217,""dpkiOnchainAssertionVerify"":9.766299962997437,""dpkiOnchainAuthSignature"":1.9700999855995178}",1,6669026,0x48af14bc59bb87709548fd36c1907828c11f0a8d03053770f7575bc55a8f3596
1,DPKI,42,cross-domain,true,true,83538.90426727198,93867.14836730622,93990.09386732243,122.94550001621246,0,122.94550001621246,-1,1,1,65,"{""dpkiOnchainAuthenticateTx"":74.73600000143051,""dpkiOnchainCertTransferHttp"":0.2930999994277954,""dpkiOnchainRelayHttp"":0,""dpkiCrossRelayHttp"":0,""dpkiOnchainMptProofHttpQuery"":3.9280999898910522,""dpkiOnchainMptProofSignerCertVerify"":9.839399993419647,""dpkiOnchainMptProofResponseVerify"":0.419700026512146,""dpkiOnchainRootRead"":1.8977999687194824,""dpkiOnchainMptVerify"":0.37039995193481445,""dpkiOnchainOpenSslVerifyCert"":9,""dpkiOnchainAssertionSign"":11.395799994468689,""dpkiOnchainAssertionVerify"":8.57150000333786,""dpkiOnchainAuthSignature"":2.0936999917030334}",1,6669029,0x2464d61f1bbf8d3c62445c1ab8e926760ea7b3144eb9b2770b6a905bad2b7423
1,DPKI,43,cross-domain,true,true,83662.29582166999,93990.53992170423,94109.92332172721,119.38340002298355,0,119.38340002298355,-1,1,1,65,"{""dpkiOnchainAuthenticateTx"":43.807600021362305,""dpkiOnchainCertTransferHttp"":0.023000001907348633,""dpkiOnchainRelayHttp"":0,""dpkiCrossRelayHttp"":0,""dpkiOnchainMptProofHttpQuery"":31.078000009059906,""dpkiOnchainMptProofSignerCertVerify"":9.587699949741364,""dpkiOnchainMptProofResponseVerify"":0.43779999017715454,""dpkiOnchainRootRead"":1.9158999919891357,""dpkiOnchainMptVerify"":0.3937000036239624,""dpkiOnchainOpenSslVerifyCert"":9.255300045013428,""dpkiOnchainAssertionSign"":11.453500032424927,""dpkiOnchainAssertionVerify"":9.092899978160858,""dpkiOnchainAuthSignature"":1.9118000268936157}",1,6669032,0x5a96b017f39a52604b5936d847f94f220ccbe760a59f00bc43bf575ffd22bc4c
1,DPKI,44,cross-domain,true,true,83722.08491988083,94050.32901991507,94237.0242199411,186.6952000260353,0,186.6952000260353,-1,1,1,65,"{""dpkiOnchainAuthenticateTx"":139.86159998178482,""dpkiOnchainCertTransferHttp"":0.08799999952316284,""dpkiOnchainRelayHttp"":0,""dpkiCrossRelayHttp"":0,""dpkiOnchainMptProofHttpQuery"":2.7437999844551086,""dpkiOnchainMptProofSignerCertVerify"":9.531499981880188,""dpkiOnchainMptProofResponseVerify"":0.45260000228881836,""dpkiOnchainRootRead"":2.0792999863624573,""dpkiOnchainMptVerify"":0.3807000517845154,""dpkiOnchainOpenSslVerifyCert"":9.028900027275085,""dpkiOnchainAssertionSign"":11.498400032520294,""dpkiOnchainAssertionVerify"":8.692600011825562,""dpkiOnchainAuthSignature"":1.917900025844574}",1,6669035,0x88b52423ec734bdebbccd2c997b3fb924dcd40c1f465cf2a6b2790f96029853e
1,DPKI,45,cross-domain,true,true,84717.29232038632,95045.53642042055,95142.15622039213,96.6197999715805,0,96.6197999715805,-1,1,1,65,"{""dpkiOnchainAuthenticateTx"":45.270699977874756,""dpkiOnchainCertTransferHttp"":0.5724000334739685,""dpkiOnchainRelayHttp"":0,""dpkiCrossRelayHttp"":0,""dpkiOnchainMptProofHttpQuery"":5.876300036907196,""dpkiOnchainMptProofSignerCertVerify"":9.963500022888184,""dpkiOnchainMptProofResponseVerify"":0.44519996643066406,""dpkiOnchainRootRead"":1.7884000539779663,""dpkiOnchainMptVerify"":0.3847000002861023,""dpkiOnchainOpenSslVerifyCert"":8.974599957466125,""dpkiOnchainAssertionSign"":11.888999998569489,""dpkiOnchainAssertionVerify"":9.15499997138977,""dpkiOnchainAuthSignature"":1.9190000295639038}",1,6669037,0x9f9699f237a463de4d1488400ecc897eef4c962539912d4eddefd6aa4514831c
1,DPKI,46,cross-domain,true,true,86141.60350607715,96469.84760611139,96577.5336061009,107.68599998950958,0,107.68599998950958,-1,1,1,65,"{""dpkiOnchainAuthenticateTx"":56.49279999732971,""dpkiOnchainCertTransferHttp"":0.6827999949455261,""dpkiOnchainRelayHttp"":0,""dpkiCrossRelayHttp"":0,""dpkiOnchainMptProofHttpQuery"":5.351599991321564,""dpkiOnchainMptProofSignerCertVerify"":9.76690000295639,""dpkiOnchainMptProofResponseVerify"":0.4771000146865845,""dpkiOnchainRootRead"":2.4736000299453735,""dpkiOnchainMptVerify"":0.39250004291534424,""dpkiOnchainOpenSslVerifyCert"":9.308499991893768,""dpkiOnchainAssertionSign"":11.726700007915497,""dpkiOnchainAssertionVerify"":8.699699997901917,""dpkiOnchainAuthSignature"":1.932099997997284}",1,6669039,0xa5961596605fcf213699a2c0e30884387192b5552773ec3b6788c7847fe1d3f7
1,DPKI,47,cross-domain,true,true,88043.58509199838,98371.82919203262,98547.34279202441,175.5135999917984,0,175.5135999917984,-1,1,1,65,"{""dpkiOnchainAuthenticateTx"":116.97750002145767,""dpkiOnchainCertTransferHttp"":0.4684000015258789,""dpkiOnchainRelayHttp"":0,""dpkiCrossRelayHttp"":0,""dpkiOnchainMptProofHttpQuery"":14.744700014591217,""dpkiOnchainMptProofSignerCertVerify"":9.633000016212463,""dpkiOnchainMptProofResponseVerify"":0.4798000454902649,""dpkiOnchainRootRead"":1.9662999510765076,""dpkiOnchainMptVerify"":0.40119999647140503,""dpkiOnchainOpenSslVerifyCert"":8.884400010108948,""dpkiOnchainAssertionSign"":11.16430002450943,""dpkiOnchainAssertionVerify"":8.535999953746796,""dpkiOnchainAuthSignature"":1.8651000261306763}",1,6669041,0x1cc923bf191b16afcdd4e8baca163ab832f6a91ab578063b9ce4e2ea109957e1
1,DPKI,48,cross-domain,true,true,93819.0278086798,104147.27190871404,104240.31280870603,93.04089999198914,0,93.04089999198914,-1,1,1,65,"{""dpkiOnchainAuthenticateTx"":34.58090001344681,""dpkiOnchainCertTransferHttp"":0.2222999930381775,""dpkiOnchainRelayHttp"":0,""dpkiCrossRelayHttp"":0,""dpkiOnchainMptProofHttpQuery"":8.393299996852875,""dpkiOnchainMptProofSignerCertVerify"":9.838599979877472,""dpkiOnchainMptProofResponseVerify"":0.4271000027656555,""dpkiOnchainRootRead"":1.8337000012397766,""dpkiOnchainMptVerify"":0.39990001916885376,""dpkiOnchainOpenSslVerifyCert"":9.409000039100647,""dpkiOnchainAssertionSign"":11.918099999427795,""dpkiOnchainAssertionVerify"":13.606799960136414,""dpkiOnchainAuthSignature"":1.9330999851226807}",1,6669043,0x3c291e740113dd9e2e3e5721130bb654b6b85c2614f71a709ec7f1873a1dda48
1,DPKI,49,cross-domain,true,true,93961.18864166738,104289.43274170162,104434.2372416854,144.80449998378754,0,144.80449998378754,-1,1,1,65,"{""dpkiOnchainAuthenticateTx"":95.41920000314713,""dpkiOnchainCertTransferHttp"":1.07669997215271,""dpkiOnchainRelayHttp"":0,""dpkiCrossRelayHttp"":0,""dpkiOnchainMptProofHttpQuery"":2.2551000118255615,""dpkiOnchainMptProofSignerCertVerify"":9.595400035381317,""dpkiOnchainMptProofResponseVerify"":0.5347000360488892,""dpkiOnchainRootRead"":2.1419999599456787,""dpkiOnchainMptVerify"":0.39430004358291626,""dpkiOnchainOpenSslVerifyCert"":9.392699956893921,""dpkiOnchainAssertionSign"":12.419900000095367,""dpkiOnchainAssertionVerify"":9.065999984741211,""dpkiOnchainAuthSignature"":1.8849000334739685}",1,6669045,0xf3813be2ec62065e1dc74347acef54aebd960d27f6678824c62e6f363a6d70d6
1,DPKI,50,cross-domain,true,true,94762.17864716332,105090.42274719756,105212.43254715484,122.00979995727539,0,122.00979995727539,-1,1,1,65,"{""dpkiOnchainAuthenticateTx"":72.94160002470016,""dpkiOnchainCertTransferHttp"":0.8003000020980835,""dpkiOnchainRelayHttp"":0,""dpkiCrossRelayHttp"":0,""dpkiOnchainMptProofHttpQuery"":3.033899962902069,""dpkiOnchainMptProofSignerCertVerify"":9.576900005340576,""dpkiOnchainMptProofResponseVerify"":0.3928999900817871,""dpkiOnchainRootRead"":2.183300018310547,""dpkiOnchainMptVerify"":0.40630000829696655,""dpkiOnchainOpenSslVerifyCert"":9.369399964809418,""dpkiOnchainAssertionSign"":12.175599992275238,""dpkiOnchainAssertionVerify"":8.907000005245209,""dpkiOnchainAuthSignature"":1.8389000296592712}",1,6669048,0x7953e0c9bf0e58262a134640349b7fc0f45ce46a13de0b91788f9101a2f3f604
1,DPKI,51,cross-domain,true,true,95540.68845256921,105868.93255260345,105979.55875262377,110.62620002031326,0,110.62620002031326,-1,1,1,65,"{""dpkiOnchainAuthenticateTx"":59.195100009441376,""dpkiOnchainCertTransferHttp"":0.1735999584197998,""dpkiOnchainRelayHttp"":0,""dpkiCrossRelayHttp"":0,""dpkiOnchainMptProofHttpQuery"":5.41459995508194,""dpkiOnchainMptProofSignerCertVerify"":9.661499977111816,""dpkiOnchainMptProofResponseVerify"":0.4437999725341797,""dpkiOnchainRootRead"":3.4937999844551086,""dpkiOnchainMptVerify"":0.4112999439239502,""dpkiOnchainOpenSslVerifyCert"":9.114900052547455,""dpkiOnchainAssertionSign"":11.374400019645691,""dpkiOnchainAssertionVerify"":8.898999989032745,""dpkiOnchainAuthSignature"":1.964400053024292}",1,6669050,0x2e94f793fa3b0783774a9e9b9bb8210019c940f684a74c86e41703b851c3efd7
1,DPKI,52,cross-domain,true,true,98160.6732860668,108488.91738610103,108597.12248610094,108.20509999990463,0,108.20509999990463,-1,1,1,65,"{""dpkiOnchainAuthenticateTx"":56.48549997806549,""dpkiOnchainCertTransferHttp"":0.6427000164985657,""dpkiOnchainRelayHttp"":0,""dpkiCrossRelayHttp"":0,""dpkiOnchainMptProofHttpQuery"":6.771399974822998,""dpkiOnchainMptProofSignerCertVerify"":9.665899991989136,""dpkiOnchainMptProofResponseVerify"":0.42180001735687256,""dpkiOnchainRootRead"":1.8716000318527222,""dpkiOnchainMptVerify"":0.41519999504089355,""dpkiOnchainOpenSslVerifyCert"":8.980500042438507,""dpkiOnchainAssertionSign"":11.520699977874756,""dpkiOnchainAssertionVerify"":9.210000038146973,""dpkiOnchainAuthSignature"":1.8565999865531921}",1,6669051,0x085a188c45d86a54f537ef71b5942ab01fbe18c6fef239277476586822998a00
1,DPKI,53,cross-domain,true,true,99401.55587414131,109729.79997417555,109839.87327411995,110.07329994440079,0,110.07329994440079,-1,1,1,65,"{""dpkiOnchainAuthenticateTx"":54.93529999256134,""dpkiOnchainCertTransferHttp"":0.4941999912261963,""dpkiOnchainRelayHttp"":0,""dpkiCrossRelayHttp"":0,""dpkiOnchainMptProofHttpQuery"":6.852999985218048,""dpkiOnchainMptProofSignerCertVerify"":10.360399961471558,""dpkiOnchainMptProofResponseVerify"":0.46000003814697266,""dpkiOnchainRootRead"":3.619099974632263,""dpkiOnchainMptVerify"":0.4036000370979309,""dpkiOnchainOpenSslVerifyCert"":9.974699974060059,""dpkiOnchainAssertionSign"":11.660899996757507,""dpkiOnchainAssertionVerify"":9.02180004119873,""dpkiOnchainAuthSignature"":1.8805000185966492}",1,6669052,0x55ea84ceb7b7eb3bc2c802cc002951ac4f2fefb37d5b6174142793af54e8bf07
1,DPKI,54,cross-domain,true,true,100677.0870144055,111005.33111443973,111120.4986144588,115.16750001907349,0,115.16750001907349,-1,1,1,65,"{""dpkiOnchainAuthenticateTx"":50.97500002384186,""dpkiOnchainCertTransferHttp"":0.1386999487876892,""dpkiOnchainRelayHttp"":0,""dpkiCrossRelayHttp"":0,""dpkiOnchainMptProofHttpQuery"":16.011500000953674,""dpkiOnchainMptProofSignerCertVerify"":10.324100017547607,""dpkiOnchainMptProofResponseVerify"":0.4480999708175659,""dpkiOnchainRootRead"":3.7766000032424927,""dpkiOnchainMptVerify"":0.47220003604888916,""dpkiOnchainOpenSslVerifyCert"":9.303799986839294,""dpkiOnchainAssertionSign"":11.88450002670288,""dpkiOnchainAssertionVerify"":9.412900030612946,""dpkiOnchainAuthSignature"":2.0187999606132507}",1,6669055,0xd573214c495c8d2f7a0e4e4560c17f65758e206ebd84b9dc3f3fddccc93089fb
1,DPKI,55,cross-domain,true,true,101578.57248531502,111906.81658534925,112045.66418539207,138.84760004281998,0,138.84760004281998,-1,1,1,65,"{""dpkiOnchainAuthenticateTx"":74.53179997205734,""dpkiOnchainCertTransferHttp"":0.25940001010894775,""dpkiOnchainRelayHttp"":0,""dpkiCrossRelayHttp"":0,""dpkiOnchainMptProofHttpQuery"":14.140199959278107,""dpkiOnchainMptProofSignerCertVerify"":9.684399962425232,""dpkiOnchainMptProofResponseVerify"":0.47920000553131104,""dpkiOnchainRootRead"":5.839299976825714,""dpkiOnchainMptVerify"":0.36729997396469116,""dpkiOnchainOpenSslVerifyCert"":9.338600039482117,""dpkiOnchainAssertionSign"":12.27480000257492,""dpkiOnchainAssertionVerify"":9.532299995422363,""dpkiOnchainAuthSignature"":1.9642000198364258}",1,6669058,0x01e5665a486df673872631b1bdb604d5d5a8b21a7297099c5cea73a82ac99797
1,DPKI,56,cross-domain,true,true,103628.75471827641,113956.99881831065,114079.80711832896,122.80830001831055,0,122.80830001831055,-1,1,1,65,"{""dpkiOnchainAuthenticateTx"":72.81269997358322,""dpkiOnchainCertTransferHttp"":0.6656000018119812,""dpkiOnchainRelayHttp"":0,""dpkiCrossRelayHttp"":0,""dpkiOnchainMptProofHttpQuery"":4.062999963760376,""dpkiOnchainMptProofSignerCertVerify"":9.562300026416779,""dpkiOnchainMptProofResponseVerify"":0.39430004358291626,""dpkiOnchainRootRead"":1.836300015449524,""dpkiOnchainMptVerify"":0.38510000705718994,""dpkiOnchainOpenSslVerifyCert"":9.606499969959259,""dpkiOnchainAssertionSign"":11.883500039577484,""dpkiOnchainAssertionVerify"":9.208000004291534,""dpkiOnchainAuthSignature"":1.9065000414848328}",1,6669061,0x473a83f441ed3cc79d0c47093e846e12503fd53ab7fa2efc5049971409836179
1,DPKI,57,cross-domain,true,true,105408.20521794407,115736.4493179783,115906.6164179906,170.1671000123024,0,170.1671000123024,-1,1,1,65,"{""dpkiOnchainAuthenticateTx"":104.2761999964714,""dpkiOnchainCertTransferHttp"":0.26089996099472046,""dpkiOnchainRelayHttp"":0,""dpkiCrossRelayHttp"":0,""dpkiOnchainMptProofHttpQuery"":15.371100008487701,""dpkiOnchainMptProofSignerCertVerify"":9.934599995613098,""dpkiOnchainMptProofResponseVerify"":0.5005999803543091,""dpkiOnchainRootRead"":6.381399989128113,""dpkiOnchainMptVerify"":0.41009998321533203,""dpkiOnchainOpenSslVerifyCert"":9.30790001153946,""dpkiOnchainAssertionSign"":12.081700026988983,""dpkiOnchainAssertionVerify"":9.263999998569489,""dpkiOnchainAuthSignature"":1.939799964427948}",1,6669064,0x4cd78be45dc3f1d772a8ceed0fcb3ab7a13127e925018acc96f067a3dc3350fc
1,DPKI,58,cross-domain,true,true,106532.75374775787,116860.99784779211,116982.57384782692,121.57600003480911,0,121.57600003480911,-1,1,1,65,"{""dpkiOnchainAuthenticateTx"":71.98110002279282,""dpkiOnchainCertTransferHttp"":1.3754000067710876,""dpkiOnchainRelayHttp"":0,""dpkiCrossRelayHttp"":0,""dpkiOnchainMptProofHttpQuery"":3.4409000277519226,""dpkiOnchainMptProofSignerCertVerify"":9.975600004196167,""dpkiOnchainMptProofResponseVerify"":0.41119998693466187,""dpkiOnchainRootRead"":1.9174999594688416,""dpkiOnchainMptVerify"":0.4837999939918518,""dpkiOnchainOpenSslVerifyCert"":9.258199989795685,""dpkiOnchainAssertionSign"":11.583699941635132,""dpkiOnchainAssertionVerify"":8.703000009059906,""dpkiOnchainAuthSignature"":1.977999985218048}",1,6669067,0x0342ddd582e2c8012bb49f38532869dfae1f7f479d69b15483b3a414b3b119e4
1,DPKI,59,cross-domain,true,true,107596.64898785851,117924.89308789275,118066.8598879268,141.96680003404617,0,141.96680003404617,-1,1,1,65,"{""dpkiOnchainAuthenticateTx"":73.64800000190735,""dpkiOnchainCertTransferHttp"":0.2045000195503235,""dpkiOnchainRelayHttp"":0,""dpkiCrossRelayHttp"":0,""dpkiOnchainMptProofHttpQuery"":15.503499984741211,""dpkiOnchainMptProofSignerCertVerify"":13.037900030612946,""dpkiOnchainMptProofResponseVerify"":0.5579999685287476,""dpkiOnchainRootRead"":5.126900017261505,""dpkiOnchainMptVerify"":0.5603999495506287,""dpkiOnchainOpenSslVerifyCert"":9.4932000041008,""dpkiOnchainAssertionSign"":12.308700025081635,""dpkiOnchainAssertionVerify"":8.968600034713745,""dpkiOnchainAuthSignature"":2.15530002117157}",1,6669069,0x14f43b7e962941f184119eb338f7e726298fcd01170454a311dc41c93190bc4c
1,DPKI,60,cross-domain,true,true,109360.2968759609,119688.54097599514,119797.57177598008,109.03079998493195,0,109.03079998493195,-1,1,1,65,"{""dpkiOnchainAuthenticateTx"":55.436199963092804,""dpkiOnchainCertTransferHttp"":0.1008000373840332,""dpkiOnchainRelayHttp"":0,""dpkiCrossRelayHttp"":0,""dpkiOnchainMptProofHttpQuery"":8.386600017547607,""dpkiOnchainMptProofSignerCertVerify"":9.678500056266785,""dpkiOnchainMptProofResponseVerify"":0.5383999943733215,""dpkiOnchainRootRead"":1.814300000667572,""dpkiOnchainMptVerify"":0.4300000071525574,""dpkiOnchainOpenSslVerifyCert"":9.166100025177002,""dpkiOnchainAssertionSign"":11.745899975299835,""dpkiOnchainAssertionVerify"":9.12909996509552,""dpkiOnchainAuthSignature"":2.213099956512451}",1,6669073,0xd52dee9374b88ed471676e16176d7522ef4292de7988f300d8861f18672e5c45
1,DPKI,61,cross-domain,true,true,109423.5540634734,119751.79816350764,119841.11366352862,89.31550002098083,0,89.31550002098083,-1,1,1,65,"{""dpkiOnchainAuthenticateTx"":38.946700036525726,""dpkiOnchainCertTransferHttp"":2.0825000405311584,""dpkiOnchainRelayHttp"":0,""dpkiCrossRelayHttp"":0,""dpkiOnchainMptProofHttpQuery"":3.95059996843338,""dpkiOnchainMptProofSignerCertVerify"":9.769999980926514,""dpkiOnchainMptProofResponseVerify"":0.508400022983551,""dpkiOnchainRootRead"":1.8476999998092651,""dpkiOnchainMptVerify"":0.40380001068115234,""dpkiOnchainOpenSslVerifyCert"":9.0450000166893,""dpkiOnchainAssertionSign"":11.316500008106232,""dpkiOnchainAssertionVerify"":9.098100006580353,""dpkiOnchainAuthSignature"":1.9355999827384949}",1,6669075,0x0c27650650cc3d0d95a7cdb43882bcf7ca122646975d56fa76b7cead07bb4916
1,DPKI,62,cross-domain,true,true,112192.79923764363,122521.04333767787,122618.1258376588,97.08249998092651,0,97.08249998092651,-1,1,1,65,"{""dpkiOnchainAuthenticateTx"":42.30809998512268,""dpkiOnchainCertTransferHttp"":0.11309999227523804,""dpkiOnchainRelayHttp"":0,""dpkiCrossRelayHttp"":0,""dpkiOnchainMptProofHttpQuery"":4.392699956893921,""dpkiOnchainMptProofSignerCertVerify"":9.42819994688034,""dpkiOnchainMptProofResponseVerify"":0.5375999808311462,""dpkiOnchainRootRead"":6.92629998922348,""dpkiOnchainMptVerify"":0.4114999771118164,""dpkiOnchainOpenSslVerifyCert"":9.708700001239777,""dpkiOnchainAssertionSign"":11.745199978351593,""dpkiOnchainAssertionVerify"":9.208599984645844,""dpkiOnchainAuthSignature"":1.9176999926567078}",1,6669077,0x3f7a859fe7d5c80287d545428f74f2063769951af702517d6f11814d8d196595
1,DPKI,63,cross-domain,true,true,112880.38735719373,123208.63145722797,123373.62055720737,164.98909997940063,0,164.98909997940063,-1,1,1,65,"{""dpkiOnchainAuthenticateTx"":99.30320000648499,""dpkiOnchainCertTransferHttp"":0.038699984550476074,""dpkiOnchainRelayHttp"":0,""dpkiCrossRelayHttp"":0,""dpkiOnchainMptProofHttpQuery"":16.987299978733063,""dpkiOnchainMptProofSignerCertVerify"":11.111499965190887,""dpkiOnchainMptProofResponseVerify"":0.4742000102996826,""dpkiOnchainRootRead"":2.672700047492981,""dpkiOnchainMptVerify"":0.4049000144004822,""dpkiOnchainOpenSslVerifyCert"":9.425599992275238,""dpkiOnchainAssertionSign"":12.47649997472763,""dpkiOnchainAssertionVerify"":9.78769999742508,""dpkiOnchainAuthSignature"":1.8814999461174011}",1,6669081,0x8e4097a923123b1493fe12e2da6b7deead8c6de495b0471210faa50a571b93fd
1,DPKI,64,cross-domain,true,true,114435.15693969607,124763.4010397303,124850.22633970856,86.82529997825623,0,86.82529997825623,-1,1,1,65,"{""dpkiOnchainAuthenticateTx"":26.062900006771088,""dpkiOnchainCertTransferHttp"":0.6456000208854675,""dpkiOnchainRelayHttp"":0,""dpkiCrossRelayHttp"":0,""dpkiOnchainMptProofHttpQuery"":15.079499959945679,""dpkiOnchainMptProofSignerCertVerify"":9.640599966049194,""dpkiOnchainMptProofResponseVerify"":0.45419996976852417,""dpkiOnchainRootRead"":1.9657999873161316,""dpkiOnchainMptVerify"":0.4043999910354614,""dpkiOnchainOpenSslVerifyCert"":9.273000001907349,""dpkiOnchainAssertionSign"":11.856000006198883,""dpkiOnchainAssertionVerify"":9.093500018119812,""dpkiOnchainAuthSignature"":1.9617999792099}",1,6669085,0xbb69d8f63d1f29d727f6c0c74743124c22f0a1ab048a9a43428d0de795e6bf99
1,DPKI,65,cross-domain,true,true,115415.1944016576,125743.43850169184,125841.49290165903,98.0543999671936,0,98.0543999671936,-1,1,1,65,"{""dpkiOnchainAuthenticateTx"":46.836300015449524,""dpkiOnchainCertTransferHttp"":1.1561000347137451,""dpkiOnchainRelayHttp"":0,""dpkiCrossRelayHttp"":0,""dpkiOnchainMptProofHttpQuery"":4.94539999961853,""dpkiOnchainMptProofSignerCertVerify"":9.790199995040894,""dpkiOnchainMptProofResponseVerify"":0.42159998416900635,""dpkiOnchainRootRead"":1.8380999565124512,""dpkiOnchainMptVerify"":0.3499000072479248,""dpkiOnchainOpenSslVerifyCert"":9.10369998216629,""dpkiOnchainAssertionSign"":12.09689998626709,""dpkiOnchainAssertionVerify"":9.14460003376007,""dpkiOnchainAuthSignature"":1.992799997329712}",1,6669088,0xc37d93c5d3fcb1629e475e00d6f36e02ac7b8ca3b37b9ce691ff976d6e733d47
1,DPKI,66,cross-domain,true,true,117172.6910140793,127500.93511411354,127681.178814141,180.24370002746582,0,180.24370002746582,-1,1,1,65,"{""dpkiOnchainAuthenticateTx"":118.31919997930527,""dpkiOnchainCertTransferHttp"":0.3083000183105469,""dpkiOnchainRelayHttp"":0,""dpkiCrossRelayHttp"":0,""dpkiOnchainMptProofHttpQuery"":14.300300002098083,""dpkiOnchainMptProofSignerCertVerify"":9.52759999036789,""dpkiOnchainMptProofResponseVerify"":0.4239000082015991,""dpkiOnchainRootRead"":4.841800034046173,""dpkiOnchainMptVerify"":0.37940001487731934,""dpkiOnchainOpenSslVerifyCert"":9.56300002336502,""dpkiOnchainAssertionSign"":11.781899988651276,""dpkiOnchainAssertionVerify"":8.564300000667572,""dpkiOnchainAuthSignature"":1.8307000398635864}",1,6669092,0x21fede217dc607ea6874935954071cf323c2e1183074c4e4d3c79ec0e3bfd2aa
1,DPKI,67,cross-domain,true,true,118265.35463113355,128593.59873116779,128736.92773116397,143.3289999961853,0,143.3289999961853,-1,1,1,65,"{""dpkiOnchainAuthenticateTx"":91.39140003919601,""dpkiOnchainCertTransferHttp"":0.40000003576278687,""dpkiOnchainRelayHttp"":0,""dpkiCrossRelayHttp"":0,""dpkiOnchainMptProofHttpQuery"":5.754500031471252,""dpkiOnchainMptProofSignerCertVerify"":10.37660002708435,""dpkiOnchainMptProofResponseVerify"":0.4749000072479248,""dpkiOnchainRootRead"":1.9291000366210938,""dpkiOnchainMptVerify"":0.3763999938964844,""dpkiOnchainOpenSslVerifyCert"":9.710900008678436,""dpkiOnchainAssertionSign"":11.552200019359589,""dpkiOnchainAssertionVerify"":8.97709995508194,""dpkiOnchainAuthSignature"":1.9609999656677246}",1,6669095,0x56bb5eafe07cfdabc1f7cf9713c418a06c3e4a8e8368143f44713c53af2d52ab
1,DPKI,68,cross-domain,true,true,120866.20714214786,131194.4512421821,131344.0194422339,149.56820005178452,0,149.56820005178452,-1,1,1,65,"{""dpkiOnchainAuthenticateTx"":86.77320003509521,""dpkiOnchainCertTransferHttp"":0.2813999652862549,""dpkiOnchainRelayHttp"":0,""dpkiCrossRelayHttp"":0,""dpkiOnchainMptProofHttpQuery"":14.809000015258789,""dpkiOnchainMptProofSignerCertVerify"":9.54720002412796,""dpkiOnchainMptProofResponseVerify"":0.4406999945640564,""dpkiOnchainRootRead"":4.828599989414215,""dpkiOnchainMptVerify"":0.35430002212524414,""dpkiOnchainOpenSslVerifyCert"":9.063199996948242,""dpkiOnchainAssertionSign"":11.637199997901917,""dpkiOnchainAssertionVerify"":9.544200003147125,""dpkiOnchainAuthSignature"":1.8877000212669373}",1,6669098,0xe21aeff868f02d7ec03f66261c6c967c3e31282d4832ce405734a433dc530c6a
1,DPKI,69,cross-domain,true,true,121490.37954849143,131818.62364852568,131979.46504849335,160.84139996767044,0,160.84139996767044,-1,1,1,65,"{""dpkiOnchainAuthenticateTx"":104.9365000128746,""dpkiOnchainCertTransferHttp"":0.0787000060081482,""dpkiOnchainRelayHttp"":0,""dpkiCrossRelayHttp"":0,""dpkiOnchainMptProofHttpQuery"":6.003700017929077,""dpkiOnchainMptProofSignerCertVerify"":10.285300016403198,""dpkiOnchainMptProofResponseVerify"":0.48570001125335693,""dpkiOnchainRootRead"":3.998199999332428,""dpkiOnchainMptVerify"":0.3634999990463257,""dpkiOnchainOpenSslVerifyCert"":10.615599989891052,""dpkiOnchainAssertionSign"":12.311300039291382,""dpkiOnchainAssertionVerify"":9.434599995613098,""dpkiOnchainAuthSignature"":1.8725000023841858}",1,6669101,0x77dc3efc61fe8143aba00195a1f4626c4f5dc1b354d467f91d31857a554b1fe6
1,DPKI,70,cross-domain,true,true,125652.11672724863,135980.3608272829,136086.5617273011,106.20090001821518,0,106.20090001821518,-1,1,1,65,"{""dpkiOnchainAuthenticateTx"":50.941000044345856,""dpkiOnchainCertTransferHttp"":0.827299952507019,""dpkiOnchainRelayHttp"":0,""dpkiCrossRelayHttp"":0,""dpkiOnchainMptProofHttpQuery"":7.906899988651276,""dpkiOnchainMptProofSignerCertVerify"":9.85149997472763,""dpkiOnchainMptProofResponseVerify"":0.48100000619888306,""dpkiOnchainRootRead"":2.321600019931793,""dpkiOnchainMptVerify"":0.4035000205039978,""dpkiOnchainOpenSslVerifyCert"":9.972800016403198,""dpkiOnchainAssertionSign"":11.533700048923492,""dpkiOnchainAssertionVerify"":9.622699975967407,""dpkiOnchainAuthSignature"":1.9286999702453613}",1,6669104,0x550cfe97a20fa53ec66bd5fe899ea919d8f8f6319c38442df901c9d93e7f541b
1,DPKI,71,cross-domain,true,true,127572.4675819255,137900.71168195974,137998.8224819876,98.11080002784729,0,98.11080002784729,-1,1,1,65,"{""dpkiOnchainAuthenticateTx"":37.0271999835968,""dpkiOnchainCertTransferHttp"":2.4205999970436096,""dpkiOnchainRelayHttp"":0,""dpkiCrossRelayHttp"":0,""dpkiOnchainMptProofHttpQuery"":8.335399985313416,""dpkiOnchainMptProofSignerCertVerify"":9.605799973011017,""dpkiOnchainMptProofResponseVerify"":0.4666000008583069,""dpkiOnchainRootRead"":1.9591000080108643,""dpkiOnchainMptVerify"":0.4715999960899353,""dpkiOnchainOpenSslVerifyCert"":14.311199963092804,""dpkiOnchainAssertionSign"":11.667699992656708,""dpkiOnchainAssertionVerify"":9.420199990272522,""dpkiOnchainAuthSignature"":2.0049999952316284}",1,6669107,0x27172366919d3b05427c68ccb3290774dba2a4a9b5f893481d629c117ad2fbb6
1,DPKI,72,cross-domain,true,true,128647.79128390078,138976.03538393503,139119.57028394466,143.5349000096321,0,143.5349000096321,-1,1,1,65,"{""dpkiOnchainAuthenticateTx"":94.18709999322891,""dpkiOnchainCertTransferHttp"":1.6998000144958496,""dpkiOnchainRelayHttp"":0,""dpkiCrossRelayHttp"":0,""dpkiOnchainMptProofHttpQuery"":2.562399983406067,""dpkiOnchainMptProofSignerCertVerify"":9.497699975967407,""dpkiOnchainMptProofResponseVerify"":0.41269999742507935,""dpkiOnchainRootRead"":2.0927000045776367,""dpkiOnchainMptVerify"":0.3534999489784241,""dpkiOnchainOpenSslVerifyCert"":8.989000022411346,""dpkiOnchainAssertionSign"":11.895799994468689,""dpkiOnchainAssertionVerify"":9.552799999713898,""dpkiOnchainAuthSignature"":1.9172999858856201}",1,6669110,0x21ea1d34eb7ce53120550b1124841dcf6f0f799cd1c7378bffe152e17d9d28d0
1,DPKI,73,cross-domain,true,true,131531.0551484598,141859.29924849403,141988.98134849203,129.68209999799728,0,129.68209999799728,-1,1,1,65,"{""dpkiOnchainAuthenticateTx"":75.53690004348755,""dpkiOnchainCertTransferHttp"":1.5378000140190125,""dpkiOnchainRelayHttp"":0,""dpkiCrossRelayHttp"":0,""dpkiOnchainMptProofHttpQuery"":3.7937999963760376,""dpkiOnchainMptProofSignerCertVerify"":10.108799993991852,""dpkiOnchainMptProofResponseVerify"":0.44940000772476196,""dpkiOnchainRootRead"":5.1545000076293945,""dpkiOnchainMptVerify"":0.3586999773979187,""dpkiOnchainOpenSslVerifyCert"":9.530699968338013,""dpkiOnchainAssertionSign"":11.903299987316132,""dpkiOnchainAssertionVerify"":8.979399979114532,""dpkiOnchainAuthSignature"":1.902999997138977}",1,6669112,0x6bea2011b59bdfed8323446e796ddb0bfb01c833943e452fa0e0c850390ba0ce
1,DPKI,74,cross-domain,true,true,135684.35046141988,146012.5945614541,146116.32256143933,103.72799998521805,0,103.72799998521805,-1,1,1,65,"{""dpkiOnchainAuthenticateTx"":53.61500000953674,""dpkiOnchainCertTransferHttp"":0.7578999996185303,""dpkiOnchainRelayHttp"":0,""dpkiCrossRelayHttp"":0,""dpkiOnchainMptProofHttpQuery"":4.2471999526023865,""dpkiOnchainMptProofSignerCertVerify"":9.756999969482422,""dpkiOnchainMptProofResponseVerify"":0.4448000192642212,""dpkiOnchainRootRead"":1.954699993133545,""dpkiOnchainMptVerify"":0.35750001668930054,""dpkiOnchainOpenSslVerifyCert"":9.065500020980835,""dpkiOnchainAssertionSign"":11.931100010871887,""dpkiOnchainAssertionVerify"":9.198300004005432,""dpkiOnchainAuthSignature"":2.041700005531311}",1,6669115,0x7832bec9f1488d2463b094bd7e61fc466f5fea96fac6dfb5d699301f294135f9
1,DPKI,75,cross-domain,true,true,137592.71579763267,147920.9598976669,148072.52479770753,151.56490004062653,0,151.56490004062653,-1,1,1,65,"{""dpkiOnchainAuthenticateTx"":74.26679998636246,""dpkiOnchainCertTransferHttp"":0.8127999901771545,""dpkiOnchainRelayHttp"":0,""dpkiCrossRelayHttp"":0,""dpkiOnchainMptProofHttpQuery"":30.939099967479706,""dpkiOnchainMptProofSignerCertVerify"":9.759100019931793,""dpkiOnchainMptProofResponseVerify"":0.4162999987602234,""dpkiOnchainRootRead"":1.8944000005722046,""dpkiOnchainMptVerify"":0.3667999505996704,""dpkiOnchainOpenSslVerifyCert"":9.946400046348572,""dpkiOnchainAssertionSign"":11.835600018501282,""dpkiOnchainAssertionVerify"":9.027400016784668,""dpkiOnchainAuthSignature"":1.8835000395774841}",1,6669117,0x51a979e6c9787cfafc27d4b67569156bc507248b29affc87a67066bb5ecdfaea
1,DPKI,76,cross-domain,true,true,140825.24842700816,151153.4925270424,151290.08402702666,136.59149998426437,0,136.59149998426437,-1,1,1,65,"{""dpkiOnchainAuthenticateTx"":75.28829997777939,""dpkiOnchainCertTransferHttp"":1.6909000277519226,""dpkiOnchainRelayHttp"":0,""dpkiCrossRelayHttp"":0,""dpkiOnchainMptProofHttpQuery"":13.593899965286255,""dpkiOnchainMptProofSignerCertVerify"":9.695299983024597,""dpkiOnchainMptProofResponseVerify"":0.4291999936103821,""dpkiOnchainRootRead"":2.5121999979019165,""dpkiOnchainMptVerify"":0.35409998893737793,""dpkiOnchainOpenSslVerifyCert"":9.388300001621246,""dpkiOnchainAssertionSign"":11.745899975299835,""dpkiOnchainAssertionVerify"":9.51529997587204,""dpkiOnchainAuthSignature"":1.938700020313263}",1,6669121,0x7a5e4999a772be1bd6f3d329d3808f6c61a353072b43eff9f0918d429265adc2
1,DPKI,77,cross-domain,true,true,144862.34745668303,155190.59155671726,155303.1998566879,112.60829997062683,0,112.60829997062683,-1,1,1,65,"{""dpkiOnchainAuthenticateTx"":30.9268000125885,""dpkiOnchainCertTransferHttp"":0.1736999750137329,""dpkiOnchainRelayHttp"":0,""dpkiCrossRelayHttp"":0,""dpkiOnchainMptProofHttpQuery"":33.917599976062775,""dpkiOnchainMptProofSignerCertVerify"":9.63560003042221,""dpkiOnchainMptProofResponseVerify"":0.5156999826431274,""dpkiOnchainRootRead"":3.6371999979019165,""dpkiOnchainMptVerify"":0.3564000129699707,""dpkiOnchainOpenSslVerifyCert"":9.342100024223328,""dpkiOnchainAssertionSign"":12.325399994850159,""dpkiOnchainAssertionVerify"":9.561300039291382,""dpkiOnchainAuthSignature"":1.842299997806549}",1,6669124,0xa852c789306fba5929db5c195407678f673dfda7d4133111f72673c3c1516939
1,DPKI,78,cross-domain,true,true,155505.19529350332,165833.43939353756,165996.805793541,163.36640000343323,0,163.36640000343323,-1,1,1,65,"{""dpkiOnchainAuthenticateTx"":88.7863000035286,""dpkiOnchainCertTransferHttp"":0.11329996585845947,""dpkiOnchainRelayHttp"":0,""dpkiCrossRelayHttp"":0,""dpkiOnchainMptProofHttpQuery"":29.0832000374794,""dpkiOnchainMptProofSignerCertVerify"":9.458199977874756,""dpkiOnchainMptProofResponseVerify"":0.4228999614715576,""dpkiOnchainRootRead"":1.9780000448226929,""dpkiOnchainMptVerify"":0.47200000286102295,""dpkiOnchainOpenSslVerifyCert"":9.183299958705902,""dpkiOnchainAssertionSign"":12.190599977970123,""dpkiOnchainAssertionVerify"":9.27590000629425,""dpkiOnchainAuthSignature"":2.01010000705719}",1,6669128,0xba5576088daca98af885eec8f52788601c6b7ed464f985b9a00d70acfa35837f
1,DPKI,79,cross-domain,true,true,156036.0992544813,166364.34335451553,166492.1329545302,127.78960001468658,0,127.78960001468658,-1,1,1,65,"{""dpkiOnchainAuthenticateTx"":63.40490001440048,""dpkiOnchainCertTransferHttp"":0.30090004205703735,""dpkiOnchainRelayHttp"":0,""dpkiCrossRelayHttp"":0,""dpkiOnchainMptProofHttpQuery"":16.592899978160858,""dpkiOnchainMptProofSignerCertVerify"":9.634800016880035,""dpkiOnchainMptProofResponseVerify"":0.43039995431900024,""dpkiOnchainRootRead"":3.592300057411194,""dpkiOnchainMptVerify"":0.3611000180244446,""dpkiOnchainOpenSslVerifyCert"":9.527999997138977,""dpkiOnchainAssertionSign"":12.095899999141693,""dpkiOnchainAssertionVerify"":9.476700007915497,""dpkiOnchainAuthSignature"":1.9351999759674072}",1,6669131,0x2e000e8c036db4a3e746dec52b50967eb550319046dad767313e5cc0920c37b0
1,DPKI,80,cross-domain,true,true,156787.8812932439,167116.12539327814,167259.73239327146,143.60699999332428,0,143.60699999332428,-1,1,1,65,"{""dpkiOnchainAuthenticateTx"":91.93050003051758,""dpkiOnchainCertTransferHttp"":0.4966999888420105,""dpkiOnchainRelayHttp"":0,""dpkiCrossRelayHttp"":0,""dpkiOnchainMptProofHttpQuery"":5.659599959850311,""dpkiOnchainMptProofSignerCertVerify"":9.933600008487701,""dpkiOnchainMptProofResponseVerify"":0.4361000061035156,""dpkiOnchainRootRead"":1.8810999989509583,""dpkiOnchainMptVerify"":0.38189995288848877,""dpkiOnchainOpenSslVerifyCert"":8.961600005626678,""dpkiOnchainAssertionSign"":12.17059999704361,""dpkiOnchainAssertionVerify"":9.438499987125397,""dpkiOnchainAuthSignature"":1.9314000010490417}",1,6669133,0x3c36d3e6413f0b3288b4d6ce03e94796978bd1ef55d6dde6c51a3ce5096587d5
1,DPKI,81,cross-domain,true,true,159968.93855772272,170297.18265775696,170429.5898577954,132.40720003843307,0,132.40720003843307,-1,1,1,65,"{""dpkiOnchainAuthenticateTx"":72.23949998617172,""dpkiOnchainCertTransferHttp"":0.1062999963760376,""dpkiOnchainRelayHttp"":0,""dpkiCrossRelayHttp"":0,""dpkiOnchainMptProofHttpQuery"":8.60970002412796,""dpkiOnchainMptProofSignerCertVerify"":10.180800020694733,""dpkiOnchainMptProofResponseVerify"":0.4743000268936157,""dpkiOnchainRootRead"":6.799399971961975,""dpkiOnchainMptVerify"":0.4080999493598938,""dpkiOnchainOpenSslVerifyCert"":9.990799963474274,""dpkiOnchainAssertionSign"":12.203200042247772,""dpkiOnchainAssertionVerify"":8.980099976062775,""dpkiOnchainAuthSignature"":1.987500011920929}",1,6669135,0x16b43ad002789694c87c3235c7d3a85d0912fa1ab275a5643b47ec0d6a57c1d0
1,DPKI,82,cross-domain,true,true,162491.49932747099,172819.74342750522,172946.25352751228,126.51010000705719,0,126.51010000705719,-1,1,1,65,"{""dpkiOnchainAuthenticateTx"":62.02640002965927,""dpkiOnchainCertTransferHttp"":0.14319998025894165,""dpkiOnchainRelayHttp"":0,""dpkiCrossRelayHttp"":0,""dpkiOnchainMptProofHttpQuery"":18.654100000858307,""dpkiOnchainMptProofSignerCertVerify"":9.499300003051758,""dpkiOnchainMptProofResponseVerify"":0.4283999800682068,""dpkiOnchainRootRead"":2.0888999700546265,""dpkiOnchainMptVerify"":0.359000027179718,""dpkiOnchainOpenSslVerifyCert"":9.48989999294281,""dpkiOnchainAssertionSign"":12.091300010681152,""dpkiOnchainAssertionVerify"":9.16780000925064,""dpkiOnchainAuthSignature"":2.113099992275238}",1,6669137,0xeeab04a48512d35c818d057833cfbde2a41f086a7395f6556ae20b3a575beac4
1,DPKI,83,cross-domain,true,true,167776.68754314847,178104.9316431827,178245.78734319872,140.85570001602173,0,140.85570001602173,-1,1,1,65,"{""dpkiOnchainAuthenticateTx"":90.71579998731613,""dpkiOnchainCertTransferHttp"":1.1644999980926514,""dpkiOnchainRelayHttp"":0,""dpkiCrossRelayHttp"":0,""dpkiOnchainMptProofHttpQuery"":4.1043999791145325,""dpkiOnchainMptProofSignerCertVerify"":9.799300014972687,""dpkiOnchainMptProofResponseVerify"":0.44359999895095825,""dpkiOnchainRootRead"":1.8458999991416931,""dpkiOnchainMptVerify"":0.35860002040863037,""dpkiOnchainOpenSslVerifyCert"":9.012600004673004,""dpkiOnchainAssertionSign"":12.003099977970123,""dpkiOnchainAssertionVerify"":9.076399981975555,""dpkiOnchainAuthSignature"":1.8632999658584595}",1,6669139,0x94e5ff2039ed1e29498a2265617b4328afdcd93d9e9853c2195ed73fb5659fef
1,DPKI,84,cross-domain,true,true,169071.12074435598,179399.36484439022,179508.05024439938,108.68540000915527,0,108.68540000915527,-1,1,1,65,"{""dpkiOnchainAuthenticateTx"":59.13410001993179,""dpkiOnchainCertTransferHttp"":1.3729999661445618,""dpkiOnchainRelayHttp"":0,""dpkiCrossRelayHttp"":0,""dpkiOnchainMptProofHttpQuery"":2.8985999822616577,""dpkiOnchainMptProofSignerCertVerify"":9.542599976062775,""dpkiOnchainMptProofResponseVerify"":0.45249998569488525,""dpkiOnchainRootRead"":2.0691999793052673,""dpkiOnchainMptVerify"":0.3676999807357788,""dpkiOnchainOpenSslVerifyCert"":9.232300043106079,""dpkiOnchainAssertionSign"":12.197499990463257,""dpkiOnchainAssertionVerify"":9.136900007724762,""dpkiOnchainAuthSignature"":1.8781999945640564}",1,6669140,0x4b953f58a10f3817e19294b126ff5b87c1542089acad17288344d3cae85698cd
1,DPKI,85,cross-domain,true,true,170839.0815739316,181167.32567396582,181287.29807397546,119.97240000963211,0,119.97240000963211,-1,1,1,65,"{""dpkiOnchainAuthenticateTx"":42.741200029850006,""dpkiOnchainCertTransferHttp"":1.1509999632835388,""dpkiOnchainRelayHttp"":0,""dpkiCrossRelayHttp"":0,""dpkiOnchainMptProofHttpQuery"":29.98309999704361,""dpkiOnchainMptProofSignerCertVerify"":9.41480004787445,""dpkiOnchainMptProofResponseVerify"":0.4007999897003174,""dpkiOnchainRootRead"":1.8084999918937683,""dpkiOnchainMptVerify"":0.4527999758720398,""dpkiOnchainOpenSslVerifyCert"":9.581799983978271,""dpkiOnchainAssertionSign"":12.693300008773804,""dpkiOnchainAssertionVerify"":9.332099974155426,""dpkiOnchainAuthSignature"":2.0075000524520874}",1,6669143,0x11ce362a486644cb6176928c95deebe291f2aeef3a9fa053f9295b4677a82121
1,DPKI,86,cross-domain,true,true,171371.47370843845,181699.7178084727,181806.6226084705,106.90479999780655,0,106.90479999780655,-1,1,1,65,"{""dpkiOnchainAuthenticateTx"":46.634499967098236,""dpkiOnchainCertTransferHttp"":1.9133000373840332,""dpkiOnchainRelayHttp"":0,""dpkiCrossRelayHttp"":0,""dpkiOnchainMptProofHttpQuery"":13.463800013065338,""dpkiOnchainMptProofSignerCertVerify"":9.716899991035461,""dpkiOnchainMptProofResponseVerify"":0.4246000051498413,""dpkiOnchainRootRead"":1.8442000150680542,""dpkiOnchainMptVerify"":0.35920000076293945,""dpkiOnchainOpenSslVerifyCert"":9.639400005340576,""dpkiOnchainAssertionSign"":11.761400043964386,""dpkiOnchainAssertionVerify"":8.901899993419647,""dpkiOnchainAuthSignature"":1.8323000073432922}",1,6669147,0x7481f2dd08b746ed62aaa5b6006d545cc413085adb0531b15ada72d363617027
1,DPKI,87,cross-domain,true,true,173005.2862012168,183333.53030125104,183441.74770126544,108.21740001440048,0,108.21740001440048,-1,1,1,65,"{""dpkiOnchainAuthenticateTx"":47.807899951934814,""dpkiOnchainCertTransferHttp"":1.6103000044822693,""dpkiOnchainRelayHttp"":0,""dpkiCrossRelayHttp"":0,""dpkiOnchainMptProofHttpQuery"":13.195800006389618,""dpkiOnchainMptProofSignerCertVerify"":9.423799991607666,""dpkiOnchainMptProofResponseVerify"":0.39489996433258057,""dpkiOnchainRootRead"":1.83569997549057,""dpkiOnchainMptVerify"":0.3481999635696411,""dpkiOnchainOpenSslVerifyCert"":9.901799976825714,""dpkiOnchainAssertionSign"":11.892599999904633,""dpkiOnchainAssertionVerify"":9.438899993896484,""dpkiOnchainAuthSignature"":1.9545000195503235}",1,6669148,0x6c748b64a3ac0f965614022ddf6fa5bbe41bc40b07b02776d1d250a5f3acbbb0
1,DPKI,88,cross-domain,true,true,173600.85623450822,183929.10033454245,184053.7287345702,124.62840002775192,0,124.62840002775192,-1,1,1,65,"{""dpkiOnchainAuthenticateTx"":61.945199966430664,""dpkiOnchainCertTransferHttp"":2.0360000133514404,""dpkiOnchainRelayHttp"":0,""dpkiCrossRelayHttp"":0,""dpkiOnchainMptProofHttpQuery"":13.603900015354156,""dpkiOnchainMptProofSignerCertVerify"":10.20200002193451,""dpkiOnchainMptProofResponseVerify"":0.4410000443458557,""dpkiOnchainRootRead"":1.9404999613761902,""dpkiOnchainMptVerify"":0.35519999265670776,""dpkiOnchainOpenSslVerifyCert"":9.458599984645844,""dpkiOnchainAssertionSign"":13.03219997882843,""dpkiOnchainAssertionVerify"":9.146100044250488,""dpkiOnchainAuthSignature"":1.8865000009536743}",1,6669151,0x05a14ed16eb101a05a5d5e8ff589a4d14dbd7e9797e37236c99b5bb35de4ecd3
1,DPKI,89,cross-domain,true,true,174508.07032570525,184836.3144257395,184957.07012573167,120.75569999217987,0,120.75569999217987,-1,1,1,65,"{""dpkiOnchainAuthenticateTx"":62.819099962711334,""dpkiOnchainCertTransferHttp"":3.113600015640259,""dpkiOnchainRelayHttp"":0,""dpkiCrossRelayHttp"":0,""dpkiOnchainMptProofHttpQuery"":6.351100027561188,""dpkiOnchainMptProofSignerCertVerify"":10.856800019741058,""dpkiOnchainMptProofResponseVerify"":0.44179999828338623,""dpkiOnchainRootRead"":2.0633999705314636,""dpkiOnchainMptVerify"":0.38380002975463867,""dpkiOnchainOpenSslVerifyCert"":9.824100017547607,""dpkiOnchainAssertionSign"":12.55129998922348,""dpkiOnchainAssertionVerify"":10.055599987506866,""dpkiOnchainAuthSignature"":1.857699990272522}",1,6669153,0x045e66e2c52ed70a3153da6281826bdd98c602a38832664a351e08401652b940
1,DPKI,90,cross-domain,true,true,175038.2646345984,185366.50873463263,185536.43913464656,169.93040001392365,0,169.93040001392365,-1,1,1,65,"{""dpkiOnchainAuthenticateTx"":79.83569997549057,""dpkiOnchainCertTransferHttp"":0.1458999514579773,""dpkiOnchainRelayHttp"":0,""dpkiCrossRelayHttp"":0,""dpkiOnchainMptProofHttpQuery"":6.015999972820282,""dpkiOnchainMptProofSignerCertVerify"":9.992699980735779,""dpkiOnchainMptProofResponseVerify"":0.4742000102996826,""dpkiOnchainRootRead"":2.3503000140190125,""dpkiOnchainMptVerify"":0.3819999694824219,""dpkiOnchainOpenSslVerifyCert"":9.863099992275238,""dpkiOnchainAssertionSign"":49.31450003385544,""dpkiOnchainAssertionVerify"":9.197899997234344,""dpkiOnchainAuthSignature"":1.928000032901764}",1,6669156,0x48b729a7a06f27859158ef8b04f331bc5cae21211838192d6eb7b3137c44ca2b
1,DPKI,91,cross-domain,true,true,178601.55568840605,188929.7997884403,189077.15378847223,147.3540000319481,0,147.3540000319481,-1,1,1,65,"{""dpkiOnchainAuthenticateTx"":94.05549997091293,""dpkiOnchainCertTransferHttp"":0.9328000545501709,""dpkiOnchainRelayHttp"":0,""dpkiCrossRelayHttp"":0,""dpkiOnchainMptProofHttpQuery"":7.297999978065491,""dpkiOnchainMptProofSignerCertVerify"":9.612200021743774,""dpkiOnchainMptProofResponseVerify"":0.4575999975204468,""dpkiOnchainRootRead"":1.7894999980926514,""dpkiOnchainMptVerify"":0.374500036239624,""dpkiOnchainOpenSslVerifyCert"":9.857999980449677,""dpkiOnchainAssertionSign"":11.672399997711182,""dpkiOnchainAssertionVerify"":9.040199995040894,""dpkiOnchainAuthSignature"":1.8556999564170837}",1,6669160,0x9202a2fab61511f979e2c4eb560fc3b7623af245846ba0151ebead0b599f171e
1,DPKI,92,cross-domain,true,true,184365.96549220599,194694.20959224022,194783.89089222468,89.68129998445511,0,89.68129998445511,-1,1,1,65,"{""dpkiOnchainAuthenticateTx"":40.272100031375885,""dpkiOnchainCertTransferHttp"":0.6288999915122986,""dpkiOnchainRelayHttp"":0,""dpkiCrossRelayHttp"":0,""dpkiOnchainMptProofHttpQuery"":2.2266000509262085,""dpkiOnchainMptProofSignerCertVerify"":9.680499970912933,""dpkiOnchainMptProofResponseVerify"":0.428600013256073,""dpkiOnchainRootRead"":2.0419999957084656,""dpkiOnchainMptVerify"":0.39169996976852417,""dpkiOnchainOpenSslVerifyCert"":9.60479998588562,""dpkiOnchainAssertionSign"":12.877800047397614,""dpkiOnchainAssertionVerify"":9.172100007534027,""dpkiOnchainAuthSignature"":1.9219000339508057}",1,6669162,0x439b00b4544515848763713b550e4efca3c842339b2566830990d74631cfcc6a
1,DPKI,93,cross-domain,true,true,184738.16279155225,195066.4068915865,195166.27879160852,99.87190002202988,0,99.87190002202988,-1,1,1,65,"{""dpkiOnchainAuthenticateTx"":42.79399996995926,""dpkiOnchainCertTransferHttp"":1.6300000548362732,""dpkiOnchainRelayHttp"":0,""dpkiCrossRelayHttp"":0,""dpkiOnchainMptProofHttpQuery"":7.137100040912628,""dpkiOnchainMptProofSignerCertVerify"":10.08349996805191,""dpkiOnchainMptProofResponseVerify"":0.42739999294281006,""dpkiOnchainRootRead"":1.825600028038025,""dpkiOnchainMptVerify"":0.5482000112533569,""dpkiOnchainOpenSslVerifyCert"":9.81740003824234,""dpkiOnchainAssertionSign"":12.419700026512146,""dpkiOnchainAssertionVerify"":10.811000049114227,""dpkiOnchainAuthSignature"":1.9301000237464905}",1,6669164,0x5f232280d3e66fecf9037691fa30bbbf9bd3a34307ddba46023b883120654617
1,DPKI,94,cross-domain,true,true,185022.22677591836,195350.4708759526,195496.62327590978,146.15239995718002,0,146.15239995718002,-1,1,1,65,"{""dpkiOnchainAuthenticateTx"":96.33230000734329,""dpkiOnchainCertTransferHttp"":0.0756000280380249,""dpkiOnchainRelayHttp"":0,""dpkiCrossRelayHttp"":0,""dpkiOnchainMptProofHttpQuery"":4.051500022411346,""dpkiOnchainMptProofSignerCertVerify"":9.632300019264221,""dpkiOnchainMptProofResponseVerify"":0.39800000190734863,""dpkiOnchainRootRead"":1.873199999332428,""dpkiOnchainMptVerify"":0.3647000193595886,""dpkiOnchainOpenSslVerifyCert"":9.710399985313416,""dpkiOnchainAssertionSign"":12.254000008106232,""dpkiOnchainAssertionVerify"":9.233200013637543,""dpkiOnchainAuthSignature"":1.827899992465973}",1,6669168,0x995b7dce478218809d6cc846c85251118e319b87c7590b49dc57eb5538a39b4d
1,DPKI,95,cross-domain,true,true,186263.02435883842,196591.26845887266,196746.0260588821,154.75760000944138,0,154.75760000944138,-1,1,1,65,"{""dpkiOnchainAuthenticateTx"":92.28749996423721,""dpkiOnchainCertTransferHttp"":0.07969999313354492,""dpkiOnchainRelayHttp"":0,""dpkiCrossRelayHttp"":0,""dpkiOnchainMptProofHttpQuery"":14.1735999584198,""dpkiOnchainMptProofSignerCertVerify"":10.461600005626678,""dpkiOnchainMptProofResponseVerify"":0.43070000410079956,""dpkiOnchainRootRead"":2.3146000504493713,""dpkiOnchainMptVerify"":0.5162000060081482,""dpkiOnchainOpenSslVerifyCert"":9.789200007915497,""dpkiOnchainAssertionSign"":12.59850001335144,""dpkiOnchainAssertionVerify"":9.741499960422516,""dpkiOnchainAuthSignature"":1.9258000254631042}",1,6669170,0xcadda9d318f1290f2af3ca4954db5cfa8601e6d642cfc1847aa5f152f7106741
1,DPKI,96,cross-domain,true,true,189760.48370847566,200088.7278085099,200229.83030847175,141.10249996185303,0,141.10249996185303,-1,1,1,65,"{""dpkiOnchainAuthenticateTx"":75.88690000772476,""dpkiOnchainCertTransferHttp"":0.9182000160217285,""dpkiOnchainRelayHttp"":0,""dpkiCrossRelayHttp"":0,""dpkiOnchainMptProofHttpQuery"":14.847299993038177,""dpkiOnchainMptProofSignerCertVerify"":10.20389997959137,""dpkiOnchainMptProofResponseVerify"":0.4496999979019165,""dpkiOnchainRootRead"":3.6028000116348267,""dpkiOnchainMptVerify"":0.37199997901916504,""dpkiOnchainOpenSslVerifyCert"":9.62610000371933,""dpkiOnchainAssertionSign"":12.988100051879883,""dpkiOnchainAssertionVerify"":9.865800023078918,""dpkiOnchainAuthSignature"":1.8533999919891357}",1,6669173,0x0106b7461f29bed29a9692ca217e67efd0a2cc4f42cd4e7978bc0b5b0716c015
1,DPKI,97,cross-domain,true,true,191543.12997147138,201871.37407150562,201987.93187150056,116.55779999494553,0,116.55779999494553,-1,1,1,65,"{""dpkiOnchainAuthenticateTx"":58.623699963092804,""dpkiOnchainCertTransferHttp"":0.513700008392334,""dpkiOnchainRelayHttp"":0,""dpkiCrossRelayHttp"":0,""dpkiOnchainMptProofHttpQuery"":3.009100019931793,""dpkiOnchainMptProofSignerCertVerify"":9.957499980926514,""dpkiOnchainMptProofResponseVerify"":0.4560999870300293,""dpkiOnchainRootRead"":7.389500021934509,""dpkiOnchainMptVerify"":0.37400001287460327,""dpkiOnchainOpenSslVerifyCert"":10.32310003042221,""dpkiOnchainAssertionSign"":12.982299983501434,""dpkiOnchainAssertionVerify"":10.11049997806549,""dpkiOnchainAuthSignature"":1.9527000188827515}",1,6669175,0xc1b43b017228ef15d9d203ba0d4bda965c96b94a66f98a2a84a9c10b2943cdbe
1,DPKI,98,cross-domain,true,true,191550.0607045074,201878.30480454164,202062.4653714567,184.16056691505946,51.69296692707576,132.4675999879837,-1,1,1,65,"{""dpkiOnchainAuthenticateTx"":62.388700008392334,""dpkiOnchainCertTransferHttp"":0.22530001401901245,""dpkiOnchainRelayHttp"":0,""dpkiCrossRelayHttp"":0,""dpkiOnchainMptProofHttpQuery"":16.963799953460693,""dpkiOnchainMptProofSignerCertVerify"":9.858799993991852,""dpkiOnchainMptProofResponseVerify"":0.4577999711036682,""dpkiOnchainRootRead"":9.006300032138824,""dpkiOnchainMptVerify"":0.3885999917984009,""dpkiOnchainOpenSslVerifyCert"":10.320600032806396,""dpkiOnchainAssertionSign"":11.653400003910065,""dpkiOnchainAssertionVerify"":8.802799999713898,""dpkiOnchainAuthSignature"":1.9377999901771545}",1,6669177,0xe2711b7f44bb0d4bed7d3cde96f0c7ae879a750bc9c2eda2736ff19911ecc61b
1,DPKI,99,cross-domain,true,true,193305.66039851922,203633.90449855346,203755.80939856786,121.90490001440048,0,121.90490001440048,-1,1,1,65,"{""dpkiOnchainAuthenticateTx"":69.87779998779297,""dpkiOnchainCertTransferHttp"":0.4099000096321106,""dpkiOnchainRelayHttp"":0,""dpkiCrossRelayHttp"":0,""dpkiOnchainMptProofHttpQuery"":5.875800013542175,""dpkiOnchainMptProofSignerCertVerify"":9.831499993801117,""dpkiOnchainMptProofResponseVerify"":0.3896999955177307,""dpkiOnchainRootRead"":1.768999993801117,""dpkiOnchainMptVerify"":0.37860000133514404,""dpkiOnchainOpenSslVerifyCert"":9.521899998188019,""dpkiOnchainAssertionSign"":12.37689995765686,""dpkiOnchainAssertionVerify"":9.161700010299683,""dpkiOnchainAuthSignature"":1.8919000029563904}",1,6669179,0x1e91cfd31d6fe8cf306f37a94f2a1c4eda19b506278e002b410450f78d78be15
1,DPKI,100,cross-domain,true,true,200565.39168942944,210893.63578946367,211020.05318946615,126.41740000247955,0,126.41740000247955,-1,1,1,65,"{""dpkiOnchainAuthenticateTx"":71.1046000123024,""dpkiOnchainCertTransferHttp"":0.47689998149871826,""dpkiOnchainRelayHttp"":0,""dpkiCrossRelayHttp"":0,""dpkiOnchainMptProofHttpQuery"":6.687299966812134,""dpkiOnchainMptProofSignerCertVerify"":10.426999986171722,""dpkiOnchainMptProofResponseVerify"":0.454800009727478,""dpkiOnchainRootRead"":3.3668999671936035,""dpkiOnchainMptVerify"":0.37389999628067017,""dpkiOnchainOpenSslVerifyCert"":9.926699995994568,""dpkiOnchainAssertionSign"":11.96919995546341,""dpkiOnchainAssertionVerify"":9.342000007629395,""dpkiOnchainAuthSignature"":1.868399977684021}",1,6669182,0x557e1479d3126203264dab780c5f8a129ecf0432ca91ee22146ea98288672206
1,DPKI,101,cross-domain,true,true,200654.1552908102,210982.39939084442,211128.92759087475,146.52820003032684,0,146.52820003032684,-1,1,1,65,"{""dpkiOnchainAuthenticateTx"":83.57020002603531,""dpkiOnchainCertTransferHttp"":0.21050000190734863,""dpkiOnchainRelayHttp"":0,""dpkiCrossRelayHttp"":0,""dpkiOnchainMptProofHttpQuery"":15.390500009059906,""dpkiOnchainMptProofSignerCertVerify"":9.892300009727478,""dpkiOnchainMptProofResponseVerify"":0.420199990272522,""dpkiOnchainRootRead"":2.094599962234497,""dpkiOnchainMptVerify"":0.3746999502182007,""dpkiOnchainOpenSslVerifyCert"":9.977899968624115,""dpkiOnchainAssertionSign"":12.589200019836426,""dpkiOnchainAssertionVerify"":9.726699948310852,""dpkiOnchainAuthSignature"":1.88400000333786}",1,6669184,0x8303471c20a63a9ebcb0c1aa2cf596eec348f8ebb5ba8848f0c01ea65fc185a1
1,DPKI,102,cross-domain,true,true,204641.5349048665,214969.77900490075,215092.5080049327,122.72900003194809,0,122.72900003194809,-1,1,1,65,"{""dpkiOnchainAuthenticateTx"":59.84129995107651,""dpkiOnchainCertTransferHttp"":1.9233999848365784,""dpkiOnchainRelayHttp"":0,""dpkiCrossRelayHttp"":0,""dpkiOnchainMptProofHttpQuery"":14.916700005531311,""dpkiOnchainMptProofSignerCertVerify"":10.0067999958992,""dpkiOnchainMptProofResponseVerify"":0.4812999963760376,""dpkiOnchainRootRead"":1.94159996509552,""dpkiOnchainMptVerify"":0.40400004386901855,""dpkiOnchainOpenSslVerifyCert"":9.480799973011017,""dpkiOnchainAssertionSign"":12.007299959659576,""dpkiOnchainAssertionVerify"":9.370899975299835,""dpkiOnchainAuthSignature"":1.9237000346183777}",1,6669186,0x8d8091546dc40957889ce06d46e71caf30407e7b93cea2aef6f57b73d064b2e9
1,DPKI,103,cross-domain,true,true,205743.68198823612,216071.92608827035,216216.9268882839,145.00080001354218,0,145.00080001354218,-1,1,1,65,"{""dpkiOnchainAuthenticateTx"":91.32429999113083,""dpkiOnchainCertTransferHttp"":3.176300048828125,""dpkiOnchainRelayHttp"":0,""dpkiCrossRelayHttp"":0,""dpkiOnchainMptProofHttpQuery"":3.8120999932289124,""dpkiOnchainMptProofSignerCertVerify"":10.087500035762787,""dpkiOnchainMptProofResponseVerify"":0.4348999857902527,""dpkiOnchainRootRead"":1.8396999835968018,""dpkiOnchainMptVerify"":0.3758999705314636,""dpkiOnchainOpenSslVerifyCert"":9.515300035476685,""dpkiOnchainAssertionSign"":12.158200025558472,""dpkiOnchainAssertionVerify"":9.894900023937225,""dpkiOnchainAuthSignature"":1.9041999578475952}",1,6669190,0xde4f17231b89ce8f368138e18f31e1c529fd5cdd67ec4aa2c4c9c78a1cb87d1d
1,DPKI,104,cross-domain,true,true,207552.351653801,217880.59575383522,218040.82815383532,160.23240000009537,0,160.23240000009537,-1,1,1,65,"{""dpkiOnchainAuthenticateTx"":98.93620002269745,""dpkiOnchainCertTransferHttp"":0.12229996919631958,""dpkiOnchainRelayHttp"":0,""dpkiCrossRelayHttp"":0,""dpkiOnchainMptProofHttpQuery"":15.97759997844696,""dpkiOnchainMptProofSignerCertVerify"":9.563199996948242,""dpkiOnchainMptProofResponseVerify"":0.40700000524520874,""dpkiOnchainRootRead"":2.099500000476837,""dpkiOnchainMptVerify"":0.3579000234603882,""dpkiOnchainOpenSslVerifyCert"":9.292500019073486,""dpkiOnchainAssertionSign"":12.00160002708435,""dpkiOnchainAssertionVerify"":9.057200014591217,""dpkiOnchainAuthSignature"":2.017899990081787}",1,6669194,0xebc544fd0c5be7f91ebd229c6948e804c5761c4b863afb0a64fc945cb173f71b
1,DPKI,105,cross-domain,true,true,208807.24794738347,219135.4920474177,219264.80374740416,129.31169998645782,0,129.31169998645782,-1,1,1,65,"{""dpkiOnchainAuthenticateTx"":63.83840000629425,""dpkiOnchainCertTransferHttp"":0.8371999859809875,""dpkiOnchainRelayHttp"":0,""dpkiCrossRelayHttp"":0,""dpkiOnchainMptProofHttpQuery"":17.22479999065399,""dpkiOnchainMptProofSignerCertVerify"":10.057200014591217,""dpkiOnchainMptProofResponseVerify"":0.5047000050544739,""dpkiOnchainRootRead"":3.0909000039100647,""dpkiOnchainMptVerify"":0.3628000020980835,""dpkiOnchainOpenSslVerifyCert"":9.367999970912933,""dpkiOnchainAssertionSign"":12.232200026512146,""dpkiOnchainAssertionVerify"":9.327100038528442,""dpkiOnchainAuthSignature"":2.034600019454956}",1,6669197,0x7aceb5e135e4563db1917b40b86932bcbf6e9060cfdbe94a3f6c722cfcacbc73
1,DPKI,106,cross-domain,true,true,212070.1494880186,222398.39358805283,222506.15828804835,107.76469999551773,0,107.76469999551773,-1,1,1,65,"{""dpkiOnchainAuthenticateTx"":57.89759999513626,""dpkiOnchainCertTransferHttp"":0.16449999809265137,""dpkiOnchainRelayHttp"":0,""dpkiCrossRelayHttp"":0,""dpkiOnchainMptProofHttpQuery"":3.1765999794006348,""dpkiOnchainMptProofSignerCertVerify"":9.808499991893768,""dpkiOnchainMptProofResponseVerify"":0.4358000159263611,""dpkiOnchainRootRead"":2.2170000076293945,""dpkiOnchainMptVerify"":0.3789999485015869,""dpkiOnchainOpenSslVerifyCert"":9.264400005340576,""dpkiOnchainAssertionSign"":12.748700022697449,""dpkiOnchainAssertionVerify"":9.370100021362305,""dpkiOnchainAuthSignature"":1.907800018787384}",1,6669201,0xe5f3f3022a7e915a8c894005dcd5ba0732d53155c31aeb99152a7fc806b8ffca
1,DPKI,107,cross-domain,true,true,213602.36459984444,223930.60869987868,224125.43239988945,194.82370001077652,0,194.82370001077652,-1,1,1,65,"{""dpkiOnchainAuthenticateTx"":118.86760002374649,""dpkiOnchainCertTransferHttp"":0.669700026512146,""dpkiOnchainRelayHttp"":0,""dpkiCrossRelayHttp"":0,""dpkiOnchainMptProofHttpQuery"":30.033199965953827,""dpkiOnchainMptProofSignerCertVerify"":9.74949997663498,""dpkiOnchainMptProofResponseVerify"":0.457099974155426,""dpkiOnchainRootRead"":1.923699975013733,""dpkiOnchainMptVerify"":0.3375999927520752,""dpkiOnchainOpenSslVerifyCert"":9.632400035858154,""dpkiOnchainAssertionSign"":12.026199996471405,""dpkiOnchainAssertionVerify"":8.835700035095215,""dpkiOnchainAuthSignature"":1.8793999552726746}",1,6669203,0x7075851c9e54ddfe5a9c82a9bf3ed388a5ec30c018808b6b8534d3888477e498
1,DPKI,108,cross-domain,true,true,214020.70233475912,224348.94643479335,224466.15813481557,117.21170002222061,0,117.21170002222061,-1,1,1,65,"{""dpkiOnchainAuthenticateTx"":64.11849999427795,""dpkiOnchainCertTransferHttp"":0.4089999794960022,""dpkiOnchainRelayHttp"":0,""dpkiCrossRelayHttp"":0,""dpkiOnchainMptProofHttpQuery"":6.086000025272369,""dpkiOnchainMptProofSignerCertVerify"":10.022599995136261,""dpkiOnchainMptProofResponseVerify"":0.508899986743927,""dpkiOnchainRootRead"":2.096000015735626,""dpkiOnchainMptVerify"":0.35600000619888306,""dpkiOnchainOpenSslVerifyCert"":10.150499999523163,""dpkiOnchainAssertionSign"":12.138499975204468,""dpkiOnchainAssertionVerify"":9.043899953365326,""dpkiOnchainAuthSignature"":1.844099998474121}",1,6669206,0x75fded5ed872e74512fb9dd2ad05ddcee3d0f8b43bb2a262bc111ec0956151ed
1,DPKI,109,cross-domain,true,true,214162.63341733528,224490.87751736952,224629.5353173883,138.65780001878738,0,138.65780001878738,-1,1,1,65,"{""dpkiOnchainAuthenticateTx"":84.43599998950958,""dpkiOnchainCertTransferHttp"":1.748799979686737,""dpkiOnchainRelayHttp"":0,""dpkiCrossRelayHttp"":0,""dpkiOnchainMptProofHttpQuery"":6.530200004577637,""dpkiOnchainMptProofSignerCertVerify"":10.184000015258789,""dpkiOnchainMptProofResponseVerify"":0.3866000175476074,""dpkiOnchainRootRead"":2.0404000282287598,""dpkiOnchainMptVerify"":0.33730000257492065,""dpkiOnchainOpenSslVerifyCert"":9.556900024414062,""dpkiOnchainAssertionSign"":11.429199993610382,""dpkiOnchainAssertionVerify"":9.67900002002716,""dpkiOnchainAuthSignature"":1.9247000217437744}",1,6669209,0xda89ed69d304c12c5473f4eab47ee987d13feb7b5a4dae1ee99c4e2f4ecf0bbd
1,DPKI,110,cross-domain,true,true,215044.71146412275,225372.955564157,225504.09026415728,131.1347000002861,0,131.1347000002861,-1,1,1,65,"{""dpkiOnchainAuthenticateTx"":69.3455999493599,""dpkiOnchainCertTransferHttp"":0.4835999608039856,""dpkiOnchainRelayHttp"":0,""dpkiCrossRelayHttp"":0,""dpkiOnchainMptProofHttpQuery"":15.418799996376038,""dpkiOnchainMptProofSignerCertVerify"":9.993399977684021,""dpkiOnchainMptProofResponseVerify"":0.40320003032684326,""dpkiOnchainRootRead"":1.9502999782562256,""dpkiOnchainMptVerify"":0.3260999917984009,""dpkiOnchainOpenSslVerifyCert"":9.262499988079071,""dpkiOnchainAssertionSign"":11.995799958705902,""dpkiOnchainAssertionVerify"":9.277800023555756,""dpkiOnchainAuthSignature"":2.299500048160553}",1,6669211,0xb8124faf01bec2f5e5d6dd2636d8129513e9db683d059ad4809f7b774dee8a9f
1,DPKI,111,cross-domain,true,true,218642.81447300635,228971.0585730406,229103.4522730442,132.39370000362396,0,132.39370000362396,-1,1,1,65,"{""dpkiOnchainAuthenticateTx"":77.68130004405975,""dpkiOnchainCertTransferHttp"":4.77099996805191,""dpkiOnchainRelayHttp"":0,""dpkiCrossRelayHttp"":0,""dpkiOnchainMptProofHttpQuery"":4.168300032615662,""dpkiOnchainMptProofSignerCertVerify"":9.889100015163422,""dpkiOnchainMptProofResponseVerify"":0.4448999762535095,""dpkiOnchainRootRead"":1.9305999875068665,""dpkiOnchainMptVerify"":0.3339000344276428,""dpkiOnchainOpenSslVerifyCert"":9.28380000591278,""dpkiOnchainAssertionSign"":12.54780000448227,""dpkiOnchainAssertionVerify"":8.995899975299835,""dpkiOnchainAuthSignature"":1.8935999870300293}",1,6669214,0xa959cf7bad6fbe8a44d9a4e39537ce8f5a342fb56bd32d8c677be529b196ea40
1,DPKI,112,cross-domain,true,true,221919.54495337472,232247.78905340895,232385.2640533732,137.4749999642372,0,137.4749999642372,-1,1,1,65,"{""dpkiOnchainAuthenticateTx"":53.96739995479584,""dpkiOnchainCertTransferHttp"":0.8759999871253967,""dpkiOnchainRelayHttp"":0,""dpkiCrossRelayHttp"":0,""dpkiOnchainMptProofHttpQuery"":32.34119999408722,""dpkiOnchainMptProofSignerCertVerify"":9.552799999713898,""dpkiOnchainMptProofResponseVerify"":0.4099000096321106,""dpkiOnchainRootRead"":4.713800013065338,""dpkiOnchainMptVerify"":0.3385000228881836,""dpkiOnchainOpenSslVerifyCert"":10.983500003814697,""dpkiOnchainAssertionSign"":12.08619999885559,""dpkiOnchainAssertionVerify"":9.861999988555908,""dpkiOnchainAuthSignature"":1.9312999844551086}",1,6669216,0x268f8ce98dd4cae3566e1a0d7f1a6852cff10426e12e6212dd061b9a526bba65
1,DPKI,113,cross-domain,true,true,224116.53042094893,234444.77452098316,234580.2999209661,135.52539998292923,0,135.52539998292923,-1,1,1,65,"{""dpkiOnchainAuthenticateTx"":54.46390002965927,""dpkiOnchainCertTransferHttp"":0.0853000283241272,""dpkiOnchainRelayHttp"":0,""dpkiCrossRelayHttp"":0,""dpkiOnchainMptProofHttpQuery"":31.65659999847412,""dpkiOnchainMptProofSignerCertVerify"":10.003199994564056,""dpkiOnchainMptProofResponseVerify"":0.4456999897956848,""dpkiOnchainRootRead"":4.641400039196014,""dpkiOnchainMptVerify"":0.33480000495910645,""dpkiOnchainOpenSslVerifyCert"":9.69319999217987,""dpkiOnchainAssertionSign"":12.308899998664856,""dpkiOnchainAssertionVerify"":9.44839996099472,""dpkiOnchainAuthSignature"":2.0420000553131104}",1,6669219,0xca1c8824e94bfc01d5f8a6a684b98d6724e64183760bab15d77e17ec8bb81818
1,DPKI,114,cross-domain,true,true,224597.21538854015,234925.4594885744,235076.02918857706,150.5697000026703,0,150.5697000026703,-1,1,1,65,"{""dpkiOnchainAuthenticateTx"":89.02720004320145,""dpkiOnchainCertTransferHttp"":1.2397000193595886,""dpkiOnchainRelayHttp"":0,""dpkiCrossRelayHttp"":0,""dpkiOnchainMptProofHttpQuery"":15.119199991226196,""dpkiOnchainMptProofSignerCertVerify"":10.20609998703003,""dpkiOnchainMptProofResponseVerify"":0.428600013256073,""dpkiOnchainRootRead"":1.8704000115394592,""dpkiOnchainMptVerify"":0.32840001583099365,""dpkiOnchainOpenSslVerifyCert"":9.595200002193451,""dpkiOnchainAssertionSign"":11.782400012016296,""dpkiOnchainAssertionVerify"":8.630999982357025,""dpkiOnchainAuthSignature"":1.9160000085830688}",1,6669222,0x9632d6aa596374a21a781d425d615a81c5918bcd21a52576b2e35d506c10e258
1,DPKI,115,cross-domain,true,true,226301.21485280895,236629.45895284318,236805.2793528428,175.82039999961853,0,175.82039999961853,-1,1,1,65,"{""dpkiOnchainAuthenticateTx"":109.21519994735718,""dpkiOnchainCertTransferHttp"":0.10100001096725464,""dpkiOnchainRelayHttp"":0,""dpkiCrossRelayHttp"":0,""dpkiOnchainMptProofHttpQuery"":15.546800017356873,""dpkiOnchainMptProofSignerCertVerify"":9.878000020980835,""dpkiOnchainMptProofResponseVerify"":0.4299999475479126,""dpkiOnchainRootRead"":6.495700001716614,""dpkiOnchainMptVerify"":0.35819995403289795,""dpkiOnchainOpenSslVerifyCert"":9.927299976348877,""dpkiOnchainAssertionSign"":12.317399978637695,""dpkiOnchainAssertionVerify"":8.949000000953674,""dpkiOnchainAuthSignature"":2.1780999898910522}",1,6669225,0x91a275ae3ec680cc7749da7a6f2e26d7e4606ea2a275496780a4c2e60adac81b
1,DPKI,116,cross-domain,true,true,227296.06910740875,237624.313207443,237766.83930742287,142.52609997987747,0,142.52609997987747,-1,1,1,65,"{""dpkiOnchainAuthenticateTx"":87.73839998245239,""dpkiOnchainCertTransferHttp"":0.8179999589920044,""dpkiOnchainRelayHttp"":0,""dpkiCrossRelayHttp"":0,""dpkiOnchainMptProofHttpQuery"":6.891499996185303,""dpkiOnchainMptProofSignerCertVerify"":9.904000043869019,""dpkiOnchainMptProofResponseVerify"":0.44290000200271606,""dpkiOnchainRootRead"":1.9746000170707703,""dpkiOnchainMptVerify"":0.33820003271102905,""dpkiOnchainOpenSslVerifyCert"":10.651099979877472,""dpkiOnchainAssertionSign"":12.310800015926361,""dpkiOnchainAssertionVerify"":9.171900033950806,""dpkiOnchainAuthSignature"":1.8652000427246094}",1,6669228,0xd627e0b8fff32daa8deaa20cdf5779bde3f4339749a6fca340d0368f1655882f
1,DPKI,117,cross-domain,true,true,228491.72285682047,238819.9669568547,238913.37785685147,93.41089999675751,0,93.41089999675751,-1,1,1,65,"{""dpkiOnchainAuthenticateTx"":37.02189999818802,""dpkiOnchainCertTransferHttp"":1.245799958705902,""dpkiOnchainRelayHttp"":0,""dpkiCrossRelayHttp"":0,""dpkiOnchainMptProofHttpQuery"":6.36980003118515,""dpkiOnchainMptProofSignerCertVerify"":9.630800008773804,""dpkiOnchainMptProofResponseVerify"":0.3991999626159668,""dpkiOnchainRootRead"":5.169000029563904,""dpkiOnchainMptVerify"":0.39010000228881836,""dpkiOnchainOpenSslVerifyCert"":9.555499970912933,""dpkiOnchainAssertionSign"":12.161900043487549,""dpkiOnchainAssertionVerify"":9.180400013923645,""dpkiOnchainAuthSignature"":1.873199999332428}",1,6669229,0x40b9f95ae580d873a0dc2ff1a3b70ee56aa498df3cf7254f3eb915a48d8d2ecd
1,DPKI,118,cross-domain,true,true,231893.47223510468,242221.71633513892,242400.94093509638,179.22459995746613,0,179.22459995746613,-1,1,1,65,"{""dpkiOnchainAuthenticateTx"":128.79879999160767,""dpkiOnchainCertTransferHttp"":0.38460004329681396,""dpkiOnchainRelayHttp"":0,""dpkiCrossRelayHttp"":0,""dpkiOnchainMptProofHttpQuery"":4.103100001811981,""dpkiOnchainMptProofSignerCertVerify"":9.81580001115799,""dpkiOnchainMptProofResponseVerify"":0.4948999881744385,""dpkiOnchainRootRead"":2.1444000005722046,""dpkiOnchainMptVerify"":0.4495999813079834,""dpkiOnchainOpenSslVerifyCert"":9.815900027751923,""dpkiOnchainAssertionSign"":11.962800025939941,""dpkiOnchainAssertionVerify"":8.828200042247772,""dpkiOnchainAuthSignature"":1.9582000374794006}",1,6669231,0xbbc5f11dd5406f8931a0d2eeee43af54bd6d7b7b722ab730dadb40d28bfbb7dc
1,DPKI,119,cross-domain,true,true,233879.48441153273,244207.72851156697,244355.4534115742,147.72490000724792,0,147.72490000724792,-1,1,1,65,"{""dpkiOnchainAuthenticateTx"":72.98120003938675,""dpkiOnchainCertTransferHttp"":1.5875999927520752,""dpkiOnchainRelayHttp"":0,""dpkiCrossRelayHttp"":0,""dpkiOnchainMptProofHttpQuery"":14.023599982261658,""dpkiOnchainMptProofSignerCertVerify"":9.738200008869171,""dpkiOnchainMptProofResponseVerify"":0.46560001373291016,""dpkiOnchainRootRead"":13.39079999923706,""dpkiOnchainMptVerify"":0.36410003900527954,""dpkiOnchainOpenSslVerifyCert"":10.588299989700317,""dpkiOnchainAssertionSign"":12.856600046157837,""dpkiOnchainAssertionVerify"":9.42929995059967,""dpkiOnchainAuthSignature"":1.8788999915122986}",1,6669232,0x45ff95b7b42dbe4022255ea83ac626e4d7def1f70ec4a6de1b7d6b9f6368a3b5
1,DPKI,120,cross-domain,true,true,235390.98493155735,245719.2290315916,245845.3170315911,126.08799999952316,0,126.08799999952316,-1,1,1,65,"{""dpkiOnchainAuthenticateTx"":64.40789997577667,""dpkiOnchainCertTransferHttp"":0.17710000276565552,""dpkiOnchainRelayHttp"":0,""dpkiCrossRelayHttp"":0,""dpkiOnchainMptProofHttpQuery"":15.85530000925064,""dpkiOnchainMptProofSignerCertVerify"":10.089800000190735,""dpkiOnchainMptProofResponseVerify"":0.4535999894142151,""dpkiOnchainRootRead"":1.9638000130653381,""dpkiOnchainMptVerify"":0.3555999994277954,""dpkiOnchainOpenSslVerifyCert"":9.306700050830841,""dpkiOnchainAssertionSign"":11.610100030899048,""dpkiOnchainAssertionVerify"":9.442900002002716,""dpkiOnchainAuthSignature"":2.000499963760376}",1,6669235,0xcd3e928c4abffdc5e9253b99a0f57abb70fb47e181da402ac681f836a7f320f3
1,DPKI,121,cross-domain,true,true,237026.43651296274,247354.68061299698,247524.6340129532,169.95339995622635,0,169.95339995622635,-1,1,1,65,"{""dpkiOnchainAuthenticateTx"":107.44990003108978,""dpkiOnchainCertTransferHttp"":0.34359997510910034,""dpkiOnchainRelayHttp"":0,""dpkiCrossRelayHttp"":0,""dpkiOnchainMptProofHttpQuery"":3.079800009727478,""dpkiOnchainMptProofSignerCertVerify"":11.173099994659424,""dpkiOnchainMptProofResponseVerify"":0.48350000381469727,""dpkiOnchainRootRead"":5.905499994754791,""dpkiOnchainMptVerify"":0.36059999465942383,""dpkiOnchainOpenSslVerifyCert"":13.939999997615814,""dpkiOnchainAssertionSign"":15.534299969673157,""dpkiOnchainAssertionVerify"":9.347300052642822,""dpkiOnchainAuthSignature"":1.8651000261306763}",1,6669237,0xa2187847840640b2365a849e6d543eb5ee48540b9ab139eee6a16cff212286be
1,DPKI,122,cross-domain,true,true,239029.35659514778,249357.60069518202,249531.01919518822,173.41850000619888,0,173.41850000619888,-1,1,1,65,"{""dpkiOnchainAuthenticateTx"":107.18279999494553,""dpkiOnchainCertTransferHttp"":2.2870999574661255,""dpkiOnchainRelayHttp"":0,""dpkiCrossRelayHttp"":0,""dpkiOnchainMptProofHttpQuery"":13.076799988746643,""dpkiOnchainMptProofSignerCertVerify"":9.690900027751923,""dpkiOnchainMptProofResponseVerify"":0.43550002574920654,""dpkiOnchainRootRead"":6.7724000215530396,""dpkiOnchainMptVerify"":0.36309999227523804,""dpkiOnchainOpenSslVerifyCert"":9.951900005340576,""dpkiOnchainAssertionSign"":12.142599999904633,""dpkiOnchainAssertionVerify"":9.13400000333786,""dpkiOnchainAuthSignature"":1.9646000266075134}",1,6669239,0x69e964c3092dd88c85e1f8a6fe74753662125edf5bb68058fa67091451dc2385
1,DPKI,123,cross-domain,true,true,239165.0170616147,249493.26116164893,249630.84836169452,137.58720004558563,0,137.58720004558563,-1,1,1,65,"{""dpkiOnchainAuthenticateTx"":57.11769998073578,""dpkiOnchainCertTransferHttp"":1.2621999979019165,""dpkiOnchainRelayHttp"":0,""dpkiCrossRelayHttp"":0,""dpkiOnchainMptProofHttpQuery"":30.028999984264374,""dpkiOnchainMptProofSignerCertVerify"":9.709399998188019,""dpkiOnchainMptProofResponseVerify"":0.5236999988555908,""dpkiOnchainRootRead"":2.0925999879837036,""dpkiOnchainMptVerify"":0.37710005044937134,""dpkiOnchainOpenSslVerifyCert"":9.422400057315826,""dpkiOnchainAssertionSign"":14.184800028800964,""dpkiOnchainAssertionVerify"":10.474200010299683,""dpkiOnchainAuthSignature"":1.934499979019165}",1,6669242,0x9c2cff1bd1fe8aa5b0ae7216fe0214aa17779418a791995ee9993ecf62529028
1,DPKI,124,cross-domain,true,true,239223.78752874394,249552.03162877818,249663.04402874966,111.01239997148514,0,111.01239997148514,-1,1,1,65,"{""dpkiOnchainAuthenticateTx"":58.37389999628067,""dpkiOnchainCertTransferHttp"":2.918500006198883,""dpkiOnchainRelayHttp"":0,""dpkiCrossRelayHttp"":0,""dpkiOnchainMptProofHttpQuery"":2.4508999586105347,""dpkiOnchainMptProofSignerCertVerify"":9.820100009441376,""dpkiOnchainMptProofResponseVerify"":0.44429999589920044,""dpkiOnchainRootRead"":3.284500002861023,""dpkiOnchainMptVerify"":0.335099995136261,""dpkiOnchainOpenSslVerifyCert"":9.675999999046326,""dpkiOnchainAssertionSign"":12.251999974250793,""dpkiOnchainAssertionVerify"":8.961099982261658,""dpkiOnchainAuthSignature"":2.0550999641418457}",1,6669245,0xcdfff874225c8ede9e05eb663b561e369f758f68bdbc4ed90963517156e980fa
1,DPKI,125,cross-domain,true,true,240797.56346152804,251125.80756156228,251212.86196158908,87.05440002679825,0,87.05440002679825,-1,1,1,65,"{""dpkiOnchainAuthenticateTx"":38.9578999876976,""dpkiOnchainCertTransferHttp"":0.49080002307891846,""dpkiOnchainRelayHttp"":0,""dpkiCrossRelayHttp"":0,""dpkiOnchainMptProofHttpQuery"":2.35970002412796,""dpkiOnchainMptProofSignerCertVerify"":9.799500048160553,""dpkiOnchainMptProofResponseVerify"":0.3961000442504883,""dpkiOnchainRootRead"":2.0658000111579895,""dpkiOnchainMptVerify"":0.3449999690055847,""dpkiOnchainOpenSslVerifyCert"":8.947400033473969,""dpkiOnchainAssertionSign"":12.08459997177124,""dpkiOnchainAssertionVerify"":9.286399960517883,""dpkiOnchainAuthSignature"":1.9343000054359436}",1,6669248,0xe75a8dd39414d919338ef09a7528b275ab4d3e6ff11c83dc895c49ec35f17d59
1,DPKI,126,cross-domain,true,true,241384.04265356157,251712.2867535958,251838.53495359514,126.24819999933243,0,126.24819999933243,-1,1,1,65,"{""dpkiOnchainAuthenticateTx"":76.0460000038147,""dpkiOnchainCertTransferHttp"":0.4085000157356262,""dpkiOnchainRelayHttp"":0,""dpkiCrossRelayHttp"":0,""dpkiOnchainMptProofHttpQuery"":3.6579999923706055,""dpkiOnchainMptProofSignerCertVerify"":10.11710000038147,""dpkiOnchainMptProofResponseVerify"":0.4315999746322632,""dpkiOnchainRootRead"":1.748799979686737,""dpkiOnchainMptVerify"":0.32829999923706055,""dpkiOnchainOpenSslVerifyCert"":9.426400005817413,""dpkiOnchainAssertionSign"":12.508199989795685,""dpkiOnchainAssertionVerify"":9.09170001745224,""dpkiOnchainAuthSignature"":2.0419000387191772}",1,6669250,0xa3092111b2f12b1a224e80bc340b7a30749db40d1dfe0f5664a2d3d1abdba578
1,DPKI,127,cross-domain,true,true,244580.19010779055,254908.4342078248,255150.5086078325,242.07440000772476,0,242.07440000772476,-1,1,1,65,"{""dpkiOnchainAuthenticateTx"":178.71109998226166,""dpkiOnchainCertTransferHttp"":0.5055000185966492,""dpkiOnchainRelayHttp"":0,""dpkiCrossRelayHttp"":0,""dpkiOnchainMptProofHttpQuery"":16.325800001621246,""dpkiOnchainMptProofSignerCertVerify"":10.159300029277802,""dpkiOnchainMptProofResponseVerify"":0.4114000201225281,""dpkiOnchainRootRead"":1.9469000101089478,""dpkiOnchainMptVerify"":0.4967000484466553,""dpkiOnchainOpenSslVerifyCert"":9.030900001525879,""dpkiOnchainAssertionSign"":12.981099963188171,""dpkiOnchainAssertionVerify"":9.164900004863739,""dpkiOnchainAuthSignature"":1.9387999773025513}",1,6669253,0xa40615ce25bdcc92cd95a590d05e780f1a4fe61b0f67f9616c0968c857698537
1,DPKI,128,cross-domain,true,true,245080.38764873124,255408.63174876547,255568.4383487997,159.8066000342369,0,159.8066000342369,-1,1,1,65,"{""dpkiOnchainAuthenticateTx"":106.87399995326996,""dpkiOnchainCertTransferHttp"":0.3791999816894531,""dpkiOnchainRelayHttp"":0,""dpkiCrossRelayHttp"":0,""dpkiOnchainMptProofHttpQuery"":5.8632999658584595,""dpkiOnchainMptProofSignerCertVerify"":10.149100005626678,""dpkiOnchainMptProofResponseVerify"":0.4509999752044678,""dpkiOnchainRootRead"":1.9369999766349792,""dpkiOnchainMptVerify"":0.35669994354248047,""dpkiOnchainOpenSslVerifyCert"":9.628199994564056,""dpkiOnchainAssertionSign"":12.25959998369217,""dpkiOnchainAssertionVerify"":9.66780000925064,""dpkiOnchainAuthSignature"":1.8073000311851501}",1,6669255,0x8330ebec2026e6e5666b90aa38364d28f0ab4e182e19a34e8617fa9bc4bb33ba
1,DPKI,129,cross-domain,true,true,245585.6214117827,255913.86551181693,256061.10551182646,147.24000000953674,0,147.24000000953674,-1,1,1,65,"{""dpkiOnchainAuthenticateTx"":71.05629998445511,""dpkiOnchainCertTransferHttp"":3.5955000519752502,""dpkiOnchainRelayHttp"":0,""dpkiCrossRelayHttp"":0,""dpkiOnchainMptProofHttpQuery"":27.183899998664856,""dpkiOnchainMptProofSignerCertVerify"":9.529699981212616,""dpkiOnchainMptProofResponseVerify"":0.4302999973297119,""dpkiOnchainRootRead"":1.8491999506950378,""dpkiOnchainMptVerify"":0.3568999767303467,""dpkiOnchainOpenSslVerifyCert"":9.992699980735779,""dpkiOnchainAssertionSign"":12.176800012588501,""dpkiOnchainAssertionVerify"":8.614000022411346,""dpkiOnchainAuthSignature"":2.0200999975204468}",1,6669259,0x09e9533210ae4681597934029634e66c2929a0273f7b6ee41314d174dc299d26
1,DPKI,130,cross-domain,true,true,245910.42026199788,256238.6643620321,256376.04886205881,137.38450002670288,0,137.38450002670288,-1,1,1,65,"{""dpkiOnchainAuthenticateTx"":61.79519999027252,""dpkiOnchainCertTransferHttp"":0.39660000801086426,""dpkiOnchainRelayHttp"":0,""dpkiCrossRelayHttp"":0,""dpkiOnchainMptProofHttpQuery"":29.874899983406067,""dpkiOnchainMptProofSignerCertVerify"":9.62229996919632,""dpkiOnchainMptProofResponseVerify"":0.45069998502731323,""dpkiOnchainRootRead"":2.175399959087372,""dpkiOnchainMptVerify"":0.48240000009536743,""dpkiOnchainOpenSslVerifyCert"":9.56819999217987,""dpkiOnchainAssertionSign"":11.74859994649887,""dpkiOnchainAssertionVerify"":8.993000030517578,""dpkiOnchainAuthSignature"":1.8812999725341797}",1,6669262,0x4d3c250b966064288e49c41c7f77d5880c3f7dee83f4aeee4169755a765d0422
1,DPKI,131,cross-domain,true,true,246686.76989013926,257015.0139901735,257116.9515901901,101.93760001659393,0,101.93760001659393,-1,1,1,65,"{""dpkiOnchainAuthenticateTx"":46.383700013160706,""dpkiOnchainCertTransferHttp"":0.2336999773979187,""dpkiOnchainRelayHttp"":0,""dpkiCrossRelayHttp"":0,""dpkiOnchainMptProofHttpQuery"":7.730799973011017,""dpkiOnchainMptProofSignerCertVerify"":9.706900000572205,""dpkiOnchainMptProofResponseVerify"":0.3889000415802002,""dpkiOnchainRootRead"":3.3830000162124634,""dpkiOnchainMptVerify"":0.4090999960899353,""dpkiOnchainOpenSslVerifyCert"":10.032800018787384,""dpkiOnchainAssertionSign"":11.890399992465973,""dpkiOnchainAssertionVerify"":9.355400025844574,""dpkiOnchainAuthSignature"":1.9771000146865845}",1,6669265,0xa3cb8c99ec4899c0dfd5865c40906941c314aa656289a6458e1c49062755706a
1,DPKI,132,cross-domain,true,true,250482.83014587883,260811.07424591307,260899.75134591584,88.67710000276566,0,88.67710000276566,-1,1,1,65,"{""dpkiOnchainAuthenticateTx"":38.34810000658035,""dpkiOnchainCertTransferHttp"":0.12709999084472656,""dpkiOnchainRelayHttp"":0,""dpkiCrossRelayHttp"":0,""dpkiOnchainMptProofHttpQuery"":3.180299997329712,""dpkiOnchainMptProofSignerCertVerify"":10.46230000257492,""dpkiOnchainMptProofResponseVerify"":0.4440000057220459,""dpkiOnchainRootRead"":1.7885000109672546,""dpkiOnchainMptVerify"":0.35269999504089355,""dpkiOnchainOpenSslVerifyCert"":9.21230000257492,""dpkiOnchainAssertionSign"":12.505400002002716,""dpkiOnchainAssertionVerify"":9.972699999809265,""dpkiOnchainAuthSignature"":1.884600043296814}",1,6669268,0xf714a3da8292ef8f809a58fa8e612322da0aabb81f2b2f5d4d411637f72d74d5
1,DPKI,133,cross-domain,true,true,250559.4751085843,260887.71920861854,261084.6724086608,196.95320004224777,0,196.95320004224777,-1,1,1,65,"{""dpkiOnchainAuthenticateTx"":134.48669999837875,""dpkiOnchainCertTransferHttp"":1.610099971294403,""dpkiOnchainRelayHttp"":0,""dpkiCrossRelayHttp"":0,""dpkiOnchainMptProofHttpQuery"":13.220499992370605,""dpkiOnchainMptProofSignerCertVerify"":11.289900004863739,""dpkiOnchainMptProofResponseVerify"":0.48089998960494995,""dpkiOnchainRootRead"":2.04339998960495,""dpkiOnchainMptVerify"":0.3536999821662903,""dpkiOnchainOpenSslVerifyCert"":9.334700047969818,""dpkiOnchainAssertionSign"":12.34119999408722,""dpkiOnchainAssertionVerify"":9.42440003156662,""dpkiOnchainAuthSignature"":1.9092000126838684}",1,6669270,0x79584aba26f4a7259733756e1f1633b06376153995f0e504ebf558990733a789
1,DPKI,134,cross-domain,true,true,252144.66560202494,262472.9097020592,262664.79440205946,191.8847000002861,0,191.8847000002861,-1,1,1,65,"{""dpkiOnchainAuthenticateTx"":136.26870000362396,""dpkiOnchainCertTransferHttp"":0.4544000029563904,""dpkiOnchainRelayHttp"":0,""dpkiCrossRelayHttp"":0,""dpkiOnchainMptProofHttpQuery"":6.674700021743774,""dpkiOnchainMptProofSignerCertVerify"":12.122499942779541,""dpkiOnchainMptProofResponseVerify"":0.479699969291687,""dpkiOnchainRootRead"":2.3733999729156494,""dpkiOnchainMptVerify"":0.34129995107650757,""dpkiOnchainOpenSslVerifyCert"":9.96670001745224,""dpkiOnchainAssertionSign"":11.739600002765656,""dpkiOnchainAssertionVerify"":9.01199996471405,""dpkiOnchainAuthSignature"":2.0421000123023987}",1,6669273,0xf26d9d36cec0f9095df25a6d7275e44fd2834649c828810aa49faa22e7b261dc
1,DPKI,135,cross-domain,true,true,253595.73347732762,263923.97757736186,264089.12317732314,165.14559996128082,0,165.14559996128082,-1,1,1,65,"{""dpkiOnchainAuthenticateTx"":98.70320004224777,""dpkiOnchainCertTransferHttp"":0.32099997997283936,""dpkiOnchainRelayHttp"":0,""dpkiCrossRelayHttp"":0,""dpkiOnchainMptProofHttpQuery"":16.822100043296814,""dpkiOnchainMptProofSignerCertVerify"":10.73829996585846,""dpkiOnchainMptProofResponseVerify"":0.4375,""dpkiOnchainRootRead"":4.949900031089783,""dpkiOnchainMptVerify"":0.3593999743461609,""dpkiOnchainOpenSslVerifyCert"":9.482699990272522,""dpkiOnchainAssertionSign"":12.068399965763092,""dpkiOnchainAssertionVerify"":8.971800029277802,""dpkiOnchainAuthSignature"":1.8637999892234802}",1,6669276,0x3a7b1dfc8e144f3de2911ca87e936c1fd0f59d4043ee985a4e3493408b13f4c8
1,DPKI,136,cross-domain,true,true,256497.71985112067,266825.9639511549,266994.1635511958,168.19960004091263,0,168.19960004091263,-1,1,1,65,"{""dpkiOnchainAuthenticateTx"":90.17650002241135,""dpkiOnchainCertTransferHttp"":0.335099995136261,""dpkiOnchainRelayHttp"":0,""dpkiCrossRelayHttp"":0,""dpkiOnchainMptProofHttpQuery"":29.912400007247925,""dpkiOnchainMptProofSignerCertVerify"":9.719999969005585,""dpkiOnchainMptProofResponseVerify"":0.4666999578475952,""dpkiOnchainRootRead"":3.916000008583069,""dpkiOnchainMptVerify"":0.33480000495910645,""dpkiOnchainOpenSslVerifyCert"":9.549799978733063,""dpkiOnchainAssertionSign"":11.835999965667725,""dpkiOnchainAssertionVerify"":9.470200002193451,""dpkiOnchainAuthSignature"":2.0371999740600586}",1,6669279,0x3967061f835ebdaf7eeb28d09cfaf5a767aa94e0a56bd58447761fb165fb93da
1,DPKI,137,cross-domain,true,true,262691.49152037053,273019.73562040477,273147.44392039924,127.70829999446869,0,127.70829999446869,-1,1,1,65,"{""dpkiOnchainAuthenticateTx"":74.0401999950409,""dpkiOnchainCertTransferHttp"":0.43619996309280396,""dpkiOnchainRelayHttp"":0,""dpkiCrossRelayHttp"":0,""dpkiOnchainMptProofHttpQuery"":6.784900009632111,""dpkiOnchainMptProofSignerCertVerify"":9.836400032043457,""dpkiOnchainMptProofResponseVerify"":0.42100000381469727,""dpkiOnchainRootRead"":2.6207000017166138,""dpkiOnchainMptVerify"":0.32920002937316895,""dpkiOnchainOpenSslVerifyCert"":9.254299998283386,""dpkiOnchainAssertionSign"":11.794799983501434,""dpkiOnchainAssertionVerify"":9.891799986362457,""dpkiOnchainAuthSignature"":1.909600019454956}",1,6669282,0x378a31b43f7fc034f03baa1764cbc2b5cac1794383c7b583d0cd33c04348fde4
1,DPKI,138,cross-domain,true,true,263236.5998767026,273564.8439767368,273641.8199767478,76.97600001096725,0,76.97600001096725,-1,1,1,65,"{""dpkiOnchainAuthenticateTx"":24.70829999446869,""dpkiOnchainCertTransferHttp"":1.6921000480651855,""dpkiOnchainRelayHttp"":0,""dpkiCrossRelayHttp"":0,""dpkiOnchainMptProofHttpQuery"":4.305999994277954,""dpkiOnchainMptProofSignerCertVerify"":9.708700001239777,""dpkiOnchainMptProofResponseVerify"":0.4607999920845032,""dpkiOnchainRootRead"":2.108799993991852,""dpkiOnchainMptVerify"":0.4065999984741211,""dpkiOnchainOpenSslVerifyCert"":9.12310004234314,""dpkiOnchainAssertionSign"":12.257800042629242,""dpkiOnchainAssertionVerify"":9.75950002670288,""dpkiOnchainAuthSignature"":2.0508000254631042}",1,6669284,0xfba4a96ab048fe14020b065f99caabbd5493d940ff8992ea5d450863cd2e04ba
1,DPKI,139,cross-domain,true,true,264910.13211497036,275238.3762150046,275388.7407150504,150.36450004577637,0,150.36450004577637,-1,1,1,65,"{""dpkiOnchainAuthenticateTx"":103.00589996576309,""dpkiOnchainCertTransferHttp"":0.23139995336532593,""dpkiOnchainRelayHttp"":0,""dpkiCrossRelayHttp"":0,""dpkiOnchainMptProofHttpQuery"":2.5935999751091003,""dpkiOnchainMptProofSignerCertVerify"":9.918099999427795,""dpkiOnchainMptProofResponseVerify"":0.4599999785423279,""dpkiOnchainRootRead"":2.050599992275238,""dpkiOnchainMptVerify"":0.3515000343322754,""dpkiOnchainOpenSslVerifyCert"":9.060400009155273,""dpkiOnchainAssertionSign"":11.723599970340729,""dpkiOnchainAssertionVerify"":8.603000044822693,""dpkiOnchainAuthSignature"":1.9503000378608704}",1,6669286,0xe9f6d0932ca624aadbf4c0aeaf1f5d24bf72ca1d54095baf550d1e0bb1e00a45
1,DPKI,140,cross-domain,true,true,266421.58357469266,276749.8276747269,276903.04557476466,153.2179000377655,0,153.2179000377655,-1,1,1,65,"{""dpkiOnchainAuthenticateTx"":91.8885999917984,""dpkiOnchainCertTransferHttp"":1.032200038433075,""dpkiOnchainRelayHttp"":0,""dpkiCrossRelayHttp"":0,""dpkiOnchainMptProofHttpQuery"":15.018899977207184,""dpkiOnchainMptProofSignerCertVerify"":9.90750002861023,""dpkiOnchainMptProofResponseVerify"":0.4020000100135803,""dpkiOnchainRootRead"":1.9239999651908875,""dpkiOnchainMptVerify"":0.34289997816085815,""dpkiOnchainOpenSslVerifyCert"":9.207900047302246,""dpkiOnchainAssertionSign"":12.440100014209747,""dpkiOnchainAssertionVerify"":8.769499957561493,""dpkiOnchainAuthSignature"":1.8810999989509583}",1,6669287,0x10b2a53780d283eebc3edaba185d5f687a59d8ff91d635403681178f0bec1af6
1,DPKI,141,cross-domain,true,true,266661.70115995745,276989.9452599917,277150.23626000027,160.29100000858307,0,160.29100000858307,-1,1,1,65,"{""dpkiOnchainAuthenticateTx"":110.08850002288818,""dpkiOnchainCertTransferHttp"":0.23080003261566162,""dpkiOnchainRelayHttp"":0,""dpkiCrossRelayHttp"":0,""dpkiOnchainMptProofHttpQuery"":2.92139995098114,""dpkiOnchainMptProofSignerCertVerify"":10.55400002002716,""dpkiOnchainMptProofResponseVerify"":0.5532000064849854,""dpkiOnchainRootRead"":2.0913000106811523,""dpkiOnchainMptVerify"":0.32690000534057617,""dpkiOnchainOpenSslVerifyCert"":9.202300012111664,""dpkiOnchainAssertionSign"":12.473800003528595,""dpkiOnchainAssertionVerify"":9.491400003433228,""dpkiOnchainAuthSignature"":1.9176000356674194}",1,6669289,0xc8606307bed595a51d8530c0976796273d8a0345eef937c855802dd01282e14b
1,DPKI,142,cross-domain,true,true,267217.5628589865,277545.80695902073,277702.4364590522,156.62950003147125,0,156.62950003147125,-1,1,1,65,"{""dpkiOnchainAuthenticateTx"":105.52499997615814,""dpkiOnchainCertTransferHttp"":0.3483999967575073,""dpkiOnchainRelayHttp"":0,""dpkiCrossRelayHttp"":0,""dpkiOnchainMptProofHttpQuery"":3.6826000213623047,""dpkiOnchainMptProofSignerCertVerify"":10.146600008010864,""dpkiOnchainMptProofResponseVerify"":0.4602999687194824,""dpkiOnchainRootRead"":2.0027999877929688,""dpkiOnchainMptVerify"":0.3328999876976013,""dpkiOnchainOpenSslVerifyCert"":9.547700047492981,""dpkiOnchainAssertionSign"":12.580200016498566,""dpkiOnchainAssertionVerify"":9.652999997138977,""dpkiOnchainAuthSignature"":1.956100046634674}",1,6669291,0xc4a6d045e8095bf69b423ea0756054154d72e29dd35fd580ddc52f3daba7f06d
1,DPKI,143,cross-domain,true,true,267244.47268779436,277572.7167878286,277866.5046589848,293.7878711561789,78.61517116829054,215.17269998788834,-1,1,1,65,"{""dpkiOnchainAuthenticateTx"":165.38690000772476,""dpkiOnchainCertTransferHttp"":0.7508000135421753,""dpkiOnchainRelayHttp"":0,""dpkiCrossRelayHttp"":0,""dpkiOnchainMptProofHttpQuery"":3.642899990081787,""dpkiOnchainMptProofSignerCertVerify"":10.031799972057343,""dpkiOnchainMptProofResponseVerify"":0.4300000071525574,""dpkiOnchainRootRead"":1.8273000121116638,""dpkiOnchainMptVerify"":0.35110002756118774,""dpkiOnchainOpenSslVerifyCert"":9.405600011348724,""dpkiOnchainAssertionSign"":11.958400011062622,""dpkiOnchainAssertionVerify"":8.985099971294403,""dpkiOnchainAuthSignature"":1.9840999841690063}",1,6669293,0x441a490b76a2b689e24af7921a54d8526c1786b124e20abbba39b33ddc546713
1,DPKI,144,cross-domain,true,true,267450.17127594625,277778.4153759805,277940.2868590232,161.87148304271977,38.303483024123125,123.56800001859665,-1,1,1,65,"{""dpkiOnchainAuthenticateTx"":59.38069999217987,""dpkiOnchainCertTransferHttp"":0.32679998874664307,""dpkiOnchainRelayHttp"":0,""dpkiCrossRelayHttp"":0,""dpkiOnchainMptProofHttpQuery"":14.407800018787384,""dpkiOnchainMptProofSignerCertVerify"":9.97409999370575,""dpkiOnchainMptProofResponseVerify"":0.43709999322891235,""dpkiOnchainRootRead"":5.263400018215179,""dpkiOnchainMptVerify"":0.35759997367858887,""dpkiOnchainOpenSslVerifyCert"":9.547899961471558,""dpkiOnchainAssertionSign"":12.199899971485138,""dpkiOnchainAssertionVerify"":9.331900000572205,""dpkiOnchainAuthSignature"":1.952400028705597}",1,6669297,0x9bbc756f347de385d734d97d22b84edc971aee40c4266c4fc22a09520ea6f3e2
1,DPKI,145,cross-domain,true,true,268552.5811028202,278880.8252028544,279101.84370288445,221.01850003004074,0,221.01850003004074,-1,1,1,65,"{""dpkiOnchainAuthenticateTx"":119.30790001153946,""dpkiOnchainCertTransferHttp"":0.5555999875068665,""dpkiOnchainRelayHttp"":0,""dpkiCrossRelayHttp"":0,""dpkiOnchainMptProofHttpQuery"":45.769700050354004,""dpkiOnchainMptProofSignerCertVerify"":10.875499963760376,""dpkiOnchainMptProofResponseVerify"":0.5057000517845154,""dpkiOnchainRootRead"":2.7154000401496887,""dpkiOnchainMptVerify"":0.3515999913215637,""dpkiOnchainOpenSslVerifyCert"":12.54119998216629,""dpkiOnchainAssertionSign"":15.308899998664856,""dpkiOnchainAssertionVerify"":10.736799955368042,""dpkiOnchainAuthSignature"":1.9021000266075134}",1,6669300,0xe52b2f969f2ba9228b842b22f13e1b9c7879c71acef2bacabdfd359b2f0386c7
1,DPKI,146,cross-domain,true,true,270177.2751515702,280505.51925160445,280640.9882515863,135.4689999818802,0,135.4689999818802,-1,1,1,65,"{""dpkiOnchainAuthenticateTx"":83.03099995851517,""dpkiOnchainCertTransferHttp"":0.30709999799728394,""dpkiOnchainRelayHttp"":0,""dpkiCrossRelayHttp"":0,""dpkiOnchainMptProofHttpQuery"":6.111699998378754,""dpkiOnchainMptProofSignerCertVerify"":10.001399993896484,""dpkiOnchainMptProofResponseVerify"":0.43359994888305664,""dpkiOnchainRootRead"":2.0030999779701233,""dpkiOnchainMptVerify"":0.3490999937057495,""dpkiOnchainOpenSslVerifyCert"":9.812699973583221,""dpkiOnchainAssertionSign"":11.937200009822845,""dpkiOnchainAssertionVerify"":8.75900000333786,""dpkiOnchainAuthSignature"":2.3125}",1,6669304,0x2312a654f7fd105201f669be4416da14ed426d9ed85374057748fa9768440489
1,DPKI,147,cross-domain,true,true,270949.3816272077,281277.6257272419,281429.7512272057,152.12549996376038,0,152.12549996376038,-1,1,1,65,"{""dpkiOnchainAuthenticateTx"":57.378600001335144,""dpkiOnchainCertTransferHttp"":1.8611000180244446,""dpkiOnchainRelayHttp"":0,""dpkiCrossRelayHttp"":0,""dpkiOnchainMptProofHttpQuery"":43.74250000715256,""dpkiOnchainMptProofSignerCertVerify"":10.046000003814697,""dpkiOnchainMptProofResponseVerify"":0.4453999996185303,""dpkiOnchainRootRead"":2.320299983024597,""dpkiOnchainMptVerify"":0.3752000331878662,""dpkiOnchainOpenSslVerifyCert"":10.09060001373291,""dpkiOnchainAssertionSign"":13.237300038337708,""dpkiOnchainAssertionVerify"":10.205999970436096,""dpkiOnchainAuthSignature"":1.985700011253357}",1,6669307,0xc0c1bf4db683666988439bbd12d71826949c7f2754cee94f0a327b31fbf8a128
1,DPKI,148,cross-domain,true,true,271934.91491688753,282263.15901692177,282450.47041691805,187.31139999628067,0,187.31139999628067,-1,1,1,65,"{""dpkiOnchainAuthenticateTx"":133.93220001459122,""dpkiOnchainCertTransferHttp"":0.6833999752998352,""dpkiOnchainRelayHttp"":0,""dpkiCrossRelayHttp"":0,""dpkiOnchainMptProofHttpQuery"":5.816600024700165,""dpkiOnchainMptProofSignerCertVerify"":10.246999979019165,""dpkiOnchainMptProofResponseVerify"":0.4269000291824341,""dpkiOnchainRootRead"":3.238599956035614,""dpkiOnchainMptVerify"":0.3571000099182129,""dpkiOnchainOpenSslVerifyCert"":9.53490000963211,""dpkiOnchainAssertionSign"":11.756999969482422,""dpkiOnchainAssertionVerify"":9.009299993515015,""dpkiOnchainAuthSignature"":1.900700032711029}",1,6669311,0xaa822078fc3d3d0e822f23429931ccf0a86d00860c1ded19c5dd9f2b580f23a9
1,DPKI,149,cross-domain,true,true,276133.9414671905,286462.18556722475,286601.5201672561,139.33460003137589,0,139.33460003137589,-1,1,1,65,"{""dpkiOnchainAuthenticateTx"":86.59579998254776,""dpkiOnchainCertTransferHttp"":1.5148000121116638,""dpkiOnchainRelayHttp"":0,""dpkiCrossRelayHttp"":0,""dpkiOnchainMptProofHttpQuery"":5.194000005722046,""dpkiOnchainMptProofSignerCertVerify"":9.812600016593933,""dpkiOnchainMptProofResponseVerify"":0.43790000677108765,""dpkiOnchainRootRead"":2.4776999950408936,""dpkiOnchainMptVerify"":0.3306000232696533,""dpkiOnchainOpenSslVerifyCert"":9.712000012397766,""dpkiOnchainAssertionSign"":11.925699949264526,""dpkiOnchainAssertionVerify"":8.930800020694733,""dpkiOnchainAuthSignature"":1.9663999676704407}",1,6669313,0x54a5121c99a426365a98eadf5511edb443b0511853c0eeb4e732a1a685372911
1,DPKI,150,cross-domain,true,true,277602.8956739124,287931.13977394666,288081.39667389955,150.2568999528885,0,150.2568999528885,-1,1,1,65,"{""dpkiOnchainAuthenticateTx"":100.99689996242523,""dpkiOnchainCertTransferHttp"":1.2520999908447266,""dpkiOnchainRelayHttp"":0,""dpkiCrossRelayHttp"":0,""dpkiOnchainMptProofHttpQuery"":3.738600015640259,""dpkiOnchainMptProofSignerCertVerify"":9.955799996852875,""dpkiOnchainMptProofResponseVerify"":0.4409000277519226,""dpkiOnchainRootRead"":1.708400011062622,""dpkiOnchainMptVerify"":0.3285999894142151,""dpkiOnchainOpenSslVerifyCert"":9.272200047969818,""dpkiOnchainAssertionSign"":11.522800028324127,""dpkiOnchainAssertionVerify"":8.717299997806549,""dpkiOnchainAuthSignature"":1.9150999784469604}",1,6669316,0xe20bb2057f68e04ed439045abac6d6330d5e4c1375e197c1bae90413e53e61a8
1,DPKI,151,cross-domain,true,true,289256.98230374773,299585.22640378197,299706.0140037628,120.78759998083115,0,120.78759998083115,-1,1,1,65,"{""dpkiOnchainAuthenticateTx"":58.40110003948212,""dpkiOnchainCertTransferHttp"":2.8209999799728394,""dpkiOnchainRelayHttp"":0,""dpkiCrossRelayHttp"":0,""dpkiOnchainMptProofHttpQuery"":12.604600012302399,""dpkiOnchainMptProofSignerCertVerify"":9.809399962425232,""dpkiOnchainMptProofResponseVerify"":0.4097999930381775,""dpkiOnchainRootRead"":3.512999951839447,""dpkiOnchainMptVerify"":0.3514999747276306,""dpkiOnchainOpenSslVerifyCert"":9.687900006771088,""dpkiOnchainAssertionSign"":12.002099990844727,""dpkiOnchainAssertionVerify"":8.881200015544891,""dpkiOnchainAuthSignature"":1.9039000272750854}",1,6669318,0xcbb54bb22e9e7e74a103b6ff34ce51eba976bc497ceb67826f06d57906ec980e
1,DPKI,152,cross-domain,true,true,292338.739586823,302666.9836868572,302742.7051868963,75.72150003910065,0,75.72150003910065,-1,1,1,65,"{""dpkiOnchainAuthenticateTx"":28.116999983787537,""dpkiOnchainCertTransferHttp"":0.023899972438812256,""dpkiOnchainRelayHttp"":0,""dpkiCrossRelayHttp"":0,""dpkiOnchainMptProofHttpQuery"":2.610700011253357,""dpkiOnchainMptProofSignerCertVerify"":9.915999948978424,""dpkiOnchainMptProofResponseVerify"":0.45190000534057617,""dpkiOnchainRootRead"":2.0315000414848328,""dpkiOnchainMptVerify"":0.3532000184059143,""dpkiOnchainOpenSslVerifyCert"":9.315600037574768,""dpkiOnchainAssertionSign"":11.717199981212616,""dpkiOnchainAssertionVerify"":8.813200056552887,""dpkiOnchainAuthSignature"":1.977299988269806}",1,6669321,0x008f5883989137951933c98245471a473c070674860a57cb68d2d8f4fdbc7c43
1,DPKI,153,cross-domain,true,true,295785.36816818157,306113.6122682158,306275.57746822276,161.96520000696182,0,161.96520000696182,-1,1,1,65,"{""dpkiOnchainAuthenticateTx"":106.41789996623993,""dpkiOnchainCertTransferHttp"":0.22839999198913574,""dpkiOnchainRelayHttp"":0,""dpkiCrossRelayHttp"":0,""dpkiOnchainMptProofHttpQuery"":5.537899971008301,""dpkiOnchainMptProofSignerCertVerify"":9.616299986839294,""dpkiOnchainMptProofResponseVerify"":0.43779999017715454,""dpkiOnchainRootRead"":4.898299992084503,""dpkiOnchainMptVerify"":0.3381999731063843,""dpkiOnchainOpenSslVerifyCert"":9.843800008296967,""dpkiOnchainAssertionSign"":12.276500046253204,""dpkiOnchainAssertionVerify"":10.028400003910065,""dpkiOnchainAuthSignature"":1.8856000304222107}",1,6669323,0x6fafa391f91c7a83818e1e8c47f8aa833bd66ff4e1e67c1af42f889b2f5e239f
1,DPKI,154,cross-domain,true,true,295884.09570254607,306212.3398025803,306396.02606821695,183.68626563664293,7.690365601738449,175.99590003490448,-1,1,1,65,"{""dpkiOnchainAuthenticateTx"":113.88560003042221,""dpkiOnchainCertTransferHttp"":1.0267000198364258,""dpkiOnchainRelayHttp"":0,""dpkiCrossRelayHttp"":0,""dpkiOnchainMptProofHttpQuery"":14.784500002861023,""dpkiOnchainMptProofSignerCertVerify"":9.887999951839447,""dpkiOnchainMptProofResponseVerify"":0.442300021648407,""dpkiOnchainRootRead"":1.8069999814033508,""dpkiOnchainMptVerify"":0.36309999227523804,""dpkiOnchainOpenSslVerifyCert"":9.74430000782013,""dpkiOnchainAssertionSign"":12.746900022029877,""dpkiOnchainAssertionVerify"":9.037000000476837,""dpkiOnchainAuthSignature"":1.8482999801635742}",1,6669325,0x91011726003e498fc41f741821d61fd33b6aa40eae835c8ce1fe0e115031404d
1,DPKI,155,cross-domain,true,true,296741.018868743,307069.2629687772,307178.27486878494,109.01190000772476,0,109.01190000772476,-1,1,1,65,"{""dpkiOnchainAuthenticateTx"":59.36559998989105,""dpkiOnchainCertTransferHttp"":0.8304000496864319,""dpkiOnchainRelayHttp"":0,""dpkiCrossRelayHttp"":0,""dpkiOnchainMptProofHttpQuery"":3.7149999737739563,""dpkiOnchainMptProofSignerCertVerify"":9.783500015735626,""dpkiOnchainMptProofResponseVerify"":0.423799991607666,""dpkiOnchainRootRead"":1.8722000122070312,""dpkiOnchainMptVerify"":0.32829999923706055,""dpkiOnchainOpenSslVerifyCert"":9.195100009441376,""dpkiOnchainAssertionSign"":11.839299976825714,""dpkiOnchainAssertionVerify"":9.341899991035461,""dpkiOnchainAuthSignature"":1.9390000104904175}",1,6669328,0xe912d614e6a1afeeb607f9e574f4f7e663feb73cad5346140577bd48dd04a12a
1,DPKI,156,cross-domain,true,true,296974.011022354,307302.25512238825,307457.8153224238,155.56020003557205,0,155.56020003557205,-1,1,1,65,"{""dpkiOnchainAuthenticateTx"":90.37350004911423,""dpkiOnchainCertTransferHttp"":2.2117000222206116,""dpkiOnchainRelayHttp"":0,""dpkiCrossRelayHttp"":0,""dpkiOnchainMptProofHttpQuery"":16.309499979019165,""dpkiOnchainMptProofSignerCertVerify"":9.981499969959259,""dpkiOnchainMptProofResponseVerify"":0.555899977684021,""dpkiOnchainRootRead"":3.026700019836426,""dpkiOnchainMptVerify"":0.33000004291534424,""dpkiOnchainOpenSslVerifyCert"":9.388899981975555,""dpkiOnchainAssertionSign"":12.09529995918274,""dpkiOnchainAssertionVerify"":8.87229996919632,""dpkiOnchainAuthSignature"":1.963699996471405}",1,6669330,0xb37d25ece01717556ba7d9a25173228e8c3240b7cf059c738f0e05e333261ebb
1,DPKI,157,cross-domain,true,true,298769.3846089818,309097.628709016,309232.0978090145,134.46909999847412,0,134.46909999847412,-1,1,1,65,"{""dpkiOnchainAuthenticateTx"":73.4718000292778,""dpkiOnchainCertTransferHttp"":0.45490002632141113,""dpkiOnchainRelayHttp"":0,""dpkiCrossRelayHttp"":0,""dpkiOnchainMptProofHttpQuery"":15.745000004768372,""dpkiOnchainMptProofSignerCertVerify"":9.651700019836426,""dpkiOnchainMptProofResponseVerify"":0.4000999927520752,""dpkiOnchainRootRead"":1.8582000136375427,""dpkiOnchainMptVerify"":0.3427000045776367,""dpkiOnchainOpenSslVerifyCert"":9.425999999046326,""dpkiOnchainAssertionSign"":11.790500044822693,""dpkiOnchainAssertionVerify"":8.927500009536743,""dpkiOnchainAuthSignature"":1.9812000393867493}",1,6669332,0x93ef64bf2053c5af5854b61a56e970bd5754f960132a1daf27a05231bb1008f6
1,DPKI,158,cross-domain,true,true,298811.0037954426,309139.2478954768,309303.6672090866,164.4193136097747,31.852613568480592,132.5667000412941,-1,1,1,65,"{""dpkiOnchainAuthenticateTx"":79.10280001163483,""dpkiOnchainCertTransferHttp"":0.8793999552726746,""dpkiOnchainRelayHttp"":0,""dpkiCrossRelayHttp"":0,""dpkiOnchainMptProofHttpQuery"":4.84469997882843,""dpkiOnchainMptProofSignerCertVerify"":9.995299994945526,""dpkiOnchainMptProofResponseVerify"":0.4268999695777893,""dpkiOnchainRootRead"":3.403599977493286,""dpkiOnchainMptVerify"":0.34630000591278076,""dpkiOnchainOpenSslVerifyCert"":9.720200002193451,""dpkiOnchainAssertionSign"":12.362599968910217,""dpkiOnchainAssertionVerify"":9.209199965000153,""dpkiOnchainAuthSignature"":1.8361000418663025}",1,6669334,0x3f5fc13a20c695af4b70f673876632796c488ba9de495baf3f8f7ea1c9fb0dd4
1,DPKI,159,cross-domain,true,true,299319.9905563608,309648.23465639504,309880.5394564286,232.30480003356934,0,232.30480003356934,-1,1,1,65,"{""dpkiOnchainAuthenticateTx"":161.70950001478195,""dpkiOnchainCertTransferHttp"":0.10519999265670776,""dpkiOnchainRelayHttp"":0,""dpkiCrossRelayHttp"":0,""dpkiOnchainMptProofHttpQuery"":14.906499981880188,""dpkiOnchainMptProofSignerCertVerify"":10.068599998950958,""dpkiOnchainMptProofResponseVerify"":0.4403999447822571,""dpkiOnchainRootRead"":10.406000018119812,""dpkiOnchainMptVerify"":0.3361999988555908,""dpkiOnchainOpenSslVerifyCert"":9.845200002193451,""dpkiOnchainAssertionSign"":12.823300004005432,""dpkiOnchainAssertionVerify"":9.353899955749512,""dpkiOnchainAuthSignature"":1.9002999663352966}",1,6669338,0x08cf2c5b20b1e790cc7a548c1e1c42955c456ec4c9af386a5e185e8180f63429
1,DPKI,160,cross-domain,true,true,300450.8736088937,310779.11770892795,310941.6887089079,162.57099997997284,0,162.57099997997284,-1,1,1,65,"{""dpkiOnchainAuthenticateTx"":111.5716000199318,""dpkiOnchainCertTransferHttp"":0.2039000391960144,""dpkiOnchainRelayHttp"":0,""dpkiCrossRelayHttp"":0,""dpkiOnchainMptProofHttpQuery"":2.825100004673004,""dpkiOnchainMptProofSignerCertVerify"":10.152099967002869,""dpkiOnchainMptProofResponseVerify"":0.4587000012397766,""dpkiOnchainRootRead"":3.4872999787330627,""dpkiOnchainMptVerify"":0.339199960231781,""dpkiOnchainOpenSslVerifyCert"":9.493099987506866,""dpkiOnchainAssertionSign"":11.98089998960495,""dpkiOnchainAssertionVerify"":9.737299978733063,""dpkiOnchainAuthSignature"":1.9013999700546265}",1,6669342,0xdd1a2d21ae004d6c6a4a7a9f6bea8939a949aff07f8d9682e6f6e2e1879b4173
1,DPKI,161,cross-domain,true,true,301940.16887221514,312268.4129722494,312387.5470722693,119.1341000199318,0,119.1341000199318,-1,1,1,65,"{""dpkiOnchainAuthenticateTx"":39.78360003232956,""dpkiOnchainCertTransferHttp"":0.816100001335144,""dpkiOnchainRelayHttp"":0,""dpkiCrossRelayHttp"":0,""dpkiOnchainMptProofHttpQuery"":30.804199993610382,""dpkiOnchainMptProofSignerCertVerify"":11.103200018405914,""dpkiOnchainMptProofResponseVerify"":0.45319998264312744,""dpkiOnchainRootRead"":1.926200032234192,""dpkiOnchainMptVerify"":0.361299991607666,""dpkiOnchainOpenSslVerifyCert"":9.8192999958992,""dpkiOnchainAssertionSign"":12.095499992370605,""dpkiOnchainAssertionVerify"":9.57260000705719,""dpkiOnchainAuthSignature"":1.9886000156402588}",1,6669344,0xfb3b9ce738141623850eb2e34b1576a41aae455a6db46dbd11e534aedc622f90
1,DPKI,162,cross-domain,true,true,303291.57622833777,313619.820328372,313713.1277283602,93.30739998817444,0,93.30739998817444,-1,1,1,65,"{""dpkiOnchainAuthenticateTx"":43.454699993133545,""dpkiOnchainCertTransferHttp"":2.1089999675750732,""dpkiOnchainRelayHttp"":0,""dpkiCrossRelayHttp"":0,""dpkiOnchainMptProofHttpQuery"":2.3799999952316284,""dpkiOnchainMptProofSignerCertVerify"":10.11219996213913,""dpkiOnchainMptProofResponseVerify"":0.4164000153541565,""dpkiOnchainRootRead"":1.8734999895095825,""dpkiOnchainMptVerify"":0.3628000020980835,""dpkiOnchainOpenSslVerifyCert"":8.999899983406067,""dpkiOnchainAssertionSign"":11.917699992656708,""dpkiOnchainAssertionVerify"":9.317399978637695,""dpkiOnchainAuthSignature"":1.9293000102043152}",1,6669347,0x8dcd35e79ef9cd273b3be5b3f9cb0f1859db2fb23f20f6d36858326f95652cb9
1,DPKI,163,cross-domain,true,true,307807.127227169,318135.37132720323,318288.9509271798,153.5795999765396,0,153.5795999765396,-1,1,1,65,"{""dpkiOnchainAuthenticateTx"":102.19559997320175,""dpkiOnchainCertTransferHttp"":0.1460999846458435,""dpkiOnchainRelayHttp"":0,""dpkiCrossRelayHttp"":0,""dpkiOnchainMptProofHttpQuery"":3.462999999523163,""dpkiOnchainMptProofSignerCertVerify"":10.028599977493286,""dpkiOnchainMptProofResponseVerify"":0.43209999799728394,""dpkiOnchainRootRead"":1.8647000193595886,""dpkiOnchainMptVerify"":0.32889997959136963,""dpkiOnchainOpenSslVerifyCert"":9.623800039291382,""dpkiOnchainAssertionSign"":12.979600012302399,""dpkiOnchainAssertionVerify"":10.134900033473969,""dpkiOnchainAuthSignature"":1.9210000038146973}",1,6669350,0x3f987672f8b5cbcc3e22e366152dc9e9c24f2ff2501c385bb242a17f8c1da4df
1,DPKI,164,cross-domain,true,true,309401.54114169476,319729.785241729,319869.2307417452,139.44550001621246,0,139.44550001621246,-1,1,1,65,"{""dpkiOnchainAuthenticateTx"":56.54629999399185,""dpkiOnchainCertTransferHttp"":1.926800012588501,""dpkiOnchainRelayHttp"":0,""dpkiCrossRelayHttp"":0,""dpkiOnchainMptProofHttpQuery"":31.131399989128113,""dpkiOnchainMptProofSignerCertVerify"":11.145000040531158,""dpkiOnchainMptProofResponseVerify"":0.5759999752044678,""dpkiOnchainRootRead"":4.907099962234497,""dpkiOnchainMptVerify"":0.3400999903678894,""dpkiOnchainOpenSslVerifyCert"":9.527500033378601,""dpkiOnchainAssertionSign"":12.102500021457672,""dpkiOnchainAssertionVerify"":8.934400022029877,""dpkiOnchainAuthSignature"":1.9023999571800232}",1,6669354,0x128dcb6c0e26657a124bf78c990223b8356f673a4a58a616103ba2d9d3c49ec8
1,DPKI,165,cross-domain,true,true,312917.4445903802,323245.6886904144,323373.0071903968,127.31849998235703,0,127.31849998235703,-1,1,1,65,"{""dpkiOnchainAuthenticateTx"":74.2872000336647,""dpkiOnchainCertTransferHttp"":0.041700005531311035,""dpkiOnchainRelayHttp"":0,""dpkiCrossRelayHttp"":0,""dpkiOnchainMptProofHttpQuery"":2.4735999703407288,""dpkiOnchainMptProofSignerCertVerify"":11.786800026893616,""dpkiOnchainMptProofResponseVerify"":0.5397999882698059,""dpkiOnchainRootRead"":3.286899983882904,""dpkiOnchainMptVerify"":0.4032999873161316,""dpkiOnchainOpenSslVerifyCert"":10.265100002288818,""dpkiOnchainAssertionSign"":12.099500000476837,""dpkiOnchainAssertionVerify"":9.812400043010712,""dpkiOnchainAuthSignature"":1.8811999559402466}",1,6669357,0x1a828b16f988ac46ece0d60a1b6f57cdf01ec3e096d0ff4cf4311dc20cb295eb
1,DPKI,166,cross-domain,true,true,320742.8858812161,331071.1299812503,331203.6342812486,132.5042999982834,0,132.5042999982834,-1,1,1,65,"{""dpkiOnchainAuthenticateTx"":83.99930000305176,""dpkiOnchainCertTransferHttp"":0.4114000201225281,""dpkiOnchainRelayHttp"":0,""dpkiCrossRelayHttp"":0,""dpkiOnchainMptProofHttpQuery"":2.432099997997284,""dpkiOnchainMptProofSignerCertVerify"":9.659799993038177,""dpkiOnchainMptProofResponseVerify"":0.4424999952316284,""dpkiOnchainRootRead"":2.244599997997284,""dpkiOnchainMptVerify"":0.3539000153541565,""dpkiOnchainOpenSslVerifyCert"":9.65829998254776,""dpkiOnchainAssertionSign"":11.532099962234497,""dpkiOnchainAssertionVerify"":9.549600005149841,""dpkiOnchainAuthSignature"":1.8180000185966492}",1,6669361,0x46f906082f07228a4be5c28903ad72b39a1dd5350ba9972966a2b4888b417397
1,DPKI,167,cross-domain,true,true,325497.6927452568,335825.93684529106,335936.1674452905,110.2305999994278,0,110.2305999994278,-1,1,1,65,"{""dpkiOnchainAuthenticateTx"":58.92689996957779,""dpkiOnchainCertTransferHttp"":0.8259000182151794,""dpkiOnchainRelayHttp"":0,""dpkiCrossRelayHttp"":0,""dpkiOnchainMptProofHttpQuery"":3.6651999950408936,""dpkiOnchainMptProofSignerCertVerify"":9.992900013923645,""dpkiOnchainMptProofResponseVerify"":0.4357999563217163,""dpkiOnchainRootRead"":2.3150999546051025,""dpkiOnchainMptVerify"":0.33799999952316284,""dpkiOnchainOpenSslVerifyCert"":9.557699978351593,""dpkiOnchainAssertionSign"":12.176199972629547,""dpkiOnchainAssertionVerify"":9.59909999370575,""dpkiOnchainAuthSignature"":1.9217000007629395}",1,6669363,0x41f80be5e22ca32de89d1da07d0f4f448889b0e7337c36544e8cfde0840372eb
1,DPKI,168,cross-domain,true,true,330515.3368045386,340843.58090457285,341035.75760456885,192.17669999599457,0,192.17669999599457,-1,1,1,65,"{""dpkiOnchainAuthenticateTx"":129.8086000084877,""dpkiOnchainCertTransferHttp"":0.39480000734329224,""dpkiOnchainRelayHttp"":0,""dpkiCrossRelayHttp"":0,""dpkiOnchainMptProofHttpQuery"":15.197999954223633,""dpkiOnchainMptProofSignerCertVerify"":10.11219996213913,""dpkiOnchainMptProofResponseVerify"":0.4488999843597412,""dpkiOnchainRootRead"":1.9314000010490417,""dpkiOnchainMptVerify"":0.33709996938705444,""dpkiOnchainOpenSslVerifyCert"":9.767300009727478,""dpkiOnchainAssertionSign"":11.968100011348724,""dpkiOnchainAssertionVerify"":9.918799996376038,""dpkiOnchainAuthSignature"":1.8927000164985657}",1,6669364,0xa3cd308b3e1d54eb6b87f7d1ef16df8c30f6957d2f9c3a4296b201e16b6defc4
1,DPKI,169,cross-domain,true,true,333682.0334211348,344010.27752116905,344120.36832115636,110.09079998731613,0,110.09079998731613,-1,1,1,65,"{""dpkiOnchainAuthenticateTx"":45.303000032901764,""dpkiOnchainCertTransferHttp"":1.7599999904632568,""dpkiOnchainRelayHttp"":0,""dpkiCrossRelayHttp"":0,""dpkiOnchainMptProofHttpQuery"":13.962000012397766,""dpkiOnchainMptProofSignerCertVerify"":9.840599954128265,""dpkiOnchainMptProofResponseVerify"":0.4136999845504761,""dpkiOnchainRootRead"":5.199999988079071,""dpkiOnchainMptVerify"":0.3460000157356262,""dpkiOnchainOpenSslVerifyCert"":9.236200034618378,""dpkiOnchainAssertionSign"":12.271500051021576,""dpkiOnchainAssertionVerify"":9.449900031089783,""dpkiOnchainAuthSignature"":1.9038000106811523}",1,6669368,0x8c6dc74bfec7f580be9a708f76dab18fef64086f3233df4a7e435226f6497dba
1,DPKI,170,cross-domain,true,true,338028.34664902923,348356.59074906347,348506.5467490339,149.9559999704361,0,149.9559999704361,-1,1,1,65,"{""dpkiOnchainAuthenticateTx"":58.63169997930527,""dpkiOnchainCertTransferHttp"":1.3368000388145447,""dpkiOnchainRelayHttp"":0,""dpkiCrossRelayHttp"":0,""dpkiOnchainMptProofHttpQuery"":31.889599978923798,""dpkiOnchainMptProofSignerCertVerify"":12.705700039863586,""dpkiOnchainMptProofResponseVerify"":0.46060001850128174,""dpkiOnchainRootRead"":3.937299966812134,""dpkiOnchainMptVerify"":0.38999998569488525,""dpkiOnchainOpenSslVerifyCert"":11.268299996852875,""dpkiOnchainAssertionSign"":14.69020003080368,""dpkiOnchainAssertionVerify"":12.158500015735626,""dpkiOnchainAuthSignature"":2.001800000667572}",1,6669371,0x58695408b55b0e9dd15bd941735c941d58e8af8d0f92177d5d8441cc4c89bcaf
1,DPKI,171,cross-domain,true,true,341343.3937864382,351671.63788647245,351788.4982864339,116.86039996147156,0,116.86039996147156,-1,1,1,65,"{""dpkiOnchainAuthenticateTx"":63.344399988651276,""dpkiOnchainCertTransferHttp"":2.396899998188019,""dpkiOnchainRelayHttp"":0,""dpkiCrossRelayHttp"":0,""dpkiOnchainMptProofHttpQuery"":5.483799993991852,""dpkiOnchainMptProofSignerCertVerify"":10.262499988079071,""dpkiOnchainMptProofResponseVerify"":0.4462999701499939,""dpkiOnchainRootRead"":1.7709999680519104,""dpkiOnchainMptVerify"":0.34869998693466187,""dpkiOnchainOpenSslVerifyCert"":9.195499956607819,""dpkiOnchainAssertionSign"":11.856700003147125,""dpkiOnchainAssertionVerify"":9.51800000667572,""dpkiOnchainAuthSignature"":1.8348000049591064}",1,6669374,0xff1a2b4c69e06e7d3f53eb96078255705318cfe0eb9f4a67a86a43cde5081c8a
1,DPKI,172,cross-domain,true,true,344119.4307453691,354447.67484540335,354586.1239453613,138.44909995794296,0,138.44909995794296,-1,1,1,65,"{""dpkiOnchainAuthenticateTx"":68.99630004167557,""dpkiOnchainCertTransferHttp"":0.2935999631881714,""dpkiOnchainRelayHttp"":0,""dpkiCrossRelayHttp"":0,""dpkiOnchainMptProofHttpQuery"":16.742900013923645,""dpkiOnchainMptProofSignerCertVerify"":10.123300015926361,""dpkiOnchainMptProofResponseVerify"":0.44060003757476807,""dpkiOnchainRootRead"":6.314500033855438,""dpkiOnchainMptVerify"":0.3549000024795532,""dpkiOnchainOpenSslVerifyCert"":10.855599999427795,""dpkiOnchainAssertionSign"":12.521200001239777,""dpkiOnchainAssertionVerify"":9.39079999923706,""dpkiOnchainAuthSignature"":1.9321999549865723}",1,6669378,0x3f503897cbd5e86fc933a55a4a8f7231d27d7afce73dc38b050c66659a9e1102
1,DPKI,173,cross-domain,true,true,344890.86881745554,355219.1129174898,355354.1089174817,134.99599999189377,0,134.99599999189377,-1,1,1,65,"{""dpkiOnchainAuthenticateTx"":69.29479998350143,""dpkiOnchainCertTransferHttp"":0.22100001573562622,""dpkiOnchainRelayHttp"":0,""dpkiCrossRelayHttp"":0,""dpkiOnchainMptProofHttpQuery"":15.503899991512299,""dpkiOnchainMptProofSignerCertVerify"":11.870499968528748,""dpkiOnchainMptProofResponseVerify"":0.45740002393722534,""dpkiOnchainRootRead"":2.1377000212669373,""dpkiOnchainMptVerify"":0.34210002422332764,""dpkiOnchainOpenSslVerifyCert"":10.234499990940094,""dpkiOnchainAssertionSign"":12.602199971675873,""dpkiOnchainAssertionVerify"":9.879000008106232,""dpkiOnchainAuthSignature"":1.9591000080108643}",1,6669382,0x70c30b261c023af91436ace08b4375e9acc5047f6ec81b2f5110bc2a90472ce4
1,DPKI,174,cross-domain,true,true,346730.42381804285,357058.6679180771,357198.8808181196,140.21290004253387,0,140.21290004253387,-1,1,1,65,"{""dpkiOnchainAuthenticateTx"":88.16979998350143,""dpkiOnchainCertTransferHttp"":0.1877000331878662,""dpkiOnchainRelayHttp"":0,""dpkiCrossRelayHttp"":0,""dpkiOnchainMptProofHttpQuery"":5.236199975013733,""dpkiOnchainMptProofSignerCertVerify"":9.78190004825592,""dpkiOnchainMptProofResponseVerify"":0.39329999685287476,""dpkiOnchainRootRead"":2.1377000212669373,""dpkiOnchainMptVerify"":0.32809996604919434,""dpkiOnchainOpenSslVerifyCert"":9.496399998664856,""dpkiOnchainAssertionSign"":12.622500002384186,""dpkiOnchainAssertionVerify"":9.222800016403198,""dpkiOnchainAuthSignature"":2.2346999645233154}",1,6669385,0x7c38a068bd56299845bd8729d23acfba9e421377654bea9753bd621d5699ee8b
1,DPKI,175,cross-domain,true,true,350553.68451528414,360881.9286153184,360989.5775152908,107.64889997243881,0,107.64889997243881,-1,1,1,65,"{""dpkiOnchainAuthenticateTx"":54.81489998102188,""dpkiOnchainCertTransferHttp"":0.609000027179718,""dpkiOnchainRelayHttp"":0,""dpkiCrossRelayHttp"":0,""dpkiOnchainMptProofHttpQuery"":6.324099957942963,""dpkiOnchainMptProofSignerCertVerify"":10.081799983978271,""dpkiOnchainMptProofResponseVerify"":0.43379998207092285,""dpkiOnchainRootRead"":1.861299991607666,""dpkiOnchainMptVerify"":0.34870004653930664,""dpkiOnchainOpenSslVerifyCert"":9.942399978637695,""dpkiOnchainAssertionSign"":11.447899997234344,""dpkiOnchainAssertionVerify"":9.493900001049042,""dpkiOnchainAuthSignature"":1.8805999755859375}",1,6669388,0x45f04099f30bea18a4e037cf6ba49264d51ac9204da59a2afef32d22977bb946
1,DPKI,176,cross-domain,true,true,351016.72935944126,361344.9734594755,361481.5455594592,136.57209998369217,0,136.57209998369217,-1,1,1,65,"{""dpkiOnchainAuthenticateTx"":85.1230000257492,""dpkiOnchainCertTransferHttp"":0.6229000091552734,""dpkiOnchainRelayHttp"":0,""dpkiCrossRelayHttp"":0,""dpkiOnchainMptProofHttpQuery"":5.016099989414215,""dpkiOnchainMptProofSignerCertVerify"":10.134800016880035,""dpkiOnchainMptProofResponseVerify"":0.41930001974105835,""dpkiOnchainRootRead"":2.0814000368118286,""dpkiOnchainMptVerify"":0.33250004053115845,""dpkiOnchainOpenSslVerifyCert"":9.598800003528595,""dpkiOnchainAssertionSign"":11.740299999713898,""dpkiOnchainAssertionVerify"":8.93800002336502,""dpkiOnchainAuthSignature"":2.108299970626831}",1,6669392,0x27064bfcc0cac403df0e4cce24d1e7174ca9df28cde49051f443df52ba92c130
1,DPKI,177,cross-domain,true,true,352516.1587866889,362844.4028867231,362969.3252867208,124.92239999771118,0,124.92239999771118,-1,1,1,65,"{""dpkiOnchainAuthenticateTx"":70.66760003566742,""dpkiOnchainCertTransferHttp"":1.4724000096321106,""dpkiOnchainRelayHttp"":0,""dpkiCrossRelayHttp"":0,""dpkiOnchainMptProofHttpQuery"":5.976199984550476,""dpkiOnchainMptProofSignerCertVerify"":10.375499963760376,""dpkiOnchainMptProofResponseVerify"":0.48500001430511475,""dpkiOnchainRootRead"":2.093400001525879,""dpkiOnchainMptVerify"":0.3292999863624573,""dpkiOnchainOpenSslVerifyCert"":9.540300011634827,""dpkiOnchainAssertionSign"":12.203000009059906,""dpkiOnchainAssertionVerify"":9.38100004196167,""dpkiOnchainAuthSignature"":1.9598000049591064}",1,6669395,0x973e61a43408643fd9ef8e4bab96c00a028aafa55ca5feb57d9faf826eefb544
1,DPKI,178,cross-domain,true,true,353045.5757601331,363373.81986016734,363498.74906016095,124.92919999361038,0,124.92919999361038,-1,1,1,65,"{""dpkiOnchainAuthenticateTx"":68.71940004825592,""dpkiOnchainCertTransferHttp"":3.027999997138977,""dpkiOnchainRelayHttp"":0,""dpkiCrossRelayHttp"":0,""dpkiOnchainMptProofHttpQuery"":7.581499993801117,""dpkiOnchainMptProofSignerCertVerify"":10.063100039958954,""dpkiOnchainMptProofResponseVerify"":0.41780000925064087,""dpkiOnchainRootRead"":2.4896000027656555,""dpkiOnchainMptVerify"":0.3467000126838684,""dpkiOnchainOpenSslVerifyCert"":9.658500015735626,""dpkiOnchainAssertionSign"":11.641499996185303,""dpkiOnchainAssertionVerify"":8.635500013828278,""dpkiOnchainAuthSignature"":1.8517000079154968}",1,6669397,0xd969b2704c66a24727864b1678d4429d52380d83e6349d54ca8a9cfd8710d17d
1,DPKI,179,cross-domain,true,true,356780.85599906323,367109.1000990975,367215.39549912093,106.29540002346039,0,106.29540002346039,-1,1,1,65,"{""dpkiOnchainAuthenticateTx"":34.99390000104904,""dpkiOnchainCertTransferHttp"":3.1470999717712402,""dpkiOnchainRelayHttp"":0,""dpkiCrossRelayHttp"":0,""dpkiOnchainMptProofHttpQuery"":12.427599966526031,""dpkiOnchainMptProofSignerCertVerify"":9.963799953460693,""dpkiOnchainMptProofResponseVerify"":0.4293999671936035,""dpkiOnchainRootRead"":3.6944000124931335,""dpkiOnchainMptVerify"":0.3544999957084656,""dpkiOnchainOpenSslVerifyCert"":10.644999980926514,""dpkiOnchainAssertionSign"":12.444499969482422,""dpkiOnchainAssertionVerify"":15.552699983119965,""dpkiOnchainAuthSignature"":2.180199980735779}",1,6669399,0x3c6b2f9ae3ba1f40e04a4c687296e36b29670d5aa9b0858846ed17bd27a50adf
1,DPKI,180,cross-domain,true,true,357210.5729135632,367538.81701359747,367686.45471361873,147.63770002126694,0,147.63770002126694,-1,1,1,65,"{""dpkiOnchainAuthenticateTx"":83.41260004043579,""dpkiOnchainCertTransferHttp"":0.6097000241279602,""dpkiOnchainRelayHttp"":0,""dpkiCrossRelayHttp"":0,""dpkiOnchainMptProofHttpQuery"":14.79559999704361,""dpkiOnchainMptProofSignerCertVerify"":9.883900046348572,""dpkiOnchainMptProofResponseVerify"":0.4301000237464905,""dpkiOnchainRootRead"":4.9514999985694885,""dpkiOnchainMptVerify"":0.3482000231742859,""dpkiOnchainOpenSslVerifyCert"":9.372600018978119,""dpkiOnchainAssertionSign"":12.357999980449677,""dpkiOnchainAssertionVerify"":9.153000056743622,""dpkiOnchainAuthSignature"":1.9257999658584595}",1,6669401,0x1bfb2590365ef8c0ab64cc02e0074f650666a45951360ec4be018f9badee4bba
1,DPKI,181,cross-domain,true,true,359974.63668542827,370302.8807854625,370414.6088854643,111.72810000181198,0,111.72810000181198,-1,1,1,65,"{""dpkiOnchainAuthenticateTx"":59.086800038814545,""dpkiOnchainCertTransferHttp"":0.2757999897003174,""dpkiOnchainRelayHttp"":0,""dpkiCrossRelayHttp"":0,""dpkiOnchainMptProofHttpQuery"":7.661199986934662,""dpkiOnchainMptProofSignerCertVerify"":9.691899955272675,""dpkiOnchainMptProofResponseVerify"":0.38520002365112305,""dpkiOnchainRootRead"":2.1574000120162964,""dpkiOnchainMptVerify"":0.31929999589920044,""dpkiOnchainOpenSslVerifyCert"":9.487900018692017,""dpkiOnchainAssertionSign"":11.514999985694885,""dpkiOnchainAssertionVerify"":8.73360002040863,""dpkiOnchainAuthSignature"":1.9444000124931335}",1,6669405,0xd4b9e75ff7158a9691b5d30de74c67c2cc0bed51e94206cf2ae181acc92a6709
1,DPKI,182,cross-domain,true,true,363063.4581582478,373391.70225828205,373523.7345582775,132.03229999542236,0,132.03229999542236,-1,1,1,65,"{""dpkiOnchainAuthenticateTx"":69.29030001163483,""dpkiOnchainCertTransferHttp"":0.06459999084472656,""dpkiOnchainRelayHttp"":0,""dpkiCrossRelayHttp"":0,""dpkiOnchainMptProofHttpQuery"":15.82889997959137,""dpkiOnchainMptProofSignerCertVerify"":10.193100035190582,""dpkiOnchainMptProofResponseVerify"":0.4458000063896179,""dpkiOnchainRootRead"":1.9434999823570251,""dpkiOnchainMptVerify"":0.3287000060081482,""dpkiOnchainOpenSslVerifyCert"":9.946200013160706,""dpkiOnchainAssertionSign"":11.96749997138977,""dpkiOnchainAssertionVerify"":9.657899975776672,""dpkiOnchainAuthSignature"":1.8859999775886536}",1,6669407,0x19db72168486c0eceb7bdca1e29d9cc610f822f39795262d48d5519f408d7bef
1,DPKI,183,cross-domain,true,true,364342.4946772706,374670.7387773048,374827.339377309,156.60060000419617,0,156.60060000419617,-1,1,1,65,"{""dpkiOnchainAuthenticateTx"":89.16229999065399,""dpkiOnchainCertTransferHttp"":0.6770000457763672,""dpkiOnchainRelayHttp"":0,""dpkiCrossRelayHttp"":0,""dpkiOnchainMptProofHttpQuery"":16.53549998998642,""dpkiOnchainMptProofSignerCertVerify"":10.655600011348724,""dpkiOnchainMptProofResponseVerify"":0.42559999227523804,""dpkiOnchainRootRead"":6.306699991226196,""dpkiOnchainMptVerify"":0.3241000175476074,""dpkiOnchainOpenSslVerifyCert"":9.349800050258636,""dpkiOnchainAssertionSign"":11.78490000963211,""dpkiOnchainAssertionVerify"":9.054899990558624,""dpkiOnchainAuthSignature"":1.9156000018119812}",1,6669409,0x5e67cf34686666283d79a3fa308b4add6d808a79d73e73a2c6dea4bb5a5a4427
1,DPKI,184,cross-domain,true,true,366384.84680699586,376713.0909070301,376867.04290705203,153.9520000219345,0,153.9520000219345,-1,1,1,65,"{""dpkiOnchainAuthenticateTx"":101.74449998140335,""dpkiOnchainCertTransferHttp"":0.46939998865127563,""dpkiOnchainRelayHttp"":0,""dpkiCrossRelayHttp"":0,""dpkiOnchainMptProofHttpQuery"":4.535300016403198,""dpkiOnchainMptProofSignerCertVerify"":10.60860002040863,""dpkiOnchainMptProofResponseVerify"":0.44120001792907715,""dpkiOnchainRootRead"":1.770900011062622,""dpkiOnchainMptVerify"":0.32920002937316895,""dpkiOnchainOpenSslVerifyCert"":9.621500015258789,""dpkiOnchainAssertionSign"":12.460900008678436,""dpkiOnchainAssertionVerify"":9.750200033187866,""dpkiOnchainAuthSignature"":1.8343999981880188}",1,6669412,0x073e6fc97b588d3b4f2d613a60d832e3fdc0e2500db5ad10a607dfe265641fd9
1,DPKI,185,cross-domain,true,true,368836.0660486532,379164.31014868745,379317.7254486395,153.41529995203018,0,153.41529995203018,-1,1,1,65,"{""dpkiOnchainAuthenticateTx"":101.81309998035431,""dpkiOnchainCertTransferHttp"":0.2451000213623047,""dpkiOnchainRelayHttp"":0,""dpkiCrossRelayHttp"":0,""dpkiOnchainMptProofHttpQuery"":5.032100021839142,""dpkiOnchainMptProofSignerCertVerify"":10.037900030612946,""dpkiOnchainMptProofResponseVerify"":0.43970000743865967,""dpkiOnchainRootRead"":1.8547999858856201,""dpkiOnchainMptVerify"":0.32499998807907104,""dpkiOnchainOpenSslVerifyCert"":9.239499986171722,""dpkiOnchainAssertionSign"":12.747099995613098,""dpkiOnchainAssertionVerify"":9.391499996185303,""dpkiOnchainAuthSignature"":1.8857000470161438}",1,6669416,0x9a18e13804c5878aee7d02d97506c47b4993f7001eb79ab108f18b4f75ae703c
1,DPKI,186,cross-domain,true,true,373257.51602323056,383585.7601232648,383692.7857232809,107.0256000161171,0,107.0256000161171,-1,1,1,65,"{""dpkiOnchainAuthenticateTx"":56.47020000219345,""dpkiOnchainCertTransferHttp"":2.7545999884605408,""dpkiOnchainRelayHttp"":0,""dpkiCrossRelayHttp"":0,""dpkiOnchainMptProofHttpQuery"":3.2185999751091003,""dpkiOnchainMptProofSignerCertVerify"":9.838699996471405,""dpkiOnchainMptProofResponseVerify"":0.41759997606277466,""dpkiOnchainRootRead"":2.2301999926567078,""dpkiOnchainMptVerify"":0.3341999650001526,""dpkiOnchainOpenSslVerifyCert"":9.131399989128113,""dpkiOnchainAssertionSign"":11.860199987888336,""dpkiOnchainAssertionVerify"":8.579200029373169,""dpkiOnchainAuthSignature"":1.8136000037193298}",1,6669419,0x336edb7c9d4d8a04edf3ea2f0de2b559f854c9a0a0206f837e3f4753c2ec37f6
1,DPKI,187,cross-domain,true,true,373661.1968275259,383989.44092756015,384108.5010275195,119.06009995937347,0,119.06009995937347,-1,1,1,65,"{""dpkiOnchainAuthenticateTx"":42.44640004634857,""dpkiOnchainCertTransferHttp"":1.925599992275238,""dpkiOnchainRelayHttp"":0,""dpkiCrossRelayHttp"":0,""dpkiOnchainMptProofHttpQuery"":29.356000006198883,""dpkiOnchainMptProofSignerCertVerify"":9.666000008583069,""dpkiOnchainMptProofResponseVerify"":0.5828999876976013,""dpkiOnchainRootRead"":2.023200035095215,""dpkiOnchainMptVerify"":0.35050004720687866,""dpkiOnchainOpenSslVerifyCert"":9.466699957847595,""dpkiOnchainAssertionSign"":12.166699945926666,""dpkiOnchainAssertionVerify"":8.80349999666214,""dpkiOnchainAuthSignature"":1.8747000098228455}",1,6669421,0x212cd8b5dbb390f9446861c273da5d8ca37a86af7640c096cbb62d5727216656
1,DPKI,188,cross-domain,true,true,374231.4548802998,384559.69898033404,384687.4629803326,127.76399999856949,0,127.76399999856949,-1,1,1,65,"{""dpkiOnchainAuthenticateTx"":76.17919999361038,""dpkiOnchainCertTransferHttp"":3.727199971675873,""dpkiOnchainRelayHttp"":0,""dpkiCrossRelayHttp"":0,""dpkiOnchainMptProofHttpQuery"":2.4375,""dpkiOnchainMptProofSignerCertVerify"":9.86599999666214,""dpkiOnchainMptProofResponseVerify"":0.41449999809265137,""dpkiOnchainRootRead"":1.9776000380516052,""dpkiOnchainMptVerify"":0.34939998388290405,""dpkiOnchainOpenSslVerifyCert"":9.388500034809113,""dpkiOnchainAssertionSign"":11.984799981117249,""dpkiOnchainAssertionVerify"":9.176500022411346,""dpkiOnchainAuthSignature"":1.8787999749183655}",1,6669424,0x6a30905b7416239ef2ea859372d1a40d12fce2a002ea43d174d5b45a0063664b
1,DPKI,189,cross-domain,true,true,375305.61345469585,385633.8575547301,385736.477954682,102.62039995193481,0,102.62039995193481,-1,1,1,65,"{""dpkiOnchainAuthenticateTx"":41.83279997110367,""dpkiOnchainCertTransferHttp"":0.11919999122619629,""dpkiOnchainRelayHttp"":0,""dpkiCrossRelayHttp"":0,""dpkiOnchainMptProofHttpQuery"":14.218400001525879,""dpkiOnchainMptProofSignerCertVerify"":9.784899950027466,""dpkiOnchainMptProofResponseVerify"":0.42910003662109375,""dpkiOnchainRootRead"":1.966800034046173,""dpkiOnchainMptVerify"":0.33880001306533813,""dpkiOnchainOpenSslVerifyCert"":9.587399959564209,""dpkiOnchainAssertionSign"":12.708199977874756,""dpkiOnchainAssertionVerify"":8.997599959373474,""dpkiOnchainAuthSignature"":2.1653000116348267}",1,6669427,0xb8d6c6f24f0d49db55e78b29a5ddfc094f0462f8864cc4605be071567e071430
1,DPKI,190,cross-domain,true,true,376557.71005415404,386885.9541541883,386997.4934542128,111.53930002450943,0,111.53930002450943,-1,1,1,65,"{""dpkiOnchainAuthenticateTx"":61.30530005693436,""dpkiOnchainCertTransferHttp"":0.3942999839782715,""dpkiOnchainRelayHttp"":0,""dpkiCrossRelayHttp"":0,""dpkiOnchainMptProofHttpQuery"":4.261099994182587,""dpkiOnchainMptProofSignerCertVerify"":10.064999997615814,""dpkiOnchainMptProofResponseVerify"":0.4009000062942505,""dpkiOnchainRootRead"":1.792199969291687,""dpkiOnchainMptVerify"":0.32339996099472046,""dpkiOnchainOpenSslVerifyCert"":9.424300014972687,""dpkiOnchainAssertionSign"":12.178299963474274,""dpkiOnchainAssertionVerify"":9.036400020122528,""dpkiOnchainAuthSignature"":1.8409000039100647}",1,6669430,0x85f33e603aa16750154a98d85cbe098e0b6f6a05102078869452d36cd407923f
1,DPKI,191,cross-domain,true,true,376984.0985111185,387312.34261115274,387441.39391114196,129.05129998922348,0,129.05129998922348,-1,1,1,65,"{""dpkiOnchainAuthenticateTx"":73.16670000553131,""dpkiOnchainCertTransferHttp"":1.5575000047683716,""dpkiOnchainRelayHttp"":0,""dpkiCrossRelayHttp"":0,""dpkiOnchainMptProofHttpQuery"":7.336899995803833,""dpkiOnchainMptProofSignerCertVerify"":10.199400007724762,""dpkiOnchainMptProofResponseVerify"":0.406499981880188,""dpkiOnchainRootRead"":2.1442999839782715,""dpkiOnchainMptVerify"":0.35519999265670776,""dpkiOnchainOpenSslVerifyCert"":9.800999999046326,""dpkiOnchainAssertionSign"":12.116600036621094,""dpkiOnchainAssertionVerify"":9.688400030136108,""dpkiOnchainAuthSignature"":1.8949000239372253}",1,6669433,0xfc059bbb7073be12a621820ced249edbfd43b5916f2a2826e9c62bffe6320d64
1,DPKI,192,cross-domain,true,true,378489.6351777758,388817.87927781005,388920.29237775464,102.41309994459152,0,102.41309994459152,-1,1,1,65,"{""dpkiOnchainAuthenticateTx"":51.76570004224777,""dpkiOnchainCertTransferHttp"":1.310200035572052,""dpkiOnchainRelayHttp"":0,""dpkiCrossRelayHttp"":0,""dpkiOnchainMptProofHttpQuery"":3.9211000204086304,""dpkiOnchainMptProofSignerCertVerify"":10.140200018882751,""dpkiOnchainMptProofResponseVerify"":0.4501999616622925,""dpkiOnchainRootRead"":1.8324000239372253,""dpkiOnchainMptVerify"":0.33379995822906494,""dpkiOnchainOpenSslVerifyCert"":9.281899988651276,""dpkiOnchainAssertionSign"":11.52020001411438,""dpkiOnchainAssertionVerify"":9.584299981594086,""dpkiOnchainAuthSignature"":1.8704000115394592}",1,6669436,0x07866ff0b60356a7e955164656427d12425de5dd036bcecef3fedbbfe7d6c50b
1,DPKI,193,cross-domain,true,true,379421.8372700121,389750.08137004636,389899.4246700909,149.3433000445366,0,149.3433000445366,-1,1,1,65,"{""dpkiOnchainAuthenticateTx"":89.45950001478195,""dpkiOnchainCertTransferHttp"":0.4162999987602234,""dpkiOnchainRelayHttp"":0,""dpkiCrossRelayHttp"":0,""dpkiOnchainMptProofHttpQuery"":5.373600006103516,""dpkiOnchainMptProofSignerCertVerify"":9.758100032806396,""dpkiOnchainMptProofResponseVerify"":0.4236999750137329,""dpkiOnchainRootRead"":1.7378999590873718,""dpkiOnchainMptVerify"":0.3375999927520752,""dpkiOnchainOpenSslVerifyCert"":9.501299977302551,""dpkiOnchainAssertionSign"":19.93800002336502,""dpkiOnchainAssertionVerify"":10.097199976444244,""dpkiOnchainAuthSignature"":1.8736000061035156}",1,6669439,0x70395ee92912f1b5860012d5bd60f15496b1c611fa12fcb97ab0881c2e99444c
1,DPKI,194,cross-domain,true,true,380756.15980320843,391084.40390324267,391209.98270326527,125.57880002260208,0,125.57880002260208,-1,1,1,65,"{""dpkiOnchainAuthenticateTx"":63.79799997806549,""dpkiOnchainCertTransferHttp"":1.8163999915122986,""dpkiOnchainRelayHttp"":0,""dpkiCrossRelayHttp"":0,""dpkiOnchainMptProofHttpQuery"":14.299499988555908,""dpkiOnchainMptProofSignerCertVerify"":9.51450002193451,""dpkiOnchainMptProofResponseVerify"":0.39030003547668457,""dpkiOnchainRootRead"":1.8456000089645386,""dpkiOnchainMptVerify"":0.348300039768219,""dpkiOnchainOpenSslVerifyCert"":9.671200037002563,""dpkiOnchainAssertionSign"":12.230500042438507,""dpkiOnchainAssertionVerify"":8.982200026512146,""dpkiOnchainAuthSignature"":2.2426000237464905}",1,6669442,0x5c1e35d91edbc56a8c3697f8feb5b06e21d090673696604008675e600176dc7f
1,DPKI,195,cross-domain,true,true,383583.72542268276,393911.969522717,394061.56142270804,149.59189999103546,0,149.59189999103546,-1,1,1,65,"{""dpkiOnchainAuthenticateTx"":79.13789999485016,""dpkiOnchainCertTransferHttp"":1.4230999946594238,""dpkiOnchainRelayHttp"":0,""dpkiCrossRelayHttp"":0,""dpkiOnchainMptProofHttpQuery"":14.298299968242645,""dpkiOnchainMptProofSignerCertVerify"":10.333999991416931,""dpkiOnchainMptProofResponseVerify"":0.42479997873306274,""dpkiOnchainRootRead"":5.135300040245056,""dpkiOnchainMptVerify"":0.3335000276565552,""dpkiOnchainOpenSslVerifyCert"":9.641600012779236,""dpkiOnchainAssertionSign"":12.523899972438812,""dpkiOnchainAssertionVerify"":14.03380000591278,""dpkiOnchainAuthSignature"":1.8912000060081482}",1,6669444,0x27371f83a64ab32d76df6c91fb5d8d64a6274aa31fc564b39e448d6a9c9966e3
1,DPKI,196,cross-domain,true,true,385351.7338835173,395679.97798355157,395802.2844835692,122.30650001764297,0,122.30650001764297,-1,1,1,65,"{""dpkiOnchainAuthenticateTx"":69.42909997701645,""dpkiOnchainCertTransferHttp"":0.13390004634857178,""dpkiOnchainRelayHttp"":0,""dpkiCrossRelayHttp"":0,""dpkiOnchainMptProofHttpQuery"":6.787199974060059,""dpkiOnchainMptProofSignerCertVerify"":10.12959998846054,""dpkiOnchainMptProofResponseVerify"":0.43689996004104614,""dpkiOnchainRootRead"":2.0134000182151794,""dpkiOnchainMptVerify"":0.35180002450942993,""dpkiOnchainOpenSslVerifyCert"":10.078500032424927,""dpkiOnchainAssertionSign"":11.773899972438812,""dpkiOnchainAssertionVerify"":8.696600019931793,""dpkiOnchainAuthSignature"":1.8822999596595764}",1,6669447,0xee6011eda660249429c9489295ff3e8e3fd1288e143c992b0464b58b76a85c7a
1,DPKI,197,cross-domain,true,true,388821.17791390937,399149.4220139436,399295.85351390165,146.43149995803833,0,146.43149995803833,-1,1,1,65,"{""dpkiOnchainAuthenticateTx"":85.3837000131607,""dpkiOnchainCertTransferHttp"":0.17750000953674316,""dpkiOnchainRelayHttp"":0,""dpkiCrossRelayHttp"":0,""dpkiOnchainMptProofHttpQuery"":15.233900010585785,""dpkiOnchainMptProofSignerCertVerify"":9.86030000448227,""dpkiOnchainMptProofResponseVerify"":0.46380001306533813,""dpkiOnchainRootRead"":1.9481000304222107,""dpkiOnchainMptVerify"":0.3325999975204468,""dpkiOnchainOpenSslVerifyCert"":9.083600044250488,""dpkiOnchainAssertionSign"":12.463799953460693,""dpkiOnchainAssertionVerify"":9.199299991130829,""dpkiOnchainAuthSignature"":1.9039999842643738}",1,6669449,0x5b01b8277b70b931b40953a2a33b9c5ecb5e35782df664912c5f7bbc8cd5a9c6
1,DPKI,198,cross-domain,true,true,389610.5400411493,399938.78414118354,400094.08714115684,155.30299997329712,0,155.30299997329712,-1,1,1,65,"{""dpkiOnchainAuthenticateTx"":93.74720001220703,""dpkiOnchainCertTransferHttp"":0.9120000004768372,""dpkiOnchainRelayHttp"":0,""dpkiCrossRelayHttp"":0,""dpkiOnchainMptProofHttpQuery"":4.322500050067902,""dpkiOnchainMptProofSignerCertVerify"":11.778400003910065,""dpkiOnchainMptProofResponseVerify"":0.4458000063896179,""dpkiOnchainRootRead"":3.029599964618683,""dpkiOnchainMptVerify"":0.34349995851516724,""dpkiOnchainOpenSslVerifyCert"":11.751500010490417,""dpkiOnchainAssertionSign"":15.133599996566772,""dpkiOnchainAssertionVerify"":11.403300046920776,""dpkiOnchainAuthSignature"":2.0035000443458557}",1,6669452,0x8e3229b9bbb421f372893d324cb0cacd571a49b0387a699683af74fc8e340943
1,DPKI,199,cross-domain,true,true,389766.760598458,400095.00469849224,400218.5252984535,123.52059996128082,0,123.52059996128082,-1,1,1,65,"{""dpkiOnchainAuthenticateTx"":60.61010003089905,""dpkiOnchainCertTransferHttp"":0.6775999665260315,""dpkiOnchainRelayHttp"":0,""dpkiCrossRelayHttp"":0,""dpkiOnchainMptProofHttpQuery"":14.764599978923798,""dpkiOnchainMptProofSignerCertVerify"":9.745500028133392,""dpkiOnchainMptProofResponseVerify"":0.4747999906539917,""dpkiOnchainRootRead"":3.8549000024795532,""dpkiOnchainMptVerify"":0.3472999930381775,""dpkiOnchainOpenSslVerifyCert"":9.49210000038147,""dpkiOnchainAssertionSign"":11.925899982452393,""dpkiOnchainAssertionVerify"":9.258799970149994,""dpkiOnchainAuthSignature"":1.885699987411499}",1,6669455,0x42f7beace233113f2e7e195ddab3ae9f5d1db62e4ff19471568cc89444048394
1,DPKI,200,cross-domain,true,true,397616.8140764044,407945.0581764386,408054.73717645864,109.67900002002716,0,109.67900002002716,-1,1,1,65,"{""dpkiOnchainAuthenticateTx"":60.423299968242645,""dpkiOnchainCertTransferHttp"":0.06269997358322144,""dpkiOnchainRelayHttp"":0,""dpkiCrossRelayHttp"":0,""dpkiOnchainMptProofHttpQuery"":3.0423999428749084,""dpkiOnchainMptProofSignerCertVerify"":10.102100014686584,""dpkiOnchainMptProofResponseVerify"":0.4390000104904175,""dpkiOnchainRootRead"":1.9778000116348267,""dpkiOnchainMptVerify"":0.33650004863739014,""dpkiOnchainOpenSslVerifyCert"":9.602899968624115,""dpkiOnchainAssertionSign"":12.043800055980682,""dpkiOnchainAssertionVerify"":9.353999972343445,""dpkiOnchainAuthSignature"":1.897000014781952}",1,6669459,0xe67fafd48b8a94a3585082ab8f4dd5cabd7919d5e9398cbc8d02bc3da7bc3988
1,DPKI,201,cross-domain,true,true,397940.3363219238,408268.58042195806,408406.4588219262,137.87839996814728,0,137.87839996814728,-1,1,1,65,"{""dpkiOnchainAuthenticateTx"":72.88209998607635,""dpkiOnchainCertTransferHttp"":1.088100016117096,""dpkiOnchainRelayHttp"":0,""dpkiCrossRelayHttp"":0,""dpkiOnchainMptProofHttpQuery"":14.01450002193451,""dpkiOnchainMptProofSignerCertVerify"":10.314899981021881,""dpkiOnchainMptProofResponseVerify"":0.45980000495910645,""dpkiOnchainRootRead"":2.812999963760376,""dpkiOnchainMptVerify"":0.3718000054359436,""dpkiOnchainOpenSslVerifyCert"":10.760999977588654,""dpkiOnchainAssertionSign"":13.01340001821518,""dpkiOnchainAssertionVerify"":9.671299993991852,""dpkiOnchainAuthSignature"":2.0389000177383423}",1,6669462,0xe27882992ab8ca220352986d221f432d7dd216232a06627c105fced06161bbd2
1,DPKI,202,cross-domain,true,true,398732.8088552901,409061.05295532435,409152.76875531167,91.71579998731613,0,91.71579998731613,-1,1,1,65,"{""dpkiOnchainAuthenticateTx"":43.00900000333786,""dpkiOnchainCertTransferHttp"":1.5795000195503235,""dpkiOnchainRelayHttp"":0,""dpkiCrossRelayHttp"":0,""dpkiOnchainMptProofHttpQuery"":2.1931999921798706,""dpkiOnchainMptProofSignerCertVerify"":9.977799952030182,""dpkiOnchainMptProofResponseVerify"":0.49879997968673706,""dpkiOnchainRootRead"":1.9381999969482422,""dpkiOnchainMptVerify"":0.3458000421524048,""dpkiOnchainOpenSslVerifyCert"":8.975300014019012,""dpkiOnchainAssertionSign"":11.80380004644394,""dpkiOnchainAssertionVerify"":9.14359998703003,""dpkiOnchainAuthSignature"":1.8625999689102173}",1,6669464,0x5747938ca808ec4ca8c3677e82d78fb40701811ba891d85057afb110dfa94a76
1,DPKI,203,cross-domain,true,true,406102.61995624116,416430.8640562754,416574.44625632575,143.582200050354,0,143.582200050354,-1,1,1,65,"{""dpkiOnchainAuthenticateTx"":90.19870001077652,""dpkiOnchainCertTransferHttp"":0.5751000046730042,""dpkiOnchainRelayHttp"":0,""dpkiCrossRelayHttp"":0,""dpkiOnchainMptProofHttpQuery"":6.687900006771088,""dpkiOnchainMptProofSignerCertVerify"":9.676199972629547,""dpkiOnchainMptProofResponseVerify"":0.39969998598098755,""dpkiOnchainRootRead"":2.119099974632263,""dpkiOnchainMptVerify"":0.3372000455856323,""dpkiOnchainOpenSslVerifyCert"":10.057399988174438,""dpkiOnchainAssertionSign"":12.067700028419495,""dpkiOnchainAssertionVerify"":9.059700012207031,""dpkiOnchainAuthSignature"":1.9698999524116516}",1,6669466,0xfde8400480d6eb1f716f79ee6c27ee8dabbcbe5a9698e9b582680e4aa420e61e
1,DPKI,204,cross-domain,true,true,408220.0027223152,418548.24682234944,418694.1056223434,145.85879999399185,0,145.85879999399185,-1,1,1,65,"{""dpkiOnchainAuthenticateTx"":84.3163999915123,""dpkiOnchainCertTransferHttp"":0.1258000135421753,""dpkiOnchainRelayHttp"":0,""dpkiCrossRelayHttp"":0,""dpkiOnchainMptProofHttpQuery"":15.512700021266937,""dpkiOnchainMptProofSignerCertVerify"":10.044699966907501,""dpkiOnchainMptProofResponseVerify"":0.41600000858306885,""dpkiOnchainRootRead"":1.9610999822616577,""dpkiOnchainMptVerify"":0.3467000126838684,""dpkiOnchainOpenSslVerifyCert"":9.482599973678589,""dpkiOnchainAssertionSign"":11.619799971580505,""dpkiOnchainAssertionVerify"":9.592399954795837,""dpkiOnchainAuthSignature"":2.0156999826431274}",1,6669469,0x89a502122296b81d9675cebf1f08a5286653aa219d0a7e40150ccaafaacafcb0
1,DPKI,205,cross-domain,true,true,409354.37911521527,419682.6232152495,419841.1899152312,158.56669998168945,0,158.56669998168945,-1,1,1,65,"{""dpkiOnchainAuthenticateTx"":106.26150000095367,""dpkiOnchainCertTransferHttp"":1.0011000037193298,""dpkiOnchainRelayHttp"":0,""dpkiCrossRelayHttp"":0,""dpkiOnchainMptProofHttpQuery"":4.750100016593933,""dpkiOnchainMptProofSignerCertVerify"":9.991400003433228,""dpkiOnchainMptProofResponseVerify"":0.43860000371932983,""dpkiOnchainRootRead"":2.252199947834015,""dpkiOnchainMptVerify"":0.33410000801086426,""dpkiOnchainOpenSslVerifyCert"":9.503600001335144,""dpkiOnchainAssertionSign"":12.083700001239777,""dpkiOnchainAssertionVerify"":9.67900002002716,""dpkiOnchainAuthSignature"":1.8930000066757202}",1,6669471,0xd371d1397294a05ea93845f83fcdbe803a78d07436bbe9a00b943eef58a0d9b5
1,DPKI,206,cross-domain,true,true,416931.88230652333,427260.12640655757,427395.6654065323,135.53899997472763,0,135.53899997472763,-1,1,1,65,"{""dpkiOnchainAuthenticateTx"":40.98710000514984,""dpkiOnchainCertTransferHttp"":1.3671000003814697,""dpkiOnchainRelayHttp"":0,""dpkiCrossRelayHttp"":0,""dpkiOnchainMptProofHttpQuery"":46.22390002012253,""dpkiOnchainMptProofSignerCertVerify"":10.172799944877625,""dpkiOnchainMptProofResponseVerify"":0.4529000520706177,""dpkiOnchainRootRead"":2.038800001144409,""dpkiOnchainMptVerify"":0.5056999921798706,""dpkiOnchainOpenSslVerifyCert"":9.525799989700317,""dpkiOnchainAssertionSign"":12.249599993228912,""dpkiOnchainAssertionVerify"":9.668599963188171,""dpkiOnchainAuthSignature"":1.9668999910354614}",1,6669473,0xf5261add8eb471c9056ef2936e57aca349facfd7d0db5189101a78322ec434a1
1,DPKI,207,cross-domain,true,true,422905.3819875023,433233.6260875365,433315.32688753813,81.70080000162125,0,81.70080000162125,-1,1,1,65,"{""dpkiOnchainAuthenticateTx"":29.16509997844696,""dpkiOnchainCertTransferHttp"":0.319599986076355,""dpkiOnchainRelayHttp"":0,""dpkiCrossRelayHttp"":0,""dpkiOnchainMptProofHttpQuery"":3.1769999861717224,""dpkiOnchainMptProofSignerCertVerify"":10.091600000858307,""dpkiOnchainMptProofResponseVerify"":0.4491000175476074,""dpkiOnchainRootRead"":4.886500000953674,""dpkiOnchainMptVerify"":0.36559998989105225,""dpkiOnchainOpenSslVerifyCert"":9.62339997291565,""dpkiOnchainAssertionSign"":11.842799961566925,""dpkiOnchainAssertionVerify"":9.46289998292923,""dpkiOnchainAuthSignature"":1.8977999687194824}",1,6669476,0x128febe319e27952599a37d7bc845ef7448373b8c20cead33741b1a403638bfc
1,DPKI,208,cross-domain,true,true,429657.620688314,439985.86478834826,440132.0107883163,146.1459999680519,0,146.1459999680519,-1,1,1,65,"{""dpkiOnchainAuthenticateTx"":84.60469996929169,""dpkiOnchainCertTransferHttp"":0.4309999942779541,""dpkiOnchainRelayHttp"":0,""dpkiCrossRelayHttp"":0,""dpkiOnchainMptProofHttpQuery"":14.989500045776367,""dpkiOnchainMptProofSignerCertVerify"":10.053799986839294,""dpkiOnchainMptProofResponseVerify"":0.3847000002861023,""dpkiOnchainRootRead"":1.8508999943733215,""dpkiOnchainMptVerify"":0.3382999897003174,""dpkiOnchainOpenSslVerifyCert"":9.62720000743866,""dpkiOnchainAssertionSign"":11.964200019836426,""dpkiOnchainAssertionVerify"":9.096700012683868,""dpkiOnchainAuthSignature"":2.3637999892234802}",1,6669479,0xbb619ef3da1c44b963049a88ac353f9309ccd3d7838d3a4ef0f64ff3895afa9d
1,DPKI,209,cross-domain,true,true,432274.90942135366,442603.1535213879,442732.2389213732,129.08539998531342,0,129.08539998531342,-1,1,1,65,"{""dpkiOnchainAuthenticateTx"":76.4850999712944,""dpkiOnchainCertTransferHttp"":2.055999994277954,""dpkiOnchainRelayHttp"":0,""dpkiCrossRelayHttp"":0,""dpkiOnchainMptProofHttpQuery"":3.987500011920929,""dpkiOnchainMptProofSignerCertVerify"":10.04449999332428,""dpkiOnchainMptProofResponseVerify"":0.44050002098083496,""dpkiOnchainRootRead"":1.8051999807357788,""dpkiOnchainMptVerify"":0.3531000018119812,""dpkiOnchainOpenSslVerifyCert"":9.4932000041008,""dpkiOnchainAssertionSign"":12.704200029373169,""dpkiOnchainAssertionVerify"":9.462799966335297,""dpkiOnchainAuthSignature"":1.8384999632835388}",1,6669481,0xdc9f696923bd943fd72524de50d126741bcc34ff72bfeba20e9ad3af5b05065b
1,DPKI,210,cross-domain,true,true,437214.2880689081,447542.5321689423,447679.3316689309,136.7994999885559,0,136.7994999885559,-1,1,1,65,"{""dpkiOnchainAuthenticateTx"":87.51440000534058,""dpkiOnchainCertTransferHttp"":0.5229000449180603,""dpkiOnchainRelayHttp"":0,""dpkiCrossRelayHttp"":0,""dpkiOnchainMptProofHttpQuery"":2.9763999581336975,""dpkiOnchainMptProofSignerCertVerify"":9.574899971485138,""dpkiOnchainMptProofResponseVerify"":0.3991999626159668,""dpkiOnchainRootRead"":1.9869999885559082,""dpkiOnchainMptVerify"":0.3449999690055847,""dpkiOnchainOpenSslVerifyCert"":9.711700022220612,""dpkiOnchainAssertionSign"":12.324400007724762,""dpkiOnchainAssertionVerify"":9.198799967765808,""dpkiOnchainAuthSignature"":1.8641999959945679}",1,6669483,0x653e3b9dbc00626b93348e4d35e86aaee01cac871d0dc8a0337e187c98f0dcc1
1,DPKI,211,cross-domain,true,true,438854.0790783049,449182.3231783391,449316.3899783374,134.0667999982834,0,134.0667999982834,-1,1,1,65,"{""dpkiOnchainAuthenticateTx"":57.19319999217987,""dpkiOnchainCertTransferHttp"":1.431600034236908,""dpkiOnchainRelayHttp"":0,""dpkiCrossRelayHttp"":0,""dpkiOnchainMptProofHttpQuery"":28.967599987983704,""dpkiOnchainMptProofSignerCertVerify"":10.160100042819977,""dpkiOnchainMptProofResponseVerify"":0.4185999631881714,""dpkiOnchainRootRead"":1.968500018119812,""dpkiOnchainMptVerify"":0.560699999332428,""dpkiOnchainOpenSslVerifyCert"":9.590200006961823,""dpkiOnchainAssertionSign"":12.331300020217896,""dpkiOnchainAssertionVerify"":8.870899975299835,""dpkiOnchainAuthSignature"":2.1425999999046326}",1,6669486,0xc2c3de5105fc23d3c4e09973cd4845cdc48382b5a7e6efa65157ad7456cc9261
1,DPKI,212,cross-domain,true,true,439507.49912558583,449835.74322562007,449950.97822557477,115.23499995470047,0,115.23499995470047,-1,1,1,65,"{""dpkiOnchainAuthenticateTx"":59.93869996070862,""dpkiOnchainCertTransferHttp"":0.35499995946884155,""dpkiOnchainRelayHttp"":0,""dpkiCrossRelayHttp"":0,""dpkiOnchainMptProofHttpQuery"":3.652999997138977,""dpkiOnchainMptProofSignerCertVerify"":11.490800023078918,""dpkiOnchainMptProofResponseVerify"":0.44679999351501465,""dpkiOnchainRootRead"":6.313499987125397,""dpkiOnchainMptVerify"":0.3385000228881836,""dpkiOnchainOpenSslVerifyCert"":9.599799990653992,""dpkiOnchainAssertionSign"":11.766700029373169,""dpkiOnchainAssertionVerify"":9.122900009155273,""dpkiOnchainAuthSignature"":1.8044000267982483}",1,6669489,0x5f5981d8dc2ad6e1735a2b591a77169f5565be376d8b7c1228181c81878b3ada
1,DPKI,213,cross-domain,true,true,440630.87233224785,450959.1164322821,451068.21853229677,109.10210001468658,0,109.10210001468658,-1,1,1,65,"{""dpkiOnchainAuthenticateTx"":53.73600000143051,""dpkiOnchainCertTransferHttp"":0.8874000310897827,""dpkiOnchainRelayHttp"":0,""dpkiCrossRelayHttp"":0,""dpkiOnchainMptProofHttpQuery"":4.409299969673157,""dpkiOnchainMptProofSignerCertVerify"":10.108799993991852,""dpkiOnchainMptProofResponseVerify"":0.510699987411499,""dpkiOnchainRootRead"":5.262500047683716,""dpkiOnchainMptVerify"":0.3392999768257141,""dpkiOnchainOpenSslVerifyCert"":9.791100025177002,""dpkiOnchainAssertionSign"":12.135800004005432,""dpkiOnchainAssertionVerify"":9.616200029850006,""dpkiOnchainAuthSignature"":1.8610000014305115}",1,6669491,0x528cdda6433b255b5e510b1762910a9d980f496ed95e4302479cfc3f44536417
1,DPKI,214,cross-domain,true,true,444413.9620711087,454742.2061711429,454845.1725711702,102.96640002727509,0,102.96640002727509,-1,1,1,65,"{""dpkiOnchainAuthenticateTx"":51.716000020504,""dpkiOnchainCertTransferHttp"":1.4179999828338623,""dpkiOnchainRelayHttp"":0,""dpkiCrossRelayHttp"":0,""dpkiOnchainMptProofHttpQuery"":3.4623000025749207,""dpkiOnchainMptProofSignerCertVerify"":10.323099970817566,""dpkiOnchainMptProofResponseVerify"":0.4277000427246094,""dpkiOnchainRootRead"":1.6889999508857727,""dpkiOnchainMptVerify"":0.3580000400543213,""dpkiOnchainOpenSslVerifyCert"":9.481000006198883,""dpkiOnchainAssertionSign"":12.16380000114441,""dpkiOnchainAssertionVerify"":9.625199973583221,""dpkiOnchainAuthSignature"":1.9114999771118164}",1,6669494,0x6a6cef87ca0db820356d7ba8e08721abe336f796075224ab60295412d3ac2c67
1,DPKI,215,cross-domain,true,true,448648.43236588826,458976.6764659225,459175.42966591706,198.75319999456406,0,198.75319999456406,-1,1,1,65,"{""dpkiOnchainAuthenticateTx"":134.4442999958992,""dpkiOnchainCertTransferHttp"":0.16150003671646118,""dpkiOnchainRelayHttp"":0,""dpkiCrossRelayHttp"":0,""dpkiOnchainMptProofHttpQuery"":17.920199990272522,""dpkiOnchainMptProofSignerCertVerify"":9.970399975776672,""dpkiOnchainMptProofResponseVerify"":0.4293000102043152,""dpkiOnchainRootRead"":2.0414000153541565,""dpkiOnchainMptVerify"":0.34400004148483276,""dpkiOnchainOpenSslVerifyCert"":9.536300003528595,""dpkiOnchainAssertionSign"":12.394800007343292,""dpkiOnchainAssertionVerify"":9.18589997291565,""dpkiOnchainAuthSignature"":1.9053000211715698}",1,6669497,0x7a52c8f22bb49ea241531826e68ee1c77da2f3647b3407bb649b570aa50ed12d
1,DPKI,216,cross-domain,true,true,448732.4264113646,459060.6705113988,459232.8640659391,172.19355454028118,50.45025451958645,121.74330002069473,-1,1,1,65,"{""dpkiOnchainAuthenticateTx"":58.122500002384186,""dpkiOnchainCertTransferHttp"":0.17090004682540894,""dpkiOnchainRelayHttp"":0,""dpkiCrossRelayHttp"":0,""dpkiOnchainMptProofHttpQuery"":15.740700006484985,""dpkiOnchainMptProofSignerCertVerify"":9.93560004234314,""dpkiOnchainMptProofResponseVerify"":0.46709996461868286,""dpkiOnchainRootRead"":2.1722999811172485,""dpkiOnchainMptVerify"":0.36720001697540283,""dpkiOnchainOpenSslVerifyCert"":9.889900028705597,""dpkiOnchainAssertionSign"":12.760499954223633,""dpkiOnchainAssertionVerify"":9.883899986743927,""dpkiOnchainAuthSignature"":1.8204999566078186}",1,6669499,0xd1280d19945ed832f8cdf09868edd0337f6c7486e0e72f6faeaa4bb51add8a2b
1,DPKI,217,cross-domain,true,true,449701.92908111017,460030.1731811444,460160.1470811049,129.97389996051788,0,129.97389996051788,-1,1,1,65,"{""dpkiOnchainAuthenticateTx"":74.86779999732971,""dpkiOnchainCertTransferHttp"":3.3626999855041504,""dpkiOnchainRelayHttp"":0,""dpkiCrossRelayHttp"":0,""dpkiOnchainMptProofHttpQuery"":4.33789998292923,""dpkiOnchainMptProofSignerCertVerify"":10.141999959945679,""dpkiOnchainMptProofResponseVerify"":0.44279998540878296,""dpkiOnchainRootRead"":2.270799994468689,""dpkiOnchainMptVerify"":0.36720001697540283,""dpkiOnchainOpenSslVerifyCert"":10.323300004005432,""dpkiOnchainAssertionSign"":12.017700016498566,""dpkiOnchainAssertionVerify"":9.591499984264374,""dpkiOnchainAuthSignature"":1.7919999957084656}",1,6669501,0x6bb882b11663bd47dbbcbd4f2cbdfca02caa260d73dd949880407355deb64128
1,DPKI,218,cross-domain,true,true,451002.30821879924,461330.5523188335,461461.901118837,131.3488000035286,0,131.3488000035286,-1,1,1,65,"{""dpkiOnchainAuthenticateTx"":82.84539997577667,""dpkiOnchainCertTransferHttp"":0.02740001678466797,""dpkiOnchainRelayHttp"":0,""dpkiCrossRelayHttp"":0,""dpkiOnchainMptProofHttpQuery"":2.977500021457672,""dpkiOnchainMptProofSignerCertVerify"":9.878199994564056,""dpkiOnchainMptProofResponseVerify"":0.4789000153541565,""dpkiOnchainRootRead"":2.315400004386902,""dpkiOnchainMptVerify"":0.33660000562667847,""dpkiOnchainOpenSslVerifyCert"":9.498199999332428,""dpkiOnchainAssertionSign"":11.524699985980988,""dpkiOnchainAssertionVerify"":9.198699951171875,""dpkiOnchainAuthSignature"":1.8762999773025513}",1,6669504,0x68b80447ffb70b2e6a32a31fdcd980490aed069b006776b195d2dfa4733da7ca
1,DPKI,219,cross-domain,true,true,452638.8750128243,462967.11911285855,463093.40831286646,126.2892000079155,0,126.2892000079155,-1,1,1,65,"{""dpkiOnchainAuthenticateTx"":74.64759999513626,""dpkiOnchainCertTransferHttp"":0.23739999532699585,""dpkiOnchainRelayHttp"":0,""dpkiCrossRelayHttp"":0,""dpkiOnchainMptProofHttpQuery"":6.674000024795532,""dpkiOnchainMptProofSignerCertVerify"":10.134999990463257,""dpkiOnchainMptProofResponseVerify"":0.522599995136261,""dpkiOnchainRootRead"":1.8664999604225159,""dpkiOnchainMptVerify"":0.3312000036239624,""dpkiOnchainOpenSslVerifyCert"":9.174799978733063,""dpkiOnchainAssertionSign"":11.290999948978424,""dpkiOnchainAssertionVerify"":9.058499991893768,""dpkiOnchainAuthSignature"":1.9348000288009644}",1,6669505,0x41113dbcfbe34c273890af55f022a2a4349e8e0c3f83cde1d00751bb99f219d3
1,DPKI,220,cross-domain,true,true,453725.12041617546,464053.3645162097,464204.0517162195,150.68720000982285,0,150.68720000982285,-1,1,1,65,"{""dpkiOnchainAuthenticateTx"":86.24719995260239,""dpkiOnchainCertTransferHttp"":0.41430002450942993,""dpkiOnchainRelayHttp"":0,""dpkiCrossRelayHttp"":0,""dpkiOnchainMptProofHttpQuery"":15.679899990558624,""dpkiOnchainMptProofSignerCertVerify"":9.610000014305115,""dpkiOnchainMptProofResponseVerify"":0.41680002212524414,""dpkiOnchainRootRead"":5.108400046825409,""dpkiOnchainMptVerify"":0.34620004892349243,""dpkiOnchainOpenSslVerifyCert"":9.37940001487732,""dpkiOnchainAssertionSign"":12.240899980068207,""dpkiOnchainAssertionVerify"":8.95329999923706,""dpkiOnchainAuthSignature"":1.8758999705314636}",1,6669507,0x1c6c1c4fb90c2dd0a06599753a83503022e1b60049067769eb616a9c7effbd08
1,DPKI,221,cross-domain,true,true,454843.24722618394,465171.4913262182,465263.67792624765,92.18660002946854,0,92.18660002946854,-1,1,1,65,"{""dpkiOnchainAuthenticateTx"":42.09130001068115,""dpkiOnchainCertTransferHttp"":0.3304000496864319,""dpkiOnchainRelayHttp"":0,""dpkiCrossRelayHttp"":0,""dpkiOnchainMptProofHttpQuery"":4.315599977970123,""dpkiOnchainMptProofSignerCertVerify"":9.72409999370575,""dpkiOnchainMptProofResponseVerify"":0.47550004720687866,""dpkiOnchainRootRead"":2.081399977207184,""dpkiOnchainMptVerify"":0.352400004863739,""dpkiOnchainOpenSslVerifyCert"":9.424000024795532,""dpkiOnchainAssertionSign"":12.005299985408783,""dpkiOnchainAssertionVerify"":9.117200016975403,""dpkiOnchainAuthSignature"":1.8949000239372253}",1,6669510,0x185c5e3a6964e236808093102aed686f5eece5f725ef5abc060b640d0af0412d
1,DPKI,222,cross-domain,true,true,455623.65698437404,465951.9010844083,466072.0322844238,120.13120001554489,0,120.13120001554489,-1,1,1,65,"{""dpkiOnchainAuthenticateTx"":58.6904000043869,""dpkiOnchainCertTransferHttp"":0.3197000026702881,""dpkiOnchainRelayHttp"":0,""dpkiCrossRelayHttp"":0,""dpkiOnchainMptProofHttpQuery"":7.009499967098236,""dpkiOnchainMptProofSignerCertVerify"":10.3507000207901,""dpkiOnchainMptProofResponseVerify"":0.4602000117301941,""dpkiOnchainRootRead"":9.743100047111511,""dpkiOnchainMptVerify"":0.33389997482299805,""dpkiOnchainOpenSslVerifyCert"":9.826600015163422,""dpkiOnchainAssertionSign"":12.217599987983704,""dpkiOnchainAssertionVerify"":8.898899972438812,""dpkiOnchainAuthSignature"":1.8758000135421753}",1,6669511,0xdb6ad94e4cdf34b0530974319c96e1ca117c23e9ab49624413feeb741f8372eb
1,DPKI,223,cross-domain,true,true,458764.48666671716,469092.7307667514,469219.8271667739,127.09640002250671,0,127.09640002250671,-1,1,1,65,"{""dpkiOnchainAuthenticateTx"":76.19789999723434,""dpkiOnchainCertTransferHttp"":0.6643000245094299,""dpkiOnchainRelayHttp"":0,""dpkiCrossRelayHttp"":0,""dpkiOnchainMptProofHttpQuery"":5.362900018692017,""dpkiOnchainMptProofSignerCertVerify"":10.100600004196167,""dpkiOnchainMptProofResponseVerify"":0.47600001096725464,""dpkiOnchainRootRead"":1.8590999841690063,""dpkiOnchainMptVerify"":0.3292999863624573,""dpkiOnchainOpenSslVerifyCert"":9.049799978733063,""dpkiOnchainAssertionSign"":11.242899954319,""dpkiOnchainAssertionVerify"":9.418099999427795,""dpkiOnchainAuthSignature"":1.9722999930381775}",1,6669514,0xa428fb15272f5655bb0c8d63c35a7dbc2f2e8539ff95ac1c5456ccca30d2121d
1,DPKI,224,cross-domain,true,true,459240.40874843654,469568.6528484708,469665.95914851484,97.30630004405975,0,97.30630004405975,-1,1,1,65,"{""dpkiOnchainAuthenticateTx"":42.620399951934814,""dpkiOnchainCertTransferHttp"":0.034600019454956055,""dpkiOnchainRelayHttp"":0,""dpkiCrossRelayHttp"":0,""dpkiOnchainMptProofHttpQuery"":6.016499996185303,""dpkiOnchainMptProofSignerCertVerify"":10.137499988079071,""dpkiOnchainMptProofResponseVerify"":0.4653000235557556,""dpkiOnchainRootRead"":3.8728999495506287,""dpkiOnchainMptVerify"":0.33660000562667847,""dpkiOnchainOpenSslVerifyCert"":9.809800028800964,""dpkiOnchainAssertionSign"":12.358200013637543,""dpkiOnchainAssertionVerify"":9.348600029945374,""dpkiOnchainAuthSignature"":1.8932999968528748}",1,6669515,0x78341ae214a2837f87613e3bdbf9aab0c3d5197375249157d3d4dbef4ccd3951
1,DPKI,225,cross-domain,true,true,459939.7765349569,470268.0206349911,470428.5728350105,160.5522000193596,0,160.5522000193596,-1,1,1,65,"{""dpkiOnchainAuthenticateTx"":99.1618999838829,""dpkiOnchainCertTransferHttp"":0.06470000743865967,""dpkiOnchainRelayHttp"":0,""dpkiCrossRelayHttp"":0,""dpkiOnchainMptProofHttpQuery"":15.659699976444244,""dpkiOnchainMptProofSignerCertVerify"":9.474900007247925,""dpkiOnchainMptProofResponseVerify"":0.38349997997283936,""dpkiOnchainRootRead"":2.251800000667572,""dpkiOnchainMptVerify"":0.3330000042915344,""dpkiOnchainOpenSslVerifyCert"":9.525499999523163,""dpkiOnchainAssertionSign"":12.417900025844574,""dpkiOnchainAssertionVerify"":8.994199991226196,""dpkiOnchainAuthSignature"":1.8894000053405762}",1,6669518,0xed3068d069b8a5250048f04d9b6a046cf0ce0540dbcec895b09dab988b3f1f69
1,DPKI,226,cross-domain,true,true,461646.6480708174,471974.89217085164,472092.8617708735,117.96960002183914,0,117.96960002183914,-1,1,1,65,"{""dpkiOnchainAuthenticateTx"":47.13400000333786,""dpkiOnchainCertTransferHttp"":1.147700011730194,""dpkiOnchainRelayHttp"":0,""dpkiCrossRelayHttp"":0,""dpkiOnchainMptProofHttpQuery"":14.515100002288818,""dpkiOnchainMptProofSignerCertVerify"":10.012799978256226,""dpkiOnchainMptProofResponseVerify"":0.435699999332428,""dpkiOnchainRootRead"":3.725399971008301,""dpkiOnchainMptVerify"":0.3449999690055847,""dpkiOnchainOpenSslVerifyCert"":11.282100021839142,""dpkiOnchainAssertionSign"":14.15369999408722,""dpkiOnchainAssertionVerify"":12.819399952888489,""dpkiOnchainAuthSignature"":1.9451000094413757}",1,6669520,0x162d78b47c155a4bdf23acc772d788a2b717ff4d3a84e0b6b6e2362e0748dc45
1,DPKI,227,cross-domain,true,true,462191.60050016356,472519.8446001978,472658.49450015737,138.6498999595642,0,138.6498999595642,-1,1,1,65,"{""dpkiOnchainAuthenticateTx"":85.17629998922348,""dpkiOnchainCertTransferHttp"":0.8817000389099121,""dpkiOnchainRelayHttp"":0,""dpkiCrossRelayHttp"":0,""dpkiOnchainMptProofHttpQuery"":6.979499995708466,""dpkiOnchainMptProofSignerCertVerify"":9.82719999551773,""dpkiOnchainMptProofResponseVerify"":0.4355999827384949,""dpkiOnchainRootRead"":2.3671000003814697,""dpkiOnchainMptVerify"":0.3625999689102173,""dpkiOnchainOpenSslVerifyCert"":9.688099980354309,""dpkiOnchainAssertionSign"":11.767100036144257,""dpkiOnchainAssertionVerify"":8.892199993133545,""dpkiOnchainAuthSignature"":1.863700032234192}",1,6669523,0x6a1e91ab28e3e211af3f4604818952c2c71cf7bbd154c7a7189ab6e0964172c1
1,DPKI,228,cross-domain,true,true,465236.6241386853,475564.86823871953,475756.9342387639,192.06600004434586,0,192.06600004434586,-1,1,1,65,"{""dpkiOnchainAuthenticateTx"":129.4134999513626,""dpkiOnchainCertTransferHttp"":0.10750001668930054,""dpkiOnchainRelayHttp"":0,""dpkiCrossRelayHttp"":0,""dpkiOnchainMptProofHttpQuery"":15.356500029563904,""dpkiOnchainMptProofSignerCertVerify"":9.931600034236908,""dpkiOnchainMptProofResponseVerify"":0.4674999713897705,""dpkiOnchainRootRead"":1.9941999912261963,""dpkiOnchainMptVerify"":0.332099974155426,""dpkiOnchainOpenSslVerifyCert"":9.605500042438507,""dpkiOnchainAssertionSign"":12.870700001716614,""dpkiOnchainAssertionVerify"":9.616700053215027,""dpkiOnchainAuthSignature"":1.9501000046730042}",1,6669526,0xcf6e5479781b110dc92a5e89988993efd315596e590f4d0ab7bada0090070e76
1,DPKI,229,cross-domain,true,true,469776.1383477236,480104.3824477578,480246.11694774876,141.7344999909401,0,141.7344999909401,-1,1,1,65,"{""dpkiOnchainAuthenticateTx"":91.64219999313354,""dpkiOnchainCertTransferHttp"":0.7625000476837158,""dpkiOnchainRelayHttp"":0,""dpkiCrossRelayHttp"":0,""dpkiOnchainMptProofHttpQuery"":3.4237000346183777,""dpkiOnchainMptProofSignerCertVerify"":9.88510000705719,""dpkiOnchainMptProofResponseVerify"":0.5400999784469604,""dpkiOnchainRootRead"":2.139299988746643,""dpkiOnchainMptVerify"":0.33730000257492065,""dpkiOnchainOpenSslVerifyCert"":9.52379995584488,""dpkiOnchainAssertionSign"":12.214700043201447,""dpkiOnchainAssertionVerify"":8.949999988079071,""dpkiOnchainAuthSignature"":1.8518999814987183}",1,6669529,0xfab96c4123fe4b70a1a2e6c9aa475642aeb9c4a152649222b64c47a309f00057
1,DPKI,230,cross-domain,true,true,470686.2476864914,481014.49178652564,481110.1660865406,95.67430001497269,0,95.67430001497269,-1,1,1,65,"{""dpkiOnchainAuthenticateTx"":42.5543999671936,""dpkiOnchainCertTransferHttp"":0.12439996004104614,""dpkiOnchainRelayHttp"":0,""dpkiCrossRelayHttp"":0,""dpkiOnchainMptProofHttpQuery"":7.221100032329559,""dpkiOnchainMptProofSignerCertVerify"":9.85699999332428,""dpkiOnchainMptProofResponseVerify"":0.40450000762939453,""dpkiOnchainRootRead"":1.8511000275611877,""dpkiOnchainMptVerify"":0.3310999870300293,""dpkiOnchainOpenSslVerifyCert"":9.123700022697449,""dpkiOnchainAssertionSign"":11.638399958610535,""dpkiOnchainAssertionVerify"":10.112800002098083,""dpkiOnchainAuthSignature"":2.0358999967575073}",1,6669532,0x98acf094486ac7760ca3649a79eeebf7acc181fdc36f39c2749623077fd85e03
1,DPKI,231,cross-domain,true,true,470751.6221246494,481079.86622468365,481199.03052470816,119.16430002450943,0,119.16430002450943,-1,1,1,65,"{""dpkiOnchainAuthenticateTx"":54.30000001192093,""dpkiOnchainCertTransferHttp"":1.152500033378601,""dpkiOnchainRelayHttp"":0,""dpkiCrossRelayHttp"":0,""dpkiOnchainMptProofHttpQuery"":14.843699991703033,""dpkiOnchainMptProofSignerCertVerify"":9.914600014686584,""dpkiOnchainMptProofResponseVerify"":0.47689998149871826,""dpkiOnchainRootRead"":3.5365999937057495,""dpkiOnchainMptVerify"":0.33480000495910645,""dpkiOnchainOpenSslVerifyCert"":9.637199997901917,""dpkiOnchainAssertionSign"":12.968699991703033,""dpkiOnchainAssertionVerify"":9.660899996757507,""dpkiOnchainAuthSignature"":1.9122999906539917}",1,6669533,0x9f58587d56a755d8edc27cba26cc82baa22cdaee50ae835f711790d55335877e
1,DPKI,232,cross-domain,true,true,470852.04939210886,481180.2934921431,481262.38399219984,82.09050005674362,0,82.09050005674362,-1,1,1,65,"{""dpkiOnchainAuthenticateTx"":27.332000017166138,""dpkiOnchainCertTransferHttp"":1.5444000363349915,""dpkiOnchainRelayHttp"":0,""dpkiCrossRelayHttp"":0,""dpkiOnchainMptProofHttpQuery"":5.324199974536896,""dpkiOnchainMptProofSignerCertVerify"":9.993499994277954,""dpkiOnchainMptProofResponseVerify"":0.4803999662399292,""dpkiOnchainRootRead"":2.2052000164985657,""dpkiOnchainMptVerify"":0.3490999937057495,""dpkiOnchainOpenSslVerifyCert"":9.486000001430511,""dpkiOnchainAssertionSign"":12.493900001049042,""dpkiOnchainAssertionVerify"":10.494199991226196,""dpkiOnchainAuthSignature"":1.9633000493049622}",1,6669537,0x29fd7e23e95aaa02d40316c7306a20b510740d2c7b28a24db6dd2a6282aa6a98
1,DPKI,233,cross-domain,true,true,471573.30553724384,481901.5496372781,482041.24973728275,139.700100004673,0,139.700100004673,-1,1,1,65,"{""dpkiOnchainAuthenticateTx"":84.0920000076294,""dpkiOnchainCertTransferHttp"":3.290499985218048,""dpkiOnchainRelayHttp"":0,""dpkiCrossRelayHttp"":0,""dpkiOnchainMptProofHttpQuery"":5.901300013065338,""dpkiOnchainMptProofSignerCertVerify"":10.432500004768372,""dpkiOnchainMptProofResponseVerify"":0.4562000036239624,""dpkiOnchainRootRead"":2.0300999879837036,""dpkiOnchainMptVerify"":0.3691999912261963,""dpkiOnchainOpenSslVerifyCert"":9.189500033855438,""dpkiOnchainAssertionSign"":12.22790002822876,""dpkiOnchainAssertionVerify"":9.44760000705719,""dpkiOnchainAuthSignature"":1.8662999868392944}",1,6669541,0x2903c3b250b3306bc3a32673bd4ba5d7612b66b3b77794b80aed55e0c59e700a
1,DPKI,234,cross-domain,true,true,471789.4332776126,482117.67737764685,482217.31727767555,99.6399000287056,0,99.6399000287056,-1,1,1,65,"{""dpkiOnchainAuthenticateTx"":37.40950000286102,""dpkiOnchainCertTransferHttp"":0.025699973106384277,""dpkiOnchainRelayHttp"":0,""dpkiCrossRelayHttp"":0,""dpkiOnchainMptProofHttpQuery"":15.609300017356873,""dpkiOnchainMptProofSignerCertVerify"":9.803900003433228,""dpkiOnchainMptProofResponseVerify"":0.4118000268936157,""dpkiOnchainRootRead"":1.9056000113487244,""dpkiOnchainMptVerify"":0.3490999937057495,""dpkiOnchainOpenSslVerifyCert"":10.06580001115799,""dpkiOnchainAssertionSign"":12.320299983024597,""dpkiOnchainAssertionVerify"":9.115500032901764,""dpkiOnchainAuthSignature"":2.219099998474121}",1,6669544,0xb5a7cb2e24bdf30fc13ff9b1c7eba791811bfdbc51163c30abfc6be1ee6e57a1
1,DPKI,235,cross-domain,true,true,472412.4293667892,482740.6734668234,482868.70906683,128.03560000658035,0,128.03560000658035,-1,1,1,65,"{""dpkiOnchainAuthenticateTx"":76.15490001440048,""dpkiOnchainCertTransferHttp"":0.8795000314712524,""dpkiOnchainRelayHttp"":0,""dpkiCrossRelayHttp"":0,""dpkiOnchainMptProofHttpQuery"":4.436200022697449,""dpkiOnchainMptProofSignerCertVerify"":10.395900011062622,""dpkiOnchainMptProofResponseVerify"":0.48330003023147583,""dpkiOnchainRootRead"":1.929099977016449,""dpkiOnchainMptVerify"":0.37800002098083496,""dpkiOnchainOpenSslVerifyCert"":9.534699976444244,""dpkiOnchainAssertionSign"":11.996500015258789,""dpkiOnchainAssertionVerify"":9.495500028133392,""dpkiOnchainAuthSignature"":1.8682000041007996}",1,6669546,0xbdf42ffa4ba2b0788ec8ca1112890c68a76b05cd673807026915b3a00c557cdc
1,DPKI,236,cross-domain,true,true,472933.73715175973,483261.981251794,483388.3124517976,126.33120000362396,0,126.33120000362396,-1,1,1,65,"{""dpkiOnchainAuthenticateTx"":71.20519995689392,""dpkiOnchainCertTransferHttp"":4.134399950504303,""dpkiOnchainRelayHttp"":0,""dpkiCrossRelayHttp"":0,""dpkiOnchainMptProofHttpQuery"":2.9265999794006348,""dpkiOnchainMptProofSignerCertVerify"":9.868600010871887,""dpkiOnchainMptProofResponseVerify"":0.3991999626159668,""dpkiOnchainRootRead"":3.4162999987602234,""dpkiOnchainMptVerify"":0.3270999789237976,""dpkiOnchainOpenSslVerifyCert"":10.12689995765686,""dpkiOnchainAssertionSign"":12.113399982452393,""dpkiOnchainAssertionVerify"":9.391799986362457,""dpkiOnchainAuthSignature"":1.965399980545044}",1,6669548,0x09c0de9bab7c2760e7c3ebd311dd6731a16f4a0d878ffca2a0b2a2786e03d736
1,DPKI,237,cross-domain,true,true,477154.3376410988,487482.58174113306,487588.4143411306,105.83259999752045,0,105.83259999752045,-1,1,1,65,"{""dpkiOnchainAuthenticateTx"":53.40570002794266,""dpkiOnchainCertTransferHttp"":1.4900000095367432,""dpkiOnchainRelayHttp"":0,""dpkiCrossRelayHttp"":0,""dpkiOnchainMptProofHttpQuery"":5.243900001049042,""dpkiOnchainMptProofSignerCertVerify"":10.137399971485138,""dpkiOnchainMptProofResponseVerify"":0.4535999894142151,""dpkiOnchainRootRead"":1.8740000128746033,""dpkiOnchainMptVerify"":0.3352000117301941,""dpkiOnchainOpenSslVerifyCert"":9.198799967765808,""dpkiOnchainAssertionSign"":12.036400020122528,""dpkiOnchainAssertionVerify"":9.428799986839294,""dpkiOnchainAuthSignature"":1.8274999856948853}",1,6669551,0xd89364144aeeef3dad7b0ea5b6fa516cb32ee6a7dec7ce92a1e0b3353227f1e7
1,DPKI,238,cross-domain,true,true,478854.2012408943,489182.44534092856,489298.4858409734,116.04050004482269,0,116.04050004482269,-1,1,1,65,"{""dpkiOnchainAuthenticateTx"":57.256500005722046,""dpkiOnchainCertTransferHttp"":1.142199993133545,""dpkiOnchainRelayHttp"":0,""dpkiCrossRelayHttp"":0,""dpkiOnchainMptProofHttpQuery"":11.873199999332428,""dpkiOnchainMptProofSignerCertVerify"":9.875899970531464,""dpkiOnchainMptProofResponseVerify"":0.4277999997138977,""dpkiOnchainRootRead"":1.9227999448776245,""dpkiOnchainMptVerify"":0.3457000255584717,""dpkiOnchainOpenSslVerifyCert"":9.026100039482117,""dpkiOnchainAssertionSign"":12.381500005722046,""dpkiOnchainAssertionVerify"":9.428299963474274,""dpkiOnchainAuthSignature"":1.9420000314712524}",1,6669553,0xd2524c24a1a8e9ecd7057f2065be461516c304ca479d5060b0215aa30a4f7f5e
1,DPKI,239,cross-domain,true,true,480014.86253584496,490343.1066358792,490487.2095358478,144.10289996862411,0,144.10289996862411,-1,1,1,65,"{""dpkiOnchainAuthenticateTx"":92.94539999961853,""dpkiOnchainCertTransferHttp"":0.10930001735687256,""dpkiOnchainRelayHttp"":0,""dpkiCrossRelayHttp"":0,""dpkiOnchainMptProofHttpQuery"":2.4800000190734863,""dpkiOnchainMptProofSignerCertVerify"":9.607999980449677,""dpkiOnchainMptProofResponseVerify"":0.43970000743865967,""dpkiOnchainRootRead"":4.879800021648407,""dpkiOnchainMptVerify"":0.33649998903274536,""dpkiOnchainOpenSslVerifyCert"":9.572400033473969,""dpkiOnchainAssertionSign"":12.162800014019012,""dpkiOnchainAssertionVerify"":9.22299998998642,""dpkiOnchainAuthSignature"":1.9377999901771545}",1,6669556,0x5cd9495fffec33ec7ff7092ce6351a611abb8cb2162a692231277f009f6654ab
1,DPKI,240,cross-domain,true,true,480437.27414521785,490765.5182452521,490874.0903452358,108.57209998369217,0,108.57209998369217,-1,1,1,65,"{""dpkiOnchainAuthenticateTx"":56.696200013160706,""dpkiOnchainCertTransferHttp"":0.1565999984741211,""dpkiOnchainRelayHttp"":0,""dpkiCrossRelayHttp"":0,""dpkiOnchainMptProofHttpQuery"":5.205699980258942,""dpkiOnchainMptProofSignerCertVerify"":10.130599975585938,""dpkiOnchainMptProofResponseVerify"":0.4193999767303467,""dpkiOnchainRootRead"":1.8723999857902527,""dpkiOnchainMptVerify"":0.33719998598098755,""dpkiOnchainOpenSslVerifyCert"":9.25299996137619,""dpkiOnchainAssertionSign"":12.235700011253357,""dpkiOnchainAssertionVerify"":9.744500041007996,""dpkiOnchainAuthSignature"":1.9776999950408936}",1,6669558,0xe6c66fd616d108cf20ae0c7c3df336b9eb90d61c36a2592fe8cfd40017b874bd
1,DPKI,241,cross-domain,true,true,480983.0666995442,491311.31079957844,491432.5663996136,121.25560003519058,0,121.25560003519058,-1,1,1,65,"{""dpkiOnchainAuthenticateTx"":55.49959999322891,""dpkiOnchainCertTransferHttp"":1.3463000059127808,""dpkiOnchainRelayHttp"":0,""dpkiCrossRelayHttp"":0,""dpkiOnchainMptProofHttpQuery"":14.375600039958954,""dpkiOnchainMptProofSignerCertVerify"":9.816299974918365,""dpkiOnchainMptProofResponseVerify"":0.4390999674797058,""dpkiOnchainRootRead"":6.568499982357025,""dpkiOnchainMptVerify"":0.3339000344276428,""dpkiOnchainOpenSslVerifyCert"":9.417900025844574,""dpkiOnchainAssertionSign"":12.319999992847443,""dpkiOnchainAssertionVerify"":8.815699994564056,""dpkiOnchainAuthSignature"":1.8528000116348267}",1,6669561,0x4608bbbf50d7232faf4885ca03f2257bf66223ac7315de9c7a675d168871a519
1,DPKI,242,cross-domain,true,true,481061.8667179322,491390.11081796646,491532.7920179939,142.68120002746582,0,142.68120002746582,-1,1,1,65,"{""dpkiOnchainAuthenticateTx"":89.38719999790192,""dpkiOnchainCertTransferHttp"":1.0066999793052673,""dpkiOnchainRelayHttp"":0,""dpkiCrossRelayHttp"":0,""dpkiOnchainMptProofHttpQuery"":4.345200002193451,""dpkiOnchainMptProofSignerCertVerify"":10.27369999885559,""dpkiOnchainMptProofResponseVerify"":0.4847000241279602,""dpkiOnchainRootRead"":3.4192999601364136,""dpkiOnchainMptVerify"":0.3414999842643738,""dpkiOnchainOpenSslVerifyCert"":9.959299981594086,""dpkiOnchainAssertionSign"":11.795500040054321,""dpkiOnchainAssertionVerify"":9.385299980640411,""dpkiOnchainAuthSignature"":1.8768999576568604}",1,6669564,0x28ca17e8e0a2694815ae6aa93ec02794abaa0c1afd6271bbcdca2028e7d9618b
1,DPKI,243,cross-domain,true,true,485404.16410154366,495732.4082015779,495870.4165015843,138.00830000638962,0,138.00830000638962,-1,1,1,65,"{""dpkiOnchainAuthenticateTx"":85.82889997959137,""dpkiOnchainCertTransferHttp"":1.0386000275611877,""dpkiOnchainRelayHttp"":0,""dpkiCrossRelayHttp"":0,""dpkiOnchainMptProofHttpQuery"":3.539200007915497,""dpkiOnchainMptProofSignerCertVerify"":9.899700045585632,""dpkiOnchainMptProofResponseVerify"":0.44760000705718994,""dpkiOnchainRootRead"":3.565400004386902,""dpkiOnchainMptVerify"":0.3328999876976013,""dpkiOnchainOpenSslVerifyCert"":9.558799982070923,""dpkiOnchainAssertionSign"":11.912900030612946,""dpkiOnchainAssertionVerify"":9.547399997711182,""dpkiOnchainAuthSignature"":1.9074000120162964}",1,6669567,0x8d646c9920f08b7eacbcd24fb7c767e23e74660693f5653aad5094e6ec5ea9cb
1,DPKI,244,cross-domain,true,true,485920.2261016222,496248.47020165646,496371.31510160887,122.84489995241165,0,122.84489995241165,-1,1,1,65,"{""dpkiOnchainAuthenticateTx"":70.83680003881454,""dpkiOnchainCertTransferHttp"":1.0002000331878662,""dpkiOnchainRelayHttp"":0,""dpkiCrossRelayHttp"":0,""dpkiOnchainMptProofHttpQuery"":4.76230001449585,""dpkiOnchainMptProofSignerCertVerify"":10.232299983501434,""dpkiOnchainMptProofResponseVerify"":0.4673999547958374,""dpkiOnchainRootRead"":2.067799985408783,""dpkiOnchainMptVerify"":0.32340002059936523,""dpkiOnchainOpenSslVerifyCert"":8.9200000166893,""dpkiOnchainAssertionSign"":12.400700032711029,""dpkiOnchainAssertionVerify"":9.393800020217896,""dpkiOnchainAuthSignature"":2.060000002384186}",1,6669569,0xb9b55d936c03f16f60973c86db56cd4b08850a64f08227132d1317452d4f44f9
1,DPKI,245,cross-domain,true,true,487706.2392697734,498034.48336980765,498127.745369832,93.2620000243187,0,93.2620000243187,-1,1,1,65,"{""dpkiOnchainAuthenticateTx"":41.339299976825714,""dpkiOnchainCertTransferHttp"":1.8633999824523926,""dpkiOnchainRelayHttp"":0,""dpkiCrossRelayHttp"":0,""dpkiOnchainMptProofHttpQuery"":4.445500016212463,""dpkiOnchainMptProofSignerCertVerify"":9.905700027942657,""dpkiOnchainMptProofResponseVerify"":0.44429999589920044,""dpkiOnchainRootRead"":2.236899971961975,""dpkiOnchainMptVerify"":0.3557000160217285,""dpkiOnchainOpenSslVerifyCert"":9.550800025463104,""dpkiOnchainAssertionSign"":11.473800003528595,""dpkiOnchainAssertionVerify"":9.30699998140335,""dpkiOnchainAuthSignature"":1.8979000449180603}",1,6669571,0x05518a7868ff158d041dee83982760c26512377974af4017130e63b5913b888a
1,DPKI,246,cross-domain,true,true,493994.9099285098,504323.154028544,504515.65672857483,192.50270003080368,0,192.50270003080368,-1,1,1,65,"{""dpkiOnchainAuthenticateTx"":131.4258999824524,""dpkiOnchainCertTransferHttp"":1.5099999904632568,""dpkiOnchainRelayHttp"":0,""dpkiCrossRelayHttp"":0,""dpkiOnchainMptProofHttpQuery"":14.043999969959259,""dpkiOnchainMptProofSignerCertVerify"":9.732900023460388,""dpkiOnchainMptProofResponseVerify"":0.6098000407218933,""dpkiOnchainRootRead"":1.9539999961853027,""dpkiOnchainMptVerify"":0.3270000219345093,""dpkiOnchainOpenSslVerifyCert"":9.307400047779083,""dpkiOnchainAssertionSign"":11.94319999217987,""dpkiOnchainAssertionVerify"":9.156599998474121,""dpkiOnchainAuthSignature"":2.0938000082969666}",1,6669573,0x5c7497439b3336f20953cd0306bb41b2d937c0bbdfbc1e26445a55db22e25ae5
1,DPKI,247,cross-domain,true,true,494433.89596869255,504762.1400687268,504869.17456872965,107.03450000286102,0,107.03450000286102,-1,1,1,65,"{""dpkiOnchainAuthenticateTx"":47.608900010585785,""dpkiOnchainCertTransferHttp"":0.06760001182556152,""dpkiOnchainRelayHttp"":0,""dpkiCrossRelayHttp"":0,""dpkiOnchainMptProofHttpQuery"":14.410400032997131,""dpkiOnchainMptProofSignerCertVerify"":9.688700020313263,""dpkiOnchainMptProofResponseVerify"":0.41439998149871826,""dpkiOnchainRootRead"":1.8658000230789185,""dpkiOnchainMptVerify"":0.3544999957084656,""dpkiOnchainOpenSslVerifyCert"":9.454599976539612,""dpkiOnchainAssertionSign"":11.730799973011017,""dpkiOnchainAssertionVerify"":9.022100031375885,""dpkiOnchainAuthSignature"":1.8914000391960144}",1,6669575,0xdc6e99c5a33b6ee298dca04a41a55743f8b1a45949c4badc42adb4ce0b122ac8
1,DPKI,248,cross-domain,true,true,499732.171116382,510060.41521641624,510248.19471636426,187.77949994802475,0,187.77949994802475,-1,1,1,65,"{""dpkiOnchainAuthenticateTx"":124.3982999920845,""dpkiOnchainCertTransferHttp"":1.8331000208854675,""dpkiOnchainRelayHttp"":0,""dpkiCrossRelayHttp"":0,""dpkiOnchainMptProofHttpQuery"":16.557999968528748,""dpkiOnchainMptProofSignerCertVerify"":9.729300022125244,""dpkiOnchainMptProofResponseVerify"":0.41030001640319824,""dpkiOnchainRootRead"":2.1388999819755554,""dpkiOnchainMptVerify"":0.35829997062683105,""dpkiOnchainOpenSslVerifyCert"":9.149999976158142,""dpkiOnchainAssertionSign"":12.023100018501282,""dpkiOnchainAssertionVerify"":8.892800033092499,""dpkiOnchainAuthSignature"":1.8537999987602234}",1,6669577,0x7efc376e5361e9abbe8553e31cd42607d317f44d69001d7a59ff128bf1df1f9a
1,DPKI,249,cross-domain,true,true,500585.41681142495,510913.6609114592,511026.51181145356,112.85089999437332,0,112.85089999437332,-1,1,1,65,"{""dpkiOnchainAuthenticateTx"":60.00199997425079,""dpkiOnchainCertTransferHttp"":1.4670000076293945,""dpkiOnchainRelayHttp"":0,""dpkiCrossRelayHttp"":0,""dpkiOnchainMptProofHttpQuery"":4.995999991893768,""dpkiOnchainMptProofSignerCertVerify"":9.748199999332428,""dpkiOnchainMptProofResponseVerify"":0.4394000172615051,""dpkiOnchainRootRead"":1.8270000219345093,""dpkiOnchainMptVerify"":0.3303999900817871,""dpkiOnchainOpenSslVerifyCert"":9.367299973964691,""dpkiOnchainAssertionSign"":12.277300000190735,""dpkiOnchainAssertionVerify"":10.055000007152557,""dpkiOnchainAuthSignature"":1.8831000328063965}",1,6669580,0x762739c8c1924cd3ccf10ff28c23e46718cc56fe9da586d62a02912374d76f2f
1,DPKI,250,cross-domain,true,true,501375.0361826596,511703.28028269386,511792.9015826759,89.62129998207092,0,89.62129998207092,-1,1,1,65,"{""dpkiOnchainAuthenticateTx"":38.78729999065399,""dpkiOnchainCertTransferHttp"":0.25540000200271606,""dpkiOnchainRelayHttp"":0,""dpkiCrossRelayHttp"":0,""dpkiOnchainMptProofHttpQuery"":5.8424999713897705,""dpkiOnchainMptProofSignerCertVerify"":9.781300008296967,""dpkiOnchainMptProofResponseVerify"":0.41899996995925903,""dpkiOnchainRootRead"":2.1290000081062317,""dpkiOnchainMptVerify"":0.34170001745224,""dpkiOnchainOpenSslVerifyCert"":9.018999993801117,""dpkiOnchainAssertionSign"":11.769400000572205,""dpkiOnchainAssertionVerify"":9.064400017261505,""dpkiOnchainAuthSignature"":1.8159000277519226}",1,6669583,0x1996f7bd9fcabd690d600d1ca1ec1101e5bcc1a0f795b00d1fbcc008004250c4
1,DPKI,251,cross-domain,true,true,503511.2452721518,513839.489372186,514114.37517219,274.88580000400543,0,274.88580000400543,-1,1,1,65,"{""dpkiOnchainAuthenticateTx"":195.44100004434586,""dpkiOnchainCertTransferHttp"":4.2639999985694885,""dpkiOnchainRelayHttp"":0,""dpkiCrossRelayHttp"":0,""dpkiOnchainMptProofHttpQuery"":28.709700047969818,""dpkiOnchainMptProofSignerCertVerify"":9.729699969291687,""dpkiOnchainMptProofResponseVerify"":0.4193999767303467,""dpkiOnchainRootRead"":2.276800036430359,""dpkiOnchainMptVerify"":0.3493000268936157,""dpkiOnchainOpenSslVerifyCert"":9.825399994850159,""dpkiOnchainAssertionSign"":12.0625,""dpkiOnchainAssertionVerify"":9.366899967193604,""dpkiOnchainAuthSignature"":1.963699996471405}",1,6669584,0x705f74c86a2085e9de3edc978cccf4d25a4931d9ba150e8a997f60f266dd6633
1,DPKI,252,cross-domain,true,true,506842.9851693736,517171.22926940786,517276.01456942427,104.7853000164032,0,104.7853000164032,-1,1,1,65,"{""dpkiOnchainAuthenticateTx"":45.64599996805191,""dpkiOnchainCertTransferHttp"":0.13239997625350952,""dpkiOnchainRelayHttp"":0,""dpkiCrossRelayHttp"":0,""dpkiOnchainMptProofHttpQuery"":13.96230000257492,""dpkiOnchainMptProofSignerCertVerify"":9.883400022983551,""dpkiOnchainMptProofResponseVerify"":0.4403999447822571,""dpkiOnchainRootRead"":1.963699996471405,""dpkiOnchainMptVerify"":0.35190004110336304,""dpkiOnchainOpenSslVerifyCert"":9.652200043201447,""dpkiOnchainAssertionSign"":11.575200021266937,""dpkiOnchainAssertionVerify"":8.669900000095367,""dpkiOnchainAuthSignature"":2.0663999915122986}",1,6669588,0x4d0fc52189d18cf4b6c78f671514efca17c5016eb3333b296d3f696713cc6d43
1,DPKI,253,cross-domain,true,true,507179.5847620455,517507.8288620797,517613.75516206893,105.92629998922348,0,105.92629998922348,-1,1,1,65,"{""dpkiOnchainAuthenticateTx"":45.05680000782013,""dpkiOnchainCertTransferHttp"":0.09660005569458008,""dpkiOnchainRelayHttp"":0,""dpkiCrossRelayHttp"":0,""dpkiOnchainMptProofHttpQuery"":15.757300019264221,""dpkiOnchainMptProofSignerCertVerify"":9.845499992370605,""dpkiOnchainMptProofResponseVerify"":0.44950002431869507,""dpkiOnchainRootRead"":2.0062999725341797,""dpkiOnchainMptVerify"":0.33090001344680786,""dpkiOnchainOpenSslVerifyCert"":9.330600023269653,""dpkiOnchainAssertionSign"":11.829299986362457,""dpkiOnchainAssertionVerify"":8.902800023555756,""dpkiOnchainAuthSignature"":1.948199987411499}",1,6669591,0xc187d68bcf743e6230974e3208c6d38a68b7489236fd6226597e1efaffa2fd1f
1,DPKI,254,cross-domain,true,true,510599.154864838,520927.39896487223,521083.8820648693,156.4830999970436,0,156.4830999970436,-1,1,1,65,"{""dpkiOnchainAuthenticateTx"":93.61839997768402,""dpkiOnchainCertTransferHttp"":1.3590999841690063,""dpkiOnchainRelayHttp"":0,""dpkiCrossRelayHttp"":0,""dpkiOnchainMptProofHttpQuery"":16.310099959373474,""dpkiOnchainMptProofSignerCertVerify"":9.865000009536743,""dpkiOnchainMptProofResponseVerify"":0.4493999481201172,""dpkiOnchainRootRead"":1.9542999863624573,""dpkiOnchainMptVerify"":0.3458999991416931,""dpkiOnchainOpenSslVerifyCert"":9.538399994373322,""dpkiOnchainAssertionSign"":11.636300027370453,""dpkiOnchainAssertionVerify"":9.105199992656708,""dpkiOnchainAuthSignature"":1.9041000008583069}",1,6669593,0xe9838ced7ec817d2ac4201d43ef64ccc652d325876fe68c897ca2d36fc96f6ce
1,DPKI,255,cross-domain,true,true,512517.1812781403,522845.4253781745,523015.35557821486,169.93020004034042,0,169.93020004034042,-1,1,1,65,"{""dpkiOnchainAuthenticateTx"":103.80010002851486,""dpkiOnchainCertTransferHttp"":0.6877999901771545,""dpkiOnchainRelayHttp"":0,""dpkiCrossRelayHttp"":0,""dpkiOnchainMptProofHttpQuery"":17.216000020503998,""dpkiOnchainMptProofSignerCertVerify"":10.053400039672852,""dpkiOnchainMptProofResponseVerify"":0.4663999676704407,""dpkiOnchainRootRead"":3.6772000193595886,""dpkiOnchainMptVerify"":0.3411000370979309,""dpkiOnchainOpenSslVerifyCert"":9.832900047302246,""dpkiOnchainAssertionSign"":12.232100009918213,""dpkiOnchainAssertionVerify"":9.251399993896484,""dpkiOnchainAuthSignature"":1.9124999642372131}",1,6669595,0xd72f7d8bb4fd23cd62b3c9a5e0cde04464f5083b81698ef73630c16765a600db
1,DPKI,256,cross-domain,true,true,514130.82329027,524459.0673903043,524614.2114903147,155.14410001039505,0,155.14410001039505,-1,1,1,65,"{""dpkiOnchainAuthenticateTx"":74.49680000543594,""dpkiOnchainCertTransferHttp"":0.4829999804496765,""dpkiOnchainRelayHttp"":0,""dpkiCrossRelayHttp"":0,""dpkiOnchainMptProofHttpQuery"":29.53200000524521,""dpkiOnchainMptProofSignerCertVerify"":9.9825000166893,""dpkiOnchainMptProofResponseVerify"":0.48900002241134644,""dpkiOnchainRootRead"":3.9883999824523926,""dpkiOnchainMptVerify"":0.3525000214576721,""dpkiOnchainOpenSslVerifyCert"":10.05790001153946,""dpkiOnchainAssertionSign"":13.607699990272522,""dpkiOnchainAssertionVerify"":9.8125,""dpkiOnchainAuthSignature"":1.8849999904632568}",1,6669597,0xfcf204a5718682c00b484738928b3ed758ed3561bebbe7534279865fec81c2c7
1,DPKI,257,cross-domain,true,true,515725.3944174637,526053.6385174979,526161.5109174837,107.87239998579025,0,107.87239998579025,-1,1,1,65,"{""dpkiOnchainAuthenticateTx"":56.71770000457764,""dpkiOnchainCertTransferHttp"":0.4042999744415283,""dpkiOnchainRelayHttp"":0,""dpkiCrossRelayHttp"":0,""dpkiOnchainMptProofHttpQuery"":4.00789999961853,""dpkiOnchainMptProofSignerCertVerify"":10.207800030708313,""dpkiOnchainMptProofResponseVerify"":0.4654000401496887,""dpkiOnchainRootRead"":2.8378999829292297,""dpkiOnchainMptVerify"":0.3271999955177307,""dpkiOnchainOpenSslVerifyCert"":9.908999979496002,""dpkiOnchainAssertionSign"":11.878100037574768,""dpkiOnchainAssertionVerify"":8.863499999046326,""dpkiOnchainAuthSignature"":1.8093000054359436}",1,6669601,0x48560d4244bd35e1ec4ca147e31a6f7f8c03ea471ca4adee19b6f8aedf0ca7b4
1,DPKI,258,cross-domain,true,true,517853.4189206076,528181.6630206418,528337.6252206278,155.962199985981,0,155.962199985981,-1,1,1,65,"{""dpkiOnchainAuthenticateTx"":71.74580001831055,""dpkiOnchainCertTransferHttp"":0.27950000762939453,""dpkiOnchainRelayHttp"":0,""dpkiCrossRelayHttp"":0,""dpkiOnchainMptProofHttpQuery"":30.87330001592636,""dpkiOnchainMptProofSignerCertVerify"":10.094300031661987,""dpkiOnchainMptProofResponseVerify"":0.432699978351593,""dpkiOnchainRootRead"":7.5242999792099,""dpkiOnchainMptVerify"":0.3425999879837036,""dpkiOnchainOpenSslVerifyCert"":9.713199973106384,""dpkiOnchainAssertionSign"":12.945500016212463,""dpkiOnchainAssertionVerify"":9.66380000114441,""dpkiOnchainAuthSignature"":1.8711000084877014}",1,6669603,0xe38dae5b89664675cb95d28730db6484ca8571a9ea63bf46cd2605e676ea900d
1,DPKI,259,cross-domain,true,true,517940.544952803,528268.7890528373,528360.1946528486,91.40560001134872,0,91.40560001134872,-1,1,1,65,"{""dpkiOnchainAuthenticateTx"":39.510999977588654,""dpkiOnchainCertTransferHttp"":1.0103999972343445,""dpkiOnchainRelayHttp"":0,""dpkiCrossRelayHttp"":0,""dpkiOnchainMptProofHttpQuery"":2.5149999856948853,""dpkiOnchainMptProofSignerCertVerify"":9.72869998216629,""dpkiOnchainMptProofResponseVerify"":0.45160001516342163,""dpkiOnchainRootRead"":4.283799946308136,""dpkiOnchainMptVerify"":0.3325999975204468,""dpkiOnchainOpenSslVerifyCert"":9.303200006484985,""dpkiOnchainAssertionSign"":12.710299968719482,""dpkiOnchainAssertionVerify"":9.146799981594086,""dpkiOnchainAuthSignature"":1.8723000288009644}",1,6669607,0x76682c2ffd402be7988463bb3190c650dfa13d0dc2a4b312f6cf76f555cd41b0
1,DPKI,260,cross-domain,true,true,522384.4113003146,532712.6554003488,532820.0471003186,107.39169996976852,0,107.39169996976852,-1,1,1,65,"{""dpkiOnchainAuthenticateTx"":55.36640000343323,""dpkiOnchainCertTransferHttp"":0.10509997606277466,""dpkiOnchainRelayHttp"":0,""dpkiCrossRelayHttp"":0,""dpkiOnchainMptProofHttpQuery"":5.972900032997131,""dpkiOnchainMptProofSignerCertVerify"":9.731499969959259,""dpkiOnchainMptProofResponseVerify"":0.4640999436378479,""dpkiOnchainRootRead"":1.734600007534027,""dpkiOnchainMptVerify"":0.32809996604919434,""dpkiOnchainOpenSslVerifyCert"":9.575500011444092,""dpkiOnchainAssertionSign"":12.477699995040894,""dpkiOnchainAssertionVerify"":9.320699989795685,""dpkiOnchainAuthSignature"":1.8866999745368958}",1,6669609,0x821ce33ec8cc27aef22d8e62e0d1ab3a16710b4e604d40e7fd085141e6c0656b
1,DPKI,261,cross-domain,true,true,524171.5167961259,534499.7608961602,534647.5752961774,147.8144000172615,0,147.8144000172615,-1,1,1,65,"{""dpkiOnchainAuthenticateTx"":86.83730000257492,""dpkiOnchainCertTransferHttp"":0.48450005054473877,""dpkiOnchainRelayHttp"":0,""dpkiCrossRelayHttp"":0,""dpkiOnchainMptProofHttpQuery"":15.220800042152405,""dpkiOnchainMptProofSignerCertVerify"":9.657099962234497,""dpkiOnchainMptProofResponseVerify"":0.44409996271133423,""dpkiOnchainRootRead"":2.0752999782562256,""dpkiOnchainMptVerify"":0.3432999849319458,""dpkiOnchainOpenSslVerifyCert"":9.055800020694733,""dpkiOnchainAssertionSign"":11.830400049686432,""dpkiOnchainAssertionVerify"":9.267900049686432,""dpkiOnchainAuthSignature"":2.1604999899864197}",1,6669612,0x1800c10b2ea799d15476348ce322f53b5202305a49392878df7ab667527128f3
1,DPKI,262,cross-domain,true,true,524381.4932807225,534709.7373807568,534852.9715807575,143.23420000076294,0,143.23420000076294,-1,1,1,65,"{""dpkiOnchainAuthenticateTx"":91.62279999256134,""dpkiOnchainCertTransferHttp"":0.28630000352859497,""dpkiOnchainRelayHttp"":0,""dpkiCrossRelayHttp"":0,""dpkiOnchainMptProofHttpQuery"":3.2457000017166138,""dpkiOnchainMptProofSignerCertVerify"":9.667999982833862,""dpkiOnchainMptProofResponseVerify"":0.4271000027656555,""dpkiOnchainRootRead"":3.652899980545044,""dpkiOnchainMptVerify"":0.35589998960494995,""dpkiOnchainOpenSslVerifyCert"":9.164399981498718,""dpkiOnchainAssertionSign"":12.602100014686584,""dpkiOnchainAssertionVerify"":9.903400003910065,""dpkiOnchainAuthSignature"":1.913100004196167}",1,6669614,0xe5ce0ffe43295b62916c83be93479779468ce5bc27abafec4d5b2917f5f8533f
1,DPKI,263,cross-domain,true,true,527093.888024522,537422.1321245562,537547.7031245958,125.57100003957748,0,125.57100003957748,-1,1,1,65,"{""dpkiOnchainAuthenticateTx"":72.34189999103546,""dpkiOnchainCertTransferHttp"":0.21359997987747192,""dpkiOnchainRelayHttp"":0,""dpkiCrossRelayHttp"":0,""dpkiOnchainMptProofHttpQuery"":7.588299989700317,""dpkiOnchainMptProofSignerCertVerify"":9.764499962329865,""dpkiOnchainMptProofResponseVerify"":0.42830002307891846,""dpkiOnchainRootRead"":1.7485000491142273,""dpkiOnchainMptVerify"":0.328000009059906,""dpkiOnchainOpenSslVerifyCert"":9.170199990272522,""dpkiOnchainAssertionSign"":12.124300003051758,""dpkiOnchainAssertionVerify"":9.493299961090088,""dpkiOnchainAuthSignature"":1.9283000230789185}",1,6669617,0x6465f1d645226ca1c6e524e5108bc48061d4d85518652791a45b080063315bca
1,DPKI,264,cross-domain,true,true,527746.0400414258,538074.2841414601,538166.0095414311,91.7253999710083,0,91.7253999710083,-1,1,1,65,"{""dpkiOnchainAuthenticateTx"":37.89359998703003,""dpkiOnchainCertTransferHttp"":0.3419000506401062,""dpkiOnchainRelayHttp"":0,""dpkiCrossRelayHttp"":0,""dpkiOnchainMptProofHttpQuery"":7.589300036430359,""dpkiOnchainMptProofSignerCertVerify"":10.055299997329712,""dpkiOnchainMptProofResponseVerify"":0.4185999631881714,""dpkiOnchainRootRead"":1.8559000492095947,""dpkiOnchainMptVerify"":0.3246999979019165,""dpkiOnchainOpenSslVerifyCert"":9.236800014972687,""dpkiOnchainAssertionSign"":12.021099984645844,""dpkiOnchainAssertionVerify"":9.601700007915497,""dpkiOnchainAuthSignature"":1.9402999877929688}",1,6669620,0x090de59362e9ee98abc91a217687a2cf9f4862469757cdd575d1b3016ee16917
1,DPKI,265,cross-domain,true,true,527994.2644571349,538322.5085571691,538471.0127572104,148.5042000412941,0,148.5042000412941,-1,1,1,65,"{""dpkiOnchainAuthenticateTx"":70.09810000658035,""dpkiOnchainCertTransferHttp"":0.1881999969482422,""dpkiOnchainRelayHttp"":0,""dpkiCrossRelayHttp"":0,""dpkiOnchainMptProofHttpQuery"":31.1981999874115,""dpkiOnchainMptProofSignerCertVerify"":9.991199970245361,""dpkiOnchainMptProofResponseVerify"":0.4424999952316284,""dpkiOnchainRootRead"":2.1169999837875366,""dpkiOnchainMptVerify"":0.3306000232696533,""dpkiOnchainOpenSslVerifyCert"":9.49449998140335,""dpkiOnchainAssertionSign"":12.772599995136261,""dpkiOnchainAssertionVerify"":9.451900005340576,""dpkiOnchainAuthSignature"":1.9855999946594238}",1,6669622,0x6e1e906c7506ba96b07670a3611261864890887682e054aa94e179de0eaae1bc
1,DPKI,266,cross-domain,true,true,529817.7801740719,540146.0242741061,540311.085774119,165.0615000128746,0,165.0615000128746,-1,1,1,65,"{""dpkiOnchainAuthenticateTx"":102.82050001621246,""dpkiOnchainCertTransferHttp"":2.048699975013733,""dpkiOnchainRelayHttp"":0,""dpkiCrossRelayHttp"":0,""dpkiOnchainMptProofHttpQuery"":14.029799997806549,""dpkiOnchainMptProofSignerCertVerify"":9.835000038146973,""dpkiOnchainMptProofResponseVerify"":0.44130003452301025,""dpkiOnchainRootRead"":1.9519000053405762,""dpkiOnchainMptVerify"":0.3631000518798828,""dpkiOnchainOpenSslVerifyCert"":9.886399984359741,""dpkiOnchainAssertionSign"":12.09960001707077,""dpkiOnchainAssertionVerify"":9.00569999217987,""dpkiOnchainAuthSignature"":2.160600006580353}",1,6669626,0x5562796a6e4f164fdf012bbe1a7d61c490f95ed50d4a8c3f38d34b86b8d86b35
1,DPKI,267,cross-domain,true,true,530396.1995721546,540724.4436721888,540846.7042721596,122.26059997081757,0,122.26059997081757,-1,1,1,65,"{""dpkiOnchainAuthenticateTx"":61.405600011348724,""dpkiOnchainCertTransferHttp"":0.20889997482299805,""dpkiOnchainRelayHttp"":0,""dpkiCrossRelayHttp"":0,""dpkiOnchainMptProofHttpQuery"":14.532599985599518,""dpkiOnchainMptProofSignerCertVerify"":9.991900026798248,""dpkiOnchainMptProofResponseVerify"":0.4724000096321106,""dpkiOnchainRootRead"":2.2987000346183777,""dpkiOnchainMptVerify"":0.35680001974105835,""dpkiOnchainOpenSslVerifyCert"":9.57700002193451,""dpkiOnchainAssertionSign"":11.577400028705597,""dpkiOnchainAssertionVerify"":9.436200022697449,""dpkiOnchainAuthSignature"":2.017800033092499}",1,6669628,0x208fdf1b59da9f6033b135a918abdf2b665e097c075c61adc6db71f29b4eacd4
1,DPKI,268,cross-domain,true,true,530775.9478320925,541104.1919321268,541322.7365321367,218.5446000099182,0,218.5446000099182,-1,1,1,65,"{""dpkiOnchainAuthenticateTx"":154.87230002880096,""dpkiOnchainCertTransferHttp"":0.5701999664306641,""dpkiOnchainRelayHttp"":0,""dpkiCrossRelayHttp"":0,""dpkiOnchainMptProofHttpQuery"":15.198199987411499,""dpkiOnchainMptProofSignerCertVerify"":9.7635999917984,""dpkiOnchainMptProofResponseVerify"":0.44739997386932373,""dpkiOnchainRootRead"":3.3568000197410583,""dpkiOnchainMptVerify"":0.37070000171661377,""dpkiOnchainOpenSslVerifyCert"":10.014800012111664,""dpkiOnchainAssertionSign"":12.315500020980835,""dpkiOnchainAssertionVerify"":9.349200010299683,""dpkiOnchainAuthSignature"":1.8743000030517578}",1,6669632,0x8b0eb15ddde5098f38537818c5f46831f28f942ce0afc1a5c6f58728816af33b
1,DPKI,269,cross-domain,true,true,530779.1562647262,541107.4003647604,541379.4301321356,272.0297673752066,151.66386739513837,120.3658999800682,-1,1,1,65,"{""dpkiOnchainAuthenticateTx"":42.24960005283356,""dpkiOnchainCertTransferHttp"":1.7299999594688416,""dpkiOnchainRelayHttp"":0,""dpkiCrossRelayHttp"":0,""dpkiOnchainMptProofHttpQuery"":29.287499964237213,""dpkiOnchainMptProofSignerCertVerify"":9.93939995765686,""dpkiOnchainMptProofResponseVerify"":0.5863000154495239,""dpkiOnchainRootRead"":2.038699984550476,""dpkiOnchainMptVerify"":0.4424999952316284,""dpkiOnchainOpenSslVerifyCert"":9.76969999074936,""dpkiOnchainAssertionSign"":12.327600002288818,""dpkiOnchainAssertionVerify"":9.725300014019012,""dpkiOnchainAuthSignature"":1.8472000360488892}",1,6669635,0xbbb6b4df5edd25e565b0549fcf5f4eadf9e0c5b3e7c2197127c7fab00f08b326
1,DPKI,270,cross-domain,true,true,531064.8290480273,541393.0731480615,541513.4963480132,120.42319995164871,0,120.42319995164871,-1,1,1,65,"{""dpkiOnchainAuthenticateTx"":45.930900037288666,""dpkiOnchainCertTransferHttp"":4.7608999609947205,""dpkiOnchainRelayHttp"":0,""dpkiCrossRelayHttp"":0,""dpkiOnchainMptProofHttpQuery"":25.32760000228882,""dpkiOnchainMptProofSignerCertVerify"":9.609899997711182,""dpkiOnchainMptProofResponseVerify"":0.4567999839782715,""dpkiOnchainRootRead"":1.9253000020980835,""dpkiOnchainMptVerify"":0.3215000033378601,""dpkiOnchainOpenSslVerifyCert"":9.098900020122528,""dpkiOnchainAssertionSign"":11.899500012397766,""dpkiOnchainAssertionVerify"":8.5625,""dpkiOnchainAuthSignature"":2.070800006389618}",1,6669638,0x463fcaefd0aa0e0798deb62116587b8e48aa3f0c14f164299f144e79f8d2d378
1,DPKI,271,cross-domain,true,true,532610.8040585706,542939.0481586049,543066.9398586343,127.89170002937317,0,127.89170002937317,-1,1,1,65,"{""dpkiOnchainAuthenticateTx"":78.80359995365143,""dpkiOnchainCertTransferHttp"":0.22769999504089355,""dpkiOnchainRelayHttp"":0,""dpkiCrossRelayHttp"":0,""dpkiOnchainMptProofHttpQuery"":2.9532999992370605,""dpkiOnchainMptProofSignerCertVerify"":9.943300008773804,""dpkiOnchainMptProofResponseVerify"":0.4212999939918518,""dpkiOnchainRootRead"":1.9386000037193298,""dpkiOnchainMptVerify"":0.34689998626708984,""dpkiOnchainOpenSslVerifyCert"":9.44319999217987,""dpkiOnchainAssertionSign"":12.237800002098083,""dpkiOnchainAssertionVerify"":9.264999985694885,""dpkiOnchainAuthSignature"":1.869200050830841}",1,6669640,0xcbca1767629a5801af35975670fc14322b2623faa17092fecbd25273cf9f7dff
1,DPKI,272,cross-domain,true,true,532795.432792394,543123.6768924282,543221.7187924669,98.04190003871918,0,98.04190003871918,-1,1,1,65,"{""dpkiOnchainAuthenticateTx"":43.021799981594086,""dpkiOnchainCertTransferHttp"":0.7983999848365784,""dpkiOnchainRelayHttp"":0,""dpkiCrossRelayHttp"":0,""dpkiOnchainMptProofHttpQuery"":8.258199989795685,""dpkiOnchainMptProofSignerCertVerify"":9.688700020313263,""dpkiOnchainMptProofResponseVerify"":0.4114999771118164,""dpkiOnchainRootRead"":1.8449000120162964,""dpkiOnchainMptVerify"":0.32889997959136963,""dpkiOnchainOpenSslVerifyCert"":10.07889997959137,""dpkiOnchainAssertionSign"":12.181500017642975,""dpkiOnchainAssertionVerify"":9.085399985313416,""dpkiOnchainAuthSignature"":1.9067000150680542}",1,6669642,0xd72f8f9465cc1b93d08b23ddab1a1c3989eeaeb829780657ddd8269945649600
1,DPKI,273,cross-domain,true,true,534012.4219065952,544340.6660066295,544472.0678066063,131.4017999768257,0,131.4017999768257,-1,1,1,65,"{""dpkiOnchainAuthenticateTx"":54.3167000412941,""dpkiOnchainCertTransferHttp"":2.298200011253357,""dpkiOnchainRelayHttp"":0,""dpkiCrossRelayHttp"":0,""dpkiOnchainMptProofHttpQuery"":28.721400022506714,""dpkiOnchainMptProofSignerCertVerify"":9.760999977588654,""dpkiOnchainMptProofResponseVerify"":0.4713999629020691,""dpkiOnchainRootRead"":1.9135000109672546,""dpkiOnchainMptVerify"":0.3668999671936035,""dpkiOnchainOpenSslVerifyCert"":9.421299993991852,""dpkiOnchainAssertionSign"":12.01579999923706,""dpkiOnchainAssertionVerify"":9.660199999809265,""dpkiOnchainAuthSignature"":2.0424000024795532}",1,6669644,0x8f2625dd4ff8072c56d3d4823d22d87cea5072df964e115941774e58e9430b4f
1,DPKI,274,cross-domain,true,true,536117.7808951343,546446.0249951686,546552.8754951562,106.85049998760223,0,106.85049998760223,-1,1,1,65,"{""dpkiOnchainAuthenticateTx"":46.83360004425049,""dpkiOnchainCertTransferHttp"":2.461899995803833,""dpkiOnchainRelayHttp"":0,""dpkiCrossRelayHttp"":0,""dpkiOnchainMptProofHttpQuery"":12.260099947452545,""dpkiOnchainMptProofSignerCertVerify"":9.456499993801117,""dpkiOnchainMptProofResponseVerify"":0.43629997968673706,""dpkiOnchainRootRead"":1.8237000107765198,""dpkiOnchainMptVerify"":0.3977999687194824,""dpkiOnchainOpenSslVerifyCert"":9.58619999885559,""dpkiOnchainAssertionSign"":11.885900020599365,""dpkiOnchainAssertionVerify"":9.08270001411438,""dpkiOnchainAuthSignature"":2.184100031852722}",1,6669648,0xa5510b5b0a591a96fa7775699fb5deb79e8bc457913d4bba161f854f6cc94308
1,DPKI,275,cross-domain,true,true,539825.0178945266,550153.2619945608,550266.344094535,113.08209997415543,0,113.08209997415543,-1,1,1,65,"{""dpkiOnchainAuthenticateTx"":61.52030003070831,""dpkiOnchainCertTransferHttp"":0.2503000497817993,""dpkiOnchainRelayHttp"":0,""dpkiCrossRelayHttp"":0,""dpkiOnchainMptProofHttpQuery"":4.063100039958954,""dpkiOnchainMptProofSignerCertVerify"":10.039799988269806,""dpkiOnchainMptProofResponseVerify"":0.5173999667167664,""dpkiOnchainRootRead"":3.2318999767303467,""dpkiOnchainMptVerify"":0.3359000086784363,""dpkiOnchainOpenSslVerifyCert"":9.477400004863739,""dpkiOnchainAssertionSign"":11.934399962425232,""dpkiOnchainAssertionVerify"":9.384199976921082,""dpkiOnchainAuthSignature"":1.9126999974250793}",1,6669650,0x8280d528182c39ce624d8bb610e323ce2df25a1636bae3704c51a909122a5747
1,DPKI,276,cross-domain,true,true,540048.271456438,550376.5155564722,550553.8151564774,177.29960000514984,0,177.29960000514984,-1,1,1,65,"{""dpkiOnchainAuthenticateTx"":117.27989995479584,""dpkiOnchainCertTransferHttp"":0.19129997491836548,""dpkiOnchainRelayHttp"":0,""dpkiCrossRelayHttp"":0,""dpkiOnchainMptProofHttpQuery"":7.97299998998642,""dpkiOnchainMptProofSignerCertVerify"":10.321799993515015,""dpkiOnchainMptProofResponseVerify"":0.49800002574920654,""dpkiOnchainRootRead"":6.811999976634979,""dpkiOnchainMptVerify"":0.34939998388290405,""dpkiOnchainOpenSslVerifyCert"":10.022500038146973,""dpkiOnchainAssertionSign"":11.995999991893768,""dpkiOnchainAssertionVerify"":9.518800020217896,""dpkiOnchainAuthSignature"":1.930299997329712}",1,6669653,0xfbbb52668cfcc660841278333203bc4ed2dac37b80ed97bc81f7c91c4dede49d
1,DPKI,277,cross-domain,true,true,542559.368826527,552887.6129265613,553003.9446265883,116.33170002698898,0,116.33170002698898,-1,1,1,65,"{""dpkiOnchainAuthenticateTx"":62.02869999408722,""dpkiOnchainCertTransferHttp"":0.12240004539489746,""dpkiOnchainRelayHttp"":0,""dpkiCrossRelayHttp"":0,""dpkiOnchainMptProofHttpQuery"":5.430400013923645,""dpkiOnchainMptProofSignerCertVerify"":10.471199989318848,""dpkiOnchainMptProofResponseVerify"":0.4610000252723694,""dpkiOnchainRootRead"":1.8956999778747559,""dpkiOnchainMptVerify"":0.32829999923706055,""dpkiOnchainOpenSslVerifyCert"":9.535700023174286,""dpkiOnchainAssertionSign"":14.350300014019012,""dpkiOnchainAssertionVerify"":9.495600044727325,""dpkiOnchainAuthSignature"":1.852899968624115}",1,6669657,0x2152173c214177f7702306bc86cf8ec2fe7951e7582fc8a000cc79436b3046fd
1,DPKI,278,cross-domain,true,true,543127.5546962741,553455.7987963083,553605.9587963346,150.16000002622604,0,150.16000002622604,-1,1,1,65,"{""dpkiOnchainAuthenticateTx"":69.48000001907349,""dpkiOnchainCertTransferHttp"":0.579800009727478,""dpkiOnchainRelayHttp"":0,""dpkiCrossRelayHttp"":0,""dpkiOnchainMptProofHttpQuery"":28.93639999628067,""dpkiOnchainMptProofSignerCertVerify"":9.918899953365326,""dpkiOnchainMptProofResponseVerify"":0.6060000061988831,""dpkiOnchainRootRead"":5.512099981307983,""dpkiOnchainMptVerify"":0.34720003604888916,""dpkiOnchainOpenSslVerifyCert"":9.730199992656708,""dpkiOnchainAssertionSign"":13.609300017356873,""dpkiOnchainAssertionVerify"":9.165600001811981,""dpkiOnchainAuthSignature"":1.8504999876022339}",1,6669659,0x3160c267c72f19e8ddc70441b8067dabffabbe92e27a66716766225a6b28cbb7
1,DPKI,279,cross-domain,true,true,543267.687205995,553595.9313060292,553736.4267059811,140.49539995193481,0,140.49539995193481,-1,1,1,65,"{""dpkiOnchainAuthenticateTx"":87.45099997520447,""dpkiOnchainCertTransferHttp"":0.28769999742507935,""dpkiOnchainRelayHttp"":0,""dpkiCrossRelayHttp"":0,""dpkiOnchainMptProofHttpQuery"":6.765300035476685,""dpkiOnchainMptProofSignerCertVerify"":10.103100001811981,""dpkiOnchainMptProofResponseVerify"":0.42760002613067627,""dpkiOnchainRootRead"":1.7174999713897705,""dpkiOnchainMptVerify"":0.3586999773979187,""dpkiOnchainOpenSslVerifyCert"":9.676199972629547,""dpkiOnchainAssertionSign"":12.15690004825592,""dpkiOnchainAssertionVerify"":9.273499965667725,""dpkiOnchainAuthSignature"":1.8628000020980835}",1,6669663,0xb80f384953ce2e263f63c0752426381668b9f3686d77db5cad89665f13d70bf1
1,DPKI,280,cross-domain,true,true,546611.6728584318,556939.916958466,557056.7447584419,116.82779997587204,0,116.82779997587204,-1,1,1,65,"{""dpkiOnchainAuthenticateTx"":53.165700018405914,""dpkiOnchainCertTransferHttp"":0.38429999351501465,""dpkiOnchainRelayHttp"":0,""dpkiCrossRelayHttp"":0,""dpkiOnchainMptProofHttpQuery"":17.809100031852722,""dpkiOnchainMptProofSignerCertVerify"":9.405799984931946,""dpkiOnchainMptProofResponseVerify"":0.40549999475479126,""dpkiOnchainRootRead"":2.3348000049591064,""dpkiOnchainMptVerify"":0.3578000068664551,""dpkiOnchainOpenSslVerifyCert"":9.627300024032593,""dpkiOnchainAssertionSign"":11.921200037002563,""dpkiOnchainAssertionVerify"":9.160000026226044,""dpkiOnchainAuthSignature"":1.8443000316619873}",1,6669666,0x33720a35be62368d95ca9bc0339abe9871c4b84755b6b8338fd242ae72c0f420
1,DPKI,281,cross-domain,true,true,549071.1503993927,559399.3944994269,559545.3132994233,145.91879999637604,0,145.91879999637604,-1,1,1,65,"{""dpkiOnchainAuthenticateTx"":92.34810000658035,""dpkiOnchainCertTransferHttp"":0.8299000263214111,""dpkiOnchainRelayHttp"":0,""dpkiCrossRelayHttp"":0,""dpkiOnchainMptProofHttpQuery"":6.645699977874756,""dpkiOnchainMptProofSignerCertVerify"":10.333100020885468,""dpkiOnchainMptProofResponseVerify"":0.4494999647140503,""dpkiOnchainRootRead"":1.837499976158142,""dpkiOnchainMptVerify"":0.35189998149871826,""dpkiOnchainOpenSslVerifyCert"":9.900499999523163,""dpkiOnchainAssertionSign"":11.45090001821518,""dpkiOnchainAssertionVerify"":9.447599947452545,""dpkiOnchainAuthSignature"":1.8851999640464783}",1,6669668,0x72c9aaaca83566ce756d1944f214d62a02560b609d9fab5676e87963dd0cb885
1,DPKI,282,cross-domain,true,true,553199.2216532741,563527.4657533084,563675.2515532885,147.78579998016357,0,147.78579998016357,-1,1,1,65,"{""dpkiOnchainAuthenticateTx"":84.49250000715256,""dpkiOnchainCertTransferHttp"":0.2760000228881836,""dpkiOnchainRelayHttp"":0,""dpkiCrossRelayHttp"":0,""dpkiOnchainMptProofHttpQuery"":16.282600045204163,""dpkiOnchainMptProofSignerCertVerify"":9.885500013828278,""dpkiOnchainMptProofResponseVerify"":0.38040000200271606,""dpkiOnchainRootRead"":2.091600000858307,""dpkiOnchainMptVerify"":0.3824000358581543,""dpkiOnchainOpenSslVerifyCert"":9.886600017547607,""dpkiOnchainAssertionSign"":12.544399976730347,""dpkiOnchainAssertionVerify"":9.288500010967255,""dpkiOnchainAuthSignature"":1.875599980354309}",1,6669670,0x24ae77962ee4a5e50a4209f040eff2b9d843f059053f8991e9bcd87532c0ae36
1,DPKI,283,cross-domain,true,true,553257.5598388809,563585.8039389151,563714.3600532924,128.5561143772211,26.15431440039538,102.40179997682571,-1,1,1,65,"{""dpkiOnchainAuthenticateTx"":44.36829996109009,""dpkiOnchainCertTransferHttp"":0.5260999798774719,""dpkiOnchainRelayHttp"":0,""dpkiCrossRelayHttp"":0,""dpkiOnchainMptProofHttpQuery"":7.183300018310547,""dpkiOnchainMptProofSignerCertVerify"":9.956200003623962,""dpkiOnchainMptProofResponseVerify"":0.4797999858856201,""dpkiOnchainRootRead"":2.04639995098114,""dpkiOnchainMptVerify"":0.34640002250671387,""dpkiOnchainOpenSslVerifyCert"":10.018999993801117,""dpkiOnchainAssertionSign"":14.705399990081787,""dpkiOnchainAssertionVerify"":10.233200013637543,""dpkiOnchainAuthSignature"":1.9137000441551208}",1,6669672,0xfd2539feec553896e48c7cc83736209c936206f3e46e127cc6f37be8eeb16fac
1,DPKI,284,cross-domain,true,true,556981.7262812204,567309.9703812547,567442.0842812605,132.1139000058174,0,132.1139000058174,-1,1,1,65,"{""dpkiOnchainAuthenticateTx"":65.72450000047684,""dpkiOnchainCertTransferHttp"":0.6787000298500061,""dpkiOnchainRelayHttp"":0,""dpkiCrossRelayHttp"":0,""dpkiOnchainMptProofHttpQuery"":14.624900043010712,""dpkiOnchainMptProofSignerCertVerify"":10.868600010871887,""dpkiOnchainMptProofResponseVerify"":0.5311999917030334,""dpkiOnchainRootRead"":4.769400000572205,""dpkiOnchainMptVerify"":0.35920000076293945,""dpkiOnchainOpenSslVerifyCert"":10.155100047588348,""dpkiOnchainAssertionSign"":12.502399981021881,""dpkiOnchainAssertionVerify"":9.60120004415512,""dpkiOnchainAuthSignature"":1.8761000037193298}",1,6669675,0xbb1ba96722c97bc66594cf25bc202d0d01ecdfe1bbbcc74d0e8e4471324d8100
1,DPKI,285,cross-domain,true,true,557050.0127673477,567378.256867382,567476.9204673499,98.66359996795654,0,98.66359996795654,-1,1,1,65,"{""dpkiOnchainAuthenticateTx"":42.18900001049042,""dpkiOnchainCertTransferHttp"":0.6168000102043152,""dpkiOnchainRelayHttp"":0,""dpkiCrossRelayHttp"":0,""dpkiOnchainMptProofHttpQuery"":6.534699976444244,""dpkiOnchainMptProofSignerCertVerify"":10.541100025177002,""dpkiOnchainMptProofResponseVerify"":0.4868999719619751,""dpkiOnchainRootRead"":4.8734999895095825,""dpkiOnchainMptVerify"":0.34049999713897705,""dpkiOnchainOpenSslVerifyCert"":9.84850001335144,""dpkiOnchainAssertionSign"":11.826399981975555,""dpkiOnchainAssertionVerify"":9.080099999904633,""dpkiOnchainAuthSignature"":1.889900028705597}",1,6669679,0x3085516d5537bedeb8a09934294b47d08cc7f1279a4f41752907c419b4ef4400
1,DPKI,286,cross-domain,true,true,559834.886101155,570163.1302011892,570294.3355011627,131.20529997348785,0,131.20529997348785,-1,1,1,65,"{""dpkiOnchainAuthenticateTx"":65.70359998941422,""dpkiOnchainCertTransferHttp"":0.9532999992370605,""dpkiOnchainRelayHttp"":0,""dpkiCrossRelayHttp"":0,""dpkiOnchainMptProofHttpQuery"":15.089800000190735,""dpkiOnchainMptProofSignerCertVerify"":9.859699964523315,""dpkiOnchainMptProofResponseVerify"":0.43639999628067017,""dpkiOnchainRootRead"":4.518399953842163,""dpkiOnchainMptVerify"":0.33570003509521484,""dpkiOnchainOpenSslVerifyCert"":9.488200008869171,""dpkiOnchainAssertionSign"":12.331699967384338,""dpkiOnchainAssertionVerify"":10.245100021362305,""dpkiOnchainAuthSignature"":1.846399962902069}",1,6669681,0x3b97e495d54f94e4a0063fc001b85a3ede911d6685de9fddca71156f55fbdad6
1,DPKI,287,cross-domain,true,true,563234.4380395773,573562.6821396116,573680.3652395967,117.68309998512268,0,117.68309998512268,-1,1,1,65,"{""dpkiOnchainAuthenticateTx"":56.9122000336647,""dpkiOnchainCertTransferHttp"":0.26440000534057617,""dpkiOnchainRelayHttp"":0,""dpkiCrossRelayHttp"":0,""dpkiOnchainMptProofHttpQuery"":15.297600030899048,""dpkiOnchainMptProofSignerCertVerify"":9.657900035381317,""dpkiOnchainMptProofResponseVerify"":0.47369998693466187,""dpkiOnchainRootRead"":1.8567000031471252,""dpkiOnchainMptVerify"":0.3568999767303467,""dpkiOnchainOpenSslVerifyCert"":9.38349997997284,""dpkiOnchainAssertionSign"":12.13400000333786,""dpkiOnchainAssertionVerify"":8.98690003156662,""dpkiOnchainAuthSignature"":1.898800015449524}",1,6669684,0x7087d39a758c8d597afd8b82c64e3610d17c7df4a9efa96b30f1980bb7856dd5
1,DPKI,288,cross-domain,true,true,570782.9413752226,581111.1854752569,581242.0988752512,130.91339999437332,0,130.91339999437332,-1,1,1,65,"{""dpkiOnchainAuthenticateTx"":77.84310001134872,""dpkiOnchainCertTransferHttp"":0.3474999666213989,""dpkiOnchainRelayHttp"":0,""dpkiCrossRelayHttp"":0,""dpkiOnchainMptProofHttpQuery"":5.499400019645691,""dpkiOnchainMptProofSignerCertVerify"":11.392899990081787,""dpkiOnchainMptProofResponseVerify"":0.47909998893737793,""dpkiOnchainRootRead"":2.0802000164985657,""dpkiOnchainMptVerify"":0.3255999684333801,""dpkiOnchainOpenSslVerifyCert"":9.01529997587204,""dpkiOnchainAssertionSign"":11.82150000333786,""dpkiOnchainAssertionVerify"":9.830200016498566,""dpkiOnchainAuthSignature"":1.8565000295639038}",1,6669688,0x3971870988d917d90c640c61ec4bf18977895f16cb39300bc7a2e119a8f9b86e
1,DPKI,289,cross-domain,true,true,572231.8604239569,582560.1045239911,582678.1668239579,118.06229996681213,0,118.06229996681213,-1,1,1,65,"{""dpkiOnchainAuthenticateTx"":55.32980000972748,""dpkiOnchainCertTransferHttp"":0.6173999905586243,""dpkiOnchainRelayHttp"":0,""dpkiCrossRelayHttp"":0,""dpkiOnchainMptProofHttpQuery"":15.453000009059906,""dpkiOnchainMptProofSignerCertVerify"":9.713199973106384,""dpkiOnchainMptProofResponseVerify"":0.40450000762939453,""dpkiOnchainRootRead"":2.1116999983787537,""dpkiOnchainMptVerify"":0.3513000011444092,""dpkiOnchainOpenSslVerifyCert"":9.513999998569489,""dpkiOnchainAssertionSign"":12.298399984836578,""dpkiOnchainAssertionVerify"":9.95909994840622,""dpkiOnchainAuthSignature"":1.8787000179290771}",1,6669690,0x0f4911336598da1ec7a375d7cdacce4b7d906ea47fa19da1cde82795f07bf44a
1,DPKI,290,cross-domain,true,true,575029.3196673185,585357.5637673527,585456.0717673093,98.50799995660782,0,98.50799995660782,-1,1,1,65,"{""dpkiOnchainAuthenticateTx"":44.81809997558594,""dpkiOnchainCertTransferHttp"":3.333500027656555,""dpkiOnchainRelayHttp"":0,""dpkiCrossRelayHttp"":0,""dpkiOnchainMptProofHttpQuery"":2.5627999901771545,""dpkiOnchainMptProofSignerCertVerify"":10.537799954414368,""dpkiOnchainMptProofResponseVerify"":0.4551999568939209,""dpkiOnchainRootRead"":3.1230000257492065,""dpkiOnchainMptVerify"":0.328499972820282,""dpkiOnchainOpenSslVerifyCert"":9.789699971675873,""dpkiOnchainAssertionSign"":12.040300011634827,""dpkiOnchainAssertionVerify"":9.201399981975555,""dpkiOnchainAuthSignature"":1.875100016593933}",1,6669692,0x181b9c3a98f7b2090c7ff08abb812097c0cc9a884428f3a81fad18e41fbeee96
1,DPKI,291,cross-domain,true,true,575262.1622099683,585590.4063100026,585727.4184099839,137.01209998130798,0,137.01209998130798,-1,1,1,65,"{""dpkiOnchainAuthenticateTx"":84.03469997644424,""dpkiOnchainCertTransferHttp"":0.04919999837875366,""dpkiOnchainRelayHttp"":0,""dpkiCrossRelayHttp"":0,""dpkiOnchainMptProofHttpQuery"":4.398999989032745,""dpkiOnchainMptProofSignerCertVerify"":10.57829999923706,""dpkiOnchainMptProofResponseVerify"":0.47280001640319824,""dpkiOnchainRootRead"":3.8094000220298767,""dpkiOnchainMptVerify"":0.3633999824523926,""dpkiOnchainOpenSslVerifyCert"":9.75629997253418,""dpkiOnchainAssertionSign"":11.787999987602234,""dpkiOnchainAssertionVerify"":9.468600034713745,""dpkiOnchainAuthSignature"":1.8980000019073486}",1,6669696,0x53ebcc4e342f04a91dccddcccc4294d78b66ffa279c92b9d8ce639f885403916
1,DPKI,292,cross-domain,true,true,577032.5283372956,587360.7724373299,587507.5596373635,146.7872000336647,0,146.7872000336647,-1,1,1,65,"{""dpkiOnchainAuthenticateTx"":85.98170000314713,""dpkiOnchainCertTransferHttp"":0.04200005531311035,""dpkiOnchainRelayHttp"":0,""dpkiCrossRelayHttp"":0,""dpkiOnchainMptProofHttpQuery"":14.958500027656555,""dpkiOnchainMptProofSignerCertVerify"":10.283399999141693,""dpkiOnchainMptProofResponseVerify"":0.4506000280380249,""dpkiOnchainRootRead"":1.8726999759674072,""dpkiOnchainMptVerify"":0.3716999888420105,""dpkiOnchainOpenSslVerifyCert"":9.18829995393753,""dpkiOnchainAssertionSign"":12.184099972248077,""dpkiOnchainAssertionVerify"":9.039499998092651,""dpkiOnchainAuthSignature"":2.026300013065338}",1,6669699,0xda100dbca1ea0c4370de074fe4c545d97a43700e5f4b4fd2e951a8540bbf39bd
1,DPKI,293,cross-domain,true,true,577897.5163722928,588225.760472327,588398.7699722941,173.00949996709824,0,173.00949996709824,-1,1,1,65,"{""dpkiOnchainAuthenticateTx"":108.1428000330925,""dpkiOnchainCertTransferHttp"":0.419700026512146,""dpkiOnchainRelayHttp"":0,""dpkiCrossRelayHttp"":0,""dpkiOnchainMptProofHttpQuery"":15.164900004863739,""dpkiOnchainMptProofSignerCertVerify"":10.381600022315979,""dpkiOnchainMptProofResponseVerify"":0.4715999960899353,""dpkiOnchainRootRead"":3.6568999886512756,""dpkiOnchainMptVerify"":0.33569997549057007,""dpkiOnchainOpenSslVerifyCert"":10.018999993801117,""dpkiOnchainAssertionSign"":12.58270001411438,""dpkiOnchainAssertionVerify"":9.60400003194809,""dpkiOnchainAuthSignature"":1.8184999823570251}",1,6669701,0xe6e2fd91e1ee091aa63586b544a7458b15543c9163b61d18d1a2ee9d4b9585fa
1,DPKI,294,cross-domain,true,true,579874.2849928479,590202.5290928822,590310.5756928663,108.046599984169,0,108.046599984169,-1,1,1,65,"{""dpkiOnchainAuthenticateTx"":58.19159996509552,""dpkiOnchainCertTransferHttp"":0.3411000370979309,""dpkiOnchainRelayHttp"":0,""dpkiCrossRelayHttp"":0,""dpkiOnchainMptProofHttpQuery"":3.416099965572357,""dpkiOnchainMptProofSignerCertVerify"":9.810999989509583,""dpkiOnchainMptProofResponseVerify"":0.47200000286102295,""dpkiOnchainRootRead"":1.9253000020980835,""dpkiOnchainMptVerify"":0.33810001611709595,""dpkiOnchainOpenSslVerifyCert"":9.408699989318848,""dpkiOnchainAssertionSign"":12.18010002374649,""dpkiOnchainAssertionVerify"":9.455799996852875,""dpkiOnchainAuthSignature"":2.139300048351288}",1,6669704,0x19a34fe812c5cb5c23b9d3170340f563faad6ed249274c7bf94436f8ca64dc7a
1,DPKI,295,cross-domain,true,true,580031.1621552402,590359.4062552744,590483.8919552857,124.48570001125336,0,124.48570001125336,-1,1,1,65,"{""dpkiOnchainAuthenticateTx"":57.065199971199036,""dpkiOnchainCertTransferHttp"":0.0821000337600708,""dpkiOnchainRelayHttp"":0,""dpkiCrossRelayHttp"":0,""dpkiOnchainMptProofHttpQuery"":18.347399950027466,""dpkiOnchainMptProofSignerCertVerify"":12.63100004196167,""dpkiOnchainMptProofResponseVerify"":0.4839000105857849,""dpkiOnchainRootRead"":3.4406999945640564,""dpkiOnchainMptVerify"":0.33090001344680786,""dpkiOnchainOpenSslVerifyCert"":9.396099984645844,""dpkiOnchainAssertionSign"":11.80160003900528,""dpkiOnchainAssertionVerify"":8.634400010108948,""dpkiOnchainAuthSignature"":1.8772000074386597}",1,6669706,0x71920cd6dc1ef342547110a202cc17ca755d612b592af62e0f2e717645b644a1
1,DPKI,296,cross-domain,true,true,580388.9126162714,590717.1567163056,590811.1949163264,94.0382000207901,0,94.0382000207901,-1,1,1,65,"{""dpkiOnchainAuthenticateTx"":41,""dpkiOnchainCertTransferHttp"":2.574899971485138,""dpkiOnchainRelayHttp"":0,""dpkiCrossRelayHttp"":0,""dpkiOnchainMptProofHttpQuery"":4.403800010681152,""dpkiOnchainMptProofSignerCertVerify"":10.081800043582916,""dpkiOnchainMptProofResponseVerify"":0.47440004348754883,""dpkiOnchainRootRead"":1.9279000163078308,""dpkiOnchainMptVerify"":0.3241000175476074,""dpkiOnchainOpenSslVerifyCert"":9.256699979305267,""dpkiOnchainAssertionSign"":12.308700025081635,""dpkiOnchainAssertionVerify"":9.311200022697449,""dpkiOnchainAuthSignature"":1.9311000108718872}",1,6669708,0xc6969cc868e997bbc1b7f326aeb5109295cdf6431b647938a6e3a2cba1f3304f
1,DPKI,297,cross-domain,true,true,581023.163239577,591351.4073396112,591557.6873396422,206.28000003099442,0,206.28000003099442,-1,1,1,65,"{""dpkiOnchainAuthenticateTx"":145.35259997844696,""dpkiOnchainCertTransferHttp"":0.37139999866485596,""dpkiOnchainRelayHttp"":0,""dpkiCrossRelayHttp"":0,""dpkiOnchainMptProofHttpQuery"":14.947800040245056,""dpkiOnchainMptProofSignerCertVerify"":9.714200019836426,""dpkiOnchainMptProofResponseVerify"":0.4569000005722046,""dpkiOnchainRootRead"":1.9940999746322632,""dpkiOnchainMptVerify"":0.352400004863739,""dpkiOnchainOpenSslVerifyCert"":9.490000009536743,""dpkiOnchainAssertionSign"":12.197400033473969,""dpkiOnchainAssertionVerify"":8.857600033283234,""dpkiOnchainAuthSignature"":2.1413000226020813}",1,6669710,0xc1fd63cb2ec729da7f9c31d7cf9ad45c9cfb7fc9e8cb87f3e0314bdb7a21115d
1,DPKI,298,cross-domain,true,true,583637.8437287266,593966.0878287609,594141.7027287538,175.6148999929428,0,175.6148999929428,-1,1,1,65,"{""dpkiOnchainAuthenticateTx"":122.11540001630783,""dpkiOnchainCertTransferHttp"":0.6017000079154968,""dpkiOnchainRelayHttp"":0,""dpkiCrossRelayHttp"":0,""dpkiOnchainMptProofHttpQuery"":6.7414000034332275,""dpkiOnchainMptProofSignerCertVerify"":9.83950001001358,""dpkiOnchainMptProofResponseVerify"":0.46400004625320435,""dpkiOnchainRootRead"":1.9767999649047852,""dpkiOnchainMptVerify"":0.32399994134902954,""dpkiOnchainOpenSslVerifyCert"":8.913899958133698,""dpkiOnchainAssertionSign"":12.719799995422363,""dpkiOnchainAssertionVerify"":9.48420000076294,""dpkiOnchainAuthSignature"":1.8682000041007996}",1,6669712,0x56633787b4154f71edb672741a73030d6167b2565f0828560216e9daa00c94a4
1,DPKI,299,cross-domain,true,true,584324.9620391482,594653.2061391824,594802.0860391611,148.8798999786377,0,148.8798999786377,-1,1,1,65,"{""dpkiOnchainAuthenticateTx"":99.99359995126724,""dpkiOnchainCertTransferHttp"":0.7172000408172607,""dpkiOnchainRelayHttp"":0,""dpkiCrossRelayHttp"":0,""dpkiOnchainMptProofHttpQuery"":2.7858999967575073,""dpkiOnchainMptProofSignerCertVerify"":9.821300029754639,""dpkiOnchainMptProofResponseVerify"":0.4597000479698181,""dpkiOnchainRootRead"":2.1759999990463257,""dpkiOnchainMptVerify"":0.3572999835014343,""dpkiOnchainOpenSslVerifyCert"":9.531599998474121,""dpkiOnchainAssertionSign"":11.853300034999847,""dpkiOnchainAssertionVerify"":8.882499992847443,""dpkiOnchainAuthSignature"":1.9311000108718872}",1,6669714,0xcc172b0b58da2711ca659f6ce5770789b9fe3bf28fd551ef639ac0fb8bcb8dfc
1,PKI,0,cross-domain,false,true,0,51449.41460001469,51632.919000029564,183.50440001487732,0,183.50440001487732,0,0,4,0,"{""pkiCertTransferHttp"":1.8324999809265137,""pkiCrossRelayHttp"":0,""pkiOpenSslVerifyLeaf"":10.735799968242645,""pkiLeafOcspHttpQuery"":14.431500017642975,""pkiLeafAssertionSign"":11.975499987602234,""pkiLeafAssertionVerify"":8.901900053024292,""pkiOpenSslVerifySourceCA"":10.009299993515015,""pkiSourceCAOcspHttpQuery"":14.132200002670288,""pkiSourceCAAssertionSign"":12.871399998664856,""pkiSourceCAAssertionVerify"":9.779699981212616,""pkiOpenSslVerifyRootCA"":9.475900053977966,""pkiRootCAOcspHttpQuery"":11.95200002193451,""pkiRootCAAssertionSign"":12.2635999917984,""pkiRootCAAssertionVerify"":9.435400009155273,""pkiOpenSslVerifyTargetCA"":9.724300026893616,""pkiTargetCAOcspHttpQuery"":12.436800003051758,""pkiTargetCAAssertionSign"":12.057700037956238,""pkiTargetCAAssertionVerify"":9.16700005531311}",0,,
1,PKI,1,cross-domain,false,true,5574.264819949822,57023.67941996451,57241.442119985775,217.76270002126694,0,217.76270002126694,0,0,4,0,"{""pkiCertTransferHttp"":23.480799973011017,""pkiCrossRelayHttp"":0,""pkiOpenSslVerifyLeaf"":10.34960001707077,""pkiLeafOcspHttpQuery"":12.399999976158142,""pkiLeafAssertionSign"":12.007400035858154,""pkiLeafAssertionVerify"":9.131099998950958,""pkiOpenSslVerifySourceCA"":9.4510999917984,""pkiSourceCAOcspHttpQuery"":26.935699999332428,""pkiSourceCAAssertionSign"":12.19760000705719,""pkiSourceCAAssertionVerify"":8.95770001411438,""pkiOpenSslVerifyRootCA"":8.83899998664856,""pkiRootCAOcspHttpQuery"":11.896699965000153,""pkiRootCAAssertionSign"":17.896099984645844,""pkiRootCAAssertionVerify"":8.749899983406067,""pkiOpenSslVerifyTargetCA"":9.400699973106384,""pkiTargetCAOcspHttpQuery"":12.649399995803833,""pkiTargetCAAssertionSign"":11.748000025749207,""pkiTargetCAAssertionVerify"":9.924800038337708}",0,,
1,PKI,2,cross-domain,false,true,6745.364909794768,58194.77950980946,58386.352009859525,191.5725000500679,0,191.5725000500679,0,0,4,0,"{""pkiCertTransferHttp"":22.0524999499321,""pkiCrossRelayHttp"":0,""pkiOpenSslVerifyLeaf"":9.896999955177307,""pkiLeafOcspHttpQuery"":12.529400050640106,""pkiLeafAssertionSign"":11.848100006580353,""pkiLeafAssertionVerify"":9.374899983406067,""pkiOpenSslVerifySourceCA"":9.223899960517883,""pkiSourceCAOcspHttpQuery"":11.665199995040894,""pkiSourceCAAssertionSign"":11.89029997587204,""pkiSourceCAAssertionVerify"":8.88560003042221,""pkiOpenSslVerifyRootCA"":8.20710003376007,""pkiRootCAOcspHttpQuery"":12.129800021648407,""pkiRootCAAssertionSign"":11.638000011444092,""pkiRootCAAssertionVerify"":8.689800024032593,""pkiOpenSslVerifyTargetCA"":8.883100032806396,""pkiTargetCAOcspHttpQuery"":11.95909994840622,""pkiTargetCAAssertionSign"":11.95389997959137,""pkiTargetCAAssertionVerify"":8.867799997329712}",0,,
1,PKI,3,cross-domain,false,true,13635.78656379566,65085.20116381034,65258.309463840575,173.10830003023148,0,173.10830003023148,0,0,4,0,"{""pkiCertTransferHttp"":2.9326000213623047,""pkiCrossRelayHttp"":0,""pkiOpenSslVerifyLeaf"":10.186100006103516,""pkiLeafOcspHttpQuery"":12.271499991416931,""pkiLeafAssertionSign"":12.17469996213913,""pkiLeafAssertionVerify"":8.731099963188171,""pkiOpenSslVerifySourceCA"":8.49889999628067,""pkiSourceCAOcspHttpQuery"":11.58160001039505,""pkiSourceCAAssertionSign"":11.783300042152405,""pkiSourceCAAssertionVerify"":9.056400001049042,""pkiOpenSslVerifyRootCA"":8.789399981498718,""pkiRootCAOcspHttpQuery"":11.738600015640259,""pkiRootCAAssertionSign"":12.020099997520447,""pkiRootCAAssertionVerify"":9.03629994392395,""pkiOpenSslVerifyTargetCA"":9.08409994840622,""pkiTargetCAOcspHttpQuery"":11.736299991607666,""pkiTargetCAAssertionSign"":12.527700006961823,""pkiTargetCAAssertionVerify"":9.333100020885468}",0,,
1,PKI,4,cross-domain,false,true,14142.843274361376,65592.25787437607,65787.98547435451,195.72759997844696,0,195.72759997844696,0,0,4,0,"{""pkiCertTransferHttp"":10.23470002412796,""pkiCrossRelayHttp"":0,""pkiOpenSslVerifyLeaf"":10.11710000038147,""pkiLeafOcspHttpQuery"":24.03459995985031,""pkiLeafAssertionSign"":11.598100006580353,""pkiLeafAssertionVerify"":9.262600004673004,""pkiOpenSslVerifySourceCA"":9.362300038337708,""pkiSourceCAOcspHttpQuery"":12.052899956703186,""pkiSourceCAAssertionSign"":11.681100010871887,""pkiSourceCAAssertionVerify"":9.028299987316132,""pkiOpenSslVerifyRootCA"":9.301100015640259,""pkiRootCAOcspHttpQuery"":12.394200026988983,""pkiRootCAAssertionSign"":11.970700025558472,""pkiRootCAAssertionVerify"":9.640999972820282,""pkiOpenSslVerifyTargetCA"":9.24839997291565,""pkiTargetCAOcspHttpQuery"":12.359499990940094,""pkiTargetCAAssertionSign"":12.21340000629425,""pkiTargetCAAssertionVerify"":9.66459995508194}",0,,
1,PKI,5,cross-domain,false,true,14391.711608087586,65841.12620810227,66043.4262081142,202.30000001192093,0,202.30000001192093,0,0,4,0,"{""pkiCertTransferHttp"":13.639999985694885,""pkiCrossRelayHttp"":0,""pkiOpenSslVerifyLeaf"":9.926999986171722,""pkiLeafOcspHttpQuery"":12.001299977302551,""pkiLeafAssertionSign"":11.958000004291534,""pkiLeafAssertionVerify"":9.077100038528442,""pkiOpenSslVerifySourceCA"":9.20710003376007,""pkiSourceCAOcspHttpQuery"":12.219500005245209,""pkiSourceCAAssertionSign"":12.209100008010864,""pkiSourceCAAssertionVerify"":9.640399992465973,""pkiOpenSslVerifyRootCA"":9.225299954414368,""pkiRootCAOcspHttpQuery"":12.55160003900528,""pkiRootCAAssertionSign"":15.193100035190582,""pkiRootCAAssertionVerify"":11.8057000041008,""pkiOpenSslVerifyTargetCA"":12.436200022697449,""pkiTargetCAOcspHttpQuery"":15.862999975681305,""pkiTargetCAAssertionSign"":14.044399976730347,""pkiTargetCAAssertionVerify"":9.753400027751923}",0,,
1,PKI,6,cross-domain,false,true,14980.633259789836,66430.04785980453,66605.88295979967,175.83509999513626,0,175.83509999513626,0,0,4,0,"{""pkiCertTransferHttp"":5.164200007915497,""pkiCrossRelayHttp"":0,""pkiOpenSslVerifyLeaf"":11.000100016593933,""pkiLeafOcspHttpQuery"":12.335700035095215,""pkiLeafAssertionSign"":11.7707000374794,""pkiLeafAssertionVerify"":8.700999975204468,""pkiOpenSslVerifySourceCA"":8.501200020313263,""pkiSourceCAOcspHttpQuery"":11.532299995422363,""pkiSourceCAAssertionSign"":11.622500002384186,""pkiSourceCAAssertionVerify"":9.259900033473969,""pkiOpenSslVerifyRootCA"":9.342199981212616,""pkiRootCAOcspHttpQuery"":12.132200002670288,""pkiRootCAAssertionSign"":11.466300010681152,""pkiRootCAAssertionVerify"":8.614600002765656,""pkiOpenSslVerifyTargetCA"":9.264900028705597,""pkiTargetCAOcspHttpQuery"":12.344700038433075,""pkiTargetCAAssertionSign"":11.959200024604797,""pkiTargetCAAssertionVerify"":9.273999989032745}",0,,
1,PKI,7,cross-domain,false,true,19600.92967714407,71050.34427715876,71232.02467717268,181.68040001392365,0,181.68040001392365,0,0,4,0,"{""pkiCertTransferHttp"":0.5573999881744385,""pkiCrossRelayHttp"":0,""pkiOpenSslVerifyLeaf"":9.64300000667572,""pkiLeafOcspHttpQuery"":16.066699981689453,""pkiLeafAssertionSign"":12.196000039577484,""pkiLeafAssertionVerify"":8.725600004196167,""pkiOpenSslVerifySourceCA"":8.701299965381622,""pkiSourceCAOcspHttpQuery"":12.115800023078918,""pkiSourceCAAssertionSign"":12.337700009346008,""pkiSourceCAAssertionVerify"":9.920399963855743,""pkiOpenSslVerifyRootCA"":9.142999947071075,""pkiRootCAOcspHttpQuery"":13.234000027179718,""pkiRootCAAssertionSign"":12.403900027275085,""pkiRootCAAssertionVerify"":9.7746000289917,""pkiOpenSslVerifyTargetCA"":9.489600002765656,""pkiTargetCAOcspHttpQuery"":12.932799994945526,""pkiTargetCAAssertionSign"":12.850000023841858,""pkiTargetCAAssertionVerify"":9.947899997234344}",0,,
1,PKI,8,cross-domain,false,true,23347.842008913045,74797.25660892774,74986.32470896293,189.06810003519058,0,189.06810003519058,0,0,4,0,"{""pkiCertTransferHttp"":1.3388999700546265,""pkiCrossRelayHttp"":0,""pkiOpenSslVerifyLeaf"":10.617399990558624,""pkiLeafOcspHttpQuery"":13.022600054740906,""pkiLeafAssertionSign"":12.05349999666214,""pkiLeafAssertionVerify"":9.497399985790253,""pkiOpenSslVerifySourceCA"":8.458900034427643,""pkiSourceCAOcspHttpQuery"":11.639299988746643,""pkiSourceCAAssertionSign"":12.604900002479553,""pkiSourceCAAssertionVerify"":9.38510000705719,""pkiOpenSslVerifyRootCA"":9.094000041484833,""pkiRootCAOcspHttpQuery"":11.781599998474121,""pkiRootCAAssertionSign"":11.334500014781952,""pkiRootCAAssertionVerify"":9.214800000190735,""pkiOpenSslVerifyTargetCA"":9.113300025463104,""pkiTargetCAOcspHttpQuery"":26.610199987888336,""pkiTargetCAAssertionSign"":12.135900020599365,""pkiTargetCAAssertionVerify"":9.17629998922348}",0,,
1,PKI,9,cross-domain,false,true,23582.559327863666,75031.97392787835,75223.53752788207,191.56360000371933,0,191.56360000371933,0,0,4,0,"{""pkiCertTransferHttp"":2.464299976825714,""pkiCrossRelayHttp"":0,""pkiOpenSslVerifyLeaf"":9.223899960517883,""pkiLeafOcspHttpQuery"":12.136500000953674,""pkiLeafAssertionSign"":12.212599992752075,""pkiLeafAssertionVerify"":9.014900028705597,""pkiOpenSslVerifySourceCA"":8.924300014972687,""pkiSourceCAOcspHttpQuery"":32.57920002937317,""pkiSourceCAAssertionSign"":11.43479996919632,""pkiSourceCAAssertionVerify"":9.146999955177307,""pkiOpenSslVerifyRootCA"":8.697499990463257,""pkiRootCAOcspHttpQuery"":11.774100005626678,""pkiRootCAAssertionSign"":12.161199986934662,""pkiRootCAAssertionVerify"":9.429899990558624,""pkiOpenSslVerifyTargetCA"":8.876800000667572,""pkiTargetCAOcspHttpQuery"":11.819700002670288,""pkiTargetCAAssertionSign"":11.64029997587204,""pkiTargetCAAssertionVerify"":8.433799982070923}",0,,
1,PKI,10,cross-domain,false,true,25242.63793952209,76692.05253953677,76879.33253950816,187.27999997138977,0,187.27999997138977,0,0,4,0,"{""pkiCertTransferHttp"":18.14630001783371,""pkiCrossRelayHttp"":0,""pkiOpenSslVerifyLeaf"":8.968799948692322,""pkiLeafOcspHttpQuery"":11.419799983501434,""pkiLeafAssertionSign"":11.916999995708466,""pkiLeafAssertionVerify"":9.017599999904633,""pkiOpenSslVerifySourceCA"":9.312799990177155,""pkiSourceCAOcspHttpQuery"":12.229700028896332,""pkiSourceCAAssertionSign"":11.975000023841858,""pkiSourceCAAssertionVerify"":9.209399998188019,""pkiOpenSslVerifyRootCA"":9.015700042247772,""pkiRootCAOcspHttpQuery"":12.444599986076355,""pkiRootCAAssertionSign"":11.539899945259094,""pkiRootCAAssertionVerify"":9.386699974536896,""pkiOpenSslVerifyTargetCA"":8.851500034332275,""pkiTargetCAOcspHttpQuery"":12.170300006866455,""pkiTargetCAAssertionSign"":11.325399994850159,""pkiTargetCAAssertionVerify"":8.818900048732758}",0,,
1,PKI,11,cross-domain,false,true,26178.053095380183,77627.46769539487,77826.32779536616,198.8600999712944,0,198.8600999712944,0,0,4,0,"{""pkiCertTransferHttp"":14.699100017547607,""pkiCrossRelayHttp"":0,""pkiOpenSslVerifyLeaf"":9.317300021648407,""pkiLeafOcspHttpQuery"":11.705300033092499,""pkiLeafAssertionSign"":11.925899982452393,""pkiLeafAssertionVerify"":9.165600001811981,""pkiOpenSslVerifySourceCA"":9.021700024604797,""pkiSourceCAOcspHttpQuery"":11.983400046825409,""pkiSourceCAAssertionSign"":12.180099964141846,""pkiSourceCAAssertionVerify"":10.68419998884201,""pkiOpenSslVerifyRootCA"":10.90090000629425,""pkiRootCAOcspHttpQuery"":13.349299967288971,""pkiRootCAAssertionSign"":15.52810001373291,""pkiRootCAAssertionVerify"":11.546400010585785,""pkiOpenSslVerifyTargetCA"":10.56709998846054,""pkiTargetCAOcspHttpQuery"":11.84119999408722,""pkiTargetCAAssertionSign"":13.269200026988983,""pkiTargetCAAssertionVerify"":9.57449996471405}",0,,
1,PKI,12,cross-domain,false,true,34054.655440842485,85504.07004085717,85747.28054085908,243.21050000190735,0,243.21050000190735,0,0,4,0,"{""pkiCertTransferHttp"":17.52149999141693,""pkiCrossRelayHttp"":0,""pkiOpenSslVerifyLeaf"":10.169200003147125,""pkiLeafOcspHttpQuery"":12.950199961662292,""pkiLeafAssertionSign"":12.421000003814697,""pkiLeafAssertionVerify"":9.784099996089935,""pkiOpenSslVerifySourceCA"":9.651800036430359,""pkiSourceCAOcspHttpQuery"":12.060100018978119,""pkiSourceCAAssertionSign"":44.35769999027252,""pkiSourceCAAssertionVerify"":10.024200022220612,""pkiOpenSslVerifyRootCA"":9.310199975967407,""pkiRootCAOcspHttpQuery"":12.542400002479553,""pkiRootCAAssertionSign"":12.076300024986267,""pkiRootCAAssertionVerify"":9.224900007247925,""pkiOpenSslVerifyTargetCA"":11.733700037002563,""pkiTargetCAOcspHttpQuery"":25.763499975204468,""pkiTargetCAAssertionSign"":12.278299987316132,""pkiTargetCAAssertionVerify"":9.706900000572205}",0,,
1,PKI,13,cross-domain,false,true,34590.27064933589,86039.68524935059,86223.81584932617,184.13059997558594,0,184.13059997558594,0,0,4,0,"{""pkiCertTransferHttp"":1.8349999785423279,""pkiCrossRelayHttp"":0,""pkiOpenSslVerifyLeaf"":9.899100005626678,""pkiLeafOcspHttpQuery"":13.544900000095367,""pkiLeafAssertionSign"":14.472000002861023,""pkiLeafAssertionVerify"":11.21619999408722,""pkiOpenSslVerifySourceCA"":9.71399998664856,""pkiSourceCAOcspHttpQuery"":12.972800016403198,""pkiSourceCAAssertionSign"":12.838100016117096,""pkiSourceCAAssertionVerify"":10.12119996547699,""pkiOpenSslVerifyRootCA"":9.56850004196167,""pkiRootCAOcspHttpQuery"":13.17220002412796,""pkiRootCAAssertionSign"":12.400799989700317,""pkiRootCAAssertionVerify"":9.014799952507019,""pkiOpenSslVerifyTargetCA"":9.260999977588654,""pkiTargetCAOcspHttpQuery"":11.871200025081635,""pkiTargetCAAssertionSign"":11.349799990653992,""pkiTargetCAAssertionVerify"":9.326700031757355}",0,,
1,PKI,14,cross-domain,false,true,35091.17988496993,86540.59448498461,86731.21098500464,190.61650002002716,0,190.61650002002716,0,0,4,0,"{""pkiCertTransferHttp"":20.659500002861023,""pkiCrossRelayHttp"":0,""pkiOpenSslVerifyLeaf"":9.37720000743866,""pkiLeafOcspHttpQuery"":12.007100045681,""pkiLeafAssertionSign"":11.473699986934662,""pkiLeafAssertionVerify"":9.019800007343292,""pkiOpenSslVerifySourceCA"":9.03219997882843,""pkiSourceCAOcspHttpQuery"":12.198899984359741,""pkiSourceCAAssertionSign"":11.79940003156662,""pkiSourceCAAssertionVerify"":11.612299978733063,""pkiOpenSslVerifyRootCA"":9.337999999523163,""pkiRootCAOcspHttpQuery"":11.594099998474121,""pkiRootCAAssertionSign"":11.097099959850311,""pkiRootCAAssertionVerify"":8.868800044059753,""pkiOpenSslVerifyTargetCA"":8.287200033664703,""pkiTargetCAOcspHttpQuery"":12.027800023555756,""pkiTargetCAAssertionSign"":11.922299981117249,""pkiTargetCAAssertionVerify"":8.756399989128113}",0,,
1,PKI,15,cross-domain,false,true,35091.2532745353,86540.66787454998,86760.94110998485,220.27323543487,47.580735439638374,172.69249999523163,0,0,4,0,"{""pkiCertTransferHttp"":4.310000002384186,""pkiCrossRelayHttp"":0,""pkiOpenSslVerifyLeaf"":8.857600033283234,""pkiLeafOcspHttpQuery"":11.593800008296967,""pkiLeafAssertionSign"":11.656899988651276,""pkiLeafAssertionVerify"":9.820899963378906,""pkiOpenSslVerifySourceCA"":9.46340000629425,""pkiSourceCAOcspHttpQuery"":12.353299975395203,""pkiSourceCAAssertionSign"":11.904399991035461,""pkiSourceCAAssertionVerify"":8.581900000572205,""pkiOpenSslVerifyRootCA"":8.474000036716461,""pkiRootCAOcspHttpQuery"":12.0625,""pkiRootCAAssertionSign"":11.412300050258636,""pkiRootCAAssertionVerify"":8.63239997625351,""pkiOpenSslVerifyTargetCA"":8.206799983978271,""pkiTargetCAOcspHttpQuery"":12.600300014019012,""pkiTargetCAAssertionSign"":11.816100001335144,""pkiTargetCAAssertionVerify"":9.447200000286102}",0,,
1,PKI,16,cross-domain,false,true,36488.31216395119,87937.72676396588,88119.64436394194,181.91759997606277,0,181.91759997606277,0,0,4,0,"{""pkiCertTransferHttp"":13.467599987983704,""pkiCrossRelayHttp"":0,""pkiOpenSslVerifyLeaf"":8.757099986076355,""pkiLeafOcspHttpQuery"":11.743300020694733,""pkiLeafAssertionSign"":12.248000025749207,""pkiLeafAssertionVerify"":9.122099995613098,""pkiOpenSslVerifySourceCA"":8.967000007629395,""pkiSourceCAOcspHttpQuery"":12.071200013160706,""pkiSourceCAAssertionSign"":11.61190003156662,""pkiSourceCAAssertionVerify"":8.537600040435791,""pkiOpenSslVerifyRootCA"":8.793199956417084,""pkiRootCAOcspHttpQuery"":11.972000002861023,""pkiRootCAAssertionSign"":11.6042999625206,""pkiRootCAAssertionVerify"":9.05510002374649,""pkiOpenSslVerifyTargetCA"":8.939199984073639,""pkiTargetCAOcspHttpQuery"":12.117799997329712,""pkiTargetCAAssertionSign"":11.605000019073486,""pkiTargetCAAssertionVerify"":9.668600022792816}",0,,
1,PKI,17,cross-domain,false,true,37208.72966742462,88658.1442674393,88905.42456746048,247.28030002117157,0,247.28030002117157,0,0,4,0,"{""pkiCertTransferHttp"":15.395599961280823,""pkiCrossRelayHttp"":0,""pkiOpenSslVerifyLeaf"":12.046599984169006,""pkiLeafOcspHttpQuery"":14.49779999256134,""pkiLeafAssertionSign"":15.912599980831146,""pkiLeafAssertionVerify"":13.737800002098083,""pkiOpenSslVerifySourceCA"":12.081499993801117,""pkiSourceCAOcspHttpQuery"":27.193800032138824,""pkiSourceCAAssertionSign"":11.901600003242493,""pkiSourceCAAssertionVerify"":8.991200029850006,""pkiOpenSslVerifyRootCA"":8.710900008678436,""pkiRootCAOcspHttpQuery"":11.45719999074936,""pkiRootCAAssertionSign"":41.456900000572205,""pkiRootCAAssertionVerify"":9.792100012302399,""pkiOpenSslVerifyTargetCA"":8.821599960327148,""pkiTargetCAOcspHttpQuery"":12.440699994564056,""pkiTargetCAAssertionSign"":11.877799987792969,""pkiTargetCAAssertionVerify"":9.364799976348877}",0,,
1,PKI,18,cross-domain,false,true,38721.698311693115,90171.11291170781,90362.73571170037,191.62279999256134,0,191.62279999256134,0,0,4,0,"{""pkiCertTransferHttp"":1.1735000014305115,""pkiCrossRelayHttp"":0,""pkiOpenSslVerifyLeaf"":9.75,""pkiLeafOcspHttpQuery"":12.092899978160858,""pkiLeafAssertionSign"":11.72000002861023,""pkiLeafAssertionVerify"":9.192700028419495,""pkiOpenSslVerifySourceCA"":9.253500044345856,""pkiSourceCAOcspHttpQuery"":25.037400007247925,""pkiSourceCAAssertionSign"":12.774399995803833,""pkiSourceCAAssertionVerify"":9.792499959468842,""pkiOpenSslVerifyRootCA"":10.1317999958992,""pkiRootCAOcspHttpQuery"":13.014100015163422,""pkiRootCAAssertionSign"":12.02649998664856,""pkiRootCAAssertionVerify"":9.753900051116943,""pkiOpenSslVerifyTargetCA"":9.380599975585938,""pkiTargetCAOcspHttpQuery"":12.347000002861023,""pkiTargetCAAssertionSign"":12.926199972629547,""pkiTargetCAAssertionVerify"":9.652899980545044}",0,,
1,PKI,19,cross-domain,false,true,44589.536510294434,96038.95111030912,96251.56561029529,212.61449998617172,0,212.61449998617172,0,0,4,0,"{""pkiCertTransferHttp"":0.7113999724388123,""pkiCrossRelayHttp"":0,""pkiOpenSslVerifyLeaf"":10.569999992847443,""pkiLeafOcspHttpQuery"":29.860199987888336,""pkiLeafAssertionSign"":12.041600048542023,""pkiLeafAssertionVerify"":9.32200002670288,""pkiOpenSslVerifySourceCA"":9.05319994688034,""pkiSourceCAOcspHttpQuery"":12.27350002527237,""pkiSourceCAAssertionSign"":11.567599952220917,""pkiSourceCAAssertionVerify"":8.963699996471405,""pkiOpenSslVerifyRootCA"":8.916599988937378,""pkiRootCAOcspHttpQuery"":35.800499975681305,""pkiRootCAAssertionSign"":12.14190000295639,""pkiRootCAAssertionVerify"":8.63459998369217,""pkiOpenSslVerifyTargetCA"":8.740299999713898,""pkiTargetCAOcspHttpQuery"":11.492999970912933,""pkiTargetCAAssertionSign"":11.787499964237213,""pkiTargetCAAssertionVerify"":9.186500012874603}",0,,
1,PKI,20,cross-domain,false,true,44983.5905763573,96433.00517637198,96609.54377639954,176.5386000275612,0,176.5386000275612,0,0,4,0,"{""pkiCertTransferHttp"":0.9458999633789062,""pkiCrossRelayHttp"":0,""pkiOpenSslVerifyLeaf"":9.310100018978119,""pkiLeafOcspHttpQuery"":14.227999985218048,""pkiLeafAssertionSign"":13.420799970626831,""pkiLeafAssertionVerify"":9.271600008010864,""pkiOpenSslVerifySourceCA"":8.730800032615662,""pkiSourceCAOcspHttpQuery"":12.096499979496002,""pkiSourceCAAssertionSign"":12.01450002193451,""pkiSourceCAAssertionVerify"":9.58840000629425,""pkiOpenSslVerifyRootCA"":9.915199995040894,""pkiRootCAOcspHttpQuery"":12.395000040531158,""pkiRootCAAssertionSign"":11.915500044822693,""pkiRootCAAssertionVerify"":9.104699969291687,""pkiOpenSslVerifyTargetCA"":8.947799980640411,""pkiTargetCAOcspHttpQuery"":12.367200016975403,""pkiTargetCAAssertionSign"":11.62959998846054,""pkiTargetCAAssertionVerify"":8.987499952316284}",0,,
1,PKI,21,cross-domain,false,true,46805.37908370588,98254.79368372056,98439.15558375213,184.36190003156662,0,184.36190003156662,0,0,4,0,"{""pkiCertTransferHttp"":18.270400047302246,""pkiCrossRelayHttp"":0,""pkiOpenSslVerifyLeaf"":9.26120001077652,""pkiLeafOcspHttpQuery"":11.69599997997284,""pkiLeafAssertionSign"":11.421299993991852,""pkiLeafAssertionVerify"":8.720300018787384,""pkiOpenSslVerifySourceCA"":9.201499998569489,""pkiSourceCAOcspHttpQuery"":11.988900005817413,""pkiSourceCAAssertionSign"":11.108399987220764,""pkiSourceCAAssertionVerify"":9.110199987888336,""pkiOpenSslVerifyRootCA"":8.49889999628067,""pkiRootCAOcspHttpQuery"":11.652499973773956,""pkiRootCAAssertionSign"":11.72000002861023,""pkiRootCAAssertionVerify"":9.095399975776672,""pkiOpenSslVerifyTargetCA"":8.725300014019012,""pkiTargetCAOcspHttpQuery"":11.765599966049194,""pkiTargetCAAssertionSign"":11.44300001859665,""pkiTargetCAAssertionVerify"":9.176799952983856}",0,,
1,PKI,22,cross-domain,false,true,48568.49642658549,100017.91102660017,100209.62642658071,191.71539998054504,0,191.71539998054504,0,0,4,0,"{""pkiCertTransferHttp"":17.685000002384186,""pkiCrossRelayHttp"":0,""pkiOpenSslVerifyLeaf"":9.749199986457825,""pkiLeafOcspHttpQuery"":11.943700015544891,""pkiLeafAssertionSign"":11.589299976825714,""pkiLeafAssertionVerify"":9.545199990272522,""pkiOpenSslVerifySourceCA"":9.281800031661987,""pkiSourceCAOcspHttpQuery"":11.788599967956543,""pkiSourceCAAssertionSign"":12.116800010204315,""pkiSourceCAAssertionVerify"":9.10809999704361,""pkiOpenSslVerifyRootCA"":8.669200003147125,""pkiRootCAOcspHttpQuery"":11.833000004291534,""pkiRootCAAssertionSign"":12.300499975681305,""pkiRootCAAssertionVerify"":9.02099996805191,""pkiOpenSslVerifyTargetCA"":8.72759997844696,""pkiTargetCAOcspHttpQuery"":11.511099994182587,""pkiTargetCAAssertionSign"":11.587000012397766,""pkiTargetCAAssertionVerify"":13.578000009059906}",0,,
1,PKI,23,cross-domain,false,true,50210.40807836182,101659.82267837651,101833.72837840446,173.90570002794266,0,173.90570002794266,0,0,4,0,"{""pkiCertTransferHttp"":4.771799981594086,""pkiCrossRelayHttp"":0,""pkiOpenSslVerifyLeaf"":9.735899984836578,""pkiLeafOcspHttpQuery"":11.298700034618378,""pkiLeafAssertionSign"":11.40750002861023,""pkiLeafAssertionVerify"":9.07530003786087,""pkiOpenSslVerifySourceCA"":8.79150003194809,""pkiSourceCAOcspHttpQuery"":11.65420001745224,""pkiSourceCAAssertionSign"":11.387499988079071,""pkiSourceCAAssertionVerify"":8.389100015163422,""pkiOpenSslVerifyRootCA"":8.258000016212463,""pkiRootCAOcspHttpQuery"":11.478500008583069,""pkiRootCAAssertionSign"":12.12990003824234,""pkiRootCAAssertionVerify"":9.08160001039505,""pkiOpenSslVerifyTargetCA"":9.309400022029877,""pkiTargetCAOcspHttpQuery"":12.102500021457672,""pkiTargetCAAssertionSign"":12.792599976062775,""pkiTargetCAAssertionVerify"":10.576900005340576}",0,,
1,PKI,24,cross-domain,false,true,57198.38104069086,108647.79564070555,108860.48904073091,212.69340002536774,0,212.69340002536774,0,0,4,0,"{""pkiCertTransferHttp"":21.892799973487854,""pkiCrossRelayHttp"":0,""pkiOpenSslVerifyLeaf"":9.48420000076294,""pkiLeafOcspHttpQuery"":11.393700003623962,""pkiLeafAssertionSign"":11.726700007915497,""pkiLeafAssertionVerify"":8.623199999332428,""pkiOpenSslVerifySourceCA"":8.997500002384186,""pkiSourceCAOcspHttpQuery"":11.292400002479553,""pkiSourceCAAssertionSign"":11.6003999710083,""pkiSourceCAAssertionVerify"":8.635199964046478,""pkiOpenSslVerifyRootCA"":8.66949999332428,""pkiRootCAOcspHttpQuery"":36.27419996261597,""pkiRootCAAssertionSign"":11.882700026035309,""pkiRootCAAssertionVerify"":9.142400026321411,""pkiOpenSslVerifyTargetCA"":9.063300013542175,""pkiTargetCAOcspHttpQuery"":12.193700015544891,""pkiTargetCAAssertionSign"":11.434599995613098,""pkiTargetCAAssertionVerify"":8.839200019836426}",0,,
1,PKI,25,cross-domain,false,true,58527.65657969083,109977.07117970553,110198.90627970066,221.83509999513626,0,221.83509999513626,0,0,4,0,"{""pkiCertTransferHttp"":27.23769998550415,""pkiCrossRelayHttp"":0,""pkiOpenSslVerifyLeaf"":9.703000009059906,""pkiLeafOcspHttpQuery"":22.004800021648407,""pkiLeafAssertionSign"":12.308899998664856,""pkiLeafAssertionVerify"":9.509800016880035,""pkiOpenSslVerifySourceCA"":8.668500006198883,""pkiSourceCAOcspHttpQuery"":11.619899988174438,""pkiSourceCAAssertionSign"":13.46289998292923,""pkiSourceCAAssertionVerify"":10.777700006961823,""pkiOpenSslVerifyRootCA"":11.297100007534027,""pkiRootCAOcspHttpQuery"":15.384299993515015,""pkiRootCAAssertionSign"":14.648900032043457,""pkiRootCAAssertionVerify"":9.82889997959137,""pkiOpenSslVerifyTargetCA"":9.489600002765656,""pkiTargetCAOcspHttpQuery"":12.913100004196167,""pkiTargetCAAssertionSign"":12.032899975776672,""pkiTargetCAAssertionVerify"":9.24370002746582}",0,,
1,PKI,26,cross-domain,false,true,65404.7312458173,116854.14584583198,117022.48334580814,168.33749997615814,0,168.33749997615814,0,0,4,0,"{""pkiCertTransferHttp"":3.5878999829292297,""pkiCrossRelayHttp"":0,""pkiOpenSslVerifyLeaf"":9.310699999332428,""pkiLeafOcspHttpQuery"":11.699599981307983,""pkiLeafAssertionSign"":11.203099966049194,""pkiLeafAssertionVerify"":8.629100024700165,""pkiOpenSslVerifySourceCA"":8.397199988365173,""pkiSourceCAOcspHttpQuery"":11.633100032806396,""pkiSourceCAAssertionSign"":11.487800002098083,""pkiSourceCAAssertionVerify"":8.526600003242493,""pkiOpenSslVerifyRootCA"":8.283399999141693,""pkiRootCAOcspHttpQuery"":11.417500019073486,""pkiRootCAAssertionSign"":11.434700012207031,""pkiRootCAAssertionVerify"":8.965900003910065,""pkiOpenSslVerifyTargetCA"":8.699400007724762,""pkiTargetCAOcspHttpQuery"":12.424199998378754,""pkiTargetCAAssertionSign"":11.794799983501434,""pkiTargetCAAssertionVerify"":9.233500003814697}",0,,
1,PKI,27,cross-domain,false,true,67966.54770403895,119415.96230405364,119629.15310400519,213.19079995155334,0,213.19079995155334,0,0,4,0,"{""pkiCertTransferHttp"":34.60030001401901,""pkiCrossRelayHttp"":0,""pkiOpenSslVerifyLeaf"":9.898899972438812,""pkiLeafOcspHttpQuery"":13.115599989891052,""pkiLeafAssertionSign"":12.712499976158142,""pkiLeafAssertionVerify"":9.15149998664856,""pkiOpenSslVerifySourceCA"":9.60539996623993,""pkiSourceCAOcspHttpQuery"":12.908599972724915,""pkiSourceCAAssertionSign"":12.530099987983704,""pkiSourceCAAssertionVerify"":9.654900014400482,""pkiOpenSslVerifyRootCA"":10.000900030136108,""pkiRootCAOcspHttpQuery"":12.441799998283386,""pkiRootCAAssertionSign"":13.751200020313263,""pkiRootCAAssertionVerify"":9.83239996433258,""pkiOpenSslVerifyTargetCA"":8.855499982833862,""pkiTargetCAOcspHttpQuery"":12.060100018978119,""pkiTargetCAAssertionSign"":11.628000020980835,""pkiTargetCAAssertionVerify"":8.773999989032745}",0,,
1,PKI,28,cross-domain,false,true,68916.15749478518,120365.57209479986,120539.91449481426,174.34240001440048,0,174.34240001440048,0,0,4,0,"{""pkiCertTransferHttp"":0.3069000244140625,""pkiCrossRelayHttp"":0,""pkiOpenSslVerifyLeaf"":9.330699980258942,""pkiLeafOcspHttpQuery"":17.04839998483658,""pkiLeafAssertionSign"":12.464300036430359,""pkiLeafAssertionVerify"":9.426800012588501,""pkiOpenSslVerifySourceCA"":9.073400020599365,""pkiSourceCAOcspHttpQuery"":11.89300000667572,""pkiSourceCAAssertionSign"":12.069700002670288,""pkiSourceCAAssertionVerify"":9.2364000082016,""pkiOpenSslVerifyRootCA"":8.37449997663498,""pkiRootCAOcspHttpQuery"":11.761500000953674,""pkiRootCAAssertionSign"":11.215499997138977,""pkiRootCAAssertionVerify"":8.615900039672852,""pkiOpenSslVerifyTargetCA"":8.958299994468689,""pkiTargetCAOcspHttpQuery"":12.084699988365173,""pkiTargetCAAssertionSign"":12.093999981880188,""pkiTargetCAAssertionVerify"":8.77480000257492}",0,,
1,PKI,29,cross-domain,false,true,76178.1984652798,127627.61306529448,127799.87616532252,172.26310002803802,0,172.26310002803802,0,0,4,0,"{""pkiCertTransferHttp"":3.0408999919891357,""pkiCrossRelayHttp"":0,""pkiOpenSslVerifyLeaf"":8.871800005435944,""pkiLeafOcspHttpQuery"":12.159099996089935,""pkiLeafAssertionSign"":11.851100027561188,""pkiLeafAssertionVerify"":12.24619996547699,""pkiOpenSslVerifySourceCA"":8.943499982357025,""pkiSourceCAOcspHttpQuery"":12.43180000782013,""pkiSourceCAAssertionSign"":11.276700019836426,""pkiSourceCAAssertionVerify"":8.500499963760376,""pkiOpenSslVerifyRootCA"":8.425900042057037,""pkiRootCAOcspHttpQuery"":11.304700016975403,""pkiRootCAAssertionSign"":11.108999967575073,""pkiRootCAAssertionVerify"":9.04990005493164,""pkiOpenSslVerifyTargetCA"":9.345699965953827,""pkiTargetCAOcspHttpQuery"":11.452600002288818,""pkiTargetCAAssertionSign"":11.45090001821518,""pkiTargetCAAssertionVerify"":9.114799976348877}",0,,
1,PKI,30,cross-domain,false,true,77114.80102363521,128564.2156236499,128747.53652361328,183.3208999633789,0,183.3208999633789,0,0,4,0,"{""pkiCertTransferHttp"":2.423699975013733,""pkiCrossRelayHttp"":0,""pkiOpenSslVerifyLeaf"":9.127499997615814,""pkiLeafOcspHttpQuery"":11.806700050830841,""pkiLeafAssertionSign"":11.7635999917984,""pkiLeafAssertionVerify"":8.918499946594238,""pkiOpenSslVerifySourceCA"":8.336700022220612,""pkiSourceCAOcspHttpQuery"":25.063800036907196,""pkiSourceCAAssertionSign"":11.309399962425232,""pkiSourceCAAssertionVerify"":9.358199954032898,""pkiOpenSslVerifyRootCA"":8.828900039196014,""pkiRootCAOcspHttpQuery"":11.816899955272675,""pkiRootCAAssertionSign"":12.659300029277802,""pkiRootCAAssertionVerify"":9.575800001621246,""pkiOpenSslVerifyTargetCA"":8.326900005340576,""pkiTargetCAOcspHttpQuery"":11.974500000476837,""pkiTargetCAAssertionSign"":11.666400015354156,""pkiTargetCAAssertionVerify"":8.785799980163574}",0,,
1,PKI,31,cross-domain,false,true,78715.45871341365,130164.87331342834,130374.72961342472,209.85629999637604,0,209.85629999637604,0,0,4,0,"{""pkiCertTransferHttp"":5.436800003051758,""pkiCrossRelayHttp"":0,""pkiOpenSslVerifyLeaf"":9.58730000257492,""pkiLeafOcspHttpQuery"":34.63909995555878,""pkiLeafAssertionSign"":13.764899969100952,""pkiLeafAssertionVerify"":15.226100027561188,""pkiOpenSslVerifySourceCA"":12.15039998292923,""pkiSourceCAOcspHttpQuery"":13.639299988746643,""pkiSourceCAAssertionSign"":12.126900017261505,""pkiSourceCAAssertionVerify"":9.271699965000153,""pkiOpenSslVerifyRootCA"":8.907200038433075,""pkiRootCAOcspHttpQuery"":12.135099947452545,""pkiRootCAAssertionSign"":11.592100024223328,""pkiRootCAAssertionVerify"":9.051699995994568,""pkiOpenSslVerifyTargetCA"":9.245000004768372,""pkiTargetCAOcspHttpQuery"":11.667100012302399,""pkiTargetCAAssertionSign"":11.207799971103668,""pkiTargetCAAssertionVerify"":8.589599967002869}",0,,
1,PKI,32,cross-domain,false,true,80673.22030912999,132122.63490914466,132308.94910918834,186.31420004367828,0,186.31420004367828,0,0,4,0,"{""pkiCertTransferHttp"":8.685500025749207,""pkiCrossRelayHttp"":0,""pkiOpenSslVerifyLeaf"":9.802799999713898,""pkiLeafOcspHttpQuery"":12.171899974346161,""pkiLeafAssertionSign"":13.621999979019165,""pkiLeafAssertionVerify"":10.197999954223633,""pkiOpenSslVerifySourceCA"":9.541099965572357,""pkiSourceCAOcspHttpQuery"":12.570199966430664,""pkiSourceCAAssertionSign"":12.1560999751091,""pkiSourceCAAssertionVerify"":9.316100001335144,""pkiOpenSslVerifyRootCA"":8.66049998998642,""pkiRootCAOcspHttpQuery"":11.80400002002716,""pkiRootCAAssertionSign"":11.62119996547699,""pkiRootCAAssertionVerify"":9.555999994277954,""pkiOpenSslVerifyTargetCA"":9.920199990272522,""pkiTargetCAOcspHttpQuery"":12.124300003051758,""pkiTargetCAAssertionSign"":12.437700033187866,""pkiTargetCAAssertionVerify"":10.49889999628067}",0,,
1,PKI,33,cross-domain,false,true,81731.71942890364,133181.13402891834,133375.99232888897,194.85829997062683,0,194.85829997062683,0,0,4,0,"{""pkiCertTransferHttp"":18.594700038433075,""pkiCrossRelayHttp"":0,""pkiOpenSslVerifyLeaf"":10.296900033950806,""pkiLeafOcspHttpQuery"":12.881900012493134,""pkiLeafAssertionSign"":12.358599960803986,""pkiLeafAssertionVerify"":9.981700003147125,""pkiOpenSslVerifySourceCA"":9.66269999742508,""pkiSourceCAOcspHttpQuery"":12.64740002155304,""pkiSourceCAAssertionSign"":13.446200013160706,""pkiSourceCAAssertionVerify"":12.51910001039505,""pkiOpenSslVerifyRootCA"":8.481700003147125,""pkiRootCAOcspHttpQuery"":11.581300020217896,""pkiRootCAAssertionSign"":11.222599983215332,""pkiRootCAAssertionVerify"":8.794200003147125,""pkiOpenSslVerifyTargetCA"":8.728500008583069,""pkiTargetCAOcspHttpQuery"":12.07370001077652,""pkiTargetCAAssertionSign"":11.386400043964386,""pkiTargetCAAssertionVerify"":8.465499997138977}",0,,
1,PKI,34,cross-domain,false,true,84045.61177536852,135495.0263753832,135673.57497534162,178.5485999584198,0,178.5485999584198,0,0,4,0,"{""pkiCertTransferHttp"":7.243799984455109,""pkiCrossRelayHttp"":0,""pkiOpenSslVerifyLeaf"":9.39469999074936,""pkiLeafOcspHttpQuery"":11.76579999923706,""pkiLeafAssertionSign"":12.93670004606247,""pkiLeafAssertionVerify"":9.137899994850159,""pkiOpenSslVerifySourceCA"":9.005599975585938,""pkiSourceCAOcspHttpQuery"":11.635800004005432,""pkiSourceCAAssertionSign"":11.147300004959106,""pkiSourceCAAssertionVerify"":8.980000019073486,""pkiOpenSslVerifyRootCA"":9.078800022602081,""pkiRootCAOcspHttpQuery"":11.698400020599365,""pkiRootCAAssertionSign"":11.96119999885559,""pkiRootCAAssertionVerify"":9.617900013923645,""pkiOpenSslVerifyTargetCA"":9.513300001621246,""pkiTargetCAOcspHttpQuery"":12.856899976730347,""pkiTargetCAAssertionSign"":12.106100022792816,""pkiTargetCAAssertionVerify"":8.89410001039505}",0,,
1,PKI,35,cross-domain,false,true,84510.21581985288,135959.63041986758,136126.55231990153,166.9219000339508,0,166.9219000339508,0,0,4,0,"{""pkiCertTransferHttp"":1.719700038433075,""pkiCrossRelayHttp"":0,""pkiOpenSslVerifyLeaf"":8.846700012683868,""pkiLeafOcspHttpQuery"":12.037599980831146,""pkiLeafAssertionSign"":11.322499990463257,""pkiLeafAssertionVerify"":9.092999994754791,""pkiOpenSslVerifySourceCA"":9.408099949359894,""pkiSourceCAOcspHttpQuery"":11.56800001859665,""pkiSourceCAAssertionSign"":11.193400025367737,""pkiSourceCAAssertionVerify"":8.43290001153946,""pkiOpenSslVerifyRootCA"":8.523599982261658,""pkiRootCAOcspHttpQuery"":11.21119999885559,""pkiRootCAAssertionSign"":11.283399999141693,""pkiRootCAAssertionVerify"":8.647300004959106,""pkiOpenSslVerifyTargetCA"":8.606100022792816,""pkiTargetCAOcspHttpQuery"":11.689900040626526,""pkiTargetCAAssertionSign"":12.112599968910217,""pkiTargetCAAssertionVerify"":9.57209998369217}",0,,
1,PKI,36,cross-domain,false,true,86301.08543916218,137750.50003917687,137919.30313916676,168.80309998989105,0,168.80309998989105,0,0,4,0,"{""pkiCertTransferHttp"":0.3709999918937683,""pkiCrossRelayHttp"":0,""pkiOpenSslVerifyLeaf"":9.010800004005432,""pkiLeafOcspHttpQuery"":11.86650002002716,""pkiLeafAssertionSign"":11.59579998254776,""pkiLeafAssertionVerify"":9.043000042438507,""pkiOpenSslVerifySourceCA"":9.437699973583221,""pkiSourceCAOcspHttpQuery"":12.564599990844727,""pkiSourceCAAssertionSign"":11.178700029850006,""pkiSourceCAAssertionVerify"":8.919699966907501,""pkiOpenSslVerifyRootCA"":9.109799981117249,""pkiRootCAOcspHttpQuery"":11.55460000038147,""pkiRootCAAssertionSign"":11.521699965000153,""pkiRootCAAssertionVerify"":9.109299957752228,""pkiOpenSslVerifyTargetCA"":8.821700036525726,""pkiTargetCAOcspHttpQuery"":12.27889996767044,""pkiTargetCAAssertionSign"":11.880999982357025,""pkiTargetCAAssertionVerify"":9.009199976921082}",0,,
1,PKI,37,cross-domain,false,true,87967.48134136549,139416.89594138018,139615.0177413856,198.12180000543594,0,198.12180000543594,0,0,4,0,"{""pkiCertTransferHttp"":31.12959998846054,""pkiCrossRelayHttp"":0,""pkiOpenSslVerifyLeaf"":9.904399991035461,""pkiLeafOcspHttpQuery"":12.61760002374649,""pkiLeafAssertionSign"":12.065799951553345,""pkiLeafAssertionVerify"":9.162000000476837,""pkiOpenSslVerifySourceCA"":8.587799966335297,""pkiSourceCAOcspHttpQuery"":12.119599997997284,""pkiSourceCAAssertionSign"":11.410199999809265,""pkiSourceCAAssertionVerify"":8.47299998998642,""pkiOpenSslVerifyRootCA"":9.45660001039505,""pkiRootCAOcspHttpQuery"":11.599599957466125,""pkiRootCAAssertionSign"":11.299799978733063,""pkiRootCAAssertionVerify"":8.46529996395111,""pkiOpenSslVerifyTargetCA"":8.45629996061325,""pkiTargetCAOcspHttpQuery"":11.838599979877472,""pkiTargetCAAssertionSign"":11.31709998846054,""pkiTargetCAAssertionVerify"":8.654799997806549}",0,,
1,PKI,38,cross-domain,false,true,89715.93917604067,141165.35377605536,141352.9725760398,187.6187999844551,0,187.6187999844551,0,0,4,0,"{""pkiCertTransferHttp"":18.829100012779236,""pkiCrossRelayHttp"":0,""pkiOpenSslVerifyLeaf"":9.877499997615814,""pkiLeafOcspHttpQuery"":12.272700011730194,""pkiLeafAssertionSign"":12.947499990463257,""pkiLeafAssertionVerify"":9.469200015068054,""pkiOpenSslVerifySourceCA"":8.51989996433258,""pkiSourceCAOcspHttpQuery"":11.898899972438812,""pkiSourceCAAssertionSign"":11.372599959373474,""pkiSourceCAAssertionVerify"":8.981899976730347,""pkiOpenSslVerifyRootCA"":8.765900015830994,""pkiRootCAOcspHttpQuery"":11.377799987792969,""pkiRootCAAssertionSign"":11.284899950027466,""pkiRootCAAssertionVerify"":8.95719999074936,""pkiOpenSslVerifyTargetCA"":8.678299963474274,""pkiTargetCAOcspHttpQuery"":11.99700003862381,""pkiTargetCAAssertionSign"":12.210300028324127,""pkiTargetCAAssertionVerify"":8.663599967956543}",0,,
1,PKI,39,cross-domain,false,true,92146.52103480924,143595.93563482392,143769.9969348036,174.06129997968674,0,174.06129997968674,0,0,4,0,"{""pkiCertTransferHttp"":1.5026000142097473,""pkiCrossRelayHttp"":0,""pkiOpenSslVerifyLeaf"":9.050700008869171,""pkiLeafOcspHttpQuery"":11.959000051021576,""pkiLeafAssertionSign"":15.856000006198883,""pkiLeafAssertionVerify"":9.084299981594086,""pkiOpenSslVerifySourceCA"":9.322200000286102,""pkiSourceCAOcspHttpQuery"":12.143100023269653,""pkiSourceCAAssertionSign"":11.569800019264221,""pkiSourceCAAssertionVerify"":9.15559995174408,""pkiOpenSslVerifyRootCA"":9.065099954605103,""pkiRootCAOcspHttpQuery"":11.8507000207901,""pkiRootCAAssertionSign"":11.862900018692017,""pkiRootCAAssertionVerify"":8.975000023841858,""pkiOpenSslVerifyTargetCA"":9.079699993133545,""pkiTargetCAOcspHttpQuery"":11.88840001821518,""pkiTargetCAAssertionSign"":11.532700002193451,""pkiTargetCAAssertionVerify"":8.622099995613098}",0,,
1,PKI,40,cross-domain,false,true,94485.14069871721,145934.5552987319,146134.7671987277,200.21189999580383,0,200.21189999580383,0,0,4,0,"{""pkiCertTransferHttp"":30.251599967479706,""pkiCrossRelayHttp"":0,""pkiOpenSslVerifyLeaf"":9.403199970722198,""pkiLeafOcspHttpQuery"":12.7010999917984,""pkiLeafAssertionSign"":11.832499980926514,""pkiLeafAssertionVerify"":8.89549994468689,""pkiOpenSslVerifySourceCA"":9.35180002450943,""pkiSourceCAOcspHttpQuery"":12.096800029277802,""pkiSourceCAAssertionSign"":11.386799991130829,""pkiSourceCAAssertionVerify"":11.056100010871887,""pkiOpenSslVerifyRootCA"":8.497899949550629,""pkiRootCAOcspHttpQuery"":11.741599977016449,""pkiRootCAAssertionSign"":11.953499972820282,""pkiRootCAAssertionVerify"":8.946399986743927,""pkiOpenSslVerifyTargetCA"":8.468699991703033,""pkiTargetCAOcspHttpQuery"":11.91430002450943,""pkiTargetCAAssertionSign"":11.435699999332428,""pkiTargetCAAssertionVerify"":8.74049997329712}",0,,
1,PKI,41,cross-domain,false,true,95225.23723538588,146674.65183540055,146860.47823538253,185.82639998197556,0,185.82639998197556,0,0,4,0,"{""pkiCertTransferHttp"":15.71809995174408,""pkiCrossRelayHttp"":0,""pkiOpenSslVerifyLeaf"":9.946900010108948,""pkiLeafOcspHttpQuery"":11.948300004005432,""pkiLeafAssertionSign"":11.473399996757507,""pkiLeafAssertionVerify"":8.917900025844574,""pkiOpenSslVerifySourceCA"":8.601400017738342,""pkiSourceCAOcspHttpQuery"":12.4378000497818,""pkiSourceCAAssertionSign"":11.529299974441528,""pkiSourceCAAssertionVerify"":9.283399999141693,""pkiOpenSslVerifyRootCA"":8.479900002479553,""pkiRootCAOcspHttpQuery"":11.675999999046326,""pkiRootCAAssertionSign"":11.871599972248077,""pkiRootCAAssertionVerify"":9.645500004291534,""pkiOpenSslVerifyTargetCA"":9.338299989700317,""pkiTargetCAOcspHttpQuery"":12.232599973678589,""pkiTargetCAAssertionSign"":11.655799984931946,""pkiTargetCAAssertionVerify"":9.452800035476685}",0,,
1,PKI,42,cross-domain,false,true,98474.7881188812,149924.2027188959,150118.39391891382,194.19120001792908,0,194.19120001792908,0,0,4,0,"{""pkiCertTransferHttp"":1.5678000450134277,""pkiCrossRelayHttp"":0,""pkiOpenSslVerifyLeaf"":8.794300019741058,""pkiLeafOcspHttpQuery"":12.289199948310852,""pkiLeafAssertionSign"":11.507499992847443,""pkiLeafAssertionVerify"":9.298699975013733,""pkiOpenSslVerifySourceCA"":8.912499964237213,""pkiSourceCAOcspHttpQuery"":11.760599970817566,""pkiSourceCAAssertionSign"":11.246399998664856,""pkiSourceCAAssertionVerify"":8.688999950885773,""pkiOpenSslVerifyRootCA"":8.5067999958992,""pkiRootCAOcspHttpQuery"":11.359799981117249,""pkiRootCAAssertionSign"":12.250999987125397,""pkiRootCAAssertionVerify"":9.836700022220612,""pkiOpenSslVerifyTargetCA"":8.791700005531311,""pkiTargetCAOcspHttpQuery"":36.889999985694885,""pkiTargetCAAssertionSign"":11.857900023460388,""pkiTargetCAAssertionVerify"":9.072899997234344}",0,,
1,PKI,43,cross-domain,false,true,101017.4426849337,152466.8572849484,152692.37888495642,225.52160000801086,0,225.52160000801086,0,0,4,0,"{""pkiCertTransferHttp"":20.263899981975555,""pkiCrossRelayHttp"":0,""pkiOpenSslVerifyLeaf"":10.061800003051758,""pkiLeafOcspHttpQuery"":12.505799949169159,""pkiLeafAssertionSign"":11.931400001049042,""pkiLeafAssertionVerify"":8.733900010585785,""pkiOpenSslVerifySourceCA"":9.317100048065186,""pkiSourceCAOcspHttpQuery"":27.625699996948242,""pkiSourceCAAssertionSign"":12.238399982452393,""pkiSourceCAAssertionVerify"":9.155600011348724,""pkiOpenSslVerifyRootCA"":9.05460000038147,""pkiRootCAOcspHttpQuery"":31.08589994907379,""pkiRootCAAssertionSign"":11.42960000038147,""pkiRootCAAssertionVerify"":8.82829999923706,""pkiOpenSslVerifyTargetCA"":8.936800003051758,""pkiTargetCAOcspHttpQuery"":12.381399989128113,""pkiTargetCAAssertionSign"":11.440500020980835,""pkiTargetCAAssertionVerify"":8.885800004005432}",0,,
1,PKI,44,cross-domain,false,true,103815.05797052706,155264.47257054175,155446.39077055777,181.91820001602173,0,181.91820001602173,0,0,4,0,"{""pkiCertTransferHttp"":12.104399979114532,""pkiCrossRelayHttp"":0,""pkiOpenSslVerifyLeaf"":9.62909996509552,""pkiLeafOcspHttpQuery"":11.858400046825409,""pkiLeafAssertionSign"":12.196700036525726,""pkiLeafAssertionVerify"":8.636400043964386,""pkiOpenSslVerifySourceCA"":8.482100009918213,""pkiSourceCAOcspHttpQuery"":13.163500010967255,""pkiSourceCAAssertionSign"":12.173399984836578,""pkiSourceCAAssertionVerify"":8.764100015163422,""pkiOpenSslVerifyRootCA"":8.569800019264221,""pkiRootCAOcspHttpQuery"":11.416399955749512,""pkiRootCAAssertionSign"":11.819999992847443,""pkiRootCAAssertionVerify"":10.200500011444092,""pkiOpenSslVerifyTargetCA"":8.89029997587204,""pkiTargetCAOcspHttpQuery"":11.681500017642975,""pkiTargetCAAssertionSign"":11.541800022125244,""pkiTargetCAAssertionVerify"":9.262600004673004}",0,,
1,PKI,45,cross-domain,false,true,104267.26126952293,155716.67586953763,155892.19056953315,175.51469999551773,0,175.51469999551773,0,0,4,0,"{""pkiCertTransferHttp"":3.7579999566078186,""pkiCrossRelayHttp"":0,""pkiOpenSslVerifyLeaf"":9.134700000286102,""pkiLeafOcspHttpQuery"":11.813899993896484,""pkiLeafAssertionSign"":11.454699993133545,""pkiLeafAssertionVerify"":9.125,""pkiOpenSslVerifySourceCA"":9.140399992465973,""pkiSourceCAOcspHttpQuery"":11.871500015258789,""pkiSourceCAAssertionSign"":11.740900039672852,""pkiSourceCAAssertionVerify"":8.778900027275085,""pkiOpenSslVerifyRootCA"":8.929899990558624,""pkiRootCAOcspHttpQuery"":12.129999995231628,""pkiRootCAAssertionSign"":11.166899979114532,""pkiRootCAAssertionVerify"":9.1875,""pkiOpenSslVerifyTargetCA"":8.580899953842163,""pkiTargetCAOcspHttpQuery"":11.335900008678436,""pkiTargetCAAssertionSign"":15.993099987506866,""pkiTargetCAAssertionVerify"":9.859800040721893}",0,,
1,PKI,46,cross-domain,false,true,113258.59718245374,164708.0117824684,164897.69408244,189.6822999715805,0,189.6822999715805,0,0,4,0,"{""pkiCertTransferHttp"":0.5523000359535217,""pkiCrossRelayHttp"":0,""pkiOpenSslVerifyLeaf"":8.710299968719482,""pkiLeafOcspHttpQuery"":36.01960003376007,""pkiLeafAssertionSign"":11.52350002527237,""pkiLeafAssertionVerify"":8.642599999904633,""pkiOpenSslVerifySourceCA"":8.264299988746643,""pkiSourceCAOcspHttpQuery"":11.262600004673004,""pkiSourceCAAssertionSign"":11.482100009918213,""pkiSourceCAAssertionVerify"":8.92849999666214,""pkiOpenSslVerifyRootCA"":9.25079995393753,""pkiRootCAOcspHttpQuery"":11.972100019454956,""pkiRootCAAssertionSign"":11.718799948692322,""pkiRootCAAssertionVerify"":9.28360003232956,""pkiOpenSslVerifyTargetCA"":9.004299998283386,""pkiTargetCAOcspHttpQuery"":11.786400020122528,""pkiTargetCAAssertionSign"":11.105099976062775,""pkiTargetCAAssertionVerify"":8.661800026893616}",0,,
1,PKI,47,cross-domain,false,true,115686.3896118539,167135.80421186858,167328.6410118478,192.8367999792099,0,192.8367999792099,0,0,4,0,"{""pkiCertTransferHttp"":21.761299967765808,""pkiCrossRelayHttp"":0,""pkiOpenSslVerifyLeaf"":9.650099992752075,""pkiLeafOcspHttpQuery"":12.573000013828278,""pkiLeafAssertionSign"":12.016099989414215,""pkiLeafAssertionVerify"":9.351500034332275,""pkiOpenSslVerifySourceCA"":9.238499999046326,""pkiSourceCAOcspHttpQuery"":12.103600025177002,""pkiSourceCAAssertionSign"":12.351999998092651,""pkiSourceCAAssertionVerify"":9.298299968242645,""pkiOpenSslVerifyRootCA"":9.043099999427795,""pkiRootCAOcspHttpQuery"":11.980599999427795,""pkiRootCAAssertionSign"":12.16380000114441,""pkiRootCAAssertionVerify"":8.796600043773651,""pkiOpenSslVerifyTargetCA"":8.90530002117157,""pkiTargetCAOcspHttpQuery"":11.591600000858307,""pkiTargetCAAssertionSign"":11.54390001296997,""pkiTargetCAAssertionVerify"":8.845099985599518}",0,,
1,PKI,48,cross-domain,false,true,118139.98480174437,169589.39940175906,169794.3973017086,204.99789994955063,0,204.99789994955063,0,0,4,0,"{""pkiCertTransferHttp"":12.348599970340729,""pkiCrossRelayHttp"":0,""pkiOpenSslVerifyLeaf"":9.023299992084503,""pkiLeafOcspHttpQuery"":11.60589998960495,""pkiLeafAssertionSign"":11.430400013923645,""pkiLeafAssertionVerify"":8.75550001859665,""pkiOpenSslVerifySourceCA"":8.287299990653992,""pkiSourceCAOcspHttpQuery"":11.611699998378754,""pkiSourceCAAssertionSign"":11.925100028514862,""pkiSourceCAAssertionVerify"":9.284099996089935,""pkiOpenSslVerifyRootCA"":8.693899989128113,""pkiRootCAOcspHttpQuery"":36.91249996423721,""pkiRootCAAssertionSign"":12.473400056362152,""pkiRootCAAssertionVerify"":9.008700013160706,""pkiOpenSslVerifyTargetCA"":9.34280002117157,""pkiTargetCAOcspHttpQuery"":12.458399951457977,""pkiTargetCAAssertionSign"":11.297699987888336,""pkiTargetCAAssertionVerify"":8.976100027561188}",0,,
1,PKI,49,cross-domain,false,true,120008.42749133015,171457.84209134482,171634.1669913759,176.32490003108978,0,176.32490003108978,0,0,4,0,"{""pkiCertTransferHttp"":4.051499962806702,""pkiCrossRelayHttp"":0,""pkiOpenSslVerifyLeaf"":9.166600048542023,""pkiLeafOcspHttpQuery"":12.173099994659424,""pkiLeafAssertionSign"":14.110699951648712,""pkiLeafAssertionVerify"":10.026800036430359,""pkiOpenSslVerifySourceCA"":8.954299986362457,""pkiSourceCAOcspHttpQuery"":12.287199974060059,""pkiSourceCAAssertionSign"":12.590900003910065,""pkiSourceCAAssertionVerify"":8.805699944496155,""pkiOpenSslVerifyRootCA"":8.348700046539307,""pkiRootCAOcspHttpQuery"":11.20200002193451,""pkiRootCAAssertionSign"":11.372900009155273,""pkiRootCAAssertionVerify"":9.253199994564056,""pkiOpenSslVerifyTargetCA"":9.100600004196167,""pkiTargetCAOcspHttpQuery"":12.276400029659271,""pkiTargetCAAssertionSign"":12.008300006389618,""pkiTargetCAAssertionVerify"":9.038300037384033}",0,,
1,PKI,50,cross-domain,false,true,120949.90943170898,172399.32403172366,172582.59063167684,183.2665999531746,0,183.2665999531746,0,0,4,0,"{""pkiCertTransferHttp"":18.075999975204468,""pkiCrossRelayHttp"":0,""pkiOpenSslVerifyLeaf"":9.24210000038147,""pkiLeafOcspHttpQuery"":11.684900045394897,""pkiLeafAssertionSign"":11.511800050735474,""pkiLeafAssertionVerify"":8.452800035476685,""pkiOpenSslVerifySourceCA"":8.184599995613098,""pkiSourceCAOcspHttpQuery"":11.113099992275238,""pkiSourceCAAssertionSign"":11.591600000858307,""pkiSourceCAAssertionVerify"":8.841899991035461,""pkiOpenSslVerifyRootCA"":8.256900012493134,""pkiRootCAOcspHttpQuery"":12.067600011825562,""pkiRootCAAssertionSign"":12.328099966049194,""pkiRootCAAssertionVerify"":8.78219997882843,""pkiOpenSslVerifyTargetCA"":8.778800010681152,""pkiTargetCAOcspHttpQuery"":11.591799974441528,""pkiTargetCAAssertionSign"":12.190099954605103,""pkiTargetCAAssertionVerify"":9.078099966049194}",0,,
1,PKI,51,cross-domain,false,true,122209.21310532033,173658.62770533503,173842.5819053644,183.95420002937317,0,183.95420002937317,0,0,4,0,"{""pkiCertTransferHttp"":0.4901999831199646,""pkiCrossRelayHttp"":0,""pkiOpenSslVerifyLeaf"":8.952700018882751,""pkiLeafOcspHttpQuery"":11.277899980545044,""pkiLeafAssertionSign"":11.104200005531311,""pkiLeafAssertionVerify"":8.761900007724762,""pkiOpenSslVerifySourceCA"":8.616899967193604,""pkiSourceCAOcspHttpQuery"":11.25330001115799,""pkiSourceCAAssertionSign"":11.657399952411652,""pkiSourceCAAssertionVerify"":8.88670003414154,""pkiOpenSslVerifyRootCA"":9.991200029850006,""pkiRootCAOcspHttpQuery"":12.207599997520447,""pkiRootCAAssertionSign"":11.798000037670135,""pkiRootCAAssertionVerify"":8.903499960899353,""pkiOpenSslVerifyTargetCA"":8.880299985408783,""pkiTargetCAOcspHttpQuery"":27.86089998483658,""pkiTargetCAAssertionSign"":12.233700037002563,""pkiTargetCAAssertionVerify"":9.473100006580353}",0,,
1,PKI,52,cross-domain,false,true,122427.17766396447,173876.59226397914,174050.20876393956,173.61649996042252,0,173.61649996042252,0,0,4,0,"{""pkiCertTransferHttp"":2.445800006389618,""pkiCrossRelayHttp"":0,""pkiOpenSslVerifyLeaf"":9.505499958992004,""pkiLeafOcspHttpQuery"":12.265699982643127,""pkiLeafAssertionSign"":11.815400004386902,""pkiLeafAssertionVerify"":8.638799965381622,""pkiOpenSslVerifySourceCA"":9.089399993419647,""pkiSourceCAOcspHttpQuery"":12.649399995803833,""pkiSourceCAAssertionSign"":11.634999990463257,""pkiSourceCAAssertionVerify"":9.388300001621246,""pkiOpenSslVerifyRootCA"":9.57829999923706,""pkiRootCAOcspHttpQuery"":12.274699985980988,""pkiRootCAAssertionSign"":12.167999982833862,""pkiRootCAAssertionVerify"":9.200800001621246,""pkiOpenSslVerifyTargetCA"":8.605599999427795,""pkiTargetCAOcspHttpQuery"":11.525300025939941,""pkiTargetCAAssertionSign"":11.825800001621246,""pkiTargetCAAssertionVerify"":9.250900030136108}",0,,
1,PKI,53,cross-domain,false,true,124050.33288010997,175499.74748012464,175688.23228010576,188.48479998111725,0,188.48479998111725,0,0,4,0,"{""pkiCertTransferHttp"":4.234099984169006,""pkiCrossRelayHttp"":0,""pkiOpenSslVerifyLeaf"":9.236200034618378,""pkiLeafOcspHttpQuery"":12.170700013637543,""pkiLeafAssertionSign"":12.15800005197525,""pkiLeafAssertionVerify"":9.010999977588654,""pkiOpenSslVerifySourceCA"":8.358799993991852,""pkiSourceCAOcspHttpQuery"":11.673500001430511,""pkiSourceCAAssertionSign"":12.483000040054321,""pkiSourceCAAssertionVerify"":11.990199983119965,""pkiOpenSslVerifyRootCA"":10.157000005245209,""pkiRootCAOcspHttpQuery"":15.340799987316132,""pkiRootCAAssertionSign"":14.867700040340424,""pkiRootCAAssertionVerify"":12.003199994564056,""pkiOpenSslVerifyTargetCA"":9.720200002193451,""pkiTargetCAOcspHttpQuery"":12.536100029945374,""pkiTargetCAAssertionSign"":11.925100028514862,""pkiTargetCAAssertionVerify"":9.061600029468536}",0,,
1,PKI,54,cross-domain,false,true,124448.98410591898,175898.39870593365,176097.9673059326,199.56859999895096,0,199.56859999895096,0,0,4,0,"{""pkiCertTransferHttp"":27.062700033187866,""pkiCrossRelayHttp"":0,""pkiOpenSslVerifyLeaf"":9.841600000858307,""pkiLeafOcspHttpQuery"":12.023999989032745,""pkiLeafAssertionSign"":12.082000017166138,""pkiLeafAssertionVerify"":8.821400046348572,""pkiOpenSslVerifySourceCA"":9.088499963283539,""pkiSourceCAOcspHttpQuery"":12.091799974441528,""pkiSourceCAAssertionSign"":11.702899992465973,""pkiSourceCAAssertionVerify"":8.759400010108948,""pkiOpenSslVerifyRootCA"":9.082500040531158,""pkiRootCAOcspHttpQuery"":14.137700021266937,""pkiRootCAAssertionSign"":11.441699981689453,""pkiRootCAAssertionVerify"":9.147100031375885,""pkiOpenSslVerifyTargetCA"":9.074899971485138,""pkiTargetCAOcspHttpQuery"":12.034600019454956,""pkiTargetCAAssertionSign"":12.129100024700165,""pkiTargetCAAssertionVerify"":9.363399982452393}",0,,
1,PKI,55,cross-domain,false,true,127770.9500908369,179220.3646908516,179440.03219087067,219.6675000190735,0,219.6675000190735,0,0,4,0,"{""pkiCertTransferHttp"":29.219700038433075,""pkiCrossRelayHttp"":0,""pkiOpenSslVerifyLeaf"":10.737600028514862,""pkiLeafOcspHttpQuery"":12.79559999704361,""pkiLeafAssertionSign"":13.336800038814545,""pkiLeafAssertionVerify"":10.675999999046326,""pkiOpenSslVerifySourceCA"":9.515999972820282,""pkiSourceCAOcspHttpQuery"":12.87040001153946,""pkiSourceCAAssertionSign"":12.568100035190582,""pkiSourceCAAssertionVerify"":9.76579999923706,""pkiOpenSslVerifyRootCA"":9.667999982833862,""pkiRootCAOcspHttpQuery"":23.645199954509735,""pkiRootCAAssertionSign"":12.489199995994568,""pkiRootCAAssertionVerify"":9.022000014781952,""pkiOpenSslVerifyTargetCA"":8.700100004673004,""pkiTargetCAOcspHttpQuery"":11.755499958992004,""pkiTargetCAAssertionSign"":11.890300035476685,""pkiTargetCAAssertionVerify"":9.338299989700317}",0,,
1,PKI,56,cross-domain,false,true,129280.71712450407,180730.13172451875,180927.26752452276,197.13580000400543,0,197.13580000400543,0,0,4,0,"{""pkiCertTransferHttp"":2.857699990272522,""pkiCrossRelayHttp"":0,""pkiOpenSslVerifyLeaf"":9.186500012874603,""pkiLeafOcspHttpQuery"":33.05989998579025,""pkiLeafAssertionSign"":12.34119999408722,""pkiLeafAssertionVerify"":9.449000000953674,""pkiOpenSslVerifySourceCA"":9.061600029468536,""pkiSourceCAOcspHttpQuery"":12.121500015258789,""pkiSourceCAAssertionSign"":11.72350001335144,""pkiSourceCAAssertionVerify"":8.847000002861023,""pkiOpenSslVerifyRootCA"":8.449400007724762,""pkiRootCAOcspHttpQuery"":11.52759999036789,""pkiRootCAAssertionSign"":11.841100037097931,""pkiRootCAAssertionVerify"":9.235599994659424,""pkiOpenSslVerifyTargetCA"":9.03439998626709,""pkiTargetCAOcspHttpQuery"":13.034300029277802,""pkiTargetCAAssertionSign"":14.388500034809113,""pkiTargetCAAssertionVerify"":9.176799952983856}",0,,
1,PKI,57,cross-domain,false,true,129903.84665552444,181353.26125553914,181538.08755556413,184.82630002498627,0,184.82630002498627,0,0,4,0,"{""pkiCertTransferHttp"":14.731500029563904,""pkiCrossRelayHttp"":0,""pkiOpenSslVerifyLeaf"":9.714200019836426,""pkiLeafOcspHttpQuery"":11.737100005149841,""pkiLeafAssertionSign"":11.789499998092651,""pkiLeafAssertionVerify"":8.655900001525879,""pkiOpenSslVerifySourceCA"":8.432699978351593,""pkiSourceCAOcspHttpQuery"":12.240899980068207,""pkiSourceCAAssertionSign"":11.684099972248077,""pkiSourceCAAssertionVerify"":9.34249997138977,""pkiOpenSslVerifyRootCA"":9.032700002193451,""pkiRootCAOcspHttpQuery"":11.923500001430511,""pkiRootCAAssertionSign"":12.212799966335297,""pkiRootCAAssertionVerify"":9.088199973106384,""pkiOpenSslVerifyTargetCA"":9.048200011253357,""pkiTargetCAOcspHttpQuery"":12.442499995231628,""pkiTargetCAAssertionSign"":12.190900027751923,""pkiTargetCAAssertionVerify"":9.045300006866455}",0,,
1,PKI,58,cross-domain,false,true,132106.27840986277,183555.69300987746,183741.96860983397,186.27559995651245,0,186.27559995651245,0,0,4,0,"{""pkiCertTransferHttp"":14.874000012874603,""pkiCrossRelayHttp"":0,""pkiOpenSslVerifyLeaf"":9.764400005340576,""pkiLeafOcspHttpQuery"":12.27700001001358,""pkiLeafAssertionSign"":12.274500012397766,""pkiLeafAssertionVerify"":9.750600039958954,""pkiOpenSslVerifySourceCA"":9.624199986457825,""pkiSourceCAOcspHttpQuery"":12.047700047492981,""pkiSourceCAAssertionSign"":12.208000004291534,""pkiSourceCAAssertionVerify"":8.626900017261505,""pkiOpenSslVerifyRootCA"":8.447200000286102,""pkiRootCAOcspHttpQuery"":11.347600042819977,""pkiRootCAAssertionSign"":12.007300019264221,""pkiRootCAAssertionVerify"":9.640900015830994,""pkiOpenSslVerifyTargetCA"":8.563699960708618,""pkiTargetCAOcspHttpQuery"":11.9064000248909,""pkiTargetCAAssertionSign"":12.004299998283386,""pkiTargetCAAssertionVerify"":9.339599967002869}",0,,
1,PKI,59,cross-domain,false,true,135128.6734612807,186578.0880612954,186788.08876129234,210.00069999694824,0,210.00069999694824,0,0,4,0,"{""pkiCertTransferHttp"":29.528999984264374,""pkiCrossRelayHttp"":0,""pkiOpenSslVerifyLeaf"":12.244500041007996,""pkiLeafOcspHttpQuery"":16.14060002565384,""pkiLeafAssertionSign"":13.643500030040741,""pkiLeafAssertionVerify"":9.444000005722046,""pkiOpenSslVerifySourceCA"":8.966100037097931,""pkiSourceCAOcspHttpQuery"":12.26120001077652,""pkiSourceCAAssertionSign"":12.232199966907501,""pkiSourceCAAssertionVerify"":9.448900043964386,""pkiOpenSslVerifyRootCA"":9.060399949550629,""pkiRootCAOcspHttpQuery"":12.005499958992004,""pkiRootCAAssertionSign"":11.678399980068207,""pkiRootCAAssertionVerify"":9.047500014305115,""pkiOpenSslVerifyTargetCA"":8.833199977874756,""pkiTargetCAOcspHttpQuery"":11.665300011634827,""pkiTargetCAAssertionSign"":13.066399991512299,""pkiTargetCAAssertionVerify"":9.028200030326843}",0,,
1,PKI,60,cross-domain,false,true,143034.28418108192,194483.6987810966,194666.31668111053,182.61790001392365,0,182.61790001392365,0,0,4,0,"{""pkiCertTransferHttp"":0.7038999795913696,""pkiCrossRelayHttp"":0,""pkiOpenSslVerifyLeaf"":9.141699969768524,""pkiLeafOcspHttpQuery"":12.65039998292923,""pkiLeafAssertionSign"":12.23089998960495,""pkiLeafAssertionVerify"":9.819999992847443,""pkiOpenSslVerifySourceCA"":9.147300004959106,""pkiSourceCAOcspHttpQuery"":12.098999977111816,""pkiSourceCAAssertionSign"":16.562900006771088,""pkiSourceCAAssertionVerify"":9.620000004768372,""pkiOpenSslVerifyRootCA"":8.890399992465973,""pkiRootCAOcspHttpQuery"":12.999300003051758,""pkiRootCAAssertionSign"":12.61030000448227,""pkiRootCAAssertionVerify"":9.66949999332428,""pkiOpenSslVerifyTargetCA"":9.767400026321411,""pkiTargetCAOcspHttpQuery"":12.624399960041046,""pkiTargetCAAssertionSign"":12.57669997215271,""pkiTargetCAAssertionVerify"":9.882200002670288}",0,,
1,PKI,61,cross-domain,false,true,144312.53783457322,195761.9524345879,195942.03153460068,180.07910001277924,0,180.07910001277924,0,0,4,0,"{""pkiCertTransferHttp"":7.014699995517731,""pkiCrossRelayHttp"":0,""pkiOpenSslVerifyLeaf"":9.772199988365173,""pkiLeafOcspHttpQuery"":13.124099969863892,""pkiLeafAssertionSign"":12.512199997901917,""pkiLeafAssertionVerify"":9.07039999961853,""pkiOpenSslVerifySourceCA"":9.956399977207184,""pkiSourceCAOcspHttpQuery"":12.134800016880035,""pkiSourceCAAssertionSign"":11.61930000782013,""pkiSourceCAAssertionVerify"":8.693999946117401,""pkiOpenSslVerifyRootCA"":8.885300040245056,""pkiRootCAOcspHttpQuery"":12.154899954795837,""pkiRootCAAssertionSign"":11.871100008487701,""pkiRootCAAssertionVerify"":9.314300000667572,""pkiOpenSslVerifyTargetCA"":9.436100006103516,""pkiTargetCAOcspHttpQuery"":12.369200050830841,""pkiTargetCAAssertionSign"":11.465499997138977,""pkiTargetCAAssertionVerify"":9.04280000925064}",0,,
1,PKI,62,cross-domain,false,true,144330.47174915404,195779.88634916872,195991.3160095994,211.4296604306728,27.085860422375845,184.34380000829697,0,0,4,0,"{""pkiCertTransferHttp"":12.07719999551773,""pkiCrossRelayHttp"":0,""pkiOpenSslVerifyLeaf"":9.573900043964386,""pkiLeafOcspHttpQuery"":12.223800003528595,""pkiLeafAssertionSign"":11.710800051689148,""pkiLeafAssertionVerify"":8.772599995136261,""pkiOpenSslVerifySourceCA"":8.907400012016296,""pkiSourceCAOcspHttpQuery"":11.853900015354156,""pkiSourceCAAssertionSign"":11.967500030994415,""pkiSourceCAAssertionVerify"":11.694799959659576,""pkiOpenSslVerifyRootCA"":8.49099999666214,""pkiRootCAOcspHttpQuery"":11.728799998760223,""pkiRootCAAssertionSign"":11.859399974346161,""pkiRootCAAssertionVerify"":9.431600034236908,""pkiOpenSslVerifyTargetCA"":8.822400033473969,""pkiTargetCAOcspHttpQuery"":12.376299977302551,""pkiTargetCAAssertionSign"":11.784299969673157,""pkiTargetCAAssertionVerify"":9.462499976158142}",0,,
1,PKI,63,cross-domain,false,true,144865.97778702935,196315.39238704403,196488.9324870821,173.5401000380516,0,173.5401000380516,0,0,4,0,"{""pkiCertTransferHttp"":3.6608999967575073,""pkiCrossRelayHttp"":0,""pkiOpenSslVerifyLeaf"":9.531899988651276,""pkiLeafOcspHttpQuery"":11.864400029182434,""pkiLeafAssertionSign"":11.979499995708466,""pkiLeafAssertionVerify"":9.22379994392395,""pkiOpenSslVerifySourceCA"":9.13050001859665,""pkiSourceCAOcspHttpQuery"":12.845300018787384,""pkiSourceCAAssertionSign"":11.941499948501587,""pkiSourceCAAssertionVerify"":8.701600015163422,""pkiOpenSslVerifyRootCA"":8.893100023269653,""pkiRootCAOcspHttpQuery"":11.410199999809265,""pkiRootCAAssertionSign"":11.328100025653839,""pkiRootCAAssertionVerify"":9.182099997997284,""pkiOpenSslVerifyTargetCA"":8.895299971103668,""pkiTargetCAOcspHttpQuery"":12.29559999704361,""pkiTargetCAAssertionSign"":11.954900026321411,""pkiTargetCAAssertionVerify"":9.161400020122528}",0,,
1,PKI,64,cross-domain,false,true,149031.2260805566,200480.6406805713,200662.38268055508,181.74199998378754,0,181.74199998378754,0,0,4,0,"{""pkiCertTransferHttp"":5.9266000390052795,""pkiCrossRelayHttp"":0,""pkiOpenSslVerifyLeaf"":9.385299980640411,""pkiLeafOcspHttpQuery"":12.726199984550476,""pkiLeafAssertionSign"":11.892400026321411,""pkiLeafAssertionVerify"":8.90530002117157,""pkiOpenSslVerifySourceCA"":9.502900004386902,""pkiSourceCAOcspHttpQuery"":11.70389997959137,""pkiSourceCAAssertionSign"":11.371399998664856,""pkiSourceCAAssertionVerify"":9.203700006008148,""pkiOpenSslVerifyRootCA"":8.514999985694885,""pkiRootCAOcspHttpQuery"":11.72649997472763,""pkiRootCAAssertionSign"":12.186100006103516,""pkiRootCAAssertionVerify"":9.318499982357025,""pkiOpenSslVerifyTargetCA"":9.232699990272522,""pkiTargetCAOcspHttpQuery"":12.623300015926361,""pkiTargetCAAssertionSign"":14.62059998512268,""pkiTargetCAAssertionVerify"":11.28930002450943}",0,,
1,PKI,65,cross-domain,false,true,149716.3633656095,201165.77796562418,201366.36486561998,200.58689999580383,0,200.58689999580383,0,0,4,0,"{""pkiCertTransferHttp"":13.815299987792969,""pkiCrossRelayHttp"":0,""pkiOpenSslVerifyLeaf"":12.773400008678436,""pkiLeafOcspHttpQuery"":16.391099989414215,""pkiLeafAssertionSign"":12.614199995994568,""pkiLeafAssertionVerify"":9.866199970245361,""pkiOpenSslVerifySourceCA"":9.43479996919632,""pkiSourceCAOcspHttpQuery"":12.518199980258942,""pkiSourceCAAssertionSign"":11.70770001411438,""pkiSourceCAAssertionVerify"":9.475400030612946,""pkiOpenSslVerifyRootCA"":8.728300034999847,""pkiRootCAOcspHttpQuery"":12.066799998283386,""pkiRootCAAssertionSign"":11.792099952697754,""pkiRootCAAssertionVerify"":8.920300006866455,""pkiOpenSslVerifyTargetCA"":9.041700005531311,""pkiTargetCAOcspHttpQuery"":11.821300029754639,""pkiTargetCAAssertionSign"":12.578100025653839,""pkiTargetCAAssertionVerify"":15.41269999742508}",0,,
1,PKI,66,cross-domain,false,true,153729.7500422731,205179.1646422878,205375.53054232747,196.36590003967285,0,196.36590003967285,0,0,4,0,"{""pkiCertTransferHttp"":12.824699997901917,""pkiCrossRelayHttp"":0,""pkiOpenSslVerifyLeaf"":9.839100003242493,""pkiLeafOcspHttpQuery"":12.276100039482117,""pkiLeafAssertionSign"":12.310500025749207,""pkiLeafAssertionVerify"":9.288399994373322,""pkiOpenSslVerifySourceCA"":9.050399959087372,""pkiSourceCAOcspHttpQuery"":12.256900012493134,""pkiSourceCAAssertionSign"":11.85019999742508,""pkiSourceCAAssertionVerify"":9.496500015258789,""pkiOpenSslVerifyRootCA"":12.15310001373291,""pkiRootCAOcspHttpQuery"":15.025999963283539,""pkiRootCAAssertionSign"":12.908100008964539,""pkiRootCAAssertionVerify"":9.324100017547607,""pkiOpenSslVerifyTargetCA"":9.216400027275085,""pkiTargetCAOcspHttpQuery"":12.183300018310547,""pkiTargetCAAssertionSign"":13.5135999917984,""pkiTargetCAAssertionVerify"":11.15420001745224}",0,,
1,PKI,67,cross-domain,false,true,156380.66447098277,207830.07907099745,208022.8828709843,192.8037999868393,0,192.8037999868393,0,0,4,0,"{""pkiCertTransferHttp"":16.5,""pkiCrossRelayHttp"":0,""pkiOpenSslVerifyLeaf"":10.11949998140335,""pkiLeafOcspHttpQuery"":12.643200039863586,""pkiLeafAssertionSign"":12.669800043106079,""pkiLeafAssertionVerify"":9.845600008964539,""pkiOpenSslVerifySourceCA"":9.158200025558472,""pkiSourceCAOcspHttpQuery"":11.938799977302551,""pkiSourceCAAssertionSign"":12.676099956035614,""pkiSourceCAAssertionVerify"":9.494399964809418,""pkiOpenSslVerifyRootCA"":9.16049998998642,""pkiRootCAOcspHttpQuery"":12.36930000782013,""pkiRootCAAssertionSign"":12.037000000476837,""pkiRootCAAssertionVerify"":9.311599969863892,""pkiOpenSslVerifyTargetCA"":9.196400046348572,""pkiTargetCAOcspHttpQuery"":12.012099981307983,""pkiTargetCAAssertionSign"":12.336499989032745,""pkiTargetCAAssertionVerify"":9.651899993419647}",0,,
1,PKI,68,cross-domain,false,true,158275.27220286414,209724.68680287883,209902.85650290534,178.16970002651215,0,178.16970002651215,0,0,4,0,"{""pkiCertTransferHttp"":8.209200024604797,""pkiCrossRelayHttp"":0,""pkiOpenSslVerifyLeaf"":9.8992999792099,""pkiLeafOcspHttpQuery"":12.261300027370453,""pkiLeafAssertionSign"":11.734499990940094,""pkiLeafAssertionVerify"":9.312999963760376,""pkiOpenSslVerifySourceCA"":9.206399977207184,""pkiSourceCAOcspHttpQuery"":11.990700006484985,""pkiSourceCAAssertionSign"":11.253400027751923,""pkiSourceCAAssertionVerify"":8.97649997472763,""pkiOpenSslVerifyRootCA"":8.64079999923706,""pkiRootCAOcspHttpQuery"":11.838299989700317,""pkiRootCAAssertionSign"":12.021299958229065,""pkiRootCAAssertionVerify"":9.002499997615814,""pkiOpenSslVerifyTargetCA"":8.923899948596954,""pkiTargetCAOcspHttpQuery"":12.926800012588501,""pkiTargetCAAssertionSign"":11.627799987792969,""pkiTargetCAAssertionVerify"":8.599900007247925}",0,,
1,PKI,69,cross-domain,false,true,161004.6065616268,212454.0211616415,212656.34736164988,202.32620000839233,0,202.32620000839233,0,0,4,0,"{""pkiCertTransferHttp"":31.039200007915497,""pkiCrossRelayHttp"":0,""pkiOpenSslVerifyLeaf"":11.743400037288666,""pkiLeafOcspHttpQuery"":12.425300002098083,""pkiLeafAssertionSign"":11.322499990463257,""pkiLeafAssertionVerify"":8.921299993991852,""pkiOpenSslVerifySourceCA"":8.803399980068207,""pkiSourceCAOcspHttpQuery"":11.93829995393753,""pkiSourceCAAssertionSign"":11.79830002784729,""pkiSourceCAAssertionVerify"":9.27319997549057,""pkiOpenSslVerifyRootCA"":8.43970000743866,""pkiRootCAOcspHttpQuery"":11.687399983406067,""pkiRootCAAssertionSign"":11.750200033187866,""pkiRootCAAssertionVerify"":9.30349999666214,""pkiOpenSslVerifyTargetCA"":8.855799973011017,""pkiTargetCAOcspHttpQuery"":12.160600006580353,""pkiTargetCAAssertionSign"":12.12229996919632,""pkiTargetCAAssertionVerify"":9.272499978542328}",0,,
1,PKI,70,cross-domain,false,true,161735.9125506567,213185.3271506714,213370.00295069686,184.6758000254631,0,184.6758000254631,0,0,4,0,"{""pkiCertTransferHttp"":5.170300006866455,""pkiCrossRelayHttp"":0,""pkiOpenSslVerifyLeaf"":8.938799977302551,""pkiLeafOcspHttpQuery"":11.798600018024445,""pkiLeafAssertionSign"":11.617799997329712,""pkiLeafAssertionVerify"":8.832000017166138,""pkiOpenSslVerifySourceCA"":8.741199970245361,""pkiSourceCAOcspHttpQuery"":11.324699997901917,""pkiSourceCAAssertionSign"":12.3192999958992,""pkiSourceCAAssertionVerify"":9.200399994850159,""pkiOpenSslVerifyRootCA"":8.488200008869171,""pkiRootCAOcspHttpQuery"":12.23030000925064,""pkiRootCAAssertionSign"":13.799199998378754,""pkiRootCAAssertionVerify"":10.422399997711182,""pkiOpenSslVerifyTargetCA"":10.808200001716614,""pkiTargetCAOcspHttpQuery"":13.88050001859665,""pkiTargetCAAssertionSign"":15.255100011825562,""pkiTargetCAAssertionVerify"":10.257600009441376}",0,,
1,PKI,71,cross-domain,false,true,165315.4219808603,216764.83658087498,216940.72868085152,175.8920999765396,0,175.8920999765396,0,0,4,0,"{""pkiCertTransferHttp"":4.650300025939941,""pkiCrossRelayHttp"":0,""pkiOpenSslVerifyLeaf"":9.786499977111816,""pkiLeafOcspHttpQuery"":13.276699960231781,""pkiLeafAssertionSign"":12.976199984550476,""pkiLeafAssertionVerify"":9.806900024414062,""pkiOpenSslVerifySourceCA"":9.130999982357025,""pkiSourceCAOcspHttpQuery"":12.219799995422363,""pkiSourceCAAssertionSign"":11.359300017356873,""pkiSourceCAAssertionVerify"":8.729399979114532,""pkiOpenSslVerifyRootCA"":8.345499992370605,""pkiRootCAOcspHttpQuery"":11.383000016212463,""pkiRootCAAssertionSign"":11.495000004768372,""pkiRootCAAssertionVerify"":9.134800016880035,""pkiOpenSslVerifyTargetCA"":8.744900047779083,""pkiTargetCAOcspHttpQuery"":12.448000013828278,""pkiTargetCAAssertionSign"":11.605000019073486,""pkiTargetCAAssertionVerify"":9.255200028419495}",0,,
1,PKI,72,cross-domain,false,true,166205.27085805975,217654.68545807444,217834.62785805308,179.9423999786377,0,179.9423999786377,0,0,4,0,"{""pkiCertTransferHttp"":1.923200011253357,""pkiCrossRelayHttp"":0,""pkiOpenSslVerifyLeaf"":9.884200036525726,""pkiLeafOcspHttpQuery"":11.992199957370758,""pkiLeafAssertionSign"":11.014099955558777,""pkiLeafAssertionVerify"":9.477100014686584,""pkiOpenSslVerifySourceCA"":8.39330005645752,""pkiSourceCAOcspHttpQuery"":12.287000000476837,""pkiSourceCAAssertionSign"":12.706399977207184,""pkiSourceCAAssertionVerify"":9.27539998292923,""pkiOpenSslVerifyRootCA"":9.368900001049042,""pkiRootCAOcspHttpQuery"":12.731700003147125,""pkiRootCAAssertionSign"":13.313399970531464,""pkiRootCAAssertionVerify"":9.757100045681,""pkiOpenSslVerifyTargetCA"":9.549899995326996,""pkiTargetCAOcspHttpQuery"":14.655099987983704,""pkiTargetCAAssertionSign"":12.020799994468689,""pkiTargetCAAssertionVerify"":9.98530000448227}",0,,
1,PKI,73,cross-domain,false,true,171173.73721664,222623.1518166547,222815.68081663895,192.52899998426437,0,192.52899998426437,0,0,4,0,"{""pkiCertTransferHttp"":1.3238999843597412,""pkiCrossRelayHttp"":0,""pkiOpenSslVerifyLeaf"":10.576000034809113,""pkiLeafOcspHttpQuery"":12.348600029945374,""pkiLeafAssertionSign"":11.633399963378906,""pkiLeafAssertionVerify"":9.111899971961975,""pkiOpenSslVerifySourceCA"":9.247699975967407,""pkiSourceCAOcspHttpQuery"":11.854300022125244,""pkiSourceCAAssertionSign"":11.317200005054474,""pkiSourceCAAssertionVerify"":9.04780000448227,""pkiOpenSslVerifyRootCA"":8.878200054168701,""pkiRootCAOcspHttpQuery"":30.929899990558624,""pkiRootCAAssertionSign"":12.057200014591217,""pkiRootCAAssertionVerify"":9.375400006771088,""pkiOpenSslVerifyTargetCA"":9.744899988174438,""pkiTargetCAOcspHttpQuery"":12.281199991703033,""pkiTargetCAAssertionSign"":11.738099992275238,""pkiTargetCAAssertionVerify"":9.48719996213913}",0,,
1,PKI,74,cross-domain,false,true,177657.13303081636,229106.54763083105,229275.1175308669,168.56990003585815,0,168.56990003585815,0,0,4,0,"{""pkiCertTransferHttp"":0.21060001850128174,""pkiCrossRelayHttp"":0,""pkiOpenSslVerifyLeaf"":9.487899959087372,""pkiLeafOcspHttpQuery"":12.341899991035461,""pkiLeafAssertionSign"":11.468499958515167,""pkiLeafAssertionVerify"":8.929400026798248,""pkiOpenSslVerifySourceCA"":9.153999984264374,""pkiSourceCAOcspHttpQuery"":11.969299972057343,""pkiSourceCAAssertionSign"":11.6875,""pkiSourceCAAssertionVerify"":9.160800039768219,""pkiOpenSslVerifyRootCA"":8.674199998378754,""pkiRootCAOcspHttpQuery"":11.788100004196167,""pkiRootCAAssertionSign"":11.193099975585938,""pkiRootCAAssertionVerify"":9.111699998378754,""pkiOpenSslVerifyTargetCA"":8.84009999036789,""pkiTargetCAOcspHttpQuery"":12.20440000295639,""pkiTargetCAAssertionSign"":11.8299999833107,""pkiTargetCAAssertionVerify"":8.932699978351593}",0,,
1,PKI,75,cross-domain,false,true,178222.20918251216,229671.62378252685,229843.13048256576,171.5067000389099,0,171.5067000389099,0,0,4,0,"{""pkiCertTransferHttp"":4.683300018310547,""pkiCrossRelayHttp"":0,""pkiOpenSslVerifyLeaf"":9.406200051307678,""pkiLeafOcspHttpQuery"":12.01309996843338,""pkiLeafAssertionSign"":11.67900002002716,""pkiLeafAssertionVerify"":9.07039999961853,""pkiOpenSslVerifySourceCA"":9.196999967098236,""pkiSourceCAOcspHttpQuery"":11.759900033473969,""pkiSourceCAAssertionSign"":12.304300010204315,""pkiSourceCAAssertionVerify"":9.230700016021729,""pkiOpenSslVerifyRootCA"":8.297900021076202,""pkiRootCAOcspHttpQuery"":11.355199992656708,""pkiRootCAAssertionSign"":11.902800023555756,""pkiRootCAAssertionVerify"":8.652300000190735,""pkiOpenSslVerifyTargetCA"":8.570800006389618,""pkiTargetCAOcspHttpQuery"":11.648600041866302,""pkiTargetCAAssertionSign"":11.621999979019165,""pkiTargetCAAssertionVerify"":8.513700008392334}",0,,
1,PKI,76,cross-domain,false,true,179481.94244330784,230931.35704332252,231148.7189433541,217.36190003156662,0,217.36190003156662,0,0,4,0,"{""pkiCertTransferHttp"":8.99430000782013,""pkiCrossRelayHttp"":0,""pkiOpenSslVerifyLeaf"":8.83109998703003,""pkiLeafOcspHttpQuery"":11.859500050544739,""pkiLeafAssertionSign"":11.943499982357025,""pkiLeafAssertionVerify"":9.492700040340424,""pkiOpenSslVerifySourceCA"":8.986799955368042,""pkiSourceCAOcspHttpQuery"":11.5832000374794,""pkiSourceCAAssertionSign"":12.06470000743866,""pkiSourceCAAssertionVerify"":9.015899956226349,""pkiOpenSslVerifyRootCA"":9.07370001077652,""pkiRootCAOcspHttpQuery"":30.947999954223633,""pkiRootCAAssertionSign"":12.018999993801117,""pkiRootCAAssertionVerify"":8.860400021076202,""pkiOpenSslVerifyTargetCA"":9.51859998703003,""pkiTargetCAOcspHttpQuery"":30.972100019454956,""pkiTargetCAAssertionSign"":12.310000002384186,""pkiTargetCAAssertionVerify"":9.320900022983551}",0,,
1,PKI,77,cross-domain,false,true,180616.9399735812,232066.3545735959,232274.66257356442,208.30799996852875,0,208.30799996852875,0,0,4,0,"{""pkiCertTransferHttp"":20.820100009441376,""pkiCrossRelayHttp"":0,""pkiOpenSslVerifyLeaf"":9.94080001115799,""pkiLeafOcspHttpQuery"":12.141700029373169,""pkiLeafAssertionSign"":12.150799989700317,""pkiLeafAssertionVerify"":9.328599989414215,""pkiOpenSslVerifySourceCA"":8.485099971294403,""pkiSourceCAOcspHttpQuery"":28.336800038814545,""pkiSourceCAAssertionSign"":12.069199979305267,""pkiSourceCAAssertionVerify"":9.092599987983704,""pkiOpenSslVerifyRootCA"":9.654900014400482,""pkiRootCAOcspHttpQuery"":11.920700013637543,""pkiRootCAAssertionSign"":11.355099976062775,""pkiRootCAAssertionVerify"":9.416599988937378,""pkiOpenSslVerifyTargetCA"":9.07039999961853,""pkiTargetCAOcspHttpQuery"":11.665499985218048,""pkiTargetCAAssertionSign"":11.723699986934662,""pkiTargetCAAssertionVerify"":9.45719999074936}",0,,
1,PKI,78,cross-domain,false,true,184102.3217457565,235551.73634577118,235739.22304576956,187.48669999837875,0,187.48669999837875,0,0,4,0,"{""pkiCertTransferHttp"":16.724300026893616,""pkiCrossRelayHttp"":0,""pkiOpenSslVerifyLeaf"":9.456400036811829,""pkiLeafOcspHttpQuery"":11.82039999961853,""pkiLeafAssertionSign"":11.694000005722046,""pkiLeafAssertionVerify"":9.080799996852875,""pkiOpenSslVerifySourceCA"":9.066600024700165,""pkiSourceCAOcspHttpQuery"":11.91210001707077,""pkiSourceCAAssertionSign"":11.61599999666214,""pkiSourceCAAssertionVerify"":9.0760999917984,""pkiOpenSslVerifyRootCA"":8.750200033187866,""pkiRootCAOcspHttpQuery"":12.207899987697601,""pkiRootCAAssertionSign"":11.531199991703033,""pkiRootCAAssertionVerify"":9.437200009822845,""pkiOpenSslVerifyTargetCA"":9.186200022697449,""pkiTargetCAOcspHttpQuery"":12.03600001335144,""pkiTargetCAAssertionSign"":12.523599982261658,""pkiTargetCAAssertionVerify"":9.784799993038177}",0,,
1,PKI,79,cross-domain,false,true,184718.05023981436,236167.46483982904,236348.99063987835,181.52580004930496,0,181.52580004930496,0,0,4,0,"{""pkiCertTransferHttp"":5.35699999332428,""pkiCrossRelayHttp"":0,""pkiOpenSslVerifyLeaf"":9.908399999141693,""pkiLeafOcspHttpQuery"":11.821599960327148,""pkiLeafAssertionSign"":11.687099993228912,""pkiLeafAssertionVerify"":9.330099999904633,""pkiOpenSslVerifySourceCA"":8.900200009346008,""pkiSourceCAOcspHttpQuery"":12.855800032615662,""pkiSourceCAAssertionSign"":17.918500006198883,""pkiSourceCAAssertionVerify"":9.89869999885559,""pkiOpenSslVerifyRootCA"":8.844900012016296,""pkiRootCAOcspHttpQuery"":11.321799993515015,""pkiRootCAAssertionSign"":11.291400015354156,""pkiRootCAAssertionVerify"":9.443599998950958,""pkiOpenSslVerifyTargetCA"":9.336300015449524,""pkiTargetCAOcspHttpQuery"":11.677799999713898,""pkiTargetCAAssertionSign"":11.748799979686737,""pkiTargetCAAssertionVerify"":8.726000010967255}",0,,
1,PKI,80,cross-domain,false,true,187630.45013192328,239079.86473193797,239267.50493195685,187.64020001888275,0,187.64020001888275,0,0,4,0,"{""pkiCertTransferHttp"":18.58840000629425,""pkiCrossRelayHttp"":0,""pkiOpenSslVerifyLeaf"":9.529399991035461,""pkiLeafOcspHttpQuery"":12.200800001621246,""pkiLeafAssertionSign"":11.303200006484985,""pkiLeafAssertionVerify"":8.567200005054474,""pkiOpenSslVerifySourceCA"":8.80349999666214,""pkiSourceCAOcspHttpQuery"":11.674800038337708,""pkiSourceCAAssertionSign"":11.479900002479553,""pkiSourceCAAssertionVerify"":8.770299971103668,""pkiOpenSslVerifyRootCA"":8.289099991321564,""pkiRootCAOcspHttpQuery"":12.248300015926361,""pkiRootCAAssertionSign"":12.319800019264221,""pkiRootCAAssertionVerify"":8.820800006389618,""pkiOpenSslVerifyTargetCA"":9.456400036811829,""pkiTargetCAOcspHttpQuery"":12.65939998626709,""pkiTargetCAAssertionSign"":11.857100009918213,""pkiTargetCAAssertionVerify"":9.33789998292923}",0,,
1,PKI,81,cross-domain,false,true,197239.62454955938,248689.03914957406,248863.64804958465,174.60890001058578,0,174.60890001058578,0,0,4,0,"{""pkiCertTransferHttp"":5.516400039196014,""pkiCrossRelayHttp"":0,""pkiOpenSslVerifyLeaf"":8.794599950313568,""pkiLeafOcspHttpQuery"":11.947400033473969,""pkiLeafAssertionSign"":11.809900045394897,""pkiLeafAssertionVerify"":9.276199996471405,""pkiOpenSslVerifySourceCA"":8.981700003147125,""pkiSourceCAOcspHttpQuery"":12.365500032901764,""pkiSourceCAAssertionSign"":12.529199957847595,""pkiSourceCAAssertionVerify"":9.061899960041046,""pkiOpenSslVerifyRootCA"":8.954699993133545,""pkiRootCAOcspHttpQuery"":11.857299983501434,""pkiRootCAAssertionSign"":11.433899998664856,""pkiRootCAAssertionVerify"":9.11300003528595,""pkiOpenSslVerifyTargetCA"":8.446700036525726,""pkiTargetCAOcspHttpQuery"":11.743499994277954,""pkiTargetCAAssertionSign"":12.444200038909912,""pkiTargetCAAssertionVerify"":8.783300042152405}",0,,
1,PKI,82,cross-domain,false,true,197893.12291520325,249342.53751521793,249543.35101520506,200.8134999871254,0,200.8134999871254,0,0,4,0,"{""pkiCertTransferHttp"":2.878700017929077,""pkiCrossRelayHttp"":0,""pkiOpenSslVerifyLeaf"":8.85530000925064,""pkiLeafOcspHttpQuery"":12.269400000572205,""pkiLeafAssertionSign"":12.300100028514862,""pkiLeafAssertionVerify"":8.839399993419647,""pkiOpenSslVerifySourceCA"":9.16509997844696,""pkiSourceCAOcspHttpQuery"":12.383899986743927,""pkiSourceCAAssertionSign"":11.617900013923645,""pkiSourceCAAssertionVerify"":8.472599983215332,""pkiOpenSslVerifyRootCA"":8.682500004768372,""pkiRootCAOcspHttpQuery"":30.088500022888184,""pkiRootCAAssertionSign"":13.707799971103668,""pkiRootCAAssertionVerify"":11.769999980926514,""pkiOpenSslVerifyTargetCA"":12.110699951648712,""pkiTargetCAOcspHttpQuery"":14.074999988079071,""pkiTargetCAAssertionSign"":12.126800000667572,""pkiTargetCAAssertionVerify"":9.435200035572052}",0,,
1,PKI,83,cross-domain,false,true,198586.42569808682,250035.8402981015,250229.74189810475,193.9016000032425,0,193.9016000032425,0,0,4,0,"{""pkiCertTransferHttp"":3.4508000016212463,""pkiCrossRelayHttp"":0,""pkiOpenSslVerifyLeaf"":9.278999984264374,""pkiLeafOcspHttpQuery"":12.716899991035461,""pkiLeafAssertionSign"":12.184400022029877,""pkiLeafAssertionVerify"":9.170799970626831,""pkiOpenSslVerifySourceCA"":9.550400018692017,""pkiSourceCAOcspHttpQuery"":11.745299994945526,""pkiSourceCAAssertionSign"":11.108400046825409,""pkiSourceCAAssertionVerify"":8.933799982070923,""pkiOpenSslVerifyRootCA"":8.729200005531311,""pkiRootCAOcspHttpQuery"":12.101699948310852,""pkiRootCAAssertionSign"":11.526099979877472,""pkiRootCAAssertionVerify"":9.154599964618683,""pkiOpenSslVerifyTargetCA"":9.712000012397766,""pkiTargetCAOcspHttpQuery"":31.761300027370453,""pkiTargetCAAssertionSign"":11.880599975585938,""pkiTargetCAAssertionVerify"":9.31520003080368}",0,,
1,PKI,84,cross-domain,false,true,198918.16915249932,250367.583752514,250571.2970525037,203.71329998970032,0,203.71329998970032,0,0,4,0,"{""pkiCertTransferHttp"":21.520299971103668,""pkiCrossRelayHttp"":0,""pkiOpenSslVerifyLeaf"":10.654299974441528,""pkiLeafOcspHttpQuery"":12.825999975204468,""pkiLeafAssertionSign"":12.769900023937225,""pkiLeafAssertionVerify"":9.833700001239777,""pkiOpenSslVerifySourceCA"":9.578999996185303,""pkiSourceCAOcspHttpQuery"":12.301800012588501,""pkiSourceCAAssertionSign"":13.086099982261658,""pkiSourceCAAssertionVerify"":9.630499958992004,""pkiOpenSslVerifyRootCA"":9.662999987602234,""pkiRootCAOcspHttpQuery"":12.655699968338013,""pkiRootCAAssertionSign"":12.629700005054474,""pkiRootCAAssertionVerify"":9.52700001001358,""pkiOpenSslVerifyTargetCA"":9.835299968719482,""pkiTargetCAOcspHttpQuery"":13.89980000257492,""pkiTargetCAAssertionSign"":12.552000045776367,""pkiTargetCAAssertionVerify"":9.093299984931946}",0,,
1,PKI,85,cross-domain,false,true,201817.37285985026,253266.78745986495,253442.43155987535,175.64410001039505,0,175.64410001039505,0,0,4,0,"{""pkiCertTransferHttp"":2.8586999773979187,""pkiCrossRelayHttp"":0,""pkiOpenSslVerifyLeaf"":9.41399997472763,""pkiLeafOcspHttpQuery"":11.862399995326996,""pkiLeafAssertionSign"":11.759900033473969,""pkiLeafAssertionVerify"":9.247500002384186,""pkiOpenSslVerifySourceCA"":8.808499991893768,""pkiSourceCAOcspHttpQuery"":11.520299971103668,""pkiSourceCAAssertionSign"":11.96969997882843,""pkiSourceCAAssertionVerify"":9.799000024795532,""pkiOpenSslVerifyRootCA"":8.916599988937378,""pkiRootCAOcspHttpQuery"":14.27779996395111,""pkiRootCAAssertionSign"":12.304499983787537,""pkiRootCAAssertionVerify"":9.513499975204468,""pkiOpenSslVerifyTargetCA"":8.631099998950958,""pkiTargetCAOcspHttpQuery"":11.79720002412796,""pkiTargetCAAssertionSign"":12.263100028038025,""pkiTargetCAAssertionVerify"":9.1385999917984}",0,,
1,PKI,86,cross-domain,false,true,211851.21489007762,263300.6294900923,263469.78319008637,169.15369999408722,0,169.15369999408722,0,0,4,0,"{""pkiCertTransferHttp"":0.9601000547409058,""pkiCrossRelayHttp"":0,""pkiOpenSslVerifyLeaf"":9.225800037384033,""pkiLeafOcspHttpQuery"":12.73879998922348,""pkiLeafAssertionSign"":11.943899989128113,""pkiLeafAssertionVerify"":9.05349999666214,""pkiOpenSslVerifySourceCA"":8.899500012397766,""pkiSourceCAOcspHttpQuery"":11.791599988937378,""pkiSourceCAAssertionSign"":11.883599996566772,""pkiSourceCAAssertionVerify"":9.03899997472763,""pkiOpenSslVerifyRootCA"":8.261500000953674,""pkiRootCAOcspHttpQuery"":11.343800008296967,""pkiRootCAAssertionSign"":11.548799991607666,""pkiRootCAAssertionVerify"":9.837000012397766,""pkiOpenSslVerifyTargetCA"":8.63100004196167,""pkiTargetCAOcspHttpQuery"":11.933799982070923,""pkiTargetCAAssertionSign"":11.772199988365173,""pkiTargetCAAssertionVerify"":8.821699976921082}",0,,
1,PKI,87,cross-domain,false,true,212092.43501297044,263541.84961298516,263749.6042129736,207.75459998846054,0,207.75459998846054,0,0,4,0,"{""pkiCertTransferHttp"":32.81209999322891,""pkiCrossRelayHttp"":0,""pkiOpenSslVerifyLeaf"":9.69539999961853,""pkiLeafOcspHttpQuery"":12.480599999427795,""pkiLeafAssertionSign"":11.338500022888184,""pkiLeafAssertionVerify"":9.130900025367737,""pkiOpenSslVerifySourceCA"":9.402499973773956,""pkiSourceCAOcspHttpQuery"":12.1385999917984,""pkiSourceCAAssertionSign"":11.68230003118515,""pkiSourceCAAssertionVerify"":9.271000027656555,""pkiOpenSslVerifyRootCA"":8.824599981307983,""pkiRootCAOcspHttpQuery"":16.431100010871887,""pkiRootCAAssertionSign"":11.543600022792816,""pkiRootCAAssertionVerify"":8.976199984550476,""pkiOpenSslVerifyTargetCA"":8.573899984359741,""pkiTargetCAOcspHttpQuery"":12.314099967479706,""pkiTargetCAAssertionSign"":12.210599958896637,""pkiTargetCAAssertionVerify"":9.370200037956238}",0,,
1,PKI,88,cross-domain,false,true,212165.3569423045,263614.7715423192,263822.56724233285,207.79570001363754,0,207.79570001363754,0,0,4,0,"{""pkiCertTransferHttp"":25.153400003910065,""pkiCrossRelayHttp"":0,""pkiOpenSslVerifyLeaf"":11.8260999917984,""pkiLeafOcspHttpQuery"":15.909299969673157,""pkiLeafAssertionSign"":16.32059997320175,""pkiLeafAssertionVerify"":11.11159998178482,""pkiOpenSslVerifySourceCA"":9.224299967288971,""pkiSourceCAOcspHttpQuery"":11.915300011634827,""pkiSourceCAAssertionSign"":11.927899956703186,""pkiSourceCAAssertionVerify"":8.975800037384033,""pkiOpenSslVerifyRootCA"":8.739000022411346,""pkiRootCAOcspHttpQuery"":12.84060001373291,""pkiRootCAAssertionSign"":11.815899968147278,""pkiRootCAAssertionVerify"":9.02350002527237,""pkiOpenSslVerifyTargetCA"":9.334299981594086,""pkiTargetCAOcspHttpQuery"":11.91210001707077,""pkiTargetCAAssertionSign"":11.323799967765808,""pkiTargetCAAssertionVerify"":8.83650004863739}",0,,
1,PKI,89,cross-domain,false,true,213345.70110598236,264795.11570599704,264970.09710601,174.98140001296997,0,174.98140001296997,0,0,4,0,"{""pkiCertTransferHttp"":3.6384000182151794,""pkiCrossRelayHttp"":0,""pkiOpenSslVerifyLeaf"":8.488699972629547,""pkiLeafOcspHttpQuery"":11.428399980068207,""pkiLeafAssertionSign"":11.85539996623993,""pkiLeafAssertionVerify"":8.872600018978119,""pkiOpenSslVerifySourceCA"":8.517199993133545,""pkiSourceCAOcspHttpQuery"":11.721499979496002,""pkiSourceCAAssertionSign"":11.792900025844574,""pkiSourceCAAssertionVerify"":9.948900043964386,""pkiOpenSslVerifyRootCA"":9.038300037384033,""pkiRootCAOcspHttpQuery"":12.258199989795685,""pkiRootCAAssertionSign"":11.83730000257492,""pkiRootCAAssertionVerify"":9.156599998474121,""pkiOpenSslVerifyTargetCA"":9.466600000858307,""pkiTargetCAOcspHttpQuery"":12.612299978733063,""pkiTargetCAAssertionSign"":13.012400031089783,""pkiTargetCAAssertionVerify"":9.762799978256226}",0,,
1,PKI,90,cross-domain,false,true,216156.06383216503,267605.4784321797,267784.917232157,179.43879997730255,0,179.43879997730255,0,0,4,0,"{""pkiCertTransferHttp"":1.3065000176429749,""pkiCrossRelayHttp"":0,""pkiOpenSslVerifyLeaf"":9.809700012207031,""pkiLeafOcspHttpQuery"":12.608000040054321,""pkiLeafAssertionSign"":12.523599982261658,""pkiLeafAssertionVerify"":9.9621000289917,""pkiOpenSslVerifySourceCA"":9.973699986934662,""pkiSourceCAOcspHttpQuery"":13.128400027751923,""pkiSourceCAAssertionSign"":13.50490003824234,""pkiSourceCAAssertionVerify"":10.020300030708313,""pkiOpenSslVerifyRootCA"":9.037199974060059,""pkiRootCAOcspHttpQuery"":12.69269996881485,""pkiRootCAAssertionSign"":11.831499993801117,""pkiRootCAAssertionVerify"":9.144199967384338,""pkiOpenSslVerifyTargetCA"":8.943899989128113,""pkiTargetCAOcspHttpQuery"":11.964900016784668,""pkiTargetCAAssertionSign"":12.208700001239777,""pkiTargetCAAssertionVerify"":9.174499988555908}",0,,
1,PKI,91,cross-domain,false,true,217842.57979387228,269291.994393887,269461.24429393,169.2499000430107,0,169.2499000430107,0,0,4,0,"{""pkiCertTransferHttp"":2.3675999641418457,""pkiCrossRelayHttp"":0,""pkiOpenSslVerifyLeaf"":8.779600024223328,""pkiLeafOcspHttpQuery"":11.472599983215332,""pkiLeafAssertionSign"":11.635299980640411,""pkiLeafAssertionVerify"":9.785300016403198,""pkiOpenSslVerifySourceCA"":9.131200015544891,""pkiSourceCAOcspHttpQuery"":12.057299971580505,""pkiSourceCAAssertionSign"":11.345200002193451,""pkiSourceCAAssertionVerify"":8.752799987792969,""pkiOpenSslVerifyRootCA"":8.459999978542328,""pkiRootCAOcspHttpQuery"":11.092299997806549,""pkiRootCAAssertionSign"":11.775699973106384,""pkiRootCAAssertionVerify"":9.603200018405914,""pkiOpenSslVerifyTargetCA"":8.713900029659271,""pkiTargetCAOcspHttpQuery"":11.85149997472763,""pkiTargetCAAssertionSign"":11.738099992275238,""pkiTargetCAAssertionVerify"":8.979499995708466}",0,,
1,PKI,92,cross-domain,false,true,222740.5546153989,274189.96921541356,274373.85901536606,183.88979995250702,0,183.88979995250702,0,0,4,0,"{""pkiCertTransferHttp"":17.856700003147125,""pkiCrossRelayHttp"":0,""pkiOpenSslVerifyLeaf"":9.603599965572357,""pkiLeafOcspHttpQuery"":11.677600026130676,""pkiLeafAssertionSign"":11.559499979019165,""pkiLeafAssertionVerify"":8.786400020122528,""pkiOpenSslVerifySourceCA"":8.418600022792816,""pkiSourceCAOcspHttpQuery"":12.039799988269806,""pkiSourceCAAssertionSign"":11.354499995708466,""pkiSourceCAAssertionVerify"":8.71260005235672,""pkiOpenSslVerifyRootCA"":9.191499948501587,""pkiRootCAOcspHttpQuery"":11.60369998216629,""pkiRootCAAssertionSign"":11.374500036239624,""pkiRootCAAssertionVerify"":8.895599961280823,""pkiOpenSslVerifyTargetCA"":8.473300039768219,""pkiTargetCAOcspHttpQuery"":11.940899968147278,""pkiTargetCAAssertionSign"":12.007999956607819,""pkiTargetCAAssertionVerify"":8.896099984645844}",0,,
1,PKI,93,cross-domain,false,true,224027.00532393073,275476.41992394545,275649.5523239813,173.13240003585815,0,173.13240003585815,0,0,4,0,"{""pkiCertTransferHttp"":1.4646999835968018,""pkiCrossRelayHttp"":0,""pkiOpenSslVerifyLeaf"":8.821099996566772,""pkiLeafOcspHttpQuery"":11.502799987792969,""pkiLeafAssertionSign"":17.513700008392334,""pkiLeafAssertionVerify"":8.773900032043457,""pkiOpenSslVerifySourceCA"":8.753900051116943,""pkiSourceCAOcspHttpQuery"":11.709199965000153,""pkiSourceCAAssertionSign"":11.26469999551773,""pkiSourceCAAssertionVerify"":9.492799997329712,""pkiOpenSslVerifyRootCA"":8.439999997615814,""pkiRootCAOcspHttpQuery"":11.534000039100647,""pkiRootCAAssertionSign"":12.025099992752075,""pkiRootCAAssertionVerify"":8.98690003156662,""pkiOpenSslVerifyTargetCA"":8.862399995326996,""pkiTargetCAOcspHttpQuery"":11.369500041007996,""pkiTargetCAAssertionSign"":12.21639996767044,""pkiTargetCAAssertionVerify"":8.853399991989136}",0,,
1,PKI,94,cross-domain,false,true,224279.59976723007,275729.0143672448,275933.53936722095,204.52499997615814,0,204.52499997615814,0,0,4,0,"{""pkiCertTransferHttp"":17.63289999961853,""pkiCrossRelayHttp"":0,""pkiOpenSslVerifyLeaf"":12.138999998569489,""pkiLeafOcspHttpQuery"":15.993900001049042,""pkiLeafAssertionSign"":14.159300029277802,""pkiLeafAssertionVerify"":13.106899976730347,""pkiOpenSslVerifySourceCA"":12.072400033473969,""pkiSourceCAOcspHttpQuery"":13.673000037670135,""pkiSourceCAAssertionSign"":12.12169998884201,""pkiSourceCAAssertionVerify"":9.167200028896332,""pkiOpenSslVerifyRootCA"":8.537999987602234,""pkiRootCAOcspHttpQuery"":11.380599975585938,""pkiRootCAAssertionSign"":11.55510002374649,""pkiRootCAAssertionVerify"":9.70550000667572,""pkiOpenSslVerifyTargetCA"":8.856100022792816,""pkiTargetCAOcspHttpQuery"":11.80160003900528,""pkiTargetCAAssertionSign"":11.75220000743866,""pkiTargetCAAssertionVerify"":9.24509996175766}",0,,
1,PKI,95,cross-domain,false,true,227591.25758463223,279040.67218464694,279244.3344846376,203.662299990654,0,203.662299990654,0,0,4,0,"{""pkiCertTransferHttp"":12.83899998664856,""pkiCrossRelayHttp"":0,""pkiOpenSslVerifyLeaf"":9.491600036621094,""pkiLeafOcspHttpQuery"":12.007600009441376,""pkiLeafAssertionSign"":11.408200025558472,""pkiLeafAssertionVerify"":9.134299993515015,""pkiOpenSslVerifySourceCA"":9.5,""pkiSourceCAOcspHttpQuery"":28.96419996023178,""pkiSourceCAAssertionSign"":12.579100012779236,""pkiSourceCAAssertionVerify"":9.366699993610382,""pkiOpenSslVerifyRootCA"":8.949500024318695,""pkiRootCAOcspHttpQuery"":11.5067999958992,""pkiRootCAAssertionSign"":11.85400003194809,""pkiRootCAAssertionVerify"":9.43290001153946,""pkiOpenSslVerifyTargetCA"":9.881199955940247,""pkiTargetCAOcspHttpQuery"":12.901899993419647,""pkiTargetCAAssertionSign"":12.017800033092499,""pkiTargetCAAssertionVerify"":10.206400036811829}",0,,
1,PKI,96,cross-domain,false,true,228762.0839647518,280211.4985647665,280396.52506475314,185.02649998664856,0,185.02649998664856,0,0,4,0,"{""pkiCertTransferHttp"":10.494900047779083,""pkiCrossRelayHttp"":0,""pkiOpenSslVerifyLeaf"":9.429799973964691,""pkiLeafOcspHttpQuery"":13.414999961853027,""pkiLeafAssertionSign"":12.988900005817413,""pkiLeafAssertionVerify"":10.366499960422516,""pkiOpenSslVerifySourceCA"":9.387000024318695,""pkiSourceCAOcspHttpQuery"":12.903199970722198,""pkiSourceCAAssertionSign"":11.78549998998642,""pkiSourceCAAssertionVerify"":8.68829995393753,""pkiOpenSslVerifyRootCA"":8.70739996433258,""pkiRootCAOcspHttpQuery"":11.728500008583069,""pkiRootCAAssertionSign"":11.341499984264374,""pkiRootCAAssertionVerify"":8.980099976062775,""pkiOpenSslVerifyTargetCA"":9.581399977207184,""pkiTargetCAOcspHttpQuery"":12.102200031280518,""pkiTargetCAAssertionSign"":12.110899984836578,""pkiTargetCAAssertionVerify"":9.310999989509583}",0,,
1,PKI,97,cross-domain,false,true,233327.58806980206,284777.0026698167,284948.65726984094,171.65460002422333,0,171.65460002422333,0,0,4,0,"{""pkiCertTransferHttp"":3.2550999522209167,""pkiCrossRelayHttp"":0,""pkiOpenSslVerifyLeaf"":9.519400000572205,""pkiLeafOcspHttpQuery"":11.832899987697601,""pkiLeafAssertionSign"":11.535300016403198,""pkiLeafAssertionVerify"":8.560999989509583,""pkiOpenSslVerifySourceCA"":9.220899999141693,""pkiSourceCAOcspHttpQuery"":12.133800029754639,""pkiSourceCAAssertionSign"":11.687900006771088,""pkiSourceCAAssertionVerify"":8.59740000963211,""pkiOpenSslVerifyRootCA"":9.120800018310547,""pkiRootCAOcspHttpQuery"":12.148599982261658,""pkiRootCAAssertionSign"":11.659499943256378,""pkiRootCAAssertionVerify"":8.861299991607666,""pkiOpenSslVerifyTargetCA"":8.66210001707077,""pkiTargetCAOcspHttpQuery"":11.896400034427643,""pkiTargetCAAssertionSign"":12.189300000667572,""pkiTargetCAAssertionVerify"":9.215999960899353}",0,,
1,PKI,98,cross-domain,false,true,237084.07494510137,288533.4895451161,288721.4769451114,187.987399995327,0,187.987399995327,0,0,4,0,"{""pkiCertTransferHttp"":14.942600011825562,""pkiCrossRelayHttp"":0,""pkiOpenSslVerifyLeaf"":8.973300039768219,""pkiLeafOcspHttpQuery"":12.254299998283386,""pkiLeafAssertionSign"":11.898099958896637,""pkiLeafAssertionVerify"":8.855000019073486,""pkiOpenSslVerifySourceCA"":8.712299942970276,""pkiSourceCAOcspHttpQuery"":11.816399991512299,""pkiSourceCAAssertionSign"":12.4442999958992,""pkiSourceCAAssertionVerify"":9.561199963092804,""pkiOpenSslVerifyRootCA"":8.990700006484985,""pkiRootCAOcspHttpQuery"":14.932799994945526,""pkiRootCAAssertionSign"":11.564300000667572,""pkiRootCAAssertionVerify"":8.961499989032745,""pkiOpenSslVerifyTargetCA"":9.242900013923645,""pkiTargetCAOcspHttpQuery"":12.11030000448227,""pkiTargetCAAssertionSign"":11.844399988651276,""pkiTargetCAAssertionVerify"":9.392199993133545}",0,,
1,PKI,99,cross-domain,false,true,239150.28945419216,290599.70405420684,290770.8346541824,171.13059997558594,0,171.13059997558594,0,0,4,0,"{""pkiCertTransferHttp"":0.9613999724388123,""pkiCrossRelayHttp"":0,""pkiOpenSslVerifyLeaf"":8.685599982738495,""pkiLeafOcspHttpQuery"":11.403199970722198,""pkiLeafAssertionSign"":11.642199993133545,""pkiLeafAssertionVerify"":8.749599993228912,""pkiOpenSslVerifySourceCA"":9.14190000295639,""pkiSourceCAOcspHttpQuery"":11.517100036144257,""pkiSourceCAAssertionSign"":11.557099997997284,""pkiSourceCAAssertionVerify"":8.89359998703003,""pkiOpenSslVerifyRootCA"":8.537400007247925,""pkiRootCAOcspHttpQuery"":11.788100004196167,""pkiRootCAAssertionSign"":12.062099993228912,""pkiRootCAAssertionVerify"":9.19240003824234,""pkiOpenSslVerifyTargetCA"":9.729099988937378,""pkiTargetCAOcspHttpQuery"":11.530099987983704,""pkiTargetCAAssertionSign"":13.290600001811981,""pkiTargetCAAssertionVerify"":10.870500028133392}",0,,
1,PKI,100,cross-domain,false,true,239468.91521756953,290918.32981758425,291124.6592175872,206.3294000029564,0,206.3294000029564,0,0,4,0,"{""pkiCertTransferHttp"":5.605499982833862,""pkiCrossRelayHttp"":0,""pkiOpenSslVerifyLeaf"":11.444199979305267,""pkiLeafOcspHttpQuery"":15.99949997663498,""pkiLeafAssertionSign"":14.20470005273819,""pkiLeafAssertionVerify"":9.312399983406067,""pkiOpenSslVerifySourceCA"":9.276600003242493,""pkiSourceCAOcspHttpQuery"":12.297300040721893,""pkiSourceCAAssertionSign"":12.3057000041008,""pkiSourceCAAssertionVerify"":9.044699966907501,""pkiOpenSslVerifyRootCA"":8.409499943256378,""pkiRootCAOcspHttpQuery"":11.23030000925064,""pkiRootCAAssertionSign"":11.343200027942657,""pkiRootCAAssertionVerify"":8.721599996089935,""pkiOpenSslVerifyTargetCA"":8.414000034332275,""pkiTargetCAOcspHttpQuery"":35.396000027656555,""pkiTargetCAAssertionSign"":12.540500044822693,""pkiTargetCAAssertionVerify"":9.195699989795685}",0,,
1,PKI,101,cross-domain,false,true,242539.46094166322,293988.87554167793,294197.12234168337,208.24680000543594,0,208.24680000543594,0,0,4,0,"{""pkiCertTransferHttp"":20.536300003528595,""pkiCrossRelayHttp"":0,""pkiOpenSslVerifyLeaf"":9.549999952316284,""pkiLeafOcspHttpQuery"":12.68970000743866,""pkiLeafAssertionSign"":12.572499990463257,""pkiLeafAssertionVerify"":9.515100002288818,""pkiOpenSslVerifySourceCA"":8.973399996757507,""pkiSourceCAOcspHttpQuery"":12.241200029850006,""pkiSourceCAAssertionSign"":13.374000012874603,""pkiSourceCAAssertionVerify"":9.64869999885559,""pkiOpenSslVerifyRootCA"":9.828000009059906,""pkiRootCAOcspHttpQuery"":12.868400037288666,""pkiRootCAAssertionSign"":18.49119997024536,""pkiRootCAAssertionVerify"":9.978700041770935,""pkiOpenSslVerifyTargetCA"":10.153400003910065,""pkiTargetCAOcspHttpQuery"":13.452099978923798,""pkiTargetCAAssertionSign"":12.529100000858307,""pkiTargetCAAssertionVerify"":10.201000034809113}",0,,
1,PKI,102,cross-domain,false,true,247531.4225614662,298980.8371614809,299157.2314615245,176.39430004358292,0,176.39430004358292,0,0,4,0,"{""pkiCertTransferHttp"":4.37090003490448,""pkiCrossRelayHttp"":0,""pkiOpenSslVerifyLeaf"":10.677300035953522,""pkiLeafOcspHttpQuery"":12.580600023269653,""pkiLeafAssertionSign"":12.252499997615814,""pkiLeafAssertionVerify"":9.267199993133545,""pkiOpenSslVerifySourceCA"":8.415100038051605,""pkiSourceCAOcspHttpQuery"":11.586300015449524,""pkiSourceCAAssertionSign"":11.698200047016144,""pkiSourceCAAssertionVerify"":8.46119999885559,""pkiOpenSslVerifyRootCA"":9.000800013542175,""pkiRootCAOcspHttpQuery"":11.381699979305267,""pkiRootCAAssertionSign"":11.701700031757355,""pkiRootCAAssertionVerify"":10.096000015735626,""pkiOpenSslVerifyTargetCA"":9.67059999704361,""pkiTargetCAOcspHttpQuery"":12.143100023269653,""pkiTargetCAAssertionSign"":12.47189998626709,""pkiTargetCAAssertionVerify"":9.039200007915497}",0,,
1,PKI,103,cross-domain,false,true,251034.5072376249,302483.9218376396,302699.714837682,215.7930000424385,0,215.7930000424385,0,0,4,0,"{""pkiCertTransferHttp"":5.657299995422363,""pkiCrossRelayHttp"":0,""pkiOpenSslVerifyLeaf"":9.046999990940094,""pkiLeafOcspHttpQuery"":12.205099999904633,""pkiLeafAssertionSign"":12.499799966812134,""pkiLeafAssertionVerify"":9.63969999551773,""pkiOpenSslVerifySourceCA"":14.03279995918274,""pkiSourceCAOcspHttpQuery"":13.630899965763092,""pkiSourceCAAssertionSign"":14.785899996757507,""pkiSourceCAAssertionVerify"":12.431099951267242,""pkiOpenSslVerifyRootCA"":10.64190000295639,""pkiRootCAOcspHttpQuery"":33.995899975299835,""pkiRootCAAssertionSign"":12.842900037765503,""pkiRootCAAssertionVerify"":9.408999979496002,""pkiOpenSslVerifyTargetCA"":8.689400017261505,""pkiTargetCAOcspHttpQuery"":14.156899988651276,""pkiTargetCAAssertionSign"":11.785600006580353,""pkiTargetCAAssertionVerify"":8.805099964141846}",0,,
1,PKI,104,cross-domain,false,true,254522.36648838746,305971.78108840215,306165.5972884201,193.81620001792908,0,193.81620001792908,0,0,4,0,"{""pkiCertTransferHttp"":22.43639999628067,""pkiCrossRelayHttp"":0,""pkiOpenSslVerifyLeaf"":9.658699989318848,""pkiLeafOcspHttpQuery"":12.193700015544891,""pkiLeafAssertionSign"":11.345899999141693,""pkiLeafAssertionVerify"":8.728200018405914,""pkiOpenSslVerifySourceCA"":9.132499992847443,""pkiSourceCAOcspHttpQuery"":11.584399998188019,""pkiSourceCAAssertionSign"":11.293600022792816,""pkiSourceCAAssertionVerify"":9.12040001153946,""pkiOpenSslVerifyRootCA"":8.740199983119965,""pkiRootCAOcspHttpQuery"":11.921800017356873,""pkiRootCAAssertionSign"":12.044500052928925,""pkiRootCAAssertionVerify"":9.809000015258789,""pkiOpenSslVerifyTargetCA"":9.044399976730347,""pkiTargetCAOcspHttpQuery"":13.187999963760376,""pkiTargetCAAssertionSign"":12.721199989318848,""pkiTargetCAAssertionVerify"":9.309600055217743}",0,,
1,PKI,105,cross-domain,false,true,254643.47587568828,306092.89047570294,306276.73137570685,183.84090000391006,0,183.84090000391006,0,0,4,0,"{""pkiCertTransferHttp"":1.4142999649047852,""pkiCrossRelayHttp"":0,""pkiOpenSslVerifyLeaf"":9.828499972820282,""pkiLeafOcspHttpQuery"":14.02350002527237,""pkiLeafAssertionSign"":12.780499994754791,""pkiLeafAssertionVerify"":9.491100013256073,""pkiOpenSslVerifySourceCA"":9.358200013637543,""pkiSourceCAOcspHttpQuery"":12.465300023555756,""pkiSourceCAAssertionSign"":13.696999967098236,""pkiSourceCAAssertionVerify"":10.467100024223328,""pkiOpenSslVerifyRootCA"":9.456199944019318,""pkiRootCAOcspHttpQuery"":12.27539998292923,""pkiRootCAAssertionSign"":11.695300042629242,""pkiRootCAAssertionVerify"":11.3192999958992,""pkiOpenSslVerifyTargetCA"":9.70329999923706,""pkiTargetCAOcspHttpQuery"":13.141799986362457,""pkiTargetCAAssertionSign"":12.260399997234344,""pkiTargetCAAssertionVerify"":8.819499969482422}",0,,
1,PKI,106,cross-domain,false,true,259165.50847763728,310614.923077652,310800.8547776432,185.9316999912262,0,185.9316999912262,0,0,4,0,"{""pkiCertTransferHttp"":16.7771999835968,""pkiCrossRelayHttp"":0,""pkiOpenSslVerifyLeaf"":9.343500018119812,""pkiLeafOcspHttpQuery"":11.660899996757507,""pkiLeafAssertionSign"":11.589300036430359,""pkiLeafAssertionVerify"":9.041400015354156,""pkiOpenSslVerifySourceCA"":9.054300010204315,""pkiSourceCAOcspHttpQuery"":11.93970000743866,""pkiSourceCAAssertionSign"":11.35019999742508,""pkiSourceCAAssertionVerify"":9.410300016403198,""pkiOpenSslVerifyRootCA"":9.18230003118515,""pkiRootCAOcspHttpQuery"":11.64079999923706,""pkiRootCAAssertionSign"":11.639400005340576,""pkiRootCAAssertionVerify"":9.608299970626831,""pkiOpenSslVerifyTargetCA"":8.644800007343292,""pkiTargetCAOcspHttpQuery"":12.55189996957779,""pkiTargetCAAssertionSign"":12.066500008106232,""pkiTargetCAAssertionVerify"":8.956900000572205}",0,,
1,PKI,107,cross-domain,false,true,259491.00235461714,310940.4169546318,311112.18135463714,171.76440000534058,0,171.76440000534058,0,0,4,0,"{""pkiCertTransferHttp"":2.2133999466896057,""pkiCrossRelayHttp"":0,""pkiOpenSslVerifyLeaf"":8.843199968338013,""pkiLeafOcspHttpQuery"":11.931899964809418,""pkiLeafAssertionSign"":12.239300012588501,""pkiLeafAssertionVerify"":9.262999951839447,""pkiOpenSslVerifySourceCA"":9.046800017356873,""pkiSourceCAOcspHttpQuery"":11.92110002040863,""pkiSourceCAAssertionSign"":11.897599995136261,""pkiSourceCAAssertionVerify"":9.232800006866455,""pkiOpenSslVerifyRootCA"":8.784200012683868,""pkiRootCAOcspHttpQuery"":11.75459998846054,""pkiRootCAAssertionSign"":11.775599956512451,""pkiRootCAAssertionVerify"":8.618499994277954,""pkiOpenSslVerifyTargetCA"":9.25220000743866,""pkiTargetCAOcspHttpQuery"":12.136299967765808,""pkiTargetCAAssertionSign"":12.184400022029877,""pkiTargetCAAssertionVerify"":9.181699991226196}",0,,
1,PKI,108,cross-domain,false,true,262620.3950671267,314069.8096671414,314257.21656713006,187.40689998865128,0,187.40689998865128,0,0,4,0,"{""pkiCertTransferHttp"":13.996900022029877,""pkiCrossRelayHttp"":0,""pkiOpenSslVerifyLeaf"":9.368900001049042,""pkiLeafOcspHttpQuery"":12.451000034809113,""pkiLeafAssertionSign"":11.646899998188019,""pkiLeafAssertionVerify"":8.737500011920929,""pkiOpenSslVerifySourceCA"":8.617399990558624,""pkiSourceCAOcspHttpQuery"":12.184300005435944,""pkiSourceCAAssertionSign"":11.83899998664856,""pkiSourceCAAssertionVerify"":10.946599960327148,""pkiOpenSslVerifyRootCA"":9.934700012207031,""pkiRootCAOcspHttpQuery"":12.336099982261658,""pkiRootCAAssertionSign"":11.671099960803986,""pkiRootCAAssertionVerify"":9.161899983882904,""pkiOpenSslVerifyTargetCA"":10.528800010681152,""pkiTargetCAOcspHttpQuery"":11.957499980926514,""pkiTargetCAAssertionSign"":11.434099972248077,""pkiTargetCAAssertionVerify"":9.045900046825409}",0,,
1,PKI,109,cross-domain,false,true,263340.8462438895,314790.26084390417,314973.9678438617,183.7069999575615,0,183.7069999575615,0,0,4,0,"{""pkiCertTransferHttp"":11.834299981594086,""pkiCrossRelayHttp"":0,""pkiOpenSslVerifyLeaf"":9.486699998378754,""pkiLeafOcspHttpQuery"":12.194400012493134,""pkiLeafAssertionSign"":11.46119999885559,""pkiLeafAssertionVerify"":8.580900013446808,""pkiOpenSslVerifySourceCA"":8.563800036907196,""pkiSourceCAOcspHttpQuery"":15.3192999958992,""pkiSourceCAAssertionSign"":12.11710000038147,""pkiSourceCAAssertionVerify"":9.35099995136261,""pkiOpenSslVerifyRootCA"":9.35180002450943,""pkiRootCAOcspHttpQuery"":12.131300032138824,""pkiRootCAAssertionSign"":12.105000019073486,""pkiRootCAAssertionVerify"":9.240299999713898,""pkiOpenSslVerifyTargetCA"":8.90800005197525,""pkiTargetCAOcspHttpQuery"":11.374700009822845,""pkiTargetCAAssertionSign"":11.187299966812134,""pkiTargetCAAssertionVerify"":8.901999950408936}",0,,
1,PKI,110,cross-domain,false,true,263701.6417676251,315151.0563676398,315321.7083676498,170.65200001001358,0,170.65200001001358,0,0,4,0,"{""pkiCertTransferHttp"":0.9438000321388245,""pkiCrossRelayHttp"":0,""pkiOpenSslVerifyLeaf"":8.613100051879883,""pkiLeafOcspHttpQuery"":11.624099969863892,""pkiLeafAssertionSign"":12.15259999036789,""pkiLeafAssertionVerify"":9.465300023555756,""pkiOpenSslVerifySourceCA"":8.842400014400482,""pkiSourceCAOcspHttpQuery"":11.936500012874603,""pkiSourceCAAssertionSign"":12.116400003433228,""pkiSourceCAAssertionVerify"":8.779699981212616,""pkiOpenSslVerifyRootCA"":8.885399997234344,""pkiRootCAOcspHttpQuery"":11.72979998588562,""pkiRootCAAssertionSign"":11.726400017738342,""pkiRootCAAssertionVerify"":9.254299998283386,""pkiOpenSslVerifyTargetCA"":9.156100034713745,""pkiTargetCAOcspHttpQuery"":11.925700008869171,""pkiTargetCAAssertionSign"":12.60970002412796,""pkiTargetCAAssertionVerify"":9.20990002155304}",0,,
1,PKI,111,cross-domain,false,true,269826.9748582527,321276.38945826737,321447.20085826365,170.81139999628067,0,170.81139999628067,0,0,4,0,"{""pkiCertTransferHttp"":3.7862000465393066,""pkiCrossRelayHttp"":0,""pkiOpenSslVerifyLeaf"":8.98499995470047,""pkiLeafOcspHttpQuery"":12.262099981307983,""pkiLeafAssertionSign"":11.7882000207901,""pkiLeafAssertionVerify"":9.224699974060059,""pkiOpenSslVerifySourceCA"":9.186500012874603,""pkiSourceCAOcspHttpQuery"":12.097599983215332,""pkiSourceCAAssertionSign"":12.051699995994568,""pkiSourceCAAssertionVerify"":8.727899968624115,""pkiOpenSslVerifyRootCA"":8.423099994659424,""pkiRootCAOcspHttpQuery"":11.564799964427948,""pkiRootCAAssertionSign"":11.826700031757355,""pkiRootCAAssertionVerify"":9.082000017166138,""pkiOpenSslVerifyTargetCA"":8.637400031089783,""pkiTargetCAOcspHttpQuery"":11.270500004291534,""pkiTargetCAAssertionSign"":11.516299962997437,""pkiTargetCAAssertionVerify"":8.876399993896484}",0,,
1,PKI,112,cross-domain,false,true,270509.29674161156,321958.71134162624,322134.43964160164,175.7282999753952,0,175.7282999753952,0,0,4,0,"{""pkiCertTransferHttp"":5.126900017261505,""pkiCrossRelayHttp"":0,""pkiOpenSslVerifyLeaf"":9.41729998588562,""pkiLeafOcspHttpQuery"":12.14359998703003,""pkiLeafAssertionSign"":11.263799965381622,""pkiLeafAssertionVerify"":8.93120002746582,""pkiOpenSslVerifySourceCA"":9.073300004005432,""pkiSourceCAOcspHttpQuery"":12.332799971103668,""pkiSourceCAAssertionSign"":11.719500005245209,""pkiSourceCAAssertionVerify"":9.281300008296967,""pkiOpenSslVerifyRootCA"":8.90259999036789,""pkiRootCAOcspHttpQuery"":12.173099994659424,""pkiRootCAAssertionSign"":11.934399962425232,""pkiRootCAAssertionVerify"":9.258400022983551,""pkiOpenSslVerifyTargetCA"":9.168599963188171,""pkiTargetCAOcspHttpQuery"":11.813199996948242,""pkiTargetCAAssertionSign"":12.30299997329712,""pkiTargetCAAssertionVerify"":9.244999945163727}",0,,
1,PKI,113,cross-domain,false,true,271657.53326322295,323106.94786323764,323314.0814632342,207.13359999656677,0,207.13359999656677,0,0,4,0,"{""pkiCertTransferHttp"":20.27400004863739,""pkiCrossRelayHttp"":0,""pkiOpenSslVerifyLeaf"":10.085200011730194,""pkiLeafOcspHttpQuery"":12.0939000248909,""pkiLeafAssertionSign"":11.256900012493134,""pkiLeafAssertionVerify"":8.941399991512299,""pkiOpenSslVerifySourceCA"":8.98769998550415,""pkiSourceCAOcspHttpQuery"":29.703500032424927,""pkiSourceCAAssertionSign"":11.669900000095367,""pkiSourceCAAssertionVerify"":9.065199971199036,""pkiOpenSslVerifyRootCA"":8.78470003604889,""pkiRootCAOcspHttpQuery"":11.5310999751091,""pkiRootCAAssertionSign"":12.291399955749512,""pkiRootCAAssertionVerify"":9.201200008392334,""pkiOpenSslVerifyTargetCA"":8.808899998664856,""pkiTargetCAOcspHttpQuery"":12.030399978160858,""pkiTargetCAAssertionSign"":11.842999994754791,""pkiTargetCAAssertionVerify"":8.656000018119812}",0,,
1,PKI,114,cross-domain,false,true,272507.9357505672,323957.35035058187,324143.4085505836,186.0582000017166,0,186.0582000017166,0,0,4,0,"{""pkiCertTransferHttp"":15.14000004529953,""pkiCrossRelayHttp"":0,""pkiOpenSslVerifyLeaf"":9.501699984073639,""pkiLeafOcspHttpQuery"":11.637600004673004,""pkiLeafAssertionSign"":11.238699972629547,""pkiLeafAssertionVerify"":9.581999957561493,""pkiOpenSslVerifySourceCA"":8.99179995059967,""pkiSourceCAOcspHttpQuery"":12.07209998369217,""pkiSourceCAAssertionSign"":12.0314000248909,""pkiSourceCAAssertionVerify"":10.002499997615814,""pkiOpenSslVerifyRootCA"":8.916800022125244,""pkiRootCAOcspHttpQuery"":11.842500030994415,""pkiRootCAAssertionSign"":11.372700035572052,""pkiRootCAAssertionVerify"":9.457699954509735,""pkiOpenSslVerifyTargetCA"":8.871600031852722,""pkiTargetCAOcspHttpQuery"":11.85130000114441,""pkiTargetCAAssertionSign"":11.989700019359589,""pkiTargetCAAssertionVerify"":10.057099997997284}",0,,
1,PKI,115,cross-domain,false,true,272669.49815984676,324118.91275986144,324300.0749598355,181.16219997406006,0,181.16219997406006,0,0,4,0,"{""pkiCertTransferHttp"":13.264899969100952,""pkiCrossRelayHttp"":0,""pkiOpenSslVerifyLeaf"":9.03219997882843,""pkiLeafOcspHttpQuery"":11.732999980449677,""pkiLeafAssertionSign"":11.74559998512268,""pkiLeafAssertionVerify"":8.781300008296967,""pkiOpenSslVerifySourceCA"":8.71230000257492,""pkiSourceCAOcspHttpQuery"":11.316799998283386,""pkiSourceCAAssertionSign"":11.249100029468536,""pkiSourceCAAssertionVerify"":9.206000030040741,""pkiOpenSslVerifyRootCA"":9.006399989128113,""pkiRootCAOcspHttpQuery"":11.70360004901886,""pkiRootCAAssertionSign"":11.610199987888336,""pkiRootCAAssertionVerify"":9.25409996509552,""pkiOpenSslVerifyTargetCA"":8.422599971294403,""pkiTargetCAOcspHttpQuery"":12.368499994277954,""pkiTargetCAAssertionSign"":12.372199952602386,""pkiTargetCAAssertionVerify"":9.761600017547607}",0,,
1,PKI,116,cross-domain,false,true,273301.22192397853,324750.6365239932,324937.0266239955,186.39010000228882,0,186.39010000228882,0,0,4,0,"{""pkiCertTransferHttp"":16.00519996881485,""pkiCrossRelayHttp"":0,""pkiOpenSslVerifyLeaf"":9.943599998950958,""pkiLeafOcspHttpQuery"":12.429099977016449,""pkiLeafAssertionSign"":11.446600019931793,""pkiLeafAssertionVerify"":8.789600014686584,""pkiOpenSslVerifySourceCA"":9.3957000374794,""pkiSourceCAOcspHttpQuery"":12.4307000041008,""pkiSourceCAAssertionSign"":11.680299997329712,""pkiSourceCAAssertionVerify"":9.440599977970123,""pkiOpenSslVerifyRootCA"":8.832299947738647,""pkiRootCAOcspHttpQuery"":11.628600001335144,""pkiRootCAAssertionSign"":11.285099983215332,""pkiRootCAAssertionVerify"":9.11300003528595,""pkiOpenSslVerifyTargetCA"":8.947300016880035,""pkiTargetCAOcspHttpQuery"":11.950500011444092,""pkiTargetCAAssertionSign"":12.584800004959106,""pkiTargetCAAssertionVerify"":8.949699997901917}",0,,
1,PKI,117,cross-domain,false,true,273490.6279616601,324940.0425616748,325114.15026166505,174.10769999027252,0,174.10769999027252,0,0,4,0,"{""pkiCertTransferHttp"":2.1710000038146973,""pkiCrossRelayHttp"":0,""pkiOpenSslVerifyLeaf"":9.174600005149841,""pkiLeafOcspHttpQuery"":13.015599966049194,""pkiLeafAssertionSign"":12.138300001621246,""pkiLeafAssertionVerify"":9.316999971866608,""pkiOpenSslVerifySourceCA"":9.145599961280823,""pkiSourceCAOcspHttpQuery"":11.90880000591278,""pkiSourceCAAssertionSign"":11.53710001707077,""pkiSourceCAAssertionVerify"":9.233900010585785,""pkiOpenSslVerifyRootCA"":8.928200006484985,""pkiRootCAOcspHttpQuery"":12.017700016498566,""pkiRootCAAssertionSign"":11.955799996852875,""pkiRootCAAssertionVerify"":9.13840001821518,""pkiOpenSslVerifyTargetCA"":9.646799981594086,""pkiTargetCAOcspHttpQuery"":11.944199979305267,""pkiTargetCAAssertionSign"":12.062600016593933,""pkiTargetCAAssertionVerify"":9.338199973106384}",0,,
1,PKI,118,cross-domain,false,true,275256.51610342745,326705.93070344214,326885.9138034392,179.9830999970436,0,179.9830999970436,0,0,4,0,"{""pkiCertTransferHttp"":9.743099987506866,""pkiCrossRelayHttp"":0,""pkiOpenSslVerifyLeaf"":9.816499948501587,""pkiLeafOcspHttpQuery"":12.56029999256134,""pkiLeafAssertionSign"":12.106099963188171,""pkiLeafAssertionVerify"":9.222499966621399,""pkiOpenSslVerifySourceCA"":9.224900007247925,""pkiSourceCAOcspHttpQuery"":13.556300044059753,""pkiSourceCAAssertionSign"":12.480800032615662,""pkiSourceCAAssertionVerify"":9.54830002784729,""pkiOpenSslVerifyRootCA"":8.527700006961823,""pkiRootCAOcspHttpQuery"":11.48030000925064,""pkiRootCAAssertionSign"":11.351099967956543,""pkiRootCAAssertionVerify"":8.537000000476837,""pkiOpenSslVerifyTargetCA"":8.830099999904633,""pkiTargetCAOcspHttpQuery"":11.386299967765808,""pkiTargetCAAssertionSign"":11.30189996957779,""pkiTargetCAAssertionVerify"":8.849399983882904}",0,,
1,PKI,119,cross-domain,false,true,277359.63296325156,328809.04756326624,329011.1558632965,202.10830003023148,0,202.10830003023148,0,0,4,0,"{""pkiCertTransferHttp"":13.772599995136261,""pkiCrossRelayHttp"":0,""pkiOpenSslVerifyLeaf"":12.401400029659271,""pkiLeafOcspHttpQuery"":15.632000029087067,""pkiLeafAssertionSign"":15.311500012874603,""pkiLeafAssertionVerify"":12.323000013828278,""pkiOpenSslVerifySourceCA"":12.568599998950958,""pkiSourceCAOcspHttpQuery"":14.889800012111664,""pkiSourceCAAssertionSign"":11.581900000572205,""pkiSourceCAAssertionVerify"":9.10809999704361,""pkiOpenSslVerifyRootCA"":8.48989999294281,""pkiRootCAOcspHttpQuery"":11.373800039291382,""pkiRootCAAssertionSign"":11.506900012493134,""pkiRootCAAssertionVerify"":9.280700027942657,""pkiOpenSslVerifyTargetCA"":9.058800041675568,""pkiTargetCAOcspHttpQuery"":11.754999995231628,""pkiTargetCAAssertionSign"":12.02839994430542,""pkiTargetCAAssertionVerify"":9.361100018024445}",0,,
1,PKI,120,cross-domain,false,true,277946.6820983003,329396.096698315,329577.08529833064,180.98860001564026,0,180.98860001564026,0,0,4,0,"{""pkiCertTransferHttp"":1.3352999687194824,""pkiCrossRelayHttp"":0,""pkiOpenSslVerifyLeaf"":10.119100034236908,""pkiLeafOcspHttpQuery"":12.784199953079224,""pkiLeafAssertionSign"":12.667200028896332,""pkiLeafAssertionVerify"":12.738900005817413,""pkiOpenSslVerifySourceCA"":8.987299978733063,""pkiSourceCAOcspHttpQuery"":11.936599969863892,""pkiSourceCAAssertionSign"":12.11930000782013,""pkiSourceCAAssertionVerify"":11.165899991989136,""pkiOpenSslVerifyRootCA"":8.56170004606247,""pkiRootCAOcspHttpQuery"":12.113099992275238,""pkiRootCAAssertionSign"":11.96119999885559,""pkiRootCAAssertionVerify"":9.236500024795532,""pkiOpenSslVerifyTargetCA"":8.990500032901764,""pkiTargetCAOcspHttpQuery"":12.943700015544891,""pkiTargetCAAssertionSign"":11.912299990653992,""pkiTargetCAAssertionVerify"":9.755700051784515}",0,,
1,PKI,121,cross-domain,false,true,281027.5024685,332476.9170685147,332686.7264685367,209.80940002202988,0,209.80940002202988,0,0,4,0,"{""pkiCertTransferHttp"":14.87389999628067,""pkiCrossRelayHttp"":0,""pkiOpenSslVerifyLeaf"":9.745299994945526,""pkiLeafOcspHttpQuery"":13.682899951934814,""pkiLeafAssertionSign"":14.702100038528442,""pkiLeafAssertionVerify"":10.594799995422363,""pkiOpenSslVerifySourceCA"":9.768700003623962,""pkiSourceCAOcspHttpQuery"":12.362899959087372,""pkiSourceCAAssertionSign"":13.329199969768524,""pkiSourceCAAssertionVerify"":10.113200008869171,""pkiOpenSslVerifyRootCA"":9.181900024414062,""pkiRootCAOcspHttpQuery"":12.210999965667725,""pkiRootCAAssertionSign"":12.972600042819977,""pkiRootCAAssertionVerify"":9.58619999885559,""pkiOpenSslVerifyTargetCA"":8.67280000448227,""pkiTargetCAOcspHttpQuery"":25.462599992752075,""pkiTargetCAAssertionSign"":11.871599972248077,""pkiTargetCAAssertionVerify"":9.098599970340729}",0,,
1,PKI,122,cross-domain,false,true,285018.8314364609,336468.2460364756,336646.81983644335,178.5737999677658,0,178.5737999677658,0,0,4,0,"{""pkiCertTransferHttp"":8.576499998569489,""pkiCrossRelayHttp"":0,""pkiOpenSslVerifyLeaf"":9.282900035381317,""pkiLeafOcspHttpQuery"":12.240199983119965,""pkiLeafAssertionSign"":12.134100019931793,""pkiLeafAssertionVerify"":8.556300044059753,""pkiOpenSslVerifySourceCA"":8.45169997215271,""pkiSourceCAOcspHttpQuery"":11.43010002374649,""pkiSourceCAAssertionSign"":11.400200009346008,""pkiSourceCAAssertionVerify"":9.011400043964386,""pkiOpenSslVerifyRootCA"":9.031499981880188,""pkiRootCAOcspHttpQuery"":12.036200046539307,""pkiRootCAAssertionSign"":12.16269999742508,""pkiRootCAAssertionVerify"":9.533200025558472,""pkiOpenSslVerifyTargetCA"":9.290399968624115,""pkiTargetCAOcspHttpQuery"":11.868399977684021,""pkiTargetCAAssertionSign"":12.17170000076294,""pkiTargetCAAssertionVerify"":9.847199976444244}",0,,
1,PKI,123,cross-domain,false,true,285950.4179322512,337399.83253226586,337575.19663224526,175.36409997940063,0,175.36409997940063,0,0,4,0,"{""pkiCertTransferHttp"":1.6837999820709229,""pkiCrossRelayHttp"":0,""pkiOpenSslVerifyLeaf"":9.860900044441223,""pkiLeafOcspHttpQuery"":12.574999988079071,""pkiLeafAssertionSign"":11.739099979400635,""pkiLeafAssertionVerify"":9.324599981307983,""pkiOpenSslVerifySourceCA"":9.400600016117096,""pkiSourceCAOcspHttpQuery"":12.511099994182587,""pkiSourceCAAssertionSign"":12.043400049209595,""pkiSourceCAAssertionVerify"":9.418299973011017,""pkiOpenSslVerifyRootCA"":9.077399969100952,""pkiRootCAOcspHttpQuery"":12.640400052070618,""pkiRootCAAssertionSign"":12.596900045871735,""pkiRootCAAssertionVerify"":9.084100008010864,""pkiOpenSslVerifyTargetCA"":9.341499984264374,""pkiTargetCAOcspHttpQuery"":11.822899997234344,""pkiTargetCAAssertionSign"":11.801599979400635,""pkiTargetCAAssertionVerify"":8.8924999833107}",0,,
1,PKI,124,cross-domain,false,true,286621.45763190876,338070.87223192345,338272.51503189694,201.64279997348785,0,201.64279997348785,0,0,4,0,"{""pkiCertTransferHttp"":21.899399995803833,""pkiCrossRelayHttp"":0,""pkiOpenSslVerifyLeaf"":9.595999956130981,""pkiLeafOcspHttpQuery"":12.094300031661987,""pkiLeafAssertionSign"":12.159799993038177,""pkiLeafAssertionVerify"":8.975300014019012,""pkiOpenSslVerifySourceCA"":8.853799998760223,""pkiSourceCAOcspHttpQuery"":12.150600016117096,""pkiSourceCAAssertionSign"":11.990599989891052,""pkiSourceCAAssertionVerify"":8.78380000591278,""pkiOpenSslVerifyRootCA"":8.901400029659271,""pkiRootCAOcspHttpQuery"":11.770099997520447,""pkiRootCAAssertionSign"":11.537199974060059,""pkiRootCAAssertionVerify"":9.475300014019012,""pkiOpenSslVerifyTargetCA"":11.107800006866455,""pkiTargetCAOcspHttpQuery"":13.025099992752075,""pkiTargetCAAssertionSign"":14.870499968528748,""pkiTargetCAAssertionVerify"":12.865899980068207}",0,,
1,PKI,125,cross-domain,false,true,286691.07505325566,338140.48965327034,338341.7905533124,201.30090004205704,0,201.30090004205704,0,0,4,0,"{""pkiCertTransferHttp"":3.376200020313263,""pkiCrossRelayHttp"":0,""pkiOpenSslVerifyLeaf"":11.545100033283234,""pkiLeafOcspHttpQuery"":12.43939995765686,""pkiLeafAssertionSign"":11.869099974632263,""pkiLeafAssertionVerify"":9.26450002193451,""pkiOpenSslVerifySourceCA"":9.676699995994568,""pkiSourceCAOcspHttpQuery"":12.407000005245209,""pkiSourceCAAssertionSign"":11.627699971199036,""pkiSourceCAAssertionVerify"":8.8753000497818,""pkiOpenSslVerifyRootCA"":8.990000009536743,""pkiRootCAOcspHttpQuery"":12.726700007915497,""pkiRootCAAssertionSign"":11.972699999809265,""pkiRootCAAssertionVerify"":9.636099994182587,""pkiOpenSslVerifyTargetCA"":10.009800016880035,""pkiTargetCAOcspHttpQuery"":34.463699996471405,""pkiTargetCAAssertionSign"":12.030499994754791,""pkiTargetCAAssertionVerify"":8.82559996843338}",0,,
1,PKI,126,cross-domain,false,true,288454.0206897638,339903.4352897785,340106.0355897329,202.60029995441437,0,202.60029995441437,0,0,4,0,"{""pkiCertTransferHttp"":3.486899971961975,""pkiCrossRelayHttp"":0,""pkiOpenSslVerifyLeaf"":8.79670000076294,""pkiLeafOcspHttpQuery"":27.81049996614456,""pkiLeafAssertionSign"":12.417200028896332,""pkiLeafAssertionVerify"":9.90990000963211,""pkiOpenSslVerifySourceCA"":9.556299984455109,""pkiSourceCAOcspHttpQuery"":12.687600016593933,""pkiSourceCAAssertionSign"":12.75140005350113,""pkiSourceCAAssertionVerify"":9.869199991226196,""pkiOpenSslVerifyRootCA"":9.286400020122528,""pkiRootCAOcspHttpQuery"":14.31819999217987,""pkiRootCAAssertionSign"":15.160899996757507,""pkiRootCAAssertionVerify"":9.811200022697449,""pkiOpenSslVerifyTargetCA"":9.988399982452393,""pkiTargetCAOcspHttpQuery"":13.185699999332428,""pkiTargetCAAssertionSign"":12.408199965953827,""pkiTargetCAAssertionVerify"":9.508000016212463}",0,,
1,PKI,127,cross-domain,false,true,290058.7057236381,341508.1203236528,341698.6438236781,190.52350002527237,0,190.52350002527237,0,0,4,0,"{""pkiCertTransferHttp"":20.357699990272522,""pkiCrossRelayHttp"":0,""pkiOpenSslVerifyLeaf"":9.641099989414215,""pkiLeafOcspHttpQuery"":12.03329998254776,""pkiLeafAssertionSign"":11.771499991416931,""pkiLeafAssertionVerify"":9.54610002040863,""pkiOpenSslVerifySourceCA"":8.749799966812134,""pkiSourceCAOcspHttpQuery"":11.588299989700317,""pkiSourceCAAssertionSign"":11.947400033473969,""pkiSourceCAAssertionVerify"":9.376500010490417,""pkiOpenSslVerifyRootCA"":9.293099999427795,""pkiRootCAOcspHttpQuery"":11.947400033473969,""pkiRootCAAssertionSign"":11.69760000705719,""pkiRootCAAssertionVerify"":9.453599989414215,""pkiOpenSslVerifyTargetCA"":8.529100000858307,""pkiTargetCAOcspHttpQuery"":11.991200029850006,""pkiTargetCAAssertionSign"":11.989199995994568,""pkiTargetCAAssertionVerify"":9.069000005722046}",0,,
1,PKI,128,cross-domain,false,true,299456.1470801528,350905.5616801675,351138.62238016684,233.06069999933243,0,233.06069999933243,0,0,4,0,"{""pkiCertTransferHttp"":27.5314000248909,""pkiCrossRelayHttp"":0,""pkiOpenSslVerifyLeaf"":9.999199986457825,""pkiLeafOcspHttpQuery"":24.60019999742508,""pkiLeafAssertionSign"":11.892899990081787,""pkiLeafAssertionVerify"":9.073800027370453,""pkiOpenSslVerifySourceCA"":8.658699989318848,""pkiSourceCAOcspHttpQuery"":11.844500005245209,""pkiSourceCAAssertionSign"":11.455799996852875,""pkiSourceCAAssertionVerify"":9.170499980449677,""pkiOpenSslVerifyRootCA"":9.35019999742508,""pkiRootCAOcspHttpQuery"":36.578900039196014,""pkiRootCAAssertionSign"":11.735699951648712,""pkiRootCAAssertionVerify"":8.800999999046326,""pkiOpenSslVerifyTargetCA"":8.557699978351593,""pkiTargetCAOcspHttpQuery"":11.61760002374649,""pkiTargetCAAssertionSign"":11.590499997138977,""pkiTargetCAAssertionVerify"":9.027300000190735}",0,,
1,PKI,129,cross-domain,false,true,303982.26364171074,355431.6782417254,355630.5251417713,198.84690004587173,0,198.84690004587173,0,0,4,0,"{""pkiCertTransferHttp"":11.711099982261658,""pkiCrossRelayHttp"":0,""pkiOpenSslVerifyLeaf"":9.50900000333786,""pkiLeafOcspHttpQuery"":12.12940001487732,""pkiLeafAssertionSign"":11.72460001707077,""pkiLeafAssertionVerify"":9.126999974250793,""pkiOpenSslVerifySourceCA"":9.109899997711182,""pkiSourceCAOcspHttpQuery"":27.825200021266937,""pkiSourceCAAssertionSign"":12.146799981594086,""pkiSourceCAAssertionVerify"":9.212599992752075,""pkiOpenSslVerifyRootCA"":9.007299959659576,""pkiRootCAOcspHttpQuery"":12.389600038528442,""pkiRootCAAssertionSign"":11.976999998092651,""pkiRootCAAssertionVerify"":9.592700004577637,""pkiOpenSslVerifyTargetCA"":8.63289999961853,""pkiTargetCAOcspHttpQuery"":11.46619999408722,""pkiTargetCAAssertionSign"":12.385399997234344,""pkiTargetCAAssertionVerify"":9.309300005435944}",0,,
1,PKI,130,cross-domain,false,true,306846.9521110507,358296.3667110654,358494.97061102116,198.6038999557495,0,198.6038999557495,0,0,4,0,"{""pkiCertTransferHttp"":11.962999999523163,""pkiCrossRelayHttp"":0,""pkiOpenSslVerifyLeaf"":10.670400023460388,""pkiLeafOcspHttpQuery"":14.481599986553192,""pkiLeafAssertionSign"":14.56329995393753,""pkiLeafAssertionVerify"":12.398000001907349,""pkiOpenSslVerifySourceCA"":12.194199979305267,""pkiSourceCAOcspHttpQuery"":13.123099982738495,""pkiSourceCAAssertionSign"":12.229099988937378,""pkiSourceCAAssertionVerify"":9.14079999923706,""pkiOpenSslVerifyRootCA"":8.866100013256073,""pkiRootCAOcspHttpQuery"":12.026000022888184,""pkiRootCAAssertionSign"":12.017100036144257,""pkiRootCAAssertionVerify"":9.153400003910065,""pkiOpenSslVerifyTargetCA"":8.720400035381317,""pkiTargetCAOcspHttpQuery"":12.021499991416931,""pkiTargetCAAssertionSign"":12.376399993896484,""pkiTargetCAAssertionVerify"":11.013199985027313}",0,,
1,PKI,131,cross-domain,false,true,307203.5636295494,358652.9782295641,358830.55092958774,177.57270002365112,0,177.57270002365112,0,0,4,0,"{""pkiCertTransferHttp"":2.5968000292778015,""pkiCrossRelayHttp"":0,""pkiOpenSslVerifyLeaf"":9.414099991321564,""pkiLeafOcspHttpQuery"":12.228399991989136,""pkiLeafAssertionSign"":12.165700018405914,""pkiLeafAssertionVerify"":8.717700004577637,""pkiOpenSslVerifySourceCA"":9.130100011825562,""pkiSourceCAOcspHttpQuery"":12.021000027656555,""pkiSourceCAAssertionSign"":12.041099965572357,""pkiSourceCAAssertionVerify"":9.253100037574768,""pkiOpenSslVerifyRootCA"":8.805400013923645,""pkiRootCAOcspHttpQuery"":11.712099969387054,""pkiRootCAAssertionSign"":11.932200014591217,""pkiRootCAAssertionVerify"":9.551199972629547,""pkiOpenSslVerifyTargetCA"":9.434899985790253,""pkiTargetCAOcspHttpQuery"":13.035799980163574,""pkiTargetCAAssertionSign"":12.493600010871887,""pkiTargetCAAssertionVerify"":11.459800004959106}",0,,
1,PKI,132,cross-domain,false,true,310972.8368152689,362422.2514152836,362623.5543152999,201.30290001630783,0,201.30290001630783,0,0,4,0,"{""pkiCertTransferHttp"":10.252100050449371,""pkiCrossRelayHttp"":0,""pkiOpenSslVerifyLeaf"":10.264599978923798,""pkiLeafOcspHttpQuery"":12.39740002155304,""pkiLeafAssertionSign"":12.772199988365173,""pkiLeafAssertionVerify"":9.689000010490417,""pkiOpenSslVerifySourceCA"":9.40310001373291,""pkiSourceCAOcspHttpQuery"":12.828700006008148,""pkiSourceCAAssertionSign"":12.158199965953827,""pkiSourceCAAssertionVerify"":10.562299966812134,""pkiOpenSslVerifyRootCA"":8.756200015544891,""pkiRootCAOcspHttpQuery"":12.21019995212555,""pkiRootCAAssertionSign"":11.773100018501282,""pkiRootCAAssertionVerify"":8.956100046634674,""pkiOpenSslVerifyTargetCA"":8.816799998283386,""pkiTargetCAOcspHttpQuery"":28.324199974536896,""pkiTargetCAAssertionSign"":11.786800026893616,""pkiTargetCAAssertionVerify"":8.809800028800964}",0,,
1,PKI,133,cross-domain,false,true,311758.37586937466,363207.79046938935,363401.0387694053,193.24830001592636,0,193.24830001592636,0,0,4,0,"{""pkiCertTransferHttp"":3.8998000025749207,""pkiCrossRelayHttp"":0,""pkiOpenSslVerifyLeaf"":9.014599978923798,""pkiLeafOcspHttpQuery"":11.387000024318695,""pkiLeafAssertionSign"":12.029300034046173,""pkiLeafAssertionVerify"":9.248499989509583,""pkiOpenSslVerifySourceCA"":8.635299980640411,""pkiSourceCAOcspHttpQuery"":33.151199996471405,""pkiSourceCAAssertionSign"":12.470700025558472,""pkiSourceCAAssertionVerify"":8.924499988555908,""pkiOpenSslVerifyRootCA"":8.803699970245361,""pkiRootCAOcspHttpQuery"":12.208100020885468,""pkiRootCAAssertionSign"":11.779600024223328,""pkiRootCAAssertionVerify"":8.71509999036789,""pkiOpenSslVerifyTargetCA"":8.72680002450943,""pkiTargetCAOcspHttpQuery"":11.376999974250793,""pkiTargetCAAssertionSign"":12.160099983215332,""pkiTargetCAAssertionVerify"":9.220499992370605}",0,,
1,PKI,134,cross-domain,false,true,311908.2181604199,363357.6327604346,363558.5521604113,200.91939997673035,0,200.91939997673035,0,0,4,0,"{""pkiCertTransferHttp"":13.598299980163574,""pkiCrossRelayHttp"":0,""pkiOpenSslVerifyLeaf"":9.287000000476837,""pkiLeafOcspHttpQuery"":11.684599995613098,""pkiLeafAssertionSign"":11.818300008773804,""pkiLeafAssertionVerify"":8.682799994945526,""pkiOpenSslVerifySourceCA"":8.412599980831146,""pkiSourceCAOcspHttpQuery"":31.00900000333786,""pkiSourceCAAssertionSign"":12.013500034809113,""pkiSourceCAAssertionVerify"":9.564199984073639,""pkiOpenSslVerifyRootCA"":8.910199999809265,""pkiRootCAOcspHttpQuery"":11.769999980926514,""pkiRootCAAssertionSign"":11.629399955272675,""pkiRootCAAssertionVerify"":9.091099977493286,""pkiOpenSslVerifyTargetCA"":8.537400007247925,""pkiTargetCAOcspHttpQuery"":11.901400029659271,""pkiTargetCAAssertionSign"":12.029900014400482,""pkiTargetCAAssertionVerify"":9.36130005121231}",0,,
1,PKI,135,cross-domain,false,true,314112.92476678704,365562.3393668017,365760.90716678713,198.56779998540878,0,198.56779998540878,0,0,4,0,"{""pkiCertTransferHttp"":5.0968000292778015,""pkiCrossRelayHttp"":0,""pkiOpenSslVerifyLeaf"":9.426400005817413,""pkiLeafOcspHttpQuery"":11.940599977970123,""pkiLeafAssertionSign"":11.822999954223633,""pkiLeafAssertionVerify"":9.610199987888336,""pkiOpenSslVerifySourceCA"":10.587500035762787,""pkiSourceCAOcspHttpQuery"":13.948499977588654,""pkiSourceCAAssertionSign"":12.667400002479553,""pkiSourceCAAssertionVerify"":9.216600000858307,""pkiOpenSslVerifyRootCA"":8.482299983501434,""pkiRootCAOcspHttpQuery"":11.74590003490448,""pkiRootCAAssertionSign"":12.835600018501282,""pkiRootCAAssertionVerify"":11.956399977207184,""pkiOpenSslVerifyTargetCA"":9.748800039291382,""pkiTargetCAOcspHttpQuery"":14.444599986076355,""pkiTargetCAAssertionSign"":16.24040001630783,""pkiTargetCAAssertionVerify"":17.024400055408478}",0,,
1,PKI,136,cross-domain,false,true,314513.2209344719,365962.63553448656,366149.67253448704,187.03700000047684,0,187.03700000047684,0,0,4,0,"{""pkiCertTransferHttp"":0.38510000705718994,""pkiCrossRelayHttp"":0,""pkiOpenSslVerifyLeaf"":9.586600005626678,""pkiLeafOcspHttpQuery"":24.1356999874115,""pkiLeafAssertionSign"":12.098300039768219,""pkiLeafAssertionVerify"":9.166600048542023,""pkiOpenSslVerifySourceCA"":9.018099963665009,""pkiSourceCAOcspHttpQuery"":16.0871000289917,""pkiSourceCAAssertionSign"":12.436899960041046,""pkiSourceCAAssertionVerify"":9.127900004386902,""pkiOpenSslVerifyRootCA"":8.177199959754944,""pkiRootCAOcspHttpQuery"":12.04940003156662,""pkiRootCAAssertionSign"":11.269199967384338,""pkiRootCAAssertionVerify"":9.225800037384033,""pkiOpenSslVerifyTargetCA"":9.222299993038177,""pkiTargetCAOcspHttpQuery"":11.978599965572357,""pkiTargetCAAssertionSign"":11.836600005626678,""pkiTargetCAAssertionVerify"":9.49099999666214}",0,,
1,PKI,137,cross-domain,false,true,317123.9079356573,368573.322535672,368769.338835635,196.01629996299744,0,196.01629996299744,0,0,4,0,"{""pkiCertTransferHttp"":0.23789995908737183,""pkiCrossRelayHttp"":0,""pkiOpenSslVerifyLeaf"":9.27369999885559,""pkiLeafOcspHttpQuery"":11.532599985599518,""pkiLeafAssertionSign"":11.691399991512299,""pkiLeafAssertionVerify"":9.276400029659271,""pkiOpenSslVerifySourceCA"":9.376500010490417,""pkiSourceCAOcspHttpQuery"":27.45090001821518,""pkiSourceCAAssertionSign"":12.228200018405914,""pkiSourceCAAssertionVerify"":9.819400012493134,""pkiOpenSslVerifyRootCA"":9.412599980831146,""pkiRootCAOcspHttpQuery"":13.614499986171722,""pkiRootCAAssertionSign"":12.303099989891052,""pkiRootCAAssertionVerify"":9.825399994850159,""pkiOpenSslVerifyTargetCA"":12.08629995584488,""pkiTargetCAOcspHttpQuery"":13.097199976444244,""pkiTargetCAAssertionSign"":12.904600024223328,""pkiTargetCAAssertionVerify"":10.262799978256226}",0,,
1,PKI,138,cross-domain,false,true,317326.48310217354,368775.89770218823,368950.48970219586,174.5920000076294,0,174.5920000076294,0,0,4,0,"{""pkiCertTransferHttp"":4.790100038051605,""pkiCrossRelayHttp"":0,""pkiOpenSslVerifyLeaf"":9.871499955654144,""pkiLeafOcspHttpQuery"":12.216699957847595,""pkiLeafAssertionSign"":11.766099989414215,""pkiLeafAssertionVerify"":8.78769999742508,""pkiOpenSslVerifySourceCA"":9.013999998569489,""pkiSourceCAOcspHttpQuery"":11.521699965000153,""pkiSourceCAAssertionSign"":11.465399980545044,""pkiSourceCAAssertionVerify"":8.927199959754944,""pkiOpenSslVerifyRootCA"":8.56709998846054,""pkiRootCAOcspHttpQuery"":11.775799989700317,""pkiRootCAAssertionSign"":11.893299996852875,""pkiRootCAAssertionVerify"":9.786300003528595,""pkiOpenSslVerifyTargetCA"":9.285799980163574,""pkiTargetCAOcspHttpQuery"":12.028599977493286,""pkiTargetCAAssertionSign"":12.103299975395203,""pkiTargetCAAssertionVerify"":9.139099955558777}",0,,
1,PKI,139,cross-domain,false,true,319454.371862204,370903.7864622187,371074.8198622178,171.0333999991417,0,171.0333999991417,0,0,4,0,"{""pkiCertTransferHttp"":1.389299988746643,""pkiCrossRelayHttp"":0,""pkiOpenSslVerifyLeaf"":9.170899987220764,""pkiLeafOcspHttpQuery"":12.193800032138824,""pkiLeafAssertionSign"":12.261900007724762,""pkiLeafAssertionVerify"":8.596599996089935,""pkiOpenSslVerifySourceCA"":8.429399967193604,""pkiSourceCAOcspHttpQuery"":11.691000044345856,""pkiSourceCAAssertionSign"":11.425900042057037,""pkiSourceCAAssertionVerify"":9.168299973011017,""pkiOpenSslVerifyRootCA"":8.844099998474121,""pkiRootCAOcspHttpQuery"":11.740899980068207,""pkiRootCAAssertionSign"":12.254700005054474,""pkiRootCAAssertionVerify"":9.752400040626526,""pkiOpenSslVerifyTargetCA"":8.949599981307983,""pkiTargetCAOcspHttpQuery"":12.292400002479553,""pkiTargetCAAssertionSign"":12.17170000076294,""pkiTargetCAAssertionVerify"":9.205600023269653}",0,,
1,PKI,140,cross-domain,false,true,319535.98603369994,370985.4006337146,371186.1588337044,200.75819998979568,0,200.75819998979568,0,0,4,0,"{""pkiCertTransferHttp"":13.19190001487732,""pkiCrossRelayHttp"":0,""pkiOpenSslVerifyLeaf"":9.512299954891205,""pkiLeafOcspHttpQuery"":11.85479998588562,""pkiLeafAssertionSign"":11.744400024414062,""pkiLeafAssertionVerify"":9.078399956226349,""pkiOpenSslVerifySourceCA"":8.937299966812134,""pkiSourceCAOcspHttpQuery"":29.75270003080368,""pkiSourceCAAssertionSign"":12.359000027179718,""pkiSourceCAAssertionVerify"":9.04150003194809,""pkiOpenSslVerifyRootCA"":8.820799946784973,""pkiRootCAOcspHttpQuery"":11.463900029659271,""pkiRootCAAssertionSign"":11.499700009822845,""pkiRootCAAssertionVerify"":9.958899974822998,""pkiOpenSslVerifyTargetCA"":8.97350001335144,""pkiTargetCAOcspHttpQuery"":11.874400019645691,""pkiTargetCAAssertionSign"":11.931299984455109,""pkiTargetCAAssertionVerify"":9.054399967193604}",0,,
1,PKI,141,cross-domain,false,true,319955.5045290759,371404.91912909056,371616.76312907244,211.8439999818802,0,211.8439999818802,0,0,4,0,"{""pkiCertTransferHttp"":14.15310001373291,""pkiCrossRelayHttp"":0,""pkiOpenSslVerifyLeaf"":9.657900035381317,""pkiLeafOcspHttpQuery"":11.739600002765656,""pkiLeafAssertionSign"":11.714999973773956,""pkiLeafAssertionVerify"":8.923799991607666,""pkiOpenSslVerifySourceCA"":9.094000041484833,""pkiSourceCAOcspHttpQuery"":14.540100038051605,""pkiSourceCAAssertionSign"":12.259200036525726,""pkiSourceCAAssertionVerify"":9.050099968910217,""pkiOpenSslVerifyRootCA"":8.611899971961975,""pkiRootCAOcspHttpQuery"":11.971700012683868,""pkiRootCAAssertionSign"":11.742999970912933,""pkiRootCAAssertionVerify"":9.302000045776367,""pkiOpenSslVerifyTargetCA"":9.611100018024445,""pkiTargetCAOcspHttpQuery"":35.16689997911453,""pkiTargetCAAssertionSign"":12.544600009918213,""pkiTargetCAAssertionVerify"":10.27290004491806}",0,,
1,PKI,142,cross-domain,false,true,321211.7576538236,372661.1722538383,372841.41825383017,180.24599999189377,0,180.24599999189377,0,0,4,0,"{""pkiCertTransferHttp"":5.695899963378906,""pkiCrossRelayHttp"":0,""pkiOpenSslVerifyLeaf"":10.06580001115799,""pkiLeafOcspHttpQuery"":12.168099999427795,""pkiLeafAssertionSign"":11.777700006961823,""pkiLeafAssertionVerify"":11.269200026988983,""pkiOpenSslVerifySourceCA"":9.614000022411346,""pkiSourceCAOcspHttpQuery"":12.443700015544891,""pkiSourceCAAssertionSign"":12.011600017547607,""pkiSourceCAAssertionVerify"":8.88069999217987,""pkiOpenSslVerifyRootCA"":8.550099968910217,""pkiRootCAOcspHttpQuery"":12.457499980926514,""pkiRootCAAssertionSign"":11.718000054359436,""pkiRootCAAssertionVerify"":9.397199988365173,""pkiOpenSslVerifyTargetCA"":9.821399986743927,""pkiTargetCAOcspHttpQuery"":12.032600045204163,""pkiTargetCAAssertionSign"":11.472599983215332,""pkiTargetCAAssertionVerify"":9.10699999332428}",0,,
1,PKI,143,cross-domain,false,true,321465.3215701181,372914.73617013276,373092.8780701357,178.1419000029564,0,178.1419000029564,0,0,4,0,"{""pkiCertTransferHttp"":10.104099988937378,""pkiCrossRelayHttp"":0,""pkiOpenSslVerifyLeaf"":9.785500049591064,""pkiLeafOcspHttpQuery"":12.169000029563904,""pkiLeafAssertionSign"":12.265500009059906,""pkiLeafAssertionVerify"":9.10699999332428,""pkiOpenSslVerifySourceCA"":8.65690004825592,""pkiSourceCAOcspHttpQuery"":11.479699969291687,""pkiSourceCAAssertionSign"":11.64819997549057,""pkiSourceCAAssertionVerify"":9.26800000667572,""pkiOpenSslVerifyRootCA"":8.726400017738342,""pkiRootCAOcspHttpQuery"":11.923799991607666,""pkiRootCAAssertionSign"":11.453699946403503,""pkiRootCAAssertionVerify"":8.810699999332428,""pkiOpenSslVerifyTargetCA"":8.350499987602234,""pkiTargetCAOcspHttpQuery"":11.679499983787537,""pkiTargetCAAssertionSign"":12.321399986743927,""pkiTargetCAAssertionVerify"":8.798999965190887}",0,,
1,PKI,144,cross-domain,false,true,325093.88701535197,376543.30161536665,376741.64971531363,198.3480999469757,0,198.3480999469757,0,0,4,0,"{""pkiCertTransferHttp"":4.830199956893921,""pkiCrossRelayHttp"":0,""pkiOpenSslVerifyLeaf"":13.076599955558777,""pkiLeafOcspHttpQuery"":13.257700026035309,""pkiLeafAssertionSign"":12.668200016021729,""pkiLeafAssertionVerify"":9.746500015258789,""pkiOpenSslVerifySourceCA"":8.722000002861023,""pkiSourceCAOcspHttpQuery"":12.94489997625351,""pkiSourceCAAssertionSign"":12.128799974918365,""pkiSourceCAAssertionVerify"":9.611800014972687,""pkiOpenSslVerifyRootCA"":11.42960000038147,""pkiRootCAOcspHttpQuery"":14.0939000248909,""pkiRootCAAssertionSign"":15.7325000166893,""pkiRootCAAssertionVerify"":12.858700037002563,""pkiOpenSslVerifyTargetCA"":11.611699998378754,""pkiTargetCAOcspHttpQuery"":12.762400031089783,""pkiTargetCAAssertionSign"":12.179100036621094,""pkiTargetCAAssertionVerify"":9.126300036907196}",0,,
1,PKI,145,cross-domain,false,true,325750.46418683586,377199.87878685055,377400.72128688154,200.84250003099442,0,200.84250003099442,0,0,4,0,"{""pkiCertTransferHttp"":6.369099974632263,""pkiCrossRelayHttp"":0,""pkiOpenSslVerifyLeaf"":9.570699989795685,""pkiLeafOcspHttpQuery"":12.065500020980835,""pkiLeafAssertionSign"":12.164099991321564,""pkiLeafAssertionVerify"":8.955399990081787,""pkiOpenSslVerifySourceCA"":8.749800026416779,""pkiSourceCAOcspHttpQuery"":11.652499973773956,""pkiSourceCAAssertionSign"":11.657299995422363,""pkiSourceCAAssertionVerify"":9.235799968242645,""pkiOpenSslVerifyRootCA"":9.319499969482422,""pkiRootCAOcspHttpQuery"":11.917499959468842,""pkiRootCAAssertionSign"":11.290199995040894,""pkiRootCAAssertionVerify"":8.478799998760223,""pkiOpenSslVerifyTargetCA"":8.710799992084503,""pkiTargetCAOcspHttpQuery"":37.96979999542236,""pkiTargetCAAssertionSign"":12.123600006103516,""pkiTargetCAAssertionVerify"":9.048000037670135}",0,,
1,PKI,146,cross-domain,false,true,339045.7253317667,390495.1399317814,390682.35533176194,187.21539998054504,0,187.21539998054504,0,0,4,0,"{""pkiCertTransferHttp"":2.1000999808311462,""pkiCrossRelayHttp"":0,""pkiOpenSslVerifyLeaf"":9.41839998960495,""pkiLeafOcspHttpQuery"":13.79670000076294,""pkiLeafAssertionSign"":12.808800041675568,""pkiLeafAssertionVerify"":10.162999987602234,""pkiOpenSslVerifySourceCA"":9.387600004673004,""pkiSourceCAOcspHttpQuery"":12.798199951648712,""pkiSourceCAAssertionSign"":12.624000012874603,""pkiSourceCAAssertionVerify"":9.795399963855743,""pkiOpenSslVerifyRootCA"":9.97079998254776,""pkiRootCAOcspHttpQuery"":13.12420004606247,""pkiRootCAAssertionSign"":17.841300010681152,""pkiRootCAAssertionVerify"":9.867200016975403,""pkiOpenSslVerifyTargetCA"":9.470600008964539,""pkiTargetCAOcspHttpQuery"":11.82260000705719,""pkiTargetCAAssertionSign"":11.381699979305267,""pkiTargetCAAssertionVerify"":9.05919998884201}",0,,
1,PKI,147,cross-domain,false,true,341989.2355273871,393438.6501274018,393621.68212740705,183.0320000052452,0,183.0320000052452,0,0,4,0,"{""pkiCertTransferHttp"":8.91380000114441,""pkiCrossRelayHttp"":0,""pkiOpenSslVerifyLeaf"":9.166599988937378,""pkiLeafOcspHttpQuery"":12.16949999332428,""pkiLeafAssertionSign"":11.334899961948395,""pkiLeafAssertionVerify"":9.679800033569336,""pkiOpenSslVerifySourceCA"":9.296299993991852,""pkiSourceCAOcspHttpQuery"":12.401500046253204,""pkiSourceCAAssertionSign"":14.299800038337708,""pkiSourceCAAssertionVerify"":9.465200006961823,""pkiOpenSslVerifyRootCA"":8.95880001783371,""pkiRootCAOcspHttpQuery"":11.718200027942657,""pkiRootCAAssertionSign"":11.549899995326996,""pkiRootCAAssertionVerify"":8.673400044441223,""pkiOpenSslVerifyTargetCA"":9.273100018501282,""pkiTargetCAOcspHttpQuery"":11.484899997711182,""pkiTargetCAAssertionSign"":11.544000029563904,""pkiTargetCAAssertionVerify"":11.56580001115799}",0,,
1,PKI,148,cross-domain,false,true,342531.5764187742,393980.9910187889,394172.8709187675,191.8798999786377,0,191.8798999786377,0,0,4,0,"{""pkiCertTransferHttp"":22.404300034046173,""pkiCrossRelayHttp"":0,""pkiOpenSslVerifyLeaf"":9.847299993038177,""pkiLeafOcspHttpQuery"":12.066999971866608,""pkiLeafAssertionSign"":11.537400007247925,""pkiLeafAssertionVerify"":9.306700050830841,""pkiOpenSslVerifySourceCA"":9.186599969863892,""pkiSourceCAOcspHttpQuery"":11.75569999217987,""pkiSourceCAAssertionSign"":11.313899993896484,""pkiSourceCAAssertionVerify"":8.647499978542328,""pkiOpenSslVerifyRootCA"":8.596199989318848,""pkiRootCAOcspHttpQuery"":11.712000012397766,""pkiRootCAAssertionSign"":11.95770001411438,""pkiRootCAAssertionVerify"":9.418799996376038,""pkiOpenSslVerifyTargetCA"":8.545499980449677,""pkiTargetCAOcspHttpQuery"":12.462399959564209,""pkiTargetCAAssertionSign"":12.41269999742508,""pkiTargetCAAssertionVerify"":8.982900023460388}",0,,
1,PKI,149,cross-domain,false,true,342676.7937183281,394126.2083183428,394331.85991834605,205.6516000032425,0,205.6516000032425,0,0,4,0,"{""pkiCertTransferHttp"":17.319400012493134,""pkiCrossRelayHttp"":0,""pkiOpenSslVerifyLeaf"":9.407100021839142,""pkiLeafOcspHttpQuery"":11.960900008678436,""pkiLeafAssertionSign"":11.445200026035309,""pkiLeafAssertionVerify"":9.167300045490265,""pkiOpenSslVerifySourceCA"":9.031599998474121,""pkiSourceCAOcspHttpQuery"":11.989999949932098,""pkiSourceCAAssertionSign"":12.116199970245361,""pkiSourceCAAssertionVerify"":9.572499990463257,""pkiOpenSslVerifyRootCA"":8.882499992847443,""pkiRootCAOcspHttpQuery"":30.396799981594086,""pkiRootCAAssertionSign"":12.117300033569336,""pkiRootCAAssertionVerify"":8.980900049209595,""pkiOpenSslVerifyTargetCA"":9.19700002670288,""pkiTargetCAOcspHttpQuery"":11.752600014209747,""pkiTargetCAAssertionSign"":11.385800004005432,""pkiTargetCAAssertionVerify"":9.296800017356873}",0,,
1,PKI,150,cross-domain,false,true,345128.3077051671,396577.7223051818,396783.2231051953,205.50080001354218,0,205.50080001354218,0,0,4,0,"{""pkiCertTransferHttp"":3.999300003051758,""pkiCrossRelayHttp"":0,""pkiOpenSslVerifyLeaf"":9.803700029850006,""pkiLeafOcspHttpQuery"":14.912500023841858,""pkiLeafAssertionSign"":14.59139996767044,""pkiLeafAssertionVerify"":12.411099970340729,""pkiOpenSslVerifySourceCA"":11.408100008964539,""pkiSourceCAOcspHttpQuery"":13.421500027179718,""pkiSourceCAAssertionSign"":12.296000003814697,""pkiSourceCAAssertionVerify"":9.656899988651276,""pkiOpenSslVerifyRootCA"":8.895799994468689,""pkiRootCAOcspHttpQuery"":12.707499980926514,""pkiRootCAAssertionSign"":11.879899978637695,""pkiRootCAAssertionVerify"":9.007200002670288,""pkiOpenSslVerifyTargetCA"":8.999300003051758,""pkiTargetCAOcspHttpQuery"":28.417900025844574,""pkiTargetCAAssertionSign"":11.939799964427948,""pkiTargetCAAssertionVerify"":9.52759999036789}",0,,
1,PKI,151,cross-domain,false,true,346988.00183907256,398437.41643908725,398641.06703904376,203.65059995651245,0,203.65059995651245,0,0,4,0,"{""pkiCertTransferHttp"":0.5882999897003174,""pkiCrossRelayHttp"":0,""pkiOpenSslVerifyLeaf"":8.72979998588562,""pkiLeafOcspHttpQuery"":11.464100003242493,""pkiLeafAssertionSign"":11.38129997253418,""pkiLeafAssertionVerify"":8.879500031471252,""pkiOpenSslVerifySourceCA"":8.701799988746643,""pkiSourceCAOcspHttpQuery"":37.11540001630783,""pkiSourceCAAssertionSign"":12.063700020313263,""pkiSourceCAAssertionVerify"":9.157299995422363,""pkiOpenSslVerifyRootCA"":8.773999989032745,""pkiRootCAOcspHttpQuery"":12.66210001707077,""pkiRootCAAssertionSign"":12.35319995880127,""pkiRootCAAssertionVerify"":9.714299976825714,""pkiOpenSslVerifyTargetCA"":9.955099999904633,""pkiTargetCAOcspHttpQuery"":18.35680001974106,""pkiTargetCAAssertionSign"":12.278900027275085,""pkiTargetCAAssertionVerify"":9.910199999809265}",0,,
1,PKI,152,cross-domain,false,true,347971.0682025544,399420.4828025691,399598.2339025728,177.75110000371933,0,177.75110000371933,0,0,4,0,"{""pkiCertTransferHttp"":5.5334999561309814,""pkiCrossRelayHttp"":0,""pkiOpenSslVerifyLeaf"":9.800100028514862,""pkiLeafOcspHttpQuery"":12.436100006103516,""pkiLeafAssertionSign"":13.623300015926361,""pkiLeafAssertionVerify"":9.486999988555908,""pkiOpenSslVerifySourceCA"":9.208999991416931,""pkiSourceCAOcspHttpQuery"":12.075399994850159,""pkiSourceCAAssertionSign"":11.644299983978271,""pkiSourceCAAssertionVerify"":8.79990005493164,""pkiOpenSslVerifyRootCA"":8.654399991035461,""pkiRootCAOcspHttpQuery"":11.787600040435791,""pkiRootCAAssertionSign"":11.65149998664856,""pkiRootCAAssertionVerify"":8.959899961948395,""pkiOpenSslVerifyTargetCA"":9.152300000190735,""pkiTargetCAOcspHttpQuery"":12.408500015735626,""pkiTargetCAAssertionSign"":11.599399983882904,""pkiTargetCAAssertionVerify"":9.295700013637543}",0,,
1,PKI,153,cross-domain,false,true,351569.17653069115,403018.59113070584,403229.1910307131,210.59990000724792,0,210.59990000724792,0,0,4,0,"{""pkiCertTransferHttp"":25.003000020980835,""pkiCrossRelayHttp"":0,""pkiOpenSslVerifyLeaf"":9.780499994754791,""pkiLeafOcspHttpQuery"":12.314099967479706,""pkiLeafAssertionSign"":11.85970002412796,""pkiLeafAssertionVerify"":9.206500053405762,""pkiOpenSslVerifySourceCA"":8.736699998378754,""pkiSourceCAOcspHttpQuery"":28.490299999713898,""pkiSourceCAAssertionSign"":11.94980001449585,""pkiSourceCAAssertionVerify"":9.21780002117157,""pkiOpenSslVerifyRootCA"":9.313399970531464,""pkiRootCAOcspHttpQuery"":11.645099997520447,""pkiRootCAAssertionSign"":11.375099956989288,""pkiRootCAAssertionVerify"":8.890200018882751,""pkiOpenSslVerifyTargetCA"":8.536099970340729,""pkiTargetCAOcspHttpQuery"":11.659299969673157,""pkiTargetCAAssertionSign"":11.651600003242493,""pkiTargetCAAssertionVerify"":9.435599982738495}",0,,
1,PKI,154,cross-domain,false,true,354540.3276124538,405989.74221246847,406171.5897124947,181.84750002622604,0,181.84750002622604,0,0,4,0,"{""pkiCertTransferHttp"":14.264599978923798,""pkiCrossRelayHttp"":0,""pkiOpenSslVerifyLeaf"":9.421499967575073,""pkiLeafOcspHttpQuery"":12.466400027275085,""pkiLeafAssertionSign"":12.042999982833862,""pkiLeafAssertionVerify"":9.139400005340576,""pkiOpenSslVerifySourceCA"":9.244400024414062,""pkiSourceCAOcspHttpQuery"":11.326800048351288,""pkiSourceCAAssertionSign"":11.29780000448227,""pkiSourceCAAssertionVerify"":8.852799952030182,""pkiOpenSslVerifyRootCA"":9.694500029087067,""pkiRootCAOcspHttpQuery"":12.644599974155426,""pkiRootCAAssertionSign"":11.586399972438812,""pkiRootCAAssertionVerify"":8.768099963665009,""pkiOpenSslVerifyTargetCA"":8.324400007724762,""pkiTargetCAOcspHttpQuery"":11.36930000782013,""pkiTargetCAAssertionSign"":11.35019999742508,""pkiTargetCAAssertionVerify"":8.447700023651123}",0,,
1,PKI,155,cross-domain,false,true,357298.81431590643,408748.2289159211,408934.06661593047,185.837700009346,0,185.837700009346,0,0,4,0,"{""pkiCertTransferHttp"":3.849900007247925,""pkiCrossRelayHttp"":0,""pkiOpenSslVerifyLeaf"":8.94269996881485,""pkiLeafOcspHttpQuery"":11.958000004291534,""pkiLeafAssertionSign"":12.132700026035309,""pkiLeafAssertionVerify"":9.080600023269653,""pkiOpenSslVerifySourceCA"":8.7985999584198,""pkiSourceCAOcspHttpQuery"":11.527800023555756,""pkiSourceCAAssertionSign"":11.276600003242493,""pkiSourceCAAssertionVerify"":8.523400008678436,""pkiOpenSslVerifyRootCA"":8.160000026226044,""pkiRootCAOcspHttpQuery"":14.16839998960495,""pkiRootCAAssertionSign"":13.832900047302246,""pkiRootCAAssertionVerify"":12.5242999792099,""pkiOpenSslVerifyTargetCA"":12.008899986743927,""pkiTargetCAOcspHttpQuery"":14.940199971199036,""pkiTargetCAAssertionSign"":12.619000017642975,""pkiTargetCAAssertionVerify"":9.944100022315979}",0,,
1,PKI,156,cross-domain,false,true,362230.4748264252,413679.8894264399,413888.8754264413,208.9860000014305,0,208.9860000014305,0,0,4,0,"{""pkiCertTransferHttp"":1.9062999486923218,""pkiCrossRelayHttp"":0,""pkiOpenSslVerifyLeaf"":9.322800040245056,""pkiLeafOcspHttpQuery"":24.80809998512268,""pkiLeafAssertionSign"":12.180999994277954,""pkiLeafAssertionVerify"":9.197100043296814,""pkiOpenSslVerifySourceCA"":8.85920000076294,""pkiSourceCAOcspHttpQuery"":31.738199949264526,""pkiSourceCAAssertionSign"":12.525499999523163,""pkiSourceCAAssertionVerify"":9.310100018978119,""pkiOpenSslVerifyRootCA"":8.880400002002716,""pkiRootCAOcspHttpQuery"":13.212800025939941,""pkiRootCAAssertionSign"":12.035800039768219,""pkiRootCAAssertionVerify"":8.94489997625351,""pkiOpenSslVerifyTargetCA"":8.95279997587204,""pkiTargetCAOcspHttpQuery"":14.33380001783371,""pkiTargetCAAssertionSign"":12.190500020980835,""pkiTargetCAAssertionVerify"":8.962000012397766}",0,,
1,PKI,157,cross-domain,false,true,362426.7352568427,413876.1498568574,414065.0704568544,188.9205999970436,0,188.9205999970436,0,0,4,0,"{""pkiCertTransferHttp"":5.883700013160706,""pkiCrossRelayHttp"":0,""pkiOpenSslVerifyLeaf"":9.078000009059906,""pkiLeafOcspHttpQuery"":14.390199959278107,""pkiLeafAssertionSign"":12.539399981498718,""pkiLeafAssertionVerify"":10.372300028800964,""pkiOpenSslVerifySourceCA"":10.732300043106079,""pkiSourceCAOcspHttpQuery"":12.912299990653992,""pkiSourceCAAssertionSign"":12.811100006103516,""pkiSourceCAAssertionVerify"":9.918999969959259,""pkiOpenSslVerifyRootCA"":10.211899995803833,""pkiRootCAOcspHttpQuery"":12.643199980258942,""pkiRootCAAssertionSign"":12.057699978351593,""pkiRootCAAssertionVerify"":9.343199968338013,""pkiOpenSslVerifyTargetCA"":9.356700003147125,""pkiTargetCAOcspHttpQuery"":12.478999972343445,""pkiTargetCAAssertionSign"":13.407100021839142,""pkiTargetCAAssertionVerify"":9.14410001039505}",0,,
1,PKI,158,cross-domain,false,true,362595.4208358725,414044.83543588716,414216.34083588916,171.50540000200272,0,171.50540000200272,0,0,4,0,"{""pkiCertTransferHttp"":2.6618000268936157,""pkiCrossRelayHttp"":0,""pkiOpenSslVerifyLeaf"":9.38129997253418,""pkiLeafOcspHttpQuery"":11.700999975204468,""pkiLeafAssertionSign"":11.98470002412796,""pkiLeafAssertionVerify"":9.486999988555908,""pkiOpenSslVerifySourceCA"":9.103600025177002,""pkiSourceCAOcspHttpQuery"":11.950199961662292,""pkiSourceCAAssertionSign"":11.777800023555756,""pkiSourceCAAssertionVerify"":8.973100006580353,""pkiOpenSslVerifyRootCA"":8.432200014591217,""pkiRootCAOcspHttpQuery"":12.2746000289917,""pkiRootCAAssertionSign"":12.324299991130829,""pkiRootCAAssertionVerify"":8.575500011444092,""pkiOpenSslVerifyTargetCA"":8.833400011062622,""pkiTargetCAOcspHttpQuery"":11.694099962711334,""pkiTargetCAAssertionSign"":11.833000004291534,""pkiTargetCAAssertionVerify"":8.973300039768219}",0,,
1,PKI,159,cross-domain,false,true,362698.2695548188,414147.6841548335,414360.554654802,212.87049996852875,0,212.87049996852875,0,0,4,0,"{""pkiCertTransferHttp"":0.7568000555038452,""pkiCrossRelayHttp"":0,""pkiOpenSslVerifyLeaf"":9.063700020313263,""pkiLeafOcspHttpQuery"":11.555299997329712,""pkiLeafAssertionSign"":11.839399993419647,""pkiLeafAssertionVerify"":9.419300019741058,""pkiOpenSslVerifySourceCA"":9.251800000667572,""pkiSourceCAOcspHttpQuery"":31.295800030231476,""pkiSourceCAAssertionSign"":12.57940000295639,""pkiSourceCAAssertionVerify"":9.244699954986572,""pkiOpenSslVerifyRootCA"":9.304200053215027,""pkiRootCAOcspHttpQuery"":11.972900032997131,""pkiRootCAAssertionSign"":12.333400011062622,""pkiRootCAAssertionVerify"":9.568700015544891,""pkiOpenSslVerifyTargetCA"":8.956499993801117,""pkiTargetCAOcspHttpQuery"":33.64420002698898,""pkiTargetCAAssertionSign"":11.95360004901886,""pkiTargetCAAssertionVerify"":8.5489000082016}",0,,
1,PKI,160,cross-domain,false,true,363437.1928852757,414886.6074852904,415063.41478532157,176.80730003118515,0,176.80730003118515,0,0,4,0,"{""pkiCertTransferHttp"":6.904900014400482,""pkiCrossRelayHttp"":0,""pkiOpenSslVerifyLeaf"":8.863200008869171,""pkiLeafOcspHttpQuery"":12.092000007629395,""pkiLeafAssertionSign"":11.751300036907196,""pkiLeafAssertionVerify"":9.380800008773804,""pkiOpenSslVerifySourceCA"":9.037999987602234,""pkiSourceCAOcspHttpQuery"":12.240299999713898,""pkiSourceCAAssertionSign"":12.180200040340424,""pkiSourceCAAssertionVerify"":9.201900005340576,""pkiOpenSslVerifyRootCA"":8.61599999666214,""pkiRootCAOcspHttpQuery"":11.68340003490448,""pkiRootCAAssertionSign"":11.957499980926514,""pkiRootCAAssertionVerify"":9.676100015640259,""pkiOpenSslVerifyTargetCA"":8.703500032424927,""pkiTargetCAOcspHttpQuery"":11.8439000248909,""pkiTargetCAAssertionSign"":12.016600012779236,""pkiTargetCAAssertionVerify"":9.083199977874756}",0,,
1,PKI,161,cross-domain,false,true,365093.7562135901,416543.1708136048,416757.8965136256,214.7257000207901,0,214.7257000207901,0,0,4,0,"{""pkiCertTransferHttp"":28.581200003623962,""pkiCrossRelayHttp"":0,""pkiOpenSslVerifyLeaf"":12.89410001039505,""pkiLeafOcspHttpQuery"":13.752499997615814,""pkiLeafAssertionSign"":13.828999996185303,""pkiLeafAssertionVerify"":11.70329999923706,""pkiOpenSslVerifySourceCA"":12.155399978160858,""pkiSourceCAOcspHttpQuery"":14.350800037384033,""pkiSourceCAAssertionSign"":11.866699993610382,""pkiSourceCAAssertionVerify"":9.553899943828583,""pkiOpenSslVerifyRootCA"":9.022899985313416,""pkiRootCAOcspHttpQuery"":12.379299998283386,""pkiRootCAAssertionSign"":11.783300042152405,""pkiRootCAAssertionVerify"":9.232699990272522,""pkiOpenSslVerifyTargetCA"":9.220300018787384,""pkiTargetCAOcspHttpQuery"":12.033499956130981,""pkiTargetCAAssertionSign"":11.56989997625351,""pkiTargetCAAssertionVerify"":9.109600007534027}",0,,
1,PKI,162,cross-domain,false,true,368161.01851669425,419610.43311670894,419801.38111666316,190.94799995422363,0,190.94799995422363,0,0,4,0,"{""pkiCertTransferHttp"":16.84029996395111,""pkiCrossRelayHttp"":0,""pkiOpenSslVerifyLeaf"":9.4510999917984,""pkiLeafOcspHttpQuery"":12.145099997520447,""pkiLeafAssertionSign"":11.793799996376038,""pkiLeafAssertionVerify"":9.381099998950958,""pkiOpenSslVerifySourceCA"":8.9375,""pkiSourceCAOcspHttpQuery"":12.227499961853027,""pkiSourceCAAssertionSign"":12.372200012207031,""pkiSourceCAAssertionVerify"":9.199900031089783,""pkiOpenSslVerifyRootCA"":8.771400034427643,""pkiRootCAOcspHttpQuery"":11.731199979782104,""pkiRootCAAssertionSign"":12.182799994945526,""pkiRootCAAssertionVerify"":9.681299984455109,""pkiOpenSslVerifyTargetCA"":9.531800031661987,""pkiTargetCAOcspHttpQuery"":12.51690000295639,""pkiTargetCAAssertionSign"":12.923500001430511,""pkiTargetCAAssertionVerify"":9.767199993133545}",0,,
1,PKI,163,cross-domain,false,true,369636.0757553329,421085.4903553476,421275.9411553492,190.45080000162125,0,190.45080000162125,0,0,4,0,"{""pkiCertTransferHttp"":9.765399992465973,""pkiCrossRelayHttp"":0,""pkiOpenSslVerifyLeaf"":11.28710001707077,""pkiLeafOcspHttpQuery"":12.62200003862381,""pkiLeafAssertionSign"":12.857999980449677,""pkiLeafAssertionVerify"":9.94350004196167,""pkiOpenSslVerifySourceCA"":10.672699987888336,""pkiSourceCAOcspHttpQuery"":13.470200002193451,""pkiSourceCAAssertionSign"":12.948000013828278,""pkiSourceCAAssertionVerify"":10.281000018119812,""pkiOpenSslVerifyRootCA"":9.772399961948395,""pkiRootCAOcspHttpQuery"":12.782700002193451,""pkiRootCAAssertionSign"":11.768100023269653,""pkiRootCAAssertionVerify"":8.62610000371933,""pkiOpenSslVerifyTargetCA"":8.727699995040894,""pkiTargetCAOcspHttpQuery"":11.711899995803833,""pkiTargetCAAssertionSign"":11.862200021743774,""pkiTargetCAAssertionVerify"":9.65369999408722}",0,,
1,PKI,164,cross-domain,false,true,369868.4475380593,421317.862138074,421489.3810380512,171.51889997720718,0,171.51889997720718,0,0,4,0,"{""pkiCertTransferHttp"":0.527999997138977,""pkiCrossRelayHttp"":0,""pkiOpenSslVerifyLeaf"":9.22240000963211,""pkiLeafOcspHttpQuery"":12.077699959278107,""pkiLeafAssertionSign"":11.763899981975555,""pkiLeafAssertionVerify"":8.609000027179718,""pkiOpenSslVerifySourceCA"":9.089399993419647,""pkiSourceCAOcspHttpQuery"":11.669900000095367,""pkiSourceCAAssertionSign"":11.67819994688034,""pkiSourceCAAssertionVerify"":9.909200012683868,""pkiOpenSslVerifyRootCA"":9.021400034427643,""pkiRootCAOcspHttpQuery"":11.764999985694885,""pkiRootCAAssertionSign"":12.22649997472763,""pkiRootCAAssertionVerify"":10.088800013065338,""pkiOpenSslVerifyTargetCA"":9.05019998550415,""pkiTargetCAOcspHttpQuery"":12.473699986934662,""pkiTargetCAAssertionSign"":12.109899997711182,""pkiTargetCAAssertionVerify"":8.80790001153946}",0,,
1,PKI,165,cross-domain,false,true,372181.5746297204,423630.9892297351,423802.422729727,171.43349999189377,0,171.43349999189377,0,0,4,0,"{""pkiCertTransferHttp"":0.2104000449180603,""pkiCrossRelayHttp"":0,""pkiOpenSslVerifyLeaf"":9.514600038528442,""pkiLeafOcspHttpQuery"":11.858199954032898,""pkiLeafAssertionSign"":11.22519999742508,""pkiLeafAssertionVerify"":8.60530000925064,""pkiOpenSslVerifySourceCA"":8.637699961662292,""pkiSourceCAOcspHttpQuery"":11.984400033950806,""pkiSourceCAAssertionSign"":11.869799971580505,""pkiSourceCAAssertionVerify"":9.382400035858154,""pkiOpenSslVerifyRootCA"":8.900499999523163,""pkiRootCAOcspHttpQuery"":13.008899986743927,""pkiRootCAAssertionSign"":12.059400022029877,""pkiRootCAAssertionVerify"":9.520500004291534,""pkiOpenSslVerifyTargetCA"":9.24839997291565,""pkiTargetCAOcspHttpQuery"":12.767299950122833,""pkiTargetCAAssertionSign"":12.104800045490265,""pkiTargetCAAssertionVerify"":8.967399954795837}",0,,
1,PKI,166,cross-domain,false,true,373587.97923498583,425037.3938350005,425215.9417350216,178.5479000210762,0,178.5479000210762,0,0,4,0,"{""pkiCertTransferHttp"":0.24239999055862427,""pkiCrossRelayHttp"":0,""pkiOpenSslVerifyLeaf"":9.240800023078918,""pkiLeafOcspHttpQuery"":13.351399958133698,""pkiLeafAssertionSign"":12.406399965286255,""pkiLeafAssertionVerify"":9.154600024223328,""pkiOpenSslVerifySourceCA"":14.185500025749207,""pkiSourceCAOcspHttpQuery"":12.8682000041008,""pkiSourceCAAssertionSign"":12.296000003814697,""pkiSourceCAAssertionVerify"":8.665799975395203,""pkiOpenSslVerifyRootCA"":8.975299954414368,""pkiRootCAOcspHttpQuery"":11.756399989128113,""pkiRootCAAssertionSign"":11.620100021362305,""pkiRootCAAssertionVerify"":9.294699966907501,""pkiOpenSslVerifyTargetCA"":9.048399984836578,""pkiTargetCAOcspHttpQuery"":12.246100008487701,""pkiTargetCAAssertionSign"":11.795199990272522,""pkiTargetCAAssertionVerify"":9.824300050735474}",0,,
1,PKI,167,cross-domain,false,true,374926.25348886405,426375.66808887874,426591.281088914,215.61300003528595,0,215.61300003528595,0,0,4,0,"{""pkiCertTransferHttp"":8.966500043869019,""pkiCrossRelayHttp"":0,""pkiOpenSslVerifyLeaf"":10.406800031661987,""pkiLeafOcspHttpQuery"":15.82370001077652,""pkiLeafAssertionSign"":16.26560002565384,""pkiLeafAssertionVerify"":11.383000016212463,""pkiOpenSslVerifySourceCA"":9.37720000743866,""pkiSourceCAOcspHttpQuery"":12.375199973583221,""pkiSourceCAAssertionSign"":13.021899998188019,""pkiSourceCAAssertionVerify"":9.669600009918213,""pkiOpenSslVerifyRootCA"":8.399199962615967,""pkiRootCAOcspHttpQuery"":35.67500001192093,""pkiRootCAAssertionSign"":12.505299985408783,""pkiRootCAAssertionVerify"":8.975499987602234,""pkiOpenSslVerifyTargetCA"":8.396100044250488,""pkiTargetCAOcspHttpQuery"":12.253600001335144,""pkiTargetCAAssertionSign"":11.48659998178482,""pkiTargetCAAssertionVerify"":9.00189995765686}",0,,
1,PKI,168,cross-domain,false,true,375326.38166854973,426775.7962685644,426956.93026856775,181.13400000333786,0,181.13400000333786,0,0,4,0,"{""pkiCertTransferHttp"":2.6191999912261963,""pkiCrossRelayHttp"":0,""pkiOpenSslVerifyLeaf"":9.144299983978271,""pkiLeafOcspHttpQuery"":11.9375,""pkiLeafAssertionSign"":11.929199993610382,""pkiLeafAssertionVerify"":9.372900009155273,""pkiOpenSslVerifySourceCA"":8.44159996509552,""pkiSourceCAOcspHttpQuery"":12.300499975681305,""pkiSourceCAAssertionSign"":12.421500027179718,""pkiSourceCAAssertionVerify"":9.23829996585846,""pkiOpenSslVerifyRootCA"":8.677000045776367,""pkiRootCAOcspHttpQuery"":12.730299949645996,""pkiRootCAAssertionSign"":13.057600021362305,""pkiRootCAAssertionVerify"":9.99099999666214,""pkiOpenSslVerifyTargetCA"":10.36949998140335,""pkiTargetCAOcspHttpQuery"":13.471599996089935,""pkiTargetCAAssertionSign"":12.74049997329712,""pkiTargetCAAssertionVerify"":10.922399997711182}",0,,
1,PKI,169,cross-domain,false,true,376968.5427114357,428417.9573114504,428623.64791142836,205.69059997797012,0,205.69059997797012,0,0,4,0,"{""pkiCertTransferHttp"":4.00900000333786,""pkiCrossRelayHttp"":0,""pkiOpenSslVerifyLeaf"":10.100799977779388,""pkiLeafOcspHttpQuery"":12.830600023269653,""pkiLeafAssertionSign"":12.07370001077652,""pkiLeafAssertionVerify"":10.050900042057037,""pkiOpenSslVerifySourceCA"":10.546000003814697,""pkiSourceCAOcspHttpQuery"":12.43910002708435,""pkiSourceCAAssertionSign"":12.676699995994568,""pkiSourceCAAssertionVerify"":10.23420000076294,""pkiOpenSslVerifyRootCA"":8.833599984645844,""pkiRootCAOcspHttpQuery"":34.92150002717972,""pkiRootCAAssertionSign"":12.776900053024292,""pkiRootCAAssertionVerify"":9.453700006008148,""pkiOpenSslVerifyTargetCA"":9.123600006103516,""pkiTargetCAOcspHttpQuery"":12.687400043010712,""pkiTargetCAAssertionSign"":12.083400011062622,""pkiTargetCAAssertionVerify"":9.238999962806702}",0,,
1,PKI,170,cross-domain,false,true,377500.54776333674,428949.9623633514,429125.3686633597,175.40630000829697,0,175.40630000829697,0,0,4,0,"{""pkiCertTransferHttp"":4.635900020599365,""pkiCrossRelayHttp"":0,""pkiOpenSslVerifyLeaf"":9.751500010490417,""pkiLeafOcspHttpQuery"":12.597000002861023,""pkiLeafAssertionSign"":12.175000011920929,""pkiLeafAssertionVerify"":9.00950002670288,""pkiOpenSslVerifySourceCA"":9.491200029850006,""pkiSourceCAOcspHttpQuery"":12.369199991226196,""pkiSourceCAAssertionSign"":11.755999982357025,""pkiSourceCAAssertionVerify"":8.66760003566742,""pkiOpenSslVerifyRootCA"":8.374800026416779,""pkiRootCAOcspHttpQuery"":11.838599979877472,""pkiRootCAAssertionSign"":12.008599996566772,""pkiRootCAAssertionVerify"":8.9200000166893,""pkiOpenSslVerifyTargetCA"":9.130299985408783,""pkiTargetCAOcspHttpQuery"":12.17519998550415,""pkiTargetCAAssertionSign"":11.572300016880035,""pkiTargetCAAssertionVerify"":9.324899971485138}",0,,
1,PKI,171,cross-domain,false,true,379151.58599263127,430601.00059264596,430774.0784926384,173.07789999246597,0,173.07789999246597,0,0,4,0,"{""pkiCertTransferHttp"":3.651199996471405,""pkiCrossRelayHttp"":0,""pkiOpenSslVerifyLeaf"":9.38069999217987,""pkiLeafOcspHttpQuery"":12.259400010108948,""pkiLeafAssertionSign"":12.048399984836578,""pkiLeafAssertionVerify"":9.129200041294098,""pkiOpenSslVerifySourceCA"":8.986000001430511,""pkiSourceCAOcspHttpQuery"":12.429099977016449,""pkiSourceCAAssertionSign"":12.279900014400482,""pkiSourceCAAssertionVerify"":8.790700018405914,""pkiOpenSslVerifyRootCA"":8.421000003814697,""pkiRootCAOcspHttpQuery"":11.941699981689453,""pkiRootCAAssertionSign"":11.332800030708313,""pkiRootCAAssertionVerify"":9.054100036621094,""pkiOpenSslVerifyTargetCA"":8.730199992656708,""pkiTargetCAOcspHttpQuery"":12.005100011825562,""pkiTargetCAAssertionSign"":12.03870004415512,""pkiTargetCAAssertionVerify"":9.093400001525879}",0,,
1,PKI,172,cross-domain,false,true,379960.8711650116,431410.2857650263,431609.8658650262,199.58009999990463,0,199.58009999990463,0,0,4,0,"{""pkiCertTransferHttp"":16.56800001859665,""pkiCrossRelayHttp"":0,""pkiOpenSslVerifyLeaf"":9.499300003051758,""pkiLeafOcspHttpQuery"":12.14410001039505,""pkiLeafAssertionSign"":11.607200026512146,""pkiLeafAssertionVerify"":9.36159998178482,""pkiOpenSslVerifySourceCA"":8.763300001621246,""pkiSourceCAOcspHttpQuery"":12.16430002450943,""pkiSourceCAAssertionSign"":11.809900045394897,""pkiSourceCAAssertionVerify"":9.105000019073486,""pkiOpenSslVerifyRootCA"":8.453599989414215,""pkiRootCAOcspHttpQuery"":11.497500002384186,""pkiRootCAAssertionSign"":12.876699984073639,""pkiRootCAAssertionVerify"":10.285899996757507,""pkiOpenSslVerifyTargetCA"":10.504000008106232,""pkiTargetCAOcspHttpQuery"":15.384400010108948,""pkiTargetCAAssertionSign"":16.33789998292923,""pkiTargetCAAssertionVerify"":11.598399996757507}",0,,
1,PKI,173,cross-domain,false,true,384177.2778764345,435626.6924764492,435818.36947643536,191.67699998617172,0,191.67699998617172,0,0,4,0,"{""pkiCertTransferHttp"":19.180299997329712,""pkiCrossRelayHttp"":0,""pkiOpenSslVerifyLeaf"":9.914499998092651,""pkiLeafOcspHttpQuery"":12.43670004606247,""pkiLeafAssertionSign"":11.983500003814697,""pkiLeafAssertionVerify"":9.607100009918213,""pkiOpenSslVerifySourceCA"":9.60640001296997,""pkiSourceCAOcspHttpQuery"":12.103200018405914,""pkiSourceCAAssertionSign"":12.424399971961975,""pkiSourceCAAssertionVerify"":9.183899998664856,""pkiOpenSslVerifyRootCA"":8.298700034618378,""pkiRootCAOcspHttpQuery"":12.169799983501434,""pkiRootCAAssertionSign"":11.921999990940094,""pkiRootCAAssertionVerify"":8.471200048923492,""pkiOpenSslVerifyTargetCA"":9.101599991321564,""pkiTargetCAOcspHttpQuery"":12.263999998569489,""pkiTargetCAAssertionSign"":12.127699971199036,""pkiTargetCAAssertionVerify"":9.340800046920776}",0,,
1,PKI,174,cross-domain,false,true,384340.67973154364,435790.0943315583,435996.6057315427,206.51139998435974,0,206.51139998435974,0,0,4,0,"{""pkiCertTransferHttp"":26.081499993801117,""pkiCrossRelayHttp"":0,""pkiOpenSslVerifyLeaf"":9.944400012493134,""pkiLeafOcspHttpQuery"":12.202600002288818,""pkiLeafAssertionSign"":11.470600008964539,""pkiLeafAssertionVerify"":9.713900029659271,""pkiOpenSslVerifySourceCA"":9.453400015830994,""pkiSourceCAOcspHttpQuery"":13.155000030994415,""pkiSourceCAAssertionSign"":12.808299958705902,""pkiSourceCAAssertionVerify"":10.614199995994568,""pkiOpenSslVerifyRootCA"":9.412800014019012,""pkiRootCAOcspHttpQuery"":12.194200038909912,""pkiRootCAAssertionSign"":12.675100028514862,""pkiRootCAAssertionVerify"":10.020900011062622,""pkiOpenSslVerifyTargetCA"":10.064500033855438,""pkiTargetCAOcspHttpQuery"":12.715200006961823,""pkiTargetCAAssertionSign"":12.535199999809265,""pkiTargetCAAssertionVerify"":9.769999980926514}",0,,
1,PKI,175,cross-domain,false,true,386757.44611662946,438206.86071664415,438385.08381665073,178.22310000658035,0,178.22310000658035,0,0,4,0,"{""pkiCertTransferHttp"":3.5038000345230103,""pkiCrossRelayHttp"":0,""pkiOpenSslVerifyLeaf"":9.548999965190887,""pkiLeafOcspHttpQuery"":12.289499998092651,""pkiLeafAssertionSign"":11.623799979686737,""pkiLeafAssertionVerify"":9.666400015354156,""pkiOpenSslVerifySourceCA"":9.341899991035461,""pkiSourceCAOcspHttpQuery"":12.229800045490265,""pkiSourceCAAssertionSign"":12.28190004825592,""pkiSourceCAAssertionVerify"":9.9685999751091,""pkiOpenSslVerifyRootCA"":9.22110003232956,""pkiRootCAOcspHttpQuery"":12.551400005817413,""pkiRootCAAssertionSign"":12.45219999551773,""pkiRootCAAssertionVerify"":9.081700026988983,""pkiOpenSslVerifyTargetCA"":9.35369998216629,""pkiTargetCAOcspHttpQuery"":12.215200006961823,""pkiTargetCAAssertionSign"":11.628100037574768,""pkiTargetCAAssertionVerify"":9.603600025177002}",0,,
1,PKI,176,cross-domain,false,true,390449.4188758093,441898.833475824,442075.5546758133,176.72119998931885,0,176.72119998931885,0,0,4,0,"{""pkiCertTransferHttp"":3.1857999563217163,""pkiCrossRelayHttp"":0,""pkiOpenSslVerifyLeaf"":9.93970000743866,""pkiLeafOcspHttpQuery"":12.036800026893616,""pkiLeafAssertionSign"":12.636099994182587,""pkiLeafAssertionVerify"":9.962999999523163,""pkiOpenSslVerifySourceCA"":9.166999995708466,""pkiSourceCAOcspHttpQuery"":12.41780000925064,""pkiSourceCAAssertionSign"":11.801999986171722,""pkiSourceCAAssertionVerify"":8.833299994468689,""pkiOpenSslVerifyRootCA"":9.320199966430664,""pkiRootCAOcspHttpQuery"":12.843699991703033,""pkiRootCAAssertionSign"":11.595499992370605,""pkiRootCAAssertionVerify"":8.917300045490265,""pkiOpenSslVerifyTargetCA"":8.895900011062622,""pkiTargetCAOcspHttpQuery"":12.054199993610382,""pkiTargetCAAssertionSign"":12.330600023269653,""pkiTargetCAAssertionVerify"":9.050699949264526}",0,,
1,PKI,177,cross-domain,false,true,393259.8418333902,444709.25643340487,444884.25523338455,174.99879997968674,0,174.99879997968674,0,0,4,0,"{""pkiCertTransferHttp"":2.864199995994568,""pkiCrossRelayHttp"":0,""pkiOpenSslVerifyLeaf"":8.802599966526031,""pkiLeafOcspHttpQuery"":12.205000042915344,""pkiLeafAssertionSign"":12.066299974918365,""pkiLeafAssertionVerify"":8.870399951934814,""pkiOpenSslVerifySourceCA"":9.118800044059753,""pkiSourceCAOcspHttpQuery"":11.93910002708435,""pkiSourceCAAssertionSign"":12.764999985694885,""pkiSourceCAAssertionVerify"":9.96119999885559,""pkiOpenSslVerifyRootCA"":8.900600016117096,""pkiRootCAOcspHttpQuery"":12.1007000207901,""pkiRootCAAssertionSign"":12.248299956321716,""pkiRootCAAssertionVerify"":9.088600039482117,""pkiOpenSslVerifyTargetCA"":9.253199994564056,""pkiTargetCAOcspHttpQuery"":12.120000004768372,""pkiTargetCAAssertionSign"":11.978900015354156,""pkiTargetCAAssertionVerify"":9.013100028038025}",0,,
1,PKI,178,cross-domain,false,true,396150.6772748386,447600.0918748533,447903.58967490547,303.497800052166,0,303.497800052166,0,0,4,0,"{""pkiCertTransferHttp"":15.039799988269806,""pkiCrossRelayHttp"":0,""pkiOpenSslVerifyLeaf"":9.223100006580353,""pkiLeafOcspHttpQuery"":13.129800021648407,""pkiLeafAssertionSign"":13.9378000497818,""pkiLeafAssertionVerify"":9.633299946784973,""pkiOpenSslVerifySourceCA"":8.633300006389618,""pkiSourceCAOcspHttpQuery"":12.345300018787384,""pkiSourceCAAssertionSign"":14.026799976825714,""pkiSourceCAAssertionVerify"":9.501699984073639,""pkiOpenSslVerifyRootCA"":10.145600020885468,""pkiRootCAOcspHttpQuery"":16.188700020313263,""pkiRootCAAssertionSign"":119.11570000648499,""pkiRootCAAssertionVerify"":9.589199960231781,""pkiOpenSslVerifyTargetCA"":9.167599976062775,""pkiTargetCAOcspHttpQuery"":11.999599993228912,""pkiTargetCAAssertionSign"":11.683600008487701,""pkiTargetCAAssertionVerify"":8.394599974155426}",0,,
1,PKI,179,cross-domain,false,true,399655.11691835476,451104.53151836945,451276.396618336,171.86509996652603,0,171.86509996652603,0,0,4,0,"{""pkiCertTransferHttp"":1.9146000146865845,""pkiCrossRelayHttp"":0,""pkiOpenSslVerifyLeaf"":9.15669995546341,""pkiLeafOcspHttpQuery"":11.64410001039505,""pkiLeafAssertionSign"":11.176700055599213,""pkiLeafAssertionVerify"":8.988599956035614,""pkiOpenSslVerifySourceCA"":8.45440000295639,""pkiSourceCAOcspHttpQuery"":11.41949999332428,""pkiSourceCAAssertionSign"":11.542900025844574,""pkiSourceCAAssertionVerify"":9.114299952983856,""pkiOpenSslVerifyRootCA"":8.710700035095215,""pkiRootCAOcspHttpQuery"":11.977200031280518,""pkiRootCAAssertionSign"":12.281199991703033,""pkiRootCAAssertionVerify"":9.330799996852875,""pkiOpenSslVerifyTargetCA"":9.306300044059753,""pkiTargetCAOcspHttpQuery"":13.34579998254776,""pkiTargetCAAssertionSign"":12.62550002336502,""pkiTargetCAAssertionVerify"":9.328499972820282}",0,,
1,PKI,180,cross-domain,false,true,400491.48677842936,451940.90137844405,452144.0458784612,203.14450001716614,0,203.14450001716614,0,0,4,0,"{""pkiCertTransferHttp"":14.842100024223328,""pkiCrossRelayHttp"":0,""pkiOpenSslVerifyLeaf"":10.070299983024597,""pkiLeafOcspHttpQuery"":13.117199957370758,""pkiLeafAssertionSign"":12.616900026798248,""pkiLeafAssertionVerify"":9.450800001621246,""pkiOpenSslVerifySourceCA"":9.32719999551773,""pkiSourceCAOcspHttpQuery"":12.102999985218048,""pkiSourceCAAssertionSign"":12.45389997959137,""pkiSourceCAAssertionVerify"":9.603999972343445,""pkiOpenSslVerifyRootCA"":8.797100007534027,""pkiRootCAOcspHttpQuery"":28.06410002708435,""pkiRootCAAssertionSign"":11.639299988746643,""pkiRootCAAssertionVerify"":8.628199994564056,""pkiOpenSslVerifyTargetCA"":8.417500019073486,""pkiTargetCAOcspHttpQuery"":11.713199973106384,""pkiTargetCAAssertionSign"":11.500299990177155,""pkiTargetCAAssertionVerify"":9.146899998188019}",0,,
1,PKI,181,cross-domain,false,true,402534.6302300484,453984.04483006307,454153.7410300166,169.69619995355606,0,169.69619995355606,0,0,4,0,"{""pkiCertTransferHttp"":0.6309000253677368,""pkiCrossRelayHttp"":0,""pkiOpenSslVerifyLeaf"":8.789499998092651,""pkiLeafOcspHttpQuery"":12.134999990463257,""pkiLeafAssertionSign"":12.354300022125244,""pkiLeafAssertionVerify"":9.388700008392334,""pkiOpenSslVerifySourceCA"":9.510000050067902,""pkiSourceCAOcspHttpQuery"":12.241499960422516,""pkiSourceCAAssertionSign"":11.438500046730042,""pkiSourceCAAssertionVerify"":8.976799964904785,""pkiOpenSslVerifyRootCA"":8.319099962711334,""pkiRootCAOcspHttpQuery"":11.971800029277802,""pkiRootCAAssertionSign"":11.435599982738495,""pkiRootCAAssertionVerify"":8.783199965953827,""pkiOpenSslVerifyTargetCA"":8.733200013637543,""pkiTargetCAOcspHttpQuery"":11.859299957752228,""pkiTargetCAAssertionSign"":11.861199975013733,""pkiTargetCAAssertionVerify"":9.48800003528595}",0,,
1,PKI,182,cross-domain,false,true,403624.25392557116,455073.66852558585,455258.1799255702,184.51139998435974,0,184.51139998435974,0,0,4,0,"{""pkiCertTransferHttp"":13.472199976444244,""pkiCrossRelayHttp"":0,""pkiOpenSslVerifyLeaf"":9.38730001449585,""pkiLeafOcspHttpQuery"":12.465900003910065,""pkiLeafAssertionSign"":12.360400021076202,""pkiLeafAssertionVerify"":8.79419994354248,""pkiOpenSslVerifySourceCA"":8.984000027179718,""pkiSourceCAOcspHttpQuery"":11.758800029754639,""pkiSourceCAAssertionSign"":11.33050000667572,""pkiSourceCAAssertionVerify"":9.36930000782013,""pkiOpenSslVerifyRootCA"":10.05349999666214,""pkiRootCAOcspHttpQuery"":12.14869999885559,""pkiRootCAAssertionSign"":11.727800011634827,""pkiRootCAAssertionVerify"":8.547299981117249,""pkiOpenSslVerifyTargetCA"":9.227299988269806,""pkiTargetCAOcspHttpQuery"":11.91590005159378,""pkiTargetCAAssertionSign"":11.998700022697449,""pkiTargetCAAssertionVerify"":9.385300040245056}",0,,
1,PKI,183,cross-domain,false,true,403781.7372156377,455231.1518156524,455420.73381566955,189.58200001716614,0,189.58200001716614,0,0,4,0,"{""pkiCertTransferHttp"":5.50490003824234,""pkiCrossRelayHttp"":0,""pkiOpenSslVerifyLeaf"":9.507999956607819,""pkiLeafOcspHttpQuery"":12.00050002336502,""pkiLeafAssertionSign"":12.015699982643127,""pkiLeafAssertionVerify"":9.389999985694885,""pkiOpenSslVerifySourceCA"":8.945600032806396,""pkiSourceCAOcspHttpQuery"":12.615599989891052,""pkiSourceCAAssertionSign"":12.76579999923706,""pkiSourceCAAssertionVerify"":10.711700022220612,""pkiOpenSslVerifyRootCA"":9.217199981212616,""pkiRootCAOcspHttpQuery"":12.124400019645691,""pkiRootCAAssertionSign"":12.095899999141693,""pkiRootCAAssertionVerify"":10.239700019359589,""pkiOpenSslVerifyTargetCA"":10.14819997549057,""pkiTargetCAOcspHttpQuery"":13.460700035095215,""pkiTargetCAAssertionSign"":15.506700038909912,""pkiTargetCAAssertionVerify"":11.57940000295639}",0,,
1,PKI,184,cross-domain,false,true,403929.90609030984,455379.32069032453,455567.02029030584,187.69959998130798,0,187.69959998130798,0,0,4,0,"{""pkiCertTransferHttp"":5.015699982643127,""pkiCrossRelayHttp"":0,""pkiOpenSslVerifyLeaf"":10.040700018405914,""pkiLeafOcspHttpQuery"":13.636799991130829,""pkiLeafAssertionSign"":18.951399981975555,""pkiLeafAssertionVerify"":9.832300007343292,""pkiOpenSslVerifySourceCA"":9.854200005531311,""pkiSourceCAOcspHttpQuery"":13.035400032997131,""pkiSourceCAAssertionSign"":12.177799999713898,""pkiSourceCAAssertionVerify"":9.370700001716614,""pkiOpenSslVerifyRootCA"":8.56769996881485,""pkiRootCAOcspHttpQuery"":11.8057000041008,""pkiRootCAAssertionSign"":12.116200029850006,""pkiRootCAAssertionVerify"":9.407100021839142,""pkiOpenSslVerifyTargetCA"":9.43529999256134,""pkiTargetCAOcspHttpQuery"":11.782400012016296,""pkiTargetCAAssertionSign"":11.538199961185455,""pkiTargetCAAssertionVerify"":9.563199996948242}",0,,
1,PKI,185,cross-domain,false,true,405300.1929117405,456749.6075117552,456934.4472117388,184.8396999835968,0,184.8396999835968,0,0,4,0,"{""pkiCertTransferHttp"":4.605499982833862,""pkiCrossRelayHttp"":0,""pkiOpenSslVerifyLeaf"":9.724800050258636,""pkiLeafOcspHttpQuery"":11.983399987220764,""pkiLeafAssertionSign"":11.75459998846054,""pkiLeafAssertionVerify"":9.024200022220612,""pkiOpenSslVerifySourceCA"":8.9621000289917,""pkiSourceCAOcspHttpQuery"":11.720899999141693,""pkiSourceCAAssertionSign"":12.309899985790253,""pkiSourceCAAssertionVerify"":9.64139997959137,""pkiOpenSslVerifyRootCA"":9.101000010967255,""pkiRootCAOcspHttpQuery"":12.278299987316132,""pkiRootCAAssertionSign"":12.776299953460693,""pkiRootCAAssertionVerify"":9.937099993228912,""pkiOpenSslVerifyTargetCA"":10.019300043582916,""pkiTargetCAOcspHttpQuery"":15.482400000095367,""pkiTargetCAAssertionSign"":13.837199985980988,""pkiTargetCAAssertionVerify"":10.159500002861023}",0,,
1,PKI,186,cross-domain,false,true,406775.588872436,458225.0034724507,458440.86847240065,215.8649999499321,0,215.8649999499321,0,0,4,0,"{""pkiCertTransferHttp"":24.162599980831146,""pkiCrossRelayHttp"":0,""pkiOpenSslVerifyLeaf"":9.900799989700317,""pkiLeafOcspHttpQuery"":12.16399997472763,""pkiLeafAssertionSign"":11.732900023460388,""pkiLeafAssertionVerify"":8.955399990081787,""pkiOpenSslVerifySourceCA"":8.847900032997131,""pkiSourceCAOcspHttpQuery"":12.048999965190887,""pkiSourceCAAssertionSign"":11.80510002374649,""pkiSourceCAAssertionVerify"":8.914799988269806,""pkiOpenSslVerifyRootCA"":9.414000034332275,""pkiRootCAOcspHttpQuery"":31.73420000076294,""pkiRootCAAssertionSign"":11.73010003566742,""pkiRootCAAssertionVerify"":9.096400022506714,""pkiOpenSslVerifyTargetCA"":9.190799951553345,""pkiTargetCAOcspHttpQuery"":12.035600006580353,""pkiTargetCAAssertionSign"":11.858599960803986,""pkiTargetCAAssertionVerify"":10.11379998922348}",0,,
1,PKI,187,cross-domain,false,true,408230.4142919254,459679.82889194007,459868.25459194893,188.42570000886917,0,188.42570000886917,0,0,4,0,"{""pkiCertTransferHttp"":8.458299994468689,""pkiCrossRelayHttp"":0,""pkiOpenSslVerifyLeaf"":9.133700013160706,""pkiLeafOcspHttpQuery"":11.664900004863739,""pkiLeafAssertionSign"":11.642800033092499,""pkiLeafAssertionVerify"":8.757700026035309,""pkiOpenSslVerifySourceCA"":9.094799995422363,""pkiSourceCAOcspHttpQuery"":12.216899991035461,""pkiSourceCAAssertionSign"":11.847900032997131,""pkiSourceCAAssertionVerify"":8.558800041675568,""pkiOpenSslVerifyRootCA"":8.97519999742508,""pkiRootCAOcspHttpQuery"":12.042500019073486,""pkiRootCAAssertionSign"":11.80759996175766,""pkiRootCAAssertionVerify"":9.138500034809113,""pkiOpenSslVerifyTargetCA"":8.700600028038025,""pkiTargetCAOcspHttpQuery"":23.691899955272675,""pkiTargetCAAssertionSign"":12.10530000925064,""pkiTargetCAAssertionVerify"":9.064899981021881}",0,,
1,PKI,188,cross-domain,false,true,408663.31118995824,460112.72578997293,460283.30329001823,170.57750004529953,0,170.57750004529953,0,0,4,0,"{""pkiCertTransferHttp"":3.865899980068207,""pkiCrossRelayHttp"":0,""pkiOpenSslVerifyLeaf"":8.98659998178482,""pkiLeafOcspHttpQuery"":11.570800006389618,""pkiLeafAssertionSign"":11.579699993133545,""pkiLeafAssertionVerify"":9.342000007629395,""pkiOpenSslVerifySourceCA"":8.856599986553192,""pkiSourceCAOcspHttpQuery"":11.447699964046478,""pkiSourceCAAssertionSign"":11.784600019454956,""pkiSourceCAAssertionVerify"":9.02539998292923,""pkiOpenSslVerifyRootCA"":8.478299975395203,""pkiRootCAOcspHttpQuery"":11.715900003910065,""pkiRootCAAssertionSign"":11.975899994373322,""pkiRootCAAssertionVerify"":8.998600006103516,""pkiOpenSslVerifyTargetCA"":8.321900010108948,""pkiTargetCAOcspHttpQuery"":11.854699969291687,""pkiTargetCAAssertionSign"":12.192999958992004,""pkiTargetCAAssertionVerify"":9.023300051689148}",0,,
1,PKI,189,cross-domain,false,true,410708.17450959014,462157.5891096048,462348.58760959434,190.99849998950958,0,190.99849998950958,0,0,4,0,"{""pkiCertTransferHttp"":1.9807999730110168,""pkiCrossRelayHttp"":0,""pkiOpenSslVerifyLeaf"":9.316399991512299,""pkiLeafOcspHttpQuery"":12.448300004005432,""pkiLeafAssertionSign"":11.962699949741364,""pkiLeafAssertionVerify"":9.110699951648712,""pkiOpenSslVerifySourceCA"":8.629700005054474,""pkiSourceCAOcspHttpQuery"":14.977400004863739,""pkiSourceCAAssertionSign"":15.098600029945374,""pkiSourceCAAssertionVerify"":11.95880001783371,""pkiOpenSslVerifyRootCA"":12.178400039672852,""pkiRootCAOcspHttpQuery"":17.33950001001358,""pkiRootCAAssertionSign"":12.496500015258789,""pkiRootCAAssertionVerify"":10.11599999666214,""pkiOpenSslVerifyTargetCA"":9.126900017261505,""pkiTargetCAOcspHttpQuery"":12.132799983024597,""pkiTargetCAAssertionSign"":11.78490000963211,""pkiTargetCAAssertionVerify"":8.77290004491806}",0,,
1,PKI,190,cross-domain,false,true,415381.5123338848,466830.92693389946,467021.07543386513,190.14849996566772,0,190.14849996566772,0,0,4,0,"{""pkiCertTransferHttp"":18.236100018024445,""pkiCrossRelayHttp"":0,""pkiOpenSslVerifyLeaf"":9.479999959468842,""pkiLeafOcspHttpQuery"":12.024200022220612,""pkiLeafAssertionSign"":12.294300019741058,""pkiLeafAssertionVerify"":9.172100007534027,""pkiOpenSslVerifySourceCA"":8.79670000076294,""pkiSourceCAOcspHttpQuery"":12.361800014972687,""pkiSourceCAAssertionSign"":11.523100018501282,""pkiSourceCAAssertionVerify"":8.851500034332275,""pkiOpenSslVerifyRootCA"":8.914900004863739,""pkiRootCAOcspHttpQuery"":11.898299992084503,""pkiRootCAAssertionSign"":11.580099999904633,""pkiRootCAAssertionVerify"":9.388700008392334,""pkiOpenSslVerifyTargetCA"":8.9757000207901,""pkiTargetCAOcspHttpQuery"":12.65880000591278,""pkiTargetCAAssertionSign"":12.171899974346161,""pkiTargetCAAssertionVerify"":10.174800038337708}",0,,
1,PKI,191,cross-domain,false,true,416982.83049744903,468432.2450974637,468625.7725974971,193.5275000333786,0,193.5275000333786,0,0,4,0,"{""pkiCertTransferHttp"":1.7023999691009521,""pkiCrossRelayHttp"":0,""pkiOpenSslVerifyLeaf"":9.464600026607513,""pkiLeafOcspHttpQuery"":12.815400004386902,""pkiLeafAssertionSign"":12.797399997711182,""pkiLeafAssertionVerify"":9.604900002479553,""pkiOpenSslVerifySourceCA"":9.000099956989288,""pkiSourceCAOcspHttpQuery"":12.679700016975403,""pkiSourceCAAssertionSign"":11.922100007534027,""pkiSourceCAAssertionVerify"":9.216200053691864,""pkiOpenSslVerifyRootCA"":9.81139999628067,""pkiRootCAOcspHttpQuery"":13.124399960041046,""pkiRootCAAssertionSign"":12.195100009441376,""pkiRootCAAssertionVerify"":9.279399991035461,""pkiOpenSslVerifyTargetCA"":9.098699986934662,""pkiTargetCAOcspHttpQuery"":27.893299996852875,""pkiTargetCAAssertionSign"":12.188499987125397,""pkiTargetCAAssertionVerify"":9.01969999074936}",0,,
1,PKI,192,cross-domain,false,true,419390.11845339095,470839.53305340564,471016.61595339334,177.0828999876976,0,177.0828999876976,0,0,4,0,"{""pkiCertTransferHttp"":6.981400012969971,""pkiCrossRelayHttp"":0,""pkiOpenSslVerifyLeaf"":9.785400032997131,""pkiLeafOcspHttpQuery"":12.541000008583069,""pkiLeafAssertionSign"":11.983000040054321,""pkiLeafAssertionVerify"":8.925300002098083,""pkiOpenSslVerifySourceCA"":8.641099989414215,""pkiSourceCAOcspHttpQuery"":11.983999967575073,""pkiSourceCAAssertionSign"":12.593200027942657,""pkiSourceCAAssertionVerify"":9.016400039196014,""pkiOpenSslVerifyRootCA"":8.96529996395111,""pkiRootCAOcspHttpQuery"":11.860599994659424,""pkiRootCAAssertionSign"":11.171800017356873,""pkiRootCAAssertionVerify"":9.117200016975403,""pkiOpenSslVerifyTargetCA"":9.303799986839294,""pkiTargetCAOcspHttpQuery"":12.175000011920929,""pkiTargetCAAssertionSign"":11.667500019073486,""pkiTargetCAAssertionVerify"":8.878399968147278}",0,,
1,PKI,193,cross-domain,false,true,426607.10784093535,478056.52244095004,478260.73434094584,204.21189999580383,0,204.21189999580383,0,0,4,0,"{""pkiCertTransferHttp"":13.82829999923706,""pkiCrossRelayHttp"":0,""pkiOpenSslVerifyLeaf"":9.38069999217987,""pkiLeafOcspHttpQuery"":11.659200012683868,""pkiLeafAssertionSign"":11.796000003814697,""pkiLeafAssertionVerify"":9.284099996089935,""pkiOpenSslVerifySourceCA"":8.929300010204315,""pkiSourceCAOcspHttpQuery"":12.103900015354156,""pkiSourceCAAssertionSign"":11.796999990940094,""pkiSourceCAAssertionVerify"":9.13450002670288,""pkiOpenSslVerifyRootCA"":8.310199975967407,""pkiRootCAOcspHttpQuery"":34.689400017261505,""pkiRootCAAssertionSign"":12.48530000448227,""pkiRootCAAssertionVerify"":8.788300037384033,""pkiOpenSslVerifyTargetCA"":8.51040005683899,""pkiTargetCAOcspHttpQuery"":11.377799987792969,""pkiTargetCAAssertionSign"":11.699899971485138,""pkiTargetCAAssertionVerify"":8.920100033283234}",0,,
1,PKI,194,cross-domain,false,true,427696.3613370458,479145.7759370605,479319.269137005,173.49319994449615,0,173.49319994449615,0,0,4,0,"{""pkiCertTransferHttp"":1.1032000184059143,""pkiCrossRelayHttp"":0,""pkiOpenSslVerifyLeaf"":8.486699998378754,""pkiLeafOcspHttpQuery"":11.635599970817566,""pkiLeafAssertionSign"":11.648899972438812,""pkiLeafAssertionVerify"":9.617599964141846,""pkiOpenSslVerifySourceCA"":9.102100014686584,""pkiSourceCAOcspHttpQuery"":12.01369994878769,""pkiSourceCAAssertionSign"":12.291299998760223,""pkiSourceCAAssertionVerify"":9.33050000667572,""pkiOpenSslVerifyRootCA"":8.561100006103516,""pkiRootCAOcspHttpQuery"":11.405700027942657,""pkiRootCAAssertionSign"":11.558300018310547,""pkiRootCAAssertionVerify"":9.491699993610382,""pkiOpenSslVerifyTargetCA"":9.510999977588654,""pkiTargetCAOcspHttpQuery"":11.63400000333786,""pkiTargetCAAssertionSign"":13.697400033473969,""pkiTargetCAAssertionVerify"":10.730199992656708}",0,,
1,PKI,195,cross-domain,false,true,429925.6193990132,481375.03399902786,481562.54879903997,187.51480001211166,0,187.51480001211166,0,0,4,0,"{""pkiCertTransferHttp"":4.729099988937378,""pkiCrossRelayHttp"":0,""pkiOpenSslVerifyLeaf"":12.156499981880188,""pkiLeafOcspHttpQuery"":15.944700002670288,""pkiLeafAssertionSign"":14.87040001153946,""pkiLeafAssertionVerify"":9.608200013637543,""pkiOpenSslVerifySourceCA"":9.499100029468536,""pkiSourceCAOcspHttpQuery"":12.352100014686584,""pkiSourceCAAssertionSign"":12.347899973392487,""pkiSourceCAAssertionVerify"":10.05189996957779,""pkiOpenSslVerifyRootCA"":9.09610003232956,""pkiRootCAOcspHttpQuery"":11.945699989795685,""pkiRootCAAssertionSign"":11.842199981212616,""pkiRootCAAssertionVerify"":9.538299977779388,""pkiOpenSslVerifyTargetCA"":9.209299981594086,""pkiTargetCAOcspHttpQuery"":11.608700037002563,""pkiTargetCAAssertionSign"":11.626500010490417,""pkiTargetCAAssertionVerify"":9.528200030326843}",0,,
1,PKI,196,cross-domain,false,true,432478.42933335167,483927.84393336636,484126.7499333845,198.9060000181198,0,198.9060000181198,0,0,4,0,"{""pkiCertTransferHttp"":22.02999997138977,""pkiCrossRelayHttp"":0,""pkiOpenSslVerifyLeaf"":9.857400000095367,""pkiLeafOcspHttpQuery"":11.85209995508194,""pkiLeafAssertionSign"":11.516099989414215,""pkiLeafAssertionVerify"":8.686599969863892,""pkiOpenSslVerifySourceCA"":8.649200022220612,""pkiSourceCAOcspHttpQuery"":12.38510000705719,""pkiSourceCAAssertionSign"":12.099500000476837,""pkiSourceCAAssertionVerify"":9.04559999704361,""pkiOpenSslVerifyRootCA"":9.015200018882751,""pkiRootCAOcspHttpQuery"":12.364300012588501,""pkiRootCAAssertionSign"":13.515699982643127,""pkiRootCAAssertionVerify"":10.104499995708466,""pkiOpenSslVerifyTargetCA"":10.036099970340729,""pkiTargetCAOcspHttpQuery"":12.703900039196014,""pkiTargetCAAssertionSign"":13.87940001487732,""pkiTargetCAAssertionVerify"":9.606500029563904}",0,,
1,PKI,197,cross-domain,false,true,433788.4425544319,485237.8571544466,485408.78445448255,170.92730003595352,0,170.92730003595352,0,0,4,0,"{""pkiCertTransferHttp"":0.7330000400543213,""pkiCrossRelayHttp"":0,""pkiOpenSslVerifyLeaf"":9.655799984931946,""pkiLeafOcspHttpQuery"":12.767899990081787,""pkiLeafAssertionSign"":12.793899953365326,""pkiLeafAssertionVerify"":9.425900042057037,""pkiOpenSslVerifySourceCA"":8.699999988079071,""pkiSourceCAOcspHttpQuery"":12.249600052833557,""pkiSourceCAAssertionSign"":12.244700014591217,""pkiSourceCAAssertionVerify"":8.615099966526031,""pkiOpenSslVerifyRootCA"":8.651099979877472,""pkiRootCAOcspHttpQuery"":11.437200009822845,""pkiRootCAAssertionSign"":11.638199985027313,""pkiRootCAAssertionVerify"":8.914600014686584,""pkiOpenSslVerifyTargetCA"":8.90259999036789,""pkiTargetCAOcspHttpQuery"":12.318599998950958,""pkiTargetCAAssertionSign"":11.65279996395111,""pkiTargetCAAssertionVerify"":8.597800016403198}",0,,
1,PKI,198,cross-domain,false,true,434421.4114307569,485870.8260307716,486038.6006308006,167.7746000289917,0,167.7746000289917,0,0,4,0,"{""pkiCertTransferHttp"":0.3181999921798706,""pkiCrossRelayHttp"":0,""pkiOpenSslVerifyLeaf"":8.711899995803833,""pkiLeafOcspHttpQuery"":11.944999992847443,""pkiLeafAssertionSign"":12.326799988746643,""pkiLeafAssertionVerify"":9.605000019073486,""pkiOpenSslVerifySourceCA"":9.135200023651123,""pkiSourceCAOcspHttpQuery"":11.85920000076294,""pkiSourceCAAssertionSign"":11.326799988746643,""pkiSourceCAAssertionVerify"":8.738499999046326,""pkiOpenSslVerifyRootCA"":8.570500016212463,""pkiRootCAOcspHttpQuery"":11.83950001001358,""pkiRootCAAssertionSign"":11.08730000257492,""pkiRootCAAssertionVerify"":9.340499997138977,""pkiOpenSslVerifyTargetCA"":8.660699963569641,""pkiTargetCAOcspHttpQuery"":11.792999982833862,""pkiTargetCAAssertionSign"":11.862100005149841,""pkiTargetCAAssertionVerify"":9.106000006198883}",0,,
1,PKI,199,cross-domain,false,true,436541.5850840685,487990.99968408316,488178.82288407057,187.8231999874115,0,187.8231999874115,0,0,4,0,"{""pkiCertTransferHttp"":12.18829995393753,""pkiCrossRelayHttp"":0,""pkiOpenSslVerifyLeaf"":9.785099983215332,""pkiLeafOcspHttpQuery"":12.192700028419495,""pkiLeafAssertionSign"":11.421600043773651,""pkiLeafAssertionVerify"":9.285399973392487,""pkiOpenSslVerifySourceCA"":8.973999977111816,""pkiSourceCAOcspHttpQuery"":14.149399995803833,""pkiSourceCAAssertionSign"":12.819100022315979,""pkiSourceCAAssertionVerify"":8.947799980640411,""pkiOpenSslVerifyRootCA"":9.189200043678284,""pkiRootCAOcspHttpQuery"":12.72900003194809,""pkiRootCAAssertionSign"":12.039399981498718,""pkiRootCAAssertionVerify"":9.323400020599365,""pkiOpenSslVerifyTargetCA"":9.474299967288971,""pkiTargetCAOcspHttpQuery"":12.189300000667572,""pkiTargetCAAssertionSign"":12.204100012779236,""pkiTargetCAAssertionVerify"":9.284600019454956}",0,,
1,PKI,200,cross-domain,false,true,442645.69013098354,494095.1047309982,494283.38003096456,188.2752999663353,0,188.2752999663353,0,0,4,0,"{""pkiCertTransferHttp"":5.666299998760223,""pkiCrossRelayHttp"":0,""pkiOpenSslVerifyLeaf"":9.25299996137619,""pkiLeafOcspHttpQuery"":11.473100006580353,""pkiLeafAssertionSign"":11.594700038433075,""pkiLeafAssertionVerify"":10.038300037384033,""pkiOpenSslVerifySourceCA"":9.146200001239777,""pkiSourceCAOcspHttpQuery"":12.198000013828278,""pkiSourceCAAssertionSign"":12.2882000207901,""pkiSourceCAAssertionVerify"":9.455000042915344,""pkiOpenSslVerifyRootCA"":9.23630005121231,""pkiRootCAOcspHttpQuery"":18.943200051784515,""pkiRootCAAssertionSign"":12.035699963569641,""pkiRootCAAssertionVerify"":9.288500010967255,""pkiOpenSslVerifyTargetCA"":10.089600026607513,""pkiTargetCAOcspHttpQuery"":12.512899994850159,""pkiTargetCAAssertionSign"":13.325299978256226,""pkiTargetCAAssertionVerify"":10.045500040054321}",0,,
1,PKI,201,cross-domain,false,true,443126.67380944797,494576.08840946265,494771.35450945207,195.26609998941422,0,195.26609998941422,0,0,4,0,"{""pkiCertTransferHttp"":21.623000025749207,""pkiCrossRelayHttp"":0,""pkiOpenSslVerifyLeaf"":12.444700002670288,""pkiLeafOcspHttpQuery"":12.523099958896637,""pkiLeafAssertionSign"":13.390199959278107,""pkiLeafAssertionVerify"":8.823300004005432,""pkiOpenSslVerifySourceCA"":8.986899971961975,""pkiSourceCAOcspHttpQuery"":11.640699982643127,""pkiSourceCAAssertionSign"":11.447100043296814,""pkiSourceCAAssertionVerify"":9.006999969482422,""pkiOpenSslVerifyRootCA"":9.313500046730042,""pkiRootCAOcspHttpQuery"":12.328700006008148,""pkiRootCAAssertionSign"":11.570599973201752,""pkiRootCAAssertionVerify"":8.946900010108948,""pkiOpenSslVerifyTargetCA"":8.959800004959106,""pkiTargetCAOcspHttpQuery"":11.578199982643127,""pkiTargetCAAssertionSign"":11.986800014972687,""pkiTargetCAAssertionVerify"":9.106800019741058}",0,,
1,PKI,202,cross-domain,false,true,444051.7921290944,495501.2067291091,495678.1578291009,176.9510999917984,0,176.9510999917984,0,0,4,0,"{""pkiCertTransferHttp"":1.8066999912261963,""pkiCrossRelayHttp"":0,""pkiOpenSslVerifyLeaf"":8.381699979305267,""pkiLeafOcspHttpQuery"":11.38450002670288,""pkiLeafAssertionSign"":11.590499997138977,""pkiLeafAssertionVerify"":8.462799966335297,""pkiOpenSslVerifySourceCA"":8.930899977684021,""pkiSourceCAOcspHttpQuery"":12.083000004291534,""pkiSourceCAAssertionSign"":11.213099956512451,""pkiSourceCAAssertionVerify"":9.2010999917984,""pkiOpenSslVerifyRootCA"":9.591899991035461,""pkiRootCAOcspHttpQuery"":13.20880001783371,""pkiRootCAAssertionSign"":13.046000003814697,""pkiRootCAAssertionVerify"":10.915999948978424,""pkiOpenSslVerifyTargetCA"":9.860199987888336,""pkiTargetCAOcspHttpQuery"":13.567800045013428,""pkiTargetCAAssertionSign"":12.501599967479706,""pkiTargetCAAssertionVerify"":9.623099982738495}",0,,
1,PKI,203,cross-domain,false,true,444842.17810262664,496291.5927026413,496464.74610264524,173.15340000391006,0,173.15340000391006,0,0,4,0,"{""pkiCertTransferHttp"":0.06529998779296875,""pkiCrossRelayHttp"":0,""pkiOpenSslVerifyLeaf"":9.7878999710083,""pkiLeafOcspHttpQuery"":12.542099952697754,""pkiLeafAssertionSign"":12.379299998283386,""pkiLeafAssertionVerify"":9.395399987697601,""pkiOpenSslVerifySourceCA"":9.191799998283386,""pkiSourceCAOcspHttpQuery"":12.216299951076508,""pkiSourceCAAssertionSign"":11.872099995613098,""pkiSourceCAAssertionVerify"":8.743300020694733,""pkiOpenSslVerifyRootCA"":8.752099990844727,""pkiRootCAOcspHttpQuery"":12.383899986743927,""pkiRootCAAssertionSign"":11.786700010299683,""pkiRootCAAssertionVerify"":9.1496000289917,""pkiOpenSslVerifyTargetCA"":9.358399987220764,""pkiTargetCAOcspHttpQuery"":12.008199989795685,""pkiTargetCAAssertionSign"":12.40090000629425,""pkiTargetCAAssertionVerify"":9.498999953269958}",0,,
1,PKI,204,cross-domain,false,true,464778.8422051336,516228.25680514827,516397.0717051293,168.81489998102188,0,168.81489998102188,0,0,4,0,"{""pkiCertTransferHttp"":0.7807999849319458,""pkiCrossRelayHttp"":0,""pkiOpenSslVerifyLeaf"":8.852999985218048,""pkiLeafOcspHttpQuery"":11.839199960231781,""pkiLeafAssertionSign"":12.19269996881485,""pkiLeafAssertionVerify"":9.017399966716766,""pkiOpenSslVerifySourceCA"":9.470700025558472,""pkiSourceCAOcspHttpQuery"":12.364499986171722,""pkiSourceCAAssertionSign"":11.569000005722046,""pkiSourceCAAssertionVerify"":8.808300018310547,""pkiOpenSslVerifyRootCA"":8.312200009822845,""pkiRootCAOcspHttpQuery"":12.095399975776672,""pkiRootCAAssertionSign"":11.550100028514862,""pkiRootCAAssertionVerify"":8.891099989414215,""pkiOpenSslVerifyTargetCA"":9.096099972724915,""pkiTargetCAOcspHttpQuery"":11.9375,""pkiTargetCAAssertionSign"":11.626500010490417,""pkiTargetCAAssertionVerify"":8.858399987220764}",0,,
1,PKI,205,cross-domain,false,true,465212.3992032872,516661.8138033019,516863.4457033144,201.63190001249313,0,201.63190001249313,0,0,4,0,"{""pkiCertTransferHttp"":5.955000042915344,""pkiCrossRelayHttp"":0,""pkiOpenSslVerifyLeaf"":8.93639999628067,""pkiLeafOcspHttpQuery"":11.773599982261658,""pkiLeafAssertionSign"":11.854999959468842,""pkiLeafAssertionVerify"":9.64980000257492,""pkiOpenSslVerifySourceCA"":8.949500024318695,""pkiSourceCAOcspHttpQuery"":12.198199987411499,""pkiSourceCAAssertionSign"":12.615799963474274,""pkiSourceCAAssertionVerify"":8.934599995613098,""pkiOpenSslVerifyRootCA"":8.879199981689453,""pkiRootCAOcspHttpQuery"":11.649399995803833,""pkiRootCAAssertionSign"":11.37059998512268,""pkiRootCAAssertionVerify"":8.767300009727478,""pkiOpenSslVerifyTargetCA"":8.511699974536896,""pkiTargetCAOcspHttpQuery"":38.04100000858307,""pkiTargetCAAssertionSign"":12.432099997997284,""pkiTargetCAAssertionVerify"":9.526099979877472}",0,,
1,PKI,206,cross-domain,false,true,465528.9604771113,516978.37507712597,517210.1325771188,231.75749999284744,0,231.75749999284744,0,0,4,0,"{""pkiCertTransferHttp"":35.28380000591278,""pkiCrossRelayHttp"":0,""pkiOpenSslVerifyLeaf"":10.082800030708313,""pkiLeafOcspHttpQuery"":12.056600034236908,""pkiLeafAssertionSign"":12.052699983119965,""pkiLeafAssertionVerify"":9.277100026607513,""pkiOpenSslVerifySourceCA"":9.33569997549057,""pkiSourceCAOcspHttpQuery"":12.138300001621246,""pkiSourceCAAssertionSign"":11.726199984550476,""pkiSourceCAAssertionVerify"":8.861600041389465,""pkiOpenSslVerifyRootCA"":8.941499948501587,""pkiRootCAOcspHttpQuery"":14.020000040531158,""pkiRootCAAssertionSign"":14.014700055122375,""pkiRootCAAssertionVerify"":11.582099974155426,""pkiOpenSslVerifyTargetCA"":14.28190004825592,""pkiTargetCAOcspHttpQuery"":24.56690001487732,""pkiTargetCAAssertionSign"":12.119299948215485,""pkiTargetCAAssertionVerify"":9.666499972343445}",0,,
1,PKI,207,cross-domain,false,true,466799.1119442736,518248.52654428827,518420.3874442731,171.86089998483658,0,171.86089998483658,0,0,4,0,"{""pkiCertTransferHttp"":0.07749998569488525,""pkiCrossRelayHttp"":0,""pkiOpenSslVerifyLeaf"":9.745999991893768,""pkiLeafOcspHttpQuery"":12.520699977874756,""pkiLeafAssertionSign"":12.644599974155426,""pkiLeafAssertionVerify"":9.43639999628067,""pkiOpenSslVerifySourceCA"":8.874300003051758,""pkiSourceCAOcspHttpQuery"":12.07480001449585,""pkiSourceCAAssertionSign"":12.283999979496002,""pkiSourceCAAssertionVerify"":8.994900047779083,""pkiOpenSslVerifyRootCA"":8.781700015068054,""pkiRootCAOcspHttpQuery"":11.482699990272522,""pkiRootCAAssertionSign"":12.143700003623962,""pkiRootCAAssertionVerify"":9.331400036811829,""pkiOpenSslVerifyTargetCA"":8.774200022220612,""pkiTargetCAOcspHttpQuery"":12.35120004415512,""pkiTargetCAAssertionSign"":11.774100005626678,""pkiTargetCAAssertionVerify"":9.014900028705597}",0,,
1,PKI,208,cross-domain,false,true,469205.8546565265,520655.2692565412,520853.19815654465,197.92890000343323,0,197.92890000343323,0,0,4,0,"{""pkiCertTransferHttp"":16.819400012493134,""pkiCrossRelayHttp"":0,""pkiOpenSslVerifyLeaf"":9.884299993515015,""pkiLeafOcspHttpQuery"":12.241900026798248,""pkiLeafAssertionSign"":12.33870005607605,""pkiLeafAssertionVerify"":9.944500029087067,""pkiOpenSslVerifySourceCA"":10.043299973011017,""pkiSourceCAOcspHttpQuery"":12.439499974250793,""pkiSourceCAAssertionSign"":14.299199998378754,""pkiSourceCAAssertionVerify"":9.306500017642975,""pkiOpenSslVerifyRootCA"":10.045199990272522,""pkiRootCAOcspHttpQuery"":12.241100013256073,""pkiRootCAAssertionSign"":12.442800045013428,""pkiRootCAAssertionVerify"":9.900600016117096,""pkiOpenSslVerifyTargetCA"":10.385200023651123,""pkiTargetCAOcspHttpQuery"":12.949199974536896,""pkiTargetCAAssertionSign"":11.96340000629425,""pkiTargetCAAssertionVerify"":8.968400001525879}",0,,
1,PKI,209,cross-domain,false,true,470472.2674949879,521921.68209500256,522138.3307950014,216.6486999988556,0,216.6486999988556,0,0,4,0,"{""pkiCertTransferHttp"":3.2443999648094177,""pkiCrossRelayHttp"":0,""pkiOpenSslVerifyLeaf"":9.219200015068054,""pkiLeafOcspHttpQuery"":12.428900003433228,""pkiLeafAssertionSign"":11.53739994764328,""pkiLeafAssertionVerify"":8.970600008964539,""pkiOpenSslVerifySourceCA"":9.113399982452393,""pkiSourceCAOcspHttpQuery"":32.722699999809265,""pkiSourceCAAssertionSign"":11.78329998254776,""pkiSourceCAAssertionVerify"":9.078400015830994,""pkiOpenSslVerifyRootCA"":8.76690000295639,""pkiRootCAOcspHttpQuery"":11.898000001907349,""pkiRootCAAssertionSign"":11.625800013542175,""pkiRootCAAssertionVerify"":9.030799984931946,""pkiOpenSslVerifyTargetCA"":8.973100006580353,""pkiTargetCAOcspHttpQuery"":35.573900043964386,""pkiTargetCAAssertionSign"":12.053900003433228,""pkiTargetCAAssertionVerify"":9.122899949550629}",0,,
1,PKI,210,cross-domain,false,true,471274.9128547024,522724.3274547171,522896.0066547107,171.67919999361038,0,171.67919999361038,0,0,4,0,"{""pkiCertTransferHttp"":1.8964999914169312,""pkiCrossRelayHttp"":0,""pkiOpenSslVerifyLeaf"":9.205900013446808,""pkiLeafOcspHttpQuery"":12.137700021266937,""pkiLeafAssertionSign"":11.5378999710083,""pkiLeafAssertionVerify"":9.18860000371933,""pkiOpenSslVerifySourceCA"":8.906599998474121,""pkiSourceCAOcspHttpQuery"":12.517300009727478,""pkiSourceCAAssertionSign"":12.440600037574768,""pkiSourceCAAssertionVerify"":8.716100037097931,""pkiOpenSslVerifyRootCA"":8.677599966526031,""pkiRootCAOcspHttpQuery"":12.337400019168854,""pkiRootCAAssertionSign"":11.828400015830994,""pkiRootCAAssertionVerify"":9.409000039100647,""pkiOpenSslVerifyTargetCA"":8.901400029659271,""pkiTargetCAOcspHttpQuery"":11.646100044250488,""pkiTargetCAAssertionSign"":11.868000030517578,""pkiTargetCAAssertionVerify"":8.825100004673004}",0,,
1,PKI,211,cross-domain,false,true,476724.5977179894,528174.0123180042,528355.365418006,181.35310000181198,0,181.35310000181198,0,0,4,0,"{""pkiCertTransferHttp"":7.518700003623962,""pkiCrossRelayHttp"":0,""pkiOpenSslVerifyLeaf"":9.26469999551773,""pkiLeafOcspHttpQuery"":12.0246000289917,""pkiLeafAssertionSign"":12.160799980163574,""pkiLeafAssertionVerify"":9.032400012016296,""pkiOpenSslVerifySourceCA"":9.295300006866455,""pkiSourceCAOcspHttpQuery"":14.179199993610382,""pkiSourceCAAssertionSign"":12.656800031661987,""pkiSourceCAAssertionVerify"":9.51969999074936,""pkiOpenSslVerifyRootCA"":9.2364000082016,""pkiRootCAOcspHttpQuery"":11.823499977588654,""pkiRootCAAssertionSign"":12.044300019741058,""pkiRootCAAssertionVerify"":9.246299982070923,""pkiOpenSslVerifyTargetCA"":8.591900050640106,""pkiTargetCAOcspHttpQuery"":11.9375,""pkiTargetCAAssertionSign"":11.806100010871887,""pkiTargetCAAssertionVerify"":9.411400020122528}",0,,
1,PKI,212,cross-domain,false,true,478830.5322217004,530279.9468217151,530479.6719217555,199.7251000404358,0,199.7251000404358,0,0,4,0,"{""pkiCertTransferHttp"":4.48690003156662,""pkiCrossRelayHttp"":0,""pkiOpenSslVerifyLeaf"":9.892400026321411,""pkiLeafOcspHttpQuery"":12.333199977874756,""pkiLeafAssertionSign"":15.535800039768219,""pkiLeafAssertionVerify"":10.563899993896484,""pkiOpenSslVerifySourceCA"":10.842100024223328,""pkiSourceCAOcspHttpQuery"":14.82590001821518,""pkiSourceCAAssertionSign"":15.241299986839294,""pkiSourceCAAssertionVerify"":9.453999996185303,""pkiOpenSslVerifyRootCA"":9.710799992084503,""pkiRootCAOcspHttpQuery"":22.727800011634827,""pkiRootCAAssertionSign"":12.402100026607513,""pkiRootCAAssertionVerify"":9.242899954319,""pkiOpenSslVerifyTargetCA"":8.870700001716614,""pkiTargetCAOcspHttpQuery"":11.802299976348877,""pkiTargetCAAssertionSign"":11.505499958992004,""pkiTargetCAAssertionVerify"":8.769400000572205}",0,,
1,PKI,213,cross-domain,false,true,479062.31106191315,530511.7256619278,530690.6004618946,178.87479996681213,0,178.87479996681213,0,0,4,0,"{""pkiCertTransferHttp"":1.9581999778747559,""pkiCrossRelayHttp"":0,""pkiOpenSslVerifyLeaf"":9.198199987411499,""pkiLeafOcspHttpQuery"":12.112000048160553,""pkiLeafAssertionSign"":11.52209997177124,""pkiLeafAssertionVerify"":9.651600003242493,""pkiOpenSslVerifySourceCA"":8.833599984645844,""pkiSourceCAOcspHttpQuery"":12.034099996089935,""pkiSourceCAAssertionSign"":12.14489996433258,""pkiSourceCAAssertionVerify"":9.745200037956238,""pkiOpenSslVerifyRootCA"":8.85530000925064,""pkiRootCAOcspHttpQuery"":11.991400003433228,""pkiRootCAAssertionSign"":18.062099993228912,""pkiRootCAAssertionVerify"":8.664799988269806,""pkiOpenSslVerifyTargetCA"":8.76060003042221,""pkiTargetCAOcspHttpQuery"":11.884099960327148,""pkiTargetCAAssertionSign"":12.349999964237213,""pkiTargetCAAssertionVerify"":9.599200010299683}",0,,
1,PKI,214,cross-domain,false,true,480443.46177698893,531892.8763770036,532091.3427770309,198.46640002727509,0,198.46640002727509,0,0,4,0,"{""pkiCertTransferHttp"":3.406499981880188,""pkiCrossRelayHttp"":0,""pkiOpenSslVerifyLeaf"":10.219500005245209,""pkiLeafOcspHttpQuery"":14.232400000095367,""pkiLeafAssertionSign"":12.678900003433228,""pkiLeafAssertionVerify"":11.215900003910065,""pkiOpenSslVerifySourceCA"":9.36030000448227,""pkiSourceCAOcspHttpQuery"":12.532800018787384,""pkiSourceCAAssertionSign"":12.93529999256134,""pkiSourceCAAssertionVerify"":9.566400051116943,""pkiOpenSslVerifyRootCA"":9.157800018787384,""pkiRootCAOcspHttpQuery"":11.79610002040863,""pkiRootCAAssertionSign"":12.181899964809418,""pkiRootCAAssertionVerify"":9.103999972343445,""pkiOpenSslVerifyTargetCA"":8.66540002822876,""pkiTargetCAOcspHttpQuery"":28.61210000514984,""pkiTargetCAAssertionSign"":11.907700002193451,""pkiTargetCAAssertionVerify"":9.355199992656708}",0,,
1,PKI,215,cross-domain,false,true,484711.63051829796,536161.0451183126,536332.2227183387,171.17760002613068,0,171.17760002613068,0,0,4,0,"{""pkiCertTransferHttp"":0.6333999633789062,""pkiCrossRelayHttp"":0,""pkiOpenSslVerifyLeaf"":9.035599946975708,""pkiLeafOcspHttpQuery"":12.662200033664703,""pkiLeafAssertionSign"":11.549399971961975,""pkiLeafAssertionVerify"":8.994599997997284,""pkiOpenSslVerifySourceCA"":9.55050003528595,""pkiSourceCAOcspHttpQuery"":11.873099982738495,""pkiSourceCAAssertionSign"":11.639400005340576,""pkiSourceCAAssertionVerify"":8.985599994659424,""pkiOpenSslVerifyRootCA"":8.382300019264221,""pkiRootCAOcspHttpQuery"":12.352899968624115,""pkiRootCAAssertionSign"":11.95329999923706,""pkiRootCAAssertionVerify"":10.070800006389618,""pkiOpenSslVerifyTargetCA"":9.449299991130829,""pkiTargetCAOcspHttpQuery"":12.201000034809113,""pkiTargetCAAssertionSign"":11.569000005722046,""pkiTargetCAAssertionVerify"":8.730499982833862}",0,,
1,PKI,216,cross-domain,false,true,487602.98395647993,539052.3985564946,539223.7903565406,171.3918000459671,0,171.3918000459671,0,0,4,0,"{""pkiCertTransferHttp"":2.5249000191688538,""pkiCrossRelayHttp"":0,""pkiOpenSslVerifyLeaf"":8.816799998283386,""pkiLeafOcspHttpQuery"":11.822799980640411,""pkiLeafAssertionSign"":12.270800054073334,""pkiLeafAssertionVerify"":9.304300010204315,""pkiOpenSslVerifySourceCA"":8.76010000705719,""pkiSourceCAOcspHttpQuery"":12.455399990081787,""pkiSourceCAAssertionSign"":11.825999975204468,""pkiSourceCAAssertionVerify"":9.20609998703003,""pkiOpenSslVerifyRootCA"":8.60259997844696,""pkiRootCAOcspHttpQuery"":11.919200003147125,""pkiRootCAAssertionSign"":11.255899965763092,""pkiRootCAAssertionVerify"":8.5557000041008,""pkiOpenSslVerifyTargetCA"":8.483399987220764,""pkiTargetCAOcspHttpQuery"":11.585200011730194,""pkiTargetCAAssertionSign"":13.36980003118515,""pkiTargetCAAssertionVerify"":9.045800030231476}",0,,
1,PKI,217,cross-domain,false,true,489206.6854142322,540656.1000142469,540835.4886142387,179.3885999917984,0,179.3885999917984,0,0,4,0,"{""pkiCertTransferHttp"":8.476900041103363,""pkiCrossRelayHttp"":0,""pkiOpenSslVerifyLeaf"":9.82150000333786,""pkiLeafOcspHttpQuery"":13.283699989318848,""pkiLeafAssertionSign"":12.900099992752075,""pkiLeafAssertionVerify"":9.608699977397919,""pkiOpenSslVerifySourceCA"":9.315599977970123,""pkiSourceCAOcspHttpQuery"":12.204299986362457,""pkiSourceCAAssertionSign"":11.753400027751923,""pkiSourceCAAssertionVerify"":8.733699977397919,""pkiOpenSslVerifyRootCA"":8.89469999074936,""pkiRootCAOcspHttpQuery"":11.310900032520294,""pkiRootCAAssertionSign"":12.229599952697754,""pkiRootCAAssertionVerify"":8.816399991512299,""pkiOpenSslVerifyTargetCA"":8.587700009346008,""pkiTargetCAOcspHttpQuery"":11.549899995326996,""pkiTargetCAAssertionSign"":11.695699989795685,""pkiTargetCAAssertionVerify"":8.656399965286255}",0,,
1,PKI,218,cross-domain,false,true,489395.37524976756,540844.7898497822,541055.752349818,210.9625000357628,0,210.9625000357628,0,0,4,0,"{""pkiCertTransferHttp"":11.55790001153946,""pkiCrossRelayHttp"":0,""pkiOpenSslVerifyLeaf"":11.065100014209747,""pkiLeafOcspHttpQuery"":13.312799990177155,""pkiLeafAssertionSign"":14.750999987125397,""pkiLeafAssertionVerify"":12.819400012493134,""pkiOpenSslVerifySourceCA"":11.2117999792099,""pkiSourceCAOcspHttpQuery"":31.415300011634827,""pkiSourceCAAssertionSign"":11.710200011730194,""pkiSourceCAAssertionVerify"":8.818099975585938,""pkiOpenSslVerifyRootCA"":8.322499990463257,""pkiRootCAOcspHttpQuery"":11.626699984073639,""pkiRootCAAssertionSign"":12.075199961662292,""pkiRootCAAssertionVerify"":9.069100022315979,""pkiOpenSslVerifyTargetCA"":9.003199994564056,""pkiTargetCAOcspHttpQuery"":11.999799966812134,""pkiTargetCAAssertionSign"":11.581700026988983,""pkiTargetCAAssertionVerify"":8.999900043010712}",0,,
1,PKI,219,cross-domain,false,true,490501.32552241394,541950.7401224286,542140.7780223996,190.0378999710083,0,190.0378999710083,0,0,4,0,"{""pkiCertTransferHttp"":14.867500007152557,""pkiCrossRelayHttp"":0,""pkiOpenSslVerifyLeaf"":9.020399987697601,""pkiLeafOcspHttpQuery"":11.797100007534027,""pkiLeafAssertionSign"":13.051900029182434,""pkiLeafAssertionVerify"":9.32719999551773,""pkiOpenSslVerifySourceCA"":9.811699986457825,""pkiSourceCAOcspHttpQuery"":12.463399946689606,""pkiSourceCAAssertionSign"":11.880400002002716,""pkiSourceCAAssertionVerify"":8.899300038814545,""pkiOpenSslVerifyRootCA"":8.58459997177124,""pkiRootCAOcspHttpQuery"":11.917599976062775,""pkiRootCAAssertionSign"":12.22299998998642,""pkiRootCAAssertionVerify"":10.278500020503998,""pkiOpenSslVerifyTargetCA"":9.816399991512299,""pkiTargetCAOcspHttpQuery"":12.258800029754639,""pkiTargetCAAssertionSign"":12.856099963188171,""pkiTargetCAAssertionVerify"":9.494700014591217}",0,,
1,PKI,220,cross-domain,false,true,495907.4870024821,547356.9016024969,547570.987402489,214.0857999920845,0,214.0857999920845,0,0,4,0,"{""pkiCertTransferHttp"":26.61599999666214,""pkiCrossRelayHttp"":0,""pkiOpenSslVerifyLeaf"":9.9375,""pkiLeafOcspHttpQuery"":24.48470002412796,""pkiLeafAssertionSign"":12.905799984931946,""pkiLeafAssertionVerify"":9.347699999809265,""pkiOpenSslVerifySourceCA"":9.072399973869324,""pkiSourceCAOcspHttpQuery"":12.156199991703033,""pkiSourceCAAssertionSign"":12.006500005722046,""pkiSourceCAAssertionVerify"":8.930400013923645,""pkiOpenSslVerifyRootCA"":8.284599959850311,""pkiRootCAOcspHttpQuery"":11.894500017166138,""pkiRootCAAssertionSign"":12.343200027942657,""pkiRootCAAssertionVerify"":10.341600000858307,""pkiOpenSslVerifyTargetCA"":9.15880000591278,""pkiTargetCAOcspHttpQuery"":12.622099995613098,""pkiTargetCAAssertionSign"":12.814999997615814,""pkiTargetCAAssertionVerify"":9.46619999408722}",0,,
1,PKI,221,cross-domain,false,true,496022.5015208312,547471.9161208458,547700.5645208545,228.64840000867844,0,228.64840000867844,0,0,4,0,"{""pkiCertTransferHttp"":13.175599992275238,""pkiCrossRelayHttp"":0,""pkiOpenSslVerifyLeaf"":9.83899998664856,""pkiLeafOcspHttpQuery"":12.294600009918213,""pkiLeafAssertionSign"":11.833199977874756,""pkiLeafAssertionVerify"":9.585000038146973,""pkiOpenSslVerifySourceCA"":9.09579998254776,""pkiSourceCAOcspHttpQuery"":29.30409997701645,""pkiSourceCAAssertionSign"":12.74210000038147,""pkiSourceCAAssertionVerify"":9.15880000591278,""pkiOpenSslVerifyRootCA"":8.87339997291565,""pkiRootCAOcspHttpQuery"":31.251199960708618,""pkiRootCAAssertionSign"":12.04909998178482,""pkiRootCAAssertionVerify"":9.428399980068207,""pkiOpenSslVerifyTargetCA"":8.908100008964539,""pkiTargetCAOcspHttpQuery"":11.946299970149994,""pkiTargetCAAssertionSign"":18.33169996738434,""pkiTargetCAAssertionVerify"":9.191799998283386}",0,,
1,PKI,222,cross-domain,false,true,496595.7348387161,548045.1494387308,548248.7165387789,203.56710004806519,0,203.56710004806519,0,0,4,0,"{""pkiCertTransferHttp"":22.303600013256073,""pkiCrossRelayHttp"":0,""pkiOpenSslVerifyLeaf"":9.568899989128113,""pkiLeafOcspHttpQuery"":12.410899996757507,""pkiLeafAssertionSign"":12.830099999904633,""pkiLeafAssertionVerify"":11.836600005626678,""pkiOpenSslVerifySourceCA"":9.464399993419647,""pkiSourceCAOcspHttpQuery"":12.93699997663498,""pkiSourceCAAssertionSign"":12.944799959659576,""pkiSourceCAAssertionVerify"":9.684300005435944,""pkiOpenSslVerifyRootCA"":9.17170000076294,""pkiRootCAOcspHttpQuery"":13.203700006008148,""pkiRootCAAssertionSign"":12.609799981117249,""pkiRootCAAssertionVerify"":9.48010003566742,""pkiOpenSslVerifyTargetCA"":9.19980001449585,""pkiTargetCAOcspHttpQuery"":12.550700008869171,""pkiTargetCAAssertionSign"":12.459100008010864,""pkiTargetCAAssertionVerify"":9.286700010299683}",0,,
1,PKI,223,cross-domain,false,true,496920.7695983821,548370.1841983967,548583.3210984045,213.13690000772476,0,213.13690000772476,0,0,4,0,"{""pkiCertTransferHttp"":4.004000008106232,""pkiCrossRelayHttp"":0,""pkiOpenSslVerifyLeaf"":9.61379998922348,""pkiLeafOcspHttpQuery"":14.286100029945374,""pkiLeafAssertionSign"":14.270199954509735,""pkiLeafAssertionVerify"":11.264400005340576,""pkiOpenSslVerifySourceCA"":13.249199986457825,""pkiSourceCAOcspHttpQuery"":15.13069999217987,""pkiSourceCAAssertionSign"":15,""pkiSourceCAAssertionVerify"":10.22050005197525,""pkiOpenSslVerifyRootCA"":9.804300010204315,""pkiRootCAOcspHttpQuery"":26.316799998283386,""pkiRootCAAssertionSign"":12.620100021362305,""pkiRootCAAssertionVerify"":10.32420003414154,""pkiOpenSslVerifyTargetCA"":10.232499957084656,""pkiTargetCAOcspHttpQuery"":13.050599992275238,""pkiTargetCAAssertionSign"":12.31709998846054,""pkiTargetCAAssertionVerify"":9.434300005435944}",0,,
1,PKI,224,cross-domain,false,true,497439.6590295723,548889.073629587,549074.8805296114,185.80690002441406,0,185.80690002441406,0,0,4,0,"{""pkiCertTransferHttp"":0.5575000047683716,""pkiCrossRelayHttp"":0,""pkiOpenSslVerifyLeaf"":9.3160999417305,""pkiLeafOcspHttpQuery"":12.918299973011017,""pkiLeafAssertionSign"":13.065699994564056,""pkiLeafAssertionVerify"":10.057500004768372,""pkiOpenSslVerifySourceCA"":10.230199992656708,""pkiSourceCAOcspHttpQuery"":14.520399987697601,""pkiSourceCAAssertionSign"":15.277300000190735,""pkiSourceCAAssertionVerify"":10.464899957180023,""pkiOpenSslVerifyRootCA"":9.163300037384033,""pkiRootCAOcspHttpQuery"":12.216800034046173,""pkiRootCAAssertionSign"":12.079299986362457,""pkiRootCAAssertionVerify"":9.396500051021576,""pkiOpenSslVerifyTargetCA"":9.146600008010864,""pkiTargetCAOcspHttpQuery"":13.231799960136414,""pkiTargetCAAssertionSign"":12.578800022602081,""pkiTargetCAAssertionVerify"":9.949500024318695}",0,,
1,PKI,225,cross-domain,false,true,502449.1252617663,553898.539861781,554097.2741617984,198.73430001735687,0,198.73430001735687,0,0,4,0,"{""pkiCertTransferHttp"":3.651300013065338,""pkiCrossRelayHttp"":0,""pkiOpenSslVerifyLeaf"":10.04339998960495,""pkiLeafOcspHttpQuery"":12.508399963378906,""pkiLeafAssertionSign"":12.801800012588501,""pkiLeafAssertionVerify"":9.852500021457672,""pkiOpenSslVerifySourceCA"":10.660300016403198,""pkiSourceCAOcspHttpQuery"":25.86089998483658,""pkiSourceCAAssertionSign"":13.372999966144562,""pkiSourceCAAssertionVerify"":9.346099972724915,""pkiOpenSslVerifyRootCA"":10.253100037574768,""pkiRootCAOcspHttpQuery"":12.661300003528595,""pkiRootCAAssertionSign"":12.030399978160858,""pkiRootCAAssertionVerify"":9.729699969291687,""pkiOpenSslVerifyTargetCA"":10.198300004005432,""pkiTargetCAOcspHttpQuery"":12.195500016212463,""pkiTargetCAAssertionSign"":12.376800000667572,""pkiTargetCAAssertionVerify"":9.45739996433258}",0,,
1,PKI,226,cross-domain,false,true,502449.2895114376,553898.7041114522,554132.9228367931,234.21872534079012,49.51932533306535,184.69940000772476,0,0,4,0,"{""pkiCertTransferHttp"":10.173400044441223,""pkiCrossRelayHttp"":0,""pkiOpenSslVerifyLeaf"":9.760599970817566,""pkiLeafOcspHttpQuery"":12.299199998378754,""pkiLeafAssertionSign"":12.080900013446808,""pkiLeafAssertionVerify"":9.321299970149994,""pkiOpenSslVerifySourceCA"":9.48039996623993,""pkiSourceCAOcspHttpQuery"":12.407099962234497,""pkiSourceCAAssertionSign"":11.95389997959137,""pkiSourceCAAssertionVerify"":9.174399971961975,""pkiOpenSslVerifyRootCA"":8.924300014972687,""pkiRootCAOcspHttpQuery"":12.059400022029877,""pkiRootCAAssertionSign"":12.113499999046326,""pkiRootCAAssertionVerify"":9.310999989509583,""pkiOpenSslVerifyTargetCA"":9.667699992656708,""pkiTargetCAOcspHttpQuery"":12.628199994564056,""pkiTargetCAAssertionSign"":12.031499981880188,""pkiTargetCAAssertionVerify"":9.69350004196167}",0,,
1,PKI,227,cross-domain,false,true,502872.62687723944,554322.0414772541,554514.0947772772,192.05330002307892,0,192.05330002307892,0,0,4,0,"{""pkiCertTransferHttp"":2.298400044441223,""pkiCrossRelayHttp"":0,""pkiOpenSslVerifyLeaf"":10.674300014972687,""pkiLeafOcspHttpQuery"":20.652300000190735,""pkiLeafAssertionSign"":12.736299991607666,""pkiLeafAssertionVerify"":9.604900002479553,""pkiOpenSslVerifySourceCA"":9.584500014781952,""pkiSourceCAOcspHttpQuery"":12.727800011634827,""pkiSourceCAAssertionSign"":12.0621999502182,""pkiSourceCAAssertionVerify"":9.277700006961823,""pkiOpenSslVerifyRootCA"":9.60530000925064,""pkiRootCAOcspHttpQuery"":12.39410001039505,""pkiRootCAAssertionSign"":13.170899987220764,""pkiRootCAAssertionVerify"":9.308000028133392,""pkiOpenSslVerifyTargetCA"":9.451499998569489,""pkiTargetCAOcspHttpQuery"":12.735599994659424,""pkiTargetCAAssertionSign"":14.205399990081787,""pkiTargetCAAssertionVerify"":9.944100022315979}",0,,
1,PKI,228,cross-domain,false,true,507083.3828900966,558532.7974901113,558749.6916901383,216.89420002698898,0,216.89420002698898,0,0,4,0,"{""pkiCertTransferHttp"":31.93470001220703,""pkiCrossRelayHttp"":0,""pkiOpenSslVerifyLeaf"":10.061899960041046,""pkiLeafOcspHttpQuery"":24.057700037956238,""pkiLeafAssertionSign"":11.861499965190887,""pkiLeafAssertionVerify"":9.507800042629242,""pkiOpenSslVerifySourceCA"":9.369400024414062,""pkiSourceCAOcspHttpQuery"":12.18970000743866,""pkiSourceCAAssertionSign"":12.068299949169159,""pkiSourceCAAssertionVerify"":8.91049998998642,""pkiOpenSslVerifyRootCA"":9.463800013065338,""pkiRootCAOcspHttpQuery"":12.172500014305115,""pkiRootCAAssertionSign"":12.0939000248909,""pkiRootCAAssertionVerify"":9.504500031471252,""pkiOpenSslVerifyTargetCA"":9.148400008678436,""pkiTargetCAOcspHttpQuery"":11.848599970340729,""pkiTargetCAAssertionSign"":12.040000021457672,""pkiTargetCAAssertionVerify"":9.099799990653992}",0,,
1,PKI,229,cross-domain,false,true,512602.6243135635,564052.0389135783,564244.8940135543,192.85509997606277,0,192.85509997606277,0,0,4,0,"{""pkiCertTransferHttp"":15.777800023555756,""pkiCrossRelayHttp"":0,""pkiOpenSslVerifyLeaf"":9.788299977779388,""pkiLeafOcspHttpQuery"":12.620899975299835,""pkiLeafAssertionSign"":12.121900022029877,""pkiLeafAssertionVerify"":9.496999979019165,""pkiOpenSslVerifySourceCA"":9.54150003194809,""pkiSourceCAOcspHttpQuery"":11.705099999904633,""pkiSourceCAAssertionSign"":11.82719999551773,""pkiSourceCAAssertionVerify"":9.398999989032745,""pkiOpenSslVerifyRootCA"":9.267799973487854,""pkiRootCAOcspHttpQuery"":12.149200022220612,""pkiRootCAAssertionSign"":12.244399964809418,""pkiRootCAAssertionVerify"":11.317499995231628,""pkiOpenSslVerifyTargetCA"":9.635399997234344,""pkiTargetCAOcspHttpQuery"":12.782200038433075,""pkiTargetCAAssertionSign"":11.889100015163422,""pkiTargetCAAssertionVerify"":9.735099971294403}",0,,
1,PKI,230,cross-domain,false,true,519525.3754791652,570974.7900791799,571152.9251791274,178.13509994745255,0,178.13509994745255,0,0,4,0,"{""pkiCertTransferHttp"":1.782200038433075,""pkiCrossRelayHttp"":0,""pkiOpenSslVerifyLeaf"":9.24130004644394,""pkiLeafOcspHttpQuery"":12.243900001049042,""pkiLeafAssertionSign"":12.482299983501434,""pkiLeafAssertionVerify"":9.132100045681,""pkiOpenSslVerifySourceCA"":8.633900046348572,""pkiSourceCAOcspHttpQuery"":12.554700016975403,""pkiSourceCAAssertionSign"":12.70279997587204,""pkiSourceCAAssertionVerify"":9.693099975585938,""pkiOpenSslVerifyRootCA"":9.429700016975403,""pkiRootCAOcspHttpQuery"":12.08459997177124,""pkiRootCAAssertionSign"":12.006599962711334,""pkiRootCAAssertionVerify"":9.65090000629425,""pkiOpenSslVerifyTargetCA"":10.330099999904633,""pkiTargetCAOcspHttpQuery"":12.860000014305115,""pkiTargetCAAssertionSign"":12.444000005722046,""pkiTargetCAAssertionVerify"":9.079600036144257}",0,,
1,PKI,231,cross-domain,false,true,520246.89764007257,571696.3122400872,571872.7345400683,176.42229998111725,0,176.42229998111725,0,0,4,0,"{""pkiCertTransferHttp"":0.6392999887466431,""pkiCrossRelayHttp"":0,""pkiOpenSslVerifyLeaf"":9.372200012207031,""pkiLeafOcspHttpQuery"":12.785399973392487,""pkiLeafAssertionSign"":12.136400043964386,""pkiLeafAssertionVerify"":9.14300000667572,""pkiOpenSslVerifySourceCA"":9.229499995708466,""pkiSourceCAOcspHttpQuery"":12.592000007629395,""pkiSourceCAAssertionSign"":12.069599986076355,""pkiSourceCAAssertionVerify"":9.489500045776367,""pkiOpenSslVerifyRootCA"":9.660599946975708,""pkiRootCAOcspHttpQuery"":11.848100006580353,""pkiRootCAAssertionSign"":12.661099970340729,""pkiRootCAAssertionVerify"":9.822700023651123,""pkiOpenSslVerifyTargetCA"":9.687099993228912,""pkiTargetCAOcspHttpQuery"":12.27020001411438,""pkiTargetCAAssertionSign"":11.855000019073486,""pkiTargetCAAssertionVerify"":9.383199989795685}",0,,
1,PKI,232,cross-domain,false,true,520815.3458964901,572264.7604965048,572454.782996543,190.02250003814697,0,190.02250003814697,0,0,4,0,"{""pkiCertTransferHttp"":8.600000023841858,""pkiCrossRelayHttp"":0,""pkiOpenSslVerifyLeaf"":9.136000037193298,""pkiLeafOcspHttpQuery"":11.944499969482422,""pkiLeafAssertionSign"":12.625400006771088,""pkiLeafAssertionVerify"":12.251299977302551,""pkiOpenSslVerifySourceCA"":10.605800032615662,""pkiSourceCAOcspHttpQuery"":14.065199971199036,""pkiSourceCAAssertionSign"":12.576300024986267,""pkiSourceCAAssertionVerify"":9.212999999523163,""pkiOpenSslVerifyRootCA"":9.032899975776672,""pkiRootCAOcspHttpQuery"":12.906199991703033,""pkiRootCAAssertionSign"":12.722699999809265,""pkiRootCAAssertionVerify"":9.499000012874603,""pkiOpenSslVerifyTargetCA"":9.361699998378754,""pkiTargetCAOcspHttpQuery"":12.428700029850006,""pkiTargetCAAssertionSign"":12.227800011634827,""pkiTargetCAAssertionVerify"":9.29119998216629}",0,,
1,PKI,233,cross-domain,false,true,521962.98707260453,573412.4016726192,573618.1284726437,205.72680002450943,0,205.72680002450943,0,0,4,0,"{""pkiCertTransferHttp"":20.10479998588562,""pkiCrossRelayHttp"":0,""pkiOpenSslVerifyLeaf"":10.117300033569336,""pkiLeafOcspHttpQuery"":12.131999969482422,""pkiLeafAssertionSign"":12.650999963283539,""pkiLeafAssertionVerify"":9.37640005350113,""pkiOpenSslVerifySourceCA"":8.753400027751923,""pkiSourceCAOcspHttpQuery"":24.043799996376038,""pkiSourceCAAssertionSign"":11.969900012016296,""pkiSourceCAAssertionVerify"":9.167100012302399,""pkiOpenSslVerifyRootCA"":8.879500031471252,""pkiRootCAOcspHttpQuery"":11.951200008392334,""pkiRootCAAssertionSign"":12.064599990844727,""pkiRootCAAssertionVerify"":9.67849999666214,""pkiOpenSslVerifyTargetCA"":9.194599986076355,""pkiTargetCAOcspHttpQuery"":12.105499982833862,""pkiTargetCAAssertionSign"":12.391600012779236,""pkiTargetCAAssertionVerify"":9.5003000497818}",0,,
1,PKI,234,cross-domain,false,true,522666.50552852586,574115.9201285406,574314.767928557,198.8478000164032,0,198.8478000164032,0,0,4,0,"{""pkiCertTransferHttp"":27.727199971675873,""pkiCrossRelayHttp"":0,""pkiOpenSslVerifyLeaf"":9.657299995422363,""pkiLeafOcspHttpQuery"":12.597000002861023,""pkiLeafAssertionSign"":11.472799956798553,""pkiLeafAssertionVerify"":8.83050000667572,""pkiOpenSslVerifySourceCA"":9.286899983882904,""pkiSourceCAOcspHttpQuery"":11.980599999427795,""pkiSourceCAAssertionSign"":11.659500002861023,""pkiSourceCAAssertionVerify"":9.272700011730194,""pkiOpenSslVerifyRootCA"":9.067799985408783,""pkiRootCAOcspHttpQuery"":11.895900011062622,""pkiRootCAAssertionSign"":11.658199965953827,""pkiRootCAAssertionVerify"":9.36269998550415,""pkiOpenSslVerifyTargetCA"":8.946900010108948,""pkiTargetCAOcspHttpQuery"":12.477200031280518,""pkiTargetCAAssertionSign"":12.075500011444092,""pkiTargetCAAssertionVerify"":9.33490002155304}",0,,
1,PKI,235,cross-domain,false,true,522684.64579085074,574134.0603908654,574372.6373785897,238.57698772422737,31.571687679213937,207.00530004501343,0,0,4,0,"{""pkiCertTransferHttp"":30.976400017738342,""pkiCrossRelayHttp"":0,""pkiOpenSslVerifyLeaf"":11.601199984550476,""pkiLeafOcspHttpQuery"":12.647700011730194,""pkiLeafAssertionSign"":11.66380000114441,""pkiLeafAssertionVerify"":9.418999969959259,""pkiOpenSslVerifySourceCA"":8.939799964427948,""pkiSourceCAOcspHttpQuery"":12.032100021839142,""pkiSourceCAAssertionSign"":11.918799996376038,""pkiSourceCAAssertionVerify"":9.201900005340576,""pkiOpenSslVerifyRootCA"":9.272000014781952,""pkiRootCAOcspHttpQuery"":12.090200006961823,""pkiRootCAAssertionSign"":11.665300011634827,""pkiRootCAAssertionVerify"":9.324599981307983,""pkiOpenSslVerifyTargetCA"":9.290300011634827,""pkiTargetCAOcspHttpQuery"":12.317799985408783,""pkiTargetCAAssertionSign"":12.801199972629547,""pkiTargetCAAssertionVerify"":9.858500003814697}",0,,
1,PKI,236,cross-domain,false,true,523449.6123103901,574899.0269104048,575102.6892103954,203.662299990654,0,203.662299990654,0,0,4,0,"{""pkiCertTransferHttp"":0.6934999823570251,""pkiCrossRelayHttp"":0,""pkiOpenSslVerifyLeaf"":9.954899966716766,""pkiLeafOcspHttpQuery"":12.543500006198883,""pkiLeafAssertionSign"":12.305499970912933,""pkiLeafAssertionVerify"":9.612399995326996,""pkiOpenSslVerifySourceCA"":9.308200001716614,""pkiSourceCAOcspHttpQuery"":12.907400012016296,""pkiSourceCAAssertionSign"":12.802600026130676,""pkiSourceCAAssertionVerify"":10.530499994754791,""pkiOpenSslVerifyRootCA"":9.664600014686584,""pkiRootCAOcspHttpQuery"":33.394999980926514,""pkiRootCAAssertionSign"":12.701200008392334,""pkiRootCAAssertionVerify"":9.958999991416931,""pkiOpenSslVerifyTargetCA"":10.156499981880188,""pkiTargetCAOcspHttpQuery"":12.625199973583221,""pkiTargetCAAssertionSign"":12.474300026893616,""pkiTargetCAAssertionVerify"":10.38919997215271}",0,,
1,PKI,237,cross-domain,false,true,526246.042275436,577695.4568754507,577889.5251754595,194.0683000087738,0,194.0683000087738,0,0,4,0,"{""pkiCertTransferHttp"":2.047100007534027,""pkiCrossRelayHttp"":0,""pkiOpenSslVerifyLeaf"":9.607800006866455,""pkiLeafOcspHttpQuery"":13.206699967384338,""pkiLeafAssertionSign"":14.708000004291534,""pkiLeafAssertionVerify"":9.953700006008148,""pkiOpenSslVerifySourceCA"":9.871100008487701,""pkiSourceCAOcspHttpQuery"":12.795799970626831,""pkiSourceCAAssertionSign"":13.232999980449677,""pkiSourceCAAssertionVerify"":16.055000007152557,""pkiOpenSslVerifyRootCA"":9.455799996852875,""pkiRootCAOcspHttpQuery"":12.980699956417084,""pkiRootCAAssertionSign"":13.056100010871887,""pkiRootCAAssertionVerify"":10.339699983596802,""pkiOpenSslVerifyTargetCA"":9.595099985599518,""pkiTargetCAOcspHttpQuery"":12.930199980735779,""pkiTargetCAAssertionSign"":13.015500009059906,""pkiTargetCAAssertionVerify"":9.585599958896637}",0,,
1,PKI,238,cross-domain,false,true,527138.7287594664,578588.1433594811,578798.1959595073,210.05260002613068,0,210.05260002613068,0,0,4,0,"{""pkiCertTransferHttp"":1.4509000182151794,""pkiCrossRelayHttp"":0,""pkiOpenSslVerifyLeaf"":10.481599986553192,""pkiLeafOcspHttpQuery"":34.37650001049042,""pkiLeafAssertionSign"":14.645799994468689,""pkiLeafAssertionVerify"":10.4060999751091,""pkiOpenSslVerifySourceCA"":9.739300012588501,""pkiSourceCAOcspHttpQuery"":12.942499995231628,""pkiSourceCAAssertionSign"":12.875699996948242,""pkiSourceCAAssertionVerify"":9.601999998092651,""pkiOpenSslVerifyRootCA"":9.676900029182434,""pkiRootCAOcspHttpQuery"":13.484399974346161,""pkiRootCAAssertionSign"":13.425599992275238,""pkiRootCAAssertionVerify"":9.666400015354156,""pkiOpenSslVerifyTargetCA"":9.791000008583069,""pkiTargetCAOcspHttpQuery"":13.186699986457825,""pkiTargetCAAssertionSign"":12.410199999809265,""pkiTargetCAAssertionVerify"":10.174799978733063}",0,,
1,PKI,239,cross-domain,false,true,531072.6156083678,582522.0302083825,582707.4151083564,185.38489997386932,0,185.38489997386932,0,0,4,0,"{""pkiCertTransferHttp"":4.060000002384186,""pkiCrossRelayHttp"":0,""pkiOpenSslVerifyLeaf"":9.794200003147125,""pkiLeafOcspHttpQuery"":13.110500037670135,""pkiLeafAssertionSign"":12.784200012683868,""pkiLeafAssertionVerify"":9.830399990081787,""pkiOpenSslVerifySourceCA"":9.375299990177155,""pkiSourceCAOcspHttpQuery"":12.64869999885559,""pkiSourceCAAssertionSign"":12.330300033092499,""pkiSourceCAAssertionVerify"":9.761299967765808,""pkiOpenSslVerifyRootCA"":9.700199961662292,""pkiRootCAOcspHttpQuery"":12.522300004959106,""pkiRootCAAssertionSign"":13.056799948215485,""pkiRootCAAssertionVerify"":9.70609998703003,""pkiOpenSslVerifyTargetCA"":9.65420001745224,""pkiTargetCAOcspHttpQuery"":13.244000017642975,""pkiTargetCAAssertionSign"":12.054799973964691,""pkiTargetCAAssertionVerify"":10.037900030612946}",0,,
1,PKI,240,cross-domain,false,true,531475.8489010143,582925.263501029,583111.1833010125,185.91979998350143,0,185.91979998350143,0,0,4,0,"{""pkiCertTransferHttp"":2.5185999870300293,""pkiCrossRelayHttp"":0,""pkiOpenSslVerifyLeaf"":9.91380000114441,""pkiLeafOcspHttpQuery"":13.098599970340729,""pkiLeafAssertionSign"":12.630299985408783,""pkiLeafAssertionVerify"":9.64359998703003,""pkiOpenSslVerifySourceCA"":10.164399981498718,""pkiSourceCAOcspHttpQuery"":12.928200006484985,""pkiSourceCAAssertionSign"":13.24889999628067,""pkiSourceCAAssertionVerify"":9.603500008583069,""pkiOpenSslVerifyRootCA"":9.219200015068054,""pkiRootCAOcspHttpQuery"":13.274900019168854,""pkiRootCAAssertionSign"":12.971400022506714,""pkiRootCAAssertionVerify"":9.657299995422363,""pkiOpenSslVerifyTargetCA"":9.697300016880035,""pkiTargetCAOcspHttpQuery"":12.742300033569336,""pkiTargetCAAssertionSign"":13.151600003242493,""pkiTargetCAAssertionVerify"":9.727499961853027}",0,,
1,PKI,241,cross-domain,false,true,531927.0002956484,583376.414895663,583580.9764956329,204.5615999698639,0,204.5615999698639,0,0,4,0,"{""pkiCertTransferHttp"":21.06580001115799,""pkiCrossRelayHttp"":0,""pkiOpenSslVerifyLeaf"":10.158199965953827,""pkiLeafOcspHttpQuery"":13.259899973869324,""pkiLeafAssertionSign"":13.321699976921082,""pkiLeafAssertionVerify"":9.62420004606247,""pkiOpenSslVerifySourceCA"":9.748000025749207,""pkiSourceCAOcspHttpQuery"":13.298299968242645,""pkiSourceCAAssertionSign"":12.541099965572357,""pkiSourceCAAssertionVerify"":9.879499971866608,""pkiOpenSslVerifyRootCA"":9.996800005435944,""pkiRootCAOcspHttpQuery"":12.913699984550476,""pkiRootCAAssertionSign"":12.487300038337708,""pkiRootCAAssertionVerify"":9.455099999904633,""pkiOpenSslVerifyTargetCA"":9.467000007629395,""pkiTargetCAOcspHttpQuery"":12.619200050830841,""pkiTargetCAAssertionSign"":12.848300039768219,""pkiTargetCAAssertionVerify"":10.186299979686737}",0,,
1,PKI,242,cross-domain,false,true,532486.6997633232,583936.1143633379,584133.420163299,197.3057999610901,0,197.3057999610901,0,0,4,0,"{""pkiCertTransferHttp"":17.311899960041046,""pkiCrossRelayHttp"":0,""pkiOpenSslVerifyLeaf"":10.176200032234192,""pkiLeafOcspHttpQuery"":12.998199999332428,""pkiLeafAssertionSign"":12.563100039958954,""pkiLeafAssertionVerify"":10.08569997549057,""pkiOpenSslVerifySourceCA"":8.84850001335144,""pkiSourceCAOcspHttpQuery"":11.601999998092651,""pkiSourceCAAssertionSign"":11.892700016498566,""pkiSourceCAAssertionVerify"":9.056199967861176,""pkiOpenSslVerifyRootCA"":8.97029995918274,""pkiRootCAOcspHttpQuery"":12.996200025081635,""pkiRootCAAssertionSign"":17.778499960899353,""pkiRootCAAssertionVerify"":9.031700015068054,""pkiOpenSslVerifyTargetCA"":9.157499969005585,""pkiTargetCAOcspHttpQuery"":11.783300042152405,""pkiTargetCAAssertionSign"":12.37040001153946,""pkiTargetCAAssertionVerify"":8.996800005435944}",0,,
1,PKI,243,cross-domain,false,true,535439.771736785,586889.1863367996,587091.1162367902,201.92989999055862,0,201.92989999055862,0,0,4,0,"{""pkiCertTransferHttp"":1.0371999740600586,""pkiCrossRelayHttp"":0,""pkiOpenSslVerifyLeaf"":9.458299994468689,""pkiLeafOcspHttpQuery"":12.237100005149841,""pkiLeafAssertionSign"":11.353399991989136,""pkiLeafAssertionVerify"":9.411700010299683,""pkiOpenSslVerifySourceCA"":8.557399988174438,""pkiSourceCAOcspHttpQuery"":36.152899980545044,""pkiSourceCAAssertionSign"":12.130200028419495,""pkiSourceCAAssertionVerify"":9.438700020313263,""pkiOpenSslVerifyRootCA"":9.169900000095367,""pkiRootCAOcspHttpQuery"":12.432099997997284,""pkiRootCAAssertionSign"":15.841899991035461,""pkiRootCAAssertionVerify"":10.297500014305115,""pkiOpenSslVerifyTargetCA"":9.394800007343292,""pkiTargetCAOcspHttpQuery"":12.606000006198883,""pkiTargetCAAssertionSign"":11.674000024795532,""pkiTargetCAAssertionVerify"":9.10589998960495}",0,,
1,PKI,244,cross-domain,false,true,536104.9794788765,587554.3940788911,587749.5038789319,195.1098000407219,0,195.1098000407219,0,0,4,0,"{""pkiCertTransferHttp"":4.351300001144409,""pkiCrossRelayHttp"":0,""pkiOpenSslVerifyLeaf"":9.647800028324127,""pkiLeafOcspHttpQuery"":11.808299958705902,""pkiLeafAssertionSign"":11.508399963378906,""pkiLeafAssertionVerify"":10.513199985027313,""pkiOpenSslVerifySourceCA"":10.525200009346008,""pkiSourceCAOcspHttpQuery"":14.986899971961975,""pkiSourceCAAssertionSign"":15.179699957370758,""pkiSourceCAAssertionVerify"":12.48939996957779,""pkiOpenSslVerifyRootCA"":12.567499995231628,""pkiRootCAOcspHttpQuery"":13.873499989509583,""pkiRootCAAssertionSign"":12.294900000095367,""pkiRootCAAssertionVerify"":9.491400003433228,""pkiOpenSslVerifyTargetCA"":9.594900012016296,""pkiTargetCAOcspHttpQuery"":12.781899988651276,""pkiTargetCAAssertionSign"":12.628099977970123,""pkiTargetCAAssertionVerify"":9.27240002155304}",0,,
1,PKI,245,cross-domain,false,true,536892.8141360192,588342.2287360339,588550.2547360568,208.02600002288818,0,208.02600002288818,0,0,4,0,"{""pkiCertTransferHttp"":26.52300000190735,""pkiCrossRelayHttp"":0,""pkiOpenSslVerifyLeaf"":9.603300034999847,""pkiLeafOcspHttpQuery"":12.268700003623962,""pkiLeafAssertionSign"":12.319499969482422,""pkiLeafAssertionVerify"":9.175499975681305,""pkiOpenSslVerifySourceCA"":9.4621000289917,""pkiSourceCAOcspHttpQuery"":12.05270004272461,""pkiSourceCAAssertionSign"":11.924300014972687,""pkiSourceCAAssertionVerify"":9.636300027370453,""pkiOpenSslVerifyRootCA"":8.8817999958992,""pkiRootCAOcspHttpQuery"":12.641500055789948,""pkiRootCAAssertionSign"":15.995500028133392,""pkiRootCAAssertionVerify"":9.814199984073639,""pkiOpenSslVerifyTargetCA"":9.109099984169006,""pkiTargetCAOcspHttpQuery"":12.870800018310547,""pkiTargetCAAssertionSign"":13.714900016784668,""pkiTargetCAAssertionVerify"":10.429800033569336}",0,,
1,PKI,246,cross-domain,false,true,539508.0820320674,590957.496632082,591155.2020321317,197.70540004968643,0,197.70540004968643,0,0,4,0,"{""pkiCertTransferHttp"":18.405200004577637,""pkiCrossRelayHttp"":0,""pkiOpenSslVerifyLeaf"":9.83569997549057,""pkiLeafOcspHttpQuery"":13.243300020694733,""pkiLeafAssertionSign"":12.468100011348724,""pkiLeafAssertionVerify"":9.695800006389618,""pkiOpenSslVerifySourceCA"":10.034799993038177,""pkiSourceCAOcspHttpQuery"":12.643299996852875,""pkiSourceCAAssertionSign"":12.152800023555756,""pkiSourceCAAssertionVerify"":9.627299964427948,""pkiOpenSslVerifyRootCA"":9.3682000041008,""pkiRootCAOcspHttpQuery"":12.933300018310547,""pkiRootCAAssertionSign"":12.743000030517578,""pkiRootCAAssertionVerify"":9.933600008487701,""pkiOpenSslVerifyTargetCA"":9.138100028038025,""pkiTargetCAOcspHttpQuery"":12.203700006008148,""pkiTargetCAAssertionSign"":11.9757000207901,""pkiTargetCAAssertionVerify"":9.532899975776672}",0,,
1,PKI,247,cross-domain,false,true,539700.0420350675,591149.4566350821,591326.6271350626,177.17049998044968,0,177.17049998044968,0,0,4,0,"{""pkiCertTransferHttp"":1.4289000034332275,""pkiCrossRelayHttp"":0,""pkiOpenSslVerifyLeaf"":8.807200014591217,""pkiLeafOcspHttpQuery"":12.434899985790253,""pkiLeafAssertionSign"":11.779599964618683,""pkiLeafAssertionVerify"":9.200999975204468,""pkiOpenSslVerifySourceCA"":9.364000022411346,""pkiSourceCAOcspHttpQuery"":12.104499995708466,""pkiSourceCAAssertionSign"":12.045400023460388,""pkiSourceCAAssertionVerify"":9.823199987411499,""pkiOpenSslVerifyRootCA"":9.019900023937225,""pkiRootCAOcspHttpQuery"":11.935100018978119,""pkiRootCAAssertionSign"":12.528199970722198,""pkiRootCAAssertionVerify"":9.978100001811981,""pkiOpenSslVerifyTargetCA"":9.805599987506866,""pkiTargetCAOcspHttpQuery"":12.51690000295639,""pkiTargetCAAssertionSign"":13.620100021362305,""pkiTargetCAAssertionVerify"":9.29670000076294}",0,,
1,PKI,248,cross-domain,false,true,539768.358788372,591217.7733883867,591394.9472883949,177.1739000082016,0,177.1739000082016,0,0,4,0,"{""pkiCertTransferHttp"":1.5262999534606934,""pkiCrossRelayHttp"":0,""pkiOpenSslVerifyLeaf"":9.586699962615967,""pkiLeafOcspHttpQuery"":12.322700023651123,""pkiLeafAssertionSign"":11.645299971103668,""pkiLeafAssertionVerify"":9.480599999427795,""pkiOpenSslVerifySourceCA"":9.25459998846054,""pkiSourceCAOcspHttpQuery"":12.785599946975708,""pkiSourceCAAssertionSign"":12.474799990653992,""pkiSourceCAAssertionVerify"":8.976899981498718,""pkiOpenSslVerifyRootCA"":8.664099991321564,""pkiRootCAOcspHttpQuery"":12.431099951267242,""pkiRootCAAssertionSign"":12.460099995136261,""pkiRootCAAssertionVerify"":9.723900020122528,""pkiOpenSslVerifyTargetCA"":9.429199993610382,""pkiTargetCAOcspHttpQuery"":12.096800029277802,""pkiTargetCAAssertionSign"":12.094000041484833,""pkiTargetCAAssertionVerify"":10.389200031757355}",0,,
1,PKI,249,cross-domain,false,true,540548.1463435506,591997.5609435653,592171.2487435555,173.68779999017715,0,173.68779999017715,0,0,4,0,"{""pkiCertTransferHttp"":0.8149000406265259,""pkiCrossRelayHttp"":0,""pkiOpenSslVerifyLeaf"":9.17629998922348,""pkiLeafOcspHttpQuery"":12.039399981498718,""pkiLeafAssertionSign"":12.359799981117249,""pkiLeafAssertionVerify"":9.204699993133545,""pkiOpenSslVerifySourceCA"":9.408100008964539,""pkiSourceCAOcspHttpQuery"":12.474200010299683,""pkiSourceCAAssertionSign"":11.855199992656708,""pkiSourceCAAssertionVerify"":9.32039999961853,""pkiOpenSslVerifyRootCA"":8.865600049495697,""pkiRootCAOcspHttpQuery"":12.46289998292923,""pkiRootCAAssertionSign"":11.985000014305115,""pkiRootCAAssertionVerify"":9.26340001821518,""pkiOpenSslVerifyTargetCA"":9.05979996919632,""pkiTargetCAOcspHttpQuery"":12.177100002765656,""pkiTargetCAAssertionSign"":12.301200032234192,""pkiTargetCAAssertionVerify"":9.286399960517883}",0,,
1,PKI,250,cross-domain,false,true,541628.8362591922,593078.2508592069,593253.9924591839,175.74159997701645,0,175.74159997701645,0,0,4,0,"{""pkiCertTransferHttp"":2.18149995803833,""pkiCrossRelayHttp"":0,""pkiOpenSslVerifyLeaf"":9.630999982357025,""pkiLeafOcspHttpQuery"":12.814200043678284,""pkiLeafAssertionSign"":12.062600016593933,""pkiLeafAssertionVerify"":9.529100000858307,""pkiOpenSslVerifySourceCA"":9.492799997329712,""pkiSourceCAOcspHttpQuery"":12.180499970912933,""pkiSourceCAAssertionSign"":11.723299980163574,""pkiSourceCAAssertionVerify"":9.284599959850311,""pkiOpenSslVerifyRootCA"":9.548400044441223,""pkiRootCAOcspHttpQuery"":12.17110002040863,""pkiRootCAAssertionSign"":11.51199996471405,""pkiRootCAAssertionVerify"":8.927100002765656,""pkiOpenSslVerifyTargetCA"":9.096099972724915,""pkiTargetCAOcspHttpQuery"":12.334500014781952,""pkiTargetCAAssertionSign"":11.988499999046326,""pkiTargetCAAssertionVerify"":9.35319995880127}",0,,
1,PKI,251,cross-domain,false,true,544736.7100589596,596186.1246589742,596388.6303589664,202.50569999217987,0,202.50569999217987,0,0,4,0,"{""pkiCertTransferHttp"":29.576000034809113,""pkiCrossRelayHttp"":0,""pkiOpenSslVerifyLeaf"":9.621999979019165,""pkiLeafOcspHttpQuery"":12.042900025844574,""pkiLeafAssertionSign"":11.864600002765656,""pkiLeafAssertionVerify"":8.898800015449524,""pkiOpenSslVerifySourceCA"":9.367699980735779,""pkiSourceCAOcspHttpQuery"":12.018299996852875,""pkiSourceCAAssertionSign"":11.953199982643127,""pkiSourceCAAssertionVerify"":9.241100013256073,""pkiOpenSslVerifyRootCA"":8.859600007534027,""pkiRootCAOcspHttpQuery"":12.335799992084503,""pkiRootCAAssertionSign"":12.04260003566742,""pkiRootCAAssertionVerify"":9.279799997806549,""pkiOpenSslVerifyTargetCA"":9.40990000963211,""pkiTargetCAOcspHttpQuery"":12.275600016117096,""pkiTargetCAAssertionSign"":11.981900036334991,""pkiTargetCAAssertionVerify"":9.990000009536743}",0,,
1,PKI,252,cross-domain,false,true,545103.4296268242,596552.8442268389,596723.7366268056,170.89239996671677,0,170.89239996671677,0,0,4,0,"{""pkiCertTransferHttp"":0.7050999999046326,""pkiCrossRelayHttp"":0,""pkiOpenSslVerifyLeaf"":9.449100017547607,""pkiLeafOcspHttpQuery"":12.074899971485138,""pkiLeafAssertionSign"":12.12339997291565,""pkiLeafAssertionVerify"":9.065699994564056,""pkiOpenSslVerifySourceCA"":9.154500007629395,""pkiSourceCAOcspHttpQuery"":12.013700008392334,""pkiSourceCAAssertionSign"":12.133899986743927,""pkiSourceCAAssertionVerify"":9.408900022506714,""pkiOpenSslVerifyRootCA"":8.842599987983704,""pkiRootCAOcspHttpQuery"":11.430099964141846,""pkiRootCAAssertionSign"":11.655700027942657,""pkiRootCAAssertionVerify"":9.089800000190735,""pkiOpenSslVerifyTargetCA"":8.784500002861023,""pkiTargetCAOcspHttpQuery"":12.215599954128265,""pkiTargetCAAssertionSign"":12.160099983215332,""pkiTargetCAAssertionVerify"":8.970499992370605}",0,,
1,PKI,253,cross-domain,false,true,546341.168056576,597790.5826565907,597986.2818566249,195.69920003414154,0,195.69920003414154,0,0,4,0,"{""pkiCertTransferHttp"":2.3005000352859497,""pkiCrossRelayHttp"":0,""pkiOpenSslVerifyLeaf"":9.28880000114441,""pkiLeafOcspHttpQuery"":12.30019998550415,""pkiLeafAssertionSign"":13.151799976825714,""pkiLeafAssertionVerify"":10.2674999833107,""pkiOpenSslVerifySourceCA"":12.055800020694733,""pkiSourceCAOcspHttpQuery"":14.762500047683716,""pkiSourceCAAssertionSign"":16.180500030517578,""pkiSourceCAAssertionVerify"":17.570500016212463,""pkiOpenSslVerifyRootCA"":10.088699996471405,""pkiRootCAOcspHttpQuery"":12.565900027751923,""pkiRootCAAssertionSign"":12.905700027942657,""pkiRootCAAssertionVerify"":9.465900003910065,""pkiOpenSslVerifyTargetCA"":8.793599963188171,""pkiTargetCAOcspHttpQuery"":11.750299990177155,""pkiTargetCAAssertionSign"":11.585700035095215,""pkiTargetCAAssertionVerify"":9.103000044822693}",0,,
1,PKI,254,cross-domain,false,true,548639.3961050875,600088.8107051022,600278.862205065,190.0514999628067,0,190.0514999628067,0,0,4,0,"{""pkiCertTransferHttp"":15.402899980545044,""pkiCrossRelayHttp"":0,""pkiOpenSslVerifyLeaf"":9.664900004863739,""pkiLeafOcspHttpQuery"":12.975600004196167,""pkiLeafAssertionSign"":12.061699986457825,""pkiLeafAssertionVerify"":9.011300027370453,""pkiOpenSslVerifySourceCA"":9.002300024032593,""pkiSourceCAOcspHttpQuery"":11.915700018405914,""pkiSourceCAAssertionSign"":12.422299981117249,""pkiSourceCAAssertionVerify"":9.524699985980988,""pkiOpenSslVerifyRootCA"":9.185699999332428,""pkiRootCAOcspHttpQuery"":12.107999980449677,""pkiRootCAAssertionSign"":12.314000010490417,""pkiRootCAAssertionVerify"":9.098600029945374,""pkiOpenSslVerifyTargetCA"":9.211699962615967,""pkiTargetCAOcspHttpQuery"":12.295199990272522,""pkiTargetCAAssertionSign"":12.316699981689453,""pkiTargetCAAssertionVerify"":9.962999999523163}",0,,
1,PKI,255,cross-domain,false,true,551419.3274721552,602868.7420721699,603090.5809721996,221.83890002965927,0,221.83890002965927,0,0,4,0,"{""pkiCertTransferHttp"":25.73089998960495,""pkiCrossRelayHttp"":0,""pkiOpenSslVerifyLeaf"":9.626000046730042,""pkiLeafOcspHttpQuery"":13.069399952888489,""pkiLeafAssertionSign"":13.084600031375885,""pkiLeafAssertionVerify"":10.152700006961823,""pkiOpenSslVerifySourceCA"":9.630800008773804,""pkiSourceCAOcspHttpQuery"":12.705200016498566,""pkiSourceCAAssertionSign"":12.545700013637543,""pkiSourceCAAssertionVerify"":8.91650003194809,""pkiOpenSslVerifyRootCA"":8.750499963760376,""pkiRootCAOcspHttpQuery"":11.775300025939941,""pkiRootCAAssertionSign"":11.487999975681305,""pkiRootCAAssertionVerify"":9.1317999958992,""pkiOpenSslVerifyTargetCA"":8.916700005531311,""pkiTargetCAOcspHttpQuery"":31.981500029563904,""pkiTargetCAAssertionSign"":12.639200031757355,""pkiTargetCAAssertionVerify"":9.98089998960495}",0,,
1,PKI,256,cross-domain,false,true,551798.5795824818,603247.9941824964,603425.8993824414,177.905199944973,0,177.905199944973,0,0,4,0,"{""pkiCertTransferHttp"":2.711199998855591,""pkiCrossRelayHttp"":0,""pkiOpenSslVerifyLeaf"":9.455300033092499,""pkiLeafOcspHttpQuery"":12.417999982833862,""pkiLeafAssertionSign"":12.342199981212616,""pkiLeafAssertionVerify"":9.126199960708618,""pkiOpenSslVerifySourceCA"":9.185400009155273,""pkiSourceCAOcspHttpQuery"":12.86710000038147,""pkiSourceCAAssertionSign"":12.134299993515015,""pkiSourceCAAssertionVerify"":9.70329999923706,""pkiOpenSslVerifyRootCA"":9.485199987888336,""pkiRootCAOcspHttpQuery"":12.238400042057037,""pkiRootCAAssertionSign"":12.511000037193298,""pkiRootCAAssertionVerify"":9.510399997234344,""pkiOpenSslVerifyTargetCA"":9.323899984359741,""pkiTargetCAOcspHttpQuery"":12.018299996852875,""pkiTargetCAAssertionSign"":11.94300001859665,""pkiTargetCAAssertionVerify"":9.387899994850159}",0,,
1,PKI,257,cross-domain,false,true,555442.9456800158,606892.3602800305,607080.5179800327,188.15770000219345,0,188.15770000219345,0,0,4,0,"{""pkiCertTransferHttp"":3.191600024700165,""pkiCrossRelayHttp"":0,""pkiOpenSslVerifyLeaf"":9.48719996213913,""pkiLeafOcspHttpQuery"":12.3614000082016,""pkiLeafAssertionSign"":12.28030002117157,""pkiLeafAssertionVerify"":9.457300007343292,""pkiOpenSslVerifySourceCA"":10.02020001411438,""pkiSourceCAOcspHttpQuery"":12.337700009346008,""pkiSourceCAAssertionSign"":11.450699985027313,""pkiSourceCAAssertionVerify"":9.285399973392487,""pkiOpenSslVerifyRootCA"":8.699599981307983,""pkiRootCAOcspHttpQuery"":25.2606999874115,""pkiRootCAAssertionSign"":12.15719997882843,""pkiRootCAAssertionVerify"":8.875400006771088,""pkiOpenSslVerifyTargetCA"":9.009299993515015,""pkiTargetCAOcspHttpQuery"":11.836499989032745,""pkiTargetCAAssertionSign"":11.7010999917984,""pkiTargetCAAssertionVerify"":8.930199980735779}",0,,
1,PKI,258,cross-domain,false,true,557736.610158159,609186.0247581737,609370.2960581916,184.2713000178337,0,184.2713000178337,0,0,4,0,"{""pkiCertTransferHttp"":10.470099985599518,""pkiCrossRelayHttp"":0,""pkiOpenSslVerifyLeaf"":9.464999973773956,""pkiLeafOcspHttpQuery"":12.42770004272461,""pkiLeafAssertionSign"":11.855000019073486,""pkiLeafAssertionVerify"":9.134800016880035,""pkiOpenSslVerifySourceCA"":8.715399980545044,""pkiSourceCAOcspHttpQuery"":12.146600008010864,""pkiSourceCAAssertionSign"":11.862900018692017,""pkiSourceCAAssertionVerify"":8.964300036430359,""pkiOpenSslVerifyRootCA"":10.078800022602081,""pkiRootCAOcspHttpQuery"":13.301800012588501,""pkiRootCAAssertionSign"":12.062399983406067,""pkiRootCAAssertionVerify"":9.245000004768372,""pkiOpenSslVerifyTargetCA"":9.156199991703033,""pkiTargetCAOcspHttpQuery"":11.795799970626831,""pkiTargetCAAssertionSign"":12.070199966430664,""pkiTargetCAAssertionVerify"":9.977499961853027}",0,,
1,PKI,259,cross-domain,false,true,560690.9855531609,612140.4001531756,612326.7299531853,186.32980000972748,0,186.32980000972748,0,0,4,0,"{""pkiCertTransferHttp"":15.303000032901764,""pkiCrossRelayHttp"":0,""pkiOpenSslVerifyLeaf"":9.889100015163422,""pkiLeafOcspHttpQuery"":12.419600009918213,""pkiLeafAssertionSign"":11.765699982643127,""pkiLeafAssertionVerify"":8.938199996948242,""pkiOpenSslVerifySourceCA"":8.81819999217987,""pkiSourceCAOcspHttpQuery"":12.0489000082016,""pkiSourceCAAssertionSign"":11.981900036334991,""pkiSourceCAAssertionVerify"":9.15420001745224,""pkiOpenSslVerifyRootCA"":8.832499980926514,""pkiRootCAOcspHttpQuery"":11.723399996757507,""pkiRootCAAssertionSign"":11.996600031852722,""pkiRootCAAssertionVerify"":8.795099973678589,""pkiOpenSslVerifyTargetCA"":9.357800006866455,""pkiTargetCAOcspHttpQuery"":12.129999995231628,""pkiTargetCAAssertionSign"":12.003199994564056,""pkiTargetCAAssertionVerify"":9.54670000076294}",0,,
1,PKI,260,cross-domain,false,true,561398.4373820837,612847.8519820984,613047.3829820569,199.53099995851517,0,199.53099995851517,0,0,4,0,"{""pkiCertTransferHttp"":29.018299996852875,""pkiCrossRelayHttp"":0,""pkiOpenSslVerifyLeaf"":9.537599980831146,""pkiLeafOcspHttpQuery"":12.715200006961823,""pkiLeafAssertionSign"":12.241199970245361,""pkiLeafAssertionVerify"":8.762100040912628,""pkiOpenSslVerifySourceCA"":8.969200015068054,""pkiSourceCAOcspHttpQuery"":11.37770003080368,""pkiSourceCAAssertionSign"":11.81029999256134,""pkiSourceCAAssertionVerify"":9.030200004577637,""pkiOpenSslVerifyRootCA"":8.709200024604797,""pkiRootCAOcspHttpQuery"":11.896499991416931,""pkiRootCAAssertionSign"":11.887299954891205,""pkiRootCAAssertionVerify"":9.744399964809418,""pkiOpenSslVerifyTargetCA"":9.121200025081635,""pkiTargetCAOcspHttpQuery"":12.063799977302551,""pkiTargetCAAssertionSign"":11.740000009536743,""pkiTargetCAAssertionVerify"":9.204600036144257}",0,,
1,PKI,261,cross-domain,false,true,561399.6256942556,612849.0402942703,613108.5216321315,259.48133786127437,48.69443781778682,210.78690004348755,0,0,4,0,"{""pkiCertTransferHttp"":28.53360003232956,""pkiCrossRelayHttp"":0,""pkiOpenSslVerifyLeaf"":9.749199986457825,""pkiLeafOcspHttpQuery"":12.217000007629395,""pkiLeafAssertionSign"":12.630800008773804,""pkiLeafAssertionVerify"":9.623700022697449,""pkiOpenSslVerifySourceCA"":9.069400012493134,""pkiSourceCAOcspHttpQuery"":11.860500037670135,""pkiSourceCAAssertionSign"":12.356800019741058,""pkiSourceCAAssertionVerify"":8.771399974822998,""pkiOpenSslVerifyRootCA"":8.78080004453659,""pkiRootCAOcspHttpQuery"":12.045899987220764,""pkiRootCAAssertionSign"":13.281300008296967,""pkiRootCAAssertionVerify"":9.811499953269958,""pkiOpenSslVerifyTargetCA"":12.05680000782013,""pkiTargetCAOcspHttpQuery"":15.16239994764328,""pkiTargetCAAssertionSign"":13.81470000743866,""pkiTargetCAAssertionVerify"":9.196200013160706}",0,,
1,PKI,262,cross-domain,false,true,564217.4561524022,615666.8707524169,615873.3732524145,206.5024999976158,0,206.5024999976158,0,0,4,0,"{""pkiCertTransferHttp"":31.713199973106384,""pkiCrossRelayHttp"":0,""pkiOpenSslVerifyLeaf"":9.679300010204315,""pkiLeafOcspHttpQuery"":12.554499983787537,""pkiLeafAssertionSign"":12.84689998626709,""pkiLeafAssertionVerify"":9.621700048446655,""pkiOpenSslVerifySourceCA"":9.80730003118515,""pkiSourceCAOcspHttpQuery"":12.341800034046173,""pkiSourceCAAssertionSign"":12.073300004005432,""pkiSourceCAAssertionVerify"":9.175999999046326,""pkiOpenSslVerifyRootCA"":8.897199988365173,""pkiRootCAOcspHttpQuery"":12.014600038528442,""pkiRootCAAssertionSign"":11.91370004415512,""pkiRootCAAssertionVerify"":9.162900030612946,""pkiOpenSslVerifyTargetCA"":8.905499994754791,""pkiTargetCAOcspHttpQuery"":11.927299976348877,""pkiTargetCAAssertionSign"":12.417400002479553,""pkiTargetCAAssertionVerify"":9.787500023841858}",0,,
1,PKI,263,cross-domain,false,true,566734.2723543544,618183.6869543691,618394.5607543488,210.87379997968674,0,210.87379997968674,0,0,4,0,"{""pkiCertTransferHttp"":26.176799952983856,""pkiCrossRelayHttp"":0,""pkiOpenSslVerifyLeaf"":9.985099971294403,""pkiLeafOcspHttpQuery"":12.562799990177155,""pkiLeafAssertionSign"":12.83730000257492,""pkiLeafAssertionVerify"":9.84850001335144,""pkiOpenSslVerifySourceCA"":9.797599971294403,""pkiSourceCAOcspHttpQuery"":14.613900005817413,""pkiSourceCAAssertionSign"":12.44350004196167,""pkiSourceCAAssertionVerify"":9.59960001707077,""pkiOpenSslVerifyRootCA"":9.903800010681152,""pkiRootCAOcspHttpQuery"":12.8192999958992,""pkiRootCAAssertionSign"":12.232199966907501,""pkiRootCAAssertionVerify"":9.75550001859665,""pkiOpenSslVerifyTargetCA"":9.528999984264374,""pkiTargetCAOcspHttpQuery"":15.124199986457825,""pkiTargetCAAssertionSign"":12.672100007534027,""pkiTargetCAAssertionVerify"":9.379800021648407}",0,,
1,PKI,264,cross-domain,false,true,574455.2992685722,625904.7138685869,626078.2541685986,173.54030001163483,0,173.54030001163483,0,0,4,0,"{""pkiCertTransferHttp"":2.2353000044822693,""pkiCrossRelayHttp"":0,""pkiOpenSslVerifyLeaf"":9.388499975204468,""pkiLeafOcspHttpQuery"":11.8817999958992,""pkiLeafAssertionSign"":11.621800005435944,""pkiLeafAssertionVerify"":8.694099962711334,""pkiOpenSslVerifySourceCA"":8.887099981307983,""pkiSourceCAOcspHttpQuery"":12.054700016975403,""pkiSourceCAAssertionSign"":12.167199969291687,""pkiSourceCAAssertionVerify"":9.561900019645691,""pkiOpenSslVerifyRootCA"":9.222099959850311,""pkiRootCAOcspHttpQuery"":12.262999951839447,""pkiRootCAAssertionSign"":11.907800018787384,""pkiRootCAAssertionVerify"":9.164399981498718,""pkiOpenSslVerifyTargetCA"":9.63459998369217,""pkiTargetCAOcspHttpQuery"":12.30869996547699,""pkiTargetCAAssertionSign"":11.605599999427795,""pkiTargetCAAssertionVerify"":9.434899985790253}",0,,
1,PKI,265,cross-domain,false,true,576169.4387580134,627618.8533580281,627796.1082580067,177.2548999786377,0,177.2548999786377,0,0,4,0,"{""pkiCertTransferHttp"":5.588800013065338,""pkiCrossRelayHttp"":0,""pkiOpenSslVerifyLeaf"":9.614700019359589,""pkiLeafOcspHttpQuery"":11.977500021457672,""pkiLeafAssertionSign"":11.718600034713745,""pkiLeafAssertionVerify"":9.741900026798248,""pkiOpenSslVerifySourceCA"":9.13809996843338,""pkiSourceCAOcspHttpQuery"":12.497900009155273,""pkiSourceCAAssertionSign"":11.919599950313568,""pkiSourceCAAssertionVerify"":9.020899951457977,""pkiOpenSslVerifyRootCA"":9.326300024986267,""pkiRootCAOcspHttpQuery"":12.487500011920929,""pkiRootCAAssertionSign"":11.898499965667725,""pkiRootCAAssertionVerify"":9.03600001335144,""pkiOpenSslVerifyTargetCA"":9.137399971485138,""pkiTargetCAOcspHttpQuery"":12.069400012493134,""pkiTargetCAAssertionSign"":11.547399997711182,""pkiTargetCAAssertionVerify"":8.755400002002716}",0,,
1,PKI,266,cross-domain,false,true,576692.5411620742,628141.9557620889,628322.9211620694,180.96539998054504,0,180.96539998054504,0,0,4,0,"{""pkiCertTransferHttp"":4.782800018787384,""pkiCrossRelayHttp"":0,""pkiOpenSslVerifyLeaf"":8.95770001411438,""pkiLeafOcspHttpQuery"":12.22130000591278,""pkiLeafAssertionSign"":14.319300055503845,""pkiLeafAssertionVerify"":10.076900005340576,""pkiOpenSslVerifySourceCA"":9.067399978637695,""pkiSourceCAOcspHttpQuery"":12.018199980258942,""pkiSourceCAAssertionSign"":12.518999993801117,""pkiSourceCAAssertionVerify"":9.637699961662292,""pkiOpenSslVerifyRootCA"":9.832000017166138,""pkiRootCAOcspHttpQuery"":12.236699998378754,""pkiRootCAAssertionSign"":11.916000008583069,""pkiRootCAAssertionVerify"":9.571799993515015,""pkiOpenSslVerifyTargetCA"":9.260999977588654,""pkiTargetCAOcspHttpQuery"":12.17059999704361,""pkiTargetCAAssertionSign"":11.890800058841705,""pkiTargetCAAssertionVerify"":8.966099977493286}",0,,
1,PKI,267,cross-domain,false,true,579419.1918819349,630868.6064819496,631049.8899819653,181.28350001573563,0,181.28350001573563,0,0,4,0,"{""pkiCertTransferHttp"":3.2675999999046326,""pkiCrossRelayHttp"":0,""pkiOpenSslVerifyLeaf"":9.600099980831146,""pkiLeafOcspHttpQuery"":12.817499995231628,""pkiLeafAssertionSign"":12.25550001859665,""pkiLeafAssertionVerify"":9.217199981212616,""pkiOpenSslVerifySourceCA"":10.114300012588501,""pkiSourceCAOcspHttpQuery"":12.513000011444092,""pkiSourceCAAssertionSign"":12.029500007629395,""pkiSourceCAAssertionVerify"":9.932000041007996,""pkiOpenSslVerifyRootCA"":9.526000022888184,""pkiRootCAOcspHttpQuery"":12.572799980640411,""pkiRootCAAssertionSign"":12.097300052642822,""pkiRootCAAssertionVerify"":9.215999960899353,""pkiOpenSslVerifyTargetCA"":9.497399985790253,""pkiTargetCAOcspHttpQuery"":12.719099998474121,""pkiTargetCAAssertionSign"":12.66870003938675,""pkiTargetCAAssertionVerify"":9.662199974060059}",0,,
1,PKI,268,cross-domain,false,true,580402.7997853872,631852.2143854019,632031.3901854274,179.1758000254631,0,179.1758000254631,0,0,4,0,"{""pkiCertTransferHttp"":4.3269999623298645,""pkiCrossRelayHttp"":0,""pkiOpenSslVerifyLeaf"":9.55349999666214,""pkiLeafOcspHttpQuery"":12.600100040435791,""pkiLeafAssertionSign"":12.746600031852722,""pkiLeafAssertionVerify"":9.39980000257492,""pkiOpenSslVerifySourceCA"":9.519200026988983,""pkiSourceCAOcspHttpQuery"":12.058799982070923,""pkiSourceCAAssertionSign"":12.043099999427795,""pkiSourceCAAssertionVerify"":9.57889997959137,""pkiOpenSslVerifyRootCA"":8.930999994277954,""pkiRootCAOcspHttpQuery"":12.264999985694885,""pkiRootCAAssertionSign"":12.589100003242493,""pkiRootCAAssertionVerify"":9.56470000743866,""pkiOpenSslVerifyTargetCA"":8.930400013923645,""pkiTargetCAOcspHttpQuery"":12.203499972820282,""pkiTargetCAAssertionSign"":12.315899968147278,""pkiTargetCAAssertionVerify"":9.001999974250793}",0,,
1,PKI,269,cross-domain,false,true,580478.2209577333,631927.635557748,632108.1089577448,180.4733999967575,0,180.4733999967575,0,0,4,0,"{""pkiCertTransferHttp"":3.704200029373169,""pkiCrossRelayHttp"":0,""pkiOpenSslVerifyLeaf"":9.379500031471252,""pkiLeafOcspHttpQuery"":12.491899967193604,""pkiLeafAssertionSign"":12.053600013256073,""pkiLeafAssertionVerify"":9.426500022411346,""pkiOpenSslVerifySourceCA"":9.334600031375885,""pkiSourceCAOcspHttpQuery"":11.671500027179718,""pkiSourceCAAssertionSign"":12.01639997959137,""pkiSourceCAAssertionVerify"":14.730000019073486,""pkiOpenSslVerifyRootCA"":8.6385999917984,""pkiRootCAOcspHttpQuery"":12.627600014209747,""pkiRootCAAssertionSign"":12.4132000207901,""pkiRootCAAssertionVerify"":8.94080001115799,""pkiOpenSslVerifyTargetCA"":9.070599973201752,""pkiTargetCAOcspHttpQuery"":11.943700015544891,""pkiTargetCAAssertionSign"":11.335300028324127,""pkiTargetCAAssertionVerify"":9.084399998188019}",0,,
1,PKI,270,cross-domain,false,true,584296.1861348195,635745.6007348342,635956.6900348706,211.08930003643036,0,211.08930003643036,0,0,4,0,"{""pkiCertTransferHttp"":22.306500017642975,""pkiCrossRelayHttp"":0,""pkiOpenSslVerifyLeaf"":9.733200013637543,""pkiLeafOcspHttpQuery"":12.56410002708435,""pkiLeafAssertionSign"":11.837199985980988,""pkiLeafAssertionVerify"":9.455099999904633,""pkiOpenSslVerifySourceCA"":10.722500026226044,""pkiSourceCAOcspHttpQuery"":14.262600004673004,""pkiSourceCAAssertionSign"":14.060199975967407,""pkiSourceCAAssertionVerify"":12.577499985694885,""pkiOpenSslVerifyRootCA"":11.495000004768372,""pkiRootCAOcspHttpQuery"":14.917099952697754,""pkiRootCAAssertionSign"":12.012099981307983,""pkiRootCAAssertionVerify"":9.535000026226044,""pkiOpenSslVerifyTargetCA"":9.296000003814697,""pkiTargetCAOcspHttpQuery"":12.696299970149994,""pkiTargetCAAssertionSign"":12.999700009822845,""pkiTargetCAAssertionVerify"":8.982499957084656}",0,,
1,PKI,271,cross-domain,false,true,584645.629969771,636095.0445697857,636271.9043697668,176.85979998111725,0,176.85979998111725,0,0,4,0,"{""pkiCertTransferHttp"":1.5490999817848206,""pkiCrossRelayHttp"":0,""pkiOpenSslVerifyLeaf"":9.002799987792969,""pkiLeafOcspHttpQuery"":12.367500007152557,""pkiLeafAssertionSign"":13.4307000041008,""pkiLeafAssertionVerify"":10.123199999332428,""pkiOpenSslVerifySourceCA"":9.814500033855438,""pkiSourceCAOcspHttpQuery"":12.53470003604889,""pkiSourceCAAssertionSign"":11.51010000705719,""pkiSourceCAAssertionVerify"":9.413399994373322,""pkiOpenSslVerifyRootCA"":9.229699969291687,""pkiRootCAOcspHttpQuery"":12.122099995613098,""pkiRootCAAssertionSign"":11.631600022315979,""pkiRootCAAssertionVerify"":9.260300040245056,""pkiOpenSslVerifyTargetCA"":9.150899946689606,""pkiTargetCAOcspHttpQuery"":12.191899955272675,""pkiTargetCAAssertionSign"":12.439799964427948,""pkiTargetCAAssertionVerify"":9.542199969291687}",0,,
1,PKI,272,cross-domain,false,true,584803.6618451233,636253.076445138,636437.2657451386,184.18930000066757,0,184.18930000066757,0,0,4,0,"{""pkiCertTransferHttp"":0.5480999946594238,""pkiCrossRelayHttp"":0,""pkiOpenSslVerifyLeaf"":10.332599997520447,""pkiLeafOcspHttpQuery"":12.848299980163574,""pkiLeafAssertionSign"":12.699599981307983,""pkiLeafAssertionVerify"":9.770099997520447,""pkiOpenSslVerifySourceCA"":10.784299969673157,""pkiSourceCAOcspHttpQuery"":13.293799996376038,""pkiSourceCAAssertionSign"":12.911200046539307,""pkiSourceCAAssertionVerify"":9.684599995613098,""pkiOpenSslVerifyRootCA"":9.566399991512299,""pkiRootCAOcspHttpQuery"":13.056400001049042,""pkiRootCAAssertionSign"":13.242899954319,""pkiRootCAAssertionVerify"":10.73829996585846,""pkiOpenSslVerifyTargetCA"":9.742700040340424,""pkiTargetCAOcspHttpQuery"":12.461700022220612,""pkiTargetCAAssertionSign"":11.69300001859665,""pkiTargetCAAssertionVerify"":9.130100011825562}",0,,
1,PKI,273,cross-domain,false,true,586105.1036823173,637554.518282332,637746.7995823403,192.28130000829697,0,192.28130000829697,0,0,4,0,"{""pkiCertTransferHttp"":0.45740002393722534,""pkiCrossRelayHttp"":0,""pkiOpenSslVerifyLeaf"":9.936200022697449,""pkiLeafOcspHttpQuery"":12.773000001907349,""pkiLeafAssertionSign"":11.479399979114532,""pkiLeafAssertionVerify"":9.208999991416931,""pkiOpenSslVerifySourceCA"":9.036199986934662,""pkiSourceCAOcspHttpQuery"":32.17260003089905,""pkiSourceCAAssertionSign"":11.970100045204163,""pkiSourceCAAssertionVerify"":9.262700021266937,""pkiOpenSslVerifyRootCA"":8.75569999217987,""pkiRootCAOcspHttpQuery"":12.070800006389618,""pkiRootCAAssertionSign"":11.787999987602234,""pkiRootCAAssertionVerify"":9.496999979019165,""pkiOpenSslVerifyTargetCA"":9.388399958610535,""pkiTargetCAOcspHttpQuery"":12.040899991989136,""pkiTargetCAAssertionSign"":11.594399988651276,""pkiTargetCAAssertionVerify"":9.269200026988983}",0,,
1,PKI,274,cross-domain,false,true,587294.596425998,638744.0110260127,638924.7075259564,180.69649994373322,0,180.69649994373322,0,0,4,0,"{""pkiCertTransferHttp"":0.1647999882698059,""pkiCrossRelayHttp"":0,""pkiOpenSslVerifyLeaf"":8.777499973773956,""pkiLeafOcspHttpQuery"":12.165600001811981,""pkiLeafAssertionSign"":12.311699986457825,""pkiLeafAssertionVerify"":9.214699983596802,""pkiOpenSslVerifySourceCA"":9.517000019550323,""pkiSourceCAOcspHttpQuery"":12.490700006484985,""pkiSourceCAAssertionSign"":12.311199963092804,""pkiSourceCAAssertionVerify"":9.50409996509552,""pkiOpenSslVerifyRootCA"":9.831800043582916,""pkiRootCAOcspHttpQuery"":12.498300015926361,""pkiRootCAAssertionSign"":12.245800018310547,""pkiRootCAAssertionVerify"":9.543299973011017,""pkiOpenSslVerifyTargetCA"":9.551199972629547,""pkiTargetCAOcspHttpQuery"":12.038500010967255,""pkiTargetCAAssertionSign"":17.5203999876976,""pkiTargetCAAssertionVerify"":9.272599995136261}",0,,
1,PKI,275,cross-domain,false,true,587301.0670751227,638750.4816751374,638979.4235510407,228.9418759032851,38.70347586122807,190.23840004205704,0,0,4,0,"{""pkiCertTransferHttp"":16.611699998378754,""pkiCrossRelayHttp"":0,""pkiOpenSslVerifyLeaf"":9.407099962234497,""pkiLeafOcspHttpQuery"":12.431400001049042,""pkiLeafAssertionSign"":12.537199974060059,""pkiLeafAssertionVerify"":9.165300011634827,""pkiOpenSslVerifySourceCA"":9.45609998703003,""pkiSourceCAOcspHttpQuery"":12.261699974536896,""pkiSourceCAAssertionSign"":12.185800015926361,""pkiSourceCAAssertionVerify"":9.464900016784668,""pkiOpenSslVerifyRootCA"":8.928000032901764,""pkiRootCAOcspHttpQuery"":12.006200015544891,""pkiRootCAAssertionSign"":11.95219999551773,""pkiRootCAAssertionVerify"":9.160600006580353,""pkiOpenSslVerifyTargetCA"":9.25459998846054,""pkiTargetCAOcspHttpQuery"":12.347299993038177,""pkiTargetCAAssertionSign"":11.980799973011017,""pkiTargetCAAssertionVerify"":9.553900003433228}",0,,
1,PKI,276,cross-domain,false,true,587800.00073511,639249.4153351247,639450.4372351229,201.02189999818802,0,201.02189999818802,0,0,4,0,"{""pkiCertTransferHttp"":14.630400002002716,""pkiCrossRelayHttp"":0,""pkiOpenSslVerifyLeaf"":11.415600001811981,""pkiLeafOcspHttpQuery"":13.842000007629395,""pkiLeafAssertionSign"":14.429300010204315,""pkiLeafAssertionVerify"":12.609699964523315,""pkiOpenSslVerifySourceCA"":12.30699998140335,""pkiSourceCAOcspHttpQuery"":12.443300008773804,""pkiSourceCAAssertionSign"":12.98530000448227,""pkiSourceCAAssertionVerify"":10.01690000295639,""pkiOpenSslVerifyRootCA"":9.941500008106232,""pkiRootCAOcspHttpQuery"":12.61650002002716,""pkiRootCAAssertionSign"":11.925900042057037,""pkiRootCAAssertionVerify"":9.276800036430359,""pkiOpenSslVerifyTargetCA"":8.653299987316132,""pkiTargetCAOcspHttpQuery"":11.664499998092651,""pkiTargetCAAssertionSign"":11.525999963283539,""pkiTargetCAAssertionVerify"":9.167100012302399}",0,,
1,PKI,277,cross-domain,false,true,588719.6177791983,640169.032379213,640348.8354792625,179.8031000494957,0,179.8031000494957,0,0,4,0,"{""pkiCertTransferHttp"":3.9605000019073486,""pkiCrossRelayHttp"":0,""pkiOpenSslVerifyLeaf"":9.786799967288971,""pkiLeafOcspHttpQuery"":12.572300016880035,""pkiLeafAssertionSign"":11.857800006866455,""pkiLeafAssertionVerify"":9.281599998474121,""pkiOpenSslVerifySourceCA"":8.634999990463257,""pkiSourceCAOcspHttpQuery"":11.80290001630783,""pkiSourceCAAssertionSign"":12.033900022506714,""pkiSourceCAAssertionVerify"":9.027999997138977,""pkiOpenSslVerifyRootCA"":8.8503999710083,""pkiRootCAOcspHttpQuery"":12.675200045108795,""pkiRootCAAssertionSign"":13.285300016403198,""pkiRootCAAssertionVerify"":9.363999962806702,""pkiOpenSslVerifyTargetCA"":9.952600002288818,""pkiTargetCAOcspHttpQuery"":13.064799964427948,""pkiTargetCAAssertionSign"":12.447799980640411,""pkiTargetCAAssertionVerify"":9.68970000743866}",0,,
1,PKI,278,cross-domain,false,true,592477.5715901256,643926.9861901402,644133.7108901143,206.72469997406006,0,206.72469997406006,0,0,4,0,"{""pkiCertTransferHttp"":17.28090000152588,""pkiCrossRelayHttp"":0,""pkiOpenSslVerifyLeaf"":10.070899963378906,""pkiLeafOcspHttpQuery"":24.60310000181198,""pkiLeafAssertionSign"":13.701700031757355,""pkiLeafAssertionVerify"":9.815599977970123,""pkiOpenSslVerifySourceCA"":10.014700055122375,""pkiSourceCAOcspHttpQuery"":12.302500009536743,""pkiSourceCAAssertionSign"":11.594399988651276,""pkiSourceCAAssertionVerify"":9.102400004863739,""pkiOpenSslVerifyRootCA"":8.97350001335144,""pkiRootCAOcspHttpQuery"":11.813699960708618,""pkiRootCAAssertionSign"":11.752499997615814,""pkiRootCAAssertionVerify"":9.710099995136261,""pkiOpenSslVerifyTargetCA"":9.530799984931946,""pkiTargetCAOcspHttpQuery"":13.183899998664856,""pkiTargetCAAssertionSign"":12.356100022792816,""pkiTargetCAAssertionVerify"":9.416700005531311}",0,,
1,PKI,279,cross-domain,false,true,597251.0118655997,648700.4264656143,648892.4389656024,192.01249998807907,0,192.01249998807907,0,0,4,0,"{""pkiCertTransferHttp"":3.7516000270843506,""pkiCrossRelayHttp"":0,""pkiOpenSslVerifyLeaf"":9.120600044727325,""pkiLeafOcspHttpQuery"":11.911899983882904,""pkiLeafAssertionSign"":12.087500035762787,""pkiLeafAssertionVerify"":9.378899991512299,""pkiOpenSslVerifySourceCA"":9.70250004529953,""pkiSourceCAOcspHttpQuery"":12.412400007247925,""pkiSourceCAAssertionSign"":11.741900026798248,""pkiSourceCAAssertionVerify"":8.888199985027313,""pkiOpenSslVerifyRootCA"":9.443400025367737,""pkiRootCAOcspHttpQuery"":27.74500000476837,""pkiRootCAAssertionSign"":12.530699968338013,""pkiRootCAAssertionVerify"":8.872900009155273,""pkiOpenSslVerifyTargetCA"":8.867300033569336,""pkiTargetCAOcspHttpQuery"":12.360500037670135,""pkiTargetCAAssertionSign"":12.12720000743866,""pkiTargetCAAssertionVerify"":9.546999990940094}",0,,
1,PKI,280,cross-domain,false,true,598500.3070343889,649949.7216344036,650144.2722343958,194.55059999227524,0,194.55059999227524,0,0,4,0,"{""pkiCertTransferHttp"":22.90439999103546,""pkiCrossRelayHttp"":0,""pkiOpenSslVerifyLeaf"":9.765900015830994,""pkiLeafOcspHttpQuery"":12.460300028324127,""pkiLeafAssertionSign"":12.02759999036789,""pkiLeafAssertionVerify"":9.40970003604889,""pkiOpenSslVerifySourceCA"":8.914799988269806,""pkiSourceCAOcspHttpQuery"":11.767599999904633,""pkiSourceCAAssertionSign"":11.885500013828278,""pkiSourceCAAssertionVerify"":9.383700013160706,""pkiOpenSslVerifyRootCA"":8.96780002117157,""pkiRootCAOcspHttpQuery"":11.849799990653992,""pkiRootCAAssertionSign"":11.604600012302399,""pkiRootCAAssertionVerify"":9.316100001335144,""pkiOpenSslVerifyTargetCA"":8.609699964523315,""pkiTargetCAOcspHttpQuery"":12.3957000374794,""pkiTargetCAAssertionSign"":12.472600042819977,""pkiTargetCAAssertionVerify"":9.014499962329865}",0,,
1,PKI,281,cross-domain,false,true,598883.388146977,650332.8027469917,650522.0410469576,189.23829996585846,0,189.23829996585846,0,0,4,0,"{""pkiCertTransferHttp"":0.4847000241279602,""pkiCrossRelayHttp"":0,""pkiOpenSslVerifyLeaf"":8.994399964809418,""pkiLeafOcspHttpQuery"":11.72630000114441,""pkiLeafAssertionSign"":11.349500000476837,""pkiLeafAssertionVerify"":8.977100014686584,""pkiOpenSslVerifySourceCA"":9.628600001335144,""pkiSourceCAOcspHttpQuery"":12.314000010490417,""pkiSourceCAAssertionSign"":12.406500041484833,""pkiSourceCAAssertionVerify"":9.616900026798248,""pkiOpenSslVerifyRootCA"":8.866999983787537,""pkiRootCAOcspHttpQuery"":12.142199993133545,""pkiRootCAAssertionSign"":15.046500027179718,""pkiRootCAAssertionVerify"":10.742799997329712,""pkiOpenSslVerifyTargetCA"":11.07480001449585,""pkiTargetCAOcspHttpQuery"":17.208700001239777,""pkiTargetCAAssertionSign"":16.51029998064041,""pkiTargetCAAssertionVerify"":10.53549998998642}",0,,
1,PKI,282,cross-domain,false,true,599228.982597147,650678.3971971617,650851.5892971501,173.19209998846054,0,173.19209998846054,0,0,4,0,"{""pkiCertTransferHttp"":1.1615999937057495,""pkiCrossRelayHttp"":0,""pkiOpenSslVerifyLeaf"":9.655700027942657,""pkiLeafOcspHttpQuery"":12.686800003051758,""pkiLeafAssertionSign"":11.997900009155273,""pkiLeafAssertionVerify"":8.781199991703033,""pkiOpenSslVerifySourceCA"":9.180599987506866,""pkiSourceCAOcspHttpQuery"":12.033199965953827,""pkiSourceCAAssertionSign"":12.289399981498718,""pkiSourceCAAssertionVerify"":9.53279995918274,""pkiOpenSslVerifyRootCA"":9.075800001621246,""pkiRootCAOcspHttpQuery"":11.940599977970123,""pkiRootCAAssertionSign"":12.209699988365173,""pkiRootCAAssertionVerify"":9.347599983215332,""pkiOpenSslVerifyTargetCA"":9.095200002193451,""pkiTargetCAOcspHttpQuery"":12.111800014972687,""pkiTargetCAAssertionSign"":11.702699959278107,""pkiTargetCAAssertionVerify"":8.920499980449677}",0,,
1,PKI,283,cross-domain,false,true,603899.1823212855,655348.5969213002,655549.4760212653,200.87909996509552,0,200.87909996509552,0,0,4,0,"{""pkiCertTransferHttp"":21.382099986076355,""pkiCrossRelayHttp"":0,""pkiOpenSslVerifyLeaf"":9.479900002479553,""pkiLeafOcspHttpQuery"":12.144900023937225,""pkiLeafAssertionSign"":11.814599990844727,""pkiLeafAssertionVerify"":9.105199992656708,""pkiOpenSslVerifySourceCA"":8.829699993133545,""pkiSourceCAOcspHttpQuery"":12.62610000371933,""pkiSourceCAAssertionSign"":12.571300029754639,""pkiSourceCAAssertionVerify"":9.983900010585785,""pkiOpenSslVerifyRootCA"":9.719399988651276,""pkiRootCAOcspHttpQuery"":12.878899991512299,""pkiRootCAAssertionSign"":12.44209998846054,""pkiRootCAAssertionVerify"":9.887899994850159,""pkiOpenSslVerifyTargetCA"":9.737299978733063,""pkiTargetCAOcspHttpQuery"":13.611699998378754,""pkiTargetCAAssertionSign"":12.885099947452545,""pkiTargetCAAssertionVerify"":10.13069999217987}",0,,
1,PKI,284,cross-domain,false,true,605815.9783509185,657265.3929509332,657476.5105508973,211.11759996414185,0,211.11759996414185,0,0,4,0,"{""pkiCertTransferHttp"":24.11650002002716,""pkiCrossRelayHttp"":0,""pkiOpenSslVerifyLeaf"":9.735900044441223,""pkiLeafOcspHttpQuery"":25.353200018405914,""pkiLeafAssertionSign"":12.044200003147125,""pkiLeafAssertionVerify"":9.453999996185303,""pkiOpenSslVerifySourceCA"":9.664600014686584,""pkiSourceCAOcspHttpQuery"":12.137400031089783,""pkiSourceCAAssertionSign"":12.043099999427795,""pkiSourceCAAssertionVerify"":9.454200029373169,""pkiOpenSslVerifyRootCA"":9.536399960517883,""pkiRootCAOcspHttpQuery"":12.630100011825562,""pkiRootCAAssertionSign"":12.119700014591217,""pkiRootCAAssertionVerify"":8.832799971103668,""pkiOpenSslVerifyTargetCA"":9.16049998998642,""pkiTargetCAOcspHttpQuery"":12.089200019836426,""pkiTargetCAAssertionSign"":11.618399977684021,""pkiTargetCAAssertionVerify"":9.408499956130981}",0,,
1,PKI,285,cross-domain,false,true,607307.188303607,658756.6029036217,658933.5595035725,176.9565999507904,0,176.9565999507904,0,0,4,0,"{""pkiCertTransferHttp"":4.24729996919632,""pkiCrossRelayHttp"":0,""pkiOpenSslVerifyLeaf"":9.50519996881485,""pkiLeafOcspHttpQuery"":11.890100002288818,""pkiLeafAssertionSign"":11.806599974632263,""pkiLeafAssertionVerify"":9.592400014400482,""pkiOpenSslVerifySourceCA"":8.88809996843338,""pkiSourceCAOcspHttpQuery"":12.345899999141693,""pkiSourceCAAssertionSign"":11.852199971675873,""pkiSourceCAAssertionVerify"":9.86190003156662,""pkiOpenSslVerifyRootCA"":8.977299988269806,""pkiRootCAOcspHttpQuery"":12.100800037384033,""pkiRootCAAssertionSign"":11.984600007534027,""pkiRootCAAssertionVerify"":9.862900018692017,""pkiOpenSslVerifyTargetCA"":9.198300004005432,""pkiTargetCAOcspHttpQuery"":12.055599987506866,""pkiTargetCAAssertionSign"":11.915899991989136,""pkiTargetCAAssertionVerify"":9.300899982452393}",0,,
1,PKI,286,cross-domain,false,true,607404.1088721453,658853.52347216,659028.1274721323,174.60399997234344,0,174.60399997234344,0,0,4,0,"{""pkiCertTransferHttp"":2.7498000264167786,""pkiCrossRelayHttp"":0,""pkiOpenSslVerifyLeaf"":9.352600038051605,""pkiLeafOcspHttpQuery"":12.36520004272461,""pkiLeafAssertionSign"":11.831200003623962,""pkiLeafAssertionVerify"":8.674299955368042,""pkiOpenSslVerifySourceCA"":9.275700032711029,""pkiSourceCAOcspHttpQuery"":11.955299973487854,""pkiSourceCAAssertionSign"":11.957000017166138,""pkiSourceCAAssertionVerify"":9.750199973583221,""pkiOpenSslVerifyRootCA"":8.701600015163422,""pkiRootCAOcspHttpQuery"":11.912999987602234,""pkiRootCAAssertionSign"":11.76419997215271,""pkiRootCAAssertionVerify"":9.522700011730194,""pkiOpenSslVerifyTargetCA"":9.467299997806549,""pkiTargetCAOcspHttpQuery"":12.761500000953674,""pkiTargetCAAssertionSign"":12.02400004863739,""pkiTargetCAAssertionVerify"":9.076499998569489}",0,,
1,PKI,287,cross-domain,false,true,609141.9751232498,660591.3897232645,660798.0228232377,206.63309997320175,0,206.63309997320175,0,0,4,0,"{""pkiCertTransferHttp"":15.994099974632263,""pkiCrossRelayHttp"":0,""pkiOpenSslVerifyLeaf"":9.732999980449677,""pkiLeafOcspHttpQuery"":12.34249997138977,""pkiLeafAssertionSign"":12.061600029468536,""pkiLeafAssertionVerify"":9.533100008964539,""pkiOpenSslVerifySourceCA"":11.307399988174438,""pkiSourceCAOcspHttpQuery"":15.521999955177307,""pkiSourceCAAssertionSign"":14.056600034236908,""pkiSourceCAAssertionVerify"":12.960300028324127,""pkiOpenSslVerifyRootCA"":11.411799967288971,""pkiRootCAOcspHttpQuery"":13.609600007534027,""pkiRootCAAssertionSign"":12.809700012207031,""pkiRootCAAssertionVerify"":10.470899999141693,""pkiOpenSslVerifyTargetCA"":9.380400002002716,""pkiTargetCAOcspHttpQuery"":12.729099988937378,""pkiTargetCAAssertionSign"":11.892999947071075,""pkiTargetCAAssertionVerify"":9.267399966716766}",0,,
1,PKI,288,cross-domain,false,true,612140.0499580153,663589.46455803,663782.0754580148,192.61089998483658,0,192.61089998483658,0,0,4,0,"{""pkiCertTransferHttp"":0.6843000054359436,""pkiCrossRelayHttp"":0,""pkiOpenSslVerifyLeaf"":9.938700020313263,""pkiLeafOcspHttpQuery"":12.376999974250793,""pkiLeafAssertionSign"":12.132800042629242,""pkiLeafAssertionVerify"":9.359499990940094,""pkiOpenSslVerifySourceCA"":9.51690000295639,""pkiSourceCAOcspHttpQuery"":11.873300015926361,""pkiSourceCAAssertionSign"":12.166400015354156,""pkiSourceCAAssertionVerify"":9.526500046253204,""pkiOpenSslVerifyRootCA"":8.87940001487732,""pkiRootCAOcspHttpQuery"":12.462800025939941,""pkiRootCAAssertionSign"":11.881200015544891,""pkiRootCAAssertionVerify"":9.067900002002716,""pkiOpenSslVerifyTargetCA"":9.196799993515015,""pkiTargetCAOcspHttpQuery"":28.96419996023178,""pkiTargetCAAssertionSign"":12.87880003452301,""pkiTargetCAAssertionVerify"":10.142700016498566}",0,,
1,PKI,289,cross-domain,false,true,612350.4013533108,663799.8159533255,663999.0502533428,199.23430001735687,0,199.23430001735687,0,0,4,0,"{""pkiCertTransferHttp"":18.73030000925064,""pkiCrossRelayHttp"":0,""pkiOpenSslVerifyLeaf"":10.28659999370575,""pkiLeafOcspHttpQuery"":14.254399955272675,""pkiLeafAssertionSign"":13.570900022983551,""pkiLeafAssertionVerify"":9.626300036907196,""pkiOpenSslVerifySourceCA"":9.767899990081787,""pkiSourceCAOcspHttpQuery"":12.999199986457825,""pkiSourceCAAssertionSign"":12.290399968624115,""pkiSourceCAAssertionVerify"":9.168400049209595,""pkiOpenSslVerifyRootCA"":9.388899981975555,""pkiRootCAOcspHttpQuery"":12.576499998569489,""pkiRootCAAssertionSign"":12.48030000925064,""pkiRootCAAssertionVerify"":9.101099967956543,""pkiOpenSslVerifyTargetCA"":9.771899998188019,""pkiTargetCAOcspHttpQuery"":12.175800025463104,""pkiTargetCAAssertionSign"":11.737399995326996,""pkiTargetCAAssertionVerify"":9.753799974918365}",0,,
1,PKI,290,cross-domain,false,true,612451.5544756071,663900.9690756218,664094.8045756237,193.83550000190735,0,193.83550000190735,0,0,4,0,"{""pkiCertTransferHttp"":19.408300042152405,""pkiCrossRelayHttp"":0,""pkiOpenSslVerifyLeaf"":10.532800018787384,""pkiLeafOcspHttpQuery"":11.990299999713898,""pkiLeafAssertionSign"":12.385300040245056,""pkiLeafAssertionVerify"":9.809700012207031,""pkiOpenSslVerifySourceCA"":8.9932000041008,""pkiSourceCAOcspHttpQuery"":12.26500004529953,""pkiSourceCAAssertionSign"":11.974799990653992,""pkiSourceCAAssertionVerify"":9.069500029087067,""pkiOpenSslVerifyRootCA"":9.314400017261505,""pkiRootCAOcspHttpQuery"":12.53870004415512,""pkiRootCAAssertionSign"":11.704899966716766,""pkiRootCAAssertionVerify"":9.424500048160553,""pkiOpenSslVerifyTargetCA"":9.346000015735626,""pkiTargetCAOcspHttpQuery"":12.636500000953674,""pkiTargetCAAssertionSign"":12.038300037384033,""pkiTargetCAAssertionVerify"":8.962799966335297}",0,,
1,PKI,291,cross-domain,false,true,612953.7314137154,664403.1460137301,664573.9897137218,170.84369999170303,0,170.84369999170303,0,0,4,0,"{""pkiCertTransferHttp"":0.09489995241165161,""pkiCrossRelayHttp"":0,""pkiOpenSslVerifyLeaf"":8.965900003910065,""pkiLeafOcspHttpQuery"":12.05079996585846,""pkiLeafAssertionSign"":11.621399998664856,""pkiLeafAssertionVerify"":9.519400000572205,""pkiOpenSslVerifySourceCA"":9.108699977397919,""pkiSourceCAOcspHttpQuery"":12.441100001335144,""pkiSourceCAAssertionSign"":12.201200008392334,""pkiSourceCAAssertionVerify"":9.414200007915497,""pkiOpenSslVerifyRootCA"":8.802500009536743,""pkiRootCAOcspHttpQuery"":11.908499956130981,""pkiRootCAAssertionSign"":11.450500011444092,""pkiRootCAAssertionVerify"":8.92960000038147,""pkiOpenSslVerifyTargetCA"":9.653199970722198,""pkiTargetCAOcspHttpQuery"":12.502799987792969,""pkiTargetCAAssertionSign"":11.67629998922348,""pkiTargetCAAssertionVerify"":8.995200037956238}",0,,
1,PKI,292,cross-domain,false,true,617944.9707739078,669394.3853739225,669594.8023739182,200.41699999570847,0,200.41699999570847,0,0,4,0,"{""pkiCertTransferHttp"":26.028099954128265,""pkiCrossRelayHttp"":0,""pkiOpenSslVerifyLeaf"":9.592299997806549,""pkiLeafOcspHttpQuery"":12.584200024604797,""pkiLeafAssertionSign"":11.693300008773804,""pkiLeafAssertionVerify"":9.74069994688034,""pkiOpenSslVerifySourceCA"":9.460300028324127,""pkiSourceCAOcspHttpQuery"":11.980499982833862,""pkiSourceCAAssertionSign"":12.01469999551773,""pkiSourceCAAssertionVerify"":9.223599970340729,""pkiOpenSslVerifyRootCA"":9.227899968624115,""pkiRootCAOcspHttpQuery"":12.089599967002869,""pkiRootCAAssertionSign"":12.210600018501282,""pkiRootCAAssertionVerify"":9.299199998378754,""pkiOpenSslVerifyTargetCA"":9.119700014591217,""pkiTargetCAOcspHttpQuery"":12.050700008869171,""pkiTargetCAAssertionSign"":12.40259999036789,""pkiTargetCAAssertionVerify"":9.964399993419647}",0,,
1,PKI,293,cross-domain,false,true,619533.1172336703,670982.531833685,671181.9406336909,199.40880000591278,0,199.40880000591278,0,0,4,0,"{""pkiCertTransferHttp"":11.589699983596802,""pkiCrossRelayHttp"":0,""pkiOpenSslVerifyLeaf"":10.612999975681305,""pkiLeafOcspHttpQuery"":18.553799986839294,""pkiLeafAssertionSign"":14.352699995040894,""pkiLeafAssertionVerify"":11.510200023651123,""pkiOpenSslVerifySourceCA"":9.76199996471405,""pkiSourceCAOcspHttpQuery"":12.921899974346161,""pkiSourceCAAssertionSign"":12.387000024318695,""pkiSourceCAAssertionVerify"":10.162400007247925,""pkiOpenSslVerifyRootCA"":9.322699964046478,""pkiRootCAOcspHttpQuery"":12.705599963665009,""pkiRootCAAssertionSign"":12.140699982643127,""pkiRootCAAssertionVerify"":9.33050000667572,""pkiOpenSslVerifyTargetCA"":9.113700032234192,""pkiTargetCAOcspHttpQuery"":12.145500004291534,""pkiTargetCAAssertionSign"":11.609499990940094,""pkiTargetCAAssertionVerify"":9.522300004959106}",0,,
1,PKI,294,cross-domain,false,true,620597.3399689258,672046.7545689405,672221.3193689645,174.5648000240326,0,174.5648000240326,0,0,4,0,"{""pkiCertTransferHttp"":0.8536999821662903,""pkiCrossRelayHttp"":0,""pkiOpenSslVerifyLeaf"":9.152499973773956,""pkiLeafOcspHttpQuery"":12.17110002040863,""pkiLeafAssertionSign"":11.91760003566742,""pkiLeafAssertionVerify"":8.791800022125244,""pkiOpenSslVerifySourceCA"":9.046899974346161,""pkiSourceCAOcspHttpQuery"":11.835300028324127,""pkiSourceCAAssertionSign"":11.634099960327148,""pkiSourceCAAssertionVerify"":9.642100036144257,""pkiOpenSslVerifyRootCA"":8.890999972820282,""pkiRootCAOcspHttpQuery"":12.126299977302551,""pkiRootCAAssertionSign"":12.159500002861023,""pkiRootCAAssertionVerify"":9.986699998378754,""pkiOpenSslVerifyTargetCA"":9.400400042533875,""pkiTargetCAOcspHttpQuery"":13.454299986362457,""pkiTargetCAAssertionSign"":12.021600008010864,""pkiTargetCAAssertionVerify"":9.795700013637543}",0,,
1,PKI,295,cross-domain,false,true,620950.026265596,672399.4408656107,672581.7057656394,182.2649000287056,0,182.2649000287056,0,0,4,0,"{""pkiCertTransferHttp"":2.713699996471405,""pkiCrossRelayHttp"":0,""pkiOpenSslVerifyLeaf"":10.754299998283386,""pkiLeafOcspHttpQuery"":13.029199957847595,""pkiLeafAssertionSign"":13.03980004787445,""pkiLeafAssertionVerify"":10.59249997138977,""pkiOpenSslVerifySourceCA"":9.935199975967407,""pkiSourceCAOcspHttpQuery"":12.915300011634827,""pkiSourceCAAssertionSign"":12.273999989032745,""pkiSourceCAAssertionVerify"":10.250800013542175,""pkiOpenSslVerifyRootCA"":9.003899991512299,""pkiRootCAOcspHttpQuery"":11.699299991130829,""pkiRootCAAssertionSign"":11.808399975299835,""pkiRootCAAssertionVerify"":9.62830001115799,""pkiOpenSslVerifyTargetCA"":9.643899977207184,""pkiTargetCAOcspHttpQuery"":12.210200011730194,""pkiTargetCAAssertionSign"":11.828999996185303,""pkiTargetCAAssertionVerify"":9.268299996852875}",0,,
1,PKI,296,cross-domain,false,true,623264.183106284,674713.5977062987,674904.7471062945,191.14939999580383,0,191.14939999580383,0,0,4,0,"{""pkiCertTransferHttp"":15.20219999551773,""pkiCrossRelayHttp"":0,""pkiOpenSslVerifyLeaf"":9.68639999628067,""pkiLeafOcspHttpQuery"":12.487500011920929,""pkiLeafAssertionSign"":11.832799971103668,""pkiLeafAssertionVerify"":13.637199997901917,""pkiOpenSslVerifySourceCA"":9.123499989509583,""pkiSourceCAOcspHttpQuery"":11.702899992465973,""pkiSourceCAAssertionSign"":11.948400020599365,""pkiSourceCAAssertionVerify"":9.08459997177124,""pkiOpenSslVerifyRootCA"":9.086699962615967,""pkiRootCAOcspHttpQuery"":12.170899987220764,""pkiRootCAAssertionSign"":12.060000002384186,""pkiRootCAAssertionVerify"":9.021399974822998,""pkiOpenSslVerifyTargetCA"":9.196700036525726,""pkiTargetCAOcspHttpQuery"":12.095999956130981,""pkiTargetCAAssertionSign"":11.769499957561493,""pkiTargetCAAssertionVerify"":9.327099978923798}",0,,
1,PKI,297,cross-domain,false,true,623602.7943047222,675052.2089047369,675226.9134046969,174.70449995994568,0,174.70449995994568,0,0,4,0,"{""pkiCertTransferHttp"":3.1865999698638916,""pkiCrossRelayHttp"":0,""pkiOpenSslVerifyLeaf"":9.227500021457672,""pkiLeafOcspHttpQuery"":11.816299974918365,""pkiLeafAssertionSign"":11.935900032520294,""pkiLeafAssertionVerify"":9.252800047397614,""pkiOpenSslVerifySourceCA"":9.03769999742508,""pkiSourceCAOcspHttpQuery"":12.40690004825592,""pkiSourceCAAssertionSign"":11.595899999141693,""pkiSourceCAAssertionVerify"":9.359600007534027,""pkiOpenSslVerifyRootCA"":9.064799964427948,""pkiRootCAOcspHttpQuery"":11.988800048828125,""pkiRootCAAssertionSign"":11.80380004644394,""pkiRootCAAssertionVerify"":9.659600019454956,""pkiOpenSslVerifyTargetCA"":9.350899994373322,""pkiTargetCAOcspHttpQuery"":12.17409998178482,""pkiTargetCAAssertionSign"":12.041599988937378,""pkiTargetCAAssertionVerify"":9.31139999628067}",0,,
1,PKI,298,cross-domain,false,true,623955.8560061726,675405.2706061873,675602.0197061572,196.7490999698639,0,196.7490999698639,0,0,4,0,"{""pkiCertTransferHttp"":6.422100007534027,""pkiCrossRelayHttp"":0,""pkiOpenSslVerifyLeaf"":9.11540001630783,""pkiLeafOcspHttpQuery"":11.921599984169006,""pkiLeafAssertionSign"":12.220300018787384,""pkiLeafAssertionVerify"":9.260500013828278,""pkiOpenSslVerifySourceCA"":11.118399977684021,""pkiSourceCAOcspHttpQuery"":26.8503999710083,""pkiSourceCAAssertionSign"":12.883000016212463,""pkiSourceCAAssertionVerify"":9.39599996805191,""pkiOpenSslVerifyRootCA"":8.815899968147278,""pkiRootCAOcspHttpQuery"":12.115000009536743,""pkiRootCAAssertionSign"":11.501500010490417,""pkiRootCAAssertionVerify"":9.407400012016296,""pkiOpenSslVerifyTargetCA"":9.642800033092499,""pkiTargetCAOcspHttpQuery"":13.526199996471405,""pkiTargetCAAssertionSign"":11.637600004673004,""pkiTargetCAAssertionVerify"":9.259299993515015}",0,,
1,PKI,299,cross-domain,false,true,625764.1061328003,677213.520732815,677398.1496328065,184.6288999915123,0,184.6288999915123,0,0,4,0,"{""pkiCertTransferHttp"":10.328699946403503,""pkiCrossRelayHttp"":0,""pkiOpenSslVerifyLeaf"":9.733699977397919,""pkiLeafOcspHttpQuery"":12.527500033378601,""pkiLeafAssertionSign"":11.985199987888336,""pkiLeafAssertionVerify"":9.27590000629425,""pkiOpenSslVerifySourceCA"":9.701900005340576,""pkiSourceCAOcspHttpQuery"":12.666899979114532,""pkiSourceCAAssertionSign"":12.447200000286102,""pkiSourceCAAssertionVerify"":9.396500051021576,""pkiOpenSslVerifyRootCA"":8.78329998254776,""pkiRootCAOcspHttpQuery"":11.717599987983704,""pkiRootCAAssertionSign"":11.857999980449677,""pkiRootCAAssertionVerify"":9.445699989795685,""pkiOpenSslVerifyTargetCA"":9.540199995040894,""pkiTargetCAOcspHttpQuery"":12.297900021076202,""pkiTargetCAAssertionSign"":12.193900048732758,""pkiTargetCAAssertionVerify"":9.146799981594086}",0,,
