pf,ts,pki_availability,dpki_lower,dpki_upper,dpki_advantage_lower,dpki_advantage_upper
0.0,0.5,0.8501447837311761,0.8458199542775467,0.8199011812495778,-0.004324829453629331,-0.030243602481598297
0.02040816326530612,0.5,0.831265266917954,0.8446331980911974,0.8183956425202394,0.01336793117324342,-0.012869624397714552
0.04081632653061224,0.5,0.8124494844075522,0.8434300424049289,0.8168709545459212,0.030980557997376756,0.004421470138369021
0.061224489795918366,0.5,0.7936974361999707,0.8422102355848097,0.8153268371586384,0.04851279938483899,0.02162940095866772
0.08163265306122448,0.5,0.7750091222952096,0.8409734592989321,0.8137629462689001,0.0659643370037225,0.03875382397369054
0.1020408163265306,0.5,0.7563845426932688,0.839718817903547,0.8121783850700836,0.08333427521027814,0.05579384237681473
0.12244897959183673,0.5,0.7378236973941483,0.8384424506564834,0.8105694183529247,0.10061875326233505,0.0727457209587764
0.14285714285714285,0.5,0.7193265863978482,0.8371301275940272,0.8089223854634137,0.11780354119617897,0.08959579906556547
0.16326530612244897,0.5,0.7008932097043684,0.8357402818821648,0.8071974608143555,0.13484707217779635,0.10630425110998709
0.18367346938775508,0.5,0.6825235673137089,0.8341733791348257,0.805299341465229,0.1516498118211168,0.12277577415152008
0.2040816326530612,0.5,0.6642176592258697,0.8322268971327342,0.80303417238471,0.1680092379068645,0.13881651315884025
0.22448979591836732,0.5,0.6459754854408509,0.8295412054398827,0.8000577803490171,0.18356571999903182,0.15408229490816616
0.24489795918367346,0.5,0.6277970459586525,0.825548521123117,0.7958268789363713,0.19775147516446456,0.16802983297771878
0.26530612244897955,0.5,0.6096823407792743,0.8194422317794295,0.7895697994376893,0.20975989100015524,0.17988745865841504
0.2857142857142857,0.5,0.5916313699027165,0.8101847442672951,0.7802941255270516,0.21855337436457867,0.1886627556243351
0.3061224489795918,0.5,0.573644133328979,0.7965673157748309,0.7668440997895107,0.22292318244585185,0.19319996646053172
0.32653061224489793,0.5,0.5557206310580618,0.7773254542524363,0.7480112138535304,0.22160482319437447,0.19229058279546862
0.3469387755102041,0.5,0.537860863089965,0.7513005348692586,0.7226890009412568,0.21343967177929368,0.18482813785129182
0.36734693877551017,0.5,0.5200648294246883,0.7176254870358674,0.6900508037767589,0.19756065761117902,0.16998597435207052
0.3877551020408163,0.5,0.5023325300622322,0.6759031925838785,0.6497204764698136,0.17357066252164632,0.14738794640758135
0.4081632653061224,0.5,0.4846639650025964,0.6263432800697961,0.6019031615362838,0.14167931506719972,0.11723919653368736
0.42857142857142855,0.5,0.4670591342457808,0.5698274959577583,0.5474476028995832,0.10276836171197745,0.08038846865380234
0.44897959183673464,0.5,0.44951803779178573,0.5078851602604664,0.4878223156852487,0.05836712246868064,0.03830427789346297
0.4693877551020408,0.5,0.43204067564061077,0.44257608727449305,0.4250031431887037,0.010535411633882275,-0.00703753245190708
0.4897959183673469,0.5,0.41462704779225623,0.3762953853531923,0.36128604602902425,-0.03833166243906394,-0.05334100176323198
0.5102040816326531,0.5,0.397277154246722,0.311529074307516,0.29905287384268303,-0.08574807993920602,-0.09822428040403897
0.5306122448979591,0.5,0.3799909950040082,0.2505983860266746,0.24052640825448582,-0.12939260897733357,-0.13946458674952236
0.5510204081632653,0.5,0.36276857006411467,0.19543213361936707,0.18755240602697137,-0.1673364364447476,-0.1752161640371433
0.5714285714285714,0.5,0.34560987942704136,0.1474004946697702,0.1414405702099191,-0.19820938475727115,-0.20416930921712226
0.5918367346938775,0.5,0.32851492309278846,0.10723144268781477,0.1028847624313755,-0.2212834804049737,-0.22563016066141295
0.6122448979591836,0.5,0.31148370106135603,0.07501561148734262,0.07196796219523738,-0.2364680895740134,-0.23951573886611865
0.6326530612244897,0.5,0.29451621333274375,0.05028990756857378,0.048242658232252246,-0.24422630576416998,-0.2462735551004915
0.6530612244897959,0.5,0.2776124599069518,0.03217782836146205,0.030865523528746885,-0.24543463154548978,-0.24674693637820494
0.673469387755102,0.5,0.26077244078398026,0.019557456013973212,0.018758540219583272,-0.24121498477000705,-0.24201390056439698
0.6938775510204082,0.5,0.24399615596382898,0.011227401907201295,0.010768086908339258,-0.2327687540566277,-0.23322806905548973
0.7142857142857142,0.5,0.22728360544649817,0.006046047115614416,0.005798370004756056,-0.22123755833088377,-0.22148523544174212
0.7346938775510203,0.5,0.21063478923198758,0.003028504399051103,0.002904289725167323,-0.20760628483293647,-0.20773049950682027
0.7551020408163265,0.5,0.19404970732029733,0.0013963488122487114,0.0013390134647678878,-0.19265335850804863,-0.19271069385552944
0.7755102040816326,0.5,0.17752835971142736,0.0005847963766381113,0.0005607596224447933,-0.17694356333478925,-0.17696760008898257
0.7959183673469387,0.5,0.16107074640537788,0.00021868777732829105,0.00020969069567356482,-0.1608520586280496,-0.16086105570970433
0.8163265306122448,0.5,0.1446768674021486,7.139008482097875e-05,6.845048354347738e-05,-0.14460547731732762,-0.14460841691860513
0.836734693877551,0.5,0.12834672270173964,1.972986973090488e-05,1.891681650117074e-05,-0.12832699283200874,-0.12832780588523846
0.8571428571428571,0.5,0.112080312304151,4.4215778763867094e-06,4.239234428364307e-06,-0.11207589072627461,-0.11207607306972263
0.8775510204081632,0.5,0.09587763620938274,7.543377440214408e-07,7.232081545064597e-07,-0.09587688187163872,-0.09587691300122823
0.8979591836734693,0.5,0.07973869441743488,8.882233369857113e-08,8.515455362757415e-08,-0.07973860559510118,-0.07973860926288125
0.9183673469387754,0.5,0.06366348692830724,6.124708850425517e-09,5.871650286656314e-09,-0.06366348080359839,-0.06366348105665695
0.9387755102040816,0.5,0.0476520137419999,1.8172690472372984e-10,1.7421427395337181e-10,-0.047652013560272995,-0.047652013567785624
0.9591836734693877,0.5,0.03170427485851296,1.1613816218669135e-12,1.1133453459415658e-12,-0.031704274857351576,-0.031704274857399614
0.9795918367346939,0.5,0.015820270277846327,1.7562664936020436e-16,1.6835903083374213e-16,-0.01582027027784615,-0.015820270277846157
1.0,0.5,0.0,0.0,0.0,0.0,0.0
0.0,0.5102040816326531,0.8535270519291018,0.8487573330847497,0.823332354530925,-0.004769718844352178,-0.030194697398176817
0.02040816326530612,0.5102040816326531,0.8345724236871778,0.8475744340516908,0.8218335511837198,0.013002010364512984,-0.012738872503457954
0.04081632653061224,0.5102040816326531,0.8156817833125369,0.8463749818982877,0.8203153910434351,0.030693198585750814,0.004633607730898159
0.061224489795918366,0.5102040816326531,0.7968551308051796,0.8451587188476497,0.8187775861506069,0.04830358804247015,0.02192245534542736
0.08163265306122448,0.5102040816326531,0.7780924661651054,0.8439253200264273,0.817219784146836,0.06583285386132187,0.039127317981730636
0.1020408163265306,0.5102040816326531,0.7593937893923146,0.8426738809744312,0.8156410772583452,0.08328009158211658,0.056247287866030615
0.12244897959183673,0.5102040816326531,0.740759100486807,0.8414005210940275,0.8140377062373756,0.10064142060722048,0.07327860575056855
0.14285714285714285,0.5102040816326531,0.7221883994485829,0.840090952354073,0.8123959411563214,0.11790255290549012,0.09020754170773848
0.16326530612244897,0.5102040816326531,0.703681686277642,0.8387034493622338,0.8106757681970355,0.1350217630845918,0.10699408191939341
0.18367346938775508,0.5102040816326531,0.6852389609739845,0.8371381062275618,0.8087814441012696,0.15189914525357728,0.12354248312728511
0.2040816326530612,0.5102040816326531,0.6668602235376102,0.835191650933651,0.8065182256680842,0.1683314273960408,0.13965800213047397
0.22448979591836732,0.5102040816326531,0.6485454739685194,0.8325031260695864,0.8035403681339283,0.18395765210106707,0.1549948941654089
0.24489795918367346,0.5102040816326531,0.6302947122667117,0.8285026567518615,0.7993021077001617,0.19820794448514978,0.16900739543345
0.26530612244897955,0.5102040816326531,0.6121079384321875,0.8223806603731679,0.793028258100996,0.21027272194098046,0.1809203196688085
0.2857142857142857,0.5102040816326531,0.5939851524649464,0.8130957232489175,0.783721877987752,0.21911057078397111,0.18973672552280552
0.3061224489795918,0.5102040816326531,0.5759263543649887,0.7994346502925044,0.7702219358548338,0.22350829592751564,0.19429558148984505
0.32653061224489793,0.5102040816326531,0.5579315441323144,0.7801282881014738,0.7513144001260883,0.22219674396915945,0.19338285599377392
0.3469387755102041,0.5102040816326531,0.5400007217669234,0.7540137340293092,0.7258877329511069,0.21401301226238578,0.1858870111841835
0.36734693877551017,0.5102040816326531,0.5221338872688156,0.7202207047584019,0.693111464825665,0.19808681748958634,0.1709775775568494
0.3877551020408163,0.5102040816326531,0.5043310406379912,0.6783505900689561,0.6526076727205372,0.17401954943096498,0.14827663208254604
0.4081632653061224,0.5102040816326531,0.4865921818744501,0.6286137509173857,0.6045823539402081,0.1420215690429356,0.11799017206575801
0.42857142857142855,0.5102040816326531,0.4689173109781923,0.5718951330746569,0.5498880269199764,0.10297782209646461,0.08097071594178412
0.44897959183673464,0.5102040816326531,0.4513064279492179,0.5097296358081298,0.48999979909901575,0.05842320785891192,0.03869337114979787
0.4693877551020408,0.5102040816326531,0.43375953278752666,0.4441846062637854,0.42690242032041925,0.010425073476258762,-0.006857112467107407
0.4897959183673469,0.5102040816326531,0.41627662549311883,0.37766392594204967,0.36290222870985045,-0.03861269955106916,-0.053374396783268385
0.5102040816326531,0.5102040816326531,0.3988577060659943,0.3126627336064551,0.30039186441054794,-0.08619497245953922,-0.09846584165544636
0.5306122448979591,0.5102040816326531,0.3815027745061531,0.2515107888043778,0.24160420382859543,-0.12999198570177528,-0.13989857067755768
0.5510204081632653,0.5102040816326531,0.36421183081359526,0.19614400561339745,0.18839341402991178,-0.1680678252001978,-0.17581841678368348
0.5714285714285714,0.5102040816326531,0.3469848749883206,0.147937624548518,0.1420751999047925,-0.1990472504398026,-0.2049096750835281
0.5918367346938775,0.5102040816326531,0.32982190703032926,0.10762233480518194,0.10334664972828689,-0.22219957222514733,-0.22647525730204238
0.6122448979591836,0.5102040816326531,0.31272292693962145,0.07528915314285863,0.0722912106185966,-0.23743377379676284,-0.24043171632102484
0.6326530612244897,0.5102040816326531,0.29568793471619675,0.050473339396756786,0.048459437547977366,-0.24521459531943995,-0.24722849716821937
0.6530612244897959,0.5102040816326531,0.27871693036005546,0.032295226066803906,0.03100427250770897,-0.24642170429325155,-0.24771265785234647
0.673469387755102,0.5102040816326531,0.2618099138711974,0.019628825562156723,0.018842894557802182,-0.24218108830904067,-0.2429670193133952
0.6938775510204082,0.5102040816326531,0.24496688524962265,0.011268381506706046,0.010816524670331451,-0.23369850374291662,-0.2341503605792912
0.7142857142857142,0.5102040816326531,0.2281878444953314,0.0060681189901662,0.005824460081620809,-0.22211972550516518,-0.2223633844137106
0.7346938775510203,0.5102040816326531,0.21147279160832333,0.0030395621707299766,0.0029173611127453897,-0.20843322943759335,-0.20855543049557795
0.7551020408163265,0.5102040816326531,0.19482172658859853,0.0014014479697987865,0.001345041403283578,-0.19342027861879973,-0.19347668518531497
0.7755102040816326,0.5102040816326531,0.17823464943615705,0.0005869322153657028,0.0005632845778708686,-0.17764771722079134,-0.1776713648582862
0.7959183673469387,0.5102040816326531,0.16171156015099905,0.0002194865853519684,0.00021063506371909573,-0.16149207356564707,-0.16150092508727995
0.8163265306122448,0.5102040816326531,0.14525245873312423,7.165088348781973e-05,6.875881420251422e-05,-0.1451808078496364,-0.14518369991892172
0.836734693877551,0.5102040816326531,0.1288573451825327,1.9801953451132027e-05,1.9002040127988577e-05,-0.12883754322908156,-0.1288383431424047
0.8571428571428571,0.5102040816326531,0.11252621949922446,4.43773381311034e-06,4.2583358434900925e-06,-0.11252178176541136,-0.11252196116338098
0.8775510204081632,0.5102040816326531,0.09625908168319962,7.570942526860854e-07,7.264672909211335e-07,-0.09625832458894693,-0.0962583552159087
0.8979591836734693,0.5102040816326531,0.08005593173445816,8.914693590215528e-08,8.553835250236195e-08,-0.08005584258752226,-0.08005584619610566
0.9183673469387754,0.5102040816326531,0.06391676965299989,6.14709337571783e-09,5.8981175190104405e-09,-0.06391676350590651,-0.06391676375488237
0.9387755102040816,0.5102040816326531,0.04784159543882491,1.82391125533675e-10,1.7499965594939645e-10,-0.047841595256433785,-0.047841595263825254
0.9591836734693877,0.5102040816326531,0.03183040909193332,1.1656268094373793e-12,1.1183649867301519e-12,-0.03183040909076769,-0.03183040909081496
0.9795918367346939,0.5102040816326531,0.015883210612325012,1.7626865540105967e-16,1.691181704944906e-16,-0.015883210612324835,-0.015883210612324842
1.0,0.5102040816326531,0.0,0.0,0.0,0.0,0.0
0.0,0.5204081632653061,0.8568329815220225,0.851638750083039,0.826698158421355,-0.005194231438983454,-0.030134823100667507
0.02040816326530612,0.5204081632653061,0.8378049371343698,0.850459985218573,0.8252063723525491,0.012655048084203258,-0.012598564781820643
0.04081632653061224,0.5204081632653061,0.8188411284554524,0.8492645206861855,0.8236950312426042,0.030423392230733093,0.004853902787151809
0.061224489795918366,0.5204081632653061,0.7999415554852708,0.8480520926571995,0.8221638394555678,0.0481105371719287,0.02222228397029702
0.08163265306122448,0.5204081632653061,0.7811062182238246,0.8468223698107521,0.820612436482157,0.06571615158692745,0.03950621825833234
0.1020408163265306,0.5204081632653061,0.7623351166711139,0.8455744389963363,0.819039903737325,0.08323932232522246,0.05670478706621118
0.12244897959183673,0.5204081632653061,0.7436282508271387,0.844304400057121,0.8174424582918318,0.10067614922998236,0.07381420746469314
0.14285714285714285,0.5204081632653061,0.7249856206918991,0.8429979077885139,0.8158063020087083,0.11801228709661482,0.0908206813168092
0.16326530612244897,0.5204081632653061,0.7064072262653949,0.841613080710275,0.8140912357688401,0.1352058544448801,0.10768400950344525
0.18367346938775508,0.5204081632653061,0.6878930675476262,0.8400496472372486,0.8122010828800522,0.15215657968962237,0.12430801533242597
0.2040816326530612,0.5204081632653061,0.6694431445385931,0.8381035972927069,0.809940225870974,0.1686604527541138,0.14049708133238092
0.22448979591836732,0.5204081632653061,0.6510574572382954,0.835412667249587,0.8069613730188384,0.18435521001129151,0.15590391578054297
0.24489795918367346,0.5204081632653061,0.6327360056467334,0.8314049229507471,0.8027163218406342,0.1986689173040137,0.16998031619390086
0.26530612244897955,0.5204081632653061,0.6144787897639068,0.8252678578731528,0.7964264233271968,0.21078906810924602,0.18194763356329002
0.2857142857142857,0.5204081632653061,0.5962858095898157,0.8159562971347166,0.7870902813894066,0.21967048754490093,0.19080447179959092
0.3061224489795918,0.5204081632653061,0.5781570651244601,0.802252662205605,0.7735416719607221,0.2240955970811449,0.19538460683626202
0.32653061224489793,0.5204081632653061,0.56009255636784,0.782883209871114,0.7545611250207277,0.22279065350327398,0.19446856865288764
0.3469387755102041,0.5204081632653061,0.5420922833199555,0.7566808244997085,0.7290321084913668,0.214588541179753,0.18693982517141128
0.36734693877551017,0.5204081632653061,0.5241562459808065,0.7227720574088506,0.6961203968361934,0.1986158114280442,0.17196415085538697
0.3877551020408163,0.5204081632653061,0.5062844443503929,0.6807568259595213,0.6554463132812373,0.17447238160912837,0.14916186893084438
0.4081632653061224,0.5204081632653061,0.4884768784287149,0.630846207632863,0.6072166912987743,0.14236932920414813,0.11873981287005941
0.42857142857142855,0.5204081632653061,0.4707335482157724,0.5739282925557085,0.5522877589634427,0.10319474433993614,0.08155421074767033
0.44897959183673464,0.5204081632653061,0.45305445371156544,0.5115434669142627,0.4921411068895233,0.058489013202697226,0.03908665317795784
0.4693877551020408,0.5204081632653061,0.4354395949160939,0.44576648805469377,0.42877024641665473,0.010326893138599857,-0.006669348499439176
0.4897959183673469,0.5204081632653061,0.4178889718293579,0.3790098692421232,0.3644917259048865,-0.038879102587234704,-0.053397245924471426
0.5102040816326531,0.5204081632653061,0.40040258445135746,0.3137777224530103,0.3017088035150419,-0.08662486199834718,-0.09869378093631553
0.5306122448979591,0.5204081632653061,0.38298043278209254,0.2524081997434724,0.24266429041443982,-0.13057223303862014,-0.14031614236765272
0.5510204081632653,0.5204081632653061,0.36562251682156316,0.1968442048196215,0.18922063206798723,-0.16877831200194165,-0.17640188475357593
0.5714285714285714,0.5204081632653061,0.34832883656976915,0.14846596315087424,0.14269944273406093,-0.19986287341889492,-0.20562939383570822
0.5918367346938775,0.5204081632653061,0.3310993920267107,0.10800683967851776,0.10380098983771757,-0.22309255234819292,-0.2272984021889931
0.6122448979591836,0.5204081632653061,0.3139341831923879,0.07555823168578349,0.07260918499225437,-0.23837595150660443,-0.24132499820013353
0.6326530612244897,0.5204081632653061,0.29683321006680047,0.050653782323219106,0.04867268463336837,-0.24617942774358137,-0.2481605254334321
0.6530612244897959,0.5204081632653061,0.2797964726499486,0.03241071314463258,0.03114076339712397,-0.24738575950531605,-0.24865570925282465
0.673469387755102,0.5204081632653061,0.26282397094183224,0.019699034840819845,0.018925877544052123,-0.2431249361010124,-0.24389809339778012
0.6938775510204082,0.5204081632653061,0.24591570494245132,0.01130869554618844,0.010864175749403855,-0.2346070093962629,-0.23505152919304748
0.7142857142857142,0.5204081632653061,0.22907167465180608,0.006089832709572675,0.005850126804196039,-0.22298184194223342,-0.22322154784761006
0.7346938775510203,0.5204081632653061,0.21229188006989627,0.003050440656390166,0.002930220567819844,-0.2092414394135061,-0.2093616595020764
0.7551020408163265,0.5204081632653061,0.19557632119672191,0.0014064645131826434,0.0013509716805281701,-0.19416985668353928,-0.19422534951619375
0.7755102040816326,0.5204081632653061,0.17892499803228307,0.0005890334737821,0.0005657686531947709,-0.17833596455850095,-0.1783592293790883
0.7959183673469387,0.5204081632653061,0.16233791057657987,0.00022027246835329412,0.00021156415159065655,-0.16211763810822657,-0.16212634642498922
0.8163265306122448,0.5204081632653061,0.1458150588296121,7.190746476032581e-05,6.906215884210726e-05,-0.14574315136485178,-0.14574599667076998
0.836734693877551,0.5204081632653061,0.12935644279137978,1.9872872119510153e-05,1.908588633367804e-05,-0.12933656991926026,-0.1293373569050461
0.8571428571428571,0.5204081632653061,0.11296206246188299,4.453628758128383e-06,4.27712868484998e-06,-0.11295760883312486,-0.11295778533319814
0.8775510204081632,0.5204081632653061,0.09663191784112175,7.598062515167614e-07,7.296738015912561e-07,-0.09663115803487024,-0.09663118816732016
0.8979591836734693,0.5204081632653061,0.08036600892909611,8.946629891571109e-08,8.591595674284068e-08,-0.0803659194627972,-0.08036592301313937
0.9183673469387754,0.5204081632653061,0.06416433572580586,6.169116749587073e-09,5.924157730170345e-09,-0.06416432955668912,-0.06416432980164813
0.9387755102040816,0.5204081632653061,0.04802689823125109,1.8304463376146127e-10,1.7577237128165214e-10,-0.04802689804820646,-0.048026898055478724
0.9591836734693877,0.5204081632653061,0.0319536964454319,1.1698035539732776e-12,1.1233036984083756e-12,-0.0319536964442621,-0.0319536964443086
0.9795918367346939,0.5204081632653061,0.01594473036834821,1.769003140314833e-16,1.6986507486924696e-16,-0.015944730368348033,-0.01594473036834804
1.0,0.5204081632653061,0.0,0.0,0.0,0.0,0.0
0.0,0.5306122448979592,0.860064295490575,0.8544652714352294,0.8299998383133088,-0.005599024055345514,-0.030064457177266135
0.02040816326530612,0.5306122448979592,0.8409644919772232,0.8532909059253606,0.8285153383807041,0.012326413948137382,-0.012449153596519102
0.04081632653061224,0.5306122448979592,0.8219291664202182,0.8520997011442557,0.8270110942799259,0.030170534724037523,0.0050819278597077355
0.061224489795918366,0.5306122448979592,0.8029583188195598,0.850891387303907,0.8254868028150949,0.0479330684843472,0.022528483995535087
0.08163265306122448,0.5306122448979592,0.784051949175248,0.8496656267312029,0.8239420954457144,0.06561367755595493,0.03989014627046639
0.1020408163265306,0.5306122448979592,0.7652100574872829,0.848421497712367,0.8223760429325263,0.08321144022508409,0.05716598544524343
0.12244897959183673,0.5306122448979592,0.7464326437556644,0.8471550808259782,0.8207848390199486,0.10072243707031381,0.07435219526428416
0.14285714285714285,0.5306122448979592,0.7277197079803926,0.8458519745770019,0.8191546184129923,0.11813226659660925,0.09143491043259966
0.16326530612244897,0.5306122448979592,0.7090712501614674,0.8444701438320366,0.8174449995794549,0.13539889367056912,0.1083737494179875
0.18367346938775508,0.5306122448979592,0.6904872702988889,0.8429089570343454,0.8155593791729358,0.15242168673545653,0.12507210887404685
0.2040816326530612,0.5306122448979592,0.671967768392657,0.8409636776028184,0.8133012791368495,0.1689959092101614,0.14133351074419243
0.22448979591836732,0.5306122448979592,0.6535127444427719,0.8382707561311052,0.81032188498883,0.1847580116883334,0.1568091405460581
0.24489795918367346,0.5306122448979592,0.6351221984492333,0.8342562313575322,0.8060705936531586,0.1991340329082989,0.17094839520392524
0.26530612244897955,0.5306122448979592,0.6167961304120414,0.8281047184132623,0.7997653473398761,0.21130858800122088,0.18296921692783474
0.2857142857142857,0.5306122448979592,0.598534540331196,0.8187673396450476,0.790400364413376,0.22023279931385153,0.19186582408218
0.3061224489795918,0.5306122448979592,0.5803374282066974,0.8050222008496651,0.776804308518636,0.2246847726429677,0.1964668803119386
0.32653061224489793,0.5306122448979592,0.5622047940385455,0.7855910394451562,0.7577523546535586,0.22338624540661067,0.1955475606150131
0.3469387755102041,0.5306122448979592,0.5441366378267402,0.7593025906655796,0.7321230521959794,0.21516595283883944,0.18798641436923924
0.36734693877551017,0.5306122448979592,0.5261329595712814,0.7252802871318802,0.6990784749491382,0.19914732756059883,0.17294551537785685
0.3877551020408163,0.5306122448979592,0.5081937592721694,0.6831225931688873,0.658237215491678,0.17492883389671798,0.15004345621950865
0.4081632653061224,0.5306122448979592,0.49031903692940404,0.6330412872237436,0.6098069252152144,0.1427222502943396,0.11948788828581036
0.42857142857142855,0.5306122448979592,0.4725087925429853,0.5759275497623888,0.5546474780647963,0.10341875721940352,0.08213868552181103
0.44897959183673464,0.5306122448979592,0.45476302611291325,0.5133271630743028,0.4942468404888478,0.05856413696138957,0.03948381437593457
0.4693877551020408,0.5306122448979592,0.43708173763918773,0.44732217404597197,0.4306071426257989,0.010240436406784237,-0.0064745950133888175
0.4897959183673469,0.5306122448979592,0.41946492712180894,0.3803335885956014,0.3660549784851191,-0.03913133852620754,-0.05340994863668985
0.5102040816326531,0.5306122448979592,0.4019125945607768,0.31487434849436,0.30300405450419665,-0.0870382460664168,-0.09890854005658017
0.5306122448979591,0.5306122448979592,0.3844247399560914,0.2532908652916722,0.24370695911886597,-0.13113387466441917,-0.14071778083722541
0.5510204081632653,0.5306122448979592,0.36700136330775257,0.19753292271951825,0.190034286347885,-0.16946844058823432,-0.17696707695986758
0.5714285714285714,0.5306122448979592,0.34964246461576026,0.14898565441767958,0.14331346875996287,-0.20065681019808068,-0.2063289958557974
0.5918367346938775,0.5306122448979592,0.3323480438801147,0.10838506171047531,0.10424790611998902,-0.2239629821696394,-0.22810013776012567
0.6122448979591836,0.5306122448979592,0.31511810110081595,0.0758229199573737,0.07292197139121706,-0.23929518114344225,-0.2421961297095989
0.6326530612244897,0.5306122448979592,0.2979526362778636,0.05083128506257324,0.048882457057694687,-0.24712135121529039,-0.24907017922016894
0.6530612244897959,0.5306122448979592,0.280851649411258,0.03252432069707609,0.031275032954837884,-0.24832732871418192,-0.24957661645642013
0.673469387755102,0.5306122448979592,0.263815140500999,0.01976810271644019,0.019007511476868494,-0.24404703778455883,-0.24480762902413053
0.6938775510204082,0.5306122448979592,0.2468431095470867,0.011348354837057893,0.010911052924379185,-0.2354947547100288,-0.2359320566227075
0.7142857142857142,0.5306122448979592,0.22993555654952114,0.006111194086419766,0.005875377043145636,-0.22382436246310136,-0.2240601795063755
0.7346938775510203,0.5306122448979592,0.21309248150830212,0.0030611427632861767,0.002942871527008198,-0.21003133874501595,-0.21014960998129392
0.7551020408163265,0.5306122448979592,0.19631388442342976,0.0014113997810313572,0.0013568058789376707,-0.1949024846423984,-0.1949570785444921
0.7755102040816326,0.5306122448979592,0.17959976529490398,0.000591100711816144,0.0005682125103489603,-0.17900866458308784,-0.17903155278455501
0.7959183673469387,0.5306122448979592,0.16295012412272503,0.00022104563548212445,0.0002124782065475586,-0.1627290784872429,-0.16273764591617748
0.8163265306122448,0.5306122448979592,0.14636496090689263,7.215989684329266e-05,6.936059809715581e-05,-0.14629280101004935,-0.1462956003087955
0.836734693877551,0.5306122448979592,0.12984427564740683,1.9942644567333684e-05,1.9168377382090733e-05,-0.1298243330028395,-0.12982510727002475
0.8571428571428571,0.5306122448979592,0.11338806834426766,4.469266927858201e-06,4.295617937554139e-06,-0.1133835990773398,-0.11338377272633011
0.8775510204081632,0.5306122448979592,0.09699633899747521,7.624744592517763e-07,7.328285363078829e-07,-0.09699557652301596,-0.0969956061689389
0.8979591836734693,0.5306122448979592,0.08066908760702948,8.978050730436329e-08,8.628746633567727e-08,-0.08066899782652218,-0.08066900131956314
0.9183673469387754,0.5306122448979592,0.06440631417293027,6.190784798990162e-09,5.949777809852589e-09,-0.06440630798214547,-0.06440630822315246
0.9387755102040816,0.5306122448979592,0.0482080186951777,1.8368760218322628e-10,1.7653262424217827e-10,-0.0482080185114901,-0.04820801851864508
0.9591836734693877,0.5306122448979592,0.03207420117377184,1.1739129589602164e-12,1.1281627857701799e-12,-0.032074201172597926,-0.03207420117264368
0.9795918367346939,0.5306122448979592,0.01600486160871261,1.7752179202482537e-16,1.7059994115895195e-16,-0.016004861608712433,-0.01600486160871244
1.0,0.5306122448979592,0.0,0.0,0.0,0.0,0.0
0.0,0.5408163265306123,0.8632226779273099,0.8572379429920127,0.8332386158724909,-0.005984734935297165,-0.02998406205481896
0.02040816326530612,0.5408163265306123,0.8440527349089492,0.8560682305412922,0.8317616582871713,0.012015495632343054,-0.012291076621777863
0.04081632653061224,0.5408163265306123,0.8249475066269594,0.8548815460324991,0.8302647763502992,0.029934039405539736,0.00531726972333979
0.061224489795918366,0.5408163265306123,0.8059069930813408,0.8536776138119359,0.8287476594240805,0.047770620730595015,0.022840666342739624
0.08163265306122448,0.5408163265306123,0.7869311942720932,0.852456089950745,0.8272099310579947,0.06552489567865172,0.04027873678590144
0.1020408163265306,0.5408163265306123,0.7680201101992168,0.8512160442997602,0.8256506515166832,0.08319593410054338,0.057630541317466366
0.12244897959183673,0.5408163265306123,0.7491737408627113,0.849953538465866,0.8240659915714167,0.1007797976031547,0.07489225070870542
0.14285714285714285,0.5408163265306123,0.7303920862625769,0.848654115535714,0.8224420198077451,0.11826202927313711,0.09204993354516822
0.16326530612244897,0.5408163265306123,0.7116751463988136,0.8472755891222937,0.8207381751267032,0.13560044272348015,0.10906302872788964
0.18367346938775508,0.5408163265306123,0.6930229212714214,0.8457169733331743,0.8188574342048085,0.1526940520617529,0.1258345129333871
0.2040816326530612,0.5408163265306123,0.6744354108804002,0.8437728164606955,0.8166024718747619,0.1693374055802953,0.14216706099436172
0.22448979591836732,0.5408163265306123,0.65591261522575,0.8410783034391439,0.8136229747191487,0.18516568821339396,0.15771035949339873
0.24489795918367346,0.5408163265306123,0.6374545343074709,0.8370574775716643,0.8093659765696767,0.19960294326419337,0.17191144226220578
0.26530612244897955,0.5408163265306123,0.6190611681255629,0.8308921205060259,0.8030460639806003,0.211830952380463,0.1839848958550374
0.2857142857142857,0.5408163265306123,0.6007325166800259,0.8215297093391573,0.7936531378922453,0.22079719265913134,0.19292062121221942
0.3061224489795918,0.5408163265306123,0.58246857997086,0.8077441009189876,0.7800108286957046,0.22527552094812764,0.1975422487248446
0.32653061224489793,0.5408163265306123,0.5642693579980652,0.7882525826624535,0.7608890385918514,0.22398322466438825,0.1966196805937862
0.3469387755102041,0.5408163265306123,0.5461348507616414,0.761879803554589,0.7351614729541281,0.2157449527929476,0.18902662219248678
0.36734693877551017,0.5408163265306123,0.5280650582615886,0.7277461235035655,0.7019865594852496,0.19968106524197693,0.173921501223661
0.3877551020408163,0.5408163265306123,0.510059980497907,0.6854485729350338,0.6609811829205298,0.1753885924371268,0.15092120242262275
0.4081632653061224,0.5408163265306123,0.49211961747059635,0.6351996160138919,0.6123537946878074,0.1430799985432955,0.12023417721721102
0.42857142857142855,0.5408163265306123,0.47424396917965683,0.5778934704469144,0.5569678519186501,0.10364950126725758,0.08272388273899323
0.44897959183673464,0.5408163265306123,0.45643303562508836,0.5150812253066432,0.4963175913227921,0.058648189681554885,0.039884555697703716
0.4693877551020408,0.5408163265306123,0.43868681680689087,0.4488520983172417,0.43241362145505335,0.010165281510350843,-0.006273195351837513
0.4897959183673469,0.5408163265306123,0.42100531272506453,0.3816354511728227,0.3675924200335892,-0.039369861552241814,-0.05341289269147531
0.5102040816326531,0.5408163265306123,0.40338852337960923,0.315952914305651,0.30427797473587803,-0.08743560907395825,-0.0991105486437312
0.5306122448979591,0.5408163265306123,0.38583644877052503,0.25415902784346345,0.24473249626112886,-0.13167742092706158,-0.14110395250939617
0.5510204081632653,0.5408163265306123,0.36834908889781187,0.19821034765215734,0.19083459936409308,-0.17013874124565453,-0.1775144895337188
0.5714285714285714,0.5408163265306123,0.35092644376146964,0.14949683993212404,0.143917445259293,-0.2014296038293456,-0.20700899850217663
0.5918367346938775,0.5408163265306123,0.33356851336149856,0.1087571035966253,0.10468751991840104,-0.22481140976487327,-0.22888099344309754
0.6122448979591836,0.5408163265306123,0.3162752976978987,0.07608328960971206,0.07322965448529145,-0.24019200808818664,-0.24304564321260724
0.6326530612244897,0.5408163265306123,0.2990467967706697,0.05100589553524931,0.04908881145170112,-0.24804090123542039,-0.24995798531896857
0.6530612244897959,0.5408163265306123,0.2818830105798118,0.03263607931985022,0.03140711734020402,-0.24924693125996158,-0.2504758932396078
0.673469387755102,0.5408163265306123,0.26478393912532494,0.01983604774865616,0.019087818292133317,-0.24494789137666878,-0.24569612083319162
0.6938775510204082,0.5408163265306123,0.24774958240720915,0.011387370015071136,0.010957168766464907,-0.236362212392138,-0.23679241364074424
0.7142857142857142,0.5408163265306123,0.23077994042546457,0.006132208838944816,0.005900217557611337,-0.22464773158651977,-0.22487972286785324
0.7346938775510203,0.5408163265306123,0.21387501318009092,0.0030716713515228228,0.002955317371193489,-0.21080334182856808,-0.21091969580889744
0.7551020408163265,0.5408163265306123,0.1970348006710883,0.0014162550902830477,0.0013625455553043495,-0.19561854558080527,-0.19567225511578396
0.7755102040816326,0.5408163265306123,0.18025930289845674,0.0005931344803293071,0.0005706168005467606,-0.17966616841812744,-0.17968868609790997
0.7959183673469387,0.5408163265306123,0.1635485198621964,0.00022180629250360124,0.00021337747184768362,-0.1633267135696928,-0.16333514239034871
0.8163265306122448,0.5408163265306123,0.146902451562307,7.24082468384077e-05,6.965421129841788e-05,-0.1468300433154686,-0.14683279735100857
0.836734693877551,0.5408163265306123,0.13032109799878863,2.0011289321498537e-05,1.924953517719532e-05,-0.13030108670946713,-0.13030184846361142
0.8571428571428571,0.5408163265306123,0.11380445917164128,4.4846524705958015e-06,4.313808506172429e-06,-0.11379997451917069,-0.11380014536313511
0.8775510204081632,0.5408163265306123,0.09735253508086508,7.650995830228603e-07,7.359323311392093e-07,-0.09735176998128206,-0.09735179914853394
0.8979591836734693,0.5408163265306123,0.08096532572646001,9.008964426823498e-08,8.665297965361412e-08,-0.08096523563681574,-0.08096523907348036
0.9183673469387754,0.5408163265306123,0.06464283110842588,6.212103256867199e-09,5.974984536609638e-09,-0.06464282489632261,-0.06464282513344134
0.9387755102040816,0.5408163265306123,0.04838505122676279,1.8432020078846414e-10,1.7728061582806519e-10,-0.04838505104244259,-0.048385051049482174
0.9591836734693877,0.5408163265306123,0.03219198608147082,1.1779561100924393e-12,1.1329435325724872e-12,-0.03219198608029287,-0.03219198608033788
0.9795918367346939,0.5408163265306123,0.016063635672549894,1.78133253466468e-16,1.713229633861629e-16,-0.016063635672549717,-0.016063635672549724
1.0,0.5408163265306123,0.0,0.0,0.0,0.0,0.0
0.0,0.5510204081632653,0.8663097749144045,0.8599577906789361,0.8364156894899015,-0.006351984235468455,-0.029894085424503003
0.02040816326530612,0.5510204081632653,0.847071275456497,0.8587929738493896,0.834946518197836,0.01172169839289261,-0.012124757258660912
0.04081632653061224,0.5510204081632653,0.8278977221708028,0.8576110588644722,0.8334572511388068,0.02971333669366938,0.005559528968003935
0.061224489795918366,0.5510204081632653,0.8087891150573223,0.8564117642995291,0.8319475703524457,0.04762264924220683,0.023158455295123392
0.08163265306122448,0.5510204081632653,0.7897454541160552,0.8551947400675991,0.8304170916008007,0.06544928595154387,0.04067163748474545
0.1020408163265306,0.5510204081632653,0.7707667393470017,0.8539590477127474,0.828864864811461,0.08319230836574576,0.05809812546445936
0.12244897959183673,0.5510204081632653,0.7518529707501616,0.8527007301612983,0.8272870381337304,0.10084775941113677,0.07543406738356884
0.14285714285714285,0.5510204081632653,0.733004148325535,0.8514052759429299,0.8256696150595728,0.11840112761739496,0.09266546673403786
0.16326530612244897,0.5510204081632653,0.7142202720731219,0.8500303497818595,0.823971857728589,0.13581007770873765,0.10975158565546717
0.18367346938775508,0.5510204081632653,0.6955013419929222,0.8484746170003953,0.8220963294163096,0.15297327500747304,0.12659498742338737
0.2040816326530612,0.5510204081632653,0.676847358084936,0.8465319219667651,0.8198448711117137,0.16968456388182906,0.14299751302677766
0.22448979591836732,0.5510204081632653,0.6582583203491634,0.8438362037637702,0.8168656939176007,0.1855778834146068,0.15860737356843724
0.24489795918367346,0.5510204081632653,0.6397342287856043,0.8398095414367117,0.8126035054908637,0.20007531265110745,0.17286927670525942
0.26530612244897955,0.5510204081632653,0.6212750833942586,0.833630927315824,0.8062695890303756,0.21235584392156537,0.18499450563611697
0.2857142857142857,0.5510204081632653,0.6028808841751264,0.8242442498785443,0.7968495951198489,0.22136336570341786,0.19396871094472246
0.3061224489795918,0.5510204081632653,0.5845516311282077,0.8104191827193075,0.7831621987122857,0.22586755159109972,0.1986105675840779
0.32653061224489793,0.5510204081632653,0.5662873242535026,0.7908686315577629,0.7639721101378093,0.2245813073042603,0.1976847858843067
0.3469387755102041,0.5510204081632653,0.5480879635510109,0.7644132210646498,0.7381482641786188,0.21632525751363896,0.19006030062760793
0.36734693877551017,0.5510204081632653,0.5299535490207327,0.7301702837444564,0.7048454961964539,0.2002167347237237,0.1748919471757212
0.3877551020408163,0.5510204081632653,0.511884080662668,0.6877354350175169,0.6636790055976114,0.1758513543548489,0.1517949249349434
0.4081632653061224,0.5510204081632653,0.49387955847681675,0.6373218098228612,0.6148580263214587,0.1434422513460445,0.12097846784464195
0.42857142857142855,0.5510204081632653,0.47593998246317903,0.5798266109128593,0.5592495370689566,0.10388662844968022,0.0833095546057776
0.44897959183673464,0.5510204081632653,0.45806535262175485,0.5168061462937789,0.49835394097748775,0.058740793672024005,0.0402885883557329
0.4693877551020408,0.5510204081632653,0.44025566895254403,0.4503566877504379,0.43419018691380873,0.01010101879789388,-0.006065482038735304
0.4897959183673469,0.5510204081632653,0.42251093145554675,0.3829158180743667,0.3691044769659404,-0.03959511338118005,-0.05340645448960635
0.5102040816326531,0.5510204081632653,0.404831140130763,0.31701371747366347,0.30553091567659385,-0.08781742265709952,-0.09930022445416914
0.5306122448979591,0.5510204081632653,0.38721629497819277,0.25501292580679846,0.24574118345166712,-0.1322033691713943,-0.14147511152652564
0.5510204081632653,0.5510204081632653,0.369666395997836,0.1988766648657915,0.19162178995984624,-0.17078973113204451,-0.17804460603798977
0.5714285714285714,0.5510204081632653,0.35218144318969263,0.14999965895837808,0.1445115367690425,-0.20218178423131455,-0.20766990642065014
0.5918367346938775,0.5510204081632653,0.3347614365537628,0.10912306635337807,0.10511995059222282,-0.2256383702003847,-0.22964148596153997
0.6122448979591836,0.5510204081632653,0.3174063760900466,0.07633941112512738,0.07353231756203192,-0.24106696496491925,-0.2438740585280147
0.6326530612244897,0.5510204081632653,0.3001162617985437,0.05117766088044581,0.04929180352291233,-0.2489386009180979,-0.2508244582756314
0.6530612244897959,0.5510204081632653,0.2828910936792544,0.03274601911050594,0.03153705212382997,-0.25014507456874846,-0.25135404155542446
0.673469387755102,0.5510204081632653,0.2657308717321785,0.019902888195258334,0.01916681956897451,-0.24582798353692017,-0.246564052163204
0.6938775510204082,0.5510204081632653,0.24863559595731616,0.011425751543186579,0.011002535642626949,-0.23720984441412957,-0.2376330603146892
0.7142857142857142,0.5510204081632653,0.2316052663546674,0.006152882592568284,0.005924654997023203,-0.22545238376209914,-0.2256806113576442
0.7346938775510203,0.5510204081632653,0.21463988292423206,0.003082029234820005,0.002967561426428295,-0.21155785368941205,-0.21167232149780377
0.7551020408163265,0.5510204081632653,0.19773944566601015,0.0014210317365344637,0.0013681922411923515,-0.1963184139294757,-0.1963712534248178
0.7755102040816326,0.5510204081632653,0.18090395458000172,0.0005951353212625435,0.0005729821644559597,-0.18030881925873918,-0.18033097241554577
0.7959183673469387,0.5510204081632653,0.16413340966620696,0.000222554641852932,0.0002142621868122453,-0.163910855024354,-0.1639191474793947
0.8163265306122448,0.5510204081632653,0.14742781092462556,7.265258076209236e-05,6.994307649360425e-05,-0.14735515834386348,-0.14735786784813196
0.836734693877551,0.5510204081632653,0.13078715835525762,2.0078824609422876e-05,1.9329381268895203e-05,-0.1307670795306482,-0.13076782897398873
0.8571428571428571,0.5510204081632653,0.11421145195810314,4.499789467616479e-06,4.331705216035694e-06,-0.11420695216863552,-0.11420712025288711
0.8775510204081632,0.5510204081632653,0.09770069173316225,7.676823185426028e-07,7.389860086521852e-07,-0.0976999240508437,-0.0976999527471536
0.8979591836734693,0.5510204081632653,0.0812548776804349,9.03937916644814e-08,8.701259348152086e-08,-0.08125478728664325,-0.08125479066784143
0.9183673469387754,0.5510204081632653,0.06487400979992093,6.2330777636584545e-09,5.999784579623529e-09,-0.06487400356684317,-0.06487400380013635
0.9387755102040816,0.5510204081632653,0.048558088091620426,1.8494259682497104e-10,1.7801654379459838e-10,-0.04855808790667783,-0.04855808791360388
0.9591836734693877,0.5510204081632653,0.032307112555533486,1.1819340755596783e-12,1.1376472018743815e-12,-0.03230711255435155,-0.03230711255439584
0.9795918367346939,0.5510204081632653,0.01612108319166001,1.7873485979714901e-16,1.7203433244628152e-16,-0.016121083191659828,-0.016121083191659835
1.0,0.5510204081632653,0.0,0.0,0.0,0.0,0.0
0.0,0.5612244897959183,0.8693271953815666,0.8626258208760089,0.8395322347252575,-0.0067013745055576335,-0.029794960656309044
0.02040816326530612,0.5612244897959183,0.8500216868194069,0.8614661314173612,0.8380710817790031,0.01144444459795424,-0.011950605040403794
0.04081632653061224,0.5612244897959183,0.8307813506417407,0.8602892242695284,0.8365896702443663,0.029507873627787617,0.005808319602625511
0.061224489795918366,0.5612244897959183,0.8116061868485681,0.8590948123326296,0.8350876749589629,0.04748862548406152,0.023481488110394744
0.08163265306122448,0.5612244897959183,0.7924961954398888,0.8578825394602901,0.8335647040212812,0.06538634402040133,0.04106850858139244
0.1020408163265306,0.5612244897959183,0.7734513764157028,0.8566514590190825,0.8320197971817368,0.08320008260337963,0.05856842076603397
0.12244897959183673,0.5612244897959183,0.7544717297760103,0.8553975955440926,0.8304490803167648,0.10092586576808227,0.0759773505407545
0.14285714285714285,0.5612244897959183,0.7355572555208112,0.8541063838586718,0.8288384928380378,0.11854912833786058,0.0932812373172266
0.16326530612244897,0.5612244897959183,0.7167079536501055,0.8527353421288545,0.8271471228886007,0.13602738847874896,0.11043916923849517
0.18367346938775508,0.5612244897959183,0.6979238241638933,0.8511827923579295,0.825277126819531,0.15325896819403617,0.1273533026556377
0.2040816326530612,0.5612244897959183,0.6792048670621744,0.8492418860197349,0.8230295248387292,0.17003701895756052,0.14382465777655473
0.22448979591836732,0.5612244897959183,0.660551082344949,0.8465453358462312,0.8200510756608713,0.18599425350128218,0.15949999331592235
0.24489795918367346,0.5612244897959183,0.641962470012217,0.8425132873178196,0.8157841971124319,0.20055081730560265,0.17382172710021493
0.26530612244897955,0.5612244897959183,0.6234390300639783,0.8363219869273025,0.8094369205254751,0.21288295686332426,0.18599789046149684
0.2857142857142857,0.5612244897959183,0.604980762500233,0.8269117902857371,0.7999907121559026,0.2219310277855041,0.19500994965566953
0.3061224489795918,0.5612244897959183,0.5865876673209813,0.813048252416089,0.7862593681343895,0.2264605850951077,0.19967170081340813
0.32653061224489793,0.5612244897959183,0.568259744526223,0.7934399645984637,0.7670024866074651,0.2251802200722407,0.1987427420812421
0.3469387755102041,0.5612244897959183,0.5499969941159579,0.7669035881877392,0.7410843040696807,0.21690659407178126,0.1910873099537228
0.36734693877551017,0.5612244897959183,0.5317994160901863,0.7325534729290297,0.7076561165128088,0.2007540568388434,0.17585670042262247
0.3877551020408163,0.5612244897959183,0.5136670104489082,0.6899838378910541,0.666331460242212,0.17631682744214594,0.15266444979330385
0.4081632653061224,0.5612244897959183,0.49559977719212345,0.6394084741422202,0.6173203345357253,0.1438086969500968,0.12172055734360188
0.42857142857142855,0.5612244897959183,0.4775977163198321,0.5817275181730841,0.5614931790953771,0.10412980185325199,0.083895462775545
0.44897959183673464,0.5612244897959183,0.4596608278320342,0.5185024105211011,0.5003564613632205,0.05884158268906692,0.040695633531186326
0.4693877551020408,0.5612244897959183,0.44178911172872964,0.45183636214923695,0.4359373346546407,0.010047250420507303,-0.00585177707408896
0.4897959183673469,0.5612244897959183,0.42398256800991857,0.38417504443145467,0.3705915686489721,-0.0398075235784639,-0.05339099936094649
0.5102040816326531,0.5612244897959183,0.4062411966756009,0.31805705067909645,0.30676322299867115,-0.08818414599650443,-0.09947797367692973
0.5306122448979591,0.5612244897959183,0.38856499772577663,0.25585279366869224,0.24673329766958216,-0.1327122040570844,-0.14183170005619447
0.5510204081632653,0.5612244897959183,0.3709539711604458,0.1995320565686018,0.19239607338707093,-0.17142191459184403,-0.17855789777337489
0.5714285714285714,0.5612244897959183,0.3534081169796083,0.1504942484795912,0.14509590513129095,-0.20291386850001708,-0.20831221184831733
0.5918367346938775,0.5612244897959183,0.33592743518326423,0.1094830493454488,0.10554531554914384,-0.22644438583781545,-0.2303821196341204
0.6122448979591836,0.5612244897959183,0.31851192577141374,0.07659135383529717,0.07383004254931275,-0.24192057193611657,-0.244681883222101
0.6326530612244897,0.5612244897959183,0.30116158874405646,0.051346627468869255,0.049491488070687525,-0.2498149612751872,-0.2516701006733689
0.6530612244897959,0.5612244897959183,0.2838764241011926,0.03285416967654253,0.0316648722971658,-0.2510222544246501,-0.2522115518040268
0.673469387755102,0.5612244897959183,0.26665643184282223,0.019968642017099653,0.019244536535569158,-0.24668778982572256,-0.24741189530725308
0.6938775510204082,0.5612244897959183,0.2495016119689452,0.011463509714372244,0.011047165718908559,-0.23803810225457298,-0.23845444625003664
0.7142857142857142,0.5612244897959183,0.23241196447956175,0.006173220881400559,0.0059486959028807055,-0.22623874359816118,-0.22646326857668103
0.7346938775510203,0.5612244897959183,0.2153874893746716,0.003092219181265083,0.0029796069648240896,-0.2122952701934065,-0.2124078824098475
0.7551020408163265,0.5612244897959183,0.19842818665427484,0.001425730994386868,0.0013737474433465745,-0.19700245565988797,-0.19705443921092827
0.7755102040816326,0.5612244897959183,0.18153405631837144,0.0005971037677807617,0.0005753092323695978,-0.18093695255059067,-0.18095874708600185
0.7959183673469387,0.5612244897959183,0.16470509836696165,0.00022329088268928414,0.0002151325868895024,-0.16448180748427235,-0.16448996578007213
0.8163265306122448,0.5612244897959183,0.14794131280004513,7.289296356305613e-05,7.02272704681312e-05,-0.14786841983648208,-0.147871085529577
0.836734693877551,0.5612244897959183,0.131242699617622,2.0145268363888347e-05,1.9407936858752176e-05,-0.1312225543492581,-0.13122329168076324
0.8571428571428571,0.5612244897959183,0.11460925881969226,4.514681934257677e-06,4.349312814516029e-06,-0.11460474413775801,-0.11460490950687775
0.8775510204081632,0.5612244897959183,0.09804099040625601,7.702233502888633e-07,7.419903781305482e-07,-0.09804022018290572,-0.09804024841587788
0.8979591836734693,0.5612244897959183,0.08153789437731324,9.069303002896811e-08,8.736640304202584e-08,-0.0815378036842832,-0.0815378070109102
0.9183673469387754,0.5612244897959183,0.06509997073286376,6.2537138687968695e-09,6.024184500470573e-09,-0.0650999644791499,-0.06509996470867926
0.9387755102040816,0.5612244897959183,0.04872721947290767,1.8555495484306594e-10,1.7874060270754488e-10,-0.04872721928735271,-0.04872721929416706
0.9591836734693877,0.5612244897959183,0.03241964059744506,1.185847906329381e-12,1.142275036370818e-12,-0.03241964059625921,-0.032419640596302784
0.9795918367346939,0.5612244897959183,0.016177234106475834,1.7932676985558692e-16,1.727342361579559e-16,-0.016177234106475653,-0.01617723410647566
1.0,0.5612244897959183,0.0,0.0,0.0,0.0,0.0
0.0,0.5714285714285714,0.8722765119445739,0.8652430207900763,0.8425894047419649,-0.007033491154497584,-0.02968710720260903
0.02040816326530612,0.5714285714285714,0.8529055066897281,0.8640886799614783,0.8411364906627066,0.011183173271750224,-0.011769016027021517
0.04081632653061224,0.5714285714285714,0.8335998949259902,0.8629170083482351,0.8396631635954098,0.029317113422244967,0.006063268669419641
0.061224489795918366,0.5714285714285714,0.8143596766533603,0.8617277132718834,0.8381690912973335,0.04736803661852307,0.023809414643973237
0.08163265306122448,0.5714285714285714,0.7951848518718382,0.86052043262628,0.8366538743284478,0.06533558075444179,0.04146902245660966
0.1020408163265306,0.5714285714285714,0.7760754205814239,0.8592942117303505,0.8351165424225926,0.08321879114892661,0.05904112184116872
0.12244897959183673,0.5714285714285714,0.7570313827821176,0.8580450570154062,0.8335531995302935,0.10101367423328866,0.07652181674817593
0.14285714285714285,0.5714285714285714,0.7380527384739191,0.856758350438516,0.8319497219837422,0.11870561196459695,0.09389698350982312
0.16326530612244897,0.5714285714285714,0.7191394876568286,0.8553914659043352,0.8302650266543957,0.13625197824750668,0.11112553899756716
0.18367346938775508,0.5714285714285714,0.7002916303308457,0.8538423874804317,0.8284008693473214,0.153550757149586,0.12810923901647564
0.2040816326530612,0.5714285714285714,0.6815091664959709,0.8519035846058934,0.8261574623507426,0.1703944181099225,0.14464829585477168
0.22448979591836732,0.5714285714285714,0.662792096152204,0.8492065628599902,0.8231801347248777,0.18641446670778616,0.1603880385726737
0.24489795918367346,0.5714285714285714,0.6441404192995449,0.8451695643742755,0.8189090502456885,0.20102914507473058,0.1747686309461436
0.26530612244897955,0.5714285714285714,0.6255541359379938,0.8389661326090896,0.8125490390677422,0.21341199667109578,0.18699490312974842
0.2857142857142857,0.5714285714285714,0.6070332460675504,0.8295331451985729,0.8030774481253388,0.22249989913102253,0.19604420205778839
0.3061224489795918,0.5714285714285714,0.5885777496882151,0.8156321022785343,0.7893032701610502,0.22705435259031925,0.2007255204728351
0.32653061224489793,0.5714285714285714,0.5701876467999875,0.7959673469172085,0.769981069604794,0.22577970011722104,0.1997934228048065
0.3469387755102041,0.5714285714285714,0.5518629374028678,0.7693516372298954,0.7439704558742676,0.21748869982702757,0.19210751847139973
0.36734693877551017,0.5714285714285714,0.533603621496856,0.7348963841915866,0.7104192377852703,0.20129276269473062,0.17681561628841425
0.3877551020408163,0.5714285714285714,0.5154096990819521,0.692194428935844,0.6689393104875593,0.17678472985389193,0.15352961140560717
0.4081632653061224,0.5714285714285714,0.49728117015815615,0.6414602043089156,0.6197414217693464,0.14417903415075944,0.12246025161119029
0.42857142857142855,0.5714285714285714,0.479218034725468,0.5835967301050247,0.5636994127965324,0.10437869537955669,0.08448137807106437
0.44897959183673464,0.5714285714285714,0.46122029278388776,0.5201704944133793,0.502325714875526,0.058950201629491494,0.041105422091638255
0.4693877551020408,0.5714285714285714,0.44328794433341534,0.4532915343565022,0.43765555211196366,0.010003590023086872,-0.005632392221451676
0.4897959183673469,0.5714285714285714,0.4254209893740509,0.3854134795046895,0.37205410751723034,-0.04000750986936136,-0.053366881856820536
0.5102040816326531,0.5714285714285714,0.4076194279057942,0.31908320177749394,0.3079752366758286,-0.08853622612830025,-0.0996441912299656
0.5306122448979591,0.5714285714285714,0.38988325992864553,0.25667886205973894,0.24770911133884138,-0.1332043978689066,-0.14217414858980415
0.5510204081632653,0.5714285714285714,0.3722124854426047,0.20017670197860904,0.19315766136534565,-0.17203578346399567,-0.17905482407725906
0.5714285714285714,0.5714285714285714,0.3546071044476717,0.1509807432352673,0.14567070953736272,-0.20362636121240438,-0.20893639491030896
0.5918367346938775,0.5714285714285714,0.33706711694384656,0.10983715031287296,0.10596373027719408,-0.2272299666309736,-0.23110338666665248
0.6122448979591836,0.5714285714285714,0.3195925229311295,0.07683918594003797,0.07412291003753196,-0.24275333699109153,-0.24546961289359753
0.6326530612244897,0.5714285714285714,0.3021833224095201,0.05151284091526594,0.04968791900102972,-0.2506704814942542,-0.2524954034084904
0.6530612244897959,0.5714285714285714,0.2848395153790187,0.03296056014338855,0.03179061228193608,-0.25187895523563014,-0.2530489030970826
0.673469387755102,0.5714285714285714,0.26756110183962506,0.02003332688292568,0.019320990074852343,-0.24752777495669936,-0.24824011176477273
0.6938775510204082,0.5714285714285714,0.2503480817913393,0.01150065465436809,0.01109107096369524,-0.23884742713697124,-0.23925701082764408
0.7142857142857142,0.5714285714285714,0.2332004552341617,0.006193229149724315,0.00597234671050488,-0.22700722608443738,-0.22722810852365682
0.7346938775510203,0.5714285714285714,0.21611822216809176,0.0031022439140530383,0.0029914572054261655,-0.21301597825403873,-0.21312676496266558
0.7551020408163265,0.5714285714285714,0.1991013825931297,0.0014303541177863163,0.0013792126440949162,-0.1976710284753434,-0.1977221699490348
0.7755102040816326,0.5714285714285714,0.1821499365092755,0.0005990403444149559,0.0005775986243739906,-0.18155089616486053,-0.1815723378849015
0.7959183673469387,0.5714285714285714,0.16526388391652935,0.000224015210948806,0.0002159889037174408,-0.16503986870558054,-0.16504789501281192
0.8163265306122448,0.5714285714285714,0.14844322481489095,7.31294591395663e-05,7.050686876553772e-05,-0.14837009535575138,-0.14837271794612542
0.836734693877551,0.5714285714285714,0.1316879592043604,2.0210638227803006e-05,1.9485222805617503e-05,-0.13166774856613261,-0.1316684739815548
0.8571428571428571,0.5714285714285714,0.11499808708493772,4.529333820984344e-06,4.366635972286361e-06,-0.11499355775111673,-0.11499372044896544
0.8775510204081632,0.5714285714285714,0.09837360845662299,7.727233516862037e-07,7.449462357893374e-07,-0.09837283573327131,-0.0983728635103872
0.8979591836734693,0.5714285714285714,0.08181452331941622,9.098743859759921e-08,8.771450202073359e-08,-0.08181443233197762,-0.08181443560491419
0.9183673469387754,0.5714285714285714,0.0653208316733172,6.274017032176482e-09,6.048190754857601e-09,-0.06532082539930018,-0.06532082562512645
0.9387755102040816,0.5714285714285714,0.048892533518326044,1.8615743673909795e-10,1.7945298399459722e-10,-0.04889253333216861,-0.048892533338873057
0.9591836734693877,0.5714285714285714,0.03252962885444284,1.1896986364243838e-12,1.1468282587209588e-12,-0.03252962885325314,-0.032529628853296015
0.9795918367346939,0.5714285714285714,0.016232117681667494,1.7990913992041937e-16,1.7342285931267054e-16,-0.016232117681667314,-0.01623211768166732
1.0,0.5714285714285714,0.0,0.0,0.0,0.0,0.0
0.0,0.5816326530612245,0.875159261724889,0.8678103588200992,0.8455883307338048,-0.007348902904789845,-0.02957093099108421
0.02040816326530612,0.5816326530612245,0.8557242380534308,0.8666615777035628,0.8441438648639676,0.010937339650131994,-0.011580373189463145
0.04081632653061224,0.5816326530612245,0.8363548239892656,0.8654953590211074,0.8426788398577372,0.029140535031841774,0.006324015868471533
0.061224489795918366,0.5816326530612245,0.8170510195323935,0.8643114046131534,0.8411929165146699,0.047260385080759915,0.024141896982276423
0.08163265306122448,0.5816326530612245,0.7978128246828143,0.863109346514307,0.8396856879823206,0.0652965218314927,0.041872863299506236
0.1020408163265306,0.5816326530612245,0.7786402394405281,0.8618882221261772,0.8381561741391643,0.08324798268564915,0.05951593469863625
0.12244897959183673,0.5816326530612245,0.7595332638055349,0.8606440200618614,0.8366004573545756,0.10111075625632648,0.07706719354904068
0.14285714285714285,0.5816326530612245,0.7404918977778346,0.859362070241681,0.8350043518696985,0.11887017246384635,0.09451245409186382
0.16326530612244897,0.5816326530612245,0.7215161413574275,0.857999604572388,0.8333266059699898,0.13648346321496052,0.11181046461256228
0.18367346938775508,0.5816326530612245,0.7026059945443133,0.8564542744874114,0.8314685811963033,0.15384827994309813,0.12886258665199002
0.2040816326530612,0.5816326530612245,0.683761457338492,0.8545178780832402,0.8292296945804112,0.17075642074474817,0.14546823724191915
0.22448979591836732,0.5816326530612245,0.6649825297399639,0.8518207326867747,0.8262538679092565,0.18683820294681086,0.16127133816929262
0.24489795918367346,0.5816326530612245,0.6462692117487286,0.8477792068272672,0.8219790461324378,0.2015099950785385,0.17570983438370913
0.26530612244897955,0.5816326530612245,0.6276215033647864,0.841564183072896,0.8156069081294566,0.21394267970810965,0.18798540476467018
0.2857142857142857,0.5816326530612245,0.6090394045881371,0.8321091151200565,0.8061107455124389,0.22306971053191937,0.19707134092430179
0.3061224489795918,0.5816326530612245,0.5905229154187809,0.8181715109193747,0.7922948219067312,0.2276485955005938,0.2017719064879503
0.32653061224489793,0.5816326530612245,0.5720720358567176,0.7984515305405844,0.7729087452911202,0.22637949468386676,0.20083670943440257
0.3469387755102041,0.5816326530612245,0.5536867659019473,0.7717580880274617,0.7468075681409323,0.2180713221255144,0.19312080223898498
0.36734693877551017,0.5816326530612245,0.53536710555447,0.7371996989286552,0.7131356635243382,0.20183259337418524,0.17776855796986823
0.3877551020408163,0.5816326530612245,0.5171130548142858,0.6943678446246702,0.6715033071014996,0.17725478981038434,0.15439025228721381
0.4081632653061224,0.5816326530612245,0.4989246136813945,0.6434775856757244,0.6221219786813373,0.14455297199432993,0.12319736499994283
0.42857142857142855,0.5816326530612245,0.4808017821557962,0.5854347756033815,0.5658688623701904,0.10463299344758531,0.08506708021439419
0.44897959183673464,0.5816326530612245,0.46274456023749094,0.5218108664689686,0.5042622545536016,0.05906630623147763,0.04151769431611069
0.4693877551020408,0.5816326530612245,0.4447529479264786,0.4547226103697799,0.4393453186383838,0.009969662443301275,-0.005407629288094851
0.4897959183673469,0.5816326530612245,0.4268269452227593,0.3866314667811601,0.37349249918766964,-0.04019547844159921,-0.05333444603508969
0.5102040816326531,0.5816326530612245,0.408966552126333,0.32009245387883645,0.309167291077173,-0.08887409824749654,-0.09979926104915998
0.5306122448979591,0.5816326530612245,0.3911717686371997,0.2574913578175659,0.24866889240322743,-0.13368041081963383,-0.1425028762339723
0.5510204081632653,0.5816326530612245,0.3734425947553594,0.20081077737276568,0.1939067621398928,-0.17263181738259373,-0.1795358326154666
0.5714285714285714,0.5816326530612245,0.355779030480812,0.15145927575802756,0.14623610657125957,-0.20431975472278444,-0.20954292390955243
0.5918367346938775,0.5816326530612245,0.33818107581355766,0.11018546539758023,0.10637530837614187,-0.22799561041597743,-0.2318057674374158
0.6122448979591836,0.5816326530612245,0.32064873075359646,0.07708297452578908,0.07441099930145205,-0.24356575622780738,-0.2462377314521444
0.6326530612244897,0.5816326530612245,0.30318199530092804,0.05167634609074925,0.04988114934115341,-0.2515056492101788,-0.25330084595977465
0.6530612244897959,0.5816326530612245,0.2857808694555527,0.03306521916225279,0.03191430593941824,-0.2527156502932999,-0.25386656351613446
0.673469387755102,0.5816326530612245,0.2684453532174703,0.020096960174126315,0.019396200730133147,-0.248348393043344,-0.24904915248733717
0.6938775510204082,0.5816326530612245,0.25117544658668095,0.011537196324403436,0.011134263150926613,-0.2396382502622775,-0.24004118343575434
0.7142857142857142,0.5816326530612245,0.23397114956318468,0.006212912753452796,0.005995613750762038,-0.2277582368097319,-0.22797553581242264
0.7346938775510203,0.5816326530612245,0.21683246214698132,0.003112106112214637,0.0030031153150743674,-0.2137203560347667,-0.21382934683190696
0.7551020408163265,0.5816326530612245,0.19975938433807092,0.0014349023403584195,0.0013845893017440038,-0.1983244819977125,-0.1983747950363269
0.7755102040816326,0.5816326530612245,0.1827519161364535,0.0006009455672020354,0.00057985095051403,-0.18215097056925147,-0.18217206518593948
0.7959183673469387,0.5816326530612245,0.16581005754212924,0.00022472781939679033,0.00021683136518544095,-0.16558532972273246,-0.1655932261769438
0.8163265306122448,0.5816326530612245,0.14893380855509783,7.33621303564386e-05,7.07819457075723e-05,-0.1488604464247414,-0.14886302660939027
0.836734693877551,0.5816326530612245,0.1321231691753594,2.0274951558887298e-05,1.9561259631172e-05,-0.13210289422380053,-0.13210360791572823
0.8571428571428571,0.5816326530612245,0.11537813940291396,4.543749014437087e-06,4.383679284559678e-06,-0.11537359565389951,-0.1153737557236294
0.8775510204081632,0.5816326530612245,0.09869871923776158,7.751829852843901e-07,7.47854364985942e-07,-0.09869794405477629,-0.09869797138339659
0.8979591836734693,0.5816326530612245,0.08208490867990226,9.127709532730122e-08,8.805698259103551e-08,-0.08208481740280693,-0.08208482062291966
0.9183673469387754,0.5816326530612245,0.0655367077293358,6.293992625597158e-09,6.071809694330184e-09,-0.06553670143534318,-0.0655367016575261
0.9387755102040816,0.5816326530612245,0.04905411638606233,1.86750201798252e-10,1.8015387599598679e-10,-0.04905411619931213,-0.04905411620590845
0.9591836734693877,0.5816326530612245,0.03263713465008192,1.193487283196114e-12,1.1513080718712079e-12,-0.03263713464888843,-0.03263713464893061
0.9795918367346939,0.5816326530612245,0.01628576252139447,1.8048212375146545e-16,1.741003837235368e-16,-0.01628576252139429,-0.016285762521394298
1.0,0.5816326530612245,0.0,0.0,0.0,0.0,0.0
0.0,0.5918367346938775,0.8779769471507738,0.8703287849154746,0.848530122343491,-0.007648162235299183,-0.02944682480728278
0.02040816326530612,0.5918367346938775,0.8584793499737312,0.8691857647212122,0.8470943031901478,0.010706414747481019,-0.01138504678358343
0.04081632653061224,0.5918367346938775,0.8390475736423725,0.8680252063707712,0.8456377868346924,0.028977632728398706,0.006590213192319894
0.061224489795918366,0.5918367346938775,0.8196816181566978,0.8668468063216628,0.8441602272425249,0.047165188164964955,0.024478609085827108
0.08163265306122448,0.5918367346938775,0.8003814835167071,0.865650190850544,0.8426612102758375,0.06526870733383683,0.04227972675913039
0.1020408163265306,0.5918367346938775,0.7811471697224003,0.8644343895724459,0.8411397461194711,0.08328721985004561,0.059992576397070785
0.12244897959183673,0.5918367346938775,0.7619786767737774,0.8631953735658672,0.8395918959041441,0.10121669679208978,0.07761321913036667
0.14285714285714285,0.5918367346938775,0.7428760046708385,0.8619184215334985,0.8380034127561118,0.11904241686266004,0.09512740808527331
0.16326530612244897,0.5918367346938775,0.7238391534135834,0.8605606256147856,0.8363328790215656,0.13672147220120223,0.11249372560798221
0.18367346938775508,0.5918367346938775,0.7048681230020124,0.859019309830096,0.8344812681637208,0.1541511868280836,0.1296131451617084
0.2040816326530612,0.5918367346938775,0.6859629134361251,0.8570856114605374,0.8322472144259649,0.17112269802441227,0.1462843009898398
0.22448979591836732,0.5918367346938775,0.6671235247159221,0.854388678187727,0.829273254356094,0.18726515347180495,0.16214972964017194
0.24489795918367346,0.5918367346938775,0.6483499568414028,0.8503430342229252,0.8249951487543383,0.2019930773815224,0.17664519191293548
0.26530612244897955,0.5918367346938775,0.6296422098125675,0.8441169427280794,0.8186114743528686,0.2144747329155119,0.18896926454030116
0.2857142857142857,0.5918367346938775,0.611000283629416,0.8346404866638732,0.8090915304498492,0.2236402030344572,0.1980912468204331
0.3061224489795918,0.5918367346938775,0.5924241782919487,0.8206672435305218,0.7952349246788566,0.22824306523857307,0.20281074638690788
0.32653061224489793,0.5918367346938775,0.5739138938001652,0.8008932546138452,0.7757863846498986,0.22697936081367998,0.20187249084973335
0.3469387755102041,0.5918367346938775,0.5554694301540656,0.7741236481596407,0.7495964749703554,0.21865421800557516,0.19412704481628984
0.36734693877551017,0.5918367346938775,0.53709078735365,0.7394640869979606,0.7158061836346551,0.2023732996443106,0.17871539628100508
0.3877551020408163,0.5918367346938775,0.5187779653989183,0.6965047107068477,0.6740241882034514,0.17772674530792942,0.15524622280453315
0.4081632653061224,0.5918367346938775,0.5005309642898705,0.6454611937788408,0.6244626843487061,0.14493022948897027,0.12393172005883557
0.42857142857142855,0.5918367346938775,0.4823497840265068,0.5872421747302565,0.5680021415904386,0.10489239070374973,0.0856523575639318
0.44897959183673464,0.5918367346938775,0.46423442460882697,0.5234239873917819,0.5061666242360792,0.059189562782954896,0.0419321996272522
0.4693877551020408,0.5918367346938775,0.446184886036831,0.4561299894548765,0.4410071056387874,0.009945103418045498,-0.005177780398043563
0.4897959183673469,0.5918367346938775,0.428201168310519,0.3878293440699398,0.37490714257241636,-0.040371824240579224,-0.05329402573810266
0.5102040816326531,0.5918367346938775,0.41028327142989096,0.3210850854258182,0.3103397150596434,-0.08919818600407275,-0.09994355637024754
0.5306122448979591,0.5918367346938775,0.3924311953949469,0.2582905040492435,0.24961290440005332,-0.13414069134570344,-0.1428182909948936
0.5510204081632653,0.5918367346938775,0.3746449402056868,0.20143445613524136,0.1946435805386183,-0.17321048407044543,-0.18000135966706848
0.5714285714285714,0.5918367346938775,0.3569245058621105,0.1519299764097704,0.1467922502523811,-0.2049945294523401,-0.2101322556097294
0.5918367346938775,0.5918367346938775,0.3392698923642182,0.11052808916953319,0.10678016158837803,-0.22874180319468498,-0.23248973077584015
0.6122448979591836,0.5918367346938775,0.32168109971201,0.0773227855837941,0.07469438832168439,-0.24435831412821588,-0.24698671139032558
0.6326530612244897,0.5918367346938775,0.3041581279054855,0.05183718713492605,0.05007123125381456,-0.25232094077055944,-0.25408689665167095
0.6530612244897959,0.5918367346938775,0.2867009769446451,0.03316817491784729,0.03203598657956981,-0.2535328020267978,-0.2546649903650753
0.673469387755102,0.5918367346938775,0.2693096468294885,0.020159558989410156,0.01947018871061921,-0.24915008784007833,-0.2498394581188693
0.6938775510204082,0.5918367346938775,0.25198413756001586,0.011573144523870213,0.011176753863256093,-0.24041099303614566,-0.24080738369675977
0.7142857142857142,0.5918367346938775,0.23472444913622736,0.00623227696156442,0.006018503251759496,-0.22849217217466294,-0.22870594588446788
0.7346938775510203,0.5918367346938775,0.21753058155812266,0.0031218084113327693,0.0030145844092498604,-0.21440877314678988,-0.2145159971488728
0.7551020408163265,0.5918367346938775,0.20040253482570186,0.001439376875737681,0.0013898788509685083,-0.1989631579499642,-0.19901265597473336
0.7755102040816326,0.5918367346938775,0.183340308938965,0.0006028199438223905,0.0005820668109558083,-0.1827374889951426,-0.1827582421280092
0.7959183673469387,0.5918367346938775,0.16634390389791223,0.0002254288976789931,0.000217660195494947,-0.16611847500023325,-0.1661262437024173
0.8163265306122448,0.5918367346938775,0.1494133197025433,7.359103906175277e-05,7.105257441395493e-05,-0.14933972866348152,-0.14934226712812934
0.836734693877551,0.5918367346938775,0.13254855635285825,2.0338225434284217e-05,1.9636067525376542e-05,-0.13252821812742396,-0.1325289202853329
0.8571428571428571,0.5918367346938775,0.11574961384885714,4.557931338463378e-06,4.400447272308229e-06,-0.11574505591751867,-0.11574521340158483
0.8775510204081632,0.5918367346938775,0.09901649219054004,7.776029029340125e-07,7.50715536427742e-07,-0.09901571458763711,-0.09901574147500361
0.8979591836734693,0.5918367346938775,0.08234919137790694,9.156207691666838e-08,8.839393543851978e-08,-0.08234909981583002,-0.08234910298397151
0.9183673469387754,0.5918367346938775,0.06574771141095767,6.313645934186004e-09,6.095047567953303e-09,-0.06574770509731173,-0.06574770531591011
0.9387755102040816,0.5918367346938775,0.049212052289692304,1.8733340673666426e-10,1.8084346401428146e-10,-0.0492120521023589,-0.04921205210884884
0.9591836734693877,0.5918367346938775,0.032742214014110954,1.1972148475933823e-12,1.155715659373043e-12,-0.03274221401291374,-0.03274221401295524
0.9795918367346939,0.5918367346938775,0.01633819658421352,1.8104587263032289e-16,1.747669882732971e-16,-0.01633819658421334,-0.016338196584213347
1.0,0.5918367346938775,0.0,0.0,0.0,0.0,0.0
0.0,0.6020408163265306,0.8807310367403239,0.8727992309275299,0.8514158680732515,-0.007931805812794068,-0.0293151686670724
0.02040816326530612,0.6020408163265306,0.8611722783567363,0.8716621632913942,0.8499888836425508,0.010489884934657967,-0.011183394714185502
0.04081632653061224,0.6020408163265306,0.8416795472895222,0.8705074629776882,0.8485410718598064,0.028827915688166006,0.0068615245702842165
0.061224489795918366,0.6020408163265306,0.822252843538682,0.8693348211598844,0.8470720799806014,0.047081977621202364,0.024819236441919412
0.08163265306122448,0.6020408163265306,0.8028921671042154,0.8681438584586936,0.8455814867096665,0.06525169135447817,0.04268931960545108
0.1020408163265306,0.6020408163265306,0.7835975179861224,0.8669335968336382,0.8440682927003558,0.08333607884751582,0.060470774714233344
0.12244897959183673,0.6020408163265306,0.7643688961844033,0.865699990110245,0.8425285381849145,0.10133109392584172,0.07815964200051118
0.14285714285714285,0.6020408163265306,0.7452063016990578,0.8644282665823674,0.8409479161386929,0.1192219648833096,0.09574161443963514
0.16326530612244897,0.6020408163265306,0.726109734530086,0.8630753808203074,0.8392848455770184,0.13696564629022145,0.11317511104693245
0.18367346938775508,0.6020408163265306,0.7070791946774879,0.8615383345731346,0.8374399179782266,0.15445913989564664,0.13036072330073867
0.2040816326530612,0.6020408163265306,0.6881146821412635,0.8596076146713761,0.8352109970731951,0.17149293253011266,0.14709631493193165
0.22448979591836732,0.6020408163265306,0.6692161969214129,0.8569112174697395,0.8322392558629989,0.18769502054832665,0.16302305894158597
0.24489795918367346,0.6020408163265306,0.6503837390179359,0.8528618516907269,0.8279583051368042,0.20247811267279103,0.17757456611886835
0.26530612244897955,0.6020408163265306,0.6316173084308326,0.8466252019317517,0.8215636678444872,0.2150078935009191,0.18994635941365456
0.2857142857142857,0.6020408163265306,0.612916905160103,0.8371280327956334,0.8120207130025742,0.22421112763553042,0.19910380784247117
0.3061224489795918,0.6020408163265306,0.5942825292057472,0.8231200521146479,0.7981244642505454,0.2288375229089007,0.2038419350447982
0.32653061224489793,0.6020408163265306,0.575714180567765,0.8032932456217897,0.7786148437469526,0.2275790650540247,0.20290066317918753
0.3469387755102041,0.6020408163265306,0.5572118592461565,0.7764490131574202,0.7523379962615964,0.21923715391126375,0.1951261370154399
0.36734693877551017,0.6020408163265306,0.5387755652409217,0.7416902069140171,0.718431574645622,0.20291464167309536,0.17965600940470028
0.3877551020408163,0.6020408163265306,0.5204052985520606,0.6986056423890664,0.6765026794776973,0.17820034383700578,0.15609738092563663
0.4081632653061224,0.6020408163265306,0.5021010591795733,0.6474115945026483,0.6267642064608475,0.14531053532307503,0.12466314728127426
0.42857142857142855,0.6020408163265306,0.4838628471234596,0.5890194388627774,0.5700998539818921,0.1051565917393178,0.0862370068584325
0.44897959183673464,0.6020408163265306,0.4656906623837197,0.5250103102210617,0.5080393587142016,0.059319647837342004,0.04234869633048188
0.4693877551020408,0.6020408163265306,0.4475845049603534,0.457514064257551,0.44264137670220355,0.009929559297197577,-0.004943128258149854
0.4897959183673469,0.6020408163265306,0.42954437485336083,0.3890074435960028,0.3762984299896663,-0.04053693125735802,-0.05324594486369455
0.5102040816326531,0.6020408163265306,0.411570272062742,0.32206137027083265,0.3114928320589303,-0.08950890179190935,-0.10007744000381169
0.5306122448979591,0.6020408163265306,0.3936621965884969,0.2590765201926673,0.25054140653266416,-0.13458567639582958,-0.14312079005583273
0.5510204081632653,0.6020408163265306,0.37582014843062544,0.2020479088049153,0.19536831802821408,-0.17377223962571015,-0.18045183040241136
0.5714285714285714,0.6020408163265306,0.3580441275891276,0.15239297341723929,0.147339292077545,-0.20565115417188834,-0.21070483551158262
0.5918367346938775,0.6020408163265306,0.34033413406400354,0.11086511465243866,0.10717839982929458,-0.2294690194115649,-0.23315573423470895
0.6122448979591836,0.6020408163265306,0.32269016785525334,0.0775586840279856,0.0749731538058223,-0.24513148382726774,-0.24771701404943103
0.6326530612244897,0.6020408163265306,0.3051122289628766,0.05199540746782508,0.050258216051406984,-0.25311682149505155,-0.2548540129114696
0.6530612244897959,0.6020408163265306,0.2876003173868737,0.033269455135984685,0.03215568697000694,-0.254330862250889,-0.25544463041686677
0.673469387755102,0.6020408163265306,0.2701544331272444,0.02022114014940283,0.019542973896851456,-0.2499332929778416,-0.25061145923039296
0.6938775510204082,0.6020408163265306,0.2527745761839888,0.01160850889295277,0.011218554495159181,-0.241166067291036,-0.24155602168882961
0.7142857142857142,0.6020408163265306,0.2354607465571071,0.0062513269575140955,0.006041021340513762,-0.229209419599593,-0.22941972521659335
0.7346938775510203,0.6020408163265306,0.21821294424659896,0.0031313534042471825,0.0030258675529081635,-0.21508159084235176,-0.2151870766936908
0.7551020408163265,0.6020408163265306,0.2010311692524645,0.001443778917891495,0.0013950827031941474,-0.199587390334573,-0.19963608654927037
0.7755102040816326,0.6020408163265306,0.18391542157470372,0.0006046639737352276,0.0005842467961466068,-0.1833107576009685,-0.18333117477855712
0.7959183673469387,0.6020408163265306,0.1668657012133168,0.00022611863237212177,0.00021847561521915417,-0.1666395825809447,-0.16664722559809766
0.8163265306122448,0.6020408163265306,0.14988200816830347,7.381624610329799e-05,7.131882682181925e-05,-0.14980819192220016,-0.14981068934148165
0.836734693877551,0.6020408163265306,0.13296434243966382,2.0400476655094993e-05,1.9709666351834432e-05,-0.1329439419630087,-0.13294463277331198
0.8571428571428571,0.6020408163265306,0.11611270402739783,4.571884555132105e-06,4.416944383463039e-06,-0.1161081321428427,-0.11610828708301436
0.8775510204081632,0.6020408163265306,0.09932709293150563,7.799837459592671e-07,7.535305083763943e-07,-0.09932631294775966,-0.09932633940099725
0.8979591836734693,0.6020408163265306,0.0826075091519872,9.184245882627442e-08,8.872544978498738e-08,-0.08260741730952836,-0.08260742042653742
0.9183673469387754,0.6020408163265306,0.06595395268884234,6.332982157795853e-09,6.117910523964877e-09,-0.06595394635586019,-0.06595394657093182
0.9387755102040816,0.6020408163265306,0.04936642354207117,1.879072057428579e-10,1.8152193036337954e-10,-0.04936642335416397,-0.04936642336054924
0.9591836734693877,0.6020408163265306,0.03284492171167377,1.2008823144268435e-12,1.16005218569572e-12,-0.03284492171047289,-0.032844921710513716
0.9795918367346939,0.6020408163265306,0.016389447197650047,1.8160053540031103e-16,1.7542284896155517e-16,-0.016389447197649867,-0.01638944719764987
1.0,0.6020408163265306,0.0,0.0,0.0,0.0,0.0
0.0,0.6122448979591837,0.8834229658668291,0.87522261095432,0.8542466356875895,-0.008200354912509145,-0.029176330179239596
0.02040816326530612,0.6122448979591837,0.8638044266998073,0.8740916782275305,0.8528286638104172,0.010287251527723251,-0.010975762889390062
0.04081632653061224,0.6122448979591837,0.844252116659756,0.8729430242495617,0.8513897421820521,0.028690907589805748,0.0071376255222961316
0.061224489795918366,0.6122448979591837,0.8247660357466751,0.8717763350092989,0.8499295114732875,0.04701029926262379,0.025163475726612483
0.08163265306122448,0.6122448979591837,0.8053461839605646,0.8705912255741332,0.848447543360047,0.06524504161356859,0.04310135939948245
0.1020408163265306,0.6122448979591837,0.7859925613014246,0.8693867103794017,0.8469428291266675,0.08339414907797715,0.06095026782524293
0.12244897959183673,0.6122448979591837,0.766705167769255,0.8681587262772648,0.8454113884447397,0.10145355850800974,0.07870622067548472
0.14285714285714285,0.6122448979591837,0.7474840033640558,0.8668924519512937,0.8438388550906184,0.11940844858723787,0.09635485172656255
0.16326530612244897,0.6122448979591837,0.7283290680858272,0.865544706568817,0.8421834873193509,0.1372156384829898,0.11385441923352368
0.18367346938775508,0.6122448979591837,0.7092403619345689,0.8640121746712314,0.8403455006247154,0.15477181273666252,0.1311051386901465
0.2040816326530612,0.6122448979591837,0.690217884910281,0.8620847028433435,0.8381220003116938,0.17186681793306247,0.1479041154014128
0.22448979591836732,0.6122448979591837,0.6712616370129637,0.8593891541470665,0.8351528171906212,0.1881275171341028,0.16389118017765747
0.24489795918367346,0.6122448979591837,0.6523716182426168,0.855336450197346,0.8308694456475532,0.20296483195472925,0.17849782740493636
0.26530612244897955,0.6122448979591837,0.6335478285992403,0.8490897372345103,0.8244644024642185,0.21554190863527,0.19091657386497818
0.2857142857142857,0.6122448979591837,0.6147902680828341,0.839572513069921,0.8148991874470306,0.22478224498708688,0.2001089193641965
0.3061224489795918,0.6122448979591837,0.5960989366933985,0.8255306757127647,0.8009643111286361,0.2294317390193662,0.20486537443523756
0.32653061224489793,0.6122448979591837,0.5774738344309334,0.8056522176058456,0.7813949639862442,0.22817838317491224,0.20392112955531083
0.3469387755102041,0.6122448979591837,0.5589149612954386,0.7787348667089359,0.7550329379541452,0.21981990541349727,0.19611797665870656
0.36734693877551017,0.6122448979591837,0.5404223172869144,0.7438787060404027,0.7210125999381036,0.20345638875348837,0.18059028265118926
0.3877551020408163,0.6122448979591837,0.5219959024053605,0.7006712445131779,0.6789394943830759,0.17867534210781733,0.15694359197771535
0.4081632653061224,0.6122448979591837,0.5036357166507771,0.6493293442417236,0.6290272015106719,0.1456936275909465,0.12539148485989482
0.42857142857142855,0.6122448979591837,0.4853417600231641,0.5907670708382523,0.5721625929909895,0.10542531081508821,0.08682083296782539
0.44897959183673464,0.6122448979591837,0.46711403252252165,0.5265702804589908,0.5098809838824477,0.05945624793646914,0.042766951359926086
0.4693877551020408,0.6122448979591837,0.4489525341488495,0.45887522091335264,0.44424858773147646,0.009922686764503141,-0.004703946417373039
0.4897959183673469,0.6122448979591837,0.4308572649021478,0.390166092092588,0.37766674727274646,-0.040691172809559806,-0.05319051762940136
0.5102040816326531,0.6122448979591837,0.4128282247824166,0.3230215777516877,0.3126269601788936,-0.08980664703072888,-0.10020126460352302
0.5306122448979591,0.6122448979591837,0.3948654137896559,0.2598496220769301,0.2514546537417452,-0.13501579171272582,-0.1434107600479107
0.5510204081632653,0.6122448979591837,0.3769688319238656,0.20265130312208834,0.19608117276933906,-0.17431752880177726,-0.18088765915452654
0.5714285714285714,0.6122448979591837,0.3591384791850456,0.15284839290700675,0.1478773810623188,-0.20629008627803885,-0.2112610981227268
0.5918367346938775,0.6122448979591837,0.3413743555731962,0.11119663334903807,0.10757013121716669,-0.2301777222241581,-0.2338042243560295
0.6122448979591836,0.6122448979591837,0.3236764610883173,0.07779073371257755,0.07524737120922916,-0.24588572737573977,-0.24842908987908818
0.6326530612244897,0.6122448979591837,0.30604479573040866,0.05215104980163092,0.0504421542098286,-0.2538937459287777,-0.25560264152058004
0.6530612244897959,0.6122448979591837,0.28847935949947057,0.03336908709105158,0.03227343934483674,-0.255110272408419,-0.25620592015463384
0.673469387755102,0.6122448979591837,0.2709801523955028,0.0202817202011705,0.01961457584605037,-0.2506984321943323,-0.25136557654945246
0.6938775510204082,0.6122448979591837,0.25354717441850555,0.011643298915214938,0.01125967625599127,-0.24190387550329062,-0.24228749816251427
0.7142857142857142,0.6122448979591837,0.2361804255684789,0.006270067840621613,0.006063174044591639,-0.22991035772785728,-0.23011725152388726
0.7346938775510203,0.6122448979591837,0.21887990584542252,0.0031407436417477674,0.003036967761298667,-0.21573916220367476,-0.21584293808412386
0.7551020408163265,0.6122448979591837,0.20164561524933658,0.0014481096414388922,0.001400202246974481,-0.20019750560789767,-0.2002454130023621
0.7755102040816326,0.6122448979591837,0.18447755378022107,0.000606478148311715,0.0005863914869722954,-0.18387107563190935,-0.18389116229324878
0.7959183673469387,0.6122448979591837,0.16737572143807616,0.00022679720703350627,0.00021927784136172978,-0.16714892423104266,-0.16715644359671444
0.8163265306122448,0.6122448979591837,0.15034011822290155,7.40378113447521e-05,7.158077370484038e-05,-0.1502660804115568,-0.15026853744919672
0.836734693877551,0.6122448979591837,0.13337074413469738,2.046172175084142e-05,1.9782075653067098e-05,-0.13335028241294652,-0.13335096205904431
0.8571428571428571,0.6122448979591837,0.11646759917346362,4.585612365731728e-06,4.433174994094016e-06,-0.1164630135610979,-0.11646316599846952
0.8775510204081632,0.6122448979591837,0.09963068333920037,7.823261453279493e-07,7.563000268488213e-07,-0.09962990101305505,-0.09962992703917352
0.8979591836734693,0.6122448979591837,0.08285999663190763,9.211831529865668e-08,8.90516134120804e-08,-0.08285990451359233,-0.08285990758029421
0.9183673469387754,0.6122448979591837,0.06615553905158522,6.3520064123811765e-09,6.140404611402636e-09,-0.06615553269957881,-0.0661555329111806
0.9387755102040816,0.6122448979591837,0.049517310598233215,1.884717505185108e-10,1.8218945441671387e-10,-0.04951731040976146,-0.049517310416043764
0.9591836734693877,0.6122448979591837,0.03294531127185173,1.204490652629192e-12,1.1643187965339357e-12,-0.03294531127064724,-0.03294531127068741
0.9795918367346939,0.6122448979591837,0.016439541072440656,1.8214625850576992e-16,1.7606813895124545e-16,-0.016439541072440472,-0.01643954107244048
1.0,0.6122448979591837,0.0,0.0,0.0,0.0,0.0
0.0,0.6224489795918368,0.8860541375068594,0.8775998216788562,0.8570234726083705,-0.008454315828003156,-0.029030664898488823
0.02040816326530612,0.6224489795918368,0.8663771668230336,0.8764751972102015,0.8556146812574618,0.010098030387167944,-0.0107624855655718
0.04081632653061224,0.6224489795918368,0.8467666225218613,0.8753327687445409,0.8541848253438427,0.02856614622267961,0.007418202821981357
0.061224489795918366,0.6224489795918368,0.8272225046033427,0.8741722171861313,0.852733539079146,0.04694971258278857,0.025511034475803274
0.08163265306122448,0.6224489795918368,0.8077448130674777,0.8729931521522167,0.8512603872397928,0.06524833908473904,0.04351557417231511
0.1020408163265306,0.6224489795918368,0.7883335479142661,0.8717945806854586,0.8497643519038081,0.08346103277119243,0.06143080398954193
0.12244897959183673,0.6224489795918368,0.7689887091437082,0.8705724229421886,0.8482414325175295,0.10158371379848041,0.07925272337382128
0.14285714285714285,0.6224489795918368,0.7497102967558039,0.8693118087841144,0.8466772045982582,0.11960151202831049,0.09696690784245432
0.16326530612244897,0.6224489795918368,0.7304983107505532,0.8679694241101968,0.8450297681740289,0.13747111335964368,0.1145314574234757
0.18367346938775508,0.6224489795918368,0.7113527511279559,0.866441641240804,0.843198968663317,0.1550888901128481,0.13184621753536108
0.2040816326530612,0.6224489795918368,0.6922736178880122,0.8645176765623822,0.8409811648454375,0.17224405867436998,0.14870754695742527
0.22448979591836732,0.6224489795918368,0.6732609110307223,0.8618232775982907,0.8380148663647113,0.18856236656756842,0.16475395533398907
0.24489795918367346,0.6224489795918368,0.6543146305560859,0.8577676067960285,0.8337294842898904,0.20345297623994263,0.1794148537338045
0.26530612244897955,0.6224489795918368,0.635434776464103,0.8515113116218657,0.8273145761094437,0.2160765351577627,0.19187979964534074
0.2857142857142857,0.6224489795918368,0.6166213487547736,0.8419746738632239,0.8177278325452516,0.2253533251084503,0.20110648379047802
0.3061224489795918,0.6224489795918368,0.5978743474280979,0.8278998406278719,0.8037553208170823,0.23002549319977406,0.20588097338898448
0.32653061224489793,0.6224489795918368,0.5791937724840757,0.8079708723774284,0.7841275723612557,0.2287770998933527,0.20493379987718008
0.3469387755102041,0.6224489795918368,0.5605796239227071,0.7809818808613291,0.7576820922658436,0.22040225693862203,0.1971024683431365
0.36734693877551017,0.6224489795918368,0.5420319017439921,0.7460302207787708,0.7235500099672855,0.20399831903477872,0.1815181082232934
0.3877551020408163,0.6224489795918368,0.5235506059479307,0.7027021117309846,0.6813353343591354,0.17915150578305394,0.15778472841120472
0.4081632653061224,0.6224489795918368,0.5051357365345228,0.6512149900601186,0.631252314982524,0.1460792535255958,0.12611657844800117
0.42857142857142855,0.6224489795918368,0.4867872935037685,0.5924855650968976,0.574190942154423,0.10569827159312917,0.08740364865065453
0.44897959183673464,0.6224489795918368,0.46850527685566784,0.5281043361961766,0.5116920168866488,0.05959905934050874,0.04318674003098094
0.4693877551020408,0.6224489795918368,0.4502896865902206,0.4602138391556346,0.44582918707078656,0.009924152565413957,-0.004460499519434058
0.4897959183673469,0.6224489795918368,0.43214052270742703,0.3913056108920324,0.37901247387737247,-0.040834911815394614,-0.053128048830054564
0.5102040816326531,0.6224489795918368,0.41405778520728703,0.32396597276607103,0.31374241227950583,-0.090091812441216,-0.1003153729277812
0.5306122448979591,0.6224489795918368,0.39604147408980067,0.2606100219816995,0.2523528967754566,-0.13543145210810115,-0.1436885773143441
0.5510204081632653,0.6224489795918368,0.3780915893549679,0.20324480407442844,0.1967823396708944,-0.17484678528053946,-0.1813092496840735
0.5714285714285714,0.6224489795918368,0.36020813100278853,0.1532963589398858,0.14840666378167378,-0.20691177206290273,-0.21180146722111476
0.5918367346938775,0.6224489795918368,0.3423910990332628,0.11152273526598425,0.10795546210254545,-0.23086836376727857,-0.23443563693071737
0.6122448979591836,0.6224489795918368,0.32464049344639084,0.07801899744937046,0.07551711475548686,-0.24662149599702038,-0.24912337869090398
0.6326530612244897,0.6224489795918368,0.30695631424217223,0.052304156152226534,0.05062309538212181,-0.2546521580899457,-0.25633321886005045
0.6530612244897959,0.6224489795918368,0.28933856142060727,0.033467097613360385,0.032389275413345645,-0.2558714638072469,-0.25694928600726163
0.673469387755102,0.6224489795918368,0.2717872349816959,0.020341315422669787,0.01968501379737532,-0.25144591955902607,-0.2521022211843206
0.6938775510204082,0.6224489795918368,0.254302334925438,0.011677523920145053,0.011300130172995741,-0.24262481100529298,-0.24300220475244227
0.7142857142857142,0.6224489795918368,0.23688386125183392,0.006288504627437505,0.006084967293724691,-0.2305953566243964,-0.23079889395810924
0.7346938775510203,0.6224489795918368,0.21953181396088325,0.003149981633256607,0.0030478880007708607,-0.21638183232762664,-0.2164839259601124
0.7551020408163265,0.6224489795918368,0.20224619305258615,0.0014523702019641218,0.0014052388483615998,-0.20079382285062203,-0.20084095420422454
0.7755102040816326,0.6224489795918368,0.18502699852694257,0.0006082629509659707,0.0005885014549121809,-0.1844187355759766,-0.1844384970720304
0.7959183673469387,0.6224489795918368,0.16787423038395277,0.00022746480224996617,0.00022006708741458415,-0.1676467655817028,-0.16765416329653818
0.8163265306122448,0.6224489795918368,0.15078788862361642,7.425579368159912e-05,7.183848469205334e-05,-0.15071363282993483,-0.15071605013892436
0.836734693877551,0.6224489795918368,0.1337679732459336,2.0521976983856048e-05,1.9853314655704532e-05,-0.13374745126894974,-0.1337481199312779
0.8571428571428571,0.6224489795918368,0.11681448425090434,4.599118411752309e-06,4.449143409571028e-06,-0.11680988513249259,-0.11681003510749477
0.8775510204081632,0.6224489795918368,0.09992742163852873,7.846307218187017e-07,7.590248258149524e-07,-0.09992663700780692,-0.09992666261370292
0.8979591836734693,0.6224489795918368,0.08310678540880677,9.238971937797757e-08,8.93725126845289e-08,-0.0831066930190874,-0.08310669603629409
0.9183673469387754,0.6224489795918368,0.06635257556173825,6.370723731351804e-09,6.162535781704727e-09,-0.06635256919101452,-0.06635256939920246
0.9387755102040816,0.6224489795918368,0.04966479209732329,1.8902719031856583e-10,1.8284621265467825e-10,-0.0496647919082961,-0.04966479191447708
0.9591836734693877,0.6224489795918368,0.03304343501556198,1.2080408155111645e-12,1.1685166191105326e-12,-0.03304343501435394,-0.03304343501439346
0.9795918367346939,0.6224489795918368,0.01648850431645421,1.8268318603072597e-16,1.7670302861435326e-16,-0.016488504316454027,-0.016488504316454034
1.0,0.6224489795918368,0.0,0.0,0.0,0.0,0.0
0.0,0.6326530612244898,0.8886259229714668,0.8799317427008905,0.8597474063023821,-0.008694180270576335,-0.028878516669084697
0.02040816326530612,0.6326530612244898,0.8688918395841955,0.8788135911115844,0.8583479539010854,0.009921751527388945,-0.010543885683110044
0.04081632653061224,0.6326530612244898,0.8492243753831525,0.8776775584883408,0.8569273295519185,0.028453183105188296,0.007702954168765985
0.061224489795918366,0.6326530612244898,0.8296235303683385,0.8765233207511816,0.8554851611334908,0.04689979038284309,0.025861630765152355
0.08163265306122448,0.6326530612244898,0.8100893045397529,0.875350482170849,0.8540210066525855,0.06526117763109607,0.043931702112832594
0.1020408163265306,0.6326530612244898,0.7906216978973959,0.8741580425289496,0.8525338391437665,0.08353634463155368,0.06191214124637057
0.12244897959183673,0.6326530612244898,0.7712207104412674,0.8729419055614307,0.8510196381610567,0.10172119512016331,0.07979892771978936
0.14285714285714285,0.6326530612244898,0.7518863421713676,0.8716871530865012,0.8494639218907793,0.11980081091513362,0.09757757971941172
0.16326530612244897,0.6326530612244898,0.7326185930876965,0.8703503398382266,0.8478246346304084,0.13773174675053013,0.11520604154271186
0.18367346938775508,0.6326530612244898,0.7134174631902539,0.8688275308267515,0.846001257542646,0.15541006763649756,0.1325837943523921
0.2040816326530612,0.6326530612244898,0.6942829524790398,0.8669073221324229,0.8437894145978249,0.17262436965338313,0.14950646211878504
0.22448979591836732,0.6326530612244898,0.6752150609540545,0.8642143632187297,0.840826314972822,0.1889993022646752,0.16561125401876753
0.24489795918367346,0.6326530612244898,0.6562137886152977,0.8601560848715739,0.8365393189908258,0.20394229625627625,0.18032553037552812
0.26530612244897955,0.6326530612244898,0.6372791354627694,0.8538906747514442,0.8301150709941233,0.21661153928867483,0.19283593553135392
0.2857142857142857,0.6326530612244898,0.6184111014964698,0.844335248602811,0.8205075118143216,0.22592414710634112,0.20209641031785175
0.3061224489795918,0.6326530612244898,0.5996096867163988,0.8302282606447432,0.806498334075799,0.2306185739283444,0.20688864735940016
0.32653061224489793,0.6326530612244898,0.5808748911225564,0.8102498997276385,0.7868134817020545,0.2293750086050821,0.20593859057949804
0.3469387755102041,0.6326530612244898,0.5622067147149425,0.7831907162191607,0.7602862379267463,0.22098400150421815,0.19807952321180378
0.36734693877551017,0.6326530612244898,0.5436051574935573,0.748145376754655,0.7260445424817514,0.20454021926109767,0.18243938498819412
0.3877551020408163,0.6326530612244898,0.5250702194584007,0.7046988286760776,0.6836908890288054,0.17962860921767687,0.15862066957040466
0.4081632653061224,0.6326530612244898,0.5066019006094726,0.6530690698479673,0.6334401815369436,0.14646716923849468,0.12683828092747096
0.42857142857142855,0.6326530612244898,0.48820020094677324,0.5941754078221781,0.5761854752647505,0.1059752068754049,0.08798527431797726
0.44897959183673464,0.6326530612244898,0.46986512047030243,0.529612908235044,0.513472966269634,0.0597477877647416,0.04360784579933158
0.4693877551020408,0.6326530612244898,0.45159665918006014,0.461530292421775,0.44738361563105306,0.009933633241714868,-0.0042130435490070894
0.4897959183673469,0.6326530612244898,0.43339481707604655,0.3924263160151027,0.3803359829871305,-0.04096850106094385,-0.05305883408891604
0.5102040816326531,0.6326530612244898,0.41525959415826147,0.3248948158447867,0.31483949606334327,-0.09036477831347478,-0.1004200980949182
0.5306122448979591,0.6326530612244898,0.3971909904267051,0.2613579286956189,0.25323638225841283,-0.13583306173108617,-0.14395460816829225
0.5510204081632653,0.6326530612244898,0.3791890058813773,0.20382857394216092,0.19747201044340643,-0.17536043193921635,-0.18171699543797085
0.5714285714285714,0.6326530612244898,0.36125364052227793,0.15373699354477677,0.14892728440997283,-0.20751664697750116,-0.2123263561123051
0.5918367346938775,0.6326530612244898,0.3433848943494073,0.11184350893831113,0.10833449709716975,-0.23154138541109615,-0.23505039725223753
0.6122448979591836,0.6326530612244898,0.32558276736276537,0.0782435370247738,0.07578245745651027,-0.24733923033799157,-0.2498003099062551
0.6326530612244897,0.6326530612244898,0.3078472595623518,0.05245476785054751,0.05080108841189106,-0.25539249171180434,-0.25704617115046074
0.6530612244897959,0.6326530612244898,0.290178370948167,0.033563513096381295,0.032503226368546356,-0.2566148578517857,-0.25767514457962065
0.673469387755102,0.6326530612244898,0.2725761015202107,0.020399941827125262,0.019754306677098238,-0.2521761596930855,-0.2528217948431125
0.6938775510204082,0.6326530612244898,0.255040451278483,0.011711193085659603,0.011339927094263163,-0.24332925819282342,-0.24370052418421986
0.7142857142857142,0.6326530612244898,0.23757142022298408,0.006306642253086725,0.006106406921397483,-0.23126477796989736,-0.2314650133015866
0.7346938775510203,0.6326530612244898,0.2201690083537136,0.0031590698474989586,0.0030586311895674733,-0.21700993850621467,-0.21711037716414613
0.7551020408163265,0.6326530612244898,0.20283321567067172,0.001456561736325147,0.0014101938512708057,-0.2013766539343466,-0.20142302181940092
0.7755102040816326,0.6326530612244898,0.1855640421738584,0.0006100188572839289,0.0005905772621913476,-0.18495402331657448,-0.18497346491166705
0.7959183673469387,0.6326530612244898,0.16836148786327385,0.00022812159568588687,0.0002208435634147061,-0.16813336626758796,-0.16814064429985914
0.8163265306122448,0.6326530612244898,0.15122555273891777,7.447025105678952e-05,7.209202828636689e-05,-0.151151082487861,-0.1511534607106314
0.836734693877551,0.6326530612244898,0.13415623680079028,2.0581258353601423e-05,1.992340227559176e-05,-0.13413565554243667,-0.1341363133985147
0.8571428571428571,0.6326530612244898,0.11715354004889136,4.612406275851671e-06,4.464853865706179e-06,-0.11714892764261552,-0.11714907519502565
0.8775510204081632,0.6326530612244898,0.10021746248322111,7.868980861855592e-07,7.617056273922721e-07,-0.10021667558513492,-0.10021670077759372
0.8979591836734693,0.6326530612244898,0.08334800410377953,9.26567429293686e-08,8.96882325730226e-08,-0.0833479114470366,-0.08334791441554695
0.9183673469387754,0.6326530612244898,0.06654516491056642,6.389139066904795e-09,6.184309890284501e-09,-0.06654515852142735,-0.06654515872625653
0.9387755102040816,0.6326530612244898,0.04980894490358188,1.8957367199069365e-10,1.8349237871128883e-10,-0.04980894471400821,-0.049808944720089496
0.9591836734693877,0.6326530612244898,0.03313934408282601,1.2115337410134122e-12,1.1726467624743198e-12,-0.03313934408161448,-0.033139344081653366
0.9795918367346939,0.6326530612244898,0.01653636244829872,1.832114597369347e-16,1.7732768557689799e-16,-0.016536362448298536,-0.016536362448298543
1.0,0.6326530612244898,0.0,0.0,0.0,0.0,0.0
0.0,0.6428571428571428,0.8911396626208841,0.8822192368623792,0.8624194446615109,-0.008920425758504824,-0.028720217959373184
0.02040816326530612,0.6428571428571428,0.8713497555775914,0.8811077143137486,0.861029480384409,0.009757958736157146,-0.01032027519318246
0.04081632653061224,0.6428571428571428,0.8516266561724795,0.8799782392853939,0.859618244041252,0.028351583112914414,0.00799158786877252
0.061224489795918366,0.6428571428571428,0.8319703644055483,0.8788304828138591,0.8581853573041816,0.046860118408310836,0.02621499289863327
0.08163265306122448,0.6428571428571428,0.8123808802767977,0.8776640439274302,0.8567303715406798,0.06528316365063258,0.0443494912638821
0.1020408163265306,0.6428571428571428,0.7928582037862276,0.8764779152783263,0.8552522509047588,0.08361971149209868,0.06239404711853114
0.12244897959183673,0.6428571428571428,0.7734023349338384,0.8752679844554253,0.8537469553885614,0.10186564952158694,0.08034462045472301
0.14285714285714285,0.6428571428571428,0.7540132737196297,0.8740192860018402,0.8521999467637389,0.12000601228221053,0.09818667304410922
0.16326530612244897,0.6428571428571428,0.7346910201436018,0.8726882455595042,0.8505690160573408,0.13799722541590242,0.11587799591373904
0.18367346938775508,0.6428571428571428,0.7154355742057543,0.8711706256644245,0.8487532859074203,0.15573505145867017,0.13331771170166595
0.2040816326530612,0.6428571428571428,0.6962469359060877,0.8692544118303807,0.8465476570112622,0.173007475924293,0.15030072110517456
0.22448979591836732,0.6428571428571428,0.6771251052446017,0.8665631726683661,0.8435880584557421,0.18943806742376446,0.16646295321114046
0.24489795918367346,0.6428571428571428,0.6580700822212963,0.8625026343809975,0.839299831884113,0.20443255215970124,0.18122974966281669
0.26530612244897955,0.6428571428571428,0.6390818668361716,0.8562285631860387,0.8328667539230172,0.21714669634986705,0.1937848870868456
0.2857142857142857,0.6428571428571428,0.6201604590892275,0.8466549579916314,0.8232390737911292,0.22649449890240392,0.2030786147019017
0.3061224489795918,0.6428571428571428,0.6013058589804642,0.8325166372459146,0.809194177175037,0.23121077826545045,0.20788831819457287
0.32653061224489793,0.6428571428571428,0.5825180665098814,0.8124899776333581,0.7894534909181198,0.2299719111234767,0.20693542440823842
0.3469387755102041,0.6428571428571428,0.5637970816774793,0.785362022139439,0.7628461404089938,0.22156494046195963,0.19904905873151446
0.36734693877551017,0.6428571428571428,0.5451429044832579,0.7502247890001199,0.7284969227388431,0.20508188451686205,0.18335401825558528
0.3877551020408163,0.6428571428571428,0.5265555349272172,0.706661970132773,0.6860068363976496,0.1801064352055558,0.1594513014704324
0.4081632653061224,0.6428571428571428,0.5080349730093571,0.6548921124754602,0.6355914251923231,0.14685713946610313,0.12755645218296607
0.42857142857142855,0.6428571428571428,0.4895812187296776,0.5958370770787986,0.5781467565332389,0.10625585834912105,0.0885655378035613
0.44897959183673464,0.6428571428571428,0.4711942720881788,0.5310964202111734,0.515224332114454,0.0599021481229946,0.04403006002627513
0.4693877551020408,0.6428571428571428,0.45287413308486063,0.4628249479576338,0.4489123070132552,0.009950814872773162,-0.003961826071605445
0.4897959183673469,0.6428571428571428,0.43462080171972317,0.3935285182588467,0.38163764161721325,-0.041092283460876455,-0.05298316010250992
0.5102040816326531,0.6428571428571428,0.41643427799276633,0.32580836322378276,0.3159185141606499,-0.09062591476898357,-0.10051576383211641
0.5306122448979591,0.6428571428571428,0.3983145619039902,0.26209354757374603,0.25410535275952756,-0.1362210143302442,-0.14420920914446267
0.5510204081632653,0.6428571428571428,0.38026165345339474,0.2044027723425167,0.19815037365153365,-0.17585888111087805,-0.1821112798018611
0.5714285714285714,0.6428571428571428,0.3622755526409798,0.1541704167519593,0.14943938476030266,-0.20810513588902052,-0.21283616788067716
0.5918367346938775,0.6428571428571428,0.3443562594667456,0.11215904145350304,0.10870733910240546,-0.23219721801324256,-0.23564892036434013
0.6122448979591836,0.6428571428571428,0.3265037739306922,0.07846441321655036,0.07604347113233306,-0.24803936071414184,-0.2504603027983591
0.6326530612244897,0.6428571428571428,0.30871809603281924,0.05260292555375111,0.05097618134650181,-0.2561151704790681,-0.25774191468631746
0.6530612244897959,0.6428571428571428,0.29099922577312703,0.03365835950385647,0.03261532289558548,-0.25734086626927055,-0.25838390287754154
0.673469387755102,0.6428571428571428,0.27334716315161545,0.020457615167335748,0.019822473103693238,-0.2528895479842797,-0.2535246900479222
0.6938775510204082,0.6428571428571428,0.25576190816828454,0.01174431544056621,0.011379077691642418,-0.24401759272771834,-0.2443828304766421
0.7142857142857142,0.6428571428571428,0.23824346082313438,0.006324485572590497,0.006127498666410037,-0.2319189752505439,-0.23211596215672434
0.7346938775510203,0.6428571428571428,0.2207918211161648,0.00316801071316335,0.003069200198604757,-0.21762381040300144,-0.21772262091756003
0.7551020408163265,0.6428571428571428,0.20340698904737586,0.001460685362957142,0.0014150685778393786,-0.2019463036844187,-0.20199192046953648
0.7755102040816326,0.6428571428571428,0.18608896461676755,0.0006117463351501185,0.0005926194619305313,-0.18547721828161742,-0.185496345154837
0.7959183673469387,0.6428571428571428,0.16883774782434005,0.00022876776213051728,0.00022160747600007878,-0.16860898006220953,-0.16861614034833997
0.8163265306122448,0.6428571428571428,0.1516533386700931,7.46812404761468e-05,7.234147188277812e-05,-0.15157865742961693,-0.1515809971982103
0.836734693877551,0.6428571428571428,0.13453573715402675,2.0639581600919463e-05,1.9992357122812768e-05,-0.13451509757242583,-0.13451574479690395
0.8571428571428571,0.6428571428571428,0.11748494327614106,4.625479482805948e-06,4.480310529877658e-06,-0.11748031779665825,-0.11748046296561118
0.8775510204081632,0.6428571428571428,0.1005009570364361,7.891288393198379e-07,7.643431420372271e-07,-0.10050016790759679,-0.10050019269329406
0.8979591836734693,0.6428571428571428,0.08358377843491187,9.291945665796218e-08,8.999885667671326e-08,-0.08358368551545521,-0.0835836884360552
0.9183673469387754,0.6428571428571428,0.06673340747156817,6.4072572913348166e-09,6.205732698079884e-09,-0.06673340106431087,-0.06673340126583548
0.9387755102040816,0.6428571428571428,0.04994984414640511,1.9011134001411964e-10,1.8412812342009318e-10,-0.04994984395629377,-0.04994984396227699
0.9591836734693877,0.6428571428571428,0.03323308845942277,1.2149703519543146e-12,1.1767103177930945e-12,-0.0332330884582078,-0.03323308845824606
0.9795918367346939,0.6428571428571428,0.01658314041062107,1.8373121910130984e-16,1.7794227476319152e-16,-0.016583140410620888,-0.016583140410620895
1.0,0.6428571428571428,0.0,0.0,0.0,0.0,0.0
0.0,0.6530612244897959,0.8935966665630914,0.8844631505667468,0.8650405763756757,-0.009133515996344599,-0.028556090187415784
0.02040816326530612,0.6530612244897959,0.8737521958170923,0.8833584050209231,0.8636602404412598,0.009606209203830818,-0.010091955375832518
0.04081632653061224,0.6530612244897959,0.85397471690782,0.8822356410241435,0.8622585394321013,0.028260924116323527,0.008283822524281281
0.061224489795918366,0.6530612244897959,0.8342642298352747,0.8810945248305291,0.8608350889407629,0.04683029499525437,0.026570859105488176
0.08163265306122448,0.6530612244897959,0.8146207345994563,0.8799346503302832,0.8593894338261449,0.0653139157308269,0.04476869922668858
0.1020408163265306,0.6530612244897959,0.7950442312003648,0.8787550031778885,0.8579205295245986,0.08371077197752363,0.0628762983242338
0.12244897959183673,0.6530612244897959,0.7755347196380002,0.8775514550863028,0.8564243167942682,0.10201673544830259,0.08088959715626798
0.14285714285714285,0.6530612244897959,0.7560921999123628,0.8763089940820826,0.8548862018967808,0.12021679416971986,0.09879400198441801
0.16326530612244897,0.6530612244897959,0.736716672023452,0.8749839187574932,0.853263825013061,0.13826724673404112,0.11654715298960894
0.18367346938775508,0.6530612244897959,0.7174081359712683,0.8734716939368826,0.8514559559005417,0.15606355796561433,0.1340478199292734
0.2040816326530612,0.6530612244897959,0.6981665917558114,0.8715597041565925,0.8492567833413972,0.17339311240078104,0.1510901915855858
0.22448979591836732,0.6530612244897959,0.6789920393770816,0.8688704541153731,0.8463009763937603,0.18987841473829148,0.1673089370166787
0.24489795918367346,0.6530612244897959,0.6598844788350786,0.8648079920899527,0.8420118895883,0.20492351325487412,0.18212741075322136
0.26530612244897955,0.6530612244897959,0.6408439101298026,0.8585257006225799,0.8355704765611051,0.21768179049277736,0.19472656643130248
0.2857142857142857,0.6530612244897959,0.6218703332612534,0.8489345102293036,0.8259233522925157,0.22706417696805015,0.20405301903126227
0.3061224489795918,0.6530612244897959,0.6029637482294313,0.8347656598239436,0.8118436621453663,0.23180191159451224,0.20887991391593497
0.32653061224489793,0.6530612244897959,0.5841241550343361,0.8146917724598108,0.7920483852370007,0.2305676174254747,0.2079242302026646
0.3469387755102041,0.6530612244897959,0.5653515536759678,0.7874964369233208,0.7653625521527628,0.22214488324735304,0.20001099847679504
0.36734693877551017,0.6530612244897959,0.5466459441543263,0.7522690621333161,0.7309078637163663,0.2056231179789898,0.18426191956203997
0.3877551020408163,0.6530612244897959,0.5280073264694118,0.7085921012021981,0.6882838430497553,0.18058477473278622,0.16027651658034348
0.4081632653061224,0.6530612244897959,0.5094357006212243,0.6566846379442346,0.6377066595035149,0.14724893732301025,0.12827095888229056
0.42857142857142855,0.6530612244897959,0.49093106660976377,0.5974710429483887,0.580075340749983,0.10653997633862494,0.08914427414021925
0.44897959183673464,0.6530612244897959,0.4724934244350301,0.5325552887126159,0.5169466061852139,0.06006186427758581,0.04445318175018381
0.4693877551020408,0.6530612244897959,0.4541227740970233,0.4640981669202757,0.45041568762970624,0.009975392823252438,-0.0037070864673170445
0.4897959183673469,0.6530612244897959,0.4358191155957435,0.3946125232829927,0.38291781071644015,-0.04120659231275081,-0.052901304879303335
0.5102040816326531,0.6530612244897959,0.4175824489311906,0.3267068669149907,0.3169797642129979,-0.09087558201619994,-0.10060268471819273
0.5306122448979591,0.6530612244897959,0.3994127741033647,0.262817080594047,0.2549600468587409,-0.13659569350931766,-0.14445272724462377
0.5510204081632653,0.6530612244897959,0.3813100911122657,0.20496755627345054,0.1988176147657109,-0.17634253483881518,-0.18249247634655483
0.5714285714285714,0.6530612244897959,0.3632743999578935,0.15459674662583905,0.1499431043231615,-0.20867765333205446,-0.21333129563473202
0.5918367346938775,0.6530612244897959,0.3453057006402483,0.11246941847517022,0.10907408933721877,-0.23283628216507807,-0.23623161130302953
0.6122448979591836,0.6530612244897959,0.3274039931593302,0.07868168581028712,0.07630022643057047,-0.2487223073490431,-0.2511037667287598
0.6326530612244897,0.6530612244897959,0.3095692775151388,0.052748669256203196,0.0511484214500641,-0.2568206082589356,-0.2584208560650747
0.6530612244897959,0.6530612244897959,0.2918015537076744,0.03375166237679836,0.032725595180014264,-0.2580498913308761,-0.25907595852766013
0.673469387755102,0.6530612244897959,0.27410082173693695,0.020514350939910532,0.019889531392843322,-0.2535864707970264,-0.2542112903440936
0.6938775510204082,0.6530612244897959,0.25646708160292636,0.011776899866986542,0.011417592463604494,-0.24469018173593982,-0.24504948913932187
0.7142857142857142,0.6530612244897959,0.2389003333056429,0.0063420393621667305,0.00614824817441493,-0.23255829394347616,-0.23275208513122797
0.7346938775510203,0.6530612244897959,0.22140057684508624,0.003176806619550967,0.003079597852240109,-0.21822377022553527,-0.21832097899284614
0.7551020408163265,0.6530612244897959,0.20396781222125646,0.0014647421821710705,0.0014198643287795308,-0.20250307003908538,-0.20254794789247693
0.7755102040816326,0.6530612244897959,0.1866020394341536,0.0006134458448723902,0.0005946285982935649,-0.18598859358928121,-0.18600741083586003
0.7959183673469387,0.6530612244897959,0.16930325848377784,0.00022940347354450253,0.00022235902846469012,-0.16907385501023334,-0.16908089945531316
0.8163265306122448,0.6530612244897959,0.1520714693701289,7.488881802352514e-05,7.258688178629224e-05,-0.15199658055210535,-0.1519988824883426
0.836734693877551,0.6530612244897959,0.13490667209320684,2.0696962212212156e-05,2.0060197506633282e-05,-0.13488597513099462,-0.1348866118957002
0.8571428571428571,0.6530612244897959,0.11780886665301167,4.638341500444776e-06,4.4955175021354174e-06,-0.11780422831151123,-0.11780437113550954
0.8775510204081632,0.6530612244897959,0.10077805304954353,7.913235724094105e-07,7.66938068733541e-07,-0.10077726172597112,-0.1007772861114748
0.8979591836734693,0.6530612244897959,0.08381423128280238,9.317793012761621e-08,9.030446724535383e-08,-0.08381413810487226,-0.08381414097833513
0.9183673469387754,0.6530612244897959,0.06691740135278804,6.425083198323387e-09,6.226809873077754e-09,-0.06691739492770483,-0.06691739512597816
0.9387755102040816,0.6530612244897959,0.050087563259500596,1.9064033653782421e-10,1.847536148593385e-10,-0.05008756306886026,-0.05008756307474698
0.9591836734693877,0.6530612244897959,0.03332471700294016,1.2183515562737946e-12,1.180708358641937e-12,-0.03332471700172181,-0.03332471700175945
0.9795918367346939,0.6530612244897959,0.01662886258310663,1.8424260135274961e-16,1.7854695843938313e-16,-0.016628862583106446,-0.016628862583106453
1.0,0.6530612244897959,0.0,0.0,0.0,0.0,0.0
0.0,0.6632653061224489,0.8959982153366179,0.8866643140920656,0.8676117712986557,-0.009333901244552356,-0.0283864440379622
0.02040816326530612,0.6632653061224489,0.8761004124037781,0.8855664855658498,0.866241195254248,0.009466073162071709,-0.009859217149530086
0.04081632653061224,0.6632653061224489,0.856269781348806,0.8844505779765925,0.8648491680803437,0.028180796627786497,0.008579386731537686
0.061224489795918366,0.6632653061224489,0.8365063221717018,0.8833162528972771,0.86343529941707,0.046809930725575266,0.026928977245368135
0.08163265306122448,0.6632653061224489,0.8168100348724654,0.8821630991846606,0.8619991277457627,0.06535306431219523,0.04518909287329731
0.1020408163265306,0.6632653061224489,0.7971809194510967,0.8809900956270598,0.8605395999479041,0.08380917617596306,0.06335868049680737
0.12244897959183673,0.6632653061224489,0.7776189759075959,0.8797930983304717,0.8590526378729314,0.10217412242287582,0.08143366196533552
0.14285714285714285,0.6632653061224489,0.7581242042419629,0.8785570495536547,0.8575235931655346,0.12043284531169174,0.0993993889235717
0.16326530612244897,0.6632653061224489,0.7386966044541977,0.8772381228517886,0.8559099575494625,0.13854151839759088,0.11721335309526482
0.18367346938775508,0.6632653061224489,0.7193361765443003,0.8757314900275214,0.854110153459745,0.1563953134832211,0.13477397691544468
0.2040816326530612,0.6632653061224489,0.7000429205122706,0.8738239440807802,0.851917668946094,0.17378102356850966,0.15187474843382343
0.22448979591836732,0.6632653061224489,0.6808168363581087,0.8711369424753221,0.8489659327878508,0.1903201061172134,0.16814909642974207
0.24489795918367346,0.6632653061224489,0.6616579240818148,0.8670728818049848,0.84467634347988,0.20541495772316998,0.18301841939806518
0.26530612244897955,0.6632653061224489,0.6425661836833885,0.8607827981171003,0.8382270756982917,0.21821661443371188,0.19566089201490322
0.2857142857142857,0.6632653061224489,0.62354161516283,0.8511746012292619,0.8285611666709024,0.2276329860664319,0.20501955150807238
0.3061224489795918,0.6632653061224489,0.6045842185201394,0.8369760058900012,0.8144475870233391,0.23239178736986177,0.20986336850319964
0.32653061224489793,0.6632653061224489,0.5856939937553166,0.8168559391596457,0.7945989364388779,0.2311619454043291,0.2089049426835613
0.3469387755102041,0.6632653061224489,0.5668709408683617,0.7895945880045421,0.7678362127883603,0.22272364713618042,0.2009652719199987
0.36734693877551017,0.6632653061224489,0.5481150598592743,0.7542787905349864,0.7332780663207058,0.20616373067571203,0.18516300646143147
0.3877551020408163,0.6632653061224489,0.529426350728055,0.7104897774655734,0.6905225643403163,0.1810634267375184,0.16109621361226134
0.4081632653061224,0.6632653061224489,0.5108048134747034,0.6584471575362185,0.6397864877374358,0.1476423440615151,0.12898167426273244
0.42857142857142855,0.6632653061224489,0.49225044809921953,0.5990777676629179,0.5819717734413468,0.10682731956369834,0.08972132534212723
0.44897959183673464,0.6632653061224489,0.47376325460160357,0.5339899233972221,0.5186402720655632,0.0602266687956185,0.04487701746395961
0.4693877551020408,0.6632653061224489,0.4553432329818553,0.4653503044789876,0.4518941768233138,0.010007071497132314,-0.003449056158541519
0.4897959183673469,0.6632653061224489,0.43699038323997486,0.39567863169491774,0.3841768452675876,-0.04131175154505712,-0.05281353797238725
0.5102040816326531,0.6632653061224489,0.4187047053759622,0.3275905747759953,0.3180235389555672,-0.09111413059996692,-0.10068116642039504
0.5306122448979591,0.6632653061224489,0.4004861993898175,0.26352872641295977,0.25580069921264864,-0.13695747297685773,-0.14468550017716886
0.5510204081632653,0.6632653061224489,0.3823348652815405,0.20552308015664128,0.19947391621294525,-0.1768117851248992,-0.18286094906859524
0.5714285714285714,0.6632653061224489,0.3642507030511312,0.15501609929715748,0.15043858030451251,-0.20923460375397374,-0.2138121227466187
0.5918367346938775,0.6632653061224489,0.34623371269858977,0.11277472426633706,0.10943484736569238,-0.2334589884322527,-0.2367988653328974
0.6122448979591836,0.6632653061224489,0.3282838942239163,0.07889541361559704,0.07655279284556399,-0.24938848060831925,-0.2517311013783523
0.6326530612244897,0.6632653061224489,0.31040124762711047,0.05289203830028587,0.05131785521620434,-0.2575092093268246,-0.2590833924109061
0.6530612244897959,0.6632653061224489,0.29258577290817245,0.03384344684037399,0.03283407291592455,-0.25874232606779846,-0.2597516999922479
0.673469387755102,0.6632653061224489,0.27483747006710224,0.020570164389436676,0.019955499562365676,-0.2542673056776656,-0.25488197050473654
0.6938775510204082,0.6632653061224489,0.2571563391038998,0.011808955102739892,0.011455481738059738,-0.2453473840011599,-0.24570085736584005
0.7142857142857142,0.6632653061224489,0.2395423800185653,0.00635930832050929,0.006168660999429415,-0.233183071698056,-0.23337371901913587
0.7346938775510203,0.6632653061224489,0.22199559281109849,0.003185459917214511,0.0030898269290272366,-0.21881013289388399,-0.21890576588207125
0.7551020408163265,0.6632653061224489,0.20451597748149947,0.0014687332764474223,0.0014245823837256393,-0.20304724420505205,-0.20309139509777382
0.7755102040816326,0.6632653061224489,0.18710353402976823,0.0006151178393046209,0.0005966052066324363,-0.1864884161904636,-0.1865069288231358
0.7959183673469387,0.6632653061224489,0.16975826245590495,0.00023002889910566298,0.00022309842081265333,-0.16952823355679927,-0.1695351640350923
0.8163265306122448,0.6632653061224489,0.15248016275990936,7.50930388757218e-05,7.282832322955257e-05,-0.15240506972103363,-0.1524073344366798
0.836734693877551,0.6632653061224489,0.13526923494178153,2.07534154235547e-05,2.0126941440363523e-05,-0.135248481526358,-0.13524910800034118
0.8571428571428571,0.6632653061224489,0.1181254790015215,4.650995740571371e-06,4.510478816288983e-06,-0.11812082800578093,-0.1181209685227052
0.8775510204081632,0.6632653061224489,0.10104889493912932,7.934828670954073e-07,7.694910951774881e-07,-0.10104810145626222,-0.10104812544803414
0.8979591836734693,0.6632653061224489,0.08403948275460503,9.343223177933641e-08,9.060514520108028e-08,-0.08403938932237325,-0.08403939214945982
0.9183673469387754,0.6632653061224489,0.06709724244794842,6.442621504207307e-09,6.247546991813712e-09,-0.06709723600532691,-0.06709723620040142
0.9387755102040816,0.6632653061224489,0.05022217401915957,1.9116080141812704e-10,1.8536901839641162e-10,-0.05022217382799877,-0.05022217383379055
0.9591836734693877,0.6632653061224489,0.03341427746823861,1.221678247273207e-12,1.1846419412868587e-12,-0.03341427746701693,-0.033414277467053964
0.9795918367346939,0.6632653061224489,0.016673552795185415,1.8474574150836922e-16,1.791418962563025e-16,-0.01667355279518523,-0.016673552795185235
1.0,0.6632653061224489,0.0,0.0,0.0,0.0,0.0
0.0,0.673469387755102,0.8983455605779305,0.88882354189827,0.8701339808069504,-0.009522018679660516,-0.0282115797709801
0.02040816326530612,0.673469387755102,0.8783956291785072,0.8877327627103356,0.8687732878060599,0.009337133531828412,-0.00962234137244733
0.04081632653061224,0.673469387755102,0.8585130456345208,0.8866238490922125,0.867391064421215,0.02811080345769168,0.008878018786694253
0.061224489795918366,0.673469387755102,0.8386978099459714,0.8854964580371967,0.8659869144674255,0.04679864809122525,0.027289104521454055
0.08163265306122448,0.673469387755102,0.8189499221128589,0.8843501734734366,0.8645603701796988,0.0654002513605777,0.04561044806683989
0.1020408163265306,0.673469387755102,0.7992693821351833,0.883183967454511,0.8631103700472627,0.08391458531932772,0.06384098791207937
0.12244897959183673,0.673469387755102,0.7796561900129446,0.8819936807461948,0.8616328173335135,0.10233749073325016,0.08197662732056887
0.14285714285714285,0.673469387755102,0.7601103457461429,0.8807642105785203,0.8601130099478315,0.12065386483237739,0.10000266420168857
0.16326530612244897,0.673469387755102,0.740631849334778,0.8794516074526861,0.8585082935108633,0.13881975811790814,0.11787644417608534
0.18367346938775508,0.673469387755102,0.72122070077885,0.8779507547681565,0.8567167486089083,0.1567300539893065,0.1354960478300583
0.2040816326530612,0.673469387755102,0.7018769000783589,0.8760478632836188,0.8545311735692467,0.17417096320525993,0.15265427349088778
0.22448979591836732,0.673469387755102,0.6826004472333048,0.8733633596461432,0.8515837763358648,0.19076291241283838,0.16898332910255998
0.24489795918367346,0.673469387755102,0.6633913422436877,0.8692980146016942,0.8472940299616294,0.20590667235800653,0.18390268771794172
0.26530612244897955,0.673469387755102,0.6442495851095074,0.8630005543057591,0.8408373735094784,0.2187509691962517,0.19658778839997104
0.2857142857142857,0.673469387755102,0.6251751758307639,0.8533759148321292,0.831153322065473,0.22820073900136528,0.20597814623470911
0.3061224489795918,0.673469387755102,0.6061681144074574,0.8391483412788616,0.8170067360929125,0.23298022687140418,0.21083862168545509
0.32653061224489793,0.673469387755102,0.5872284008395878,0.8189831214686026,0.7971059030871005,0.2317547206290148,0.20987750224751267
0.3469387755102041,0.673469387755102,0.5683560351271552,0.7916570921346325,0.7702678493545317,0.22330105700747738,0.20191181422737658
0.36734693877551017,0.673469387755102,0.5495510172701594,0.7562545585219769,0.7356082195914087,0.20670354125181745,0.18605720232124923
0.3877551020408163,0.673469387755102,0.5308133472686006,0.7123555451447392,0.6927236445849655,0.18154219787613857,0.16191029731636486
0.4081632653061224,0.673469387755102,0.5121430251224787,0.6601801739599782,0.6418315030457249,0.14803714883749952,0.12968847792324623
0.42857142857142855,0.673469387755102,0.4935400508317937,0.6006577057358778,0.5838365910247709,0.10711765490408415,0.09029654019297723
0.44897959183673464,0.673469387755102,0.4750044243965456,0.5354007271080145,0.5203058052948766,0.06039630271146884,0.04530138089833097
0.4693877551020408,0.673469387755102,0.4565361458167344,0.4665817099146192,0.45334818698486035,0.010045564097884818,-0.0031879588318740604
0.4897959183673469,0.673469387755102,0.43813521509236014,0.39672713913320984,0.3854150943860608,-0.0414080759591503,-0.052720120706299334
0.5102040816326531,0.673469387755102,0.41980163222342276,0.328459730578555,0.3190501262980671,-0.09134190164486777,-0.10075150592535564
0.5306122448979591,0.673469387755102,0.4015353972099224,0.26422868042004305,0.25662754061905135,-0.13730671678987932,-0.14490785659087102
0.5510204081632653,0.673469387755102,0.38333651005185887,0.20606949587978568,0.20011945742677828,-0.1772670141720732,-0.1832170526250806
0.5714285714285714,0.673469387755102,0.36520497074923214,0.15542858899467327,0.15092594766321363,-0.20977638175455887,-0.2142790230860185
0.5918367346938775,0.673469387755102,0.3471407793020424,0.11307504171234908,0.1097897111240912,-0.23406573758969332,-0.2373510681779512
0.6122448979591836,0.673469387755102,0.32914393571028977,0.07910565448205624,0.07680123873721359,-0.2500382812282335,-0.2523426969730762
0.6326530612244897,0.673469387755102,0.3112144399739738,0.05303307138702887,0.05148452838062887,-0.25818136858694496,-0.2597299115933449
0.6530612244897959,0.673469387755102,0.2933522920930948,0.03393373761067713,0.03294078531395228,-0.2594185544824177,-0.26041150677914254
0.673469387755102,0.673469387755102,0.27555749206765273,0.020625070512578517,0.020020395337056855,-0.25493242155507423,-0.2555370967305959
0.6938775510204082,0.673469387755102,0.2578300398976476,0.011840489743687975,0.011492755675129342,-0.2459895501539596,-0.24633728422251824
0.7142857142857142,0.673469387755102,0.24016993558307945,0.006376297070046517,0.006188742605323019,-0.23379363851303292,-0.23398119297775644
0.7346938775510203,0.673469387755102,0.22257717912394814,0.0031939729185866857,0.003099890162459082,-0.21938320620536145,-0.21947728896148905
0.7551020408163265,0.673469387755102,0.2050517705202537,0.0014726597107251904,0.0014292240015758501,-0.2035791108095285,-0.20362254651867784
0.7755102040816326,0.673469387755102,0.18759370977199616,0.0006167627639674325,0.0005985498136299966,-0.18697694700802872,-0.18699515995836616
0.7959183673469387,0.673469387755102,0.1702029968791757,0.00023064420525403253,0.0002238258498114511,-0.16997235267392166,-0.16997917102936425
0.8163265306122448,0.673469387755102,0.15287963184179204,7.529395731714823e-05,7.306586039018537e-05,-0.1528043378844749,-0.15280656598140185
0.836734693877551,0.673469387755102,0.13562361465984524,2.0808956224742076e-05,2.0192606646142465e-05,-0.1356028057036205,-0.13560342205319909
0.8571428571428571,0.673469387755102,0.11843494533333535,4.66344555986775e-06,4.525198440977695e-06,-0.11843028188777548,-0.11843042013489437
0.8775510204081632,0.673469387755102,0.10131362386226243,7.956072956263878e-07,7.720028979601759e-07,-0.1013128282549668,-0.10131285185936448
0.8979591836734693,0.673469387755102,0.08425965024662652,9.368242894940119e-08,9.090097015984184e-08,-0.08425955656419756,-0.08425955934565636
0.9183673469387754,0.673469387755102,0.06727302448642737,6.459876849226628e-09,6.267949540847674e-09,-0.06727301802655052,-0.06727301821847784
0.9387755102040816,0.673469387755102,0.050353746581665124,1.9167287225566506e-10,1.8597449673156212e-10,-0.05035374638999225,-0.050353746395690624
0.9591836734693877,0.673469387755102,0.03350181653233986,1.2249513038513536e-12,1.188512104963879e-12,-0.03350181653111491,-0.03350181653115135
0.9795918367346939,0.673469387755102,0.01671723433845149,1.852407724091493e-16,1.797272452916125e-16,-0.016717234338451306,-0.01671723433845131
1.0,0.673469387755102,0.0,0.0,0.0,0.0,0.0
0.0,0.6836734693877551,0.9006399256737604,0.8909416329285176,0.8726081381518,-0.00969829274524281,-0.02803178752196034
0.02040816326530612,0.6836734693877551,0.8806390423597559,0.8898580279401115,0.8712574432240984,0.00921898558035561,-0.009381599135657503
0.04081632653061224,0.6836734693877551,0.8607056789069013,0.8887562382863179,0.8698851453065797,0.028050559379416584,0.009179466399678371
0.061224489795918366,0.6836734693877551,0.8408398353151969,0.887635916482304,0.86849084251655,0.046796081167107095,0.02765100720135305
0.08163265306122448,0.6836734693877551,0.8210415115846426,0.8864966416325797,0.8670740609740655,0.06545513004793713,0.046032549389422917
0.1020408163265306,0.6836734693877551,0.8013107077152383,0.8853373791872144,0.8656337309384662,0.08402667147197618,0.06432302322322792
0.12244897959183673,0.6836734693877551,0.7816474237069839,0.8841539548362556,0.8641657374071086,0.10250653112927166,0.08251831370012463
0.14285714285714285,0.6836734693877551,0.7620516595598797,0.8829312215104828,0.8626553254243344,0.12087956195060301,0.10060366586445468
0.16326530612244897,0.6836734693877551,0.7425234152739256,0.8816251086111407,0.8610596968273583,0.13910169333721512,0.11853628155343265
0.18367346938775508,0.6836734693877551,0.7230626908491214,0.8801302156826428,0.859276595744123,0.15706752483352138,0.13621390489500151
0.2040816326530612,0.6836734693877551,0.7036694862854673,0.8782321803939899,0.8570981416195199,0.17456269410852254,0.1534286553340526
0.22448979591836732,0.6836734693877551,0.6843438015829634,0.8755504147389187,0.8541553407038283,0.19120661315595533,0.16981153912086488
0.24489795918367346,0.6836734693877551,0.6650856367416095,0.8714840890488761,0.8498657707262166,0.2063984523072666,0.18478013398460713
0.26530612244897955,0.6836734693877551,0.6458949917614055,0.8651796556220002,0.8434021778100848,0.21928466386059464,0.19750718604867923
0.2857142857142857,0.6836734693877551,0.6267718666423516,0.8555391230153778,0.8337006096489901,0.2287672563730262,0.20692874300663844
0.3061224489795918,0.6836734693877551,0.6077162613844479,0.8412833203503514,0.8195218801227011,0.23356705896590346,0.2118056187382532
0.32653061224489793,0.6836734693877551,0.5887281759876941,0.8210739520978207,0.7995700307547661,0.23234577611012663,0.21084185476707196
0.3469387755102041,0.6836734693877551,0.5698076104520904,0.7936845555649712,0.7726581765130417,0.2238769451128808,0.2028505660609513
0.36734693877551017,0.6836734693877551,0.5509545647776367,0.7581969405178066,0.7378990009022984,0.2072423757401699,0.18694443612466172
0.3877551020408163,0.6836734693877551,0.5321690389643332,0.7141899412599725,0.6948877172459126,0.18202090229563928,0.16271867828157938
0.4081632653061224,0.6836734693877551,0.5134510330121796,0.6618841814946029,0.6438422886344981,0.14843314848242328,0.13039125562231846
0.42857142857142855,0.6836734693877551,0.49480054692117614,0.602211304091273,0.585670320960992,0.10741075717009685,0.09086977403981589
0.44897959183673464,0.6836734693877551,0.47621758069132275,0.5367880959866391,0.5219436735021667,0.060570515295316374,0.045726092810844
0.4693877551020408,0.6836734693877551,0.4577021343226193,0.4677927267172735,0.454778123668337,0.010090592394654208,-0.0029240106542823274
0.4897959183673469,0.6836734693877551,0.439254207815066,0.39775833634984775,0.38663290141693085,-0.04149587146521827,-0.05262130639813517
0.5102040816326531,0.6836734693877551,0.4208738011686627,0.32931457407599163,0.32005980940432305,-0.09155922709267106,-0.10081399176433964
0.5306122448979591,0.6836734693877551,0.4025609143834095,0.2649171347917258,0.2574407980804404,-0.13764377959168372,-0.14512011630296912
0.5510204081632653,0.6836734693877551,0.3843155474593064,0.20660695283819774,0.20075441489642676,-0.17770859462110866,-0.18356113256287965
0.5714285714285714,0.6836734693877551,0.3661377003963532,0.15583432807632525,0.15140533914783377,-0.21030337232002794,-0.2147323612485194
0.5918367346938775,0.6836734693877551,0.3480273731945501,0.1133704523434055,0.11013877694748524,-0.23465692085114465,-0.23788859624706488
0.6122448979591836,0.6836734693877551,0.32998456585389724,0.07931246531488077,0.07704563134950196,-0.25067210053901645,-0.2529389345043953
0.6326530612244897,0.6836734693877551,0.31200927837439424,0.053171806586567595,0.051648485933482466,-0.2588374717878266,-0.26036079244091176
0.6530612244897959,0.6836734693877551,0.2941015107560413,0.034022559001390194,0.033045761109150584,-0.2600789517546511,-0.2610557496468907
0.673469387755102,0.6836734693877551,0.27626126299883846,0.020679084062110456,0.020084236153459063,-0.255582178936728,-0.2561770268453794
0.6938775510204082,0.6836734693877551,0.2584885351027856,0.011871512246041657,0.011529424269871753,-0.24661702285674392,-0.24695911083291383
0.7142857142857142,0.6836734693877551,0.24078332706788297,0.006393010158179301,0.006208498367280948,-0.23439031690970366,-0.23457482870060203
0.7346938775510203,0.6836734693877551,0.22314563889413028,0.0032023478985984963,0.003109790241698683,-0.21994329099553178,-0.2200358486524316
0.7551020408163265,0.6836734693877551,0.20557547058152761,0.0014765225326861641,0.0014337904208281444,-0.20409894804884146,-0.20414168016069947
0.7755102040816326,0.6836734693877551,0.18807282213007495,0.0006183810571669545,0.000600462937440357,-0.18745444107290798,-0.1874723591926346
0.7959183673469387,0.6836734693877551,0.17063769353977254,0.00023124955573616802,0.00022454150904431796,-0.17040644398403637,-0.1704131520307282
0.8163265306122448,0.6836734693877551,0.15327008481062007,7.54916267542639e-05,7.329955640786408e-05,-0.1531945931838658,-0.1531967852542122
0.836734693877551,0.6836734693877551,0.1359699959426176,2.0863599363270288e-05,2.0257210559644647e-05,-0.13594913234325434,-0.13594973873205796
0.8571428571428571,0.6836734693877551,0.11873742693576517,4.675694260785309e-06,4.539680280723653e-06,-0.11873275124150438,-0.11873288725548445
0.8775510204081632,0.6836734693877551,0.10157237779006287,7.976974210100229e-07,7.744741427468825e-07,-0.10157158009264186,-0.10157160331592012
0.8979591836734693,0.6836734693877551,0.08447484850551068,9.392858788719415e-08,9.119202045248514e-08,-0.08447475457692279,-0.08447475731349023
0.9183673469387754,0.6836734693877551,0.06744483908210844,6.476853798752488e-09,6.288022918215621e-09,-0.06744483260525463,-0.06744483279408552
0.9387755102040816,0.6836734693877551,0.05048234951985621,1.9217668443177432e-10,1.8657020994092009e-10,-0.050482349327679525,-0.050482349333286
0.9591836734693877,0.6836734693877551,0.033587379818754114,1.2281715907366989e-12,1.192319872153596e-12,-0.03358737981752594,-0.0335873798175618
0.9795918367346939,0.6836734693877551,0.016759929978802043,1.8572782475501006e-16,1.8030316009128212e-16,-0.016759929978801855,-0.016759929978801862
1.0,0.6836734693877551,0.0,0.0,0.0,0.0,0.0
0.0,0.6938775510204082,0.902882506398707,0.8930193709048093,0.8750351588045027,-0.009863135493897723,-0.027847347594204375
0.02040816326530612,0.6938775510204082,0.8828318211670623,0.8919430577541092,0.8736945691185991,0.009111236587046934,-0.009137252048463163
0.04081632653061224,0.6938775510204082,0.8628488239200705,0.8908485147230172,0.8723323103358492,0.02799969080294673,0.009483486415778786
0.061224489795918366,0.6938775510204082,0.8429335146577317,0.8897353899501756,0.8709479750032963,0.04680187529244395,0.02801446034556465
0.08163265306122448,0.6938775510204082,0.8230858933800458,0.8886032578215028,0.8695410832574855,0.06551736444145706,0.046455189877439684
0.1020408163265306,0.6938775510204082,0.8033059600870129,0.8874510773145317,0.8681105572899163,0.08414511722751872,0.06480459720290332
0.12244897959183673,0.6938775510204082,0.7835937147786329,0.8862746593058035,0.8666522641492108,0.10268094452717058,0.08305854937057788
0.14285714285714285,0.6938775510204082,0.763949157454906,0.8850588131468136,0.8651513968736901,0.12110965569190757,0.10120223941878415
0.16326530612244897,0.6938775510204082,0.744372288115832,0.8837593490641987,0.8635650158028596,0.13938706094836673,0.1191927276870276
0.18367346938775508,0.6938775510204082,0.724863106761411,0.8822705872261114,0.8617905339146193,0.15740748046470043,0.13692742715320838
0.2040816326530612,0.6938775510204082,0.7054216133916429,0.8803776012219922,0.8596194024441121,0.17495598783034927,0.15419778905246917
0.22448979591836732,0.6938775510204082,0.6860478080065278,0.8776988043045788,0.8566814447924179,0.19165099629805105,0.17063363678589016
0.24489795918367346,0.6938775510204082,0.6667416906060657,0.873631791428712,0.8523923730151645,0.20689010082264625,0.18565068240909877
0.26530612244897955,0.6938775510204082,0.6475032611902565,0.8673207765099092,0.8459222823070955,0.21981751531965277,0.19841902111683907
0.2857142857142857,0.6938775510204082,0.6283325197591002,0.8576648860993483,0.8362038068703213,0.22933236634024812,0.20787128711122105
0.3061224489795918,0.6938775510204082,0.609229466312597,0.8433815861873187,0.8219937765991318,0.23415211987472173,0.21276431028653475
0.32653061224489793,0.6938775510204082,0.5901941008507468,0.8231290529228454,0.8019920522474121,0.2329349520720987,0.21179795139666535
0.3469387755102041,0.6938775510204082,0.5712264233735493,0.7956775742257359,0.7750078967595966,0.2244511508521866,0.20378147338604724
0.36734693877551017,0.6938775510204082,0.552326433881005,0.7601065012203413,0.7401510761591756,0.2077800673393363,0.18782464227817064
0.3877551020408163,0.6938775510204082,0.5334941323731136,0.7159934937851403,0.6970154051149398,0.18249936141202672,0.16352127274182615
0.4081632653061224,0.6938775510204082,0.5147295188498752,0.6635596661311771,0.6458194179312542,0.14883014728130195,0.13108989908137902
0.42857142857142855,0.6938775510204082,0.4960325933112897,0.6037390021904517,0.5874734819037151,0.10770640887916205,0.09144088859242538
0.44897959183673464,0.6938775510204082,0.47740335575735726,0.5381524195849263,0.5235543365377664,0.06074906382756906,0.046150980780409134
0.4693877551020408,0.6938775510204082,0.4588418061880776,0.4689836926823768,0.45618438570436237,0.010141886494299146,-0.002657420483715256
0.4897959183673469,0.6938775510204082,0.44034794460345106,0.39877250929102015,0.3878306040303673,-0.04157543531243091,-0.05251734057308377
0.5102040816326531,0.6938775510204082,0.42192177100347744,0.3301553410694676,0.32105286677054956,-0.09176642993400985,-0.10086890423292788
0.5306122448979591,0.6938775510204082,0.40356328538815683,0.26559427854417184,0.2582406948664397,-0.137969006843985,-0.14532259052171714
0.5510204081632653,0.6938775510204082,0.3852724877574892,0.20713559797572478,0.20137896221511736,-0.1781368897817644,-0.18389352554237182
0.5714285714285714,0.6938775510204082,0.36704937811147437,0.1562334270598839,0.15187688533286584,-0.21081595105159046,-0.21517249277860853
0.5918367346938775,0.6938775510204082,0.34889395645011256,0.11366103635672273,0.11048213959593711,-0.23523292009338984,-0.23841181685417545
0.6122448979591836,0.6938775510204082,0.33080622277340394,0.07951590209034744,0.07728603682871656,-0.2512903206830565,-0.2535201859446874
0.6326530612244897,0.6938775510204082,0.31278617708134804,0.05330828134843049,0.05180977213150544,-0.2594778957329176,-0.2609764049498426
0.6530612244897959,0.6938775510204082,0.2948338193739452,0.03410993493033751,0.033149028568734605,-0.2607238844436077,-0.2616847908052106
0.673469387755102,0.6938775510204082,0.27694914965119527,0.02073221955088415,0.020147039164548977,-0.2562169301003111,-0.2568021104866463
0.6938775510204082,0.6938775510204082,0.2591321679130983,0.011902030928630163,0.011565497354964809,-0.24723013698446814,-0.24756667055813347
0.7142857142857142,0.6938775510204082,0.24138287415965443,0.006409452058499068,0.006227933573243772,-0.23497342210115535,-0.23515494058641065
0.7346938775510203,0.6938775510204082,0.2237012683908634,0.0032105870952875105,0.0031195298122981894,-0.2204906812955759,-0.22058173857856522
0.7551020408163265,0.6938775510204082,0.20608735060672534,0.001480322773034612,0.0014382828599109596,-0.20460702783369072,-0.20464906774681438
0.7755102040816326,0.6938775510204082,0.1885411208072402,0.0006199731501116636,0.0006023450878270118,-0.18792114765712853,-0.1879387757194132
0.7959183673469387,0.6938775510204082,0.1710625789924082,0.00023184511164874103,0.00022524558896177524,-0.17083073388075945,-0.17083733340344642
0.8163265306122448,0.6938775510204082,0.15365172516222905,7.568609972977676e-05,7.352947340109753e-05,-0.15357603906249928,-0.15357819568882797
0.836734693877551,0.6938775510204082,0.13630855931670285,2.091735934825317e-05,2.0320770334710986e-05,-0.1362876419573546,-0.13628823854636815
0.8571428571428571,0.6938775510204082,0.11903308145582957,4.687745092421025e-06,4.553928176967645e-06,-0.11902839371073715,-0.1190285275276526
0.8775510204081632,0.6938775510204082,0.10182529157960933,7.99753797162326e-07,7.769054844534987e-07,-0.10182449182581217,-0.10182451467412487
0.8979591836734693,0.6938775510204082,0.08468518968804213,9.417077377274838e-08,9.147837314549818e-08,-0.08468509551726836,-0.08468509820966899
0.9183673469387754,0.6938775510204082,0.06761277578112776,6.493556844495123e-09,6.307772434857956e-09,-0.06761276928757091,-0.06761276947335533
0.9387755102040816,0.6938775510204082,0.05060804985886634,1.9267237114428441e-10,1.8715631551882035e-10,-0.05060804966619397,-0.05060804967171002
0.9591836734693877,0.6938775510204082,0.03367101192125795,1.2313399587158366e-12,1.1960662488513382e-12,-0.03367101192002661,-0.03367101192006189
0.9795918367346939,0.6938775510204082,0.016801661968302507,1.8620702713931992e-16,1.8086979271039133e-16,-0.01680166196830232,-0.016801661968302326
1.0,0.6938775510204082,0.0,0.0,0.0,0.0,0.0
0.0,0.7040816326530612,0.9050744715384501,0.895057524617976,0.8774159407951495,-0.010016946920474057,-0.027658530743300602
0.02040816326530612,0.7040816326530612,0.8849751084303993,0.8939886139482588,0.876085555914339,0.00901350551785951,-0.008889552516060273
0.04081632653061224,0.7040816326530612,0.8649435976359163,0.8929014330928335,0.8747334421806754,0.027957835456917213,0.009789844544759063
0.061224489795918366,0.7040816326530612,0.8449799391550017,0.8917956259154146,0.8733591866983308,0.04681568676041292,0.0283792475433291
0.08163265306122448,0.7040816326530612,0.825084132987655,0.8906707621883894,0.8719623037517733,0.06558662920073433,0.046878170764118265
0.1020408163265306,0.7040816326530612,0.8052561791338764,0.8895257945474199,0.8705417076263218,0.0842696154135435,0.0652855284924454
0.12244897959183673,0.7040816326530612,0.7854960775936658,0.8883565193154674,0.8690932477364405,0.10286044172180164,0.08359717014277468
0.14285714285714285,0.7040816326530612,0.7658038283670233,0.8871477029752937,0.8676020659622945,0.12134387460827034,0.10179823759527118
0.16326530612244897,0.7040816326530612,0.7461794314539489,0.8858550384759816,0.8660250833979212,0.13967560702203263,0.11984565194397223
0.18367346938775508,0.7040816326530612,0.7266228868544425,0.8843725710199045,0.8642593870986359,0.15774968416546198,0.13763650024419338
0.2040816326530612,0.7040816326530612,0.7071341945685042,0.8824848189877925,0.8620957705976244,0.17535062441928828,0.1549615760291202
0.22448979591836732,0.7040816326530612,0.687713354596134,0.879809212556575,0.8591628929987154,0.19209585796044093,0.17144953840258137
0.24489795918367346,0.7040816326530612,0.6683603669373318,0.8757417959530788,0.8548746298732519,0.20738142901574697,0.1865142629359201
0.26530612244897955,0.7040816326530612,0.6490752315920977,0.8694245796338359,0.848398466845717,0.22034934804173822,0.19932323525361928
0.2857142857142857,0.7040816326530612,0.6298579485604316,0.8597538529496837,0.8386636776927479,0.229895904389252,0.2088057291323162
0.3061224489795918,0.7040816326530612,0.6107085178423337,0.8454437707901861,0.8244231699555722,0.23473525294785236,0.21371465211323848
0.32653061224489793,0.7040816326530612,0.5916269394378038,0.8251490351693929,0.8043726878218874,0.2335220957315891,0.21274574838408367
0.3469387755102041,0.7040816326530612,0.5726132133468419,0.7976367339017996,0.7773177006311678,0.22502352055495767,0.2047044872843259
0.36734693877551017,0.7040816326530612,0.553667339569448,0.7619837957666241,0.7423650999941659,0.2083164561971761,0.18869776042471786
0.3877551020408163,0.7040816326530612,0.5347893181056224,0.7177667218002344,0.6991073204933098,0.18297740369461202,0.16431800238768746
0.4081632653061224,0.7040816326530612,0.5159791489553647,0.665207105711872,0.6477634547489753,0.14922795675650735,0.13178430579361067
0.42857142857142855,0.7040816326530612,0.4972368321186751,0.6052412321568166,0.5892465838467835,0.10800440003814149,0.09200975172810844
0.44897959183673464,0.7040816326530612,0.4785623675955536,0.5394940809745927,0.5251382466028163,0.06093171337903913,0.04657587900726268
0.4693877551020408,0.7040816326530612,0.45995575538600003,0.47015494000515234,0.45756736531171877,0.010199184619152313,-0.002388390074281266
0.4897959183673469,0.7040816326530612,0.4414169954900146,0.3997699391766074,0.38900853431549043,-0.041647056313407205,-0.05240846117452419
0.5102040816326531,0.7040816326530612,0.42294608790759725,0.3309822634731698,0.32202957230233165,-0.09196382443442747,-0.1009165156052656
0.5306122448979591,0.7040816326530612,0.404543032638748,0.26626029758527414,0.25902745057521903,-0.13828273505347388,-0.145515582063529
0.5510204081632653,0.7040816326530612,0.38620782968346684,0.20765557582499153,0.20199327012762686,-0.1785522538584753,-0.18421455955583999
0.5714285714285714,0.7040816326530612,0.3679404790417536,0.15662599465310073,0.15234071465434593,-0.21131448438865286,-0.21559976438740766
0.5918367346938775,0.7040816326530612,0.3497409807136085,0.11394687263833564,0.11081989228026093,-0.23579410807527285,-0.23892108843334756
0.6122448979591836,0.7040816326530612,0.3316093346990316,0.07971601987096263,0.07752252024137374,-0.251893314828069,-0.25408681445765785
0.6326530612244897,0.7040816326530612,0.31354554099802256,0.053442532511658675,0.05196843050999232,-0.2601030084863639,-0.26157711048803023
0.6530612244897959,0.7040816326530612,0.29554959961058164,0.03419588892593195,0.03325061549970022,-0.2613537106846497,-0.26229898411088143
0.673469387755102,0.7040816326530612,0.2776215105367088,0.020784491255731168,0.020208821244350226,-0.25683701928097763,-0.25741268929235855
0.6938775510204082,0.7040816326530612,0.25976127377640396,0.011932053975133411,0.011600984603344251,-0.24782921980127054,-0.2481602891730597
0.7142857142857142,0.7040816326530612,0.24196888932966737,0.00642562717198597,0.006247053425323714,-0.2355432621576814,-0.23572183590434365
0.7346938775510203,0.7040816326530612,0.2242443571964987,0.003218692710396261,0.0031291114769062102,-0.22102566448610245,-0.2211152457195925
0.7551020408163265,0.7040816326530612,0.2065876773768981,0.0014840614457724353,0.00144270251750845,-0.20510361593112567,-0.20514497485938965
0.7755102040816326,0.7040816326530612,0.18899884987086552,0.0006215394670273302,0.0006041967662987243,-0.18837731040383818,-0.1883946531045668
0.7959183673469387,0.7040816326530612,0.17147787467840117,0.0002324310314814247,0.0002259382769323313,-0.17124544364691974,-0.17125193640146885
0.8163265306122448,0.7040816326530612,0.15402475179950478,7.587742793661376e-05,7.37556724837466e-05,-0.15394887437156818,-0.15395099612702104
0.836734693877551,0.7040816326530612,0.13663948123417644,2.097025045427591e-05,2.0383302847904646e-05,-0.13661851098372216,-0.13661909793132854
0.8571428571428571,0.7040816326530612,0.1193220629824161,4.6996012513794964e-06,4.567945909088347e-06,-0.11931736338116472,-0.11931749503650702
0.8775510204081632,0.7040816326530612,0.10207249704422391,8.017769690544749e-07,7.792975674201203e-07,-0.10207169526725486,-0.10207171774665649
0.8979591836734693,0.7040816326530612,0.08489078341959987,9.440905073400792e-08,9.17601040614194e-08,-0.08489068901054914,-0.08489069165949581
0.9183673469387754,0.7040816326530612,0.06777692210854376,6.509990405692406e-09,6.327203316024798e-09,-0.06777691559855335,-0.06777691578134044
0.9387755102040816,0.7040816326530612,0.05073091311105569,1.931600634427363e-10,1.8773296841944366e-10,-0.050730912917895624,-0.05073091292332272
0.9591836734693877,0.7040816326530612,0.03375275642713575,1.2344572448582758e-12,1.1997522248329544e-12,-0.033752756425901295,-0.033752756425936
0.9795918367346939,0.7040816326530612,0.016842452056783856,1.866785060828479e-16,1.8142729275327806e-16,-0.01684245205678367,-0.016842452056783676
1.0,0.7040816326530612,0.0,0.0,0.0,0.0,0.0
0.0,0.7142857142857143,0.9072169634988957,0.8970568482121426,0.879751365044909,-0.01016011528675309,-0.02746559845398666
0.02040816326530612,0.7142857142857143,0.8870700211857924,0.8959954438939104,0.8784312771760692,0.008925422708118025,-0.008638744009723198
0.04081632653061224,0.7142857142857143,0.8669910918062291,0.8949157338851023,0.8770894069035297,0.02792464207887313,0.010098315097300525
0.061224489795918366,0.7142857142857143,0.846980175360206,0.8938173578760342,0.8757253360158709,0.046837182515828246,0.028745160655664903
0.08163265306122448,0.7142857142857143,0.827037271847723,0.892699881130587,0.8743385730768389,0.06566260928286394,0.04730130122911591
0.1020408163265306,0.7142857142857143,0.8071623812687801,0.8915622500728514,0.8729280246267805,0.08439986880407124,0.06576564335800039
0.12244897959183673,0.7142857142857143,0.7873555036233773,0.890400246729822,0.8714895227578189,0.10304474310644474,0.08413401913444163
0.14285714285714285,0.7142857142857143,0.7676166389115147,0.889198595416748,0.8700081590287799,0.12158195650523329,0.10239152011726527
0.16326530612244897,0.7142857142857143,0.747945787133192,0.8879128736743093,0.8684407175074383,0.13996708654111722,0.1204949303742463
0.18367346938775508,0.7142857142857143,0.7283429482884096,0.8864368560822794,0.8666839644743276,0.15809390779386978,0.138341016185918
0.2040816326530612,0.7142857142857143,0.7088081223771672,0.8845545145463862,0.8645280461061285,0.17574639216921906,0.15571992372896137
0.22448979591836732,0.7142857142857143,0.689341309399465,0.8818823115896038,0.8616004754733132,0.1925410021901388,0.17225916607384817
0.24489795918367346,0.7142857142857143,0.6699425093553029,0.8778147649760494,0.8573133203984308,0.20787225562074652,0.18737081104312792
0.26530612244897955,0.7142857142857143,0.6506117222446808,0.8714917160843465,0.8508314976517148,0.22087999383966572,0.20021977540703406
0.2857142857142857,0.7142857142857143,0.6313489480675989,0.8618066611762474,0.8410809728281342,0.2304577131086485,0.20973202476053532
0.3061224489795918,0.7142857142857143,0.6121541868240571,0.8474704952681382,0.8268107917975027,0.23531630844408113,0.21465660497344563
0.32653061224489793,0.7142857142857143,0.5930274385140554,0.8271344995959251,0.8067126454014638,0.23410706108186974,0.21368520688740844
0.3469387755102041,0.7142857142857143,0.5739687031375937,0.7995626104056257,0.779588266909778,0.22559390726803197,0.20561956377218427
0.36734693877551017,0.7142857142857143,0.5549779806946722,0.7638293698949082,0.7445417159567701,0.20885138920023605,0.1895637352620979
0.3877551020408163,0.7142857142857143,0.5360552711852908,0.719510135641332,0.7011640653686362,0.1834548644560412,0.16510879418334534
0.4081632653061224,0.7142857142857143,0.5172005746094496,0.6668269700667044,0.6496749534474725,0.14962639545725487,0.13247437883802293
0.42857142857142855,0.7142857142857143,0.49841389096714844,0.6067184188984496,0.5909901282688875,0.10830452793130113,0.09257623730173908
0.44897959183673464,0.7142857142857143,0.47969522025838746,0.5408134568551167,0.526695848376596,0.06111823659672927,0.04700062811820854
0.4693877551020408,0.7142857142857143,0.46104456248316644,0.4713067953735272,0.45892744820703635,0.010262232890360767,-0.0021171142761300943
0.4897959183673469,0.7142857142857143,0.44246191764148557,0.4007509025783489,0.3901670188726716,-0.04171101506313668,-0.05229489876881399
0.5102040816326531,0.7142857142857143,0.42394728573334484,0.3317955693784174,0.32299019539033574,-0.09215171635492742,-0.10095709034300909
0.5306122448979591,0.7142857142857143,0.4055006667587443,0.2669153747657937,0.2598012811938965,-0.1385852919929506,-0.1456993855648478
0.5510204081632653,0.7142857142857143,0.3871220607176838,0.20816702854698332,0.20259750657704167,-0.17895503217070047,-0.18452455414064212
0.5714285714285714,0.7142857142857143,0.3688114676101633,0.15701213778336337,0.15279695344488886,-0.21179932982679994,-0.21601451416527445
0.5918367346938775,0.7142857142857143,0.350568887436183,0.1142280387845418,0.11115212668735983,-0.23634084865164118,-0.23941676074882315
0.6122448979591836,0.7142857142857143,0.33239432019574294,0.07991287282038345,0.07775514559185026,-0.2524814473753595,-0.2546391746038927
0.6326530612244897,0.7142857142857143,0.3142877658888428,0.05357459631476051,0.05212450389455554,-0.26071316957408225,-0.26216326199428724
0.6530612244897959,0.7142857142857143,0.29624922451548286,0.03428044413351651,0.033350549256318626,-0.26196878038196636,-0.2628986752591642
0.673469387755102,0.7142857142857143,0.27827869607566297,0.020835913221302127,0.02026959899247084,-0.25744278285436084,-0.25800909708319214
0.6938775510204082,0.7142857142857143,0.26037618056938316,0.011961589436278095,0.011635895530799379,-0.24841459113310507,-0.24874028503858378
0.7142857142857142,0.7142857142857143,0.24254167799664364,0.006441539828187643,0.006265863041197944,-0.236100138168456,-0.2362758149554457
0.7346938775510203,0.7142857142857143,0.2247751883574441,0.0032266669099609334,0.0031385377959636837,-0.22154852144748316,-0.2216366505614804
0.7551020408163265,0.7142857142857143,0.20707671165178465,0.0014877395484698577,0.0014470505728804751,-0.20558897210331478,-0.20562966107890418
0.7755102040816326,0.7142857142857143,0.18944624787966527,0.0006230804252701037,0.0006060184662432114,-0.18882316745439517,-0.18884022941342204
0.7959183673469387,0.7142857142857143,0.1718837970410862,0.00023300747115908592,0.00022661975729236148,-0.1716507895699271,-0.17165717728379384
0.8163265306122448,0.7142857142857143,0.1543893591360471,7.606566223166567e-05,7.39782137812737e-05,-0.15431329347381542,-0.15431538092226582
0.836734693877551,0.7142857142857143,0.13696293416454808,2.1022286725186284e-05,2.0444824702993324e-05,-0.1369419118778229,-0.1369424893398451
0.8571428571428571,0.7142857142857143,0.11960452212658913,4.711265882621058e-06,4.581737195405039e-06,-0.1195998108607065,-0.11959994038939373
0.8775510204081632,0.7142857142857143,0.10231412302217037,8.037674728572634e-07,7.816510255818364e-07,-0.10231331925469751,-0.10231334137114478
0.8979591836734693,0.7142857142857143,0.0850917368512918,9.464348186381036e-08,9.20372877989172e-08,-0.08509164220780994,-0.085091644814004
0.9183673469387754,0.7142857142857143,0.06793736361395322,6.526158830279186e-09,6.346320702658594e-09,-0.06793735708779439,-0.06793735726763252
0.9387755102040816,0.7142857142857143,0.05085100331015471,1.9363989026303172e-10,1.8830032109778661e-10,-0.050851003116514824,-0.05085100312185439
0.9591836734693877,0.7142857142857143,0.03383265593989639,1.2375242727376019e-12,1.2033787739163223e-12,-0.03383265593865887,-0.033832655938693015
0.9795918367346939,0.7142857142857143,0.016882321503178154,1.8714238606716897e-16,1.8197580741303826e-16,-0.016882321503177967,-0.016882321503177974
1.0,0.7142857142857143,0.0,0.0,0.0,0.0,0.0
0.0,0.7244897959183674,0.9093110989015747,0.8990180814637702,0.8820422956919787,-0.01029301743780453,-0.027268803209596015
0.02040816326530612,0.7244897959183674,0.8891176512574964,0.8979642808109854,0.8807325899277773,0.008846629553489027,-0.008385061329719168
0.04081632653061224,0.7244897959183674,0.8689923735416989,0.8968921436552401,0.879401054270285,0.027899770113541167,0.01040868072858614
0.061224489795918366,0.7244897959183674,0.8489352657541823,0.8958013056148629,0.8780472653195902,0.04686603986068061,0.029111999565407887
0.08163265306122448,0.7244897959183674,0.8289463278949466,0.8946913275501578,0.8766707260499249,0.06574499965521119,0.04772439815497831
0.1020408163265306,0.7244897959183674,0.8090255599639916,0.8935611498035343,0.8752703354173578,0.08453558983954268,0.06624477545336616
0.12244897959183673,0.7244897959183674,0.7891729619613175,0.8924065403612949,0.8738419085007028,0.10323357839997738,0.08466894653938528
0.14285714285714285,0.7244897959183674,0.7693885338869243,0.8912121820631613,0.872370487363313,0.12182364817623703,0.10298195347638872
0.16326530612244897,0.7244897959183674,0.7496722757408119,0.889933538883033,0.8708127212333218,0.1402612631422211,0.12114044549250991
0.18367346938775508,0.7244897959183674,0.7300241875229803,0.8884641190549672,0.8690650606858015,0.158439931531987,0.1390408731628212
0.2040816326530612,0.7244897959183674,0.7104442692334294,0.8865873566083406,0.866917014726515,0.17614308737491124,0.15647274549308554
0.22448979591836732,0.7244897959183674,0.6909325208721595,0.8839187615944482,0.8639949683728606,0.19298624072228865,0.1730624475007011
0.24489795918367346,0.7244897959183674,0.6714889424391705,0.8798513492026453,0.8597092099873389,0.20836240676347484,0.18822026754816845
0.26530612244897955,0.7244897959183674,0.6521135339344621,0.8735228255805756,0.8532221275695119,0.22140929164611345,0.20110859363504974
0.2857142857142857,0.7244897959183674,0.6328062953580347,0.8638239373285816,0.8434564299670232,0.23101764197054697,0.21065013460898852
0.3061224489795918,0.7244897959183674,0.6135672267098881,0.8494623700270137,0.8291573611237996,0.2358951433171257,0.2155901344139115
0.32653061224489793,0.7244897959183674,0.5943963279900223,0.8290860366730921,0.8090126207872612,0.23468970868306982,0.21461629279723893
0.3469387755102041,0.7244897959183674,0.5752935991984374,0.8014557697472158,0.7818202628228118,0.2261621705487784,0.20652666362437444
0.36734693877551017,0.7244897959183674,0.5562590403351332,0.765643760103943,0.7466815567016756,0.2093847197688098,0.1904225163665424
0.3877551020408163,0.7244897959183674,0.53729265140011,0.7212242370480246,0.7031862315887718,0.18393158564791467,0.16589358018866185
0.4081632653061224,0.7244897959183674,0.5183944323933676,0.6684197211479961,0.6515544590920197,0.1500252887546285,0.13316002669865212
0.42857142857142855,0.7244897959183674,0.499564383314906,0.6081709802286857,0.5927046082758525,0.10860659691377966,0.09314022496094648
0.44897959183673464,0.7244897959183674,0.48080250416472525,0.5421109176598153,0.5282275791417339,0.061308413495090086,0.04742507497700865
0.4693877551020408,0.7244897959183674,0.46210879494282525,0.47243958005949516,0.4602650137126574,0.010330785116669905,-0.0018437812301678735
0.4897959183673469,0.7244897959183674,0.44348325564920615,0.4017156714967153,0.3913063789043048,-0.04176758415249088,-0.052176876744901346
0.5102040816326531,0.7244897959183674,0.4249258862838679,0.3325954831167124,0.3239350009847719,-0.09233040316715552,-0.100990885299096
0.5306122448979591,0.7244897959183674,0.4064366868468105,0.26755968992965595,0.26056239915794754,-0.13887699691715455,-0.14587428768886296
0.5510204081632653,0.7244897959183674,0.38801565733803395,0.20867009596997899,0.2031918367507498,-0.17934556136805496,-0.18482382058728414
0.5714285714285714,0.7244897959183674,0.36966279775753813,0.15739196162686486,0.15324572596814962,-0.21227083613067327,-0.21641707178938852
0.5918367346938775,0.7244897959183674,0.35137810810532316,0.11450461112299512,0.11147893300514891,-0.23687349698232804,-0.23989917510017425
0.6122448979591836,0.7244897959183674,0.3331615883813892,0.080106514218095,0.07798397583972677,-0.2530550741632942,-0.25517761254166244
0.6326530612244897,0.7244897959183674,0.3150132385857359,0.05370450840550382,0.052278034412697266,-0.26130873018023204,-0.26273520417303864
0.6530612244897959,0.7244897959183674,0.2969330587183635,0.0343636233216026,0.03344885674750887,-0.2625694353967609,-0.26348420197085465
0.673469387755102,0.7244897959183674,0.2789210487792719,0.02088649926384337,0.02032938873856691,-0.2580345495154285,-0.25859166004070494
0.6938775510204082,0.7244897959183674,0.2609772087684611,0.01199064523199803,0.01167023949852651,-0.24898656353646306,-0.24930696926993456
0.7142857142857142,0.7244897959183674,0.2431015386859313,0.006457194286378807,0.006284367455479255,-0.23664434439955248,-0.23681717123045204
0.7346938775510203,0.7244897959183674,0.2252940385316822,0.003234511824890507,0.0031478112883884645,-0.2220595267067917,-0.22214622724329375
0.7551020408163265,0.7244897959183674,0.20755470830571393,0.0014913580625317288,0.001451328186177403,-0.2060633502431822,-0.20610338011953652
0.7755102040816326,0.7244897959183674,0.18988354800802645,0.0006245964354377662,0.0006078106730586635,-0.18925895157258868,-0.1892757373349678
0.7959183673469387,0.7244897959183674,0.17228055763862,0.00023357458408329482,0.00022729021139518077,-0.1720469830545367,-0.17205326742722482
0.8163265306122448,0.7244897959183674,0.15474573719749424,7.625085264930932e-05,7.41971564467295e-05,-0.15466948634484493,-0.1546715400410475
0.836734693877551,0.7244897959183674,0.1372790866846493,2.1073481977824547e-05,2.0505352235359025e-05,-0.13725801320267147,-0.13725858133241395
0.8571428571428571,0.7244897959183674,0.11988060610008518,4.7227420802961785e-06,4.595305694164141e-06,-0.11987588335800488,-0.11987601079439102
0.8775510204081632,0.7244897959183674,0.10255029544380195,8.057258360832176e-07,7.83966482636761e-07,-0.10254948971796587,-0.10254951147731932
0.8979591836734693,0.7244897959183674,0.08528815471579965,9.487412923659528e-08,9.23099977525455e-08,-0.08528805984167041,-0.08528806240580189
0.9183673469387754,0.7244897959183674,0.06809418391607804,6.542066396037781e-09,6.365129652754444e-09,-0.06809417737401163,-0.06809417755094838
0.9387755102040816,0.7244897959183674,0.05096838304463724,1.9411197846152354e-10,1.8885852354997054e-10,-0.05096838285052526,-0.05096838285577871
0.9591836734693877,0.7244897959183674,0.03391075210147735,1.2405418526490713e-12,1.2069468542186373e-12,-0.03391075210023681,-0.033910752100270405
0.9795918367346939,0.7244897959183674,0.01692129108659827,1.8759878956753082e-16,1.8251548151038916e-16,-0.016921291086598084,-0.016921291086598088
1.0,0.7244897959183674,0.0,0.0,0.0,0.0,0.0
0.0,0.7346938775510203,0.911357969165602,0.9009419500553839,0.8842895804113282,-0.010416019110218055,-0.027068388754273753
0.02040816326530612,0.7346938775510203,0.8911190658270306,0.8998958440359549,0.8829903349659116,0.008776778208924307,-0.008128730861118982
0.04081632653061224,0.7346938775510203,0.8709484858680717,0.8988313752869821,0.8816692180569193,0.027882889418910373,0.010720732188847615
0.061224489795918366,0.7346938775510203,0.8508462292887256,0.8977481754560537,0.8803258012228016,0.046901946167328123,0.02947957193407602
0.08163265306122448,0.7346938775510203,0.830812296088992,0.8966458011046798,0.87895958197928,0.06583350501568785,0.04814728589028805
0.1020408163265306,0.7346938775510203,0.8108466862688709,0.8955231866230179,0.8775694518582601,0.08467650035414698,0.06672276558938917
0.12244897959183673,0.7346938775510203,0.7909493998283623,0.8943760862095989,0.8761512092314672,0.10342668638123653,0.08520180940310484
0.14285714285714285,0.7346938775510203,0.7711204367674666,0.8931891419114493,0.8746898474818013,0.12206870514398271,0.10356941071433479
0.16326530612244897,0.7346938775510203,0.7513597970861832,0.891917705950165,0.8731418831522286,0.14055790886398178,0.12178208606604546
0.18367346938775508,0.7346938775510203,0.7316674807845125,0.8904550244256522,0.8714034561043635,0.15878754364113967,0.13973597531985105
0.2040816326530612,0.7346938775510203,0.7120434878624543,0.888584001956597,0.8692634482012088,0.17654051409414273,0.15721996033875452
0.22448979591836732,0.7346938775510203,0.6924878183200087,0.8859192110690061,0.866347134108128,0.19343139274899734,0.1738593157881193
0.24489795918367346,0.7346938775510203,0.6730004721571758,0.8818521878939115,0.862063050576489,0.20885171573673567,0.18906257841931318
0.26530612244897955,0.7346938775510203,0.6535814493739553,0.875518536669031,0.8555710962961183,0.22193708729507566,0.20198964692216292
0.2857142857142857,0.7346938775510203,0.6342307499703476,0.8658062970879684,0.8457907740047343,0.23157554711762085,0.21156002403438678
0.3061224489795918,0.7346938775510203,0.6149483739463523,0.8514199949539477,0.8314635845441972,0.23647162100759545,0.21651521059784495
0.32653061224489793,0.7346938775510203,0.5957343213019697,0.831004226760095,0.8112732978660399,0.23526990545812532,0.21553897656407017
0.3469387755102041,0.7346938775510203,0.5765885920371996,0.803316768301154,0.7840143442399099,0.22672817626395436,0.2074257522027103
0.36734693877551017,0.7346938775510203,0.557511186152042,0.7674274938095547,0.7487852441733779,0.20991630765751268,0.1912740580213359
0.3877551020408163,0.7346938775510203,0.5385021036464971,0.7229095193083598,0.7051744010327587,0.1844074156618627,0.16667229738626166
0.4081632653061224,0.7346938775510203,0.5195613445205648,0.669985813162576,0.6534025076093253,0.1504244686420112,0.13384116308876048
0.42857142857142855,0.7346938775510203,0.500688908774245,0.6095993269846706,0.5943905087405476,0.10891041821042557,0.09370159996630256
0.44897959183673464,0.7346938775510203,0.4818847964075379,0.543386827660155,0.5297338689073311,0.061502031252617106,0.0478490724997932
0.4693877551020408,0.7346938775510203,0.46314900742044324,0.4735536100089639,0.46158043486270917,0.010404602588520662,-0.0015685725577340714
0.4897959183673469,0.7346938775510203,0.44448154181296123,0.40266451343651,0.3924269303040775,-0.04181702837645124,-0.05205461150888374
0.5102040816326531,0.7346938775510203,0.42588239958509183,0.33338222532174855,0.3248642496686265,-0.09250017426334328,-0.10101814991646535
0.5306122448979591,0.7346938775510203,0.40735158073683503,0.26819341996341994,0.261311013409635,-0.13915816077341508,-0.14604056732720005
0.5510204081632653,0.7346938775510203,0.38888908526819077,0.20916491562784467,0.20377642312567698,-0.1797241696403461,-0.1851126621425138
0.5714285714285714,0.7346938775510203,0.370494913179159,0.15776556963729443,0.15368715445271958,-0.21272934354186457,-0.21680775872643943
0.5918367346938775,0.7346938775510203,0.3521690644697399,0.11477666473345427,0.11180039994707064,-0.23739239973628562,-0.24036866452266925
0.6122448979591836,0.7346938775510203,0.3339115391399335,0.0802969964738482,0.07820907291684798,-0.2536145426660853,-0.2557024662230855
0.6326530612244897,0.7346938775510203,0.31572233718973947,0.05383230385054836,0.05242906350519243,-0.2618900333391911,-0.263293273684547
0.6530612244897959,0.7346938775510203,0.29760145861915815,0.03444544888800669,0.033545564444090264,-0.26315600973115144,-0.2640558941750679
0.673469387755102,0.7346938775510203,0.27954890342818933,0.020936262974912224,0.02038820654673355,-0.2586126404532771,-0.25916069688145577
0.6938775510204082,0.7346938775510203,0.26156467161683306,0.012019229153559418,0.011704025715640949,-0.24954544246327365,-0.2498606459011921
0.7142857142857142,0.7346938775510203,0.2436487631850896,0.00647259473670205,0.006302571621064486,-0.23717616844838754,-0.23734619156402512
0.7346938775510203,0.7346938775510203,0.22580117813295855,0.003242229551536504,0.003156934432248803,-0.22255894858142206,-0.22264424370070976
0.7551020408163265,0.7346938775510203,0.20802191646044008,0.0014949179534595133,0.0014555364987498087,-0.20652699850698056,-0.20656637996169028
0.7755102040816326,0.7346938775510203,0.19031097816753414,0.0006260879014791838,0.0006095738642831334,-0.18968489026605495,-0.189701404303251
0.7959183673469387,0.7346938775510203,0.17266836325424098,0.0002341325211731623,0.00022794981765932195,-0.17243423073306782,-0.17244041343658165
0.8163265306122448,0.7346938775510203,0.15509407172056028,7.643304841471124e-05,7.441255867648082e-05,-0.15501763867214557,-0.1550196591618838
0.836734693877551,0.7346938775510203,0.13758810356649212,2.11238498056931e-05,2.056490151633655e-05,-0.13756697971668644,-0.13756753866497579
0.8571428571428571,0.7346938775510203,0.12015045879203652,4.7340328885664e-06,4.6086550045097845e-06,-0.12014572475914795,-0.12014585013703201
0.8775510204081632,0.7346938775510203,0.10278113739719359,8.076525777264202e-07,7.862445522113487e-07,-0.10278032974461587,-0.10278035115264138
0.8979591836734693,0.7346938775510203,0.0854801393819633,9.510105392484312e-08,9.257830613218015e-08,-0.08548004428090938,-0.08548004680365717
0.9183673469387754,0.7346938775510203,0.06824746474634547,6.557717311729885e-09,6.3836351426984525e-09,-0.06824745818862815,-0.06824745836271032
0.9387755102040816,0.7346938775510203,0.05108311349034019,1.9457645284855667e-10,1.8940772335290017e-10,-0.05108311329576374,-0.051083113300932466
0.9591836734693877,0.7346938775510203,0.033987085613947574,1.2435107818236975e-12,1.2104574084095555e-12,-0.03398708561270406,-0.03398708561273712
0.9795918367346939,0.7346938775510203,0.016959381117167507,1.8804783708519097e-16,1.830464575319061e-16,-0.01695938111716732,-0.016959381117167324
1.0,0.7346938775510203,0.0,0.0,0.0,0.0,0.0
0.0,0.7448979591836735,0.9133586410765011,0.9028291658440857,0.8864940507283507,-0.01052947523241543,-0.026864590348150363
0.02040816326530612,0.7448979591836735,0.8930753079893712,0.9017908392847388,0.8852053371666673,0.008715531295367618,-0.007869970822703909
0.04081632653061224,0.7448979591836735,0.8728604482697521,0.9007341282496863,0.8838947163504376,0.027873679979934285,0.011034268080685528
0.061224489795918366,0.7448979591836735,0.8527140619176441,0.899658660516801,0.8825617548830273,0.046944598599156895,0.029847692965383255
0.08163265306122448,0.7448979591836735,0.8326361489330469,0.8985639884533873,0.8812059449523736,0.06592783952034031,0.04856979601932665
0.1020408163265306,0.7448979591836735,0.8126267093159607,0.8974490406262741,0.8798261708257039,0.08482233131031336,0.06719946150974321
0.12244897959183673,0.7448979591836735,0.7926857430663855,0.896309557696766,0.8784182144710386,0.1036238146303805,0.08573247140465312
0.14285714285714285,0.7448979591836735,0.7728132501843212,0.8951301415929694,0.8769670213950997,0.12231689140864821,0.10415377121077851
0.16326530612244897,0.7448979591836735,0.7530092306697679,0.8938660345718735,0.8754289775784493,0.14085680390210564,0.1224197469086814
0.18367346938775508,0.7448979591836735,0.7332736845227253,0.8924102247464503,0.8736999170850713,0.15913654022372492,0.140426232562346
0.2040816326530612,0.7448979591836735,0.7136066117431938,0.8905450956593973,0.8715681045083346,0.17693848391620348,0.1579614927651407
0.22448979591836732,0.7448979591836735,0.6940080123311734,0.887884297025577,0.8686577215876705,0.19387628469440366,0.17464970925649714
0.24489795918367346,0.7448979591836735,0.6744778862866637,0.8838179090683796,0.8643755808792054,0.20934002278171593,0.1898976945925417
0.26530612244897955,0.7448979591836735,0.6550162336096651,0.8774794669189239,0.8578791306109684,0.22246323330925877,0.20286289700130333
0.2857142857142857,0.7448979591836735,0.6356230543001773,0.8677543454561516,0.8480847172635309,0.2321312911559743,0.21246166296335356
0.3061224489795918,0.7448979591836735,0.6162983483582005,0.8533439595988274,0.8337301564929948,0.23704561124062684,0.21743180813479424
0.32653061224489793,0.7448979591836735,0.5970421157837348,0.8328896402780224,0.8134953488144308,0.23584752449428759,0.21645323303069597
0.3469387755102041,0.7448979591836735,0.5778543565767799,0.8051461529708063,0.7861711558665021,0.2272917963940264,0.20831679928972224
0.36734693877551017,0.7448979591836735,0.5587350707373359,0.769181089498575,0.7508533897876752,0.21044601876123914,0.19211831905033938
0.3877551020408163,0.7448979591836735,0.5396842582654029,0.7245664674013366,0.7071291457788967,0.18488220913593367,0.16744488751349385
0.4081632653061224,0.7448979591836735,0.5207019191609807,0.67152569270176,0.6552196259408827,0.15082377354077925,0.13451770677990194
0.42857142857142855,0.7448979591836735,0.5017880534240696,0.6110038631439347,0.5960483064404551,0.10921580971986511,0.09426025301638552
0.44897959183673464,0.7448979591836735,0.4829426610546695,0.5446415450683242,0.531215140530034,0.0616988840136547,0.04827247947536456
0.4693877551020408,0.7448979591836735,0.46416574205278016,0.47464919593011096,0.46287407850741624,0.010483453877330795,-0.0012916635453639191
0.4897959183673469,0.7448979591836735,0.44545729641840187,0.4035976914812186,0.393528983744763,-0.04185960493718327,-0.0519283126736389
0.5102040816326531,0.7448979591836735,0.42681732415153445,0.3341560129903985,0.3257781977296867,-0.09266131116113596,-0.10103912642184776
0.5306122448979591,0.7448979591836735,0.4082458252521781,0.2688167388449329,0.262047329455478,-0.13942908640724522,-0.14619849579670013
0.5510204081632653,0.7448979591836735,0.38974279972033266,0.2096516227976985,0.20435142551278024,-0.18009117692263416,-0.18539137420755242
0.5714285714285714,0.7448979591836735,0.371308247555998,0.15813306357405854,0.15412135912546765,-0.21317518398193946,-0.21718688843053036
0.5918367346938775,0.7448979591836735,0.3529421687591744,0.11504427346819177,0.11211661477620878,-0.23789789529098262,-0.24082555398296562
0.6122448979591836,0.7448979591836735,0.33464456332986187,0.08048437114186135,0.07843049774410413,-0.2541601921880005,-0.25621406558575777
0.6326530612244897,0.7448979591836735,0.31641543126806004,0.0539580171449212,0.05257763193728621,-0.26245741412313883,-0.26383779933077384
0.6530612244897959,0.7448979591836735,0.29825477257376926,0.03452594286588704,0.033640698385916684,-0.2637288297078822,-0.26461407418785254
0.673469387755102,0.7448979591836735,0.2801625872469894,0.020985217725031795,0.020446068219824517,-0.2591773695219576,-0.25971651902716486
0.6938775510204082,0.7448979591836735,0.26213887528772045,0.012047348865651574,0.011737263241648112,-0.2500915264220689,-0.25040161204607236
0.7142857142857142,0.7448979591836735,0.24418363669596263,0.0064877453012900915,0.0063204804104610495,-0.23769589139467254,-0.2378631562855016
0.7346938775510203,0.7448979591836735,0.22629687147171562,0.0032498221522534922,0.0031659096654259,-0.22304704931946212,-0.22313096180628972
0.7551020408163265,0.7448979591836735,0.2084785796149795,0.00149842017110903,0.0014596766334531565,-0.2069801594438705,-0.20701890298152636
0.7755102040816326,0.7448979591836735,0.19072876112575432,0.0006275552208019855,0.000611308509721831,-0.19010120590495233,-0.1901174526160325
0.7959183673469387,0.7448979591836735,0.17304741600404025,0.0002346814309055168,0.00022859875161603256,-0.17281273457313473,-0.1728188172524242
0.8163265306122448,0.7448979591836735,0.155434544249837,7.661229795691613e-05,7.462447772568445e-05,-0.15535793195188008,-0.1553599197721113
0.836734693877551,0.7448979591836735,0.13789014586314466,2.1173403582566782e-05,2.06234883574819e-05,-0.1378689724595621,-0.13786952237478717
0.8571428571428571,0.7448979591836735,0.12041422084396323,4.745141302411986e-06,4.621788667438724e-06,-0.12040947570266082,-0.1204095990552958
0.8775510204081632,0.7448979591836735,0.10300676919229282,8.095482084000741e-07,7.884858380230429e-07,-0.10300595964408442,-0.1030059807064548
0.8979591836734693,0.7448979591836735,0.08566779090813344,9.532431601524857e-08,9.284228398214195e-08,-0.08566769558381743,-0.08566769806584945
0.9183673469387754,0.7448979591836735,0.06839728599148485,6.573115718210232e-09,6.401842068584505e-09,-0.06839727941836914,-0.06839727958964278
0.9387755102040816,0.7448979591836735,0.05119525444234719,1.950334362214679e-10,1.8994806570328303e-10,-0.051195254247313755,-0.051195254252399125
0.9591836734693877,0.7448979591836735,0.034061696260720545,1.2464318446388874e-12,1.213911363960255e-12,-0.03406169625947411,-0.034061696259506634
0.9795918367346939,0.7448979591836735,0.016996611446604814,1.8848964717923264e-16,1.835688756676435e-16,-0.016996611446604627,-0.01699661144660463
1.0,0.7448979591836735,0.0,0.0,0.0,0.0,0.0
0.0,0.7551020408163265,0.91531415734219,0.9046804271249497,0.8886565223265378,-0.010633730217240345,-0.026657635015652215
0.02040816326530612,0.7551020408163265,0.89498739729659,0.903649958910633,0.8873784057874564,0.008662561614042996,-0.0076089915091336335
0.04081632653061224,0.7551020408163265,0.8747292572211365,0.9026010888507905,0.8860783518441373,0.02787183162965401,0.011349094623000822
0.061224489795918366,0.7551020408163265,0.8545397371158294,0.901533440954343,0.8847559222910532,0.046993703838513534,0.03021618517522373
0.08163265306122448,0.7551020408163265,0.8344188369806688,0.9004465634987318,0.8834106041187517,0.06602772651806299,0.04899176713808295
0.1020408163265306,0.7551020408163265,0.8143665568156545,0.8993393793558293,0.8820412744885776,0.0849728225401748,0.0676747176729231
0.12244897959183673,0.7551020408163265,0.7943828966207866,0.8982076158978722,0.8806436992653724,0.10382471927708559,0.0862608026445858
0.14285714285714285,0.7551020408163265,0.7744678563960653,0.8970358355988465,0.8792027768733095,0.12256797920278117,0.1047349204772442
0.16326530612244897,0.7551020408163265,0.7546214361414904,0.8957791725124192,0.8776747648220299,0.14115773637092888,0.12305332868053953
0.18367346938775508,0.7551020408163265,0.7348436358570619,0.8943303608484585,0.8759551962186666,0.1594867249913966,0.14111156036160466
0.2040816326530612,0.7551020408163265,0.7151344555427798,0.8924712712794066,0.873831728107412,0.17733681573662685,0.15869727256463229
0.22448979591836732,0.7551020408163265,0.6954938951986442,0.8898146451944681,0.870927466457168,0.19432074999582383,0.17543357125852377
0.24489795918367346,0.7551020408163265,0.675921954824655,0.885749129699978,0.8666475266183877,0.20982717487532299,0.19072557179373273
0.26530612244897955,0.7551020408163265,0.6564186344208123,0.8794062231140797,0.8601469446017377,0.2229875886932674,0.2037283101809254
0.2857142857142857,0.7551020408163265,0.636983933987116,0.8696686769407788,0.8503389597109258,0.23268474295366282,0.21335502572380982
0.3061224489795918,0.7551020408163265,0.6176178535235661,0.8552348433526148,0.8359577594390731,0.23761698982904866,0.218339905915507
0.32653061224489793,0.7551020408163265,0.5983203930301627,0.8347428378802108,0.8156794342996587,0.23642244485004804,0.217359041269496
0.3469387755102041,0.7551020408163265,0.5790915525069057,0.8069444613497166,0.7882913314340435,0.22785290884281095,0.2091997789271378
0.36734693877551017,0.7551020408163265,0.5599313319537951,0.7709050568801544,0.7528865946100805,0.21097372492635935,0.19295526265628538
0.3877551020408163,0.7551020408163265,0.540839731370831,0.7261955581369953,0.7090510282699741,0.18535582676616436,0.16821129689914316
0.4081632653061224,0.7551020408163265,0.5218167507580133,0.6730397988691503,0.6570063321937453,0.15122304811113707,0.135189581435732
0.42857142857142855,0.7551020408163265,0.502862390115342,0.6123849859390189,0.5976784701929388,0.10952259582367696,0.0948160800775969
0.44897959183673464,0.7551020408163265,0.4839766494428172,0.5458754221380971,0.5326718098330911,0.061898772695279936,0.04869516039027394
0.4693877551020408,0.7551020408163265,0.46515952874043875,0.4757266433802714,0.46414630541568125,0.01056711463983262,-0.0010132233247575062
0.4897959183673469,0.7551020408163265,0.4464110280082068,0.4045154643661285,0.39461284476456093,-0.041895563642078304,-0.05179818324364588
0.5102040816326531,0.7551020408163265,0.42773114724612127,0.3349170595426933,0.3266770972313768,-0.09281408770342797,-0.10105405001474449
0.5306122448979591,0.7551020408163265,0.4091198864541823,0.2694298176911839,0.2627715494227751,-0.1396900687629984,-0.1463483370314072
0.5510204081632653,0.7551020408163265,0.39057724563238966,0.2101303505369566,0.20491700110081076,-0.18044689509543305,-0.1856602445315789
0.5714285714285714,0.7551020408163265,0.37210322478074337,0.1584945435300389,0.15454845824433458,-0.21360868125070448,-0.2175547665364088
0.5918367346938775,0.7551020408163265,0.3536978238992436,0.11530750997206887,0.1124276633290082,-0.23839031392717472,-0.24127016057023537
0.6122448979591836,0.7551020408163265,0.3353610429878904,0.08066868893479018,0.07864831024793847,-0.2546923540531002,-0.2567127327399519
0.6326530612244897,0.7551020408163265,0.31709288204668346,0.054081682221337565,0.052723779809708785,-0.2630111998253459,-0.2643691022369747
0.6530612244897959,0.7551020408163265,0.298893341075623,0.03460512692968207,0.033734284188894695,-0.26428821414594095,-0.2651590568867283
0.673469387755102,0.7551020408163265,0.2807624200747089,0.021033376667286288,0.020502989303701487,-0.25972904340742264,-0.26025943077100744
0.6938775510204082,0.7551020408163265,0.2627001190439413,0.012075011908443657,0.01176996098887452,-0.2506251071354976,-0.2509301580550668
0.7142857142857142,0.7551020408163265,0.24470643798332029,0.006502650035369812,0.006338098617091921,-0.23820378794795047,-0.23836833936622837
0.7346938775510203,0.7551020408163265,0.22678137689284555,0.003257291655950495,0.0031747393862657136,-0.22352408523689507,-0.22360663750657983
0.7551020408163265,0.7551020408163265,0.20892493577251725,0.0015018656499440155,0.0014637496949475386,-0.20742307012257324,-0.20746118607756972
0.7755102040816326,0.7551020408163265,0.19113711462233537,0.0006289987843784979,0.0006130150715723548,-0.19050811583795688,-0.19052409955076302
0.7959183673469387,0.7551020408163265,0.1734179134423001,0.00023522145935443036,0.00022923718595600296,-0.17318269198294567,-0.1731886762563441
0.8163265306122448,0.7551020408163265,0.15576733223241113,7.678864892172356e-05,7.48329699235104e-05,-0.1556905435834894,-0.15569249926248763
0.836734693877551,0.7551020408163265,0.13818537099266856,2.122215646604479e-05,2.0681128314771603e-05,-0.1381641488362025,-0.1381646898643538
0.8571428571428571,0.7551020408163265,0.12067202972307242,4.756070268426545e-06,4.634710166739804e-06,-0.120667273652804,-0.12066739501290569
0.8775510204081632,0.7551020408163265,0.1032273084236228,8.114132304718455e-07,7.906909340402955e-07,-0.10322649701039233,-0.10322651773268875
0.8979591836734693,0.7551020408163265,0.08585120709431966,9.554397462463302e-08,9.310200120001059e-08,-0.08585111155034504,-0.08585111399231846
0.9183673469387754,0.7551020408163265,0.06854372573516285,6.588265689522277e-09,6.419755247509779e-09,-0.06854371914689716,-0.0685437193154076
0.9387755102040816,0.7551020408163265,0.051304864346152446,1.954830493970531e-10,1.9047969345601893e-10,-0.0513048641506694,-0.05130486415567275
0.9591836734693877,0.7551020408163265,0.034134622927288555,1.249305812825679e-12,1.2173096333884796e-12,-0.03413462292603925,-0.034134622926071244
0.9795918367346939,0.7551020408163265,0.01703300147857107,1.8892433649786794e-16,1.840828738481487e-16,-0.017033001478570883,-0.017033001478570887
1.0,0.7551020408163265,0.0,0.0,0.0,0.0,0.0
0.0,0.7653061224489796,0.9172255371364191,0.9064964188894017,0.8907777953492937,-0.010729118247017388,-0.02644774178712539
0.02040816326530612,0.7653061224489796,0.8968563302892246,0.9054738821573473,0.889510334762668,0.00861755186812263,-0.00734599552655657
0.04081632653061224,0.7653061224489796,0.8765558867059554,0.9044329304835205,0.8882209121273125,0.027877043777565058,0.011665025421357056
0.061224489795918366,0.7653061224489796,0.8563242063866116,0.9033731842083471,0.8869090845545811,0.04704897782173556,0.03058487816796951
0.08163265306122448,0.7653061224489796,0.8361612893311929,0.9022941876234554,0.8855743339676367,0.06613289829226243,0.049413044636443804
0.1020408163265306,0.7653061224489796,0.8160671355396995,0.9011948580335397,0.8842155305799941,0.08512772249384026,0.06814839504029468
0.12244897959183673,0.7653061224489796,0.7960417450121313,0.9000709097675244,0.8828284244509648,0.10402916475539303,0.08678667943883345
0.14285714285714285,0.7653061224489796,0.7760851177484885,0.89890686650119,0.8813978677052584,0.12282174875270147,0.10531274995676987
0.16326530612244897,0.7653061224489796,0.7561972537487709,0.8976577558201151,0.8798799914422222,0.1414605020713442,0.12368273769345128
0.18367346938775508,0.7653061224489796,0.7363781530129786,0.8962160620524414,0.8781700325789785,0.15983790903946282,0.14179187956599992
0.2040816326530612,0.7653061224489796,0.7166278155411114,0.894363151079101,0.8760550501806628,0.1777353355379896,0.15942723463955133
0.22448979591836732,0.7653061224489796,0.6969462413331696,0.891710870223989,0.8731570913345176,0.19476462889081936,0.17621085000134795
0.24489795918367346,0.7653061224489796,0.6773334303891532,0.8876464559124567,0.868879600755172,0.21031302552330355,0.19154617036601884
0.26530612244897955,0.7653061224489796,0.6577893827090618,0.8812994014414879,0.8623752398862038,0.22351001873242604,0.20458585717714195
0.2857142857142857,0.7653061224489796,0.6383140982928958,0.8715498757376211,0.8525541891741932,0.23323577744472535,0.21424009088129747
0.3061224489795918,0.7653061224489796,0.618907577140655,0.8570932156225877,0.8381470640922846,0.23818563848193264,0.21923948695162954
0.32653061224489793,0.7653061224489796,0.5995698192523395,0.8365643706196848,0.8178262036768238,0.23699455136734526,0.21825638442448425
0.3469387755102041,0.7653061224489796,0.5803008246279493,0.8087122218802488,0.7903754938870011,0.22841139725229953,0.21007466925905183
0.36734693877551017,0.7653061224489796,0.5611005932674842,0.7725998970345123,0.7548854495312091,0.21149930376702808,0.19378485626372488
0.3877551020408163,0.7653061224489796,0.5419691251709445,0.7277972602941448,0.7109406014757096,0.1858281351232003,0.16897147630476506
0.4081632653061224,0.7653061224489796,0.5229064203383301,0.674528563406286,0.6587631357887694,0.15162214306795585,0.1358567154504393
0.42857142857142855,0.7653061224489796,0.5039124787696408,0.6137430859701817,0.59928146098825,0.10983060720054083,0.09536898221860912
0.44897959183673464,0.7653061224489796,0.48498730046487704,0.5470888052640178,0.5341042857234252,0.06210150479914078,0.04911698525854813
0.4693877551020408,0.7653061224489796,0.46613088542403824,0.4767862528513849,0.465397470375963,0.01065536742734663,-0.0007334150480752255
0.4897959183673469,0.7653061224489796,0.44734323364712486,0.4054180865502385,0.395678813852009,-0.041925147096886384,-0.05166441979511588
0.5102040816326531,0.7653061224489796,0.4286243451341367,0.33566557488081283,0.3275611960824254,-0.09295877025332389,-0.10106314905171132
0.5306122448979591,0.7653061224489796,0.4099742198850739,0.27003282480536994,0.2634838721151965,-0.13994139507970393,-0.14649034776987735
0.5510204081632653,0.7653061224489796,0.3913928578999363,0.21060122971977102,0.20547330449935777,-0.18079162818016525,-0.1859195534005785
0.5714285714285714,0.7653061224489796,0.3728802591787238,0.15885010795889581,0.15496856813059015,-0.214030151219828,-0.21791169104813365
0.5918367346938775,0.7653061224489796,0.3544364237214367,0.11556644570228244,0.1127336300386065,-0.23886997801915424,-0.2417027936828302
0.6122448979591836,0.7653061224489796,0.33606135152807504,0.08084999973746937,0.07886256937658512,-0.25521135179060567,-0.25719878215148995
0.6326530612244897,0.7653061224489796,0.3177550425986384,0.05420333245936966,0.05286754656951048,-0.26355171013926876,-0.2648874960291279
0.6530612244897959,0.7653061224489796,0.29951749693312707,0.034683022400952,0.03382634705188726,-0.26483447453217507,-0.2656911498812398
0.673469387755102,0.7653061224489796,0.28134871453154103,0.02108075274085786,0.02055898509141421,-0.2602679617906832,-0.2607897294401268
0.6938775510204082,0.7653061224489796,0.2632486953938802,0.01210222569960798,0.011802127724859265,-0.2511464696942722,-0.2514465676690209
0.7142857142857142,0.7653061224489796,0.24521743952014477,0.006517312928348373,0.006355430956579443,-0.2387001265917964,-0.23886200856356532
0.7346938775510203,0.7653061224489796,0.22725494691033452,0.0032646400586334606,0.0031834259542201926,-0.22399030685170104,-0.22407152095611432
0.7551020408163265,0.7653061224489796,0.2093612175644495,0.0015052553092855777,0.0014677567699925612,-0.20785596225516392,-0.20789346079445695
0.7755102040816326,0.7653061224489796,0.1915362514824897,0.0006304189768499642,0.0006146940045478954,-0.19090583250563975,-0.19092155747794182
0.7959183673469387,0.7653061224489796,0.17378004866445537,0.00023575275023010546,0.00022986529057533812,-0.17354429591422527,-0.17355018337388003
0.8163265306122448,0.7653061224489796,0.15609260911034614,7.696214818435635e-05,7.503809068811902e-05,-0.15601564696216177,-0.15601757101965802
0.836734693877551,0.7653061224489796,0.13847393282016218,2.1270121401045227e-05,2.0737836692734212e-05,-0.13845266269876114,-0.13845319498346945
0.8571428571428571,0.7653061224489796,0.12092401979390344,4.766822685598796e-06,4.647422929918256e-06,-0.12091925297121783,-0.12091937237097351
0.8775510204081632,0.7653061224489796,0.10344287003157003,8.132481381970212e-07,7.928604246400033e-07,-0.10344205678343184,-0.1034420771711454
0.8979591836734693,0.7653061224489796,0.08603048353316198,9.576008791559986e-08,9.335752655513512e-08,-0.08603038777307406,-0.08603039017563542
0.9183673469387754,0.7653061224489796,0.06868686029867904,6.603171233976199e-09,6.437379418849366e-09,-0.06868685369550781,-0.06868685386129962
0.9387755102040816,0.7653061224489796,0.051412000328121356,1.9592541124351128e-10,1.9100274716197083e-10,-0.05141200013219595,-0.05141200013711861
0.9591836734693877,0.7653061224489796,0.034205903621489,1.252133445672639e-12,1.2206531144996334e-12,-0.03420590362023687,-0.034205903620268346
0.9795918367346939,0.7653061224489796,0.01706857017878188,1.8935201980923624e-16,1.8458858778088005e-16,-0.01706857017878169,-0.017068570178781696
1.0,0.7653061224489796,0.0,0.0,0.0,0.0,0.0
0.0,0.7755102040816326,0.9190937766299423,0.9082778130786748,0.8928586546959987,-0.01081596355126746,-0.026235121933943617
0.02040816326530612,0.7755102040816326,0.898683081015653,0.9072632754072504,0.891601902993827,0.008580194391597407,-0.007081178021825951
0.04081632653061224,0.7755102040816326,0.8783412887248928,0.906230313869935,0.8903231699695047,0.027889025145042212,0.011981881244611858
0.061224489795918366,0.7755102040816326,0.8580683997576618,0.905178545238759,0.8890220081765713,0.047110145481097154,0.030953608418909484
0.08163265306122448,0.7755102040816326,0.83786441411396,0.9041075099232551,0.887697894600364,0.0662430958092951,0.049833480486404014
0.1020408163265306,0.7755102040816326,0.817729331793787,0.9030161197880836,0.8863496926638275,0.08528678799429656,0.06862036087004042
0.12244897959183673,0.7755102040816326,0.7976631527971433,0.9019000763621929,0.8849731369154926,0.10423692356504966,0.08730998411834934
0.14285714285714285,0.7755102040816326,0.7776658771240288,0.9007438651702775,0.8835530339532509,0.1230779880462487,0.10588715682922212
0.16326530612244897,0.7755102040816326,0.7577375047744432,0.8995024090393666,0.8820453904963419,0.14176490426492339,0.12430788572189866
0.18367346938775508,0.7755102040816326,0.7378780357483868,0.8980679463757327,0.8803451519658781,0.1601899106273459,0.1424671162174913
0.2040816326530612,0.7755102040816326,0.7180874700458596,0.8962213462224845,0.8782387888700042,0.1781338761766249,0.16015131882414457
0.22448979591836732,0.7755102040816326,0.6983658076668614,0.8935735758768975,0.8753473060407589,0.19520776821003605,0.17698149837389754
0.24489795918367346,0.7755102040816326,0.6787130486113924,0.8895104831703857,0.8710725037135645,0.21079743455899336,0.19235945510217212
0.26530612244897955,0.7755102040816326,0.6591291928794524,0.8831595876765552,0.8645647058302292,0.22403039479710285,0.20543551295077678
0.2857142857142857,0.7755102040816326,0.6396142404710415,0.8733985159096219,0.8547310815511511,0.23378427543858038,0.21511684108010953
0.3061224489795918,0.7755102040816326,0.6201681913861598,0.8589196360045572,0.8402987296062787,0.23875144461839748,0.22013053822011897
0.32653061224489793,0.7755102040816326,0.6007910456248071,0.8383547801137203,0.8199362951827942,0.23756373448891321,0.2191452495579871
0.3469387755102041,0.7755102040816326,0.5814828031869836,0.8104499540095249,0.7924242555666547,0.22896715082254127,0.2109414523796711
0.36734693877551017,0.7755102040816326,0.5622434640726891,0.7742661025591602,0.7568505354391917,0.21202263848647107,0.19460707136650257
0.3877551020408163,0.7755102040816326,0.5430730282819238,0.7293720347557636,0.7127984090524551,0.1862990064738398,0.16972538077053123
0.4081632653061224,0.7755102040816326,0.5239714958146877,0.6759924108161839,0.6604905376063688,0.15202091500149617,0.13651904179168106
0.42857142857142855,0.7755102040816326,0.5049388666709805,0.615078547316223,0.6008577321203097,0.11013968064524249,0.09591886544932915
0.44897959183673464,0.7755102040816326,0.4859751408508026,0.5482820350789315,0.5355129703067558,0.06230689422812885,0.0495378294559532
0.4693877551020408,0.7755102040816326,0.4670803183541537,0.47782831985402346,0.46662792229548,0.010748001499869764,-0.0004523960586736986
0.4897959183673469,0.7755102040816326,0.44825439918103394,0.40630580828697793,0.39672718652948835,-0.041948590894056004,-0.051527212651545584
0.5102040816326531,0.7755102040816326,0.42949738333144327,0.33640176544710265,0.3284307381053829,-0.09309561788434062,-0.10106664522606035
0.5306122448979591,0.7755102040816326,0.41080927080538177,0.27062592572318744,0.26418449306746206,-0.14018334508219432,-0.1466247777379197
0.5510204081632653,0.7755102040816326,0.39219006160284936,0.21106438907286917,0.20602048778118595,-0.1811256725299802,-0.1861695738216634
0.5714285714285714,0.7755102040816326,0.37363975572384595,0.15919985370192402,0.15538180320056122,-0.21443990202192192,-0.21825795252328473
0.5918367346938775,0.7755102040816326,0.3551583531683717,0.11582115094778848,0.11303459795778378,-0.2393372022205832,-0.2421237552105879
0.6122448979591836,0.7755102040816326,0.3367458539364267,0.08102835262042979,0.07907333311604153,-0.2557175013159969,-0.25767252082038516
0.6326530612244897,0.7755102040816326,0.31840225802801064,0.054323000694465946,0.05300897102072018,-0.2640792573335447,-0.2653932870072905
0.6530612244897959,0.7755102040816326,0.30012756544312374,0.034759650254125404,0.03391691176350514,-0.2653679151889983,-0.2662106536796186
0.673469387755102,0.7755102040816326,0.2819217761817659,0.021127358674505915,0.020614070627312697,-0.26079441750725996,-0.2613077055544532
0.6938775510204082,0.7755102040816326,0.2637848902439372,0.01212899753631046,0.011833772074706615,-0.2516558927076267,-0.2519511181692306
0.7142857142857142,0.7755102040816326,0.24571690762963772,0.0065317379048816905,0.006372482068008282,-0.23918516972475604,-0.23934442556162944
0.7346938775510203,0.7755102040816326,0.22771782833886725,0.003271869323938929,0.0031919716904781083,-0.2244459590149283,-0.22452585664838914
0.7551020408163265,0.7755102040816326,0.20978765237162586,0.0015085900535576069,0.001471698927737446,-0.20827906231806825,-0.20831595344388842
0.7755102040816326,0.7755102040816326,0.19192637972791357,0.0006318161766290754,0.0006163457559984443,-0.1912945635512845,-0.19131003397191512
0.7959183673469387,0.7755102040816326,0.17413401040773055,0.00023627544491713193,0.00023048323262078534,-0.1738977349628134,-0.17390352717510976
0.8163265306122448,0.7755102040816326,0.15641054441107652,7.713284186192408e-05,7.523989454139588e-05,-0.1563334115692146,-0.15633530451653513
0.836734693877551,0.7755102040816326,0.13875598173795156,2.1317311123243104e-05,2.0793628548514962e-05,-0.13873466442682833,-0.13873518810940305
0.8571428571428571,0.7755102040816326,0.12117032238835568,4.77740140608171e-06,4.65993032910505e-06,-0.12116554498694959,-0.12116566245802657
0.8775510204081632,0.7755102040816326,0.10365356636228899,8.150534178495154e-07,7.94994884762402e-07,-0.10365275130887114,-0.10365277136740424
0.8979591836734693,0.7755102040816326,0.08620571365975149,9.597271311193744e-08,9.360892770684566e-08,-0.08620561768703838,-0.08620562005082379
0.9183673469387754,0.7755102040816326,0.06882676428074297,6.617836295209518e-09,6.454719245510323e-09,-0.06882675766290668,-0.06882675782602372
0.9387755102040816,0.7755102040816326,0.051516718225263526,1.9636063871187306e-10,1.9151736510512594e-10,-0.05151671802890289,-0.05151671803374616
0.9591836734693877,0.7755102040816326,0.03427557549331327,1.2549154902264732e-12,1.2239426906239886e-12,-0.034275575492058355,-0.03427557549208932
0.9795918367346939,0.7755102040816326,0.017103336084892094,1.897728100317066e-16,1.8508615098603745e-16,-0.017103336084891903,-0.01710333608489191
1.0,0.7755102040816326,0.0,0.0,0.0,0.0,0.0
0.0,0.7857142857142857,0.9209198495097006,0.910025268832437,0.8948998703124327,-0.010894580677263677,-0.02601997919726795
0.02040816326530612,0.7857142857142857,0.9004686015397476,0.9090187924249189,0.893653874634258,0.008550190885171283,-0.006814726905489565
0.04081632653061224,0.7857142857142857,0.8800863937917486,0.9079938872993929,0.8923858835994057,0.02790749350764432,0.01229948980765716
0.061224489795918366,0.7857142857142857,0.8597732262657037,0.9069501667592041,0.8910954453283807,0.04717694049350041,0.03132221906267696
0.08163265306122448,0.7857142857142857,0.839529098961613,0.9058871674351243,0.8897820319977571,0.06635806847351133,0.05025293303614409
0.1020408163265306,0.7857142857142857,0.8193540118794763,0.9048037958782503,0.8884445003963249,0.08544978399877401,0.06909048851684862
0.12244897959183673,0.7857142857142857,0.7992479650192936,0.9036957410584635,0.8870785698536723,0.10444777603916988,0.08783060483437866
0.14285714285714285,0.7857142857142857,0.7792109583810651,0.90254745098778,0.885669002203172,0.12333649260671486,0.10645804382210688
0.16326530612244897,0.7857142857142857,0.7592429919647906,0.9013137454188779,0.8841716817841225,0.14207075345408726,0.12492868981933192
0.18367346938775508,0.7857142857142857,0.7393440657704703,0.8998866207354089,0.88248126714386,0.16054255496493863,0.1431372013733897
0.2040816326530612,0.7857142857142857,0.7195141797981038,0.8980464569732018,0.8803836495098142,0.178532277175098,0.16086946971171034
0.22448979591836732,0.7857142857142857,0.6997533340476917,0.8954033552233607,0.8774988078268979,0.195650021175669,0.17774547377920624
0.24489795918367346,0.7857142857142857,0.6800615285192335,0.891341796466788,0.8732269236011161,0.2112802679475545,0.19316539508188257
0.26530612244897955,0.7857142857142857,0.6604387632127294,0.8849873573651164,0.8667160197619274,0.22454859415238693,0.20627725654919793
0.2857142857142857,0.7857142857142857,0.6408850381281794,0.8752151615628374,0.8568703010172809,0.23433012343465798,0.21598526288910147
0.3061224489795918,0.7857142857142857,0.6214003532655835,0.8607146544521099,0.8424134037778277,0.2393143011865264,0.22101305051224418
0.32653061224489793,0.7857142857142857,0.6019847086249417,0.8401145987055859,0.8220103361267762,0.23812989008064422,0.22002562750183452
0.3469387755102041,0.7857142857142857,0.582638104206254,0.812158168342701,0.7944382183917599,0.2295200641364471,0.21180011418550593
0.36734693877551017,0.7857142857142857,0.5633605400095203,0.7759041577126479,0.7587824233891608,0.21254361770312757,0.1954218833796405
0.3877551020408163,0.7857142857142857,0.5441520160347407,0.7309203346421174,0.714624985500201,0.18676831860737664,0.1704729694654603
0.4081632653061224,0.7857142857142857,0.5250125322819151,0.677431758484805,0.6621890301298178,0.15241922620288983,0.13717649784790265
0.42857142857142855,0.7857142857142857,0.5059420887510437,0.6163917476434536,0.6024077293153041,0.11044965889240987,0.09646564056426032
0.44897959183673464,0.7857142857142857,0.48694068544212643,0.5494554465498909,0.5368982590008051,0.06251476110776444,0.04995757355867869
0.4693877551020408,0.7857142857142857,0.4680083223551631,0.47885313500002447,0.46783800429776706,0.010844812644861368,-0.000170318057396035
0.4897959183673469,0.7857142857142857,0.4491449994901539,0.4071788756937566,0.3977582534353496,-0.0419661237963973,-0.05138674605480431
0.5102040816326531,0.7857142857142857,0.43035071684709875,0.3371258342811332,0.3292859631040087,-0.09322488256596556,-0.10106475374309004
0.5306122448979591,0.7857142857142857,0.4116254744259978,0.27120928325836174,0.26487360459911824,-0.14041619116763604,-0.14675186982687954
0.5510204081632653,0.7857142857142857,0.39296927222685085,0.21151995521080413,0.20655870052387715,-0.18144931701604672,-0.1864105717029737
0.5714285714285714,0.7857142857142857,0.3743821102496579,0.15954387601446823,0.15578827599684036,-0.21483823423518966,-0.21859383425281753
0.5918367346938775,0.7857142857142857,0.3558639884944191,0.1160716948484079,0.11333064878153717,-0.23979229364601118,-0.2425333397128819
0.6122448979591836,0.7857142857142857,0.3374149069611345,0.08120379585319491,0.07928065850578023,-0.2562111111079396,-0.25813424845535426
0.6326530612244897,0.7857142857142857,0.31903486564980377,0.05444071922682325,0.05314809133482991,-0.2645941464229805,-0.2658867743149739
0.6530612244897959,0.7857142857142857,0.3007238645604272,0.03483503112215202,0.034006002708787564,-0.2658888334382752,-0.26671786185163965
0.673469387755102,0.7857142857142857,0.28248190369300474,0.021173206989989805,0.020668260711092432,-0.26130869670301493,-0.2618136429819123
0.6938775510204082,0.7857142857142857,0.2643089830475363,0.012155334597168683,0.01186490252340038,-0.25215364845036764,-0.2524440805241359
0.7142857142857142,0.7857142857142857,0.2462051026240221,0.006545928825925569,0.006389256515167883,-0.23965917379809654,-0.2398158461088542
0.7346938775510203,0.7857142857142857,0.22817026242246186,0.0032789813836590397,0.0032003788785856533,-0.22489128103880282,-0.2249698835438762
0.7551020408163265,0.7857142857142857,0.21020446244285568,0.001511870772528205,0.0014755772200064328,-0.20869259167032747,-0.20872888522284924
0.7755102040816326,0.7857142857142857,0.19230770268520353,0.0006331907560008403,0.0006179707660300389,-0.19167451192920268,-0.1916897319191735
0.7959183673469387,0.7857142857142857,0.17447998314950566,0.00023678968251212505,0.00023109117653422983,-0.17424319346699355,-0.17424889197297144
0.8163265306122448,0.7857142857142857,0.15672130383576174,7.730077532568501e-05,7.543843512344825e-05,-0.15664400306043605,-0.1566458654006383
0.836734693877551,0.7857142857142857,0.13903166474397188,2.13637381624528e-05,2.0848518695874786e-05,-0.13901030100580944,-0.139010816225276
0.8571428571428571,0.7857142857142857,0.12141106587413607,4.7878092359492265e-06,4.672235681951573e-06,-0.12140627806490012,-0.12140639363845411
0.8775510204081632,0.7857142857142857,0.10385950722625441,8.168295478507606e-07,7.970948800634572e-07,-0.10385869039670656,-0.10385871013137435
0.8979591836734693,0.7857142857142857,0.0863769888003269,9.61819065137731e-08,9.385627122237092e-08,-0.0863768926184204,-0.08637689494405568
0.9183673469387754,0.7857142857142857,0.06896351059635336,6.632264753230587e-09,6.471779315165485e-09,-0.06896350396408861,-0.06896350412457404
0.9387755102040816,0.7857142857142857,0.051619072614333864,1.967888468669224e-10,1.9202368333915813e-10,-0.051619072417545014,-0.05161907242231018
0.9591836734693877,0.7857142857142857,0.03434367485426852,1.2576526814894017e-12,1.2271792308500668e-12,-0.03434367485301087,-0.034343674853041344
0.9795918367346939,0.7857142857142857,0.01713731731615723,1.9018681826369123e-16,1.8557569483181565e-16,-0.01713731731615704,-0.017137317316157048
1.0,0.7857142857142857,0.0,0.0,0.0,0.0,0.0
0.0,0.7959183673469388,0.9227047074862872,0.9117394327326809,0.8969021974756655,-0.010965274753606313,-0.025802510010621726
0.02040816326530612,0.7959183673469388,0.9022138224370707,0.9107410745960691,0.8956669993683604,0.00852725215899841,-0.00654682306871035
0.04081632653061224,0.7959183673469388,0.8817921114184029,0.9097242868625385,0.8944097969785082,0.02793217544413562,0.01261768556010534
0.061224489795918366,0.7959183673469388,0.861439574430284,0.9086886794660206,0.8931301341177907,0.04724910503573665,0.03169055968750678
0.08163265306122448,0.7959183673469388,0.8411562114727137,0.907633785361446,0.8918274782825295,0.06647757388873232,0.05067126680981582
0.1020408163265306,0.7959183673469388,0.8209420225456922,0.9065585059121056,0.890500679782888,0.08561648336641348,0.0695586572371959
0.12244897959183673,0.7959183673469388,0.8007970076492192,0.9054585177672819,0.8891454430184188,0.10466151011806268,0.08834843536919956
0.14285714285714285,0.7959183673469388,0.7807211667832953,0.9043182320560982,0.8877464858100341,0.1235970652728029,0.10702531902673884
0.16326530612244897,0.7959183673469388,0.76071449994792,0.903092367116085,0.8862595720876411,0.14237786716816503,0.1255450721397211
0.18367346938775508,0.7959183673469388,0.7407770071430935,0.9016726811478148,0.8845790780763336,0.16089567400472138,0.14380207093324016
0.2040816326530612,0.7959183673469388,0.7209086883688156,0.8998390728891141,0.8824903248555314,0.17893038452029852,0.16158163648671575
0.22448979591836732,0.7959183673469388,0.7011095436250865,0.8972007908304921,0.8796122815967099,0.1960912472054056,0.17850273797162342
0.24489795918367346,0.7959183673469388,0.6813795729119062,0.8931409705074663,0.87534353642571,0.21176139759556012,0.19396396351380374
0.26530612244897955,0.7959183673469388,0.6617187762292746,0.8867832760022579,0.8688298471820832,0.22506449977298337,0.20711107095280867
0.2857142857142857,0.7959183673469388,0.6421271535771917,0.8770003670193173,0.8589725002292474,0.23487321344212553,0.21684534665205568
0.3061224489795918,0.7959183673469388,0.6226047049556577,0.8624788114429272,0.8444917232427076,0.23987410648726948,0.22188701828704993
0.32653061224489793,0.7959183673469388,0.6031514303646723,0.8418443496235086,0.8240489430776106,0.2386929192588363,0.22089751271293823
0.3469387755102041,0.7959183673469388,0.5837673298042356,0.8138373667936316,0.7964179740361315,0.230070036989396,0.21265064423189584
0.36734693877551017,0.7959183673469388,0.5644524032743478,0.7775145385558694,0.7606816747698656,0.21306213528152163,0.19622927149551783
0.3877551020408163,0.7959183673469388,0.5452066507750086,0.7324426054416296,0.7164208563169351,0.18723595466662102,0.17121420554192646
0.4081632653061224,0.7959183673469388,0.5260300723062182,0.6788470168004801,0.6638590975861518,0.15281694449426186,0.13782902527993357
0.42857142857142855,0.7959183673469388,0.5069226678679766,0.6176830583128426,0.6039318908581286,0.11076039044486607,0.09700922299015202
0.44897959183673464,0.7959183673469388,0.48788443746028376,0.5506093690724658,0.5382605406466165,0.06272493161218207,0.05037610318633279
0.4693877551020408,0.7959183673469388,0.4689153810831395,0.4798609840837518,0.46902805381861257,0.010945603000612258,0.00011267273547305168
0.4897959183673469,0.7959183673469388,0.4500154987365441,0.40803753082036265,0.39877230040467726,-0.04197796791618147,-0.05124319833186686
0.5102040816326531,0.7959183673469388,0.4311847904204974,0.3378379810758181,0.33012710692954633,-0.09334680934467932,-0.10105768349095107
0.5306122448979591,0.7959183673469388,0.4124232561349995,0.2717830575474268,0.26555139586743104,-0.1406401985875727,-0.1468718602675685
0.5510204081632653,0.7959183673469388,0.39373089588005034,0.21196805267062707,0.20708808985078858,-0.18176284320942326,-0.18664280602926175
0.5714285714285714,0.7959183673469388,0.3751077096556498,0.15988226859190602,0.15618809721898236,-0.2152254410637438,-0.21891961243666747
0.5918367346938775,0.7959183673469388,0.35655369746179805,0.11631814541361984,0.113621862869286,-0.2402355520481782,-0.24293183459251205
0.6122448979591836,0.7959183673469388,0.3380688592984953,0.08137637691736013,0.0794846016542039,-0.2566924823811352,-0.2585842576442914
0.6326530612244897,0.7959183673469388,0.319653195165741,0.054556519830114315,0.053284945061108466,-0.26509667533562664,-0.2663682501046325
0.6530612244897959,0.7959183673469388,0.3013067050635355,0.034909185302063654,0.03409364387577409,-0.26639751976147186,-0.26721306118776145
0.673469387755102,0.7959183673469388,0.28302938899187874,0.021218310005435826,0.020721569901773852,-0.2618110789864429,-0.26230781909010487
0.6938775510204082,0.7959183673469388,0.2648212469507707,0.012181243944178171,0.011895527418080679,-0.2526400030065925,-0.25292571953269
0.7142857142857142,0.7959183673469388,0.24668227894021155,0.0065598894897697605,0.006405758787774753,-0.2401223894504418,-0.2402765201524368
0.7346938775510203,0.7959183673469388,0.22861248496020106,0.00328597813825803,0.003208649765056973,-0.22532650682194302,-0.2254038351951441
0.7551020408163265,0.7959183673469388,0.21061186501073925,0.0015150983415472084,0.001479392681579555,-0.20909676666919205,-0.20913247232915969
0.7755102040816326,0.7959183673469388,0.19268041909182618,0.0006345430812218226,0.0006195694676220758,-0.19204587601060435,-0.1920608496242041
0.7959183673469387,0.7959183673469388,0.17481814720346203,0.00023729559986075427,0.0002316892840964704,-0.1745808516036013,-0.17458645791936556
0.8163265306122448,0.7959183673469388,0.15702504934564648,7.74659932131097e-05,7.563376520686707e-05,-0.15694758335243336,-0.15694941558043962
0.836734693877551,0.7959183673469388,0.13930112551837967,2.140941484595581e-05,2.090252170912459e-05,-0.1392797161035337,-0.13928022299667053
0.8571428571428571,0.7959183673469388,0.12164637572166156,4.7980489359407375e-06,4.684342252509824e-06,-0.12164157767272563,-0.12164169137940906
0.8775510204081632,0.7959183673469388,0.10406079995549228,8.185769988965172e-07,7.991609670647967e-07,-0.10405998137849339,-0.10406000079452521
0.8979591836734693,0.7959183673469388,0.0865443982198718,9.638772351248278e-08,9.409962259446668e-08,-0.08654430183214828,-0.0865443041202492
0.9183673469387754,0.7959183673469388,0.06909717051479995,6.646460425445257e-09,6.488564141467372e-09,-0.06909716386833953,-0.06909716402623581
0.9387755102040816,0.7959183673469388,0.05171911684027681,1.9721014891761954e-10,1.9252183572339972e-10,-0.05171911664306666,-0.05171911664775497
0.9591836734693877,0.7959183673469388,0.03441023719630249,1.2603457426133522e-12,1.230363590254259e-12,-0.034410237195042145,-0.03441023719507213
0.9795918367346939,0.7959183673469388,0.017170531582876885,1.905941538129791e-16,1.860573485690893e-16,-0.017170531582876694,-0.017170531582876698
1.0,0.7959183673469388,0.0,0.0,0.0,0.0,0.0
0.0,0.8061224489795917,0.9244492807899586,0.9134209390429684,0.898866377073519,-0.011028341746990189,-0.025582903716439565
0.02040816326530612,0.8061224489795917,0.9039196532798709,0.9124307511619658,0.8976420126855901,0.00851109788209492,-0.00627764059428082
0.04081632653061224,0.8061224489795917,0.8834593305888344,0.9114221366808736,0.8963956400696074,0.02796280609203916,0.012936309480772956
0.061224489795918366,0.8061224489795917,0.8630683127168494,0.9103947022630099,0.8951267988520202,0.04732638954616053,0.032058486135170816
0.08163265306122448,0.8061224489795917,0.8427465996639156,0.9093479772899233,0.8938349519768111,0.06660137762600771,0.051088352312895435
0.1020408163265306,0.8061224489795917,0.8224941914300331,0.9082808580621086,0.8925189434301112,0.08578666663207546,0.07002475200007807
0.12244897959183673,0.8061224489795917,0.8023110880152019,0.9071890091442685,0.8911744629673995,0.10487792112906658,0.08886337495219765
0.14285714285714285,0.8061224489795917,0.7821972894194221,0.9060568054038828,0.8897861851390457,0.12385951598446066,0.1075888957196236
0.16326530612244897,0.8061224489795917,0.7621527956426936,0.9048388653978863,0.8883097554069019,0.1426860697551927,0.12615695976420838
0.18367346938775508,0.8061224489795917,0.7421776066850163,0.9034267129244943,0.8866392721557009,0.16124910623947797,0.14446166547068462
0.2040816326530612,0.8061224489795917,0.7222717225463904,0.901599773013396,0.8845594953081776,0.17932805046700562,0.16228777276178719
0.22448979591836732,0.8061224489795917,0.7024351432268158,0.898966454948525,0.881688400125588,0.19653131172170923,0.17925325689877225
0.24489795918367346,0.8061224489795917,0.6826678687262925,0.894908569892082,0.8774230063085288,0.21224070116578952,0.19475513758223628
0.26530612244897955,0.8061224489795917,0.6629698990448205,0.888547899208015,0.8709068419708893,0.22557800016319451,0.2079369429260688
0.2857142857142857,0.8061224489795917,0.6433412341823997,0.8787546769869796,0.8610383205248802,0.23541344280457988,0.21769708634248042
0.3061224489795918,0.8061224489795917,0.6237818741390304,0.8642126381422338,0.8465343136681994,0.2404307640032034,0.222752439529169
0.32653061224489793,0.8061224489795917,0.6042918189147124,0.8435445471369125,0.826052722047858,0.23925272822220012,0.22176090313314556
0.3469387755102041,0.8061224489795917,0.5848710685094456,0.8154880427329598,0.7983641041031978,0.23061697422351424,0.2134930355937522
0.36734693877551017,0.8061224489795917,0.5655196229232301,0.7790977130909728,0.7625488414674583,0.21357809016774265,0.19702921854422817
0.3877551020408163,0.8061224489795917,0.5462374821560659,0.7339392851395448,0.7181865381503932,0.18770180298347883,0.1719490559943273
0.4081632653061224,0.8061224489795917,0.5270246462079531,0.6802385892713299,0.6655012160846991,0.15321394306337677,0.13847656987674606
0.42857142857142855,0.8061224489795917,0.5078811150788916,0.6189528444853736,0.6054306477167192,0.11107172940648202,0.09754953263782762
0.44897959183673464,0.8061224489795917,0.4888068887688814,0.5517441265634813,0.5396001976180202,0.06293723779459987,0.05079330884913885
0.4693877551020408,0.8061224489795917,0.4698019672779224,0.48085214816200833,0.4701984027004037,0.011050180884085936,0.0003964354224813005
0.4897959183673469,0.8061224489795917,0.4508663506060148,0.408882011716229,0.39976960854871985,-0.04198433888978581,-0.051096742057294975
0.5102040816326531,0.8061224489795917,0.4320000387531585,0.3385384022326059,0.33095440154590494,-0.09346163652055262,-0.10104563720725357
0.5306122448979591,0.8061224489795917,0.4132030317193536,0.27234740609376873,0.2662180529194077,-0.14085562562558485,-0.14698497879994588
0.5510204081632653,0.8061224489795917,0.3944753295045999,0.21240880394598932,0.2076088004713382,-0.18206652555861058,-0.1868665290332617
0.5714285714285714,0.8061224489795917,0.37581693210889744,0.16021512359520426,0.15658137575369818,-0.21560180851369318,-0.21923555635519926
0.5918367346938775,0.8061224489795917,0.35722783953224635,0.11656056954104743,0.11390831926671355,-0.24066726999119892,-0.2433195202655328
0.6122448979591836,0.8061224489795917,0.33870805177464675,0.08154614251945823,0.07968521775384801,-0.2571619092551885,-0.25902283402079873
0.6326530612244897,0.8061224489795917,0.32025756883609824,0.05467043376007284,0.05341956913674675,-0.2655871350760254,-0.2668379996993515
0.6530612244897959,0.8061224489795917,0.3018763907166011,0.03498213276044436,0.03417985886196952,-0.26689425795615673,-0.2676965318546316
0.673469387755102,0.8061224489795917,0.28356451741615524,0.021262679838649448,0.02077401252161703,-0.2623018375775058,-0.2627905048945382
0.6938775510204082,0.8061224489795917,0.2653219489347607,0.012206732524607342,0.011925654970283694,-0.25311521641015333,-0.253396293964477
0.7142857142857142,0.8061224489795917,0.2471486852724176,0.006573623633055249,0.006421993302674893,-0.24057506163936235,-0.2407266919697427
0.7346938775510203,0.8061224489795917,0.22904472642912568,0.0032928614573803448,0.0032167865599747945,-0.22575186497174535,-0.2258279398691509
0.7551020408163265,0.8061224489795917,0.21101007240488506,0.0015182736217798538,0.001483146330468864,-0.2094917987831052,-0.2095269260744162
0.7755102040816326,0.8061224489795917,0.19304472319969573,0.0006358735126177693,0.0006211422867427251,-0.19240884968707797,-0.192423580912953
0.7959183673469387,0.8061224489795917,0.17514867881355786,0.00023779333159417256,0.00023227771447028613,-0.17491088548196368,-0.17491640109908757
0.8163265306122448,0.8061224489795917,0.1573219392464712,7.76285394397493e-05,7.58259367107584e-05,-0.15724431070703146,-0.15724611330976043
0.836734693877551,0.8061224489795917,0.13956450449843583,2.1454353301774733e-05,2.0955651926996014e-05,-0.13954305014513405,-0.13954354884650882
0.8571428571428571,0.8061224489795917,0.1218763745694517,4.808123222193546e-06,4.696253252098414e-06,-0.12187156644622951,-0.1218716783161996
0.8775510204081632,0.8061224489795917,0.10425754945951898,8.202962340816348e-07,8.011936933012199e-07,-0.1042567291632849,-0.10425674826582568
0.8979591836734693,0.8061224489795917,0.08670802916863765,9.659021860535973e-08,9.433904625875961e-08,-0.08670793257841905,-0.0867079348295914
0.9183673469387754,0.8061224489795917,0.0692278136968075,6.660427067666969e-09,6.505078165242511e-09,-0.06922780703638043,-0.06922780719172933
0.9387755102040816,0.8061224489795917,0.05181690304402862,1.9762465624703318e-10,1.93011953958234e-10,-0.05181690284640396,-0.051816902851016665
0.9591836734693877,0.8061224489795917,0.03447529721030113,1.262995385091022e-12,1.233496610126743e-12,-0.034475297209038136,-0.03447529720906763
0.9795918367346939,0.8061224489795917,0.017202996195624924,1.9099492422559598e-16,1.865312393655389e-16,-0.017202996195624733,-0.017202996195624737
1.0,0.8061224489795917,0.0,0.0,0.0,0.0,0.0
0.0,0.8163265306122449,0.9261544786554513,0.9150704099431166,0.9007931358787062,-0.011084068712334694,-0.025361342776745066
0.02040816326530612,0.8163265306122449,0.9055869831111328,0.9140884394493932,0.8995796361492582,0.008501456338260382,-0.00600734696187466
0.04081632653061224,0.8163265306122449,0.8850889202224403,0.9130880491320159,0.8983441291002481,0.027999128909575566,0.013255208877807734
0.061224489795918366,0.8163265306122449,0.8646602899893738,0.9120688424819832,0.8970861502958205,0.047408552492609335,0.032425860306446674
0.08163265306122448,0.8163265306122449,0.8443010924119333,0.9110303454094201,0.8958051582548872,0.06672925299748678,0.05150406584295386
0.1020408163265306,0.8163265306122449,0.8240113274901187,0.9099714492762563,0.8944999907931634,0.08596012178613754,0.07048866330304471
0.12244897959183673,0.8163265306122449,0.8037909952239302,0.9088878067961736,0.893166323305063,0.10509681157224349,0.0893753280811328
0.14285714285714285,0.8163265306122449,0.7836400956133676,0.9077637571878087,0.891788787802285,0.1241236615744411,0.10814869218891743
0.16326530612244897,0.8163265306122449,0.763558628658431,0.906553820837739,0.8903229131911526,0.142995192179308,0.1267642845327216
0.18367346938775508,0.8163265306122449,0.7435465943591204,0.9051492908646005,0.8886625244292955,0.1616026965054801,0.1451159300701751
0.2040816326530612,0.8163265306122449,0.7236039927154357,0.9033291260622209,0.8865918291348661,0.1797251333467852,0.16298783641943038
0.22448979591836732,0.8163265306122449,0.703730823727377,0.9007009096936855,0.8837278242755106,0.1969700859663085,0.1799970005481335
0.24489795918367346,0.8163265306122449,0.6839270873949445,0.8966451492920442,0.8794659856932711,0.21271806189709974,0.1955388982983266
0.26530612244897955,0.8163265306122449,0.6641927837181377,0.8902817728999936,0.8729476465910666,0.22608898918185583,0.20875486287292888
0.2857142857142857,0.8163265306122449,0.644527912696957,0.8804786267265352,0.8630683921196826,0.23595071402957823,0.2185404794227256
0.3061224489795918,0.8163265306122449,0.6249324743314022,0.8659166565634235,0.8485417899422653,0.24098418223202134,0.22360931561086306
0.32653061224489793,0.8163265306122449,0.6054064686214735,0.8452156967099732,0.8280222686747243,0.2398092280884997,0.22261580005325077
0.3469387755102041,0.8163265306122449,0.5859498955671707,0.817110681133686,0.8002771802975771,0.23116078556651531,0.2143272847304064
0.36734693877551017,0.8163265306122449,0.5665627551684939,0.7806541413979132,0.7643844660265028,0.21409138622941937,0.19782171085800893
0.3877551020408163,0.8163265306122449,0.5472450474254431,0.735410804344418,0.7199225389472537,0.18816575691897486,0.17267749152181056
0.4081632653061224,0.8163265306122449,0.5279967723380182,0.6816068726407131,0.6671158537532867,0.15361010030269484,0.13911908141526852
0.42857142857142855,0.8163265306122449,0.5088179299062194,0.6202014652256379,0.6069044236643024,0.11138353531941847,0.09808649375808298
0.44897959183673464,0.8163265306122449,0.4897085201300466,0.5528600375522102,0.5409176059292742,0.06315151742216363,0.05120908579922756
0.4693877551020408,0.8163265306122449,0.4706685430094996,0.4818269036326225,0.47134937728490545,0.011158360623122865,0.0006808342754058283
0.4897959183673469,0.8163265306122449,0.45169799854457876,0.40971255249658767,0.4007504543330045,-0.04198544604799109,-0.05094754421157427
0.5102040816326531,0.8163265306122449,0.43279688673528377,0.3392272909157613,0.3317680750937654,-0.09356959581952246,-0.10102881164151839
0.5306122448979591,0.8163265306122449,0.4139652075816149,0.27290248381094323,0.2668737587429625,-0.1410627237706717,-0.14709144883865244
0.5510204081632653,0.8163265306122449,0.39520296108357195,0.2128423295206849,0.20812097472062863,-0.18236063156288704,-0.18708198636294332
0.5714285714285714,0.8163265306122449,0.3765101472411549,0.1605425316760576,0.15696821870455377,-0.2159676155650973,-0.21954192853660112
0.5918367346938775,0.8163265306122449,0.35788676605436387,0.11679903303464123,0.11419009572725165,-0.24108773301972264,-0.24369667032711223
0.6122448979591836,0.8163265306122449,0.339332817523199,0.08171313860361491,0.07988256109633515,-0.2576196789195841,-0.2594502564268638
0.6326530612244897,0.8163265306122449,0.3208483016476599,0.05478249176293865,0.05355199989683767,-0.2660658098847212,-0.2672963017508222
0.6530612244897959,0.8163265306122449,0.30243321842774684,0.03505389313881163,0.03426467088070337,-0.2673793252889352,-0.26816854754704345
0.673469387755102,0.8163265306122449,0.28408756786345973,0.021306328410373672,0.02082560265997268,-0.26278123945308607,-0.26326196520348705
0.6938775510204082,0.8163265306122449,0.2658113499547986,0.012231807172861658,0.011955293258145037,-0.25357954278193695,-0.25385605669665356
0.7142857142857142,0.8163265306122449,0.2476045647017636,0.006587134931774998,0.006437964405026717,-0.2410174297699886,-0.24116660029673687
0.7346938775510203,0.8163265306122449,0.22946721210435447,0.0032996331803505138,0.00322479143758131,-0.22616757892400396,-0.22624242066677316
0.7551020408163265,0.8163265306122449,0.21139929216257128,0.0015213974604366622,0.001486839168190176,-0.2098778947021346,-0.2099124529943811
0.7755102040816326,0.8163265306122449,0.19340080487641406,0.00063718240467966,0.0006226896424624748,-0.1927636224717344,-0.19277811523395158
0.7959183673469387,0.8163265306122449,0.17547175024588302,0.00023828301016485628,0.00023285662424280657,-0.17523346723571817,-0.17523889362164022
0.8163265306122448,0.8163265306122449,0.15761212827097779,7.778845721091208e-05,7.601500071454759e-05,-0.15753433981376688,-0.15753611327026323
0.836734693877551,0.8163265306122449,0.13982193895169853,2.1498565461894278e-05,2.100792345644957e-05,-0.13980044038623665,-0.1398009310282421
0.8571428571428571,0.8163265306122449,0.12210118228804524,4.81803476696349e-06,4.707971840154554e-06,-0.12209636425327829,-0.12209647431620509
0.8775510204081632,0.8163265306122449,0.104449858280018,8.219877090227994e-07,8.031935974658247e-07,-0.10444903629230898,-0.10444905508642054
0.8979591836734693,0.8163265306122449,0.08686796692761681,9.67894454100467e-08,9.457460561081114e-08,-0.08686787013817139,-0.0868678723530112
0.9183673469387754,0.8163265306122449,0.06935550823084148,6.674168375110554e-09,6.521325755666484e-09,-0.06935550155667311,-0.06935550170951572
0.9387755102040816,0.8163265306122449,0.0519124821896921,1.9803247844178996e-10,1.9349416761991617e-10,-0.05191248199165962,-0.05191248199619793
0.9591836734693877,0.8163265306122449,0.03453888880416878,1.2656023089438596e-12,1.2365791181937579e-12,-0.03453888880290317,-0.0345388888029322
0.9795918367346939,0.8163265306122449,0.01723472807427141,1.9138923531420007e-16,1.869974923392267e-16,-0.01723472807427122,-0.017234728074271222
1.0,0.8163265306122449,0.0,0.0,0.0,0.0,0.0
0.0,0.8265306122448979,0.9278211897958554,0.9166884557594125,0.9026831868177462,-0.011132734036442882,-0.025138002978109197
0.02040816326530612,0.8265306122448979,0.9072166809079274,0.9157147450962682,0.9014805776602356,0.00849806418834076,-0.005736103247691804
0.04081632653061224,0.8265306122448979,0.886681729626898,0.9147226250707139,0.9002559668212132,0.02804089544381594,0.013574237194315275
0.061224489795918366,0.8265306122448979,0.8662163359527669,0.9137116960991781,0.8990088859247407,0.0474953601464112,0.03279254997197378
0.08163265306122448,0.8265306122448979,0.8458204998855345,0.9126814807217895,0.8977387891912376,0.06686098083625491,0.05191828930570308
0.1020408163265306,0.8265306122448979,0.8254942214252005,0.9116308654853257,0.896444508418603,0.08613664406012522,0.07095028699340256
0.12244897959183673,0.8265306122448979,0.8052375005717649,0.910555491483543,0.8951217049202236,0.10531799091177807,0.08988420434845867
0.14285714285714285,0.8265306122448979,0.7850503373252279,0.9094396628906685,0.8937549688910602,0.12438932556544058,0.10870463156583232
0.16326530612244897,0.8265306122448979,0.7649327316855893,0.9082378035091855,0.8922997145660103,0.1433050718235962,0.12736698288042103
0.18367346938775508,0.8265306122448979,0.7448846836528492,0.9068409794438427,0.8906494978212578,0.16195629579099347,0.14576481416840859
0.2040816326530612,0.8265306122448979,0.7249061932270076,0.905027690609092,0.8885879826853714,0.1801214973820845,0.16368178945836387
0.22448979591836732,0.8265306122448979,0.7049972604080644,0.9024047072278173,0.8857312032061934,0.19740744681975286,0.18073394279812893
0.24489795918367346,0.8265306122448979,0.6851578851960198,0.8983512536252638,0.8814731155516794,0.21319336842924397,0.19631523035565956
0.26530612244897955,0.8265306122448979,0.6653880675908737,0.891985433462969,0.874952892287431,0.22659736587209534,0.20956482469655735
0.2857142857142857,0.8265306122448979,0.6456878075926259,0.8821727422155086,0.8650633342999203,0.23648493462288267,0.21937552670729443
0.3061224489795918,0.8265306122448979,0.6260571052012768,0.8675913797259109,0.8505147563594584,0.24153427452463416,0.22445765115818161
0.32653061224489793,0.8265306122448979,0.606495960416826,0.8468582951525432,0.8299581683978832,0.24036233473571722,0.2234622079810572
0.3469387755102041,0.8265306122448979,0.5870043732392738,0.8187057587142503,0.8021577645937279,0.23170138547497654,0.2151533913544541
0.36734693877551017,0.8265306122448979,0.5675823436686199,0.7821842757686902,0.7661890818082543,0.21460193210007028,0.19860673813963436
0.3877551020408163,0.8265306122448979,0.5482298717048647,0.7368575864124729,0.7216293580998098,0.1886277147076082,0.17339948639494507
0.4081632653061224,0.8265306122448979,0.5289469573480079,0.682952257000736,0.6687034708721582,0.15400529965272813,0.1397565135241503
0.42857142857142855,0.8265306122448979,0.5097336005980495,0.6214292736036963,0.6083536353996032,0.11169567300564676,0.09862003480155368
0.44897959183673464,0.8265306122448979,0.49058980145498976,0.553957415270049,0.5422131353409139,0.06336761381505929,0.051623333885924105
0.4693877551020408,0.8265306122448979,0.4715155599188283,0.4827855223117289,0.4724812985044991,0.011269962392900568,0.0009657385856707834
0.4897959183673469,0.8265306122448979,0.45251087598956546,0.41052938340752765,0.40171510965415946,-0.041981492582037816,-0.050795766335406
0.5102040816326531,0.8265306122448979,0.4335757496672011,0.3399048371057507,0.3325683519536286,-0.09367091256145038,-0.10100739771357248
0.5306122448979591,0.8265306122448979,0.4147101809517352,0.2734484430652812,0.2675186933172402,-0.14126173788645396,-0.14719148763449497
0.5510204081632653,0.8265306122448979,0.3959141698431678,0.21326874790164216,0.20862475259842023,-0.18264542194152564,-0.18728941724474757
0.5714285714285714,0.8265306122448979,0.3771877163414987,0.16086458200161408,0.15734873142118228,-0.21632313433988465,-0.21983898492031645
0.5918367346938775,0.8265306122448979,0.35853082044672824,0.11703360062256504,0.11446726873321378,-0.2414972198241632,-0.24406355171351446
0.6122448979591836,0.8265306122448979,0.33994348215885645,0.08187741036399762,0.0800766850870851,-0.25806607179485885,-0.25986679707177135
0.6326530612244897,0.8265306122448979,0.32142570147788285,0.054892724083765,0.053682273084193335,-0.26653297739411785,-0.26774342839368953
0.6530612244897959,0.8265306122448979,0.3029774784038078,0.03512448575890982,0.03434810276738588,-0.267852992644898,-0.2686293756364219
0.673469387755102,0.8265306122448979,0.28459881293663125,0.021349267447494345,0.020876354177070552,-0.2632495454891369,-0.2637224587595607
0.6938775510204082,0.8265306122448979,0.26628970507635313,0.012256474612317506,0.011984450228567282,-0.25403323046403564,-0.2543052548477859
0.7142857142857142,0.8265306122448979,0.24805015482297366,0.006600427002258469,0.006453676369464758,-0.2414497278207152,-0.2415964784535089
0.7346938775510203,0.8265306122448979,0.22988016217649257,0.003306295116664913,0.0032326665368594765,-0.22657386705982765,-0.2266474956396331
0.7551020408163265,0.8265306122448979,0.21177972713690993,0.001524470690999593,0.0014904721800304173,-0.21025525644591034,-0.2102892549568795
0.7755102040816326,0.8265306122448979,0.19374884970422573,0.0006384701061581979,0.0006242119470658352,-0.19311037959806754,-0.1931246377571599
0.7959183673469387,0.8265306122448979,0.1757875298784402,0.00023876476588186474,0.0002334261674671956,-0.17554876511255835,-0.17555410371097302
0.8163265306122448,0.8265306122448979,0.15789576765955302,7.7945789033151e-05,7.620100747156052e-05,-0.15781782187051988,-0.15781956665208147
0.836734693877551,0.8265306122448979,0.1400735630475643,2.154206306543027e-05,2.105935017642123e-05,-0.14005202098449887,-0.14005250369738786
0.8571428571428571,0.8265306122448979,0.12232091604247401,4.827786199333918e-06,4.719501125072288e-06,-0.12231608825627467,-0.12231619654134894
0.8775510204081632,0.8265306122448979,0.10463782664428231,8.236518719792968e-07,8.051612095527913e-07,-0.10463700299241033,-0.10463702148307276
0.8979591836734693,0.8265306122448979,0.08702429485298915,9.698545667873486e-08,9.480636302290589e-08,-0.08702419786753247,-0.08702420004662613
0.9183673469387754,0.8265306122448979,0.06948032066859434,6.6876879833699845e-09,6.537311211420016e-09,-0.06948031398090636,-0.06948031413128314
0.9387755102040816,0.8265306122448979,0.052005904091098,1.984337233210489e-10,1.9396860419483322e-10,-0.05200590389266428,-0.0520059038971294
0.9591836734693877,0.8265306122448979,0.03460104512050021,1.2681672029070156e-12,1.239611928836295e-12,-0.034601045119232045,-0.0346010451192606
0.9795918367346939,0.8265306122448979,0.01726574375680088,1.917771911860194e-16,1.874562305916317e-16,-0.017265743756800688,-0.01726574375680069
1.0,0.8265306122448979,0.0,0.0,0.0,0.0,0.0
0.0,0.8367346938775511,0.9294502828657933,0.9182756751904417,0.9045372292347569,-0.011174607675351611,-0.024913053631036464
0.02040816326530612,0.8367346938775511,0.9088095960343048,0.9173102622729818,0.9033455317156641,0.008500666238677068,-0.00546406431864066
0.04081632653061224,0.8367346938775511,0.8882385889408069,0.9163264540457037,0.9021318427601466,0.028087865104896803,0.013893253819339701
0.061224489795918366,0.8367346938775511,0.8677372615853,0.9153238479476342,0.9008956901736571,0.04758658636233426,0.03315842858835716
0.08163265306122448,0.8367346938775511,0.8473056139677837,0.914301963249765,0.8996365240039675,0.06699634928198128,0.05233091003618384
0.1020408163265306,0.8367346938775511,0.8269436460882581,0.913259681806291,0.8983531701827037,0.08631603571803292,0.07140952409444556
0.12244897959183673,0.8367346938775511,0.8066513579467234,0.9121926333196634,0.8970412762192894,0.10554127537294,0.09038991827256604
0.14285714285714285,0.8367346938775511,0.7864287495431794,0.9110850875158568,0.8956853912040327,0.12465633797267739,0.10925664166085325
0.16326530612244897,0.8367346938775511,0.7662758208776262,0.9098913731758739,0.8942408165564779,0.14361555229824763,0.12796499567885167
0.18367346938775508,0.8367346938775511,0.7461925719500638,0.9085023330000369,0.892600843350419,0.16230976104997308,0.14640827140035517
0.2040816326530612,0.8367346938775511,0.7261790027604922,0.9066960152658807,0.8905486006048317,0.18051701250538854,0.16436959784433947
0.22448979591836732,0.8367346938775511,0.7062351133089113,0.904078389934823,0.8876991745824975,0.19784327662591172,0.18146406127358616
0.24489795918367346,0.8367346938775511,0.6863609035953213,0.900027418227829,0.8834450255854513,0.21366651463250763,0.19708412199013003
0.26530612244897955,0.8367346938775511,0.666556373619722,0.8936594079155222,0.8769231992829669,0.22710303429580025,0.21036682566324494
0.2857142857142857,0.8367346938775511,0.6468215233821133,0.883837540309411,0.8670237556123609,0.23701601692729768,0.2202022322302476
0.3061224489795918,0.8367346938775511,0.6271563528824956,0.8692373118102591,0.8524538068036246,0.2420809589277635,0.225297453921129
0.32653061224489793,0.8367346938775511,0.6075608621208686,0.8484728307684828,0.8318609966342458,0.24091196864761422,0.22430013451337727
0.3469387755102041,0.8367346938775511,0.5880350510972323,0.8202737440791772,0.8040064094017237,0.23223869298194488,0.21597135830449143
0.36734693877551017,0.8367346938775511,0.5685789198115868,0.7836885608393089,0.7679632131462522,0.21510964102772212,0.19938429333466534
0.3877551020408163,0.8367346938775511,0.5491924682639322,0.7382800475698598,0.7233074865901714,0.18908757930592757,0.1741150183262392
0.4081632653061224,0.8367346938775511,0.5298756964542682,0.684275125903855,0.6702645200056445,0.15439942944958673,0.14038882355137627
0.42857142857142855,0.8367346938775511,0.510628604382595,0.6226366167952373,0.6097786926650419,0.11200801241264224,0.09915008828244687
0.44897959183673464,0.8367346938775511,0.49145119204891274,0.5550365677386966,0.5434871494638371,0.06358537568978384,0.052035957414924394
0.4693877551020408,0.8367346938775511,0.47234345945322104,0.4837282715097677,0.4735944819719076,0.011384812056546678,0.0012510225186865842
0.4897959183673469,0.8367346938775511,0.4533054065955202,0.411332730889978,0.40266384191546534,-0.041972675705542195,-0.050641564680054874
0.5102040816326531,0.8367346938775511,0.43433703347581015,0.34057122765174686,0.3333554528078237,-0.0937658058240633,-0.10098158066798646
0.5306122448979591,0.8367346938775511,0.4154383400940909,0.2739854337177925,0.2681530336621112,-0.14145290637629843,-0.14728530643197973
0.5510204081632653,0.8367346938775511,0.3966093264503624,0.21368817565137344,0.20912027180746456,-0.18292115079898896,-0.18748905464289783
0.5714285714285714,0.8367346938775511,0.37784999254462454,0.16118136227879615,0.15772301752801743,-0.2166686302658284,-0.2201269750166071
0.5918367346938775,0.8367346938775511,0.35916033837687755,0.11726433597478927,0.11473991351658239,-0.24189600240208828,-0.24442042486029517
0.6122448979591836,0.8367346938775511,0.3405403639471215,0.08203900225706089,0.08026764225978467,-0.2585013616900606,-0.26027272168733684
0.6326530612244897,0.8367346938775511,0.32199006925535595,0.05500116047459047,0.053810423859002046,-0.2669889087807655,-0.2681796453963539
0.6530612244897959,0.8367346938775511,0.3035094543015813,0.03519392962791753,0.03443017698566206,-0.2683155246736638,-0.2690792773159193
0.673469387755102,0.8367346938775511,0.28509851908579736,0.02139150848619337,0.020926280707746117,-0.263707010599604,-0.26417223837805126
0.6938775510204082,0.8367346938775511,0.2667572636080042,0.012280741457126241,0.012013133699352311,-0.25447652215087796,-0.2547441299086519
0.7142857142857142,0.8367346938775511,0.248485687868202,0.006613503402140149,0.006469133401244481,-0.24187218446606185,-0.24201655446695752
0.7346938775510203,0.8367346938775511,0.2302837918663904,0.003312849046475554,0.00324041396210489,-0.22697094281991484,-0.2270433779042855
0.7551020408163265,0.8367346938775511,0.21215157560256956,0.0015274941334445364,0.0014940463353106317,-0.21062408146912504,-0.21065752926725892
0.7755102040816326,0.8367346938775511,0.19408903907673947,0.0006397369601567732,0.0006257096061612369,-0.1934493021165827,-0.19346332947057823
0.7959183673469387,0.8367346938775511,0.17609618228890034,0.0002392387269455295,0.0002339864957036612,-0.1758569435619548,-0.17586219579319667
0.8163265306122448,0.8367346938775511,0.15817300523905184,7.810057672556549e-05,7.638400642238491e-05,-0.15809490466232629,-0.15809662123262946
0.836734693877551,0.8367346938775511,0.14031950792719408,2.158485766174736e-05,2.1109945741508423e-05,-0.14029792306953234,-0.14029839798145258
0.8571428571428571,0.8367346938775511,0.12253569035332706,4.837380105913221e-06,4.73084416502718e-06,-0.12253085297322115,-0.12253095950916204
0.8775510204081632,0.8367346938775511,0.1048215525174509,8.252891639718278e-07,8.07097050997861e-07,-0.10482072722828693,-0.1048207454203999
0.8979591836734693,0.8367346938775511,0.08717709441956559,9.71783043121339e-08,9.503437986056916e-08,-0.08717699724126128,-0.08717699938518572
0.9183673469387754,0.8367346938775511,0.06960231605967092,6.700989469380375e-09,6.553038761826418e-09,-0.06960230935868145,-0.06960230950663215
0.9387755102040816,0.8367346938775511,0.052097217437767,1.9882849696500864e-10,1.9443538911321078e-10,-0.0520972172389385,-0.052097217243331606
0.9591836734693877,0.8367346938775511,0.03466179855385392,1.2706907446113118e-12,1.2425958433052638e-12,-0.03466179855258323,-0.034661798552611325
0.9795918367346939,0.8367346938775511,0.017296059407931587,1.921588942703394e-16,1.8790757524015191e-16,-0.017296059407931396,-0.0172960594079314
1.0,0.8367346938775511,0.0,0.0,0.0,0.0,0.0
0.0,0.846938775510204,0.9310426069141443,0.9198326555286154,0.9063559491502217,-0.011209951385528938,-0.024686657763922648
0.02040816326530612,0.846938775510204,0.9103665586839643,0.9188755738995523,0.9051751796627696,0.008509015215588,-0.005191379021194709
0.04081632653061224,0.846938775510204,0.8897603095663392,0.9179001145124799,0.9039724334704029,0.028139804946140656,0.014212123904063678
0.061224489795918366,0.846938775510204,0.8692238595612694,0.916905871925588,0.9027472346806505,0.04768201236431868,0.033523375119381194
0.08163265306122448,0.846938775510204,0.8487572086687544,0.9158923622409866,0.9014990292937104,0.06713515357223221,0.052741820624956026
0.1020408163265306,0.846938775510204,0.8283603568887943,0.91485846274198,0.9002266375253831,0.08649810585318574,0.07186628063658884
0.12244897959183673,0.846938775510204,0.8080333042213893,0.9137997919658588,0.8989256933552087,0.1057664877444695,0.09089238913381936
0.14285714285714285,0.846938775510204,0.7877760506665393,0.9127005857783079,0.8975807054711819,0.1249245351117686,0.10980465480464252
0.16326530612244897,0.846938775510204,0.7675885962242442,0.9115150794781408,0.8961468643059194,0.14392648325389656,0.12855826808167514
0.18367346938775508,0.846938775510204,0.7474709408945043,0.9101338959153159,0.8945172003442675,0.16266295502081163,0.14704625944976324
0.2040816326530612,0.846938775510204,0.7274230846773192,0.9083346388606307,0.89247431604265,0.1809115541833115,0.16505123136533084
0.22448979591836732,0.846938775510204,0.7074450275726892,0.9057224905939744,0.8896323647781574,0.19827746302128513,0.1821873372054682
0.24489795918367346,0.846938775510204,0.6875367695806142,0.9016741690226562,0.8853823344245892,0.21413739944204202,0.19784556484397509
0.26530612244897955,0.846938775510204,0.6676983107010941,0.895304214073755,0.8788591769714713,0.22760590337266096,0.21116086627037722
0.2857142857142857,0.846938775510204,0.647929650934129,0.8854735289001082,0.8689502540507092,0.2375438779659792,0.22102060311658023
0.3061224489795918,0.846938775510204,0.628230790279719,0.8708549483106265,0.8543595249274474,0.24262415803090753,0.22612873464772842
0.32653061224489793,0.846938775510204,0.608601728737864,0.850059783501447,0.8337313189497341,0.24145805476358295,0.22512959021187007
0.3469387755102041,0.846938775510204,0.5890424663085639,0.821815097857318,0.8058236577301988,0.23277263154875405,0.21678119142163488
0.36734693877551017,0.846938775510204,0.5695530029918188,0.7851674337195006,0.7697073754992759,0.21561443072768183,0.20015437250745716
0.3877551020408163,0.846938775510204,0.5501333387876287,0.7396785970328505,0.7249574071320308,0.18954525824522184,0.17482406834440212
0.4081632653061224,0.846938775510204,0.5307834736959937,0.6855758564726051,0.6717994461316209,0.15479238277661145,0.14101597243562725
0.42857142857142855,0.846938775510204,0.5115034077169136,0.623823836180061,0.6111799983629542,0.11232042846314738,0.09967659064604062
0.44897959183673464,0.846938775510204,0.4922931408503886,0.5560977978568673,0.5447400058616569,0.0638046570064787,0.05244686501126833
0.4693877551020408,0.846938775510204,0.47315267309641845,0.48465541410622137,0.47468923806843,0.01150274100980292,0.0015365649720115448
0.4897959183673469,0.846938775510204,0.45408200445500335,0.41212281764263137,0.4035969141011568,-0.041959186812371985,-0.05048509035384657
0.5102040816326531,0.846938775510204,0.43508113492614325,0.3412266463232674,0.33412959470149245,-0.09385448860287587,-0.1009515402246508
0.5306122448979591,0.846938775510204,0.4161500645098382,0.2745136031653798,0.26877695388685263,-0.1416364613444584,-0.14737311062298558
0.5510204081632653,0.846938775510204,0.3972887932060881,0.21410072741989208,0.20960766779120765,-0.18318806578619604,-0.18768112541488047
0.5714285714285714,0.846938775510204,0.3784973210148929,0.16149295877822256,0.15809117895255592,-0.21700436223667036,-0.220406142062337
0.5918367346938775,0.846938775510204,0.35977564793625283,0.11749130172039637,0.1150081040794561,-0.24228434621585646,-0.24476754385679672
0.6122448979591836,0.846938775510204,0.34112377397016785,0.08219795801359181,0.08045548429062112,-0.25892581595657604,-0.26066828967954675
0.6326530612244897,0.846938775510204,0.32254169911663766,0.055107830202477566,0.05393648680832785,-0.2674338689141601,-0.2686052123083098
0.6530612244897959,0.846938775510204,0.3040294233756626,0.035262243443569916,0.0345109156334655,-0.26876717993209265,-0.2695185077421971
0.673469387755102,0.846938775510204,0.28558694674724244,0.021433062875050556,0.020975395665106703,-0.2641538838721919,-0.26461155108213574
0.6938775510204082,0.846938775510204,0.26721426923137725,0.01230461421398894,0.012041351361298969,-0.2549096550173883,-0.2551729178700783
0.7142857142857142,0.846938775510204,0.24891139082806724,0.006626367631312342,0.006484339637368516,-0.2422850231967549,-0.2424270511906987
0.7346938775510203,0.846938775510204,0.2306783115373121,0.0033192967210660205,0.003248035783488373,-0.2273590148162461,-0.22743027575382374
0.7551020408163265,0.846938775510204,0.21251503135911196,0.0015304685944601943,0.0014975625876447272,-0.21098456276465177,-0.21101746877146724
0.7755102040816326,0.846938775510204,0.19442155029346675,0.000640983304222918,0.0006271830187891452,-0.19378056698924384,-0.1937943672746776
0.7959183673469387,0.846938775510204,0.17639786834037674,0.00023970501948158155,0.00023453775805980064,-0.17615816332089515,-0.17616333058231695
0.8163265306122448,0.846938775510204,0.1584439854998416,7.825286143092031e-05,7.65640462080156e-05,-0.15836573263841067,-0.15836742145363358
0.836734693877551,0.846938775510204,0.1405599017718614,2.1626960613526356e-05,2.11597235855965e-05,-0.14053827481124787,-0.1405387420482758
0.8571428571428571,0.846938775510204,0.1227456171564362,4.846819031521075e-06,4.74200396878767e-06,-0.12274077033740467,-0.12274087515246741
0.8775510204081632,0.846938775510204,0.10500113165356606,8.269000188994027e-07,8.09001634816544e-07,-0.10500030475354716,-0.10500032265193124
0.8979591836734693,0.846938775510204,0.08732644526325099,9.736803937321616e-08,9.525871649881757e-08,-0.08732634789521163,-0.0873263500045345
0.9183673469387754,0.846938775510204,0.06972155798549079,6.714076352364427e-09,6.568512567970654e-09,-0.06972155127141444,-0.06972155141697822
0.9387755102040816,0.846938775510204,0.05218646982028556,1.9921690374295461e-10,1.9489464578227646e-10,-0.052186469621068654,-0.05218646962539091
0.9591836734693877,0.846938775510204,0.034721180767635404,1.2731736007622754e-12,1.2455316499331866e-12,-0.03472118076636223,-0.03472118076638987
0.9795918367346939,0.846938775510204,0.017325690827540218,1.925344453455469e-16,1.883516454500826e-16,-0.017325690827540027,-0.01732569082754003
1.0,0.846938775510204,0.0,0.0,0.0,0.0,0.0
0.0,0.8571428571428571,0.9325989918265505,0.9213599728774757,0.908140019514826,-0.011239018949074753,-0.024458972311724447
0.02040816326530612,0.8571428571428571,0.9118883803129346,0.9204112518586592,0.9069701899478683,0.00852287154572462,-0.004918190365066355
0.04081632653061224,0.8571428571428571,0.8912476845921254,0.9194441740420686,0.9057784027752123,0.02819648944994313,0.014530718183086822
0.061224489795918366,0.8571428571428571,0.8706769046641228,0.9184583312009759,0.9045641785263268,0.04778142653685302,0.033887273862203915
0.08163265306122448,0.8571428571428571,0.850176040528927,0.9174532363682347,0.903326959278094,0.06727719583930769,0.053150918749167
0.1020408163265306,0.8571428571428571,0.8297450921865378,0.916427762377046,0.902065559679809,0.08668267019050824,0.07232046749327115
0.12244897959183673,0.8571428571428571,0.8093840596369551,0.9153775168232026,0.9007756004522149,0.10599345718624742,0.0913915408152598
0.14285714285714285,0.8571428571428571,0.7890929428801793,0.9142867022919522,0.8994415505736875,0.1251937594117729,0.11034860769350818
0.16326530612244897,0.8571428571428571,0.76887174191621,0.913109462116212,0.8980184912910696,0.14423772020000203,0.1291467493748596
0.18367346938775508,0.8571428571428571,0.7487204567450474,0.9117362027950662,0.8963991966490652,0.16301574605001878,0.1476787399040178
0.2040816326530612,0.8571428571428571,0.7286390873666914,0.9099440906121874,0.8943657508576661,0.18130500324549603,0.16572666349097476
0.22448979591836732,0.8571428571428571,0.7086276337811421,0.9073375325501463,0.8915313890758945,0.19870989876900413,0.18290375529475233
0.24489795918367346,0.8571428571428571,0.6886860959883995,0.9032920226851692,0.8872856498222584,0.2146059266967697,0.19859955383385897
0.26530612244897955,0.8571428571428571,0.6688144739884635,0.8969203607121433,0.8807614241068278,0.22810588672367982,0.21194695011836429
0.2857142857142857,0.8571428571428571,0.6490127677813341,0.8870812070714413,0.870843417238808,0.23806843929010724,0.22183064945747388
0.3061224489795918,0.8571428571428571,0.6292809773670115,0.8724447761845839,0.8562324843288951,0.24316379881757244,0.2269515069618836
0.32653061224489793,0.8571428571428571,0.6096191027454955,0.8516196250781737,0.8355696912281052,0.24200052233267821,0.22595058848260974
0.3469387755102041,0.8571428571428571,0.5900271439167861,0.8233302728377404,0.807610043346518,0.23330312892095428,0.21758289942973186
0.36734693877551017,0.8571428571428571,0.5705051008808834,0.7866213241202467,0.7714220756017053,0.2161162232393633,0.20091697472082193
0.3877551020408163,0.8571428571428571,0.5510529736377873,0.7410536371260068,0.7265795943100382,0.19000066348821953,0.1755266206722509
0.4081632653061224,0.8571428571428571,0.5316707621874979,0.6868548195074866,0.6733086867687929,0.15518405731998874,0.14163792458129498
0.42857142857142855,0.8571428571428571,0.5123584665300152,0.6249912674389142,0.6125579486698696,0.11263280090889904,0.10019948213985441
0.44897959183673464,0.8571428571428571,0.49311608666533907,0.5571414034855582,0.5459720561513479,0.06402531682021911,0.05285596948600885
0.4693877551020408,0.8571428571428571,0.47394362259346956,0.4855672086231121,0.47576587203071286,0.01162358602964253,0.0018222494372432951
0.4897959183673469,0.8571428571428571,0.4548410743144068,0.41289986268382595,0.40451458484949393,-0.041941211630580844,-0.05032648946491286
0.5102040816326531,0.8571428571428571,0.43580844182815065,0.3418712738609607,0.33489099110256854,-0.09393716796718993,-0.10091745072558211
0.5306122448979591,0.8571428571428571,0.4168457251347012,0.2750330963813749,0.2693906252380276,-0.1418126287533263,-0.1474550998966736
0.5510204081632653,0.8571428571428571,0.3979529242340584,0.21450651597610512,0.21008707377087496,-0.1834464082579533,-0.18786585046318346
0.5714285714285714,0.8571428571428571,0.3791300391262221,0.1617994563577388,0.15845331595315704,-0.21733058276848333,-0.22067672317306508
0.5918367346938775,0.8571428571428571,0.3603770698111926,0.11771455946460321,0.11527191321416258,-0.2426625103465894,-0.24510515659703003
0.6122448979591836,0.8571428571428571,0.3416940162889699,0.0823543206505587,0.0806402620122833,-0.2593396956384112,-0.2610537542766866
0.6326530612244897,0.8571428571428571,0.32308087855955364,0.05521276205742023,0.05406049595545513,-0.26786811650213344,-0.2690203826040985
0.6530612244897959,0.8571428571428571,0.3045376566229441,0.03532944559919784,0.03459034044897362,-0.26920821102374626,-0.26994731617397044
0.673469387755102,0.8571428571428571,0.2860643504791412,0.02147394177809508,0.02102371224413793,-0.2645904087010461,-0.2650406382350033
0.6938775510204082,0.8571428571428571,0.2676609601281449,0.012328099283902298,0.012069110780266661,-0.2553328608442426,-0.2555918493478782
0.7142857142857142,0.8571428571428571,0.24932748556995543,0.006639023132862516,0.0064992991476946,-0.2426884624370929,-0.24282818642226084
0.7346938775510203,0.8571428571428571,0.2310639268045725,0.003325639863319691,0.003255534037609449,-0.2277382869412528,-0.22780839276696305
0.7551020408163265,0.8571428571428571,0.2128702838319962,0.001533394867663419,0.0015010218751940322,-0.21133688896433278,-0.21136926195680217
0.7755102040816326,0.8571428571428571,0.1947465566522265,0.0006422094704382827,0.0006286325775284266,-0.19410434718178823,-0.19411792407469808
0.7959183673469387,0.8571428571428571,0.17669274526526368,0.0002401637675747268,0.0002350801012302937,-0.17645258149768897,-0.17645766516403338
0.8163265306122448,0.8571428571428571,0.15870884967110738,7.84026836265848e-05,7.674117468278716e-05,-0.1586304469874808,-0.1586321084964246
0.836734693877551,0.8571428571428571,0.1407948698697577,2.1668383099782e-05,2.12086969254265e-05,-0.14077320148665792,-0.14077366117283227
0.8571428571428571,0.8571428571428571,0.12295080586121464,4.856105479863618e-06,4.752983496513331e-06,-0.12294594975573478,-0.12294605287771812
0.8775510204081632,0.8571428571428571,0.10517665764547832,8.284848636543491e-07,8.108754657400976e-07,-0.10517582916061466,-0.10517584677001257
0.8979591836734693,0.8571428571428571,0.08747242522254872,9.755471210073937e-08,9.547943233814767e-08,-0.08747232766783662,-0.08747232974311639
0.9183673469387754,0.8571428571428571,0.06983810859242566,6.726952094763635e-09,6.583736723800385e-09,-0.06983810186547357,-0.06983810200868894
0.9387755102040816,0.8571428571428571,0.05227370775510923,1.9959904634085416e-10,1.953464956188886e-10,-0.05227370755551018,-0.05227370755976273
0.9591836734693877,0.8571428571428571,0.03477922271059952,1.2756164273162874e-12,1.2484201243424826e-12,-0.034779222709323904,-0.034779222709351104
0.9795918367346939,0.8571428571428571,0.017354653458896446,1.9290394356573885e-16,1.8878855846607986e-16,-0.017354653458896252,-0.01735465345889626
1.0,0.8571428571428571,0.0,0.0,0.0,0.0,0.0
0.0,0.8673469387755102,0.9341202487579358,0.9228581923648624,0.9098901004584583,-0.011262056393073316,-0.02423014829947745
0.02040816326530612,0.8673469387755102,0.9133758540624867,0.9219178572046495,0.9087312183606554,0.008542003142162802,-0.004644635701831268
0.04081632653061224,0.8673469387755102,0.8927014892065946,0.9209591895258621,0.9075504020072515,0.028257700319267443,0.01484891280065681
0.061224489795918366,0.8673469387755102,0.8720971541902598,0.9199817784121073,0.9063471684686544,0.04788462422184747,0.03425001427839458
0.08163265306122448,0.8673469387755102,0.8515628490134818,0.9189851339259412,0.905120956021843,0.06742228491245938,0.05355810700836117
0.1020408163265306,0.8673469387755102,0.8310985736762609,0.9179681245703182,0.9038705738977627,0.08686955089405723,0.07277200022150176
0.12244897959183673,0.8673469387755102,0.810704328178597,0.916926347220709,0.9025916298264494,0.10622201904211204,0.09188730164785242
0.14285714285714285,0.8673469387755102,0.7903801125204901,0.9158439717537554,0.9012685537598029,0.1254638592332653,0.11088844123931274
0.16326530612244897,0.8673469387755102,0.7701259267019404,0.914675051030086,0.8998563195331533,0.1445491243281456,0.1297303928312129
0.18367346938775508,0.8673469387755102,0.7499417707229475,0.913309778643641,0.898247448836187,0.1633680079206935,0.14830567811323947
0.2040816326530612,0.8673469387755102,0.7298276445835118,0.9115248903017054,0.8962235158196604,0.18169724571819357,0.16639587123614863
0.22448979591836732,0.8673469387755102,0.7097835482836331,0.9089240298810337,0.8933968518639808,0.1991404815974006,0.18361330358034766
0.24489795918367346,0.8673469387755102,0.6898094818233114,0.904881486806061,0.8891555688462116,0.2150720049827496,0.19934608702290024
0.26530612244897955,0.8673469387755102,0.6699054452025467,0.8985083477215773,0.8826305289889667,0.2286029025190306,0.21272508378641997
0.2857142857142857,0.8673469387755102,0.650071438421339,0.8886610652521367,0.8727038226106523,0.23858962683079776,0.2226323841893133
0.3061224489795918,0.8673469387755102,0.6303074614796884,0.8740072740003435,0.8580732487246204,0.2436998125206551,0.22776578724493202
0.32653061224489793,0.8673469387755102,0.6106135143775948,0.8531528191493092,0.8373766598368814,0.24253930477171437,0.22676314545928655
0.3469387755102041,0.8673469387755102,0.5909895971150583,0.8248197141032945,0.8093660909342106,0.2338301169882362,0.21837649381915236
0.36734693877551017,0.8673469387755102,0.5714357096920787,0.7880506544791357,0.7731078116113319,0.216614944787057,0.20167210191925322
0.3877551020408163,0.8673469387755102,0.5519518521086562,0.7424055633983526,0.728174514716824,0.19045371128969646,0.17622266260816788
0.4081632653061224,0.8673469387755102,0.5325380243647907,0.6881123795930381,0.6747926721018414,0.15557435522824736,0.14225464773705065
0.42857142857142855,0.8673469387755102,0.5131942264604823,0.6261392406487093,0.6139129331488768,0.112945014188227,0.10071870668839455
0.44897959183673464,0.8673469387755102,0.49392045839573095,0.5581676775318954,0.5471836461022179,0.06424721913616449,0.05326318770648697
0.4693877551020408,0.8673469387755102,0.4747167201705365,0.4864639092972775,0.47682468403608036,0.011747189126740998,0.0021079638655438493
0.4897959183673469,0.8673469387755102,0.45558301178489913,0.41366408141240485,0.4054171085246252,-0.04191893037249428,-0.050165903260273925
0.5102040816326531,0.8673469387755102,0.4365193332388188,0.34250528802655467,0.33563985196076607,-0.09401404521226414,-0.10087948127805274
0.5306122448979591,0.8673469387755102,0.41752568453229555,0.2755440559554069,0.26999421614657637,-0.14198162857688867,-0.14753146838571918
0.5510204081632653,0.8673469387755102,0.39860206566532935,0.21490565223869046,0.21055862078194665,-0.1836964134266389,-0.1880434448833827
0.5714285714285714,0.8673469387755102,0.37974847663792,0.16210093848556129,0.15880952714638605,-0.2176475381523587,-0.22093894949153395
0.5918367346938775,0.8673469387755102,0.36096491745006776,0.11793416980550497,0.11553141252304229,-0.24303074764456278,-0.24543350492702548
0.6122448979591836,0.8673469387755102,0.34225138810177275,0.08250813248276631,0.0808220254277339,-0.25974325561900646,-0.2614293626740388
0.6326530612244897,0.8673469387755102,0.3236078885930345,0.055315984360122306,0.05418248476908085,-0.2682919042329122,-0.2694254038239537
0.6530612244897959,0.8673469387755102,0.3050344189238534,0.035395554188684716,0.034668472816465866,-0.2696388647351687,-0.27036594610738757
0.673469387755102,0.8673469387755102,0.2865309790942293,0.021514156177807237,0.021071243425251504,-0.2650168229164221,-0.2654597356689778
0.6938775510204082,0.8673469387755102,0.2680975691041622,0.012351202963876148,0.012096419399205383,-0.25574636614028606,-0.25600114970495685
0.7142857142857142,0.8673469387755102,0.2497341889536523,0.006651473293995404,0.006514015936025525,-0.2430827156596569,-0.24322017301762677
0.7346938775510203,0.8673469387755102,0.2314408386426993,0.0033318801681803583,0.0032629107280408272,-0.22810895847451892,-0.22817792791465846
0.7551020408163265,0.8673469387755102,0.2132175181713033,0.0015362737338110583,0.0015044251209177179,-0.21168124443749226,-0.21171309305038558
0.7755102040816326,0.8673469387755102,0.1950642275394643,0.0006434157855071527,0.0006300586686009907,-0.19442081175395717,-0.19443416887086332
0.7959183673469387,0.8673469387755102,0.17698096674718253,0.00024061509330167776,0.0002356136695359528,-0.17674035165388086,-0.17674535307764658
0.8163265306122448,0.8673469387755102,0.15896773579445767,7.855008313529484e-05,7.691543892709736e-05,-0.15888918571132238,-0.15889082035553057
0.836734693877551,0.8673469387755102,0.14102453468128978,2.1709136118831913e-05,2.125687876410532e-05,-0.14100282554517096,-0.14100327780252567
0.8571428571428571,0.8673469387755102,0.1231513634076789,4.8652419141976965e-06,4.763785660540217e-06,-0.1231464981657647,-0.12314659962201836
0.8775510204081632,0.8673469387755102,0.10534822197362513,8.300441182354617e-07,8.12719040349307e-07,-0.1053473919295069,-0.10534740925458479
0.8979591836734693,0.8673469387755102,0.08761511037912847,9.773837192255068e-08,9.569658582026631e-08,-0.08761501264075655,-0.08761501468254265
0.9183673469387754,0.8673469387755102,0.06995202862418871,6.739620103154439e-09,6.598715257209214e-09,-0.06995202188456862,-0.06995202202547346
0.9387755102040816,0.8673469387755102,0.052358976708805946,1.9997502578850628e-10,1.9579105808163805e-10,-0.05235897650883092,-0.05235897651301489
0.9591836734693877,0.8673469387755102,0.034835954632980295,1.2780198696538915e-12,1.251262029650391e-12,-0.034835954631702276,-0.03483595463172903
0.9795918367346939,0.8673469387755102,0.017382962396711648,1.9326748648690168e-16,1.8921842964311606e-16,-0.017382962396711454,-0.017382962396711457
1.0,0.8673469387755102,0.0,0.0,0.0,0.0,0.0
0.0,0.8775510204081632,0.935607170555263,0.9243278683520176,0.9116068395344668,-0.011279302203245356,-0.02400033102079624
0.02040816326530612,0.8775510204081632,0.9148297551725031,0.9233959403685827,0.9104589082738718,0.008566185196079656,-0.00437084689863132
0.04081632653061224,0.8775510204081632,0.894122481101988,0.9224457073766066,0.9092890702437026,0.028323226274618585,0.015166589141714648
0.061224489795918366,0.8775510204081632,0.8734853483437178,0.9214767558645869,0.908096839173416,0.047991407520869056,0.034611490829698166
0.08163265306122448,0.8775510204081632,0.8529183568976925,0.9204885930230489,0.9068816496626098,0.0675702361253564,0.05396329276491729
0.1020408163265306,0.8775510204081632,0.832421506763912,0.9194800831435989,0.9056423056708427,0.08705857637968684,0.07322079890693067
0.12244897959183673,0.8775510204081632,0.8119947979423765,0.9184468126000762,0.9043744022025321,0.10645201465769971,0.09237960426015557
0.14285714285714285,0.8775510204081632,0.7916382304330858,0.917372919124404,0.9030623308567943,0.1257346886913182,0.11142410042370854
0.16326530612244897,0.8775510204081632,0.77135180423604,0.9162123665761621,0.9016609598051785,0.14486056234012212,0.13030915556913847
0.18367346938775508,0.8775510204081632,0.7511355193512391,0.9148551390369187,0.9000625624047476,0.1637196196856796,0.14892704305350846
0.2040816326530612,0.8775510204081632,0.730989375778683,0.9130775484410951,0.8980482108072626,0.18208817266241217,0.16705883502857966
0.22448979591836732,0.8775510204081632,0.7109133735183718,0.9104824875613988,0.8952293468293175,0.19956911404302702,0.18431597331094574
0.24489795918367346,0.8775510204081632,0.6909075125703056,0.9064430600511841,0.8909926780668421,0.21553554748087855,0.20008516549653654
0.26530612244897955,0.8775510204081632,0.6709717929344842,0.900068666264632,0.8844670696465745,0.22909687333014783,0.21349527671209034
0.2857142857142857,0.8775510204081632,0.6511062146109076,0.8902135853660648,0.874532037587276,0.2391073707551572,0.22342582297636848
0.3061224489795918,0.8775510204081632,0.6313107775995759,0.8755429120814461,0.8598823721203674,0.2442321344818702,0.22857159452079157
0.32653061224489793,0.8775510204081632,0.6115854819004891,0.8546598214278218,0.8391527617904314,0.2430743395273327,0.2275672798899423
0.3469387755102041,0.8775510204081632,0.5919303275136472,0.8262838591619057,0.8110923162477245,0.23435353164825856,0.21916198873407733
0.36734693877551017,0.8775510204081632,0.57234531443905,0.7894558400835989,0.774765073254663,0.2171105256445489,0.20241975881561303
0.3877551020408163,0.8775510204081632,0.5528304426766979,0.743734764737588,0.7297426270877116,0.19090432206089014,0.17691218441101375
0.4081632653061224,0.8775510204081632,0.5333857122265906,0.6893488952021299,0.6762518251044696,0.15596318297553935,0.14286611287787898
0.42857142857142855,0.8775510204081632,0.5140111230887282,0.6272680803761483,0.6152453348601121,0.11325695728742013,0.10123421177138392
0.44897959183673464,0.8775510204081632,0.4947066752631107,0.5591769080315857,0.54837511573323,0.06447023276847502,0.05366844047011926
0.4693877551020408,0.8775510204081632,0.475472368749738,0.48734576615144887,0.47786596928644914,0.011873397401710895,0.0023936005367111712
0.4897959183673469,0.8775510204081632,0.4563082035486102,0.4144156856675668,0.4063047352872614,-0.04189251788104337,-0.05000346826134877
0.5102040816326531,0.8775510204081632,0.43721417965972725,0.3431288636519807,0.33637638376559587,-0.09408531600774656,-0.10083779589413139
0.5306122448979591,0.8775510204081632,0.41819029708308925,0.27604662213261505,0.2705878922741333,-0.1421436749504742,-0.14760240480895592
0.5510204081632653,0.8775510204081632,0.3992365558186961,0.21529824530646718,0.2110224377100343,-0.18393831051222892,-0.18821411810866182
0.5714285714285714,0.8775510204081632,0.3803529558665477,0.16239748726304265,0.1591599095339101,-0.21795546860350506,-0.22119304633263762
0.5918367346938775,0.8775510204081632,0.3615394972266443,0.11815019235054511,0.11578667243790852,-0.2433893048760992,-0.24575282478873578
0.6122448979591836,0.8775510204081632,0.3427961798989859,0.08265943513432059,0.08100082372375683,-0.2601367447646653,-0.2617953561752291
0.6326530612244897,0.8775510204081632,0.3241230038835722,0.05541752496964925,0.05430248617235677,-0.26870547891392293,-0.2698205177112154
0.6530612244897959,0.8775510204081632,0.30551996918040336,0.03546058701134279,0.03474533377208654,-0.27005938216906056,-0.2707746354083168
0.673469387755102,0.8775510204081632,0.28698707578947946,0.021553716878071394,0.021118001977775285,-0.26543335891140807,-0.26586907381170416
0.6938775510204082,0.8775510204081632,0.26852432371080037,0.012373931448623086,0.012123284540152787,-0.2561503922621773,-0.2564010391706476
0.7142857142857142,0.8775510204081632,0.2501317129443663,0.006663721446940153,0.006528493941181412,-0.24346799149742615,-0.2436032190031849
0.7346938775510203,0.8775510204081632,0.23180924349017704,0.0033380193031053856,0.0032701678258640655,-0.22847122418707166,-0.22853907566431297
0.7551020408163265,0.8775510204081632,0.2135569153482326,0.0015391059610083664,0.0015077732328191715,-0.21201780938722423,-0.21204914211541342
0.7755102040816326,0.8775510204081632,0.19537472851853302,0.0006446025708435336,0.000631461671974738,-0.1947301259476895,-0.1947432668465583
0.7959183673469387,0.8775510204081632,0.17726268300107847,0.00024105911676365046,0.00023613860496214082,-0.17702162388431483,-0.17702654439611634
0.8163265306122448,0.8775510204081632,0.15922077879586868,7.869509913574108e-05,7.708688525992488e-05,-0.15914208369673294,-0.15914369191060876
0.836734693877551,0.8775510204081632,0.14124901590290376,2.1749230491217548e-05,2.1304281894559065e-05,-0.14122726667241253,-0.1412277116210092
0.8571428571428571,0.8775510204081632,0.12334739432218368,4.874230757984397e-06,4.774413326153536e-06,-0.1233425200914257,-0.12334261990885753
0.8775510204081632,0.8775510204081632,0.10551591405370854,8.315781958593253e-07,8.145328472061058e-07,-0.10551508247551268,-0.10551509952086133
0.8979591836734693,0.8775510204081632,0.08775457509747836,9.791906746867622e-08,9.591023444356702e-08,-0.0877544771784109,-0.08775447918724391
0.9183673469387754,0.8775510204081632,0.07006337745349293,6.7520837291496165e-09,6.613452131102474e-09,-0.07006337070140921,-0.0700633708400408
0.9387755102040816,0.8775510204081632,0.052442321121752344,2.0034494148625363e-10,1.9622845070243312e-10,-0.0524423209214074,-0.052442320925523894
0.9591836734693877,0.8775510204081632,0.03489140610225672,1.2803845627503064e-12,1.2540581166705923e-12,-0.03489140610097633,-0.03489140610100266
0.9795918367346939,0.8775510204081632,0.017410632395005933,1.9362517009266895e-16,1.896413724769373e-16,-0.01741063239500574,-0.017410632395005742
1.0,0.8775510204081632,0.0,0.0,0.0,0.0,0.0
0.0,0.8877551020408163,0.9370605321707485,0.9257695446387064,0.9132908719592628,-0.011290987532042052,-0.023769660211485633
0.02040816326530612,0.8877551020408163,0.9162508413855155,0.9248460413593932,0.9121538908784267,0.008595199973877699,-0.0040969505070888035
0.04081632653061224,0.8877551020408163,0.89551140086925,0.9239042637256016,0.9109950345368918,0.028392862856351675,0.015483633667641827
0.061224489795918366,0.8877551020408163,0.8748422106219519,0.9229437957245515,0.909813813440343,0.04810158510259965,0.03497160281839107
0.08163265306122448,0.8877551020408163,0.8542432706436212,0.9219641417722843,0.9086096586326025,0.0677208711286631,0.0543663879889813
0.1020408163265306,0.8877551020408163,0.8337145809342578,0.9209641620669756,0.9073813689475821,0.08724958113271786,0.07366678801332438
0.12244897959183673,0.8877551020408163,0.8132561414938618,0.9199394326970329,0.9061245269261626,0.1066832912031711,0.0928683854323008
0.14285714285714285,0.8877551020408163,0.7928679523224333,0.9188740598056935,0.9048234864790141,0.12600610748326013,0.11195553415658077
0.16326530612244897,0.8877551020408163,0.7725500134199722,0.9177219197006677,0.9034330118354783,0.14517190628069554,0.1308829984155061
0.18367346938775508,0.8877551020408163,0.7523023247864785,0.9163727902917526,0.9018451319805839,0.16407046550527404,0.1495428071941054
0.2040816326530612,0.8877551020408163,0.7321248864219522,0.9146025664384572,0.8998404250023219,0.182477680016505,0.1677155385803697
0.22448979591836732,0.8877551020408163,0.7120176983263933,0.9120134016244081,0.8970294571470865,0.19999570329801486,0.1850117588206932
0.24489795918367346,0.8877551020408163,0.6919807604998017,0.9079772323186307,0.8927975537419218,0.21599647181882897,0.2008167932421201
0.26530612244897955,0.8877551020408163,0.6720140729421776,0.9016017989281263,0.8862716140166054,0.22958772598594868,0.21425754107442774
0.2857142857142857,0.8877551020408163,0.6521176356535209,0.8917392409798826,0.8763286197505649,0.23962160532636168,0.22421098409704399
0.3061224489795918,0.8877551020408163,0.6322914486338316,0.8770521526489511,0.8616603989784357,0.2447607040151195,0.22936895034460414
0.32653061224489793,0.8877551020408163,0.6125355118831097,0.8561410798250373,0.840898524910256,0.24360556794192756,0.22836301302714623
0.3469387755102041,0.8877551020408163,0.5928498254013552,0.8277231380756266,0.8127892262645361,0.23487331267427136,0.21993940086318087
0.36734693877551017,0.8877551020408163,0.5732343891885681,0.790837289192051,0.7763943419697622,0.21760290000348292,0.20315995278119414
0.3877551020408163,0.8877551020408163,0.5536892032447485,0.7450416234823753,0.7312843824331551,0.19135242023762689,0.17759517918840662
0.4081632653061224,0.8877551020408163,0.5342142675698961,0.6905647187985053,0.6776865616603818,0.15635045122860924,0.14347229409048567
0.42857142857142855,0.8877551020408163,0.5148095821640112,0.6283781057697833,0.6165555304693995,0.11356852360577208,0.1017459483053883
0.44897959183673464,0.8877551020408163,0.49547514702709383,0.5601693782299935,0.549546799408704,0.06469423120289963,0.05407165238161016
0.4693877551020408,0.8877551020408163,0.47621096215914366,0.4882130250641479,0.4788900180908495,0.012002062905004218,0.002679055931705865
0.4897959183673469,0.8877551020408163,0.457017027560161,0.4151548837877283,0.40717771116418033,-0.04186214377243269,-0.04983931639598066
0.5102040816326531,0.8877551020408163,0.43789334323014567,0.34374217268768725,0.3371007896034235,-0.09415117054245842,-0.10079255362672218
0.5306122448979591,0.8877551020408163,0.41883990916909786,0.2765409328522158,0.27117181655858097,-0.14229897631688204,-0.1476680926105169
0.5510204081632653,0.8877551020408163,0.39985672537701744,0.21568440248826704,0.21147865132616833,-0.1841723228887504,-0.1883780740508491
0.5714285714285714,0.8877551020408163,0.38094379185390426,0.1626891834470639,0.15950455852895293,-0.21825460840684036,-0.22143923332495133
0.5918367346938775,0.8877551020408163,0.3621011085997586,0.11836268573271594,0.11603776223918924,-0.24373842286704264,-0.24606334636056934
0.6122448979591836,0.8877551020408163,0.34332867561458047,0.08280826954990621,0.08117670528428346,-0.26052040606467425,-0.262151970330297
0.6326530612244897,0.8877551020408163,0.32462649289836953,0.055517411290954985,0.054420532551784355,-0.26910908160741454,-0.2702059603465852
0.6530612244897959,0.8877551020408163,0.3059945604511261,0.03552456157670984,0.03482094400951373,-0.27046999887441625,-0.27117361644161236
0.673469387755102,0.8877551020408163,0.28743287827285,0.021592634507080898,0.02116400046338658,-0.26584024376576915,-0.26626887780946346
0.6938775510204082,0.8877551020408163,0.26894144636354134,0.012396290832220623,0.012149713406198782,-0.25654515553132073,-0.25679173295734253
0.7142857142857142,0.8877551020408163,0.2505202647232002,0.006675770869842739,0.006542737038054545,-0.24384449385335746,-0.24397752768514566
0.7346938775510203,0.8877551020408163,0.23216933335182635,0.0033440589085115035,0.0032773072701965346,-0.22882527444331485,-0.2288920260816298
0.7551020408163265,0.8877551020408163,0.21388865224941989,0.001541892304914042,0.0015110671041883672,-0.21234675994450583,-0.21237758514523153
0.7755102040816326,0.8877551020408163,0.1956782214159808,0.0006457701426568234,0.0006328419614648401,-0.19503245127332397,-0.19504537945451594
0.7959183673469387,0.8877551020408163,0.1775380408515093,0.00024149595611833586,0.00023665504719656803,-0.17729654489539096,-0.17730138580431273
0.8163265306122448,0.8877551020408163,0.15946811055600504,7.883777017298571e-05,7.725555925114434e-05,-0.15938927278583206,-0.1593908549967539
0.836734693877551,0.8877551020408163,0.1414684305294682,2.1788676862577968e-05,2.13509189029306e-05,-0.1414466418526056,-0.14144707961056527
0.8571428571428571,0.8877551020408163,0.12353900077189871,4.883074395532005e-06,4.784869312347819e-06,-0.12353411769750318,-0.12353421590258636
0.8775510204081632,0.8877551020408163,0.1056798212832967,8.330875030698403e-07,8.16317366983071e-07,-0.10567898819579363,-0.10567900496592972
0.8979591836734693,0.8877551020408163,0.08789089206366217,9.809684658419926e-08,9.61204347783567e-08,-0.08789079396681558,-0.08789079594322739
0.9183673469387754,0.8877551020408163,0.07017221311299493,6.764346270285117e-09,6.6279512444458114e-09,-0.07017220634864867,-0.07017220648504369
0.9387755102040816,0.8877551020408163,0.05252378443129505,2.0070889123126373e-10,1.966587891175741e-10,-0.05252378423058616,-0.052523784234636266
0.9591836734693877,0.8877551020408163,0.034945606018562655,1.282711131343193e-12,1.2568091241115788e-12,-0.034945606017279945,-0.03494560601730585
0.9795918367346939,0.8877551020408163,0.01743767787479764,1.9397708881966394e-16,1.9005749863402932e-16,-0.017437677874797445,-0.01743767787479745
1.0,0.8877551020408163,0.0,0.0,0.0,0.0,0.0
0.0,0.8979591836734693,0.9384810910657513,0.9271837546644305,0.9149428208473596,-0.011297336401320801,-0.02353827021839172
0.02040816326530612,0.8979591836734693,0.9176398533416256,0.9262686899612423,0.9138167854140726,0.008628836619616775,-0.0038230679275529367
0.04081632653061224,0.8979591836734693,0.8968689723840103,0.9253353846161888,0.9126689101405818,0.028466412232178495,0.015799937756571514
0.061224489795918366,0.8979591836734693,0.8761684481929057,0.9243834202082926,0.9114987024250225,0.048214972015386826,0.035330254232116776
0.08163265306122448,0.8979591836734693,0.8555382807683117,0.9234122984759138,0.9103055898760984,0.06787401770760204,0.05476730910778671
0.1020408163265306,0.8979591836734693,0.8349784701102282,0.9224208756407083,0.9090883663465553,0.0874424055304801,0.07410989623632713
0.12244897959183673,0.8979591836734693,0.8144890162186552,0.9214047177193634,0.9078426021728159,0.10691570150070817,0.09335358595416066
0.14285714285714285,0.8979591836734693,0.7940699190935928,0.920347899814687,0.9065526142321848,0.1262779807210942,0.11248269513859199
0.16326530612244897,0.8979591836734693,0.773721178735041,0.9192042121099471,0.905173064507565,0.1454830333749061,0.13145188577252398
0.18367346938775508,0.8979591836734693,0.7534427951429997,0.9178632296323764,0.9035957415116608,0.1644204344893767,0.15015294636866106
0.2040816326530612,0.8979591836734693,0.7332347683174689,0.9161004367605651,0.9016007370808067,0.18286566844309615,0.16836596876333776
0.22448979591836732,0.8979591836734693,0.7130970982584488,0.9135172593201034,0.8987977556670388,0.2004201610616546,0.18570065740859
0.24489795918367346,0.8979591836734693,0.6930297849659391,0.9094844848930385,0.8945707619980889,0.21645469992709931,0.2015409770321498
0.26530612244897955,0.8979591836734693,0.6730328284399401,0.9031082198730084,0.8880447201206517,0.23007539143306832,0.21501189168071166
0.2857142857142857,0.8979591836734693,0.6531062286804514,0.8932384974481129,0.878094117014049,0.24013226876766147,0.22498788833359762
0.3061224489795918,0.8979591836734693,0.6332499856874735,0.8785354499611705,0.8634078643822549,0.24528546427369702,0.23015787869478144
0.32653061224489793,0.8979591836734693,0.613464099461006,0.8575970345843427,0.8426144679825216,0.24413293512333667,0.2291503685215156
0.3469387755102041,0.8979591836734693,0.5937485700010491,0.8291379735874866,0.8144573193346708,0.23538940358643756,0.22070874933362172
0.36734693877551017,0.8979591836734693,0.5741033973076027,0.7921954031529796,0.7779960910466658,0.2180920058453769,0.20389269373906305
0.3877551020408163,0.8979591836734693,0.554528581380667,0.7463265155327303,0.732800224168944,0.19179793415206337,0.178271642788277
0.4081632653061224,0.8979591836734693,0.5350241222202418,0.6917601969375999,0.6790972906822308,0.15673607471735818,0.14407316846198903
0.42857142857142855,0.8979591836734693,0.515590019826327,0.6294696306505361,0.6178438903550747,0.11387961082420905,0.10225387052874768
0.44897959183673464,0.8979591836734693,0.496226274198923,0.5611453666618669,0.5506990259324249,0.06491909246294386,0.05447275173350191
0.4693877551020408,0.8979591836734693,0.47693288533802936,0.4890659278384238,0.4798971159465776,0.012133042500394431,0.002964230608548224
0.4897959183673469,0.8979591836734693,0.4577098532436463,0.41588188066841036,0.4080362781165806,-0.04182797257523596,-0.04967357512706572
0.5102040816326531,0.8979591836734693,0.4385571779157738,0.3443453842501565,0.33781326921358695,-0.09421179366561733,-0.10074390870218686
0.5306122448979591,0.8979591836734693,0.419474859354412,0.27702712378543515,0.2717461492588542,-0.14244773556897683,-0.14772871009555777
0.5510204081632653,0.8979591836734693,0.4004628975595606,0.21606422933231517,0.2119273863215061,-0.18439866822724543,-0.1885355112380545
0.5714285714285714,0.8979591836734693,0.3815212925312197,0.1629761064720593,0.15984356798231616,-0.2185451860591604,-0.22167772454890353
0.5918367346938775,0.8979591836734693,0.3626500442693894,0.11857170762649406,0.11628475007475564,-0.24407833664289535,-0.24636529419463377
0.6122448979591836,0.8979591836734693,0.34384915277406986,0.08295467600588,0.08134971770350102,-0.2608944767681899,-0.26249943507056883
0.6326530612244897,0.8979591836734693,0.3251186180452606,0.05561567028228604,0.05453665576596445,-0.26950294776297457,-0.27058196227929615
0.6530612244897959,0.8979591836734693,0.30645844008296197,0.03558749510926791,0.0348953238855359,-0.27087094497369407,-0.27156311619742607
0.673469387755102,0.8979591836734693,0.2878686188871739,0.021630919520195715,0.021209251239489576,-0.2662376993669782,-0.26665936764768433
0.6938775510204082,0.8979591836734693,0.26934915445789637,0.01241828710974632,0.0121757130834182,-0.25693086734815007,-0.2571734413744782
0.7142857142857142,0.8979591836734693,0.2509000467951295,0.00668762478764389,0.006556749038647107,-0.2442124220074856,-0.2443432977564824
0.7346938775510203,0.8979591836734693,0.2325212958988731,0.0033500005982133835,0.00328433096870984,-0.22917129530065972,-0.22923696493016327
0.7551020408163265,0.8979591836734693,0.21421290176912722,0.0015446335089419343,0.0015143076138403153,-0.21266826826018528,-0.2126985941552869
0.7755102040816326,0.8979591836734693,0.19597486440589187,0.0006469188120361003,0.0006341999048333799,-0.19532794559385577,-0.1953406645010585
0.7959183673469387,0.8979591836734693,0.17780718380916724,0.0002419257276113534,0.0002371631336664764,-0.17756525808155588,-0.17757002067550076
0.8163265306122448,0.8979591836734693,0.15970985997895304,7.897813416871068e-05,7.742150573364236e-05,-0.15963088184478433,-0.1596324384732194
0.836734693877551,0.8979591836734693,0.14168289291524935,2.1827485706477113e-05,2.1396802171922223e-05,-0.14166106542954288,-0.14166149611307743
0.8571428571428571,0.8979591836734693,0.12372628261805621,4.891775172628584e-06,4.795156392574827e-06,-0.12372139084288358,-0.12372148746166363
0.8775510204081632,0.8979591836734693,0.1058400290873737,8.345724398459774e-07,8.180730725908273e-07,-0.10583919451493384,-0.1058392110143011
0.8979591836734693,0.8979591836734693,0.0880241323232018,9.827175634193053e-08,9.632724248183643e-08,-0.08802403405144546,-0.08802403599595932
0.9183673469387754,0.8979591836734693,0.07027859232554033,6.7764109708925905e-09,6.642216433296851e-09,-0.07027858554912936,-0.0702785856833239
0.9387755102040816,0.8979591836734693,0.052603409094389375,2.0106697124338616e-10,1.9708218709832725e-10,-0.052603408893322406,-0.05260340889730719
0.9591836734693877,0.8979591836734693,0.03499858262974906,1.2850001900977116e-12,1.2595157787718233e-12,-0.03499858262846406,-0.034998582628489545
0.9795918367346939,0.8979591836734693,0.017464112931619268,1.943233355824333e-16,1.9046691798110066e-16,-0.017464112931619074,-0.017464112931619077
1.0,0.8979591836734693,0.0,0.0,0.0,0.0,0.0
0.0,0.9081632653061225,0.9398695876055456,0.9285710217058077,0.9165632974419325,-0.011298565899737878,-0.023306290163613075
0.02040816326530612,0.9081632653061225,0.9189975149645095,0.9276644059271357,0.9154481993957092,0.008666890962626184,-0.0035493155688003375
0.04081632653061224,0.9081632653061225,0.898195903183852,0.926739586193598,0.9143113007320093,0.028543683009745968,0.016115397548157273
0.061224489795918366,0.9081632653061225,0.8774647522635731,0.9257961417683328,0.9131521058566571,0.04833138950475968,0.03568735359308395
0.08163265306122448,0.9081632653061225,0.8568040622036728,0.924833571808045,0.911970039062909,0.06802950960437226,0.05516597685923619
0.1020408163265306,0.9081632653061225,0.836213833004151,0.9238507286737582,0.9107638893655488,0.0876368956696072,0.07455005636139778
0.12244897959183673,0.9081632653061225,0.8156940646650078,0.92284316852166,0.9095292151526118,0.10714910385665222,0.09383515048760394
0.14285714285714285,0.9081632653061225,0.7952447571862433,0.9217949359546967,0.9082502969139559,0.12655017876845343,0.11300553972771255
0.16326530612244897,0.9081632653061225,0.7748659105678574,0.920659736437665,0.9068816960563674,0.1457938258698076,0.13201578548851
0.18367346938775508,0.9081632653061225,0.75455752480985,0.919326945353816,0.9053149644599596,0.16476942054396593,0.15075743965010957
0.2040816326530612,0.9081632653061225,0.7343195999122212,0.9175716430924434,0.9033297154002958,0.18325204318022226,0.16901011548807465
0.22448979591836732,0.9081632653061225,0.7141521358749711,0.9149945392710667,0.9005348050964784,0.2008424033960956,0.18638266922150737
0.24489795918367346,0.9081632653061225,0.6940551326980995,0.910965290597183,0.896312859009134,0.21691015789908352,0.20225772631103456
0.26530612244897955,0.9081632653061225,0.6740285903816065,0.9045883949816222,0.8897869362382312,0.2305598046000158,0.2157583458566248
0.2857142857142857,0.9081632653061225,0.654072508925492,0.894711812055703,0.8798290677907283,0.2406393031302111,0.22575655886523638
0.3061224489795918,0.9081632653061225,0.6341868883297562,0.8799932504509912,0.8651252941981165,0.24580636212123497,0.23093840586836023
0.32653061224489793,0.9081632653061225,0.6143717285943989,0.8590281184125951,0.8443011009128941,0.24465638981819615,0.2299293723184952
0.3469387755102041,0.9081632653061225,0.5946270297194203,0.8305287812461813,0.8160970853276696,0.23590175152676107,0.22147005560824928
0.36734693877551017,0.9081632653061225,0.5749527917048202,0.7935305765220145,0.7795707857654208,0.21857778481719436,0.20461799406060066
0.3877551020408163,0.9081632653061225,0.5553490145505988,0.7475898104585519,0.7342905882442107,0.19224079590795307,0.17894157369361186
0.4081632653061224,0.9081632653061225,0.5358156982567559,0.6929356703656684,0.6804844142285686,0.1571199721089125,0.14466871597181274
0.42857142857142855,0.9081632653061225,0.5163528428232916,0.6305429636007055,0.619110778713023,0.11419012077741386,0.10275793588973137
0.44897959183673464,0.9081632653061225,0.496960448250206,0.5621051472297384,0.5518321186401822,0.06514469897953235,0.0548716703899762
0.4693877551020408,0.9081632653061225,0.47763851453749884,0.48990471226945054,0.480887543619,0.0122661977319517,0.0032490290815011535
0.4897959183673469,0.9081632653061225,0.45838704168517036,0.4165968778191683,0.4088806741073061,-0.04179016386600204,-0.04950636757786425
0.5102040816326531,0.9081632653061225,0.4392060296932204,0.34493866466863654,0.33851401904358747,-0.09426736502458388,-0.10069201064963296
0.5306122448979591,0.9081632653061225,0.42009547856164914,0.2775053283728166,0.2723110479990075,-0.14259015018883253,-0.14778443056264162
0.5510204081632653,0.9081632653061225,0.40105538829045645,0.2164378296551287,0.21236876534146973,-0.18461755863532775,-0.18868662294898672
0.5714285714285714,0.9081632653061225,0.3820857588796422,0.16325833447168075,0.16017703020797427,-0.21882742440796144,-0.22190872867166792
0.5918367346938775,0.9081632653061225,0.36318659032920664,0.11877731476351529,0.11652770297844289,-0.24440927556569136,-0.24665888735076374
0.6122448979591836,0.9081632653061225,0.34435788263914985,0.08309869412118302,0.08151990779874702,-0.2612591885179668,-0.26283797484040283
0.6326530612244897,0.9081632653061225,0.32559963580947143,0.05571232846246486,0.05465088715420437,-0.26988730734700656,-0.2709487486552671
0.6530612244897959,0.9081632653061225,0.3069118498401716,0.03564940455308506,0.03496849342553773,-0.27126244528708654,-0.27194335641463385
0.673469387755102,0.9081632653061225,0.28829452473125045,0.021668582202753583,0.021253766462537814,-0.26662594252849686,-0.26704075826871265
0.6938775510204082,0.9081632653061225,0.26974766048270776,0.012439926178886371,0.012201290542772072,-0.25730773430382137,-0.2575463699399357
0.7142857142857142,0.9081632653061225,0.2512712570945439,0.006699286372942763,0.006570533693092055,-0.24457197072160114,-0.24470072340145185
0.7346938775510203,0.9081632653061225,0.23286531456675852,0.0033558459598550918,0.0032912407981398354,-0.22950946860690344,-0.22957407376861869
0.7551020408163265,0.9081632653061225,0.21452983289935168,0.001547330304459489,0.0015174956263496425,-0.21298250259489218,-0.21301233727300203
0.7755102040816326,0.9081632653061225,0.19626481209232338,0.0006480488850330423,0.0006355358638873771,-0.19561676320729035,-0.195629276228436
0.7959183673469387,0.9081632653061225,0.17807025214567387,0.00024234854560719566,0.0002376629995752226,-0.17782790360006667,-0.17783258914609865
0.8163265306122448,0.9081632653061225,0.15994615305940285,7.911622843130037e-05,7.758476881523753e-05,-0.15986703683097156,-0.15986856829058763
0.836734693877551,0.9081632653061225,0.14189251483351037,2.186566732718539e-05,2.1441943884084204e-05,-0.1418706491661832,-0.14187107288962628
0.8571428571428571,0.9081632653061225,0.12390933746799644,4.900335397164331e-06,4.805277295479358e-06,-0.12390443713259927,-0.12390453219070097
0.8775510204081632,0.9081632653061225,0.10599662096286121,8.360333997077956e-07,8.198004293033928e-07,-0.1059957849294615,-0.1059958011624319
0.8979591836734693,0.9081632653061225,0.08815436531810462,9.844384305487388e-08,9.653071231284052e-08,-0.08815426687426157,-0.08815426878739231
0.9183673469387754,0.9081632653061225,0.07038257053372651,6.788281022957842e-09,6.6562514718202115e-09,-0.07038256374544549,-0.07038256387747505
0.9387755102040816,0.9081632653061225,0.052681236609726956,2.0141927619059274e-10,1.9749875658100569e-10,-0.05268123640830768,-0.0526812364122282
0.9591836734693877,0.9081632653061225,0.03505036354610607,1.2872523437689217e-12,1.2621787957318075e-12,-0.035050363544818816,-0.03505036354484389
0.9795918367346939,0.9081632653061225,0.017489951342863755,1.9466400179797955e-16,1.9086973861409069e-16,-0.01748995134286356,-0.017489951342863564
1.0,0.9081632653061225,0.0,0.0,0.0,0.0,0.0
0.0,0.9183673469387754,0.9412267454451839,0.9299318590701915,0.918152901340988,-0.01129488637499243,-0.023073844104195884
0.02040816326530612,0.9183673469387754,0.9203245338387128,0.9290336991688706,0.917048728835402,0.008709165330157753,-0.0032758050033108166
0.04081632653061224,0.9183673469387754,0.8994928848370647,0.9281173748912244,0.9159227986297425,0.02862449005415968,0.016429913792677775
0.061224489795918366,0.9183673469387754,0.8787317984402396,0.9271824632760203,0.9147746122517447,0.048450664835780644,0.03604281381150509
0.08163265306122448,0.9183673469387754,0.8580412746482377,0.9262284609935425,0.91360359079788,0.06818718634530485,0.055562316149642355
0.1020408163265306,0.9183673469387754,0.8374213134610587,0.9252542166590189,0.9124085185868696,0.08783290319796011,0.07498720512581081
0.12244897959183673,0.9183673469387754,0.8168719148787028,0.9242552767768737,0.9111849423114233,0.10738336189817088,0.09431302743272052
0.14285714285714285,0.9183673469387754,0.79639307890117,0.9232156559831469,0.9099171067108058,0.12682257708197697,0.11352402780963589
0.16326530612244897,0.9183673469387754,0.7759848055284602,0.9220889764089827,0.9085594742609152,0.14610417088052252,0.13257466873245505
0.18367346938775508,0.9183673469387754,0.7556470947605733,0.9207644169823607,0.9070033639899191,0.16511732222178732,0.15135626922934575
0.2040816326530612,0.9183673469387754,0.7353799465975096,0.9190166604940958,0.9050279181841187,0.1836367138965862,0.16964797158660905
0.22448979591836732,0.9183673469387754,0.7151833610392689,0.9164457116253173,0.902241158180001,0.20126235058604836,0.187057797140732
0.24489795918367346,0.9183673469387754,0.6950573380858514,0.912420113940897,0.89802439117115,0.2173627758550456,0.2029670530852986
0.26530612244897955,0.9183673469387754,0.6750018777372567,0.9060427820023951,0.891498801077039,0.23104090426513835,0.21649692333978232
0.2857142857142857,0.9183673469387754,0.6550169799934852,0.8961596341581036,0.8815340011579794,0.24114265416461844,0.22651702116449424
0.3061224489795918,0.9183673469387754,0.6351026448545367,0.8814259928608265,0.866813205234114,0.24632334800628974,0.23171056037957727
0.32653061224489793,0.9183673469387754,0.6152588723204112,0.8604347566092769,0.8459589248787134,0.24517588428886572,0.23070005255830217
0.3469387755102041,0.9183673469387754,0.5954856623911088,0.8318959695286327,0.8177090057770534,0.23641030713752387,0.22222334338594463
0.36734693877551017,0.9183673469387754,0.5757830150666294,0.7948431971770106,0.7811188835317789,0.21906018211038114,0.2053358684651495
0.3877551020408163,0.9183673469387754,0.5561509303469732,0.7488318716063197,0.7357559032672779,0.19268094125934654,0.17960497292030475
0.4081632653061224,0.9183673469387754,0.5365894082321399,0.6940914741172453,0.6818483276188335,0.1575020658851054,0.14525891938669366
0.42857142857142855,0.9183673469387754,0.5170984487221296,0.6315984080514858,0.6203565536599607,0.1144999593293562,0.10325810493783105
0.44897959183673464,0.9183673469387754,0.4976780518169425,0.563048989281016,0.5529463954907691,0.06537093746407346,0.05526834367382655
0.4693877551020408,0.9183673469387754,0.47832821751657834,0.490729612211,0.4818615772200349,0.012401394694421641,0.0035333597034565845
0.4897959183673469,0.9183673469387754,0.4590489458210372,0.4173000734195793,0.40971113316695673,-0.041748872401457915,-0.04933781265408049
0.5102040816326531,0.9183673469387754,0.4398402367303192,0.3455221775311035,0.3392032323033707,-0.09431805919921571,-0.1006370044269485
0.5306122448979591,0.9183673469387754,0.42070209024442423,0.27797567786091537,0.272866667811557,-0.14272641238350886,-0.14783542243286724
0.5510204081632653,0.9183673469387754,0.40163450636335235,0.2168053055699407,0.21280290901932392,-0.18482920079341164,-0.18883159734402843
0.5714285714285714,0.9183673469387754,0.3826374850871033,0.16353594430010676,0.16050503600824995,-0.21910154078699656,-0.22213244907885338
0.5918367346938775,0.9183673469387754,0.36371102641567743,0.11897956294799297,0.1167666868882676,-0.24473146346768446,-0.24694433952740982
0.6122448979591836,0.9183673469387754,0.3448551303490748,0.08324036286807461,0.08168732162319309,-0.26161476748100015,-0.2631678087258817
0.6326530612244897,0.9183673469387754,0.326069796887295,0.05580741191805439,0.05476325754498458,-0.2702623849692406,-0.2713065393423104
0.6530612244897959,0.9183673469387754,0.30735502603033826,0.03571030657638155,0.03504047232889648,-0.27164471945395674,-0.27231455370144175
0.673469387755102,0.9183673469387754,0.28871081777820456,0.02170563267283544,0.021297558091302658,-0.26700518510536914,-0.2674132596869019
0.6938775510204082,0.9183673469387754,0.27013717213089383,0.012461213841518019,0.012226452641977982,-0.25767595828937584,-0.25791071948891586
0.7142857142857142,0.9183673469387754,0.2516340890884064,0.006710758746846587,0.006584094690657419,-0.2449233303415598,-0.245049994397749
0.7346938775510203,0.9183673469387754,0.23320156865074188,0.0033615965553345454,0.003298038604788359,-0.22983997209540732,-0.2299035300459535
0.7551020408163265,0.9183673469387754,0.21483961081790034,0.0015499834109829712,0.001520631992281373,-0.21328962740691737,-0.21331897882561898
0.7755102040816326,0.9183673469387754,0.19654821558988184,0.0006491606627435062,0.0006368501945752282,-0.19589905492713833,-0.1959113653953066
0.7959183673469387,0.9183673469387754,0.17832738296668657,0.00024276452261967206,0.00023815477793826852,-0.1780846184440669,-0.1780892281887483
0.8163265306122448,0.9183673469387754,0.16017711294831422,7.925208966576099e-05,7.774539189040758e-05,-0.16009786085864847,-0.16009936755642382
0.836734693877551,0.9183673469387754,0.14209740553476488,2.1903231862416284e-05,2.1486356025050255e-05,-0.14207550230290247,-0.14207591917873982
0.8571428571428571,0.9183673469387754,0.12408826072603855,4.908757339743873e-06,4.815234705623175e-06,-0.12408335196869881,-0.12408344549133293
0.8775510204081632,0.9183673469387754,0.10614967852213536,8.37470769820744e-07,8.214998948815015e-07,-0.10614884105136554,-0.10614885702224047
0.8979591836734693,0.9183673469387754,0.08828165892305528,9.86131522884909e-08,9.67308981463376e-08,-0.088281560309903,-0.08828156219215713
0.9183673469387754,0.9183673469387754,0.07048420192879813,6.799959566965428e-09,6.670060073286152e-09,-0.07048419512883856,-0.07048419525873806
0.9387755102040816,0.9183673469387754,0.052757307539363994,2.0176589921400735e-10,1.9790860769656445e-10,-0.05275730733759809,-0.05275730734145539
0.9591836734693877,0.9183673469387754,0.035100975754752975,1.2894681873615617e-12,1.2647988785429474e-12,-0.035100975753463506,-0.035100975753488174
0.9795918367346939,0.9183673469387754,0.017515206574964977,1.9499917740989755e-16,1.9126606688671e-16,-0.017515206574964783,-0.017515206574964786
1.0,0.9183673469387754,0.0,0.0,0.0,0.0,0.0
0.0,0.9285714285714286,0.9425532719066502,0.9312667702856016,0.9197122207192221,-0.011286501621048606,-0.022841051187428074
0.02040816326530612,0.9285714285714286,0.9216216015784275,0.9303770699433894,0.9186189584601979,0.008755468364961883,-0.00300264311822962
0.04081632653061224,0.9285714285714286,0.9007605933030758,0.9294692476133926,0.9175039850074358,0.028708654310316772,0.01674339170436001
0.061224489795918366,0.9285714285714286,0.8799702470805951,0.928542878200707,0.9163667991237662,0.0485726311201119,0.03639655204317105
0.08163265306122448,0.9285714285714286,0.8592505629109854,0.927597455983613,0.9152068188265001,0.06834689307262753,0.055956255915514674
0.1020408163265306,0.9285714285714286,0.8386015407942466,0.9266318259453118,0.9140228238788622,0.08803028515106515,0.0754212830846156
0.12244897959183673,0.9285714285714286,0.8180231807303788,0.9256415251447133,0.9128103495282955,0.10761834441433449,0.09478716879791671
0.14285714285714285,0.9285714285714286,0.797515482719382,0.924610538776381,0.9115536053913552,0.127095056056999,0.11403812267197322
0.16326530612244897,0.9285714285714286,0.7770784467612561,0.9234924070017636,0.9102069566335309,0.14641396024050746,0.13312850987227476
0.18367346938775508,0.9285714285714286,0.7567120728560013,0.9221761154331503,0.9086614931534845,0.16546404257714897,0.15194942029748326
0.2040816326530612,0.9285714285714286,0.7364163610036173,0.9204359555544347,0.9066958937022088,0.1840195945508174,0.17027953269859153
0.22448979591836732,0.9285714285714286,0.7161913112041044,0.9178712382065041,0.9039173578760432,0.20167992700239967,0.18772604667193882
0.24489795918367346,0.9285714285714286,0.6960369234574624,0.9138494112673686,0.8997058952745937,0.21781248780990625,0.20366897181713128
0.26530612244897955,0.9285714285714286,0.6759531977636913,0.9074718306919951,0.8931808439402253,0.23151863292830377,0.217227646176534
0.2857142857142857,0.9285714285714286,0.6559401341227913,0.8975824053189146,0.8832094370196003,0.24164227119612336,0.22726930289680902
0.3061224489795918,0.9285714285714286,0.6359977325347622,0.8828341083752375,0.8684721053963422,0.24683637584047524,0.23247437286158001
0.32653061224489793,0.9285714285714286,0.6161259929996041,0.8618173671934343,0.8475884324785607,0.24569137419383014,0.23146243947895662
0.3469387755102041,0.9285714285714286,0.5963249155173169,0.8332399399604604,0.8192935540223213,0.2369150244431435,0.22296863850500437
0.36734693877551017,0.9285714285714286,0.5765945000879007,0.7961336464311793,0.7826408340105927,0.21953914634327865,0.206046333922692
0.3877551020408163,0.9285714285714286,0.5569347467113556,0.7500530562039921,0.7371965906293845,0.19311830949263653,0.1802618439180289
0.4081632653061224,0.9285714285714286,0.5373456553876813,0.6952279376109718,0.6831894195464051,0.15788228222329048,0.1458437641587238
0.42857142857142855,0.9285714285714286,0.517827226116878,0.6326362623690217,0.62158156733499,0.11480903625214367,0.103754341218112
0.44897959183673464,0.9285714285714286,0.4983794588989458,0.5639771576837944,0.5540421691554663,0.06559769878484861,0.05566271025652053
0.4693877551020408,0.9285714285714286,0.4790023537338844,0.4915408576408147,0.4828194882853299,0.012538503906930287,0.0038171345514455
0.4897959183673469,0.9285714285714286,0.45969591062169407,0.41799166237430385,0.4105278854589066,-0.04170424824739022,-0.049168025162787454
0.5102040816326531,0.9285714285714286,0.4404601295623746,0.34609608372946377,0.3398810990187114,-0.09436404583291086,-0.10057903054366324
0.5306122448979591,0.9285714285714286,0.4212950105559263,0.2784383013383887,0.2734131611801085,-0.14285670921753757,-0.14788184937581778
0.5510204081632653,0.9285714285714286,0.40220055360234885,0.2171667575146573,0.21322993600920193,-0.18503379608769155,-0.18897061759314693
0.5714285714285714,0.9285714285714286,0.38317675870164225,0.16380901155300248,0.16082767469857684,-0.21936774714863977,-0.2223490840030654
0.5918367346938775,0.9285714285714286,0.36422362585380674,0.11917850707188415,0.11700176666434761,-0.2450451187819226,-0.24722185918945913
0.6122448979591836,0.9285714285714286,0.34534115505884233,0.08337972058269096,0.0818520044783215,-0.2619614344761514,-0.2634891505805208
0.6326530612244897,0.9285714285714286,0.3265293463167487,0.055900946310405875,0.05487379726428733,-0.2706284000063428,-0.27165554905246136
0.6530612244897959,0.9285714285714286,0.30778819962752607,0.035770217576021696,0.03511127997429057,-0.2720179820515044,-0.2726769196532355
0.673469387755102,0.9285714285714286,0.2891177149911744,0.021742080883985847,0.021340637890088533,-0.26737563410718856,-0.26777707710108584
0.6938775510204082,0.9285714285714286,0.2705178924076937,0.012482155805266288,0.012251206127350053,-0.2580357366024274,-0.25826668628034366
0.7142857142857142,0.9285714285714286,0.2519887318770841,0.006722044979806529,0.0065974356607342985,-0.24526668689727757,-0.2453912962163498
0.7346938775510203,0.9285714285714286,0.2335302333993454,0.0033672539212210853,0.003304726205016834,-0.2301629794781243,-0.23022550719432855
0.7551020408163265,0.9285714285714286,0.2151423969744776,0.0015525935363695273,0.0015237175484179672,-0.21358980343810807,-0.21361867942605964
0.7755102040816326,0.9285714285714286,0.19682522260248075,0.0006502544413877836,0.0006381432470815811,-0.19617496816109298,-0.19618707935539917
0.7959183673469387,0.9285714285714286,0.17857871028335504,0.00024317376934185982,0.00023863859961858965,-0.17833553651401318,-0.17834007168373645
0.8163265306122448,0.9285714285714286,0.1604028600171002,7.938575398347953e-05,7.79034176518269e-05,-0.16032347426311672,-0.16032495659944837
0.836734693877551,0.9285714285714286,0.14229767180371627,2.1940189286018747e-05,2.1530050386720636e-05,-0.14227573161443025,-0.14227614175332956
0.8571428571428571,0.9285714285714286,0.12426314564320329,4.917043234288673e-06,4.825031264197231e-06,-0.124258228599969,-0.12425832061193909
0.8775510204081632,0.9285714285714286,0.10629928153556137,8.388849310982827e-07,8.231719196939325e-07,-0.10629844265063026,-0.10629845836364167
0.8979591836734693,0.9285714285714286,0.08840607948079049,9.877972887276746e-08,9.692785298769758e-08,-0.08840598070106162,-0.0884059825529375
0.9183673469387754,0.9285714285714286,0.07058353947889044,6.8114496927296226e-09,6.683645891053094e-09,-0.07058353266744075,-0.07058353279524456
0.9387755102040816,0.9285714285714286,0.05283166152986134,2.021069319525322e-10,1.9831184879971896e-10,-0.0528316613277544,-0.05283166133154949
0.9591836734693877,0.9285714285714286,0.03515044563370328,1.2916483062872537e-12,1.2673767194134771e-12,-0.03515044563241163,-0.035150445632435905
0.9795918367346939,0.9285714285714286,0.01753989179041617,1.9532895091212217e-16,1.916560074385207e-16,-0.017539891790415974,-0.017539891790415978
1.0,0.9285714285714286,0.0,0.0,0.0,0.0,0.0
0.0,0.9387755102040816,0.9438498583475017,0.9325762492870355,0.9212418325456531,-0.01127360906046615,-0.02260802580184862
0.02040816326530612,0.9387755102040816,0.9228893941879478,0.9316950090356008,0.920159461925813,0.008805614847652965,-0.0027299322621348043
0.04081632653061224,0.9387755102040816,0.9019996892847465,0.9307956919146873,0.9190554301035637,0.028796002629940753,0.017055740818817222
0.061224489795918366,0.9387755102040816,0.8811807436378979,0.9298778707855797,0.9179292331889495,0.04869712714768182,0.03674848955105159
0.08163265306122448,0.9387755102040816,0.8604325572474019,0.9289410376281313,0.9167802862366804,0.06850848038072943,0.056347728989278534
0.1020408163265306,0.9387755102040816,0.8397551301132583,0.9279840339062029,0.9156073645937003,0.08822890379294457,0.07585223448044198
0.12244897959183673,0.9387755102040816,0.8191484622354673,0.9270023874369561,0.9144059923092409,0.10785392520148873,0.09525753007377358
0.14285714285714285,0.9387755102040816,0.798612553614029,0.9259800544914606,0.9131603444961572,0.12736750087743154,0.11454779088212819
0.16326530612244897,0.9387755102040816,0.7781474042489432,0.9248704946048552,0.911824690605601,0.1467230903559119,0.13367728635665777
0.18367346938775508,0.9387755102040816,0.75775301414021,0.9235625031649276,0.9102898950718304,0.1658094890247176,0.15253688093162043
0.2040816326530612,0.9387755102040816,0.7374293832878294,0.9218299865424605,0.9083341804487244,0.18440060325463115,0.17090479716089502
0.22448979591836732,0.9387755102040816,0.7171765116918014,0.9192715726614272,0.9055639375303027,0.20209506096962582,0.18838742583850132
0.24489795918367346,0.9387755102040816,0.696994399352126,0.9152536308968592,0.9013578986733174,0.21825923154473315,0.20436349932119136
0.26530612244897955,0.9387755102040816,0.6768830462688031,0.9088759829550017,0.8948335848907426,0.23199293668619858,0.21795053862193947
0.2857142857142857,0.9387755102040816,0.6568424524418328,0.8989805594451411,0.8848558862650372,0.2421381070033083,0.22801343382320438
0.3061224489795918,0.9387755102040816,0.6368726178712152,0.8842180207512657,0.8701024938423948,0.24734540288005047,0.2332298759711796
0.32653061224489793,0.9387755102040816,0.61697354255695,0.8631763610284395,0.8491901078792587,0.2462028184714895,0.23221656532230872
0.3469387755102041,0.9387755102040816,0.5971452264990376,0.8345610872343989,0.8208511953485276,0.23741586073536136,0.22370596884949
0.36734693877551017,0.9387755102040816,0.5773876696974776,0.7974022991443028,0.7841370792569466,0.22001462944682526,0.20674940955946908
0.3877551020408163,0.9387755102040816,0.5577008721522702,0.7512537154641348,0.7386130646263218,0.19355284331186462,0.18091219247405166
0.4081632653061224,0.9387755102040816,0.5380848338634154,0.6963453847438107,0.684508072189763,0.15826055088039526,0.14642323832634752
0.42857142857142855,0.9387755102040816,0.5185395548309132,0.6336568199390255,0.6227861659994566,0.11511726510811227,0.10424661116854339
0.44897959183673464,0.9387755102040816,0.49906503505476363,0.5648899129013998,0.5551197471060348,0.06582487784663615,0.056054712051271216
0.4693877551020408,0.9387755102040816,0.47966127453496654,0.49233867472489234,0.4837615438501592,0.012677400189925803,0.0041002693151926395
0.4897959183673469,0.9387755102040816,0.4603282732715221,0.41867183636723626,0.4113311573432452,-0.04165643690428583,-0.04899711592827688
0.5102040816326531,0.9387755102040816,0.44106603126443017,0.3466605415040122,0.34054780608371815,-0.09440548976041796,-0.10051822518071202
0.5306122448979591,0.9387755102040816,0.42187454851369094,0.27889332577149156,0.2739506780812851,-0.14298122274219938,-0.14792387043240585
0.5510204081632653,0.9387755102040816,0.4027538250193043,0.21752228427935572,0.21364996301858924,-0.18523154073994857,-0.18910386200071505
0.5714285714285714,0.9387755102040816,0.38370386078127006,0.16407761058813602,0.16114503413185688,-0.21962625019313403,-0.22255882664941318
0.5918367346938775,0.9387755102040816,0.3647246557995885,0.11937420112980784,0.1172330061065284,-0.24535045466978067,-0.24749164969306012
0.6122448979591836,0.9387755102040816,0.34581621007425967,0.08351680497543129,0.08201400092619829,-0.2622994050988284,-0.2638022091480614
0.6326530612244897,0.9387755102040816,0.32697852360528323,0.05599295688259157,0.05498253614378939,-0.27098556672269164,-0.27199598746149384
0.6530612244897959,0.9387755102040816,0.30821159639265944,0.035829153681932485,0.03518093542492162,-0.272382442710727,-0.2730306609677378
0.673469387755102,0.9387755102040816,0.2895154284363882,0.02177793662788918,0.021383017431895898,-0.26773749180849904,-0.2681324110044923
0.6938775510204082,0.9387755102040816,0.27089001973646953,0.012502757685035375,0.012275557635609016,-0.25838726205143414,-0.25861446210086053
0.7142857142857142,0.9387755102040816,0.2523353702929036,0.00673314809243997,0.006610560173808826,-0.24560222220046363,-0.24572481011909478
0.7346938775510203,0.9387755102040816,0.23385148010569012,0.003372819569166275,0.003311305385731862,-0.23047866053652385,-0.23054017471995827
0.7551020408163265,0.9387755102040816,0.2154383491748292,0.0015551613770061336,0.0015267531179826808,-0.2138831877978231,-0.21391159605684654
0.7755102040816326,0.9387755102040816,0.19709597750032087,0.000651330512389558,0.0006394153659206765,-0.19644464698793132,-0.1964565621344002
0.7959183673469387,0.9387755102040816,0.17882436508216526,0.0002435763946755704,0.0002391145933615102,-0.1785807886874897,-0.17858525048880375
0.8163265306122448,0.9387755102040816,0.16062351192036212,7.951725691182503e-05,7.805888810171736e-05,-0.1605439946634503,-0.1605454530322604
0.836734693877551,0.9387755102040816,0.14249341801491155,2.1976549410626038e-05,2.1573038570393832e-05,-0.14247144146550092,-0.14247184497634116
0.8571428571428571,0.9387755102040816,0.1244340833658135,4.925195278629708e-06,4.834669569722395e-06,-0.12442915817053488,-0.12442924869624378
0.8775510204081632,0.9387755102040816,0.10644550797306813,8.402762583028448e-07,8.248169468368828e-07,-0.10644466769680984,-0.1064446831561213
0.8979591836734693,0.9387755102040816,0.08852769183667543,9.894361691408549e-08,9.712162898672848e-08,-0.08852759289305852,-0.08852759471504644
0.9183673469387754,0.9387755102040816,0.07068063495663517,6.822754440211993e-09,6.697012519534298e-09,-0.07068062813388072,-0.07068062825962265
0.9387755102040816,0.9387755102040816,0.052904337332947464,2.0244246456707667e-10,1.9870858649759337e-10,-0.052904337130505,-0.05290433713423888
0.9591836734693877,0.9387755102040816,0.03519879896561242,1.2937932765191723e-12,1.2699129993913341e-12,-0.03519879896431863,-0.035198798964342505
0.9795918367346939,0.9387755102040816,0.017564019854629933,1.9565340937229355e-16,1.9203966322256451e-16,-0.01756401985462974,-0.017564019854629742
1.0,0.9387755102040816,0.0,0.0,0.0,0.0,0.0
0.0,0.9489795918367346,0.9451171805211895,0.933860780599232,0.9227423027971082,-0.011256399921957483,-0.02237487772408131
0.02040816326530612,0.9489795918367346,0.9241285724139885,0.9329879979377422,0.9216708020262776,0.008859425523753739,-0.002457770387710889
0.04081632653061224,0.9489795918367346,0.9032108185727156,0.9320971861759035,0.920577693427207,0.028886367603187968,0.0173668748544914
0.061224489795918366,0.9489795918367346,0.8823639189973711,0.9311879162201951,0.9194624705681842,0.048823997222824045,0.0370985515708131
0.08163265306122448,0.9489795918367346,0.8615878736879549,0.9302596778447616,0.9183245456567908,0.06867180415680674,0.05673667196883592
0.1020408163265306,0.9489795918367346,0.840882682644467,0.9293113091057041,0.9171626897615316,0.08842862646123717,0.07628000711706462
0.12244897959183673,0.9489795918367346,0.8202483458669072,0.9283383287797244,0.9159724159774814,0.10808998291281724,0.09572407011057416
0.14285714285714285,0.9489795918367346,0.7996848633552759,0.9273246647250171,0.9147378655240255,0.12763980136974118,0.11505300216874959
0.16326530612244897,0.9489795918367346,0.7791922351095728,0.9262236971735103,0.9134132137099801,0.14703146206393747,0.13422097860040727
0.18367346938775508,0.9489795918367346,0.7587704611297981,0.9249240343320068,0.9118891031138154,0.1661535732022087,0.15311864198401737
0.2040816326530612,0.9489795918367346,0.7384195414159515,0.9231992035557407,0.9099433073165013,0.18477966213978925,0.17152376590054985
0.22448979591836732,0.9489795918367346,0.7181394759680333,0.9206471606049473,0.9071814210460797,0.20250768463691404,0.1890419450780464
0.24489795918367346,0.9489795918367346,0.6979302647860434,0.916633213267893,0.9029809194506251,0.21870294848184968,0.20505065466458172
0.26530612244897955,0.9489795918367346,0.6777919078699817,0.9102556729811315,0.8964575349128229,0.23246376511114986,0.2186656270428412
0.2857142857142857,0.9489795918367346,0.6577244052198482,0.9003545229200952,0.8864738509258454,0.242630117700247,0.2287494457059972
0.3061224489795918,0.9489795918367346,0.6377277568356432,0.8855781464465149,0.871704861132218,0.2478503896108717,0.2339771042965748
0.32653061224489793,0.9489795918367346,0.6178019627173664,0.864512141944611,0.8507644269603483,0.24671017922724459,0.23296246424298184
0.3469387755102041,0.9489795918367346,0.5979470228650179,0.8358597993266946,0.82238238712348,0.23791277646167674,0.2244353642584621
0.36734693877551017,0.9489795918367346,0.5781629372785976,0.7986495238320609,0.7856080538450668,0.22048658655346332,0.20744511656646925
0.3877551020408163,0.9489795918367346,0.5584497059581056,0.7524341946853076,0.7400057325780206,0.19398448872720198,0.181556026619915
0.4081632653061224,0.9489795918367346,0.538807328903542,0.6974441339836812,0.6858046613217766,0.15863680508013922,0.14699733241823465
0.42857142857142855,0.9489795918367346,0.5192358061149066,0.634660369249978,0.6239706901351361,0.11542456313507143,0.10473488402022946
0.44897959183673464,0.9489795918367346,0.49973513759219956,0.5657875110656962,0.5561794317012446,0.06605237347349668,0.05644429410904506
0.4693877551020408,0.9489795918367346,0.4803053233354207,0.49312328588070653,0.4846880065240611,0.012817962545285833,0.004382683188640379
0.4897959183673469,0.9489795918367346,0.4609463633445702,0.4193407839147585,0.41212117143966215,-0.04160557942981169,-0.04882519190490803
0.5102040816326531,0.9489795918367346,0.44165825761964794,0.34721570648715533,0.34120353731247133,-0.09444255113249261,-0.10045472030717661
0.5306122448979591,0.9489795918367346,0.42244100616065405,0.2793408760389893,0.27447936602596384,-0.14310013012166473,-0.1479616401346902
0.5510204081632653,0.9489795918367346,0.4032946089675884,0.21787198303333083,0.21406310484027447,-0.18542262593425757,-0.18923150412731393
0.5714285714285714,0.9489795918367346,0.3842190660404509,0.16434181454565683,0.16145720072241784,-0.2198772514947941,-0.22276186531803308
0.5918367346938775,0.9489795918367346,0.3652143773792418,0.11956669823371872,0.1174604679717213,-0.24564767914552305,-0.24775390940752048
0.6122448979591836,0.9489795918367346,0.34628054298396116,0.08365165314117447,0.08217335480154542,-0.2626288898427867,-0.26410718818241574
0.6326530612244897,0.9489795918367346,0.32741756285460855,0.05608346846622448,0.05508950352892121,-0.2713340943883841,-0.2723280593256873
0.6530612244897959,0.9489795918367346,0.30862543699118433,0.035887130761450295,0.035249457433651515,-0.27273830622973405,-0.2733759795575328
0.673469387755102,0.9489795918367346,0.28990416539368835,0.021813209537002234,0.021424708101532755,-0.26809095585668613,-0.2684794572921556
0.6938775510204082,0.9489795918367346,0.2712537480621206,0.01252302500451519,0.012299513695662862,-0.2587307230576054,-0.25895423436645776
0.7142857142857142,0.9489795918367346,0.25267418499648137,0.006744071056339444,0.006623471742418343,-0.24593011394014191,-0.24605071325406302
0.7346938775510203,0.9489795918367346,0.23416547619677028,0.0033782949863080313,0.003317777904862939,-0.23078718121046224,-0.23084769829190735
0.7551020408163265,0.9489795918367346,0.21572762166298745,0.0015576876179954808,0.001529739510859304,-0.21416993404499196,-0.21419788215212815
0.7755102040816326,0.9489795918367346,0.19736062139513286,0.0006523891624535829,0.000640666890028176,-0.19670823223267928,-0.19671995450510468
0.7959183673469387,0.9489795918367346,0.17906447539320675,0.00024397250576033852,0.0002395828858289742,-0.17882050288744641,-0.17882489250737776
0.8163265306122448,0.9489795918367346,0.1608391836572088,7.96466334035943e-05,7.821184456301563e-05,-0.16075953702380522,-0.1607609718126458
0.836734693877551,0.9489795918367346,0.1426847461871391,2.2012321890261758e-05,2.1615331989847606e-05,-0.14266273386524886,-0.14266313085514926
0.8571428571428571,0.9489795918367346,0.12460116298299767,4.933215635090558e-06,4.844152178738843e-06,-0.12459622976736258,-0.12459631883081893
0.8775510204081632,0.9489795918367346,0.10658843404478459,8.416451201451669e-07,8.26435412251409e-07,-0.10658759239966445,-0.10658760760937233
0.8979591836734693,0.9489795918367346,0.08864655937249988,9.91048598069031e-08,9.731227745148646e-08,-0.08864646026764007,-0.08864646206022242
0.9183673469387754,0.9489795918367346,0.07077553896614333,6.833876800325754e-09,6.7101634951489424e-09,-0.07077553213226653,-0.07077553225597984
0.9387755102040816,0.9489795918367346,0.052975372825715024,2.0277258576439554e-10,1.9909892567790712e-10,-0.05297537262294244,-0.0529753726266161
0.9591836734693877,0.9489795918367346,0.035246060951215095,1.2959036647442188e-12,1.2724083885440967e-12,-0.035246060949919195,-0.03524606094994269
0.9795918367346939,0.9489795918367346,0.017587603342643417,1.959726384547449e-16,1.9241713553254504e-16,-0.017587603342643223,-0.017587603342643227
1.0,0.9489795918367346,0.0,0.0,0.0,0.0,0.0
0.0,0.9591836734693877,0.9463558989292474,0.9351208395159514,0.9242141866676422,-0.011235059413296056,-0.022141712261605218
0.02040816326530612,0.9591836734693877,0.9253397820900523,0.934256509025343,0.9231535308996089,0.008916726935290664,-0.0021862511904433557
0.04081632653061224,0.9591836734693877,0.9043946123819723,0.9333741997766887,0.9220713239599636,0.0289795873947164,0.017676711577991333
0.061224489795918366,0.9591836734693877,0.8835203898050072,0.932473480809794,0.9209670569851596,0.04895309100478673,0.03744666718015233
0.08163265306122448,0.9591836734693877,0.8627171143591573,0.9315538397849338,0.9198401394500112,0.06883672542577646,0.057123025090853874
0.1020408163265306,0.9591836734693877,0.8419847860444225,0.9306141114609132,0.9186893382810296,0.08862932541649071,0.0767045522366071
0.12244897959183673,0.9591836734693877,0.8213234048608027,0.9296498057727868,0.917510155860196,0.10832640091198409,0.09618675099939333
0.14285714285714285,0.9591836734693877,0.800732970808298,0.9286448226692064,0.9162867001149678,0.12791185186090848,0.11555372930666985
0.16326530612244897,0.9591836734693877,0.7802134838869083,0.9275524643819899,0.9149730537600936,0.14733898049508165,0.13475956987318538
0.18367346938775508,0.9591836734693877,0.7597649440966336,0.9262611549335097,0.9134596410712266,0.16649621083687605,0.15369469697459293
0.2040816326530612,0.9591836734693877,0.7393873514374741,0.9245440486662378,0.9115237937683848,0.1851566972287637,0.17213644233091063
0.22448979591836732,0.9591836734693877,0.7190807059094296,0.9219984397623221,0.9087703230515988,0.20291773385289247,0.18968961714216914
0.24489795918367346,0.9591836734693877,0.6988450075125002,0.9179885910759573,0.9045754665824,0.2191435835634571,0.20573045906989973
0.26530612244897955,0.9591836734693877,0.6786802562466858,0.911611327380065,0.8980531960706251,0.23293107113337919,0.21937293982393924
0.2857142857142857,0.9591836734693877,0.6585864521119865,0.9017047147339922,0.8880638243294308,0.24311826262200564,0.22947737221744424
0.3061224489795918,0.9591836734693877,0.6385635951084023,0.8869148947450219,0.8732796893763559,0.24835129963661962,0.2347160942679536
0.32653061224489793,0.9591836734693877,0.6186116852359331,0.865825106859732,0.8523118574560915,0.2472134216237989,0.23370017222015838
0.3469387755102041,0.9591836734693877,0.598730722494579,0.8371364576115188,0.8238875789325985,0.23840573511693974,0.22515685643801941
0.36734693877551017,0.9591836734693877,0.5789207068843398,0.7998756827735037,0.7870541849950438,0.2209549758891639,0.20813347811070393
0.3877551020408163,0.9591836734693877,0.559181638405216,0.7535948333517446,0.7413749949461179,0.19441319494652864,0.18219335654090196
0.4081632653061224,0.9591836734693877,0.539513517057207,0.6985244984605374,0.6870795564171631,0.15901098140333048,0.14756603935995616
0.42857142857142855,0.9591836734693877,0.5199163428403131,0.6356471939749399,0.6251354745407811,0.11573085113462678,0.10521913170046804
0.44897959183673464,0.9591836734693877,0.5003901157545344,0.5666702040491691,0.5572215202719599,0.06628008829463472,0.05683140451742552
0.4693877551020408,0.9591836734693877,0.48093483579987056,0.4938949098393757,0.485599134564237,0.01296007403950511,0.004664298764366415
0.4897959183673469,0.9591836734693877,0.4615505029763219,0.4199986904181139,0.41289814668929015,-0.041551812558208,-0.04865235628703174
0.5102040816326531,0.9591836734693877,0.4422371172838882,0.3477617317464142,0.3418484734898096,-0.09447538553747398,-0.10038864379407858
0.5306122448979591,0.9591836734693877,0.42299467872256974,0.2797810749664948,0.2749993700998343,-0.14321360375607495,-0.14799530862273547
0.5510204081632653,0.9591836734693877,0.40382318729236627,0.21821594935169775,0.21446947438377456,-0.18560723794066852,-0.1893537129085917
0.5714285714285714,0.9591836734693877,0.38472264299327774,0.16460169536804237,0.1617642594695789,-0.22012094762523537,-0.22295838352369884
0.5918367346938775,0.9591836734693877,0.3656930458253043,0.11975605062734146,0.11768421399095799,-0.24593699519796286,-0.24800883183434633
0.6122448979591836,0.9591836734693877,0.34673439578844617,0.08378430156932865,0.08233010922361618,-0.2629500942191175,-0.26440428656483
0.6326530612244897,0.9591836734693877,0.32784669288270285,0.05617250548816691,0.055194728286794704,-0.27167418739453597,-0.2726519645959081
0.6530612244897959,0.9591836734693877,0.30902993710807464,0.03594416442359681,0.035316864448055735,-0.2730857726844778,-0.2737130726600189
0.673469387755102,0.9591836734693877,0.29028412846456153,0.02184790908714409,0.02146572109867552,-0.26843621937741746,-0.268818407365886
0.6938775510204082,0.9591836734693877,0.2716092669521634,0.012542963197663405,0.012323080730358562,-0.2590663037545,-0.2592861862218049
0.7142857142857142,0.9591836734693877,0.2530053525708805,0.006754816794868445,0.006636173822092043,-0.24625053577601208,-0.24636917874878847
0.7346938775510203,0.9591836734693877,0.2344723853207126,0.0033836816356682116,0.0033241454918324235,-0.2310887036850444,-0.23114823982888016
0.7551020408163265,0.9591836734693877,0.21601036520165967,0.0015601729333388483,0.0015326775238083399,-0.21445019226832082,-0.21447768767785133
0.7755102040816326,0.9591836734693877,0.19761929221372182,0.0006534306736421022,0.0006418981528515023,-0.19696586154007972,-0.1969773940608703
0.7959183673469387,0.9591836734693877,0.1792991663568992,0.0002443622080019427,0.0002400436016332624,-0.17905480414889724,-0.17905912275526592
0.8163265306122448,0.9591836734693877,0.1610499876311915,7.977391784630513e-05,7.836232769035977e-05,-0.1609702137133452,-0.16097162530350112
0.836734693877551,0.9591836734693877,0.14287175603659885,2.2047516222903743e-05,2.16569418743702e-05,-0.14284970852037596,-0.1428500990947245
0.8571428571428571,0.9591836734693877,0.12476447157312122,4.941106431061088e-06,4.853481606484321e-06,-0.12475953046669015,-0.12475961809151473
0.8775510204081632,0.9591836734693877,0.10672813424075873,8.429918793820182e-07,8.280277448389743e-07,-0.10672729124887935,-0.10672730621301389
0.8979591836734693,0.9591836734693877,0.0887627440395114,9.926350024524621e-08,9.749984886186306e-08,-0.08876264477601116,-0.08876264653966254
0.9183673469387754,0.9591836734693877,0.07086830096937898,6.8448197157271815e-09,6.7231022972578446e-09,-0.07086829412455926,-0.07086829424627668
0.9387755102040816,0.9591836734693877,0.0530448050303616,2.0309738282054272e-10,1.994829695367066e-10,-0.053044804827264216,-0.05304480483087863
0.9591836734693877,0.9591836734693877,0.035292256222459364,1.2979800285127462e-12,1.274863546136018e-12,-0.03529225622116138,-0.0352922562211845
0.9795918367346939,0.9591836734693877,0.017610654545672167,1.9628672244312082e-16,1.9278852402957222e-16,-0.01761065454567197,-0.017610654545671973
1.0,0.9591836734693877,0.0,0.0,0.0,0.0,0.0
0.0,0.9693877551020408,0.9475666591655306,0.9363568922758398,0.9256580287739666,-0.011209766889690775,-0.021908630391563988
0.02040816326530612,0.9693877551020408,0.926523654473025,0.9355010057298561,0.9246081902295882,0.008977351256831079,-0.001915464243436804
0.04081632653061224,0.9693877551020408,0.9055516876808315,0.9346271932649336,0.9235368603540618,0.0290755055841021,0.0179851726732303
0.061224489795918366,0.9693877551020408,0.8846507587889505,0.9337350221414435,0.9224435279607986,0.04908426335249305,0.03779276917184815
0.08163265306122448,0.9693877551020408,0.8638208677973818,0.9328239779967358,0.9213275999050714,0.06900311019935401,0.05750673210768964
0.1020408163265306,0.9693877551020408,0.8430620147061252,0.9318928924016477,0.920187839106434,0.08883087769552256,0.0771258244003088
0.12244897959183673,0.9693877551020408,0.8223741995151809,0.930937266645931,0.9190197374718447,0.10856306713075015,0.09664553795666386
0.14285714285714285,0.9693877551020408,0.801757422224549,0.9299409732648232,0.917807370229786,0.12818355104027412,0.11604994800523694
0.16326530612244897,0.9693877551020408,0.7812116828342294,0.9288572377734059,0.9165047290257988,0.14764555493917653,0.13529304619156945
0.18367346938775508,0.9693877551020408,0.760736981344222,0.927574302959918,0.9150020233308737,0.1668373216156961,0.1542650419866517
0.2040816326530612,0.9693877551020408,0.7403333177545268,0.9258649560635315,0.9130761500055044,0.18553163830900465,0.17274283225097753
0.22448979591836732,0.9693877551020408,0.720000692065144,0.9233258401090196,0.9103311490643629,0.20332514804387558,0.1903304569992188
0.24489795918367346,0.9693877551020408,0.6997391042760736,0.9193201894097606,0.9061420400973627,0.21958108513368702,0.2064029358212891
0.26530612244897955,0.9693877551020408,0.6795485543873153,0.9129433653139136,0.8996210616641106,0.2333948109265983,0.22007250727679528
0.2857142857142857,0.9693877551020408,0.6594290423988692,0.9030315466122744,0.8896262912501224,0.24360250421340512,0.23019724885125314
0.3061224489795918,0.9693877551020408,0.6393805683107356,0.8882286678809562,0.874827452381639,0.24884809957022058,0.2354468840709033
0.32653061224489793,0.9693877551020408,0.6194031321229143,0.8671156458975007,0.853832859095034,0.24771251377458636,0.23442972697211972
0.3469387755102041,0.9693877551020408,0.5994967338354051,0.8383914369734283,0.8253672127114724,0.2388947031380232,0.22587047887606726
0.36734693877551017,0.9693877551020408,0.5796613734482083,0.8010811321167036,0.7884758926974065,0.22141975866849528,0.20881451924919814
0.3877551020408163,0.9693877551020408,0.5598970509613238,0.7547359652313474,0.7427212454495424,0.19483891427002364,0.18282419448821863
0.4081632653061224,0.9693877551020408,0.5402037663747515,0.6995867860559178,0.688333120758138,0.1593830196811663,0.14812935438338648
0.42857142857142855,0.9693877551020408,0.5205815196884915,0.6366175730519936,0.6262808484270519,0.11603605336350209,0.10569932873856036
0.44897959183673464,0.9693877551020408,0.5010303109025439,0.5675382395358092,0.5582463052048103,0.06650792863326527,0.057215994302266426
0.4693877551020408,0.9693877551020408,0.48155014001690843,0.4946537617068021,0.48649518194773245,0.013103621689893652,0.004945041930824012
0.4897959183673469,0.9693877551020408,0.46214100703158534,0.42064573821491413,0.41366229841552626,-0.041495268816671205,-0.048478708616059074
0.5102040816326531,0.9693877551020408,0.4428029119465745,0.3482987678267171,0.342482792421278,-0.09450414411985741,-0.10032011952529651
0.5306122448979591,0.9693877551020408,0.423535854761876,0.28021404336024075,0.2755108330032891,-0.14332181140163525,-0.1480250217585869
0.5510204081632653,0.9693877551020408,0.4043398354774898,0.2185542772415572,0.2148691827062451,-0.1857855582359326,-0.1894706527712447
0.5714285714285714,0.9693877551020408,0.3852148540934157,0.164857323819717,0.16206629398082956,-0.22035753027369873,-0.22314856011258616
0.5918367346938775,0.9693877551020408,0.366160910609654,0.11994230970036837,0.11790430488616614,-0.24621860090928563,-0.24825660572348784
0.6122448979591836,0.9693877551020408,0.3471780050262047,0.08391478615371689,0.08248430660787656,-0.2632632188724878,-0.2646936984183281
0.6326530612244897,0.9693877551020408,0.32826613734306753,0.05626009197712949,0.05529823881400167,-0.27200604536593803,-0.2729678985290659
0.6530612244897959,0.9693877551020408,0.3094253075602427,0.03600027002328519,0.035383174615394385,-0.2734250375369575,-0.27404213294484836
0.673469387755102,0.9693877551020408,0.2906555156777301,0.021882044600043723,0.021506067440880135,-0.2687734710776864,-0.26914944823685
0.6938775510204082,0.9693877551020408,0.2719567616955298,0.012562577610163399,0.012346265058205321,-0.2593941840853664,-0.2596104966373245
0.7142857142857142,0.9693877551020408,0.25332904561364195,0.006765388183944298,0.006648669812276368,-0.24656365742969766,-0.24668037580136556
0.7346938775510203,0.9693877551020408,0.23477236743206625,0.0033889809565437346,0.0033304098480178785,-0.2313833864755225,-0.23144195758404837
0.7551020408163265,0.9693877551020408,0.2162867271508028,0.0015626179861160118,0.0015355679406796783,-0.2147241091646868,-0.2147511592101231
0.7755102040816326,0.9693877551020408,0.1978721247698516,0.0006544553234500316,0.0006431094824387177,-0.19721766944640157,-0.19722901528741288
0.7959183673469387,0.9693877551020408,0.1795285602892129,0.0002447456051004633,0.00024049686337016286,-0.17928381468411245,-0.17928806342584275
0.8163265306122448,0.9693877551020408,0.16125603370888633,7.989914407133887e-05,7.851037748089824e-05,-0.161176134564815,-0.16117752333140542
0.836734693877551,0.9693877551020408,0.14305454502887202,2.2082141753006536e-05,2.1697879271742607e-05,-0.14303246288711902,-0.14303284714960027
0.8571428571428571,0.9693877551020408,0.12492409424916998,4.9488697595618525e-06,4.862660327561446e-06,-0.12491914537941042,-0.12491923158884241
0.8775510204081632,0.9693877551020408,0.10686468136978029,8.443168929123486e-07,8.295943665751292e-07,-0.10686383705288738,-0.10686385177541372
0.8979591836734693,0.9693877551020408,0.08887630639070297,9.941958023401463e-08,9.768439288295314e-08,-0.08887620697112274,-0.08887620870631009
0.9183673469387754,0.9693877551020408,0.07095896931193779,6.855586081594212e-09,6.735832349084104e-09,-0.0709589624563517,-0.07095896257610544
0.9387755102040816,0.9693877551020408,0.053112670133484884,2.034169416039465e-10,1.998608196056497e-10,-0.05311266993006794,-0.05311266993362406
0.9591836734693877,0.9693877551020408,0.03533740885534433,1.300022916385864e-12,1.2772791208022083e-12,-0.03533740885404431,-0.035337408854067054
0.9795918367346939,0.9693877551020408,0.017633185477516036,1.965957442626303e-16,1.9315392676847582e-16,-0.01763318547751584,-0.017633185477515842
1.0,0.9693877551020408,0.0,0.0,0.0,0.0,0.0
0.0,0.9795918367346939,0.9487500922526866,0.937569396234945,0.9270743633569655,-0.011180696017741631,-0.021675728895721114
0.02040816326530612,0.9795918367346939,0.9276808065721729,0.9367219427080208,0.9260353114437189,0.009041136135847894,-0.001645495128454022
0.04081632653061224,0.9795918367346939,0.9066826475124862,0.9358566185229747,0.9249748311267432,0.029173971010488575,0.018292183614256996
0.061224489795918366,0.9795918367346939,0.8857556150736265,0.9349729892470754,0.9238924090040501,0.04921737417344885,0.038136793930423574
0.08163265306122448,0.9795918367346939,0.8648997092555937,0.9340705385847794,0.9227874494234453,0.06917082932918572,0.05788774016785159
0.1020408163265306,0.9795918367346939,0.8441149300583878,0.9331480950271349,0.9216587114311302,0.08903316496874714,0.07754378137274243
0.12244897959183673,0.9795918367346939,0.8234012774820089,0.9322011514124734,0.9205016766941279,0.10879987393046453,0.09710039921211899
0.14285714285714285,0.9795918367346939,0.8027587515264569,0.9312135533516198,0.9193003883264002,0.1284548018251629,0.11654163679994323
0.16326530612244897,0.9795918367346939,0.7821873521917319,0.930138450906847,0.918008748406058,0.14795109871511514,0.1358213962143261
0.18367346938775508,0.9795918367346939,0.7616870794778338,0.9288639085369904,0.9165167550435891,0.16717682905915665,0.15482967556575533
0.2040816326530612,0.9795918367346939,0.7412579333847625,0.9271623521954832,0.9146008771325442,0.18590441881072062,0.1733429437477817
0.22448979591836732,0.9795918367346939,0.7208999139125183,0.9246297840080502,0.9118643956525928,0.2037298700955319,0.19096448174007452
0.24489795918367346,0.9795918367346939,0.700613021061101,0.9206284258850901,0.9076811312345041,0.22001540482398907,0.2070681101734031
0.26530612244897955,0.9795918367346939,0.6803972548305106,0.9142521986273693,0.9011616163821913,0.23385494379685867,0.22076436155168067
0.2857142857142857,0.9795918367346939,0.6602526152207472,0.9043354231417076,0.891161728057617,0.24408280792096038,0.23090911283686977
0.3061224489795918,0.9795918367346939,0.6401791022318107,0.8895198611601819,0.8763486157943583,0.24934075892837115,0.23616951356254756
0.32653061224489793,0.9795918367346939,0.6201767158637013,0.8683841425039484,0.8553278837371774,0.2482074266402471,0.23515116787347612
0.3469387755102041,0.9795918367346939,0.6002454561164187,0.8396251059179103,0.8268217228761601,0.23937964980149162,0.2265762667597414
0.36734693877551017,0.9795918367346939,0.5803853229899629,0.8022662219826139,0.7898735898355843,0.22188089899265095,0.20948826684562138
0.3877551020408163,0.9795918367346939,0.5605963164843343,0.7558579184720307,0.7440448711781498,0.19526160198769638,0.1834485546938155
0.4081632653061224,0.9795918367346939,0.5408784365995325,0.700631299490991,0.6895657115382939,0.1597528628914585,0.14868727493876144
0.42857142857142855,0.9795918367346939,0.5212316833355577,0.6375717807633423,0.6274071355098625,0.11634009742778462,0.1061754521743048
0.44897959183673464,0.9795918367346939,0.5016560566924098,0.5683918610908154,0.5592540740244661,0.06673580439840565,0.057598017332056384
0.4693877551020408,0.9795918367346939,0.4821515566700888,0.495400053023795,0.4873763984424197,0.013248496353706174,0.0052248417723309015
0.4897959183673469,0.9795918367346939,0.46271818326859476,0.4212821066297936,0.4144138383838456,-0.04143607663880117,-0.04830434488474916
0.5102040816326531,0.9795918367346939,0.4433559364879277,0.34882696279199515,0.34310666898225217,-0.09452897369593255,-0.10024926750567553
0.5306122448979591,0.9795918367346939,0.4240648163280876,0.2806399000402963,0.27601389509065893,-0.1434249162877913,-0.1480509212374287
0.5510204081632653,0.9795918367346939,0.40484482278907447,0.21888705916773157,0.21526233904288228,-0.1859577636213429,-0.1895824837461922
0.5714285714285714,0.9795918367346939,0.38569595587088806,0.16510876950635,0.162363386494629,-0.22058718636453806,-0.22333256937625906
0.5918367346938775,0.9795918367346939,0.36661821557352875,0.12012552600242518,0.11812080038667042,-0.24649268957110357,-0.24849741518685833
0.6122448979591836,0.9795918367346939,0.3476116018969965,0.08404314220230122,0.08263598867749568,-0.26356845969469533,-0.26497561321950086
0.6326530612244897,0.9795918367346939,0.328676114841291,0.05634625157016272,0.05540006304428504,-0.2723298632711283,-0.273276051797006
0.6530612244897959,0.9795918367346939,0.3098117544064125,0.03605546266545789,0.035448405787502316,-0.2737562917409546,-0.2743633486189102
0.673469387755102,0.9795918367346939,0.29101852059236094,0.02191562524584629,0.02154575796654415,-0.26910289534651466,-0.26947276262581676
0.6938775510204082,0.9795918367346939,0.2722964133991363,0.012581873500858543,0.012369072895069829,-0.25971453989827775,-0.25992734050406646
0.7142857142857142,0.9795918367346939,0.25364543282673874,0.0067757880528083415,0.006660963057245358,-0.2468696447739304,-0.24698446976949337
0.7346938775510203,0.9795918367346939,0.23506557887516802,0.003394194364891371,0.0033365726472069186,-0.23167138451027663,-0.2317290062279611
0.7551020408163265,0.9795918367346939,0.2165568515444242,0.0015650234286622372,0.0015384115326218225,-0.21499182811576195,-0.21501844001180237
0.7755102040816326,0.9795918367346939,0.1981192508345073,0.0006554633848789241,0.0006443012015259623,-0.19746378744962836,-0.19747494963298134
0.7959183673469387,0.9795918367346939,0.1797527767454175,0.00024512279907788737,0.00024094279165160523,-0.17950765394633963,-0.1795118339537659
0.8163265306122448,0.9795918367346939,0.16145742927715453,8.002234536293543e-05,7.865603328492388e-05,-0.1613774069317916,-0.16137877324386962
0.836734693877551,0.9795918367346939,0.14323320842971846,2.2116207673983048e-05,2.173815505117257e-05,-0.14321109222204448,-0.1432114702746673
0.8571428571428571,0.9795918367346939,0.12508011420310933,4.956507679799378e-06,4.871690776594225e-06,-0.12507515769542954,-0.12507524251233273
0.8775510204081632,0.9795918367346939,0.10699814659732719,8.456205118718854e-07,8.311356926213557e-07,-0.10699730097681531,-0.10699731546163457
0.8979591836734693,0.9795918367346939,0.08898730561237207,9.957314110010565e-08,9.786595837820685e-08,-0.08898720603923098,-0.0889872077464137
0.9183673469387754,0.9795918367346939,0.07104759124824377,6.866178746392522e-09,6.748357018618873e-09,-0.07104758438206502,-0.07104758449988675
0.9387755102040816,0.9795918367346939,0.05317900350494238,2.0373134659811284e-10,2.0023257577885042e-10,-0.05317900330121104,-0.05317900330470981
0.9591836734693877,0.9795918367346939,0.035381542382468004,1.302032868080374e-12,1.2796557507200084e-12,-0.03538154238116597,-0.03538154238118835
0.9795918367346939,0.9795918367346939,0.017655207880820548,1.9689978550194146e-16,1.9351344022369449e-16,-0.01765520788082035,-0.017655207880820353
1.0,0.9795918367346939,0.0,0.0,0.0,0.0,0.0
0.0,0.9897959183673469,0.9499068149710297,0.938758800035943,0.928463714479371,-0.011148014935086659,-0.02144310049165865
0.02040816326530612,0.9897959183673469,0.9288118414707152,0.9379197660080194,0.9274354159074336,0.009107924537304246,-0.001376425563281547
0.04081632653061224,0.9897959183673469,0.9077880813092988,0.9370629189306695,0.9263857548509877,0.02927483762137073,0.018597673541688953
0.061224489795918366,0.9897959183673469,0.8868355344867809,0.9361878227634723,0.925314215799119,0.04935228827669147,0.038478681312338114
0.08163265306122448,0.9897959183673469,0.8659542010031611,0.9352939593670905,0.9242202007030673,0.06933975836392936,0.0582659996999062
0.1020408163265306,0.9897959183673469,0.8451440808584397,0.9343801542598048,0.9231024648678418,0.08923607340136508,0.07795838400940203
0.12244897959183673,0.9897959183673469,0.8244051740526165,0.9334418920199483,0.9219564799526435,0.10903671796733183,0.09755130590002703
0.14285714285714285,0.9897959183673469,0.8037374805856917,0.9324629918158894,0.9207662575329597,0.1287255112301977,0.11702877694726799
0.16326530612244897,0.9897959183673469,0.7831410004576651,0.9313965295018449,0.919485611598491,0.14825552904417982,0.13634461114082586
0.18367346938775508,0.9897959183673469,0.7626157336685369,0.9301303940670901,0.9180043322901872,0.16751466039855323,0.15538859862165033
0.2040816326530612,0.9897959183673469,0.7421616802183068,0.9284366559063894,0.9160984673200596,0.1862749756880826,0.17393678710175287
0.22448979591836732,0.9897959183673469,0.7217788401069751,0.9259106863448644,0.9133705505938019,0.20413184623788927,0.19159171048682677
0.24489795918367346,0.9897959183673469,0.7014672133345418,0.9219137107763115,0.9091932225977466,0.2204464974417697,0.20772600926320484
0.26530612244897955,0.9897959183673469,0.6812267999010065,0.9155382319755794,0.9026753364531979,0.23431143207457283,0.22144853655219132
0.2857142857142857,0.9897959183673469,0.6610575998063697,0.9056167418942856,0.8926706028628482,0.24455914208791596,0.23161300305647847
0.3061224489795918,0.9897959183673469,0.6409596130506311,0.8907888630797227,0.8778436372409667,0.24982925002909162,0.2368840241903356
0.32653061224489793,0.9897959183673469,0.6209328396337909,0.8696309735618609,0.856797375508796,0.24869813392807005,0.2358645358750051
0.3469387755102041,0.9897959183673469,0.6009772795558488,0.8408378266800408,0.8282515364512658,0.23986054712419203,0.22727425689541703
0.36734693877551017,0.9897959183673469,0.5810929328168051,0.8034312965671667,0.7912476823062929,0.22233836375036165,0.21015474948948787
0.3877551020408163,0.9897959183673469,0.5612797994166597,0.7569610156964379,0.7453462527044405,0.1956812162797782,0.18406645328778082
0.4081632653061224,0.9897959183673469,0.5415378793554125,0.7016583364131236,0.6907776799647345,0.16012045705771105,0.14923980060932196
0.42857142857142855,0.9897959183673469,0.5218671726330637,0.6385100868130845,0.628514654102164,0.11664291418002082,0.1066474814691003
0.44897959183673464,0.9897959183673469,0.5022676792496132,0.5692313082291371,0.5602451094745451,0.0669636289795239,0.05797743022493185
0.4693877551020408,0.9897959183673469,0.4827393992050608,0.4961339918251965,0.4882430296768026,0.013394592620135704,0.005503630471741794
0.4897959183673469,0.9897959183673469,0.46328233249940687,0.42190797202422603,0.4151529748606264,-0.04137436047518084,-0.04812935763878046
0.5102040816326531,0.9897959183673469,0.4438964791326511,0.34934646226609084,0.3437202751662528,-0.09455001686656028,-0.10017620396639831
0.5306122448979591,0.9897959183673469,0.42458183910479375,0.28105876187323725,0.27650869440880094,-0.1435230772315565,-0.1480731446959928
0.5510204081632653,0.9897959183673469,0.4053384124158346,0.21921438607807836,0.215649050836826,-0.18612402633775627,-0.18968936157900862
0.5714285714285714,0.9897959183673469,0.3861661990657737,0.16535610089383734,0.1626556179028318,-0.22081009817193636,-0.2235105811629419
0.5918367346938775,0.9897959183673469,0.3670651990546111,0.12030574925680809,0.1183337592454238,-0.246759449797803,-0.2487314398091873
0.6122448979591836,0.9897959183673469,0.348035412382347,0.08416940444674796,0.08278519647464877,-0.263866007935599,-0.2652502159076982
0.6326530612244897,0.9897959183673469,0.32907683904898094,0.056431007519042564,0.055500228456085064,-0.2726458315299384,-0.2735766105928959
0.6530612244897959,0.9897959183673469,0.3101894790545132,0.03610975720915697,0.03551257552559953,-0.27407972184535623,-0.2746769035289137
0.673469387755102,0.9897959183673469,0.29137333239894375,0.021948660045578557,0.021584803337820653,-0.2694246723533652,-0.2697885290611231
0.6938775510204082,0.9897959183673469,0.2726283990822726,0.012600856043163144,0.012391510355843953,-0.26002754303910947,-0.26023688872642864
0.7142857142857142,0.9897959183673469,0.25395467910449987,0.006786019184783591,0.00667305684699623,-0.2471686599197163,-0.24728162225750364
0.7346938775510203,0.9897959183673469,0.23535217246562531,0.0033993232537062887,0.0033426355360446744,-0.23195284921191903,-0.23200953692958065
0.7551020408163265,0.9897959183673469,0.216820879165649,0.0015673899027424038,0.0015412090582877245,-0.21525348926290658,-0.21527967010736127
0.7755102040816326,0.9897959183673469,0.19836079920457095,0.0006564551265097363,0.0006454736276234762,-0.1977043440780612,-0.19771532557694746
0.7959183673469387,0.9897959183673469,0.1799719325823914,0.000245493890305266,0.00024138150513776653,-0.17972643869208613,-0.1797305510772536
0.8163265306122448,0.9897959183673469,0.16165427929910997,8.014355446704264e-05,7.879933381633607e-05,-0.16157413574464294,-0.16157547996529364
0.836734693877551,0.9897959183673469,0.1434078393547268,2.214972303064611e-05,2.177777990618118e-05,-0.14338568963169618,-0.14338606157482064
0.8571428571428571,0.9897959183673469,0.1252326127492419,4.964022217712487e-06,4.880575348873963e-06,-0.1252276487270242,-0.12522773217389305
0.8775510204081632,0.9897959183673469,0.10712859948265537,8.469030817262028e-07,8.326521314351063e-07,-0.10712775257957365,-0.10712776683052393
0.8979591836734693,0.9897959183673469,0.08909579955496719,9.972422350335807e-08,9.804459342236955e-08,-0.08909569983074368,-0.08909570151037377
0.9183673469387754,0.9897959183673469,0.07113421296617717,6.876600512629215e-09,6.76067961951252e-09,-0.07113420608957666,-0.07113420620549755
0.9387755102040816,0.9897959183673469,0.05324383971628541,2.0404068092396248e-10,2.0059833633929003e-10,-0.05324383951224473,-0.05324383951568707
0.9591836734693877,0.9897959183673469,0.035424679805292014,1.3040104146113648e-12,1.281994063777598e-12,-0.035424679803988,-0.03542467980401002
0.9795918367346939,0.9897959183673469,0.01767673323319688,1.971989264347232e-16,1.938671593147479e-16,-0.01767673323319668,-0.017676733233196684
1.0,0.9897959183673469,0.0,0.0,0.0,0.0,0.0
0.0,1.0,0.9510374301799949,0.9399255437741433,0.9298265962196747,-0.01111188640585159,-0.021210833960320197
0.02040816326530612,1.0,0.9299173486401376,0.9390949132324842,0.9288090151146275,0.009177564592346532,-0.0011083335255100968
0.04081632653061224,1.0,0.9088685652000023,0.9382465295254028,0.9277701403426472,0.02937796432540052,0.0189015751426449
0.061224489795918366,1.0,0.8878910798595889,0.9373799550892611,0.9267094543891876,0.04948887522967216,0.03881837452959869
0.08163265306122448,1.0,0.8669848926188974,0.9364946700290893,0.9256263569186315,0.06950977741019182,0.05864146429973405
0.1020408163265306,1.0,0.846150003477928,0.9355894969962425,0.9245195996254952,0.08943949351831448,0.07836959614756722
0.12244897959183673,1.0,0.8253864124366804,0.9346599124980319,0.9233846443903022,0.1092735000613515,0.09799823195362178
0.14285714285714285,1.0,0.8046941194951549,0.9336897097353579,0.9222054718178003,0.12899559024020302,0.11751135232264542
0.16326530612244897,1.0,0.7840731246533512,0.9326318915802236,0.9209358092658531,0.14855876692687242,0.13686268461250184
0.18367346938775508,1.0,0.7635234279112696,0.9313741743679717,0.9194652422444389,0.16785074645670206,0.15594181433316934
0.2040816326530612,1.0,0.7430450292689098,0.929688278572666,0.9175694039638961,0.1866432493037562,0.17452437469498627
0.22448979591836732,1.0,0.7226379287262721,0.9271689546598565,0.9148500930305591,0.2045310259335844,0.192212164304287
0.24489795918367346,1.0,0.7023021262833562,0.9231764471455534,0.9106787883078804,0.22087432086219716,0.2083766620245242
0.26530612244897955,1.0,0.6820376219401623,0.9168018629497804,0.9041626897927175,0.23476424100961812,0.22212506785255526
0.2857142857142857,1.0,0.6618444156966903,0.9068758935489818,0.8941533756613167,0.2450314778522915,0.23230895996462642
0.3061224489795918,1.0,0.6417225075529404,0.8920360554451648,0.8793129664663533,0.2503135478922245,0.2375904589134129
0.32653061224489793,1.0,0.6216718975089124,0.8708565095032385,0.8582417709349429,0.24918461199432607,0.23656987342603053
0.3469387755102041,1.0,0.6016925855646063,0.8420299553312905,0.8296570731958316,0.2403373697666843,0.22796448763122534
0.36734693877551017,1.0,0.5817845717200221,0.804576694241641,0.7925985691378777,0.22279212252161895,0.21081399741785567
0.3877551020408163,1.0,0.5619478559751598,0.7580455740950626,0.7466257641933934,0.19609771811990273,0.1846779082182336
0.4081632653061224,1.0,0.5421824383300197,0.7026681894809936,0.6919693713584935,0.16048575115097397,0.1497869330284738
0.42857142857142855,1.0,0.5224883187846013,0.6394327564036903,0.6296037172041948,0.11694443761908901,0.1071153984195935
0.44897959183673464,1.0,0.502865497338905,0.5700568164828754,0.5612196895971711,0.06719131914397047,0.0583541922582661
0.4693877551020408,1.0,0.4833139739929305,0.496855782698026,0.4890953172086635,0.01354180870509547,0.005781343215732981
0.4897959183673469,1.0,0.4638337487466781,0.4225235078455174,0.41587991267100144,-0.0413102409011607,-0.04795383607567666
0.5102040816326531,1.0,0.44442482160014757,0.3498574094729924,0.3443237801324618,-0.09456741212715519,-0.10010104146768578
0.5306122448979591,1.0,0.42508719255333904,0.281470743804278,0.2769953667350527,-0.14361644874906104,-0.14809182581828634
0.5510204081632653,1.0,0.40582086160625247,0.21953634742838768,0.21602942376857198,-0.1862845141778648,-0.1897914378376805
0.5714285714285714,1.0,0.3866258287588877,0.1655993853269719,0.16294306777274598,-0.22102644343191577,-0.2236827609861417
0.5918367346938775,1.0,0.36750209401124495,0.1204830283739963,0.11854323925497336,-0.24701906563724865,-0.2489588547562716
0.6122448979591836,1.0,0.34844965736332434,0.0842936070518368,0.0829319703716354,-0.26415605031148753,-0.26551768699168893
0.6326530612244897,1.0,0.32946851881512546,0.05651438269655187,0.055598762079962415,-0.2729541361185736,-0.27386975673516306
0.6530612244897959,1.0,0.3105586783666486,0.03616316827152818,0.03557570110502332,-0.2743955100951204,-0.27498297726162524
0.673469387755102,1.0,0.29172013601789365,0.021981157873574277,0.021623214043484804,-0.26973897814431935,-0.2700969219744088
0.6938775510204082,1.0,0.2729528917688606,0.012619530326450488,0.01241358345608534,-0.26033336144241015,-0.2605393083127753
0.7142857142857142,1.0,0.25425694561954976,0.006796084318020102,0.006684954418130423,-0.24746086130152967,-0.24757199120141934
0.7346938775510203,1.0,0.23563229756996068,0.003404368993394453,0.0033486001344740033,-0.23222792857656624,-0.23228369743548669
0.7551020408163265,1.0,0.21707894762009353,0.0015697180397223072,0.0015439612640372866,-0.21550922958037122,-0.21553498635605625
0.7755102040816326,1.0,0.1985968957699483,0.0006574308125744167,0.0006466270731002289,-0.19793946495737388,-0.19795026869684806
0.7959183673469387,1.0,0.18018614201952518,0.0002458589775294324,0.0002418131205686574,-0.17994028304199575,-0.17994432889895653
0.8163265306122448,1.0,0.1618466863688239,8.026280360002233e-05,7.894031716293358e-05,-0.1617664235652239,-0.16176774605166097
0.836734693877551,1.0,0.14357852881784455,2.2182696721610586e-05,2.18167643574428e-05,-0.14355634612112295,-0.1435567120534871
0.8571428571428571,1.0,0.1253816693665871,4.9714153665097745e-06,4.889316400994741e-06,-0.12537669795122058,-0.1253767800501861
0.8775510204081632,1.0,0.1072561080150517,8.481649423622869e-07,8.341440848780653e-07,-0.10725525985010934,-0.10725527387096682
0.8979591836734693,1.0,0.08920184476323831,9.987286744731961e-08,9.822034531421266e-08,-0.08920174489037086,-0.08920174654289299
0.9183673469387754,1.0,0.07121887961114674,6.886854137594364e-09,6.772803411951417e-09,-0.0712188727242926,-0.07121887283834333
0.9387755102040816,1.0,0.053307212558777094,2.0434502636180754e-10,2.009581979848029e-10,-0.05330721235443207,-0.0533072123578189
0.9591836734693877,1.0,0.03546684360612947,1.3059560784325087e-12,1.2842946777398882e-12,-0.035466843604823516,-0.03546684360484518
0.9795918367346939,1.0,0.017697772753203778,1.9749324604083973e-16,1.9421517743129814e-16,-0.01769777275320358,-0.017697772753203583
1.0,1.0,0.0,0.0,0.0,0.0,0.0
