m,pf,PKI,DPKI_Mal_Lower,DPKI_Mal_Upper
8,0.0,0.8428201885375659,0.8458199542765292,0.8199011812485604
8,0.001001001001001001,0.8419006709442134,0.8457604172381898,0.8198257855036047
8,0.002002002002002002,0.8409813053623657,0.8457008414512052,0.8197503447841064
8,0.003003003003003003,0.840062091792023,0.8456412248655284,0.8196748571237873
8,0.004004004004004004,0.8391430302331851,0.8455815641055414,0.8195993192872357
8,0.005005005005005005,0.8382241206858524,0.8455218544916415,0.8195237267905928
8,0.006006006006006006,0.8373053631500245,0.8454620900616688,0.819448073922087
8,0.007007007007007007,0.8363867576257015,0.8454022635921689,0.8193723537624119
8,0.008008008008008008,0.8354683041128834,0.845342366619493,0.8192965582049454
8,0.009009009009009009,0.8345500026115703,0.8452823894607396,0.8192206779758203
8,0.01001001001001001,0.8336318531217621,0.8452223212345285,0.8191447026538317
8,0.011011011011011011,0.8327138556434589,0.8451621498816225,0.8190686206901986
8,0.012012012012012012,0.8317960101766606,0.8451018621853846,0.8189924194281691
8,0.013013013013013013,0.8308783167213672,0.8450414437920776,0.8189160851224733
8,0.014014014014014014,0.8299607752775788,0.8449808792310075,0.8188396029586269
8,0.015015015015015015,0.8290433858452954,0.8449201519345042,0.8187629570720786
8,0.016016016016016016,0.8281261484245167,0.84485924425775,0.8186861305672117
8,0.017017017017017015,0.8272090630152432,0.8447981374984513,0.8186091055361949
8,0.018018018018018018,0.8262921296174744,0.8447368119163506,0.8185318630776818
8,0.01901901901901902,0.8253753482312107,0.8446752467525914,0.8184543833153655
8,0.02002002002002002,0.8244587188564519,0.8446134202489182,0.8183766454163796
8,0.02102102102102102,0.823542241493198,0.8445513096667318,0.8182986276095576
8,0.022022022022022022,0.8226259161414491,0.8444888913059866,0.8182203072035422
8,0.023023023023023025,0.821709742801205,0.8444261405239377,0.818141660604748
8,0.024024024024024024,0.820793721472466,0.8443630317537373,0.8180626633351844
8,0.025025025025025023,0.8198778521552318,0.8442995385228735,0.8179832900501228
8,0.026026026026026026,0.8189621348495026,0.8442356334714668,0.8179035145556296
8,0.02702702702702703,0.8180465695552783,0.8441712883704119,0.8178233098259509
8,0.028028028028028028,0.8171311562725591,0.8441064741393716,0.817742648020754
8,0.029029029029029027,0.8162158950013446,0.8440411608646229,0.8176615005022302
8,0.03003003003003003,0.8153007857416351,0.843975317816752,0.8175798378520476
8,0.031031031031031032,0.8143858284934307,0.8439089134682052,0.8174976298881721
8,0.03203203203203203,0.813471023256731,0.8438419155106928,0.8174148456815411
8,0.03303303303303303,0.8125563700315364,0.8437742908724438,0.8173314535725997
8,0.03403403403403403,0.8116418688178466,0.8437060057353213,0.8172474211876998
8,0.035035035035035036,0.8107275196156619,0.8436370255517843,0.8171627154553524
8,0.036036036036036036,0.8098133224249819,0.8435673150617135,0.8170773026223507
8,0.037037037037037035,0.8088992772458071,0.8434968383090886,0.816991148269751
8,0.03803803803803804,0.807985384078137,0.8434255586585248,0.8169042173287163
8,0.03903903903903904,0.8070716429219721,0.8433534388116672,0.8168164740962256
8,0.04004004004004004,0.8061580537773119,0.8432804408234409,0.8167278822506447
8,0.04104104104104104,0.8052446166441568,0.8432065261181619,0.8166384048671633
8,0.04204204204204204,0.8043313315225065,0.8431316555055083,0.816548004433098
8,0.043043043043043044,0.8034181984123612,0.8430557891963493,0.8164566428630584
8,0.044044044044044044,0.8025052173137208,0.8429788868184397,0.8163642815139855
8,0.04504504504504504,0.8015923882265854,0.842900907431967,0.8162708812000482
8,0.04604604604604605,0.8006797111509548,0.8428218095449697,0.8161764022074157
8,0.04704704704704705,0.7997671860868293,0.8427415511286124,0.8160808043088941
8,0.04804804804804805,0.7988548130342087,0.8426600896323289,0.8159840467784341
8,0.04904904904904905,0.797942591993093,0.842577381998822,0.8158860884055045
8,0.050050050050050046,0.7970305229634822,0.8424933846789351,0.8157868875093386
8,0.05105105105105105,0.7961186059453764,0.842408053646384,0.8156864019530516
8,0.05205205205205205,0.7952068409387755,0.8423213444123565,0.8155845891576267
8,0.05305305305305305,0.7942952279436796,0.8422332120399799,0.8154814061157769
8,0.05405405405405406,0.7933837669600885,0.842143611158649,0.8153768094056733
8,0.055055055055055056,0.7924724579880025,0.8420524959782282,0.8152707552045508
8,0.056056056056056056,0.7915613010274213,0.8419598203031197,0.8151631993021873
8,0.057057057057057055,0.7906502960783451,0.8418655375461976,0.8150540971142539
8,0.058058058058058054,0.7897394431407737,0.841769600742618,0.8149434036955445
8,0.05905905905905906,0.7888287422147074,0.8416719625634879,0.8148310737530743
8,0.06006006006006006,0.787918193300146,0.8415725753294164,0.8147170616590588
8,0.06106106106106106,0.7870077963970895,0.8414713910239293,0.8146013214637687
8,0.062062062062062065,0.7860975515055381,0.8413683613067577,0.8144838069082597
8,0.06306306306306306,0.7851874586254913,0.8412634375270013,0.8143644714369834
8,0.06406406406406406,0.7842775177569498,0.8411565707361576,0.8142432682102705
8,0.06506506506506507,0.7833677288999129,0.841047711701033,0.8141201501166972
8,0.06606606606606606,0.7824580920543812,0.8409368109165211,0.8139950697853314
8,0.06706706706706707,0.7815486072203544,0.8408238186182596,0.813867979597854
8,0.06806806806806806,0.7806392743978324,0.840708684795163,0.8137388317005674
8,0.06906906906906907,0.7797300935868153,0.8405913592018253,0.8136075780162763
8,0.07007007007007007,0.7788210647873034,0.8404717913708051,0.8134741702560571
8,0.07107107107107107,0.7779121879992962,0.8403499306247862,0.8133385599309075
8,0.07207207207207207,0.777003463222794,0.8402257260886132,0.8132006983632752
8,0.07307307307307308,0.7760948904577968,0.8400991267012102,0.8130605366984776
8,0.07407407407407407,0.7751864697043044,0.839970081227371,0.8129180259159929
8,0.07507507507507508,0.774278200962317,0.8398385382694357,0.8127731168406497
8,0.07607607607607608,0.7733700842318346,0.8397044462788419,0.8126257601536885
8,0.07707707707707707,0.7724621195128571,0.839567753567562,0.8124759064037209
8,0.07807807807807808,0.7715543068053845,0.8394284083194136,0.8123235060175615
8,0.07907907907907907,0.7706466461094169,0.8392863586012586,0.812168509310958
8,0.08008008008008008,0.7697391374249541,0.8391415523740815,0.8120108664992002
8,0.08108108108108109,0.7688317807519963,0.8389939375039496,0.8118505277076212
8,0.08208208208208208,0.7679245760905435,0.8388434617728601,0.8116874429819875
8,0.08308308308308308,0.7670175234405956,0.8386900728894656,0.8115215622987706
8,0.08408408408408408,0.7661106228021527,0.838533718499688,0.8113528355753153
8,0.08508508508508508,0.7652038741752146,0.8383743461972178,0.811181212679897
8,0.08608608608608609,0.7642972775597815,0.838211903533895,0.8110066434416632
8,0.08708708708708708,0.7633908329558534,0.8380463380299826,0.8108290776604751
8,0.08808808808808809,0.7624845403634302,0.8378775971843189,0.8106484651166317
8,0.0890890890890891,0.7615783997825119,0.8377056284843631,0.8104647555804909
8,0.09009009009009009,0.7606724112130985,0.8375303794161265,0.8102778988219824
8,0.09109109109109109,0.75976657465519,0.8373517974739924,0.8100878446200129
8,0.0920920920920921,0.7588608901087865,0.8371698301704265,0.8098945427717658
8,0.09309309309309309,0.757955357573888,0.8369844250455715,0.8096979431018924
8,0.0940940940940941,0.7570499770504945,0.836795529676739,0.8094979954716006
8,0.09509509509509509,0.7561447485386057,0.8366030916877866,0.8092946497876383
8,0.0960960960960961,0.755239672038222,0.8364070587583884,0.8090878560111705
8,0.0970970970970971,0.7543347475493432,0.8362073786331997,0.8088775641665563
8,0.0980980980980981,0.7534299750719693,0.8360039991309063,0.8086637243500173
8,0.0990990990990991,0.7525253546061004,0.835796868153176,0.8084462867382087
8,0.10010010010010009,0.7516208861517364,0.8355859336934962,0.8082252015966844
8,0.1011011011011011,0.7507165697088772,0.8353711438459102,0.8080004192882624
8,0.1021021021021021,0.7498124052775232,0.8351524468136464,0.8077718902812897
8,0.1031031031031031,0.748908392857674,0.8349297909176404,0.8075395651578031
8,0.1041041041041041,0.7480045324493296,0.8347031246049563,0.8073033946215938
8,0.10510510510510511,0.7471008240524903,0.8344723964571013,0.8070633295061703
8,0.1061061061061061,0.7461972676671559,0.8342375551982383,0.8068193207826219
8,0.10710710710710711,0.7452938632933265,0.8339985497032989,0.8065713195673879
8,0.10810810810810811,0.744390610931002,0.8337553290059846,0.8063192771299211
8,0.1091091091091091,0.7434875105801824,0.8335078423066772,0.8060631449002605
8,0.11011011011011011,0.7425845622408678,0.8332560389802421,0.8058028744765044
8,0.1111111111111111,0.741681765913058,0.8329998685837312,0.8055384176321867
8,0.11211211211211211,0.7407791215967532,0.8327392808639903,0.8052697263235604
8,0.11311311311311312,0.7398766292919534,0.8324742257651584,0.8049967526967793
8,0.11411411411411411,0.7389742889986585,0.8322046534360764,0.8047194490949905
8,0.11511511511511512,0.7380721007168685,0.8319305142375936,0.8044377680653317
8,0.11611611611611611,0.7371700644465835,0.8316517587497747,0.8041516623658312
8,0.11711711711711711,0.7362681801878033,0.8313683377790159,0.8038610849722209
8,0.11811811811811812,0.7353664479405281,0.8310802023650539,0.8035659890846467
8,0.11911911911911911,0.7344648677047579,0.8307873037878866,0.8032663281342968
8,0.12012012012012012,0.7335634394804926,0.8304895935745972,0.8029620557899316
8,0.12112112112112113,0.7326621632677321,0.8301870235060783,0.8026531259643245
8,0.12212212212212212,0.7317610390664768,0.829879545623668,0.8023394928206128
8,0.12312312312312312,0.7308600668767263,0.8295671122356844,0.8020211107785552
8,0.12412412412412413,0.7299592466984807,0.8292496759238714,0.8016979345207017
8,0.12512512512512514,0.7290585785317402,0.828927189549751,0.8013699189984749
8,0.12612612612612611,0.7281580623765045,0.8285996062608795,0.8010370194381587
8,0.12712712712712712,0.7272576982327736,0.8282668794970183,0.8006991913468067
8,0.12812812812812813,0.7263574861005478,0.8279289629962029,0.8003563905180502
8,0.12912912912912913,0.725457425979827,0.8275858108007307,0.8000085730378308
8,0.13013013013013014,0.724557517870611,0.8272373772630515,0.7996556952900394
8,0.13113113113113112,0.7236577617729,0.8268836170515722,0.7992977139620712
8,0.13213213213213212,0.7227581576866939,0.8265244851563712,0.7989345860502957
8,0.13313313313313313,0.7218587056119927,0.8261599368948187,0.7985662688654368
8,0.13413413413413414,0.7209594055487965,0.8257899279171158,0.7981927200378742
8,0.13513513513513514,0.7200602574971053,0.8254144142117408,0.7978138975228555
8,0.13613613613613612,0.7191612614569189,0.825033352110809,0.7974297596056267
8,0.13713713713713713,0.7182624174282375,0.8246466982953491,0.7970402649064814
8,0.13813813813813813,0.7173637254110611,0.8242544098004848,0.7966453723857198
8,0.13913913913913914,0.7164651854053895,0.8238564440205385,0.7962450413485331
8,0.14014014014014015,0.7155667974112229,0.8234527587140459,0.7958392314498028
8,0.14114114114114115,0.7146685614285612,0.8230433120086847,0.7954279026988165
8,0.14214214214214213,0.7137704774574045,0.822628062406124,0.7950110154639081
8,0.14314314314314314,0.7128725454977527,0.8222069687867808,0.7945885304770103
8,0.14414414414414414,0.7119747655496058,0.8217799904145014,0.7941604088381334
8,0.14514514514514515,0.711077137612964,0.8213470869411554,0.7937266120197612
8,0.14614614614614616,0.7101796616878269,0.8209082184111476,0.7932871018711676
8,0.14714714714714713,0.7092823377741949,0.8204633452658514,0.7928418406226584
8,0.14814814814814814,0.7083851658720677,0.8200124283479541,0.7923907908897289
8,0.14914914914914915,0.7074881459814456,0.8195554289057272,0.791933915677149
8,0.15015015015015015,0.7065912781023284,0.8190923085972126,0.7914711783829684
8,0.15115115115115116,0.7056945622347159,0.8186230294943306,0.7910025428024459
8,0.15215215215215216,0.7047979983786086,0.8181475540869103,0.7905279731319041
8,0.15315315315315314,0.7039015865340063,0.8176658452866331,0.790047433972504
8,0.15415415415415415,0.7030053267009087,0.8171778664309074,0.7895608903339487
8,0.15515515515515516,0.702109218879316,0.816683581286659,0.7890683076381093
8,0.15615615615615616,0.7012132630692284,0.8161829540540453,0.7885696517225785
8,0.15715715715715717,0.7003174592706458,0.8156759493700958,0.7880648888441513
8,0.15815815815815815,0.699421807483568,0.8151625323122685,0.7875539856822252
8,0.15915915915915915,0.6985263077079951,0.8146426684019377,0.7870369093421375
8,0.16016016016016016,0.6976309599439272,0.814116323607802,0.7865136273584233
8,0.16116116116116116,0.6967357641913643,0.8135834643492176,0.7859841076980019
8,0.16216216216216217,0.6958407204503062,0.8130440574994608,0.785448318763297
8,0.16316316316316315,0.6949458287207532,0.8124980703889078,0.7849062293952769
8,0.16416416416416416,0.694051089002705,0.8119454708081496,0.7843578088764325
8,0.16516516516516516,0.6931565012961618,0.8113862270110286,0.7838030269336792
8,0.16616616616616617,0.6922620656011235,0.8108203077176035,0.7832418537411924
8,0.16716716716716717,0.6913677819175901,0.8102476821170449,0.7826742599231733
8,0.16816816816816815,0.6904736502455616,0.8096683198704507,0.7821002165565427
8,0.16916916916916916,0.6895796705850382,0.8090821911136012,0.7815196951735706
8,0.17017017017017017,0.6886858429360196,0.8084892664596347,0.7809326677644354
8,0.17117117117117117,0.687792167298506,0.8078895170016558,0.7803391067797159
8,0.17217217217217218,0.6868986436724973,0.8072829143152767,0.7797389851328181
8,0.17317317317317318,0.6860052720579936,0.8066694304610811,0.7791322762023313
8,0.17417417417417416,0.6851120524549948,0.8060490379870271,0.7785189538343216
8,0.17517517517517517,0.684218984863501,0.8054217099307786,0.7778989923445596
8,0.17617617617617617,0.683326069283512,0.8047874198219653,0.7772723665206789
8,0.17717717717717718,0.682433305715028,0.8041461416843825,0.7766390516242776
8,0.1781781781781782,0.681540694158049,0.8034978500381147,0.7759990233929447
8,0.17917917917917917,0.6806482346125748,0.8028425199015996,0.7753522580422316
8,0.18018018018018017,0.6797559270786057,0.802180126793623,0.7746987322675567
8,0.18118118118118118,0.6788637715561413,0.8015106467352466,0.7740384232460449
8,0.18218218218218218,0.677971768045182,0.8008340562516756,0.7733713086383102
8,0.1831831831831832,0.6770799165457276,0.8001503323740521,0.7726973665901679
8,0.1841841841841842,0.6761882170577782,0.7994594526411938,0.7720165757342916
8,0.18518518518518517,0.6752966695813337,0.7987613951012656,0.7713289151918099
8,0.18618618618618618,0.6744052741163941,0.7980561383133802,0.770634364573831
8,0.1871871871871872,0.6735140306629595,0.7973436613491505,0.7699329039829249
8,0.1881881881881882,0.6726229392210297,0.7966239437941639,0.7692245140145272
8,0.1891891891891892,0.6717319997906049,0.795896965749404,0.7685091757582952
8,0.19019019019019018,0.6708412123716851,0.7951627078326108,0.7677868707994038
8,0.19119119119119118,0.6699505769642702,0.7944211511795688,0.7670575812197721
8,0.1921921921921922,0.6690600935683602,0.793672277445352,0.7663212895992497
8,0.1931931931931932,0.6681697621839552,0.7929160688054898,0.7655779790167268
8,0.1941941941941942,0.667279582811055,0.7921525079570865,0.7648276330511983
8,0.19519519519519518,0.6663895554496599,0.7913815781198772,0.7640702357827702
8,0.1961961961961962,0.6654996800997697,0.7906032630372175,0.7633057717935994
8,0.1971971971971972,0.6646099567613843,0.7898175469770298,0.762534226168793
8,0.1981981981981982,0.663720385434504,0.7890244147326747,0.7617555844972373
8,0.1991991991991992,0.6628309661191285,0.7882238516237755,0.7609698328723791
8,0.20020020020020018,0.6619416988152581,0.7874158434969848,0.7601769578929536
8,0.2012012012012012,0.6610525835228925,0.7866003767266839,0.7593769466636474
8,0.2022022022022022,0.6601636202420319,0.7857774382156428,0.7585697867957234
8,0.2032032032032032,0.6592748089726762,0.7849470153956071,0.7577554664075755
8,0.2042042042042042,0.6583861497148255,0.7841090962278392,0.7569339741252411
8,0.20520520520520522,0.6574976424684796,0.7832636692036051,0.7561052990828582
8,0.2062062062062062,0.6566092872336388,0.7824107233445978,0.7552694309230652
8,0.2072072072072072,0.6557210840103028,0.7815502482033154,0.7544263597973561
8,0.2082082082082082,0.6548330327984718,0.7806822338633804,0.7535760763663777
8,0.2092092092092092,0.6539451335981458,0.7798066709398064,0.7527185718001794
8,0.21021021021021022,0.6530573864093246,0.7789235505792146,0.7518538377784122
8,0.2112112112112112,0.6521697912320084,0.778032864459991,0.750981866490472
8,0.2122122122122122,0.6512823480661971,0.7771346047923986,0.7501026506356007
8,0.2132132132132132,0.6503950569118907,0.7762287643186334,0.7492161834229312
8,0.21421421421421422,0.6495079177690893,0.7753153363128299,0.7483224585714863
8,0.21521521521521522,0.6486209306377928,0.7743943145810187,0.7474214703101303
8,0.21621621621621623,0.6477340955180013,0.7734656934610267,0.746513213377466
8,0.2172172172172172,0.6468474124097148,0.7725294678223338,0.7455976830216899
8,0.2182182182182182,0.6459608813129332,0.7715856330658768,0.744674875000398
8,0.21921921921921922,0.6450745022276564,0.7706341851238042,0.7437447855803413
8,0.22022022022022023,0.6441882751538845,0.7696751204591845,0.7428074115371409
8,0.22122122122122123,0.6433022000916176,0.7687084360656604,0.7418627501549485
8,0.2222222222222222,0.6424162770408558,0.7677341294670601,0.7409107992260668
8,0.22322322322322322,0.6415305060015988,0.7667521987169599,0.7399515570505228
8,0.22422422422422422,0.6406448869738467,0.7657626423981976,0.738985022435594
8,0.22522522522522523,0.6397594199575996,0.7647654596223425,0.7380111946952941
8,0.22622622622622623,0.6388741049528575,0.7637606500291135,0.7370300736498062
8,0.2272272272272272,0.6379889419596203,0.7627482137857564,0.7360416596248813
8,0.22822822822822822,0.637103930977888,0.7617281515863732,0.7350459534511864
8,0.22922922922922923,0.6362190720076606,0.7607004646512052,0.734042956463611
8,0.23023023023023023,0.6353343650489381,0.7596651547258769,0.7330326705005339
8,0.23123123123123124,0.6344498101017206,0.7586222240805839,0.7320150979030406
8,0.23223223223223222,0.6335654071660081,0.7575716755092496,0.730990241514105
8,0.23323323323323322,0.6326811562418004,0.7565135123286301,0.7299581046777257
8,0.23423423423423423,0.6317970573290976,0.7554477383773781,0.7289186912380214
8,0.23523523523523523,0.6309131104278999,0.7543743580150666,0.7278720055382886
8,0.23623623623623624,0.630029315538207,0.7532933761211635,0.7268180524200109
8,0.23723723723723725,0.6291456726600192,0.752204798093971,0.7257568372218361
8,0.23823823823823823,0.6282621817933363,0.7511086298495195,0.7246883657785085
8,0.23923923923923923,0.6273788429381583,0.7500048778204211,0.7236126444197639
8,0.24024024024024024,0.6264956560944852,0.7488935489546842,0.7225296799691847
8,0.24124124124124124,0.625612621262317,0.7477746507144815,0.7214394797430146
8,0.24224224224224225,0.6247297384416537,0.746648191074886,0.7203420515489377
8,0.24324324324324323,0.6238470076324955,0.7455141785225603,0.719237403684817
8,0.24424424424424424,0.6229644288348422,0.7443726220544111,0.7181255449373973
8,0.24524524524524524,0.6220820020486938,0.7432235311762037,0.7170064845809696
8,0.24624624624624625,0.6211997272740502,0.7420669159011339,0.7158802323759977
8,0.24724724724724725,0.6203176045109117,0.7409027867483686,0.7147467985677091
8,0.24824824824824826,0.6194356337592781,0.7397311547415422,0.7136061938846504
8,0.24924924924924924,0.6185538150191494,0.7385520314072189,0.7124584295372052
8,0.2502502502502503,0.6176721482905256,0.7373654287733206,0.7113035172160792
8,0.25125125125125125,0.6167906335734069,0.7361713593675081,0.7101414690907449
8,0.25225225225225223,0.615909270867793,0.7349698362155374,0.7089722978078566
8,0.25325325325325326,0.615028060173684,0.7337608728395748,0.7077960164896303
8,0.25425425425425424,0.61414700149108,0.7325444832564734,0.706612638732184
8,0.2552552552552553,0.613266094819981,0.7313206819760228,0.7054221786038555
8,0.25625625625625625,0.6123853401603868,0.7300894839991542,0.7042246506434718
8,0.25725725725725723,0.6115047375122976,0.7288509048161178,0.7030200698585996
8,0.25825825825825827,0.6106242868757134,0.7276049604046235,0.7018084517237536
8,0.25925925925925924,0.609743988250634,0.7263516672279476,0.7005898121785764
8,0.2602602602602603,0.6088638416370596,0.7250910422330098,0.699364167625989
8,0.26126126126126126,0.6079838470349902,0.7238231028484088,0.6981315349303008
8,0.26226226226226224,0.6071040044444258,0.7225478669824342,0.696891931415298
8,0.26326326326326327,0.6062243138653661,0.7212653530210424,0.6956453748622972
8,0.26426426426426425,0.6053447752978115,0.7199755798257974,0.6943918835081643
8,0.2652652652652653,0.6044653887417618,0.7186785667317888,0.6931314760433135
8,0.26626626626626626,0.6035861541972171,0.7173743335455064,0.6918641716096633
8,0.26726726726726724,0.6027070716641771,0.7160629005426948,0.6905899897985739
8,0.2682682682682683,0.6018281411426423,0.7147442884661723,0.6893089506487498
8,0.26926926926926925,0.6009493626326123,0.7134185185236175,0.6880210746441131
8,0.2702702702702703,0.6000707361340872,0.7120856123853351,0.6867263827116546
8,0.27127127127127126,0.5991922616470672,0.7107455921819796,0.6854248962192465
8,0.27227227227227224,0.598313939171552,0.7093984805022604,0.6841166369734353
8,0.2732732732732733,0.5974357687075418,0.7080443003906134,0.6828016272172055
8,0.27427427427427425,0.5965577502550365,0.7066830753448428,0.6814798896277121
8,0.2752752752752753,0.5956798838140361,0.7053148293137423,0.6801514473139941
8,0.27627627627627627,0.5948021693845407,0.7039395866946767,0.6788163238146516
8,0.2772772772772773,0.5939246069665501,0.7025573723311469,0.6774745430955038
8,0.2782782782782783,0.5930471965600645,0.7011682115103239,0.6761261295472216
8,0.27927927927927926,0.592169938165084,0.6997721299605515,0.6747711079829255
8,0.2802802802802803,0.5912928317816083,0.6983691538488341,0.6734095036357737
8,0.28128128128128127,0.5904158774096376,0.6969593097782844,0.6720413421565083
8,0.2822822822822823,0.5895390750491718,0.6955426247855563,0.6706666496109898
8,0.2832832832832833,0.5886624247002109,0.6941191263382498,0.6692854524777029
8,0.28428428428428426,0.587785926362755,0.6926888423322841,0.6678977776452328
8,0.2852852852852853,0.5869095800368039,0.6912518010892597,0.6665036524097319
8,0.2862862862862863,0.5860333857223579,0.6898080313537808,0.6651031044723461
8,0.2872872872872873,0.5851573434194167,0.6883575622907652,0.6636961619366314
8,0.2882882882882883,0.5842814531279805,0.6869004234827272,0.6622828533059429
8,0.28928928928928926,0.5834057148480493,0.6854366449270308,0.660863207480798
8,0.2902902902902903,0.5825301285796229,0.6839662570331339,0.6594372537562266
8,0.2912912912912913,0.5816546943227016,0.6824892906197937,0.6580050218190894
8,0.2922922922922923,0.5807794120772851,0.6810057769122622,0.6565665417453815
8,0.2932932932932933,0.5799042818433736,0.6795157475394543,0.6551218439975155
8,0.29429429429429427,0.579029303620967,0.6780192345310917,0.6536709594215747
8,0.2952952952952953,0.5781544774100654,0.6765162703148354,0.6522139192445617
8,0.2962962962962963,0.5772798032106686,0.6750068877133826,0.6507507550716094
8,0.2972972972972973,0.5764052810227768,0.6734911199415557,0.6492814988831851
8,0.2982982982982983,0.57553091084639,0.6719690006033666,0.6478061830322707
8,0.29929929929929927,0.574656692681508,0.6704405636890545,0.6463248402415187
8,0.3003003003003003,0.5737826265281311,0.6689058435721177,0.6448375036004017
8,0.3013013013013013,0.5729087123862591,0.667364875006311,0.6433442065623287
8,0.3023023023023023,0.5720349502558919,0.6658176931226347,0.6418449829417532
8,0.3033033033033033,0.5711613401370297,0.6642643334263021,0.6403398669112617
8,0.30430430430430433,0.5702878820296725,0.6627048317936814,0.6388288929986377
8,0.3053053053053053,0.5694145759338202,0.6611392244692338,0.6373120960839205
8,0.3063063063063063,0.5685414218494729,0.6595675480624192,0.6357895113964345
8,0.3073073073073073,0.5676684197766304,0.6579898395445923,0.6342611745118091
8,0.3083083083083083,0.566795569715293,0.6564061362458825,0.6327271213489825
8,0.30930930930930933,0.5659228716654603,0.6548164758520476,0.6311873881671809
8,0.3103103103103103,0.5650503256271326,0.6532208964013252,0.6296420115628955
8,0.3113113113113113,0.56417793160031,0.6516194362812538,0.6280910284668302
8,0.3123123123123123,0.5633056895849922,0.6500121342254868,0.6265344761408429
8,0.3133133133133133,0.5624335995811794,0.6483990293105889,0.6249723921748698
8,0.31431431431431434,0.5615616615888714,0.6467801609528112,0.6234048144838291
8,0.3153153153153153,0.5606898756080686,0.6451555689048633,0.6218317813045224
8,0.3163163163163163,0.5598182416387706,0.6435252932526576,0.6202533311925087
8,0.3173173173173173,0.5589467596809775,0.6418893744120473,0.6186695030189732
8,0.3183183183183183,0.5580754297346894,0.6402478531255494,0.617080335967581
8,0.31931931931931934,0.5572042517999061,0.6386007704590465,0.6154858695313115
8,0.3203203203203203,0.5563332258766277,0.6369481677984883,0.613886143509291
8,0.3213213213213213,0.5554623519648545,0.635290086846566,0.6122811980036019
8,0.32232232232232233,0.554591630064586,0.6336265696193822,0.6106710734160841
8,0.3233233233233233,0.5537210601758227,0.6319576584431075,0.6090558104451267
8,0.32432432432432434,0.5528506422985641,0.6302833959506162,0.6074354500824388
8,0.3253253253253253,0.5519803764328105,0.6286038250781255,0.6058100336098229
8,0.3263263263263263,0.5511102625785619,0.6269189890618065,0.6041796025959217
8,0.32732732732732733,0.5502403007358181,0.6252289314343936,0.6025441988929645
8,0.3283283283283283,0.5493704909045792,0.623533696021781,0.6009038646334999
8,0.32932932932932935,0.5485008330848453,0.6218333269396025,0.5992586422271124
8,0.3303303303303303,0.5476313272766165,0.6201278685898113,0.597608574357141
8,0.3313313313313313,0.5467619734798925,0.6184173656572379,0.5959537039773739
8,0.33233233233233234,0.5458927716946734,0.6167018631061454,0.5942940743087433
8,0.3333333333333333,0.5450237219209594,0.6149814061767729,0.5926297288360076
8,0.33433433433433435,0.54415482415875,0.6132560403818658,0.5909607113044214
8,0.3353353353353353,0.5432860784080458,0.6115258115032047,0.5892870657164038
8,0.3363363363363363,0.5424174846688465,0.6097907655881164,0.5876088363281898
8,0.33733733733733734,0.5415490429411521,0.6080509489459811,0.5859260676464791
8,0.3383383383383383,0.5406807532249628,0.6063064081447325,0.5842388044250761
8,0.33933933933933935,0.5398126155202783,0.6045571900073421,0.5825470916615164
8,0.34034034034034033,0.5389446298270987,0.602803341608307,0.5808509745936957
8,0.34134134134134136,0.5380767961454239,0.6010449102701185,0.5791504986964822
8,0.34234234234234234,0.5372091144752542,0.5992819435597305,0.5774457096783254
8,0.3433433433433433,0.5363415848165894,0.5975144892850213,0.5757366534778621
8,0.34434434434434436,0.5354742071694296,0.595742595491239,0.574023376260505
8,0.34534534534534533,0.5346069815337747,0.5939663104574551,0.5723059244150395
8,0.34634634634634637,0.5337399079096248,0.5921856826929988,0.5705843445502015
8,0.34734734734734735,0.5328729862969797,0.590400760933891,0.5688586834912557
8,0.3483483483483483,0.5320062166958397,0.5886115941392751,0.5671289882765712
8,0.34934934934934936,0.5311395991062045,0.5868182314878321,0.5653953061541808
8,0.35035035035035034,0.5302731335280743,0.5850207223742045,0.5636576845783496
8,0.35135135135135137,0.529406819961449,0.5832191164054032,0.5619161712061276
8,0.35235235235235235,0.5285406584063286,0.5814134633972143,0.5601708138939012
8,0.3533533533533533,0.5276746488627132,0.5796038133706052,0.5584216606939454
8,0.35435435435435436,0.5268087913306028,0.5777902165481158,0.5566687598509609
8,0.35535535535535534,0.5259430858099973,0.5759727233502593,0.5549121597986199
8,0.3563563563563564,0.5250775323008966,0.5741513843919076,0.5531519091560994
8,0.35735735735735735,0.5242121308033009,0.5723262504786788,0.5513880567246129
8,0.35835835835835833,0.5233468813172101,0.5704973726033234,0.5496206514839455
8,0.35935935935935936,0.5224817838426243,0.5686648019420985,0.5478497425889728
8,0.36036036036036034,0.5216168383795435,0.566828589851152,0.5460753793661933
8,0.3613613613613614,0.5207520449279676,0.5649887878628934,0.5442976113102453
8,0.36236236236236236,0.5198874034878965,0.5631454476823664,0.5425164880804273
8,0.36336336336336333,0.5190229140593304,0.5612986211836235,0.5407320594972196
8,0.36436436436436437,0.5181585766422694,0.5594483604060883,0.5389443755387937
8,0.36536536536536535,0.5172943912367132,0.5575947175509295,0.5371534863375343
8,0.3663663663663664,0.5164303578426619,0.555737744977423,0.5353594421765484
8,0.36736736736736736,0.5155664764601156,0.5538774951993167,0.5335622934861781
8,0.3683683683683684,0.514702747089074,0.5520140208811983,0.5317620908405158
8,0.36936936936936937,0.5138391697295377,0.5501473748348538,0.5299588849539106
8,0.37037037037037035,0.5129757443815063,0.5482776100156339,0.5281527266774834
8,0.3713713713713714,0.5121124710449796,0.5464047795188167,0.5263436669956354
8,0.37237237237237236,0.511249349719958,0.5445289365759695,0.5245317570225596
8,0.3733733733733734,0.5103863804064411,0.5426501345513155,0.5227170479987551
8,0.3743743743743744,0.5095235631044295,0.5407684269380935,0.5208995912875335
8,0.37537537537537535,0.5086608978139225,0.538883867354926,0.519079438371537
8,0.3763763763763764,0.5077983845349207,0.5369965095421851,0.5172566408492503
8,0.37737737737737737,0.5069360232674237,0.5351064073583575,0.5154312504315142
8,0.3783783783783784,0.5060738140114317,0.5332136147764169,0.5136033189380467
8,0.3793793793793794,0.5052117567669445,0.5313181858801912,0.5117728982939566
8,0.38038038038038036,0.5043498515339624,0.5294201748607364,0.509940040526266
8,0.3813813813813814,0.5034880983124851,0.5275196360127119,0.5081047977604333
8,0.38238238238238237,0.502626497102513,0.525616623730755,0.5062672222168758
8,0.3833833833833834,0.5017650479040454,0.5237111925058661,0.504427366207501
8,0.3843843843843844,0.500903750717083,0.521803396921784,0.5025852821322312
8,0.38538538538538536,0.5000426055416256,0.519893291651377,0.5007410224755413
8,0.3863863863863864,0.49918161237767295,0.5179809314530299,0.49889463980299276
8,0.38738738738738737,0.4983207712252254,0.5160663711670356,0.4970461867577729
8,0.3883883883883884,0.4974600820842826,0.514149665711994,0.4951957160572411
8,0.3893893893893894,0.49659954495484493,0.5122308700812088,0.49334328048947185
8,0.39039039039039036,0.495739159836912,0.5103100393390934,0.49148893290980833
8,0.3913913913913914,0.4948789267304842,0.5083872286175799,0.4896327262374175
8,0.3923923923923924,0.4940188456355613,0.5064624931125303,0.4877747134518484
8,0.3933933933933934,0.4931589165521433,0.5045358880801585,0.48591494758959974
8,0.3943943943943944,0.49229913948023013,0.5026074688334476,0.4840534817406849
8,0.39539539539539537,0.49143951441982203,0.500677290738583,0.48219036904520884
8,0.3963963963963964,0.4905800413709188,0.4987454092113831,0.48032566268994703
8,0.3973973973973974,0.4897207203335206,0.49681187971373897,0.47845941590492913
8,0.3983983983983984,0.48886155130762726,0.49487675775006185,0.4765916819600328
8,0.3993993993993994,0.4880025342932388,0.4929400988637293,0.4747225141615748
8,0.40040040040040037,0.4871436692903553,0.491001958633547,0.4728519658489177
8,0.4014014014014014,0.4862849562989768,0.48906239267021034,0.47098009039107647
8,0.4024024024024024,0.48542639531910314,0.48712145661277356,0.4691069411833325
8,0.4034034034034034,0.4845679863507345,0.485179206125131,0.46723257164385845
8,0.4044044044044044,0.48370972939387075,0.4832356968924962,0.46535703521034194
8,0.40540540540540543,0.482851624448512,0.4812909846178961,0.4634803853366234
8,0.4064064064064064,0.4819936715146581,0.47934512501867077,0.4616026754893394
8,0.4074074074074074,0.48113587059230917,0.4773981738229752,0.45972395914456776
8,0.4084084084084084,0.4802782216814652,0.47545018676630035,0.457844289784491
8,0.4094094094094094,0.47942072478212616,0.4735012195879888,0.4559637208940558
8,0.41041041041041043,0.47856337989429204,0.47155132802776856,0.45408230595764826
8,0.4114114114114114,0.4777061870179629,0.46960056782229254,0.4522000984557756
8,0.4124124124124124,0.47684914615313867,0.4676489947016814,0.45031715186175103
8,0.4134134134134134,0.47599225729981937,0.4656966643860859,0.4484335196383974
8,0.4144144144144144,0.475135520458005,0.46374363258224627,0.44654925523474764
8,0.41541541541541543,0.4742789356276955,0.46178995498006914,0.4446644120827623
8,0.4164164164164164,0.473422502808891,0.45983568724921164,0.4427790435940546
8,0.4174174174174174,0.47256622200159143,0.45788088503567026,0.4408932031566187
8,0.4184184184184184,0.4717100932057968,0.4559256039583891,0.4390069441315779
8,0.4194194194194194,0.47085411642150715,0.4539698996058673,0.4371203198499317
8,0.42042042042042044,0.46999829164872226,0.45201382753278396,0.43523338360931896
8,0.4214214214214214,0.46914261888744246,0.45005744325663133,0.43334618867079044
8,0.4224224224224224,0.4682870981376676,0.4481008022543539,0.4314587882555854
8,0.42342342342342343,0.46743172939939764,0.44614395995900813,0.42957123554192966
8,0.4244244244244244,0.46657651267263256,0.444186971756421,0.42768358366183107
8,0.42542542542542544,0.4657214479573725,0.44222989298186804,0.42579588569789456
8,0.4264264264264264,0.4648665352536174,0.4402727789167602,0.42390819468014584
8,0.4274274274274274,0.4640117745613672,0.4383156847853378,0.4220205635828612
8,0.42842842842842843,0.4631571658806219,0.4363586657513846,0.42013304532141726
8,0.4294294294294294,0.4623027092113815,0.4344017769149435,0.4182456927491418
8,0.43043043043043044,0.4614484045536461,0.4324450733090516,0.4163585586541839
8,0.4314314314314314,0.4605942519074157,0.4304886098964844,0.4144716957563921
8,0.43243243243243246,0.45974025127269,0.42853244156650894,0.4125851567042017
8,0.43343343343343343,0.4588864026494695,0.42657662313165706,0.4106989940715412
8,0.4344344344344344,0.45803270603775376,0.4246212093245025,0.4088132603547424
8,0.43543543543543545,0.4571791614375431,0.4226662547944554,0.40692800796946726
8,0.4364364364364364,0.4563257688488372,0.4207118141045707,0.4050432892476481
8,0.43743743743743746,0.45547252827163637,0.41875794172836217,0.40315915643443373
8,0.43843843843843844,0.45461943970594043,0.4168046920466406,0.4012756616851575
8,0.4394394394394394,0.45376650315174955,0.41485211934435473,0.39939285706230965
8,0.44044044044044045,0.4529137186090634,0.4129002778074512,0.3975107945325266
8,0.44144144144144143,0.45206108607788226,0.4109492215197488,0.39562952596359463
8,0.44244244244244246,0.4512086055582061,0.4089990044598196,0.39374910312146033
8,0.44344344344344344,0.4503562770500348,0.4070496804978945,0.39186957766726366
8,0.4444444444444444,0.4495041005533686,0.40510130339277206,0.38999100115437557
8,0.44544544544544545,0.4486520760682071,0.40315392678874884,0.3881134250254545
8,0.44644644644644643,0.4478002035945506,0.40120760421256185,0.3862369006095163
8,0.44744744744744747,0.44694848313239915,0.3992623890703414,0.3843614791190132
8,0.44844844844844844,0.4460969146817526,0.3973183346445879,0.3824872116469352
8,0.4494494494494494,0.4452454982426109,0.3953754940911521,0.38061414916391684
8,0.45045045045045046,0.4443942338149741,0.39343392043623887,0.37874234251536393
8,0.45145145145145144,0.4435431213988424,0.3914936665734231,0.37687184241859406
8,0.45245245245245247,0.4426921609942156,0.3895547852606768,0.37500269945998677
8,0.45345345345345345,0.4418413526010937,0.38761732911742003,0.3731349640921574
8,0.4544544544544544,0.4409906962194767,0.38568135062157877,0.3712686866311361
8,0.45545545545545546,0.4401401918493646,0.38374690210666307,0.3694039172535685
8,0.45645645645645644,0.43928983949075756,0.38181403575886097,0.36754070599392963
8,0.4574574574574575,0.43843963914365536,0.3798828036141434,0.3656791027417494
8,0.45845845845845845,0.4375895908080582,0.37795325755539344,0.3638191572388616
8,0.45945945945945943,0.4367396944839659,0.3760254493095432,0.36196091907665906
8,0.46046046046046046,0.43588995017137855,0.3740994304447318,0.36010443769337075
8,0.46146146146146144,0.4350403578702961,0.3721752523674802,0.3582497623713534
8,0.4624624624624625,0.4341909175807186,0.3702529663198767,0.3563969422343949
8,0.46346346346346345,0.433341629302646,0.36833262337678807,0.35454602624504117
8,0.46446446446446443,0.4324924930360784,0.36641427444307917,0.3526970632019319
8,0.46546546546546547,0.4316435087810157,0.3644979702508542,0.35085010173715625
8,0.46646646646646645,0.43079467653745795,0.3625837613567142,0.34900519031362554
8,0.4674674674674675,0.42994599630540514,0.3606716981390281,0.34716237722245724
8,0.46846846846846846,0.4290974680848573,0.3587618307952286,0.3453217105803845
8,0.4694694694694695,0.4282490918758144,0.356854209339117,0.34348323832717276
8,0.47047047047047047,0.4274008676782764,0.3549488835981902,0.341647008223059
8,0.47147147147147145,0.42655279549224334,0.35304590321098694,0.33981306784620835
8,0.4724724724724725,0.4257048753177151,0.3511453176244444,0.33798146459018125
8,0.47347347347347346,0.4248571071546918,0.34924717609128275,0.33615224566142776
8,0.4744744744744745,0.4240094910031736,0.34735152766739874,0.3343254580767896
8,0.4754754754754755,0.4231620268631603,0.34545842120928216,0.33250114866102487
8,0.47647647647647645,0.42231471473465193,0.3435679053714511,0.33067936404435094
8,0.4774774774774775,0.4214675546176484,0.3416800286038998,0.32886015065999874
8,0.47847847847847846,0.4206205465121499,0.3397948391495733,0.3270435547417937
8,0.4794794794794795,0.41977369041815626,0.3379123850418535,0.32522962232174646
8,0.4804804804804805,0.41892698633566766,0.3360327141020668,0.3234183992276658
8,0.48148148148148145,0.41808043426468394,0.33415587393701257,0.3216099310807902
8,0.4824824824824825,0.4172340342052051,0.3322819119365036,0.3198042632934317
8,0.48348348348348347,0.4163877861572313,0.33041087527093543,0.3180014410666474
8,0.4844844844844845,0.41554169012076236,0.3285428108888655,0.3162015093879199
8,0.4854854854854855,0.4146957460957984,0.326677765514616,0.3144045130288615
8,0.48648648648648646,0.4138499540823394,0.3248157856458984,0.3126104965429378
8,0.4874874874874875,0.41300431408038524,0.3229569175514483,0.31081950426320293
8,0.48848848848848847,0.41215882608993604,0.3211012072686922,0.30903158030006345
8,0.4894894894894895,0.4113134901109918,0.31924870060142274,0.30724676853905275
8,0.4904904904904905,0.41046830614355256,0.3173994431174999,0.3054651126386278
8,0.49149149149149146,0.4096232741876182,0.31555348014657164,0.3036866560279866
8,0.4924924924924925,0.40877839424318874,0.31371085677780897,0.3019114419048987
8,0.4934934934934935,0.40793366631026423,0.31187161785767026,0.30013951323356347
8,0.4944944944944945,0.40708909038884467,0.31003580798767594,0.2983709127424793
8,0.4954954954954955,0.40624466647893004,0.30820347152220984,0.2966056829223371
8,0.4964964964964965,0.40540039458052024,0.3063746525663394,0.2948438660239331
8,0.4974974974974975,0.40455627469361555,0.3045493949736531,0.29308550405609757
8,0.4984984984984985,0.40371230681821574,0.30272774234412214,0.29133063878364723
8,0.4994994994994995,0.4028684909543208,0.3009097380219814,0.2895793117253552
8,0.5005005005005005,0.4020248271019308,0.29909542509362935,0.28783156415194056
8,0.5015015015015015,0.40118131526104583,0.29728484638555164,0.28608743708407985
8,0.5025025025025025,0.4003379554316658,0.29547804446226245,0.28434697129043507
8,0.5035035035035035,0.39949474761379056,0.29367506162426804,0.2826102072857048
8,0.5045045045045045,0.3986516918074204,0.29187593990605193,0.28087718532869355
8,0.5055055055055055,0.39780878801255504,0.29008072107407934,0.27914794542040217
8,0.5065065065065065,0.39696603622919474,0.28828944662482453,0.27742252730213834
8,0.5075075075075075,0.3961234364573394,0.28650215778281735,0.2757009704536467
8,0.5085085085085085,0.39528098869698886,0.284718895498713,0.2739833140912603
8,0.5095095095095095,0.3944386929481434,0.28293970044738126,0.27226959716607163
8,0.5105105105105106,0.3935965492108027,0.28116461302601836,0.2705598583621249
8,0.5115115115115115,0.392754557484967,0.2793936733522805,0.26885413609462905
8,0.5125125125125125,0.39191271777063635,0.2776269212624366,0.2671524685081895
8,0.5135135135135135,0.3910710300678106,0.2758643963095459,0.2654548934750638
8,0.5145145145145145,0.3902294943764897,0.27410613776165493,0.26376144859343525
8,0.5155155155155156,0.38938811069667373,0.27235218460001653,0.2620721711857086
8,0.5165165165165165,0.3885468790283627,0.27060257551733213,0.2603870982968274
8,0.5175175175175175,0.38770579937155664,0.26885734891601354,0.2587062666926102
8,0.5185185185185185,0.3868648717262556,0.26711654290646836,0.2570297128581102
8,0.5195195195195195,0.3860240960924594,0.26538019530540713,0.2553574729959942
8,0.5205205205205206,0.38518347247016804,0.2636483436341718,0.2536895830249433
8,0.5215215215215215,0.3843430008593818,0.26192102511708776,0.25202607857807624
8,0.5225225225225225,0.3835026812601004,0.26019827667983564,0.25036699500139065
8,0.5235235235235235,0.38266251367232396,0.2584801349478483,0.2487123673522295
8,0.5245245245245245,0.38182249809605245,0.25676663624472706,0.24706223039776612
8,0.5255255255255256,0.3809826345312859,0.2550578165906833,0.245416618613512
8,0.5265265265265265,0.38014292297802427,0.2533537117010002,0.24377556618184626
8,0.5275275275275275,0.3793033634362676,0.2516543569845176,0.24213910699056534
8,0.5285285285285285,0.3784639559060158,0.2499597875421397,0.24050727463145571
8,0.5295295295295295,0.377624700387269,0.24827003816536508,0.23888010239888777
8,0.5305305305305306,0.376785596880027,0.24658514333483916,0.23725762328843075
8,0.5315315315315315,0.37594664538429007,0.2449051372189302,0.23563986999549127
8,0.5325325325325325,0.3751078459000581,0.24323005367232609,0.23402687491397078
8,0.5335335335335335,0.374269198427331,0.2415599262346561,0.23241867013494777
8,0.5345345345345345,0.37343070296610875,0.23989478812913423,0.23081528744538
8,0.5355355355355356,0.37259235951639147,0.23823467226122508,0.2292167583268292
8,0.5365365365365365,0.37175416807817924,0.23657961121733445,0.22762311395420848
8,0.5375375375375375,0.37091612865147194,0.2349296372635199,0.2260343851945501
8,0.5385385385385385,0.3700782412362695,0.23328478234422745,0.22445060260579702
8,0.5395395395395395,0.369240505832572,0.23164507808104873,0.22287179643561528
8,0.5405405405405406,0.3684029224403794,0.2300105557715029,0.2212979966202292
8,0.5415415415415415,0.3675654910596918,0.2283812463878412,0.21972923278327916
8,0.5425425425425425,0.3667282116905092,0.22675718057587385,0.2181655342347
8,0.5435435435435435,0.36589108433283135,0.22513838865382113,0.21660692996962322
8,0.5445445445445445,0.36505410898665863,0.2235249006111871,0.21505344866730064
8,0.5455455455455456,0.36421728565199063,0.22191674610765694,0.2135051186900509
8,0.5465465465465466,0.3633806143288278,0.22031395447201754,0.21196196808222817
8,0.5475475475475475,0.3625440950171697,0.21871655470110052,0.2104240245692123
8,0.5485485485485485,0.36170772771701676,0.21712457545874977,0.2088913155564227
8,0.5495495495495496,0.3608715124283685,0.21553804507481164,0.20736386812835383
8,0.5505505505505506,0.3600354491512253,0.21395699154414932,0.205841709047634
8,0.5515515515515516,0.3591995378855871,0.21238144252567906,0.20432486475410488
8,0.5525525525525525,0.3583637786314538,0.21081142534143138,0.20281336136392564
8,0.5535535535535535,0.3575281713888254,0.2092469669756351,0.201307224668698
8,0.5545545545545546,0.3566927161577019,0.2076880940738247,0.19980648013461452
8,0.5555555555555556,0.3558574129380833,0.20613483294197216,0.1983111529016302
8,0.5565565565565566,0.35502226172996976,0.20458720954564055,0.1968212677826544
8,0.5575575575575575,0.35418726253336114,0.2030452495091628,0.19533684926276784
8,0.5585585585585585,0.3533524153482574,0.20150897811484333,0.19385792149846082
8,0.5595595595595596,0.35251772017465854,0.19997842030218327,0.19238450831689435
8,0.5605605605605606,0.35168317701256474,0.1984536006671299,0.1909166332151844
8,0.5615615615615616,0.3508487858619758,0.19693454346134825,0.18945431935970794
8,0.5625625625625625,0.3500145467228919,0.19542127259151812,0.18799758958543222
8,0.5635635635635635,0.3491804595953129,0.1939138116186534,0.186546466395267
8,0.5645645645645646,0.3483465244792387,0.19241218375744573,0.1851009719594387
8,0.5655655655655656,0.3475127413746696,0.19091641187563188,0.18366112811488827
8,0.5665665665665666,0.3466791102816053,0.18942651849338393,0.18222695636469044
8,0.5675675675675675,0.345845631200046,0.18794252578272436,0.1807984778774972
8,0.5685685685685685,0.34501230412999173,0.1864644555669638,0.17937571348700276
8,0.5695695695695696,0.34417912907144216,0.18499232932016302,0.17795868369143192
8,0.5705705705705706,0.3433461060243977,0.18352616816661907,0.17654740865305152
8,0.5715715715715716,0.3425132349888582,0.1820659928803735,0.1751419081977033
8,0.5725725725725725,0.3416805159648236,0.1806118238847461,0.1737422018143609
8,0.5735735735735735,0.3408479489522939,0.1791636812518912,0.17234830865470888
8,0.5745745745745746,0.34001553395126904,0.17772158470237825,0.17096024753274464
8,0.5755755755755756,0.3391832709617493,0.17628555360479628,0.1695780369244038
8,0.5765765765765766,0.3383511599837344,0.17485560697538066,0.16820169496720627
8,0.5775775775775776,0.3375192010172245,0.17343176347766553,0.1668312394599277
8,0.5785785785785785,0.3366873940622195,0.17201404142215868,0.16546668786229177
8,0.5795795795795796,0.3358557391187193,0.17060245876604008,0.16410805729468592
8,0.5805805805805806,0.33502423618672417,0.1691970331128853,0.1627553645379001
8,0.5815815815815816,0.33419288526623403,0.1677977817124107,0.16140862603288733
8,0.5825825825825826,0.3333616863572488,0.16640472146024382,0.16006785788054773
8,0.5835835835835835,0.3325306394597684,0.16501786889771713,0.15873307584153512
8,0.5845845845845846,0.3316997445737929,0.16363724021168446,0.15740429533608583
8,0.5855855855855856,0.3308690016993225,0.162262851234363,0.15608153144387132
8,0.5865865865865866,0.33003841083635693,0.1608947174431963,0.15476479890387174
8,0.5875875875875876,0.3292079719848964,0.15953285396074335,0.15345411211427362
8,0.5885885885885885,0.3283776851449407,0.1581772755545896,0.15214948513238957
8,0.5895895895895896,0.3275475503164899,0.15682799663728225,0.1508509316746005
8,0.5905905905905906,0.3267175674995441,0.15548503126628946,0.1495584651163212
8,0.5915915915915916,0.3258877366941033,0.15414839314398154,0.14827209849198686
8,0.5925925925925926,0.3250580579001674,0.1528180956176375,0.14699184449506406
8,0.5935935935935935,0.3242285311177365,0.151494151679474,0.145717715478083
8,0.5945945945945946,0.3233991563468103,0.15017657396669776,0.14444972345269252
8,0.5955955955955956,0.3225699335873893,0.14886537476158246,0.1431878800897386
8,0.5965965965965966,0.321740862839473,0.14756056599156725,0.14193219671936314
8,0.5975975975975976,0.32091194410306184,0.14626215922938024,0.14068268433112735
8,0.5985985985985985,0.32008317737815556,0.1449701656931845,0.13943935357415643
8,0.5995995995995996,0.31925456266475405,0.14368459624674768,0.13820221475730693
8,0.6006006006006006,0.31842609996285764,0.14240546139963528,0.13697127784935653
8,0.6016016016016016,0.3175977892724661,0.14113277130742596,0.13574655247921563
8,0.6026026026026026,0.3167696305935796,0.13986653577195152,0.13452804793616213
8,0.6036036036036035,0.31594162392619796,0.13860676424155913,0.1333157731700973
8,0.6046046046046046,0.3151137692703212,0.13735346581139712,0.13210973679182508
8,0.6056056056056056,0.31428606662594943,0.13610664922372417,0.13090994707335313
8,0.6066066066066066,0.31345851599308266,0.13486632286824057,0.12971641194821518
8,0.6076076076076076,0.3126311173717208,0.13363249478244354,0.12852913901181678
8,0.6086086086086087,0.3118038707618637,0.1324051726520051,0.12734813552180224
8,0.6096096096096096,0.31097677616351177,0.1311843638111734,0.12617340839844454
8,0.6106106106106106,0.31014983357666465,0.12997007524319593,0.12500496422505586
8,0.6116116116116116,0.3093230430013225,0.12876231358076673,0.1238428092484212
8,0.6126126126126126,0.30849640443748527,0.12756108510649578,0.12268694937925355
8,0.6136136136136137,0.307669917885153,0.1263663957534013,0.12153739019267068
8,0.6146146146146146,0.30684358334432565,0.1251782511054255,0.12039413692869466
8,0.6156156156156156,0.3060174008150032,0.12399665639797144,0.11925719449277153
8,0.6166166166166166,0.3051913702971858,0.12282161651846416,0.11812656745631425
8,0.6176176176176176,0.30436549179087324,0.12165313600693345,0.11700226005726663
8,0.6186186186186187,0.3035397652960656,0.1204912190566196,0.11588427620068883
8,0.6196196196196196,0.3027141908127629,0.1193358695146018,0.11477261945936514
8,0.6206206206206206,0.30188876834096523,0.11818709088244801,0.11366729307443194
8,0.6216216216216216,0.30106349788067244,0.11704488631688845,0.11256829995602853
8,0.6226226226226226,0.3002383794318845,0.11590925863051069,0.11147564268396863
8,0.6236236236236237,0.2994134129946015,0.11478021029247704,0.1103893235084333
8,0.6246246246246246,0.2985885985688235,0.11365774342926488,0.10930934435068582
8,0.6256256256256256,0.29776393615455055,0.11254185982542789,0.10823570680380651
8,0.6266266266266266,0.29693942575178234,0.1114325609243804,0.10716841213345005
8,0.6276276276276276,0.2961150673605192,0.11032984782920342,0.10610746127862332
8,0.6286286286286287,0.2952908609807609,0.10923372130347248,0.10505285485248425
8,0.6296296296296297,0.2944668066125075,0.10814418177210809,0.10400459314316235
8,0.6306306306306306,0.29364290425575923,0.1070612293222468,0.102962676114599
8,0.6316316316316316,0.29281915391051583,0.10598486370413515,0.10192710340740976
8,0.6326326326326326,0.29199555557677725,0.10491508433204481,0.10089787433976692
8,0.6336336336336337,0.2911721092545437,0.10385189028520943,0.09987498790830299
8,0.6346346346346347,0.290348814943815,0.10279528030878346,0.09885844278903501
8,0.6356356356356356,0.2895256726445912,0.10174525281482151,0.09784823733830898
8,0.6366366366366366,0.2887026823568726,0.10070180588328004,0.09684436959376524
8,0.6376376376376376,0.2878798440806587,0.0996649372630402,0.09584683727532456
8,0.6386386386386387,0.2870571578159497,0.09863464437295145,0.09485563778619385
8,0.6396396396396397,0.2862346235627458,0.09761092430289753,0.09387076821389342
8,0.6406406406406406,0.28541224132104676,0.09659377381488181,0.09289222533130294
8,0.6416416416416416,0.28459001109085263,0.09558318934413537,0.09192000559772902
8,0.6426426426426426,0.2837679328721635,0.09457916700024509,0.09095410515999204
8,0.6436436436436437,0.28294600666497915,0.09358170256830284,0.08999451985353331
8,0.6446446446446447,0.28212423246929996,0.09259079151007593,0.08904124520354254
8,0.6456456456456456,0.2813026102851256,0.09160642896519727,0.08809427642610412
8,0.6466466466466466,0.28048114011245623,0.09062860975237717,0.08715360842936444
8,0.6476476476476476,0.27965982195129174,0.08965732837063517,0.08621923581471806
8,0.6486486486486487,0.2788386558016321,0.08869257900055237,0.08529115287801389
8,0.6496496496496497,0.2780176416634774,0.08773435550554473,0.0843693536107812
8,0.6506506506506506,0.27719677953682775,0.08678265143315544,0.08345383170147408
8,0.6516516516516516,0.276376069421683,0.08583746001636876,0.08254458053673643
8,0.6526526526526526,0.2755555113180433,0.08489877417494313,0.08164159320268546
8,0.6536536536536537,0.2747351052259083,0.0839665865167647,0.08074486248621485
8,0.6546546546546547,0.2739148511452784,0.08304088933922099,0.07985438087631697
8,0.6556556556556556,0.2730947490761534,0.08212167463059358,0.07897014056542356
8,0.6566566566566566,0.27227479901853335,0.08120893407147126,0.07809213345076611
8,0.6576576576576576,0.27145500097241826,0.08030265903618261,0.07722035113575461
8,0.6586586586586587,0.2706353549378079,0.07940284059424804,0.07635478493137512
8,0.6596596596596597,0.26981586091470267,0.07850946951185171,0.07549542585760641
8,0.6606606606606606,0.2689965189031024,0.07762253625333176,0.07464226464485414
8,0.6616616616616616,0.268177328903007,0.07674203098269092,0.07379529173540456
8,0.6626626626626626,0.2673582909144165,0.07586794356512568,0.07295449728489606
8,0.6636636636636637,0.2665394049373309,0.07500026356857444,0.07211987116380883
8,0.6646646646646647,0.26572067097175034,0.07413898026528523,0.07129140295897339
8,0.6656656656656657,0.26490208901767476,0.07328408263340118,0.07046908197509606
8,0.6666666666666666,0.264083659075104,0.07243555935856559,0.06965289723630333
8,0.6676676676676676,0.2632653811440382,0.07159339883554536,0.0688428374877037
8,0.6686686686686687,0.2624472552244773,0.07075758916987267,0.06803889119696709
8,0.6696696696696697,0.26162928131642144,0.06992811817950571,0.06724104655592254
8,0.6706706706706707,0.26081145941987044,0.0691049733965067,0.06644929148217249
8,0.6716716716716716,0.2599937895348244,0.0682881420687389,0.06566361362072518
8,0.6726726726726726,0.2591762716612834,0.06747761116158135,0.06488400034564414
8,0.6736736736736737,0.2583589057992471,0.06667336735966152,0.06411043876171482
8,0.6746746746746747,0.25754169194871585,0.06587539706860608,0.06334291570612868
8,0.6756756756756757,0.2567246301096896,0.06508368641680871,0.0625814177501834
8,0.6766766766766766,0.25590772028216824,0.06429822125721624,0.06182593120100087
8,0.6776776776776777,0.2550909624661517,0.06351898716913167,0.06107644210326136
8,0.6786786786786787,0.2542743566616402,0.06274596946003523,0.06033293624095483
8,0.6796796796796797,0.2534579028686337,0.06197915316742167,0.059595399139147916
8,0.6806806806806807,0.2526416010871321,0.06121852306065549,0.058863816065768175
8,0.6816816816816816,0.25182545131713535,0.060464063642842826,0.05813817203340408
8,0.6826826826826827,0.2510094535586435,0.05971575915272001,0.05741845180112131
8,0.6836836836836837,0.2501936078116567,0.058973593566559485,0.05670463987629538
8,0.6846846846846847,0.24937791407617488,0.058237550600091274,0.05599672051645932
8,0.6856856856856857,0.24856237235219786,0.057507613710441864,0.05529467773116813
8,0.6866866866866866,0.2477469826397259,0.056783766098088995,0.054598495283878314
8,0.6876876876876877,0.24693174493875877,0.05606599070883252,0.05390815669384295
8,0.6886886886886887,0.24611665924929657,0.055354270235782,0.05322364523802271
8,0.6896896896896897,0.24530172557133942,0.05464858712135912,0.05254494395301115
8,0.6906906906906907,0.2444869439048871,0.053948923559316936,0.05187203563697616
8,0.6916916916916916,0.24367231424993982,0.0532552614967743,0.05120490285161583
8,0.6926926926926927,0.2428578366064973,0.05256758263626571,0.05054352792412928
8,0.6936936936936937,0.2420435109745599,0.051885868437807195,0.04988789294920271
8,0.6946946946946947,0.24122933735412733,0.05121010012097636,0.04923797979100914
8,0.6956956956956957,0.2404153157451998,0.05054025866700859,0.04859377008522352
8,0.6966966966966966,0.23960144614777712,0.049876324820907564,0.047955245241051665
8,0.6976976976976977,0.23878772856185929,0.049218279093570835,0.04732238644327359
8,0.6986986986986987,0.23797416298744656,0.04856610176393034,0.046695174654301105
8,0.6996996996996997,0.2371607494245387,0.047919772881106604,0.04607359061624863
8,0.7007007007007007,0.23634748787313578,0.047279272266578326,0.04545761485301867
8,0.7017017017017017,0.2355343783332378,0.04664457951636555,0.04484722767240037
8,0.7027027027027027,0.23472142080484462,0.04601567400322712,0.04424240916818168
8,0.7037037037037037,0.2339086152879565,0.045392534878872334,0.04364313922227525
8,0.7047047047047047,0.23309596178257333,0.0447751410761857,0.043049397506856754
8,0.7057057057057057,0.2322834602886951,0.04416347131146604,0.04246116348651703
8,0.7067067067067067,0.2314711108063218,0.043557504086678696,0.04187841642042682
8,0.7077077077077077,0.23065891333545335,0.04295721769172109,0.041301135364514165
8,0.7087087087087087,0.22984686787608993,0.04236259020670177,0.04072929917365484
8,0.7097097097097097,0.22903497442823145,0.04177359950423176,0.04016288650387462
8,0.7107107107107107,0.22822323299187788,0.04119022325172959,0.03960187581456445
8,0.7117117117117117,0.22741164356702928,0.040612438913738405,0.039046245370707465
8,0.7127127127127127,0.22660020615368553,0.040040223754255935,0.03849597324511805
8,0.7137137137137137,0.2257889207518467,0.03947355483907688,0.037951037320693035
8,0.7147147147147147,0.22497778736151292,0.03891240903814701,0.037411415292673965
8,0.7157157157157157,0.22416680598268404,0.03835676302792995,0.03687708467092159
8,0.7167167167167167,0.22335597661536002,0.03780659329378544,0.036348022782201284
8,0.7177177177177178,0.22254529925954097,0.03726187613235936,0.035824206772479855
8,0.7187187187187187,0.22173477391522692,0.03672258765398566,0.03530561360923358
8,0.7197197197197197,0.22092440058241772,0.03618870378509892,0.03479222008376663
8,0.7207207207207207,0.22011417926111357,0.03566020027065887,0.034284002813540757
8,0.7217217217217217,0.21930410995131425,0.035137052676585546,0.0337809382445153
8,0.7227227227227228,0.21849419265301986,0.03461923639220532,0.03328300265349756
8,0.7237237237237237,0.21768442736623042,0.03410672663270797,0.03279017215050375
8,0.7247247247247247,0.21687481409094592,0.033599498441613626,0.03230242268112936
8,0.7257257257257257,0.21606535282716646,0.03309752669325061,0.03181973002893009
8,0.7267267267267267,0.2152560435748918,0.032600786095243285,0.031342069817812165
8,0.7277277277277278,0.21444688633412204,0.03210925119100969,0.030869417514432236
8,0.7287287287287287,0.21363788110485737,0.03162289636226943,0.03040174843060689
8,0.7297297297297297,0.21282902788709757,0.031141695831560526,0.02993903772573094
8,0.7307307307307307,0.2120203266808427,0.030665623664766346,0.02948126040920521
8,0.7317317317317317,0.21121177748609277,0.030194653773651433,0.029028391342872918
8,0.7327327327327328,0.21040338030284766,0.029728759918406462,0.028580405243464776
8,0.7337337337337337,0.2095951351311076,0.02926791571020238,0.02813727668505288
8,0.7347347347347347,0.2087870419708725,0.028812094613752635,0.027698980101512335
8,0.7357357357357357,0.2079791008221423,0.028361269949884547,0.027265489788991668
8,0.7367367367367368,0.20717131168491698,0.027915414898118586,0.02683677990839075
8,0.7377377377377378,0.20636367455919666,0.027474502499256245,0.026412824487846976
8,0.7387387387387387,0.2055561894449813,0.027038505657975186,0.0259935974252284
8,0.7397397397397397,0.20474885634227086,0.026607397145432768,0.025579072490634902
8,0.7407407407407407,0.20394167525106538,0.02618114960187686,0.0251692233289063
8,0.7417417417417418,0.20313464617136473,0.025759735539263952,0.02476402346213745
8,0.7427427427427428,0.20232776910316902,0.025343127343884803,0.024363446292200566
8,0.7437437437437437,0.20152104404647833,0.024931297278996498,0.02396746510327368
8,0.7447447447447447,0.2007144710012926,0.024524217487461752,0.023576053064375997
8,0.7457457457457457,0.1999080499676118,0.024121859994394656,0.023189183231909393
8,0.7467467467467468,0.19910178094543576,0.023724196709812663,0.022806828552206
8,0.7477477477477478,0.19829566393476483,0.023331199431295125,0.022428961864081894
8,0.7487487487487487,0.19748969893559876,0.02294283984664722,0.02205555590139601
8,0.7497497497497497,0.1966838859479377,0.02255908953657019,0.02168658329561513
8,0.7507507507507507,0.1958782249717815,0.022179919977336905,0.021322016578383885
8,0.7517517517517518,0.19507271600713025,0.02180530254347276,0.020961828184099866
8,0.7527527527527528,0.19426735905398393,0.021435208510441964,0.020605990452493922
8,0.7537537537537538,0.19346215411234263,0.02106960905733835,0.020254475631214748
8,0.7547547547547547,0.1926571011822062,0.020708475269581333,0.01990725587841839
8,0.7557557557557557,0.19185220026357466,0.020351778141616202,0.01956430326536186
8,0.7567567567567568,0.1910474513564481,0.019999488579618693,0.0192255897790009
8,0.7577577577577578,0.19024285446082648,0.01965157740420391,0.018891087324591844
8,0.7587587587587588,0.18943840957670977,0.01930801535313869,0.01856076772829675
8,0.7597597597597597,0.18863411670409802,0.01896877308405806,0.018234602739792483
8,0.7607607607607607,0.1878299758429912,0.01863382117718495,0.017912564034882863
8,0.7617617617617618,0.18702598699338932,0.018303130138053143,0.0175946232181139
8,0.7627627627627628,0.18622215015529237,0.01797667040023343,0.017280751825392068
8,0.7637637637637638,0.18541846532870038,0.017654412328062193,0.016970921326604924
8,0.7647647647647647,0.1846149325136133,0.01733632621937291,0.016665103128244478
8,0.7657657657657657,0.1838115517100312,0.01702238230822991,0.016363268576032673
8,0.7667667667667668,0.1830083229179539,0.016712550767664147,0.01606538895754883
8,0.7677677677677678,0.18220524613738165,0.016406801712411156,0.015771435504859127
8,0.7687687687687688,0.18140232136831425,0.01610510520165028,0.015481379397147275
8,0.7697697697697697,0.18059954861075186,0.015807431241745742,0.01519519176334695
8,0.7707707707707707,0.17979692786469442,0.015513749788988734,0.014912843684775162
8,0.7717717717717718,0.17899445913014184,0.015224030752340531,0.014634306197766603
8,0.7727727727727728,0.17819214240709427,0.014938243996176513,0.014359550296308806
8,0.7737737737737738,0.17738997769555157,0.01465635934303042,0.01408854693467754
8,0.7747747747747747,0.17658796499551388,0.014378346576339233,0.01382126703007275
8,0.7757757757757757,0.17578610430698113,0.014104175443187924,0.01355768146525436
8,0.7767767767767768,0.17498439562995316,0.013833815657054101,0.013297761091177949
8,0.7777777777777778,0.1741828389644303,0.013567236900552355,0.0130414767296301
8,0.7787787787787788,0.17338143431041225,0.01330440882817768,0.012788799175862849
8,0.7797797797797797,0.17258018166789926,0.013045301069048332,0.012539699201227574
8,0.7807807807807807,0.17177908103689113,0.012789883229647388,0.012294147555807577
8,0.7817817817817818,0.1709781324173879,0.012538124896562981,0.012052114971049405
8,0.7827827827827828,0.17017733580938965,0.01228999563922704,0.011813572162392698
8,0.7837837837837838,0.16937669121289642,0.012045465012651949,0.011578489831897987
8,0.7847847847847848,0.168576198627908,0.011804502560165351,0.01134683867087274
8,0.7857857857857857,0.16777585805442458,0.011567077816142505,0.01111858936249497
8,0.7867867867867868,0.16697566949244605,0.011333160308736068,0.01089371258443439
8,0.7877877877877878,0.16617563294197246,0.011102719562603162,0.010672179011470915
8,0.7887887887887888,0.16537574840300384,0.010875725101629116,0.010453959318109942
8,0.7897897897897898,0.16457601587554013,0.010652146451648118,0.01023902418119466
8,0.7907907907907907,0.16377643535958136,0.01043195314316021,0.01002734428251479
8,0.7917917917917918,0.16297700685512745,0.01021511471404438,0.00981889031141158
8,0.7927927927927928,0.16217773036217856,0.010001600712267762,0.009613632967379018
8,0.7937937937937938,0.16137860588073463,0.009791380698590185,0.00941154296266057
8,0.7947947947947948,0.1605796334107957,0.00958442424926444,0.009212591024841755
8,0.7957957957957957,0.15978081295236155,0.009380700958731511,0.009016747899437894
8,0.7967967967967968,0.15898214450543233,0.009180180442310736,0.008823984352476937
8,0.7977977977977978,0.15818362807000813,0.008982832338884679,0.008634271173077187
8,0.7987987987987988,0.15738526364608887,0.008788626313578173,0.008447579176019435
8,0.7997997997997998,0.15658705123367456,0.00859753206043169,0.008263879204313564
8,0.8008008008008007,0.15578899083276518,0.008409519305068416,0.008083142131759143
8,0.8018018018018018,0.15499108244336063,0.00822455780735494,0.00790533886549982
8,0.8028028028028028,0.15419332606546104,0.008042617364055347,0.007730440348571383
8,0.8038038038038038,0.15339572169906646,0.007863667811478141,0.007558417562442891
8,0.8048048048048048,0.15259826934417683,0.007687679028116186,0.007389241529551095
8,0.8058058058058059,0.15180096900079196,0.007514620937278994,0.007222883315827472
8,0.8068068068068068,0.15100382066891221,0.007344463509717406,0.007059314033217931
8,0.8078078078078078,0.15020682434853733,0.007177176766240043,0.006898504842194593
8,0.8088088088088088,0.14940998003966743,0.007012730780321626,0.006740426954259749
8,0.8098098098098098,0.14861328774230242,0.006851095680702658,0.006585051634441475
8,0.8108108108108109,0.14781674745644233,0.006692241653980229,0.006432350203780726
8,0.8118118118118118,0.14702035918208717,0.0065361389471898035,0.006282294041809716
8,0.8128128128128128,0.14622412291923706,0.006382757870377416,0.006134854589021101
8,0.8138138138138138,0.14542803866789178,0.00623206879916237,0.00599000334932798
8,0.8148148148148148,0.14463210642805144,0.0060840421772898855,0.005847711892514243
8,0.8158158158158159,0.14383632619971604,0.005938648519173505,0.00570795185667506
8,0.8168168168168168,0.14304069798288557,0.005795858412427069,0.005570694950647313
8,0.8178178178178178,0.14224522177756005,0.005655642520385711,0.0054359129564294836
8,0.8188188188188188,0.14144989758373946,0.005517971584615932,0.0053035777315910086
8,0.8198198198198198,0.14065472540142382,0.005382816427414228,0.005173661211670638
8,0.8208208208208209,0.1398597052306131,0.005250147954294048,0.005046135412563546
8,0.8218218218218218,0.13906483707130735,0.005119937156460877,0.004920972432897033
8,0.8228228228228228,0.13827012092350652,0.0049921551132749535,0.0047981444563943145
8,0.8238238238238238,0.13747555678721063,0.004866772994701589,0.00467762375422639
8,0.8248248248248248,0.13668114466241968,0.004743762063748605,0.004559382687351518
8,0.8258258258258259,0.13588688454913356,0.004623093678890669,0.004443393708842083
8,0.8268268268268268,0.1350927764473525,0.004504739296480287,0.004329629366198629
8,0.8278278278278278,0.13429882035707627,0.004388670473144966,0.004218062303650591
8,0.8288288288288288,0.13350501627830505,0.00427485886817053,0.0041086652644437005
8,0.8298298298298298,0.1327113642110388,0.004163276245870064,0.00400141109311358
8,0.8308308308308309,0.13191786415527737,0.004053894477938297,0.0038962727377453133
8,0.8318318318318318,0.131124516111021,0.003946685545791132,0.0037932232522187516
8,0.8328328328328328,0.13033132007826945,0.0038416215428898875,0.0036922357984391
8,0.8338338338338338,0.12953827605702295,0.003738674677050177,0.0035932836485527385
8,0.8348348348348348,0.12874538404728136,0.003637817272734925,0.0034963401871477813
8,0.8358358358358359,0.12795264404904455,0.003539021773331298,0.0034013789134391763
8,0.8368368368368369,0.12716005606231287,0.0034422607434113003,0.0033083734434380873
8,0.8378378378378378,0.12636762008708602,0.0033475068709755418,0.003217297512105099
8,0.8388388388388388,0.1255753361233642,0.0032547329696801176,0.003128124975487186
8,0.8398398398398398,0.12478320417114723,0.003163911981046106,0.003040829812837962
8,0.8408408408408409,0.1239912242304352,0.003075016976651443,0.002955386128720992
8,0.8418418418418419,0.12319939630122809,0.0029880211603049056,0.002871768155095891
8,0.8428428428428428,0.12240772038352593,0.002902897870201747,0.0027899502533867983
8,0.8438438438438438,0.12161619647732881,0.002819620581060864,0.0027099069165330814
8,0.8448448448448448,0.12082482458263653,0.002738162906243039,0.0026316127710218525
8,0.8458458458458459,0.1200336046994491,0.002658498599849991,0.0025550425789020335
8,0.8468468468468469,0.11924253682776678,0.0025806015588039537,0.0024801712397797054
8,0.8478478478478478,0.11845162096758932,0.0025044458249073517,0.002406973792794312
8,0.8488488488488488,0.11766085711891679,0.0024300055868824028,0.002335425418575587
8,0.8498498498498498,0.1168702452817492,0.002357255182390222,0.002265501441180757
8,0.8508508508508509,0.11607978545608645,0.002286169100029136,0.002197177330011771
8,0.8518518518518519,0.11528947764192875,0.0022167219813119202,0.0021304287017122688
8,0.8528528528528528,0.11449932183927597,0.002148888622621538,0.002065231322043882
8,0.8538538538538538,0.11370931804812813,0.00208264397714519,0.002001561107741687
8,0.8548548548548548,0.11291946626848523,0.002017963156786247,0.0019393941283484006
8,0.8558558558558559,0.11212976650034719,0.0019548214340537615,0.0018787066080270308
8,0.8568568568568569,0.11134021874371416,0.0018931942439292986,0.0018194749273517175
8,0.8578578578578578,0.11055082299858608,0.0018330571857106076,0.0017616756250763209
8,0.8588588588588588,0.10976157926496292,0.0017743860248319748,0.001705285399880598
8,0.8598598598598598,0.10897248754284464,0.0017171566946608142,0.0016502811120935393
8,0.8608608608608609,0.10818354783223127,0.001661345298270189,0.0015966397853935741
8,0.8618618618618619,0.10739476013312294,0.001606928110186975,0.0015443386084853673
8,0.8628628628628628,0.10660612444551955,0.0015538815781152287,0.0014933549367527827
8,0.8638638638638638,0.105817640769421,0.0015021823246345472,0.0014436662938878196
8,0.8648648648648649,0.1050293091048274,0.001451807148872989,0.0013952503734950947
8,0.8658658658658659,0.10424112945173872,0.0014027330281542873,0.0013480850406716242
8,0.8668668668668669,0.10345310181015509,0.0013549371196189194,0.0013021483335614796
8,0.8678678678678678,0.10266522618007638,0.0013083967618188115,0.001257418464885109
8,0.8688688688688688,0.10187750256150253,0.0012630894762852493,0.0012138738234429099
8,0.8698698698698699,0.10108993095443361,0.0012189929690696794,0.0011714929755927501
8,0.8708708708708709,0.10030251135886964,0.0011760851322570795,0.0011302546667011327
8,0.8718718718718719,0.0995152437748106,0.001134344045451486,0.001090137822567603
8,0.8728728728728729,0.09872812820225658,0.0010937479772334165,0.0010511215508221513
8,0.8738738738738738,0.09794116464120742,0.0010542753865887824,0.0010131851422952192
8,0.8748748748748749,0.0971543530916631,0.0010159049243089538,0.0009763080723599884
8,0.8758758758758759,0.09636769355362382,0.000978615434361655,0.0009404700022466402
8,0.8768768768768769,0.09558118602708957,0.000942385955232273,0.0009056507803281864
8,0.8778778778778779,0.09479483051206015,0.0009071957212353093,0.0008718304433776144
8,0.8788788788788788,0.09400862700853568,0.0008730241637955655,0.0008389892177959471
8,0.8798798798798799,0.09322257551651605,0.0008398509126987177,0.000807107520810896
8,0.8808808808808809,0.09243667603600146,0.0008076557973109527,0.0007761659616457853
8,0.8818818818818819,0.0916509285669918,0.0007764188477672466,0.0007461453426583481
8,0.8828828828828829,0.09086533310948708,0.0007461202961280029,0.0007170266604491245
8,0.8838838838838838,0.0900798896634873,0.0007167405775036399,0.000688791106939063
8,0.8848848848848849,0.08929459822899237,0.0006882603311467753,0.0006614200704159929
8,0.8858858858858859,0.08850945880600246,0.0006606604015116735,0.0006348951365496431
8,0.8868868868868869,0.0877244713945175,0.0006339218392805365,0.0006091980893748053
8,0.8878878878878879,0.08693963599453747,0.0006080259023563419,0.0005843109122423589
8,0.8888888888888888,0.08615495260606229,0.0005829540568218122,0.0005602157887377559
8,0.8898898898898899,0.08537042122909204,0.0005586879778641705,0.0005368951035666368
8,0.8908908908908909,0.08458604186362682,0.0005352095506653189,0.0005143314434072284
8,0.8918918918918919,0.08380181450966656,0.0005125008712570412,0.0004925075977291379
8,0.8928928928928929,0.08301773916721113,0.0004905442473409054,0.00047140655957823803
8,0.8938938938938938,0.08223381583626073,0.00046932219907245935,0.0004510115263272448
8,0.8948948948948949,0.08145004451681517,0.00044881745980935705,0.0004313059003916481
8,0.8958958958958959,0.08066642520887456,0.0004290129768230585,0.00041227328991064654
8,0.8968968968968969,0.07988295791243898,0.0004098919119736888,0.0003938975093926906
8,0.8978978978978979,0.07909964262750824,0.0003914376423477299,0.0003761625803253227
8,0.8988988988988988,0.07831647935408254,0.00037363376085813323,0.0003590527317489152
8,0.8998998998998999,0.07753346809216158,0.00035646407680648513,0.0003425524007939556
8,0.9009009009009009,0.07675060884174566,0.00033991261640685735,0.0003266462331815266
8,0.9019019019019019,0.07596790160283477,0.0003239636232709321,0.00031131908368658355
8,0.9029029029029029,0.07518534637542872,0.00030860155885405866,0.00029655601656370365
8,0.9039039039039038,0.07440294315952761,0.00029381110286183054,0.0002823423059349111
8,0.9049049049049049,0.07362069195513145,0.00027957715361680795,0.0002686634361392169
8,0.9059059059059059,0.07283859276224021,0.0002658848283850102,0.00025550510204351513
8,0.9069069069069069,0.07205664558085392,0.0002527194636617651,0.00024285320931443757
8,0.9079079079079079,0.07127485041097256,0.00024006661541656302,0.00023069387465082924
8,0.9089089089089089,0.07049320725259615,0.0002279120592965001,0.00021901342597644647
8,0.9099099099099099,0.06971171610572467,0.00021624179078793195,0.00020779840259251285
8,0.9109109109109109,0.06893037697035813,0.00020504202533595033,0.0001970355552897621
8,0.9119119119119119,0.06814918984649652,0.00019429919842127395,0.0001867118464195753
8,0.9129129129129129,0.06736815473413987,0.0001839999655941841,0.0001768144499238576
8,0.9139139139139139,0.06658727163328805,0.00017413120246509257,0.0001673307513232589
8,0.914914914914915,0.06580654054394117,0.0001646800046513522,0.00015824834766336405
8,0.9159159159159159,0.06502596146609932,0.00015563368767991916,0.00014955504741847778
8,0.9169169169169169,0.06424553439976241,0.00014697978684545234,0.00014123887035260622
8,0.9179179179179179,0.06346525934493044,0.00013870605702347288,0.00013328804733727328
8,0.9189189189189189,0.06268513630160341,0.0001308004724381672,0.0001256910201257716
8,0.91991991991992,0.061905165269781126,0.0001232512263844379,0.00011843644108346889
8,0.9209209209209209,0.06112534624946397,0.00011604673090380377,0.0001115131728737869
8,0.9219219219219219,0.06034567924065175,0.00010917561641373303,0.00010491028809945298
8,0.9229229229229229,0.05956616424334438,0.00010262673129002157,9.861706889865286e-05
8,0.9239239239239239,0.058786801257542036,9.638914140179724e-05,9.26230064956816e-05
8,0.924924924924925,0.05800759028324454,9.045212959874803e-05,8.691780070570708e-05
8,0.9259259259259259,0.05722853132045198,8.480519515016835e-05,8.149135939325662e-05
8,0.9269269269269269,0.05644962436916445,7.943805313540442e-05,7.63337978840243e-05
8,0.9279279279279279,0.05567086942938177,7.434063378530124e-05,7.143543832961766e-05
8,0.9289289289289289,0.05489226650110412,6.950308177422906e-05,6.67868090248386e-05
8,0.92992992992993,0.054113815584331225,6.491575546228039e-05,6.237864367710582e-05
8,0.9309309309309309,0.053335516679063354,6.05692260872253e-05,5.820188062762341e-05
8,0.9319319319319319,0.05255736978530052,5.645427690580235e-05,5.424766202388965e-05
8,0.9329329329329329,0.05177937490304253,5.256190228393876e-05,5.050733294315605e-05
8,0.933933933933934,0.05100153203228938,4.888330673547426e-05,4.697244046642818e-05
8,0.934934934934935,0.050223841173041364,4.540990390897502e-05,4.363473270261139e-05
8,0.9359359359359359,0.04944630232529819,4.2133315522211383e-05,4.0486157762392185e-05
8,0.9369369369369369,0.04866891548905995,3.904537024388638e-05,3.751886268145871e-05
8,0.9379379379379379,0.047891680664326655,3.6138102522186424e-05,3.47251922926494e-05
8,0.938938938938939,0.0471145978510982,3.3403751359733124e-05,3.209768804662511e-05
8,0.93993993993994,0.046337667049374774,3.083475903451286e-05,2.962908678065883e-05
8,0.9409409409409409,0.045560888259156294,2.8423769766353786e-05,2.7312319435129693e-05
8,0.9419419419419419,0.04478426148044275,2.6163628328529624e-05,2.5140509717317646e-05
8,0.9429429429429429,0.04400778671323414,2.4047378604057202e-05,2.3106972712083164e-05
8,0.943943943943944,0.04323146395753038,2.2068262086260378e-05,2.120521343902181e-05
8,0.944944944944945,0.04245529321333165,2.0219716323170875e-05,1.9428925355681343e-05
8,0.9459459459459459,0.04167927448063785,1.849537330533104e-05,1.7771988806424066e-05
8,0.9469469469469469,0.040903407759449,1.688905779657026e-05,1.6228469416523177e-05
8,0.9479479479479479,0.04012769304976509,1.5394785607317818e-05,1.479261643107361e-05
8,0.948948948948949,0.03935213035158592,1.4006761810018227e-05,1.3458860998300785e-05
8,0.94994994994995,0.03857671966491188,1.2719378896213495e-05,1.2221814396849283e-05
8,0.950950950950951,0.037801460989742776,1.1527214874852703e-05,1.1076266206629454e-05
8,0.9519519519519519,0.03702635432607852,1.0425031311393283e-05,1.00171824228039e-05
8,0.9529529529529529,0.0362513996739193,9.407771307252063e-06,9.039703512489674e-06
8,0.953953953953954,0.03547659703326492,8.470557419165891e-06,8.139142413753663e-06
8,0.954954954954955,0.03470194640411548,7.608689518020359e-06,7.3109824764774855e-06
8,0.955955955955956,0.03392744778647107,6.817642586701762e-06,6.550875344664896e-06
8,0.9569569569569569,0.033153101180331504,6.093064456530064e-06,5.85463877976726e-06
8,0.9579579579579579,0.03237890658569697,5.430773481825685e-06,5.218254424597905e-06
8,0.958958958958959,0.03160486400256719,4.826756152164019e-06,4.6378655074071844e-06
8,0.95995995995996,0.03083097343094244,4.2771646418700725e-06,4.109774485688665e-06
8,0.960960960960961,0.03005723487082272,3.77831429630319e-06,3.630440629284485e-06
8,0.9619619619619619,0.02928364832220785,3.3266810544830277e-06,3.1964775423591202e-06
8,0.9629629629629629,0.028510213785097917,2.918898807604383e-06,2.8046506238073314e-06
8,0.963963963963964,0.02773693125949292,2.5517566929887266e-06,2.451874465662357e-06
8,0.964964964964965,0.02696380074539286,2.2221963230189223e-06,2.1352101890690572e-06
8,0.965965965965966,0.026190822242797743,1.9273089486016844e-06,1.8518627173848892e-06
8,0.9669669669669669,0.02541799575170756,1.6643325567025675e-06,1.599177985971817e-06
8,0.9679679679679679,0.024645321272122316,1.430648901495694e-06,1.3746400882397771e-06
8,0.968968968968969,0.023872798804041917,1.2237804686701118e-06,1.175868357502019e-06
8,0.96996996996997,0.02310042834746655,1.0413873724333707e-06,1.000614384201389e-06
8,0.970970970970971,0.022328209902396125,8.812641847513065e-07,8.467589680651023e-07
8,0.9719719719719719,0.021556143468830634,7.413366963626773e-07,7.123090047451905e-07
8,0.9729729729729729,0.020784229046770082,6.196586091052952e-07,5.95394306499925e-07
8,0.973973973973974,0.020012466636214376,5.144081590896411e-07,4.942643564708653e-07
8,0.974974974974975,0.0192408562371637,4.2388467025468434e-07,4.0728499610896904e-07
8,0.975975975975976,0.018469397849617965,3.465050378392557e-07,3.329350453018964e-07
8,0.9769769769769769,0.017698091473577166,2.8080014130156613e-07,2.6980285475389794e-07
8,0.9779779779779779,0.016926937109041307,2.2541118621788323e-07,2.1658279016817348e-07
8,0.978978978978979,0.016155934756010196,1.7908597469046754e-07,1.7207164778070738e-07
8,0.97997997997998,0.015385084414484213,1.406751037936512e-07,1.3516500079342066e-07
8,0.980980980980981,0.014614386084463167,1.0912809158569097e-07,1.0485347625327751e-07
8,0.9819819819819819,0.013843839765946967,8.34894302130393e-08,8.021896192303722e-08
8,0.9829829829829829,0.013073445458935799,6.289456563233327e-08,6.043074268805297e-08
8,0.983983983983984,0.012303203163429475,4.656580347434934e-08,4.4741566042509e-08
8,0.984984984984985,0.011533112879428091,3.3808140572980757e-08,3.248363619734566e-08
8,0.985985985985986,0.010763174606931736,2.400502168110257e-08,2.306453635097786e-08
8,0.986986986986987,0.009993388345940228,1.6614020894086956e-08,1.5963078662855215e-08
8,0.9879879879879879,0.009223754096453658,1.1162447300505534e-08,1.0725081468735646e-08
8,0.988988988988989,0.008454271858472025,7.242874378431174e-09,6.959073275465646e-09
8,0.98998998998999,0.007684941631995332,4.508592654578101e-09,4.3319230719345905e-09
8,0.990990990990991,0.006915763417023669,2.6689851423496162e-09,2.5643964917480843e-09
8,0.991991991991992,0.006146737213556852,1.4848250737145715e-09,1.4266373620639804e-09
8,0.992992992992993,0.00537786302159488,7.634954386552315e-10,7.335741719039096e-10
8,0.993993993993994,0.004609140841137939,3.5412984477644227e-10,3.402509921472234e-10
8,0.994994994994995,0.0038405706721860305,1.4267420849815167e-10,1.370823782937678e-10
8,0.995995995995996,0.0030721525147389666,4.6868788093503514e-11,4.503178596912409e-11
8,0.996996996996997,0.002303886368796841,1.1150067668966208e-11,1.0713028027487688e-11
8,0.997997997997998,0.0015357722343595599,1.4720000218163335e-12,1.4143009933197054e-12
8,0.998998998998999,0.0007678101114273108,4.6115146683931316e-14,4.4307466497626237e-14
8,1.0,0.0,0.0,0.0
16,0.0,0.8483716679391193,0.8458199542775467,0.8199011812495778
16,0.001001001001001001,0.8474460936766832,0.8457617041791163,0.8198272880921476
16,0.002002002002002002,0.84652067242702,0.8457034153971547,0.8197533497687121
16,0.003003003003003003,0.8455954041901294,0.8456450879041426,0.8196793662485944
16,0.004004004004004004,0.8446702889660116,0.8455867216725481,0.8196053375011051
16,0.005005005005005005,0.8437453267546666,0.8455283166748158,0.8195312634955316
16,0.006006006006006006,0.8428205175560942,0.8454698728833691,0.819457144201142
16,0.007007007007007007,0.8418958613702948,0.8454113902706042,0.8193829795871765
16,0.008008008008008008,0.840971358197268,0.8453528688088761,0.8193087696228363
16,0.009009009009009009,0.840047008037014,0.8452943084704856,0.8192345142772708
16,0.01001001001001001,0.8391228108895328,0.8452357092276463,0.8191602135195448
16,0.011011011011011011,0.8381987667548244,0.8451770710524494,0.8190858673186062
16,0.012012012012012012,0.8372748756328886,0.8451183939168112,0.8190114756432348
16,0.013013013013013013,0.8363511375237257,0.8450596777924009,0.818937038461974
16,0.014014014014014014,0.8354275524273356,0.8450009226505577,0.8188625557430507
16,0.015015015015015015,0.8345041203437181,0.8449421284621672,0.8187880274542576
16,0.016016016016016016,0.8335808412728735,0.8448832951975295,0.8187134535628253
16,0.017017017017017015,0.8326577152148016,0.8448244228261835,0.8186388340352576
16,0.018018018018018018,0.8317347421695025,0.8447655113167037,0.8185641688371327
16,0.01901901901901902,0.8308119221369761,0.844706560636461,0.8184894579328769
16,0.02002002002002002,0.8298892551172224,0.8446475707513307,0.8184147012854845
16,0.02102102102102102,0.8289667411102416,0.8445885416253659,0.8183398988562052
16,0.022022022022022022,0.8280443801160335,0.844529473220417,0.8182650506041798
16,0.023023023023023025,0.8271221721345982,0.8444703654956959,0.8181901564860211
16,0.024024024024024024,0.8262001171659357,0.8444112184072878,0.8181152164553506
16,0.025025025025025023,0.8252782152100459,0.84435203190759,0.8180402304622568
16,0.026026026026026026,0.8243564662669288,0.8442928059446948,0.8179651984527081
16,0.02702702702702703,0.8234348703365846,0.8442335404616993,0.817890120367889
16,0.028028028028028028,0.822513427419013,0.8441742353959353,0.8178149961434654
16,0.029029029029029027,0.8215921375142143,0.8441148906781342,0.8177398257087833
16,0.03003003003003003,0.8206710006221882,0.8440555062314892,0.8176646089859719
16,0.031031031031031032,0.819750016742935,0.8439960819706498,0.8175893458889801
16,0.03203203203203203,0.8188291858764546,0.8439366178006146,0.817514036322519
16,0.03303303303303303,0.8179085080227468,0.843877113615534,0.8174386801809118
16,0.03403403403403403,0.8169879831818119,0.8438175692974188,0.8173632773468611
16,0.035035035035035036,0.8160676113536498,0.8437579847147354,0.8172878276901017
16,0.036036036036036036,0.8151473925382603,0.8436983597209056,0.8172123310659662
16,0.037037037037037035,0.8142273267356437,0.8436386941526962,0.8171367873138419
16,0.03803803803803804,0.8133074139457998,0.8435789878284918,0.8170611962555181
16,0.03903903903903904,0.8123876541687286,0.8435192405464618,0.8169855576934311
16,0.04004004004004004,0.8114680474044302,0.8434594520825915,0.8169098714087802
16,0.04104104104104104,0.8105485936529047,0.8433996221886103,0.8168341371595431
16,0.04204204204204204,0.8096292929141518,0.8433397505897832,0.8167583546783618
16,0.043043043043043044,0.8087101451881716,0.8432798369825768,0.8166825236703112
16,0.044044044044044044,0.8077911504749644,0.8432198810322051,0.816606643810545
16,0.04504504504504504,0.8068723087745299,0.8431598823700229,0.8165307147418042
16,0.04604604604604605,0.805953620086868,0.8430998405908027,0.8164547360718084
16,0.04704704704704705,0.8050350844119789,0.8430397552498635,0.8163787073705101
16,0.04804804804804805,0.8041167017498627,0.8429796258600716,0.8163026281672192
16,0.04904904904904905,0.8031984721005192,0.8429194518886821,0.8162264979475838
16,0.050050050050050046,0.8022803954639485,0.8428592327540554,0.816150316150445
16,0.05105105105105105,0.8013624718401504,0.8427989678222187,0.8160740821645462
16,0.05205205205205205,0.8004447012291253,0.8427386564032846,0.8159977953251046
16,0.05305305305305305,0.7995270836308728,0.8426782977477278,0.8159214549102471
16,0.05405405405405406,0.7986096190453931,0.8426178910425,0.8158450601372915
16,0.055055055055055056,0.7976923074726862,0.8425574354070077,0.8157686101588969
16,0.056056056056056056,0.7967751489127519,0.8424969298889368,0.8156921040590668
16,0.057057057057057055,0.7958581433655906,0.8424363734599226,0.8156155408490046
16,0.058058058058058054,0.7949412908312018,0.8423757650110795,0.8155389194628333
16,0.05905905905905906,0.7940245913095859,0.8423151033483588,0.8154622387531558
16,0.06006006006006006,0.7931080448007428,0.8422543871877801,0.8153854974864857
16,0.06106106106106106,0.7921916513046725,0.8421936151504915,0.815308694338523
16,0.062062062062062065,0.7912754108213749,0.8421327857576903,0.8152318278892896
16,0.06306306306306306,0.7903593233508499,0.84207189742539,0.8151548966181245
16,0.06406406406406406,0.789443388893098,0.8420109484590321,0.8150778988985213
16,0.06506506506506507,0.7885276074481186,0.8419499370479556,0.815000832992839
16,0.06606606606606606,0.787611979015912,0.8418888612597144,0.8149236970468616
16,0.06706706706706707,0.7866965035964782,0.8418277190342479,0.8148464890842186
16,0.06806806806806806,0.7857811811898171,0.8417665081779101,0.8147692070006702
16,0.06906906906906907,0.7848660117959289,0.8417052263573425,0.8146918485582434
16,0.07007007007007007,0.7839509954148134,0.8416438710932154,0.8146144113792414
16,0.07107107107107107,0.7830361320464706,0.8415824397538221,0.8145368929401147
16,0.07207207207207207,0.7821214216909006,0.8415209295485353,0.8144592905651937
16,0.07307307307307308,0.7812068643481034,0.8414593375211293,0.814381601420304
16,0.07407407407407407,0.7802924600180788,0.8413976605429551,0.8143038225062292
16,0.07507507507507508,0.7793782087008272,0.8413358953059972,0.81422595065207
16,0.07607607607607608,0.7784641103963482,0.8412740383157902,0.8141479825084614
16,0.07707707707707707,0.777550165104642,0.8412120858842156,0.8140699145406824
16,0.07807807807807808,0.7766363728257086,0.8411500341221622,0.81399174302163
16,0.07907907907907907,0.7757227335595479,0.8410878789320746,0.8139134640246882
16,0.08008008008008008,0.7748092473061601,0.8410256160003787,0.8138350734164803
16,0.08108108108108109,0.7738959140655449,0.8409632407897896,0.8137565668495065
16,0.08208208208208208,0.7729827338377026,0.8409007485315142,0.8136779397546837
16,0.08308308308308308,0.7720697066226329,0.8408381342173331,0.8135991873337654
16,0.08408408408408408,0.7711568324203361,0.8407753925915852,0.8135203045516743
16,0.08508508508508508,0.7702441112308119,0.840712518143051,0.8134412861287336
16,0.08608608608608609,0.7693315430540607,0.840649505096731,0.8133621265327993
16,0.08708708708708708,0.7684191278900822,0.8405863474055417,0.8132828199713144
16,0.08808808808808809,0.7675068657388763,0.8405230387419057,0.8132033603832622
16,0.0890890890890891,0.7665947566004432,0.8404595724892691,0.8131237414310489
16,0.09009009009009009,0.765682800474783,0.8403959417335322,0.8130439564923023
16,0.09109109109109109,0.7647709973618955,0.8403321392544022,0.8129639986516
16,0.0920920920920921,0.7638593472617806,0.840268157516679,0.8128838606921297
16,0.09309309309309309,0.7629478501744387,0.8402039886614606,0.8128035350872747
16,0.0940940940940941,0.7620365060998695,0.8401396244972972,0.8127230139921495
16,0.09509509509509509,0.7611253150380729,0.8400750564912812,0.8126422892350749
16,0.0960960960960961,0.7602142769890493,0.8400102757600811,0.8125613523089998
16,0.0970970970970971,0.7593033919527983,0.8399452730609349,0.8124801943628833
16,0.0980980980980981,0.7583926599293201,0.839880038782585,0.8123988061930207
16,0.0990990990990991,0.7574820809186147,0.8398145629361872,0.812317178234348
16,0.10010010010010009,0.756571654920682,0.8397488351461794,0.8122353005517036
16,0.1011011011011011,0.7556613819355221,0.8396828446411216,0.8121531628310659
16,0.1021021021021021,0.754751261963135,0.839616580244519,0.8120707543707733
16,0.1031031031031031,0.7538412950035206,0.8395500303656127,0.8119880640727134
16,0.1041041041041041,0.752931481056679,0.8394831829901718,0.8119050804335157
16,0.10510510510510511,0.7520218201226101,0.8394160256712702,0.8118217915357273
16,0.1061061061061061,0.751112312201314,0.8393485455200624,0.8117381850389889
16,0.10710710710710711,0.7502029572927907,0.8392807291965713,0.811654248171221
16,0.10810810810810811,0.7492937553970401,0.8392125629004646,0.8115699677198043
16,0.1091091091091091,0.7483847065140623,0.8391440323618677,0.8114853300227883
16,0.11011011011011011,0.7474758106438573,0.8390751228321851,0.811400320960113
16,0.1111111111111111,0.746567067786425,0.839005819074947,0.8113149259448544
16,0.11211211211211211,0.7456584779417655,0.838936105356699,0.8112291299145087
16,0.11311311311311312,0.7447500411098787,0.8388659654379091,0.8111429173222956
16,0.11411411411411411,0.7438417572907647,0.8387953825639345,0.8110562721285199
16,0.11511511511511512,0.7429336264844235,0.8387243394560298,0.8109691777919716
16,0.11611611611611611,0.7420256486908551,0.8386528183024089,0.8108816172613751
16,0.11711711711711711,0.7411178239100593,0.8385808007493748,0.8107935729669087
16,0.11811811811811812,0.7402101521420363,0.8385082678924975,0.810705026811767
16,0.11911911911911911,0.7393026333867861,0.8384352002678818,0.8106159601638092
16,0.12012012012012012,0.7383952676443087,0.8383615778435028,0.810526353847276
16,0.12112112112112113,0.737488054914604,0.838287380010623,0.8104361881345802
16,0.12212212212212212,0.7365809951976722,0.8382125855753073,0.8103454427381932
16,0.12312312312312312,0.735674088493513,0.8381371727500159,0.8102540968026095
16,0.12412412412412413,0.7347673348021266,0.8380611191453128,0.8101621288964148
16,0.12512512512512514,0.733860734123513,0.8379844017616709,0.8100695170044534
16,0.12612612612612611,0.7329542864576722,0.8379069969813876,0.8099762385200997
16,0.12712712712712712,0.7320479918046041,0.8378288805606287,0.8098822702376507
16,0.12812812812812813,0.7311418501643087,0.8377500276215722,0.8097875883448161
16,0.12912912912912913,0.7302358615367862,0.8376704126447004,0.8096921684153516
16,0.13013013013013014,0.7293300259220363,0.8375900094612162,0.8095959854018081
16,0.13113113113113112,0.7284243433200592,0.8375087912455952,0.8094990136284147
16,0.13213213213213212,0.727518813730855,0.8374267305082943,0.8094012267841091
16,0.13313313313313313,0.7266134371544235,0.8373437990885875,0.809302597915691
16,0.13413413413413414,0.7257082135907647,0.8372599681475779,0.8092030994211449
16,0.13513513513513514,0.7248031430398788,0.8371752081613575,0.809102703043103
16,0.13613613613613612,0.7238982255017655,0.8370894889143331,0.8090013798624692
16,0.13713713713713713,0.722993460976425,0.837002779492731,0.8088991002922135
16,0.13813813813813813,0.7220888494638573,0.8369150482782596,0.8087958340713159
16,0.13913913913913914,0.7211843909640623,0.8368262629419668,0.8086915502589025
16,0.14014014014014015,0.7202800854770401,0.8367363904382774,0.8085862172285475
16,0.14114114114114115,0.7193759330027907,0.8366453969992182,0.8084798026627585
16,0.14214214214214213,0.718471933541314,0.8365532481288452,0.8083722735476566
16,0.14314314314314314,0.7175680870926101,0.8364599085978563,0.8082635961678314
16,0.14414414414414414,0.716664393656679,0.8363653424384209,0.8081537361014047
16,0.14514514514514515,0.7157608532335207,0.8362695129392116,0.8080426582152903
16,0.14614614614614616,0.7148574658231349,0.8361723826406499,0.8079303266606546
16,0.14714714714714713,0.7139542314255222,0.8360739133303728,0.8078167048685928
16,0.14814814814814814,0.713051150040682,0.8359740660389132,0.8077017555460065
16,0.14914914914914915,0.7121482216686147,0.835872801035611,0.8075854406717063
16,0.15015015015015015,0.7112454463093202,0.8357700778247548,0.8074677214927316
16,0.15115115115115116,0.7103428239627982,0.8356658551419552,0.8073485585208937
16,0.15215215215215216,0.7094403546290493,0.8355600909507616,0.8072279115295531
16,0.15315315315315314,0.708538038308073,0.8354527424395072,0.8071057395506143
16,0.15415415415415415,0.7076358749998695,0.8353437660184151,0.8069820008717706
16,0.15515515515515516,0.7067338647044387,0.8352331173169438,0.8068566530339799
16,0.15615615615615616,0.7058320074217806,0.8351207511813878,0.8067296528291814
16,0.15715715715715717,0.7049303031518954,0.8350066216727391,0.8066009562982672
16,0.15815815815815815,0.704028751894783,0.8348906820647951,0.8064705187292847
16,0.15915915915915915,0.7031273536504432,0.8347728848425447,0.80633829465591
16,0.16016016016016016,0.7022261084188763,0.8346531817008089,0.8062042378561612
16,0.16116116116116116,0.701325016200082,0.8345315235431535,0.8060683013513762
16,0.16216216216216217,0.7004240769940606,0.8344078604810808,0.8059304374054539
16,0.16316316316316315,0.699523290800812,0.8342821418334789,0.8057905975243445
16,0.16416416416416416,0.698622657620336,0.8341543161263644,0.805648732455821
16,0.16516516516516516,0.6977221774526329,0.8340243310928962,0.8055047921895092
16,0.16616616616616617,0.6968218502977025,0.8338921336736734,0.8053587259571888
16,0.16716716716716717,0.6959216761555449,0.8337576700173225,0.8052104822333753
16,0.16816816816816815,0.69502165502616,0.8336208854813577,0.8050600087361601
16,0.16916916916916916,0.6941217869095478,0.8334817246333467,0.8049072524283436
16,0.17017017017017017,0.6932220718057086,0.8333401312523545,0.8047521595188363
16,0.17117117117117117,0.6923225097146419,0.8331960483306864,0.8045946754643436
16,0.17217217217217218,0.6914231006363482,0.8330494180759276,0.804434744971339
16,0.17317317317317318,0.6905238445708272,0.8329001819132664,0.8042723119983036
16,0.17417417417417416,0.6896247415180788,0.8327482804881293,0.8041073197582679
16,0.17517517517517517,0.6887257914781033,0.8325936536691082,0.803939710721633
16,0.17617617617617617,0.6878269944509006,0.8324362405511855,0.803769426619275
16,0.17717717717717718,0.6869283504364706,0.8322759794592699,0.8035964084459497
16,0.1781781781781782,0.6860298594348133,0.8321128079520204,0.8034205964639702
16,0.17917917917917917,0.6851315214459288,0.8319466628259843,0.8032419302071887
16,0.18018018018018017,0.6842333364698171,0.8317774801200384,0.8030603484852652
16,0.18118118118118118,0.6833353045064781,0.8316051951201271,0.8028757893882227
16,0.18218218218218218,0.6824374255559119,0.8314297423643185,0.8026881902913066
16,0.1831831831831832,0.6815396996181186,0.8312510556481503,0.8024974878601194
16,0.1841841841841842,0.6806421266930979,0.8310690680302921,0.8023036180560633
16,0.18518518518518517,0.67974470678085,0.8308837118385191,0.802106516142074
16,0.18618618618618618,0.6788474398813747,0.8306949186759668,0.8019061166886304
16,0.1871871871871872,0.6779503259946724,0.8305026194277294,0.801702353580088
16,0.1881881881881882,0.6770533651207428,0.8303067442677264,0.8014951600212732
16,0.1891891891891892,0.6761565572595859,0.830107222665899,0.8012844685443891
16,0.19019019019019018,0.6752599024112018,0.8299039833957067,0.8010702110162148
16,0.19119119119119118,0.6743634005755904,0.8296969545419135,0.800852318645573
16,0.1921921921921922,0.6734670517527519,0.8294860635087058,0.8006307219911253
16,0.1931931931931932,0.6725708559426861,0.8292712370280827,0.8004053509694202
16,0.1941941941941942,0.671674813145393,0.8290524011685679,0.8001761348632532
16,0.19519519519519518,0.6707789233608727,0.8288294813442225,0.7999430023303135
16,0.1961961961961962,0.6698831865891252,0.8286024023239368,0.7997058814120974
16,0.1971971971971972,0.6689876028301504,0.8283710882410524,0.7994646995431405
16,0.1981981981981982,0.6680921720839483,0.8281354626032514,0.7992193835605015
16,0.1991991991991992,0.6671968943505191,0.8278954483027575,0.798969859713547
16,0.20020020020020018,0.6663017696298628,0.827650967626833,0.7987160536740203
16,0.2012012012012012,0.6654067979219789,0.8274019422685466,0.7984578905463668
16,0.2022022022022022,0.664511979226868,0.8271482933378649,0.798195294878371
16,0.2032032032032032,0.6636173135445298,0.826889941372997,0.7979281906720369
16,0.2042042042042042,0.6627228008749644,0.8266268063520493,0.7976565013947607
16,0.20520520520520522,0.6618284412181716,0.8263588077049578,0.797380149990775
16,0.2062062062062062,0.6609342345741518,0.826085864325692,0.7970990588928482
16,0.2072072072072072,0.6600401809429046,0.8258078945847516,0.7968131500342672
16,0.2082082082082082,0.6591462803244302,0.8255248163419309,0.7965223448610742
16,0.2092092092092092,0.6582525327187286,0.825236546959359,0.7962265643445681
16,0.21021021021021022,0.6573589381257998,0.8249430033148161,0.7959257289940711
16,0.2112112112112112,0.6564654965456436,0.8246441018153042,0.7956197588699374
16,0.2122122122122122,0.6555722079782603,0.8243397584108993,0.7953085735968317
16,0.2132132132132132,0.6546790724236496,0.8240298886088534,0.7949920923772458
16,0.21421421421421422,0.6537860898818119,0.8237144074879591,0.7946702340052698
16,0.21521521521521522,0.6528932603527468,0.8233932297131774,0.7943429168806102
16,0.21621621621621623,0.6520005838364545,0.8230662695504999,0.7940100590228362
16,0.2172172172172172,0.651108060332935,0.8227334408820763,0.7936715780858778
16,0.2182182182182182,0.6502156898421882,0.8223946572215804,0.7933273913727527
16,0.21921921921921922,0.6493234723642142,0.8220498317298135,0.7929774158505204
16,0.22022022022022023,0.6484314078990129,0.8216988772305575,0.7926215681654748
16,0.22122122122122123,0.6475394964465844,0.8213417062266437,0.7922597646585439
16,0.2222222222222222,0.6466477380069288,0.8209782309162674,0.7918919213809226
16,0.22322322322322322,0.6457561325800458,0.8206083632095215,0.791517954109918
16,0.22422422422422422,0.6448646801659356,0.8202320147451486,0.791137778365001
16,0.22522522522522523,0.6439733807645981,0.8198490969075213,0.7907513094240779
16,0.22622622622622623,0.6430822343760335,0.8194595208438193,0.7903584623399488
16,0.2272272272272272,0.6421912410002416,0.8190631974814292,0.7899591519569801
16,0.22822822822822822,0.6413004006372224,0.818660037545543,0.7895532929279669
16,0.22922922922922923,0.640409713286976,0.8182499515769539,0.7891407997311829
16,0.23023023023023023,0.6395191789495024,0.8178328499500566,0.7887215866876268
16,0.23123123123123124,0.6386287976248015,0.8174086428910211,0.7882955679784358
16,0.23223223223223222,0.6377385693128734,0.8169772404961692,0.7878626576624891
16,0.23323323323323322,0.6368484940137181,0.8165385527505233,0.7874227696941806
16,0.23423423423423423,0.6359585717273354,0.8160924895465292,0.7869758179413545
16,0.23523523523523523,0.6350688024537257,0.8156389607029604,0.7865217162034164
16,0.23623623623623624,0.6341791861928885,0.8151778759839703,0.7860603782295849
16,0.23723723723723725,0.6332897229448242,0.8147091451183228,0.7855917177373132
16,0.23823823823823823,0.6324004127095327,0.814232677818768,0.785115648430851
16,0.23923923923923923,0.6315112554870139,0.8137483838015719,0.7846320840199518
16,0.24024024024024024,0.630622251277268,0.8132561728061937,0.7841409382387213
16,0.24124124124124124,0.6297334000802947,0.8127559546150916,0.7836421248645911
16,0.24224224224224225,0.6288447018960941,0.8122476390736777,0.7831355577374299
16,0.24324324324324323,0.6279561567246664,0.8117311361103904,0.7826211507787728
16,0.24424424424424424,0.6270677645660115,0.8112063557568971,0.7820988180111696
16,0.24524524524524524,0.6261795254201293,0.8106732081684124,0.7815684735776476
16,0.24624624624624625,0.6252914392870198,0.8101316036441233,0.7810300317612733
16,0.24724724724724725,0.6244035061666832,0.8095814526477291,0.780483407004826
16,0.24824824824824826,0.6235157260591193,0.8090226658280778,0.779928513930561
16,0.24924924924924924,0.6226280989643281,0.8084551540398957,0.7793652673600645
16,0.2502502502502503,0.6217406248823097,0.8078788283646167,0.7787935823342025
16,0.25125125125125125,0.6208533038130641,0.8072936001312746,0.7782133741331266
16,0.25225225225225223,0.6199661357565912,0.8066993809374952,0.7776245582963812
16,0.25325325325325326,0.6190791207128911,0.8060960826705472,0.7770270506430607
16,0.25425425425425424,0.6181922586819637,0.80548361752846,0.7764207672920332
16,0.2552552552552553,0.6173055496638091,0.8048618980412118,0.775805624682232
16,0.25625625625625625,0.6164189936584273,0.8042308370919511,0.775181539592976
16,0.25725725725725723,0.6155325906658182,0.8035903479382885,0.7745484291643588
16,0.25825825825825827,0.6146463406859819,0.8029403442336169,0.7739062109176654
16,0.25925925925925924,0.6137602437189184,0.8022807400484686,0.7732548027758203
16,0.2602602602602603,0.6128742997646276,0.8016114498919138,0.7725941230838795
16,0.26126126126126126,0.6119885088231096,0.8009323887329615,0.7719240906295216
16,0.26226226226226224,0.6111028708943644,0.8002434720220001,0.7712446246635758
16,0.26326326326326327,0.6102173859783919,0.799544615712237,0.7705556449205514
16,0.26426426426426425,0.6093320540751922,0.7988357362811441,0.7698570716391697
16,0.2652652652652653,0.6084468751847653,0.7981167507519149,0.7691488255829081
16,0.26626626626626626,0.607561849307111,0.797387576714892,0.768430828060516
16,0.26726726726726724,0.6066769764422295,0.796648132349006,0.7677030009465388
16,0.2682682682682683,0.6057922565901209,0.7958983364431808,0.766965266701812
16,0.26926926926926925,0.6049076897507849,0.7951381084177144,0.7662175483939301
16,0.2702702702702703,0.6040232759242218,0.7943673683456428,0.7654597697176981
16,0.27127127127127126,0.6031390151104314,0.7935860369740408,0.7646918550155248
16,0.27227227227227224,0.6022549073094138,0.7927940357453055,0.7639137292977956
16,0.2732732732732733,0.6013709525211688,0.7919912868183746,0.7631253182631852
16,0.27427427427427425,0.6004871507456968,0.7911777130898904,0.7623265483189171
16,0.2752752752752753,0.5996035019829975,0.7903532382153152,0.7615173466009757
16,0.27627627627627627,0.5987200062330709,0.7895177866299556,0.7606976409942298
16,0.2772772772772773,0.5978366634959169,0.788671283569934,0.7598673601525086
16,0.2782782782782783,0.5969534737715358,0.7878136550930734,0.7590264335185899
16,0.27927927927927926,0.5960704370599276,0.7869448280996848,0.7581747913440979
16,0.2802802802802803,0.5951875533610921,0.7860647303532888,0.7573123647093354
16,0.28128128128128127,0.5943048226750294,0.7851732905012075,0.7564390855429929
16,0.2822822822822823,0.5934222450017393,0.7842704380950776,0.7555548866417802
16,0.2832832832832833,0.592539820341222,0.7833561036112446,0.7546597016899458
16,0.28428428428428426,0.5916575486934775,0.7824302184710306,0.753753465278673
16,0.2852852852852853,0.5907754300585057,0.7814927150609077,0.7528361129253864
16,0.2862862862862863,0.5898934644363069,0.7805435267525108,0.7519075810929026
16,0.2872872872872873,0.5890116518268806,0.7795825879225424,0.7509678072084789
16,0.2882882882882883,0.5881299922302271,0.7786098339725305,0.7500167296827197
16,0.28928928928928926,0.5872484856463465,0.7776252013484287,0.749054287928332
16,0.2902902902902903,0.5863671320752385,0.7766286275600969,0.748080422378765
16,0.2912912912912913,0.5854859315169034,0.7756200512005871,0.7470950745066653
16,0.2922922922922923,0.584604883971341,0.774599411965298,0.7460981868422023
16,0.2932932932932933,0.5837239894385514,0.773566650670953,0.7450897029912256
16,0.29429429429429427,0.5828432479185345,0.7725217092743892,0.7440695676532441
16,0.2952952952952953,0.5819626594112904,0.7714645308912031,0.743037726639262
16,0.2962962962962963,0.5810822239168191,0.7703950598141724,0.7419941268894034
16,0.2972972972972973,0.5802019414351204,0.7693132415315194,0.7409387164903842
16,0.2982982982982983,0.5793218119661946,0.768219022744967,0.7398714446927852
16,0.29929929929929927,0.5784418355100415,0.7671123513875869,0.7387922619281244
16,0.3003003003003003,0.5775620120666612,0.7659931766414694,0.7377011198257598
16,0.3013013013013013,0.5766823416360537,0.7648614489551484,0.7365979712295562
16,0.3023023023023023,0.5758028242182189,0.7637171200608379,0.7354827702143711
16,0.3033033033033033,0.5749234598131568,0.7625601429914407,0.7343554721023232
16,0.30430430430430433,0.5740442484208677,0.761390472097318,0.7332160334788299
16,0.3053053053053053,0.5731651900413511,0.7602080630628556,0.7320644122084508
16,0.3063063063063063,0.5722862846746074,0.7590128729227691,0.7309005674504806
16,0.3073073073073073,0.5714075323206365,0.7578048600781835,0.729724459674325
16,0.3083083083083083,0.5705289329794383,0.7565839843124678,0.7285360506746419
16,0.30930930930930933,0.5696504866510127,0.7553502068068068,0.7273353035862313
16,0.3103103103103103,0.5687721933353601,0.7541034901555437,0.7261221828987039
16,0.3113113113113113,0.5678940530324802,0.7528437983812379,0.7248966544708775
16,0.3123123123123123,0.567016065742373,0.7515710969494765,0.723658685544937
16,0.3133133133133133,0.5661382314650386,0.7502853527834168,0.7224082447603366
16,0.31431431431431434,0.5652605502004768,0.7489865342780433,0.7211453021674274
16,0.3153153153153153,0.5643830219486881,0.7476746113141745,0.7198698292408461
16,0.3163163163163163,0.563505646709672,0.7463495552721628,0.7185817988926085
16,0.3173173173173173,0.5626284244834286,0.7450113390453281,0.7172811854849479
16,0.3183183183183183,0.561751355269958,0.7436599370530987,0.7159679648428741
16,0.31931931931931934,0.5608744390692602,0.7422953252538502,0.7146421142664396
16,0.3203203203203203,0.559997675881335,0.7409174811574712,0.7133036125427477
16,0.3213213213213213,0.5591210657061828,0.7395263838376038,0.711952439957646
16,0.32232232232232233,0.5582446085438032,0.7381220139435976,0.7105885783071467
16,0.3233233233233233,0.5573683043941965,0.736704353712154,0.709212010908549
16,0.32432432432432434,0.5564921532573625,0.7352733869786481,0.7078227226112529
16,0.3253253253253253,0.5556161551333012,0.7338290991881602,0.7064206998072947
16,0.3263263263263263,0.5547403100220127,0.7323714774061652,0.7050059304415544
16,0.32732732732732733,0.553864617923497,0.7309005103289168,0.7035784040216697
16,0.3283283283283283,0.552989078837754,0.7294161882935076,0.7021381116276415
16,0.32932932932932935,0.5521136927647837,0.7279185032875879,0.7006850459211085
16,0.3303303303303303,0.5512384597045863,0.7264074489587796,0.6992192011543342
16,0.3313313313313313,0.5503633796571616,0.7248830206237333,0.6977405731788481
16,0.33233233233233234,0.5494884526225097,0.7233452152768634,0.6962491594537794
16,0.3333333333333333,0.5486136786006306,0.7217940315987466,0.6947449590538691
16,0.33433433433433435,0.5477390575915241,0.7202294699641627,0.693227972677138
16,0.3353353353353353,0.5468645895951905,0.7186515324498202,0.6916982026522517
16,0.3363363363363363,0.5459902746116296,0.717060222841708,0.6901556529455308
16,0.33733733733733734,0.5451161126408415,0.7154555466421155,0.6886003291676397
16,0.3383383383383383,0.5442421036828261,0.713837511076303,0.6870322385799401
16,0.33933933933933935,0.5433682477375835,0.7122061250988019,0.6854513901004938
16,0.34034034034034033,0.5424945448051137,0.7105613993993883,0.6838577943097478
16,0.34134134134134136,0.5416209948854166,0.7089033464086754,0.682251463455856
16,0.34234234234234234,0.5407475979784923,0.7072319803033557,0.6806324114596668
16,0.3433433433433433,0.5398743540843407,0.7055473170110957,0.6790006539193744
16,0.34434434434434436,0.5390012632029619,0.70384937421504,0.6773562081147978
16,0.34534534534534533,0.5381283253343558,0.7021381713579854,0.6756990930113445
16,0.34634634634634637,0.5372555404785226,0.7004137296461637,0.6740293292635964
16,0.34734734734734735,0.5363829086354621,0.6986760720526689,0.6723469392185579
16,0.3483483483483483,0.5355104298051745,0.6969252233205252,0.6706519469185571
16,0.34934934934934936,0.5346381039876594,0.6951612099653609,0.6689443781037716
16,0.35035035035035034,0.5337659311829172,0.6933840602777446,0.6672242602144294
16,0.35135135135135137,0.5328939113909478,0.6915938043251247,0.6654916223926297
16,0.35235235235235235,0.5320220446117511,0.6897904739534059,0.6637464954838173
16,0.3533533533533533,0.5311503308453271,0.6879741027881645,0.6619889120379084
16,0.35435435435435436,0.530278770091676,0.6861447262354622,0.6602189063100345
16,0.35535535535535534,0.5294073623507977,0.684302381482321,0.6584365142609586
16,0.3563563563563564,0.5285361076226919,0.6824471074967948,0.6566417735571084
16,0.35735735735735735,0.5276650059073591,0.6805789450276778,0.6548347235702584
16,0.35835835835835833,0.5267940572047989,0.6786979366038474,0.6530154053768633
16,0.35935935935935936,0.5259232615150116,0.6768041265332043,0.6511838617570065
16,0.36036036036036034,0.525052618837997,0.6748975609012714,0.6493401371930184
16,0.3613613613613614,0.5241821291737552,0.6729782875693903,0.647484277867713
16,0.36236236236236236,0.523311792522286,0.6710463561725512,0.6456163316622715
16,0.36336336336336333,0.5224416088835897,0.6691018181168589,0.6437363481537762
16,0.36436436436436437,0.5215715782576662,0.6671447265765975,0.6418443786123622
16,0.36536536536536535,0.5207017006445154,0.665175136490952,0.6399404759980395
16,0.3663663663663664,0.5198319760441373,0.6631931045603306,0.6380246949571314
16,0.36736736736736736,0.5189624044565322,0.6611986892423237,0.6360970918183667
16,0.3683683683683684,0.5180929858816995,0.6591919507472972,0.6341577245886207
16,0.36936936936936937,0.5172237203196398,0.6571729510335939,0.6322066529482814
16,0.37037037037037035,0.5163546077703529,0.6551417538023854,0.6302439382462788
16,0.3713713713713714,0.5154856482338386,0.6530984244921395,0.6282696434947497
16,0.37237237237237236,0.5146168417100973,0.6510430302727213,0.6262838333633483
16,0.3733733733733734,0.5137481881991285,0.6489756400391355,0.6242865741732141
16,0.3743743743743744,0.5128796877009326,0.6468963244048833,0.6222779338905713
16,0.37537537537537535,0.5120113402155094,0.6448051556949718,0.620257982119995
16,0.3763763763763764,0.511143145742859,0.6427022079385503,0.6182267900973204
16,0.37737737737737737,0.5102751042829814,0.6405875568611831,0.6161844306822023
16,0.3783783783783784,0.5094072158358764,0.6384612798767715,0.6141309783503406
16,0.3793793793793794,0.5085394804015443,0.6363234560790989,0.6120665091853439
16,0.38038038038038036,0.507671897979985,0.6341741662330362,0.6099911008702681
16,0.3813813813813814,0.5068044685711983,0.632013492765382,0.607904832678804
16,0.38238238238238237,0.5059371921751846,0.6298415197553475,0.6058077854661279
16,0.3833833833833834,0.5050700687919435,0.6276583329247036,0.6037000416594238
16,0.3843843843843844,0.5042030984214751,0.6254640196275565,0.6015816852480544
16,0.38538538538538536,0.5033362810637796,0.6232586688397966,0.5994528017734171
16,0.3863863863863864,0.5024696167188568,0.6210423711481925,0.5973134783184597
16,0.38738738738738737,0.5016031053867068,0.6188152187391411,0.5951638034968685
16,0.3883883883883884,0.5007367470673295,0.6165773053870902,0.5930038674419411
16,0.3893893893893894,0.499870541760725,0.6143287264426036,0.5908337617951185
16,0.39039039039039036,0.4990044894668932,0.6120695788201106,0.5886535796942132
16,0.3913913913913914,0.4981385901858343,0.6097999609853142,0.5864634157613122
16,0.3923923923923924,0.4972728439175481,0.6075199729422684,0.5842633660903624
16,0.3933933933933934,0.4964072506620346,0.6052297162201423,0.5820535282344561
16,0.3943943943943944,0.49554181041929385,0.6029292938596399,0.5798340011927863
16,0.39539539539539537,0.494676523189326,0.6006188103991199,0.5776048853973171
16,0.3963963963963964,0.4938113889721308,0.5982983718603885,0.5753662826991378
16,0.3973973973973974,0.4929464077677084,0.5959680857341773,0.5731182963545183
16,0.3983983983983984,0.49208157957605875,0.5936280609653225,0.5708610310106768
16,0.3993993993993994,0.49121690439718185,0.591278407937618,0.5685945926912357
16,0.40040040040040037,0.4903523822310777,0.5889192384583831,0.5663190887814057
16,0.4014014014014014,0.4894880130777463,0.5865506657427211,0.5640346280128717
16,0.4024024024024024,0.4886237969371877,0.5841728043974799,0.5617413204483954
16,0.4034034034034034,0.48775973380940185,0.5817857704049323,0.5594392774661486
16,0.4044044044044044,0.4868958236943888,0.5793896811061466,0.5571286117437502
16,0.40540540540540543,0.4860320665921484,0.5769846551840917,0.5548094372420493
16,0.4064064064064064,0.4851684625026809,0.574570812646454,0.5524818691886331
16,0.4074074074074074,0.4843050114259861,0.5721482748081663,0.5501460240610573
16,0.4084084084084084,0.4834417133620641,0.5697171642736882,0.5478020195698406
16,0.4094094094094094,0.48257856831091483,0.5672776049189887,0.5454499746411738
16,0.41041041041041043,0.4817155762725383,0.5648297218732842,0.5430900093993942
16,0.4114114114114114,0.4808527372469346,0.5623736415005107,0.5407222451492054
16,0.4124124124124124,0.47999005123410365,0.5599094913805281,0.5383468043576425
16,0.4134134134134134,0.4791275182340454,0.5574374002900957,0.5359638106358162
16,0.4144144144144144,0.47826513824676,0.5549574981835721,0.5335733887203958
16,0.41541541541541543,0.4774029112722472,0.552469916173394,0.5311756644548773
16,0.4164164164164164,0.4765408373105072,0.5499747865103072,0.528770764770617
16,0.4174174174174174,0.4756789163615401,0.5474722425633551,0.5263588176676335
16,0.4184184184184184,0.4748171484253457,0.5449624187996597,0.5239399521952082
16,0.4194194194194194,0.4739555335019241,0.5424454507639501,0.5215142984322481
16,0.42042042042042044,0.4730940715912751,0.5399214750578922,0.5190819874674552
16,0.4214214214214214,0.472232762693399,0.5373906293191951,0.5166431513792838
16,0.4224224224224224,0.47137160680829565,0.5348530522004972,0.5141979232156884
16,0.42342342342342343,0.47051060393596505,0.5323088833480696,0.5117464369736934
16,0.4244244244244244,0.46964975407640713,0.5297582633802909,0.5092888275787483
16,0.42542542542542544,0.4687890572296221,0.5272013338659468,0.5068252308639118
16,0.4264264264264264,0.46792851339560976,0.5246382373023317,0.5043557835488495
16,0.4274274274274274,0.4670681225743703,0.5220691170931543,0.5018806232186417
16,0.42842842842842843,0.46620788476590347,0.5194941175262855,0.49939988830244253
16,0.4294294294294294,0.4653477999702094,0.5169133837513031,0.49691371805194406
16,0.43043043043043044,0.46448786818728816,0.514327061756886,0.4944222525196954
16,0.4314314314314314,0.4636280894171397,0.5117352983480363,0.49192563253725996
16,0.43243243243243246,0.4627684636597638,0.5091382411231324,0.4894239996932082
16,0.43343343343343343,0.46190899091516097,0.5065360384508463,0.48691749631098324
16,0.4344344344344344,0.4610496711833306,0.5039288394468906,0.48440626542660237
16,0.43543543543543545,0.46019050446427323,0.5013167939506334,0.48189045076623227
16,0.4364364364364364,0.45933149075798846,0.4987000525015737,0.47937019672363157
16,0.43743743743743746,0.4584726300644765,0.4960787663156709,0.47684564833745424
16,0.43843843843843844,0.4576139223837373,0.49345308726156656,0.4743169512684494
16,0.4394394394394394,0.456755367715771,0.4908231678366627,0.47178425177652467
16,0.44044044044044045,0.4558969660605773,0.48818916114309424,0.4692476966977084
16,0.44144144144144143,0.45503871741815644,0.4855512208635896,0.4667074334210054
16,0.44244244244244246,0.4541806217885083,0.4829095012372129,0.46416360986513877
16,0.44344344344344344,0.4533226791716329,0.48026415703502473,0.4616163744552157
16,0.4444444444444444,0.4524648895675304,0.47761534353562785,0.45906587609928196
16,0.44544544544544545,0.45160725297620047,0.47496321650063456,0.4565122641648025
16,0.44644644644644643,0.45074976939764333,0.4723079321500484,0.45395568845506057
16,0.44744744744744747,0.4498924388318591,0.46964964713755764,0.4513962991854723
16,0.44844844844844844,0.4490352612788475,0.46698851852577233,0.44883424695984836
16,0.4494494494494494,0.4481782367386087,0.46432470376137636,0.4462696827465734
16,0.45045045045045046,0.44732136521114263,0.46165836065022786,0.4437027578547379
16,0.45145145145145144,0.44646464669644936,0.4589896473324023,0.4411336239102147
16,0.45245245245245247,0.44560808119452894,0.4563187222571745,0.43856243283167784
16,0.45345345345345345,0.44475166870538113,0.45364574415797465,0.4359893368065959
16,0.4544544544544544,0.4438954092290061,0.4509708720272838,0.43341448826717066
16,0.45545545545545546,0.4430393027654039,0.44829426509150894,0.43083803986625235
16,0.45645645645645644,0.4421833493145745,0.44561608278582676,0.4282601444532298
16,0.4574574574574575,0.4413275488765177,0.4429364847289966,0.4256809550498878
16,0.45845845845845845,0.4404719014512339,0.4402556306981718,0.4231006248262664
16,0.45945945945945943,0.4396164070387227,0.437573680603684,0.42051930707649254
16,0.46046046046046046,0.4387610656389842,0.4348907944638291,0.41793715519461516
16,0.46146146146146144,0.43790587725201857,0.43220713237965513,0.41535432265044203
16,0.4624624624624625,0.43705084187782567,0.4295228545097441,0.4127709629653705
16,0.46346346346346345,0.4361959595164055,0.42683812104502183,0.41018722968824817
16,0.46446446446446443,0.43534123016775816,0.4241530921835672,0.4076032763712298
16,0.46546546546546547,0.4344866538318835,0.4214679281054533,0.4050192565456684
16,0.46646646646646645,0.4336322305087817,0.4187827889476161,0.4024353236980312
16,0.4674674674674675,0.4327779601984526,0.4160978347787459,0.39985163124583906
16,0.46846846846846846,0.4319238429008963,0.41341322557423416,0.3972683325136591
16,0.4694694694694695,0.43106987861611273,0.41072912119114846,0.3946855807091241
16,0.47047047047047047,0.43021606734410195,0.40804568134326413,0.3921035288990077
16,0.47147147147147145,0.42936240908486395,0.40536306557615553,0.38952232998535674
16,0.4724724724724725,0.42850890383839857,0.4026814332423322,0.3869421366816669
16,0.47347347347347346,0.42765555160470603,0.4000009434764618,0.3843631014891422
16,0.4744744744744745,0.4268023523837863,0.39732175517064583,0.3817853766730059
16,0.4754754754754755,0.4259493061756393,0.3946440269497805,0.37920911423889225
16,0.47647647647647645,0.4250964129802651,0.3919679171470034,0.37663446590932276
16,0.4774774774774775,0.4242436727976636,0.3892935837792123,0.3740615831002503
16,0.47847847847847846,0.42339108562783495,0.38662118452269684,0.3714906168977128
16,0.4794794794794795,0.42253865147077896,0.3839508766888501,0.36892171803456414
16,0.4804804804804805,0.4216863703264958,0.38128281719999146,0.3663550368673111
16,0.48148148148148145,0.42083424219498533,0.37861716256530126,0.36379072335305895
16,0.4824824824824825,0.41998226707624764,0.375954068856854,0.3612289270265515
16,0.48348348348348347,0.41913044497028284,0.37329369168578996,0.3586697969773442
16,0.4844844844844845,0.41827877587709067,0.3706361861785926,0.35611348182707925
16,0.4854854854854855,0.41742725979667133,0.36798170695350296,0.35356012970689216
16,0.48648648648648646,0.41657589672902473,0.3653304080970704,0.35100988823494983
16,0.4874874874874875,0.41572468667415086,0.3626824431408282,0.3484629044941084
16,0.48848848848848847,0.4148736296320497,0.36003796503813174,0.34591932500972705
16,0.4894894894894895,0.41402272560272135,0.357397126141127,0.34337929572760817
16,0.4904904904904905,0.4131719745861659,0.35476007817788147,0.3408429619920924
16,0.49149149149149146,0.4123213765823831,0.3521269722296748,0.33831046852430813
16,0.4924924924924925,0.41147093159137305,0.34949795870843936,0.3357819594005639
16,0.4934934934934935,0.4106206396131358,0.3468731873343855,0.33325757803092027
16,0.4944944944944945,0.40977050064767123,0.34425280711378337,0.33073746713790964
16,0.4954954954954955,0.4089205146949795,0.3416369663169282,0.3282217687354342
16,0.4964964964964965,0.4080706817550604,0.339025812456289,0.32571062410783946
16,0.4974974974974975,0.40722100182791426,0.3364194922648328,0.3232041737891559
16,0.4984984984984985,0.4063714749135408,0.33381815167454937,0.3207025575425341
16,0.4994994994994995,0.40552210101194003,0.3312219357951641,0.31820591433985984
16,0.5005005005005005,0.4046728801231121,0.32863098889304887,0.3157143823415598
16,0.5015015015015015,0.40382381224705693,0.32604545437034116,0.31322809887660685
16,0.5025025025025025,0.4029748973837745,0.3234654747442622,0.31074720042271686
16,0.5035035035035035,0.4021261355332648,0.32089119162665225,0.3082718225867538
16,0.5045045045045045,0.40127752669552796,0.31832274570371866,0.30580210008533887
16,0.5055055055055055,0.40042907087056373,0.3157602767160026,0.30333816672567016
16,0.5065065065065065,0.3995807680583724,0.31320392343857123,0.30088015538655843
16,0.5075075075075075,0.39873261825895384,0.31065382366143307,0.2984281979996768
16,0.5085085085085085,0.3978846214723079,0.30811011417018774,0.29598242553103615
16,0.5095095095095095,0.3970367776984349,0.3055729307269087,0.29354296796268364
16,0.5105105105105106,0.3961890869373345,0.3030424080512641,0.29110995427463
16,0.5115115115115115,0.3953415491890069,0.3005186798018813,0.28868351242701057
16,0.5125125125125125,0.39449416445345215,0.2980018785579538,0.28626376934247943
16,0.5135135135135135,0.3936469327306702,0.29549213580110106,0.283850850888845
16,0.5145145145145145,0.39279985402066087,0.29298958189747737,0.28144488186194694
16,0.5155155155155156,0.3919529283234243,0.290494346080139,0.2790459859687782
16,0.5165165165165165,0.3911061556389605,0.2880065564316704,0.2766542858108578
16,0.5175175175175175,0.39025953596726953,0.28552633986707054,0.2742699028678522
16,0.5185185185185185,0.38941306930835135,0.28305382211690766,0.27189295748145426
16,0.5195195195195195,0.3885667556622059,0.2805891277107414,0.26952356883951956
16,0.5205205205205206,0.38772059502883305,0.2781323799608165,0.26716185496046196
16,0.5215215215215215,0.3868745874082332,0.2756837009460329,0.2648079326779158
16,0.5225225225225225,0.386028732800406,0.2732432114961899,0.26246191762566007
16,0.5235235235235235,0.3851830312053516,0.27081103117651517,0.26012392422281594
16,0.5245245245245245,0.3843374826230699,0.2683872782724733,0.2577940656593132
16,0.5255255255255256,0.383492087053561,0.2659720697748618,0.25547245388163176
16,0.5265265265265265,0.3826468444968249,0.2635655213651964,0.25315919957882094
16,0.5275275275275275,0.3818017549528615,0.26116774740138443,0.2508544121687948
16,0.5285285285285285,0.3809568184216709,0.25877886090369406,0.24855819978491242
16,0.5295295295295295,0.38011203490325307,0.2563989735410184,0.24627066926283941
16,0.5305305305305306,0.3792674043976079,0.2540281956174375,0.24399192612769627
16,0.5315315315315315,0.3784229269047356,0.2516666360590812,0.2417220745814953
16,0.5325325325325325,0.37757860242463603,0.2493144024012927,0.2394612174908654
16,0.5335335335335335,0.3767344309573093,0.24697160077609864,0.23720945637507124
16,0.5345345345345345,0.3758904125027552,0.2446383358999837,0.2349668913943247
16,0.5355355355355356,0.37504654706097384,0.24231471106197477,0.23273362133839265
16,0.5365365365365365,0.37420283463196535,0.24000082811203505,0.23050974361550275
16,0.5375375375375375,0.37335927521572965,0.2376967874497684,0.22829535424154618
16,0.5385385385385385,0.37251586881226656,0.23540268801343928,0.22609054782958327
16,0.5395395395395395,0.37167261542157637,0.2331186272693066,0.22389541757965026
16,0.5405405405405406,0.37082951504365885,0.23084470120127387,0.22171005526886933
16,0.5415415415415415,0.3699865676785141,0.2285810043008591,0.21953455124186536
16,0.5425425425425425,0.36914377332614223,0.22632762955748095,0.21736899440148583
16,0.5435435435435435,0.368301131986543,0.2240846684490681,0.21521347219983075
16,0.5445445445445445,0.36745864365971664,0.2218522109329894,0.21306807062959032
16,0.5455455455455456,0.3666163083456629,0.21963034543730658,0.21093287421569176
16,0.5465465465465466,0.36577412604438203,0.2174191588523518,0.20880796600725765
16,0.5475475475475475,0.36493209675587385,0.21521873652262818,0.2066934275698742
16,0.5485485485485485,0.36409022048013856,0.21302916223903806,0.20458933897817327
16,0.5495495495495496,0.36324849721717584,0.21085051823143577,0.20249577880872632
16,0.5505505505505506,0.36240692696698595,0.20868288516151004,0.2004128241332535
16,0.5515515515515516,0.36156550972956897,0.20652634211599064,0.1983405505121446
16,0.5525525525525525,0.36072424550492466,0.20438096660018606,0.1962790319882968
16,0.5535535535535535,0.3598831342930531,0.20224683453184927,0.19422834108126677
16,0.5545545545545546,0.35904217609395417,0.2001240202353713,0.19218854878173797
16,0.5555555555555556,0.3582013709076281,0.19801259643630653,0.19015972454630523
16,0.5565565565565566,0.3573607187340748,0.19591263425622457,0.18814193629257248
16,0.5575575575575575,0.35652021957329433,0.19382420320789437,0.1861352503945694
16,0.5585585585585585,0.35567987342528656,0.19174737119079666,0.18413973167848272
16,0.5595595595595596,0.35483968029005153,0.1896822044869665,0.1821554434187036
16,0.5605605605605606,0.3539996401675893,0.187628767757166,0.18018244733419225
16,0.5615615615615616,0.3531597530578998,0.1855871240373848,0.17822080358515593
16,0.5625625625625625,0.35232001896098314,0.18355733473567137,0.17627057077004493
16,0.5635635635635635,0.35148043787683925,0.1815394596292922,0.17433180592286218
16,0.5645645645645646,0.350641009805468,0.1795335568622191,0.17240456451078792
16,0.5655655655655656,0.3498017347468696,0.17753968294294586,0.17048890043211973
16,0.5665665665665666,0.34896261270104384,0.17555789274262945,0.16858486601452377
16,0.5675675675675675,0.348123643667991,0.17358823949356023,0.16669251201360158
16,0.5685685685685685,0.3472848276477109,0.17163077478795674,0.1648118876117676
16,0.5695695695695696,0.3464461646402034,0.16968554857708562,0.16294304041743884
16,0.5705705705705706,0.34560765464546883,0.16775260917070642,0.1610860164645357
16,0.5715715715715716,0.344769297663507,0.16583200323683786,0.15924086021229064
16,0.5725725725725725,0.3439310936943179,0.16392377580184758,0.15740761454536756
16,0.5735735735735735,0.3430930427379016,0.16202797025086257,0.1555863207742878
16,0.5745745745745746,0.3422551447942579,0.16014462832849835,0.15377701863616242
16,0.5755755755755756,0.34141739986338715,0.15827379013990867,0.15197974629573086
16,0.5765765765765766,0.3405798079452891,0.15641549415214928,0.15019454034670132
16,0.5775775775775776,0.3397423690399639,0.1545697771958601,0.1484214358133959
16,0.5785785785785785,0.33890508314741136,0.15273667446726016,0.1466604661526955
16,0.5795795795795796,0.3380679502676315,0.15091621953045525,0.14491166325628474
16,0.5805805805805806,0.3372309704006245,0.14910844432005727,0.1431750574531951
16,0.5815815815815816,0.3363941435463903,0.14731337914411127,0.14145067751264334
16,0.5825825825825826,0.33555746970492883,0.14553105268733146,0.1397385506471658
16,0.5835835835835835,0.3347209488762401,0.14376149201464206,0.1380387025160449
16,0.5845845845845846,0.3338845810603241,0.14200472257502136,0.13635115722902633
16,0.5855855855855856,0.3330483662571809,0.1402607682056493,0.1346759373503266
16,0.5865865865865866,0.3322123044668105,0.13852965113635152,0.13301306390292542
16,0.5875875875875876,0.3313763956892128,0.13681139199434367,0.13136255637314512
16,0.5885885885885885,0.3305406399243879,0.13510600980926976,0.12972443271551226
16,0.5895895895895896,0.3297050371723357,0.13341352201853313,0.12809870935789938
16,0.5905905905905906,0.32886958743305633,0.1317339444729195,0.1264854012069468
16,0.5915915915915916,0.32803429070654977,0.13006729144250614,0.12488452165375824
16,0.5925925925925926,0.32719914699281594,0.1284135756228587,0.1232960825798726
16,0.5935935935935935,0.32636415629185483,0.12677280814151037,0.12172009436350564
16,0.5945945945945946,0.32552931860366646,0.12514499856472186,0.12015656588606108
16,0.5955955955955956,0.32469463392825093,0.12353015490451999,0.11860550453890863
16,0.5965965965965966,0.3238601022656081,0.1219282836260102,0.11706691623042417
16,0.5975975975975976,0.32302572361573806,0.12033938965496307,0.11554080539329278
16,0.5985985985985985,0.32219149797864083,0.1187634763856699,0.11402717499206921
16,0.5995995995995996,0.32135742535431616,0.11720054568906495,0.11252602653099412
16,0.6006006006006006,0.32052350574276445,0.11565059792111258,0.11103736006206377
16,0.6016016016016016,0.3196897391439854,0.11411363193145348,0.10956117419334818
16,0.6026026026026026,0.3188561255579792,0.11258964507231052,0.10809746609755774
16,0.6036036036036035,0.3180226649847457,0.11107863320764846,0.10664623152085315
16,0.6046046046046046,0.31718935742428495,0.1095805907225852,0.10520746479189627
16,0.6056056056056056,0.316356202876597,0.10809551053305232,0.10378115883113964
16,0.6066066066066066,0.3155232013416818,0.10662338409569891,0.10236730516034927
16,0.6076076076076076,0.3146903528195394,0.10516420141803906,0.10096589391236041
16,0.6086086086086087,0.3138576573101696,0.1037179510688365,0.09957691384106092
16,0.6096096096096096,0.3130251148135728,0.10228462018872547,0.09820035233160043
16,0.6106106106106106,0.3121927253297486,0.10086419450106143,0.09683619541081998
16,0.6116116116116116,0.31136048885869727,0.09945665832300132,0.09548442775790125
16,0.6126126126126126,0.31052840540041865,0.0980619945768077,0.09414503271523036
16,0.6136136136136137,0.30969647495491276,0.09668018480137355,0.0928179922994728
16,0.6146146146146146,0.30886469752217965,0.09531120916396527,0.09150328721285743
16,0.6156156156156156,0.30803307310221933,0.09395504647217773,0.09020089685466344
16,0.6166166166166166,0.3072016016950318,0.09261167418610046,0.08891079933290964
16,0.6176176176176176,0.306370283300617,0.09128106843068948,0.08763297147624036
16,0.6186186186186187,0.30553911791897487,0.0899632040083411,0.086367388846005
16,0.6196196196196196,0.3047081055501056,0.08865805441166519,0.08511402574852839
16,0.6206206206206206,0.3038772461940091,0.0873655918364512,0.0838728552475657
16,0.6216216216216216,0.3030465398506853,0.08608578719482676,0.08264384917694176
16,0.6226226226226226,0.30221598652013426,0.08481861012860178,0.08142697815336793
16,0.6236236236236237,0.30138558620235595,0.08356402902279556,0.0802222115894341
16,0.6246246246246246,0.30055533889735053,0.08232201101934326,0.07902951770677243
16,0.6256256256256256,0.29972524460511785,0.08109252203097564,0.07784886354938689
16,0.6266266266266266,0.29889530332565784,0.07987552675527075,0.07668021499714742
16,0.6276276276276276,0.29806551505897066,0.07867098868887146,0.07552353677944273
16,0.6286286286286287,0.29723587980505617,0.07747887014186546,0.07437879248898863
16,0.6296296296296297,0.29640639756391446,0.07629913225232389,0.07324594459578816
16,0.6306306306306306,0.29557706833554565,0.07513173500099303,0.07212495446123805
16,0.6316316316316316,0.2947478921199495,0.07397663722613684,0.07101578235237974
16,0.6326326326326326,0.2939188689171261,0.0728337966385246,0.06991838745628899
16,0.6336336336336337,0.2930899987270755,0.07170316983655992,0.06883272789460085
16,0.6346346346346347,0.2922612815497976,0.07058471232154745,0.06775876073816631
16,0.6356356356356356,0.2914327173852924,0.06947837851309109,0.06669644202183483
16,0.6366366366366366,0.29060430623356015,0.06838412176462208,0.06564572675936081
16,0.6376376376376376,0.28977604809460056,0.06730189437905058,0.06460656895842845
16,0.6386386386386387,0.28894794296841364,0.06623164762453704,0.06357892163579101
16,0.6396396396396397,0.2881199908549997,0.06517333175037979,0.06256273683252125
16,0.6406406406406406,0.2872921917543584,0.06412689600301254,0.06155796562936684
16,0.6416416416416416,0.2864645456664899,0.06309228864210972,0.06056455816220885
16,0.6426426426426426,0.2856370525913941,0.0620694569567938,0.05958246363761792
16,0.6436436436436437,0.284809712529071,0.06105834728194042,0.058611630348503585
16,0.6446446446446447,0.28398252547952085,0.060058905014577744,0.05765200568985384
16,0.6456456456456456,0.2831554914427434,0.059071074630373824,0.0567035361745587
16,0.6466466466466466,0.28232861041873863,0.05809479970020995,0.05576616744931582
16,0.6476476476476476,0.28150188240750673,0.0571300229068336,0.05483984431061226
16,0.6486486486486487,0.28067530740904745,0.05617668606158742,0.053924510720778696
16,0.6496496496496497,0.27984888542336095,0.05523473012121025,0.05302010982411245
16,0.6506506506506506,0.2790226164504473,0.054304095204704056,0.05212658396306334
16,0.6516516516516516,0.27819650049030636,0.05338472061026463,0.05124387469448047
16,0.6526526526526526,0.2773705375429383,0.05247654483226995,0.05037192280591385
16,0.6536536536536537,0.2765447276083428,0.05157950557832243,0.04951066833196733
16,0.6546546546546547,0.27571907068652024,0.050693539786340856,0.04866005057069912
16,0.6556556556556556,0.2748935667774703,0.04981858364169656,0.04782000810006405
16,0.6566566566566566,0.27406821588119323,0.048954572594390885,0.04699047879439533
16,0.6576576576576576,0.27324301799768896,0.04810144137626859,0.04617139984092041
16,0.6586586586586587,0.27241797312695726,0.04725912401826284,0.04536270775630674
16,0.6596596596596597,0.2715930812689985,0.04642755386766824,0.04456433840323413
16,0.6606606606606606,0.2707683424238125,0.04560666360543582,0.04377622700698786
16,0.6616616616616616,0.26994375659139913,0.044796385263487774,0.04299830817207043
16,0.6626626626626626,0.26911932377175857,0.043996650242046104,0.04223051589882618
16,0.6636636636636637,0.2682950439648908,0.04320738932697116,0.041472783600075294
16,0.6646646646646647,0.26747091717079574,0.04242853270710652,0.04072504411775338
16,0.6656656656656657,0.2666469433894736,0.041660009991624336,0.0399872297395513
16,0.6666666666666666,0.26582312262092406,0.040901750227368715,0.039259272215552705
16,0.6676676676676676,0.2649994548651473,0.04015368191619162,0.038541102774864194
16,0.6686686686686687,0.26417594012214335,0.03941573303227746,0.03783265214223419
16,0.6696696696696697,0.2633525783919122,0.038687831039452544,0.0371338505546571
16,0.6706706706706707,0.2625293696744537,0.03796990290847402,0.03644462777795737
16,0.6716716716716716,0.261706313969768,0.03726187513429575,0.03576491312335127
16,0.6726726726726726,0.2608834112778552,0.0365636737533058,0.03509463546398102
16,0.6736736736736737,0.260060661598715,0.035875224360531754,0.0344337232514178
16,0.6746746746746747,0.2592380649323476,0.03519645212681032,0.033782104532130236
16,0.6756756756756757,0.25841562127875295,0.03452728181591577,0.03313970696391307
16,0.6766766766766766,0.2575933306379311,0.033867637801645006,0.032506457832274
16,0.6776776776776777,0.25677119300988194,0.03321744408485382,0.03188228406677331
16,0.6786786786786787,0.2559492083946056,0.032576624310441366,0.031267112257313705
16,0.6796796796796797,0.25512737679210207,0.031945101784277785,0.03066086867037513
16,0.6806806806806807,0.25430569820237126,0.031322799490072446,0.030063479265192573
16,0.6816816816816816,0.2534841726254131,0.030709640106177903,0.029474869709871773
16,0.6826826826826827,0.25266280006122777,0.030105546022326207,0.028894965397439826
16,0.6836836836836837,0.25184158050981525,0.02951043935629389,0.02832369146182713
16,0.6846846846846847,0.25102051397117553,0.02892424197049108,0.02776097279377626
16,0.6856856856856857,0.2501996004453085,0.02834687548847225,0.027206734056675435
16,0.6866866866866866,0.24937883993221427,0.02777826131136402,0.026660899702312148
16,0.6876876876876877,0.24855823243189273,0.027218320634206608,0.026123393986543723
16,0.6886886886886887,0.24773777794434396,0.02666697446220572,0.02559414098488174
16,0.6896896896896897,0.24691747646956805,0.026124143626890434,0.025073064607985977
16,0.6906906906906907,0.24609732800756481,0.025589748802174687,0.024560088617065726
16,0.6916916916916916,0.24527733255833445,0.02506371052031812,0.024055136639184287
16,0.6926926926926927,0.24445749012187665,0.024545949187783096,0.023558132182463623
16,0.6936936936936937,0.2436378006981918,0.024036385100984818,0.0230689986511863
16,0.6946946946946947,0.24281826428727962,0.0235349384619304,0.022587659360790595
16,0.6956956956956957,0.2419988808891403,0.023041529393744688,0.02211403755275687
16,0.6966966966966966,0.24117965050377366,0.022556077956078877,0.021648056409381174
16,0.6976976976976977,0.24036057313117967,0.022078504160398867,0.02118963906843336
16,0.6986986986986987,0.23954164877135864,0.02160872798515067,0.020738708637697015
16,0.6996996996996997,0.23872287742431028,0.021146669390798827,0.02029518820938741
16,0.7007007007007007,0.2379042590900347,0.02069224833473607,0.019859000874445667
16,0.7017017017017017,0.23708579376853187,0.02024538478606023,0.019430069736705476
16,0.7027027027027027,0.23626748145980173,0.019805998740215963,0.019008317926929877
16,0.7037037037037037,0.23544932216384443,0.019374010233498513,0.01859366861671555
16,0.7047047047047047,0.2346313158806599,0.018949339357416044,0.018186045032261233
16,0.7057057057057057,0.23381346261024813,0.018531906272908783,0.017785370467998607
16,0.7067067067067067,0.23299576235260913,0.01812163122442145,0.01739156830008229
16,0.7077077077077077,0.2321782151077428,0.017718434553826677,0.017004561999736677
16,0.7087087087087087,0.23136082087564935,0.01732223671419701,0.016624275146457423
16,0.7097097097097097,0.23054357965632866,0.016932958283422287,0.016250631441064377
16,0.7107107107107107,0.22972649144978072,0.016550519977670854,0.015883554718604597
16,0.7117117117117117,0.22890955625600554,0.016174842664691467,0.015522968961102368
16,0.7127127127127127,0.22809277407500303,0.015805847376953855,0.015168798310154306
16,0.7137137137137137,0.22727614490677328,0.015443455324625752,0.01482096707936745
16,0.7147147147147147,0.22645966875131643,0.01508758790838364,0.014479399766637688
16,0.7157157157157157,0.2256433456086323,0.014738166732055785,0.014144021066267172
16,0.7167167167167167,0.22482717547872086,0.014395113615094872,0.013814755880918145
16,0.7177177177177178,0.22401115836158217,0.01405835060487841,0.013491529333401402
16,0.7187187187187187,0.22319529425721638,0.013727799988835089,0.013174266778297692
16,0.7197197197197197,0.22237958316562323,0.01340338430639457,0.012862893813409609
16,0.7207207207207207,0.22156402508680292,0.013085026360759703,0.012557336291043015
16,0.7217217217217217,0.22074862002075532,0.012772649230498657,0.012257520329115628
16,0.7227227227227228,0.21993336796748045,0.012466176280955591,0.011963372322091385
16,0.7237237237237237,0.21911826892697836,0.012165531175478207,0.011674818951739078
16,0.7247247247247247,0.21830332289924906,0.011870637886460176,0.011391787197713298
16,0.7257257257257257,0.2174885298842926,0.01158142070619753,0.011114204347956782
16,0.7267267267267267,0.21667388988210878,0.011297804257557041,0.010841998008922374
16,0.7277277277277278,0.21585940289269767,0.011019713504455343,0.010575096115613289
16,0.7287287287287287,0.2150450689160595,0.010747073762147608,0.010313426941440645
16,0.7297297297297297,0.214230887952194,0.010479810707324046,0.01005691910789652
16,0.7307307307307307,0.21341686000110127,0.010217850388013585,0.009805501594042013
16,0.7317317317317317,0.2126029850627813,0.009961119233293169,0.009559103745808723
16,0.7327327327327328,0.211789263137234,0.00970954406280172,0.009317655285112799
16,0.7337337337337337,0.21097569422445958,0.009463052096057873,0.009081086318780672
16,0.7347347347347347,0.21016227832445789,0.009221570961580142,0.008849327347285229
16,0.7357357357357357,0.209349015437229,0.008985028705809158,0.00862230927329202
16,0.7367367367367368,0.20853590556277277,0.00875335380183074,0.008399963410014392
16,0.7377377377377378,0.20772294870108937,0.008526475157899314,0.008182221489377027
16,0.7387387387387387,0.20691014485217876,0.008304322125760683,0.007969015669986958
16,0.7397397397397397,0.2060974940160409,0.008086824508773894,0.00776027854491183
16,0.7407407407407407,0.20528499619267584,0.007873912569831401,0.007555943149264613
16,0.7417417417417418,0.20447265138208343,0.007665517039077051,0.007355942967594358
16,0.7427427427427428,0.20366045958426376,0.00746156912142166,0.007160211941082725
16,0.7437437437437437,0.202848420799217,0.007262000503855426,0.006968684474545616
16,0.7447447447447447,0.20203653502694296,0.007066743362557366,0.006781295443240052
16,0.7457457457457457,0.20122480226744172,0.006875730369801197,0.006597980199475783
16,0.7467467467467468,0.20041322252071303,0.006688894700657613,0.006418674579031546
16,0.7477477477477478,0.1996017957867573,0.006506170039492974,0.006243314907376015
16,0.7487487487487487,0.19879052206557424,0.006327490586264039,0.006071838005693094
16,0.7497497497497497,0.19797940135716405,0.006152791062609198,0.005904181196711988
16,0.7507507507507507,0.19716843366152653,0.005982006717736014,0.005740282310341865
16,0.7517517517517518,0.19635761897866175,0.005815073334105283,0.005580079689111327
16,0.7527527527527528,0.19554695730856977,0.005651927232911986,0.0054235121934130374
16,0.7537537537537538,0.19473644865125062,0.005492505279363093,0.00527051920655349
16,0.7547547547547547,0.19392609300670416,0.005336744887752971,0.005121040639608618
16,0.7557557557557557,0.19311589037493046,0.005184584026336508,0.00497501693608538
16,0.7567567567567568,0.19230584075592952,0.005035961222000545,0.0048323890763898635
16,0.7577577577577578,0.19149594414970134,0.0048908155647342,0.004693098582102509
16,0.7587587587587588,0.19068620055624594,0.004749086711898463,0.004557087520060781
16,0.7597597597597597,0.1898766099755633,0.00461071489229605,0.004424298506250259
16,0.7607607607607607,0.18906717240765342,0.004475640910041942,0.004294674709504566
16,0.7617617617617618,0.18825788785251632,0.00434380614823555,0.0041681598550150165
16,0.7627627627627628,0.18744875631015195,0.004215152572435342,0.004044698227650803
16,0.7637637637637638,0.18663977778056037,0.004089622733936645,0.003924234675090426
16,0.7647647647647647,0.18583095226374155,0.00396715977285388,0.003806714610765525
16,0.7657657657657657,0.1850222797596955,0.003847707421007984,0.0036920840166179054
16,0.7667667667667668,0.18421376026842212,0.0037312100046202135,0.0035802894456708444
16,0.7677677677677678,0.1834053937899216,0.003617612446813478,0.0034712780244158283
16,0.7687687687687688,0.18259718032419375,0.0035068602699222184,0.0033649974550156716
16,0.7697697697697697,0.18178911987123877,0.003398899597612318,0.0032613960173254555
16,0.7707707707707707,0.18098121243105653,0.0032936771568121406,0.0031604225707323394
16,0.7717717717717718,0.18017345800364698,0.003191140279456124,0.0030620265558156156
16,0.7727727727727728,0.17936585658901028,0.003091236904042364,0.0029661579958283842
16,0.7737737737737738,0.17855840818714627,0.002993915577005494,0.0028727674980021122
16,0.7747747747747747,0.17775111279805508,0.002899125453906571,0.002781806254675703
16,0.7757757757757757,0.17694397042173668,0.0028068163004413647,0.0026932260442504396
16,0.7767767767767768,0.17613698105819087,0.002716938493268718,0.0026069792319723863
16,0.7777777777777778,0.175330144707418,0.002629443020660667,0.002523018770543878
16,0.7787787787787788,0.1745234613694178,0.0025442814829758904,0.0024412982005656086
16,0.7797797797797797,0.17371693104419045,0.0024614060929584324,0.002361771650811177
16,0.7807807807807807,0.17291055373173578,0.0023807696758633506,0.002284393838335682
16,0.7817817817817818,0.17210432943205387,0.0023023256694111767,0.002209120068420183
16,0.7827827827827828,0.17129825814514474,0.0022260281235731384,0.0021359062343538847
16,0.7837837837837838,0.17049233987100845,0.002151831700188932,0.002064708817055784
16,0.7847847847847848,0.16968657460964484,0.0020796916724192035,0.0019954848845378254
16,0.7857857857857857,0.168880962361054,0.0020095639240346255,0.0019281920912114063
16,0.7867867867867868,0.16807550312523592,0.001941404948543678,0.001862788677039227
16,0.7877877877877878,0.1672701969021906,0.0018751718481612753,0.001799233466534567
16,0.7887887887887888,0.16646504369191806,0.0018108223326202587,0.0017374858676099095
16,0.7897897897897898,0.16566004349441826,0.0017483147178280957,0.001677505870277169
16,0.7907907907907907,0.16485519630969123,0.0016876079243708843,0.0016192540452015377
16,0.7917917917917918,0.1640505021377369,0.0016286614758669604,0.001562691542111149
16,0.7927927927927928,0.1632459609785554,0.0015714354971724284,0.0015077800880647948
16,0.7937937937937938,0.16244157283214666,0.0015158907124408379,0.0014544819855798231
16,0.7947947947947948,0.1616373376985108,0.0014619884430395094,0.001402760110622621
16,0.7957957957957957,0.16083325557764752,0.0014096906053247794,0.0013525779104638636
16,0.7967967967967968,0.16002932646955698,0.0013589597082786444,0.0013038994014009067
16,0.7977977977977978,0.15922555037423933,0.0013097588510092688,0.001256689166349687
16,0.7987987987987988,0.1584219272916944,0.0012620517201177562,0.0012109123523084391
16,0.7997997997997998,0.15761845722192228,0.0012158025869338119,0.001166534667695746
16,0.8008008008008007,0.15681514016492293,0.0011709763046227459,0.0011235223795652734
16,0.8018018018018018,0.15601197612069623,0.0011275383051664064,0.0010818423106996762
16,0.8028028028028028,0.15520896508924228,0.0010854545962206564,0.001041461836586185
16,0.8038038038038038,0.1544061070705612,0.0010446917578519348,0.0010023488822763055
16,0.8048048048048048,0.1536034020646529,0.0010052169391556267,0.0009644719191322538
16,0.8058058058058059,0.15280085007151717,0.0009669978547588282,0.0009277999614625994
16,0.8068068068068068,0.15199845109115437,0.0009300027812102254,0.0008923025630497357
16,0.8078078078078078,0.15119620512356427,0.0008942005532597263,0.0008579498135716989
16,0.8088088088088088,0.150394112168747,0.0008595605600306296,0.0008247123349210163
16,0.8098098098098098,0.14959217222670243,0.0008260527410870039,0.0007925612774231437
16,0.8108108108108109,0.1487903852974306,0.0007936475823990403,0.0007614683159571428
16,0.8118118118118118,0.14798875138093157,0.0007623161122091529,0.0007314056459812649
16,0.8128128128128128,0.14718727047720537,0.0007320298968015467,0.0007023459794660462
16,0.8138138138138138,0.14638594258625184,0.0007027610361781065,0.0006742625407376523
16,0.8148148148148148,0.1455847677080711,0.0006744821596433493,0.000647129062234107
16,0.8158158158158159,0.1447837458426631,0.0006471664213012568,0.0006209197801771033
16,0.8168168168168168,0.14398287699002787,0.000620787495466821,0.0005956094301621172
16,0.8178178178178178,0.14318216115016544,0.0005953195719950705,0.000571173242669478
16,0.8188188188188188,0.14238159832307573,0.0005707373515304667,0.0005475869384991673
16,0.8198198198198198,0.1415811885087588,0.0005470160406794495,0.000524826724132015
16,0.8208208208208209,0.14078093170721465,0.0005241313471089844,0.0005028692870200238
16,0.8218218218218218,0.13998082791844324,0.0005020594745739564,0.00048169179080855684
16,0.8228228228228228,0.1391808771424446,0.0004807771178762073,0.0004612718704930674
16,0.8238238238238238,0.13838107937921873,0.00046026145775810465,0.00044158762751314356
16,0.8248248248248248,0.13758143462876563,0.00044049015573343725,0.00042261762478654826
16,0.8258258258258259,0.1367819428910852,0.0004214413488584819,0.00040434088168598187
16,0.8268268268268268,0.1359826041661776,0.0004030936444460785,0.00038673686896129175
16,0.8278278278278278,0.13518341845404272,0.0003854261147255057,0.00036978550360980455
16,0.8288288288288288,0.13438438575468067,0.00036841829145101515,0.0003534671436975237
16,0.8298298298298298,0.1335855060680914,0.00035205016046180044,0.0003377625831338549
16,0.8308308308308309,0.13278677939427477,0.0003363021561962142,0.0003226530464025581
16,0.8318318318318318,0.13198820573323103,0.00032115515616302863,0.0003081201832516066
16,0.8328328328328328,0.13118978508495993,0.00030659047537249774,0.0002941460633445999
16,0.8338338338338338,0.13039151744946173,0.0002925898607300184,0.0002807131708764121
16,0.8348348348348348,0.12959340282673626,0.0002791354853951215,0.00026780439915569576
16,0.8358358358358359,0.12879544121678338,0.00026620994310854037,0.00025540304515687614
16,0.8368368368368369,0.12799763261960345,0.00025379624249008724,0.00024349280404425519
16,0.8378378378378378,0.1271999770351962,0.00024187780131002405,0.0002320577636708005
16,0.8388388388388388,0.12640247446356181,0.00023043844073664506,0.00022108239905422686
16,0.8398398398398398,0.12560512490470008,0.00021946237956271974,0.00021055156683290948
16,0.8408408408408409,0.12480792835861113,0.00020893422841345417,0.00020045049970417837
16,0.8418418418418419,0.12401088482529493,0.00019883898393860492,0.00019076480084752044
16,0.8428428428428428,0.12321399430475151,0.0001891620229913346,0.0001814804383351712
16,0.8438438438438438,0.12241725679698093,0.00017988909679641593,0.00017258373953259748
16,0.8448448448448448,0.12162067230198303,0.00017100632511032483,0.00016406138549130615
16,0.8458458458458459,0.1208242408197578,0.0001625001903757627,0.0001559004053364155
16,0.8468468468468469,0.12002796235030552,0.0001543575318731184,0.00014808817065139666
16,0.8478478478478478,0.11923183689362593,0.00014656553987133525,0.00014061238986234857
16,0.8488488488488488,0.11843586444971908,0.0001391117497806521,0.0001334611026241752
16,0.8498498498498498,0.11764004501858501,0.00013198403630962607,0.00012662267421097213
16,0.8508508508508509,0.1168443786002236,0.00012517060762883125,0.0001200857899129201
16,0.8518518518518519,0.11604886519463506,0.00011865999954359626,0.00011383944944194975
16,0.8528528528528528,0.11525350480181928,0.00011244106967809641,0.00010787296134839893
16,0.8538538538538538,0.11445829742177627,0.00010650299167310761,0.00010217593745087426
16,0.8548548548548548,0.11366324305450602,0.00010083524939966976,9.673828728147259e-05
16,0.8558558558558559,0.11286834170000844,9.542763119088797e-05,9.155021254849821e-05
16,0.8568568568568569,0.11207359335828372,9.02702240940603e-05,8.660220161877527e-05
16,0.8578578578578578,0.11127899802933176,8.535340814527529e-05,8.188502402160927e-05
16,0.8588588588588588,0.11048455571315258,8.066785066860282e-05,7.738972497643437e-05
16,0.8598598598598598,0.10969026640974605,7.620450060194455e-05,7.310761994612714e-05
16,0.8608608608608609,0.1088961301191123,7.195458285158104e-05,6.903028921793993e-05
16,0.8618618618618619,0.10810214684125141,6.790959267741334e-05,6.514957251396872e-05
16,0.8628628628628628,0.10730831657616328,6.406129011084532e-05,6.145756363302215e-05
16,0.8638638638638638,0.10651463932384782,6.0401694407229004e-05,5.7946605125733285e-05
16,0.8648648648648649,0.10572111508430512,5.692307853473475e-05,5.4609283004700314e-05
16,0.8658658658658659,0.1049277438575352,5.361796370147893e-05,5.143842149141187e-05
16,0.8668668668668669,0.10413452564353813,5.047911392268617e-05,4.842707780166105e-05
16,0.8678678678678678,0.10334146044231382,4.749953062963258e-05,4.5568536971121994e-05
16,0.8688688688688688,0.10254854825386218,4.467244732205881e-05,4.285630672270793e-05
16,0.8698698698698699,0.10175578907818332,4.199132426570335e-05,4.028411237729254e-05
16,0.8708708708708709,0.10096318291527721,3.944984323656032e-05,3.784589180933234e-05
16,0.8718718718718719,0.10017072976514388,3.70419023134134e-05,3.553579044887732e-05
16,0.8728728728728729,0.0993784296277834,3.4761610720161056e-05,3.3348156331421915e-05
16,0.8738738738738738,0.0985862825031956,3.260328371938994e-05,3.127753519699255e-05
16,0.8748748748748749,0.09779428839138045,3.0561437558611774e-05,2.931866563982837e-05
16,0.8758758758758759,0.09700244729233817,2.863078447052995e-05,2.7466474309964088e-05
16,0.8768768768768769,0.09621075920606875,2.680622772864877e-05,2.571607116797344e-05
16,0.8778778778778779,0.095419224132572,2.5082856759497184e-05,2.406274479409173e-05
16,0.8788788788788788,0.09462784207184802,2.3455942312681272e-05,2.2501957752881195e-05
16,0.8798798798798799,0.0938366130238967,2.1920931689934665e-05,2.1029342014559236e-05
16,0.8808808808808809,0.09304553698871824,2.047344403428557e-05,1.964069443406148e-05
16,0.8818818818818819,0.09225461396631256,1.910926568040534e-05,1.8331972288859828e-05
16,0.8828828828828829,0.09146384395667964,1.7824345567159097e-05,1.7099288876513165e-05
16,0.8838838838838838,0.09067322695981948,1.661479071332203e-05,1.5938909172873782e-05
16,0.8848848848848849,0.08988276297573199,1.5476861757377814e-05,1.4847245551827348e-05
16,0.8858858858858859,0.08909245200441736,1.4406968562264037e-05,1.3820853567394713e-05
16,0.8868868868868869,0.0883022940458755,1.3401665885876123e-05,1.2856427798972801e-05
16,0.8878878878878879,0.0875122891001064,1.245764911809448e-05,1.195079776044673e-05
16,0.8888888888888888,0.08672243716710996,1.1571750085043924e-05,1.1100923873852152e-05
16,0.8898898898898899,0.08593273824688631,1.0740932921245937e-05,1.030389350822011e-05
16,0.8908908908908909,0.0851431923394355,9.962290010272816e-06,9.556917084187373e-06
16,0.8918918918918919,0.08435379944475746,9.233037994460005e-06,8.857324244904675e-06
16,0.8928928928928929,0.0835645595628521,8.550513854185139e-06,8.202560093729287e-06
16,0.8938938938938938,0.08277547269371958,7.912171057168179e-06,7.590181499136632e-06
16,0.8948948948948949,0.08198653883735975,7.31557577819837e-06,7.01785346723884e-06
16,0.8958958958958959,0.08119775799377267,6.758403189643041e-06,6.483345582249539e-06
16,0.8968968968968969,0.08040913016295846,6.238433823041703e-06,5.984528515184789e-06
16,0.8978978978978979,0.07962065534491691,5.7535500020413665e-06,5.519370601044361e-06
16,0.8988988988988988,0.07883233353964823,5.301732346876946e-06,5.0859344846677695e-06
16,0.8998998998998999,0.07804416474715213,4.881056350552671e-06,4.6823738354133516e-06
16,0.9009009009009009,0.07725614896742888,4.48968902683134e-06,4.306930130761732e-06
16,0.9019019019019019,0.07646828620047849,4.125885630088794e-06,3.957929508897495e-06
16,0.9029029029029029,0.07568057644630077,3.787986447044496e-06,3.6337796902783453e-06
16,0.9039039039039038,0.07489301970489581,3.4744136603298407e-06,3.332966968153769e-06
16,0.9049049049049049,0.07410561597626363,3.183668283809612e-06,3.054053267950925e-06
16,0.9059059059059059,0.07331836526040421,2.9143271695253014e-06,2.795673275400685e-06
16,0.9069069069069069,0.07253126755731755,2.6650400860823564e-06,2.5565316332320085e-06
16,0.9079079079079079,0.07174432286700365,2.4345268682590864e-06,2.335400206220343e-06
16,0.9089089089089089,0.07095753118946252,2.2215746375690505e-06,2.1311154143316973e-06
16,0.9099099099099099,0.07017089252469416,2.0250350934652674e-06,1.9425756336623466e-06
16,0.9109109109109109,0.06938440687269856,1.843821874831074e-06,1.7687386648324049e-06
16,0.9119119119119119,0.06859807423347573,1.6769079913593582e-06,1.6086192684501685e-06
16,0.9129129129129129,0.06781189460702566,1.5233233243806746e-06,1.4612867672246135e-06
16,0.9139139139139139,0.06702586799334827,1.3821521966588924e-06,1.3258627142632948e-06
16,0.914914914914915,0.06623999439244363,1.2525310106331191e-06,1.2015186270546262e-06
16,0.9159159159159159,0.06545427380431186,1.1336459545451558e-06,1.087473786595665e-06
16,0.9169169169169169,0.06466870622895285,1.0247307758528792e-06,9.82993101089262e-07
16,0.9179179179179179,0.06388329166636661,9.250646212927987e-07,8.873850335988226e-07
16,0.9189189189189189,0.06309803011655313,8.339699429178413e-07,7.999995930132609e-07
16,0.91991991991992,0.06231292157951223,7.508104694009615e-07,7.202263876407417e-07
16,0.9209209209209209,0.06152796605524428,6.749892418604426e-07,6.474927407165016e-07
16,0.9219219219219219,0.0607431635437491,6.059467134288707e-07,5.812618670775567e-07
16,0.9229229229229229,0.059958514045026584,5.43158911755473e-07,5.210311102261521e-07
16,0.9239239239239239,0.05917401755907693,4.861356635996394e-07,4.6633023897325153e-07
16,0.924924924924925,0.05838967408589995,4.344188806432263e-07,4.1671980282439235e-07
16,0.9259259259259259,0.05760548362549573,3.875809056199192e-07,3.717895452421315e-07
16,0.9269269269269269,0.056821446177864374,3.4522291783171643e-07,3.311568738922544e-07
16,0.9279279279279279,0.056037561743005684,3.06973397095858e-07,2.9446538695529393e-07
16,0.9289289289289289,0.05525383032091986,2.724866451396085e-07,2.613834545600669e-07
16,0.92992992992993,0.05447025191160661,2.4144136343593937e-07,2.316028543725835e-07
16,0.9309309309309309,0.05368682651506621,2.1353928644991348e-07,2.0483746035140917e-07
16,0.9319319319319319,0.05290355413129868,1.8850386924355695e-07,1.8082198365945988e-07
16,0.9329329329329329,0.05212043476030381,1.6607902836647273e-07,1.5931076470253424e-07
16,0.933933933933934,0.05133746840208162,1.4602793493998845e-07,1.4007661524624018e-07
16,0.934934934934935,0.05055465505663238,1.2813185882471277e-07,1.229097095458029e-07
16,0.9359359359359359,0.04977199472395582,1.1218906274464918e-07,1.0761652340721872e-07
16,0.9369369369369369,0.04898948740405202,9.801374522580412e-08,9.401882008364587e-08
16,0.9379379379379379,0.04820713309692098,8.543503119323423e-08,8.195268189752148e-08
16,0.938938938938939,0.04742493180256261,7.429600905800353e-08,7.126758646694776e-08
16,0.93993993993994,0.046642883520977105,6.445281311439388e-08,6.182552640423557e-08
16,0.9409409409409409,0.045860988252164364,5.577375005798469e-08,5.350017134518245e-08
16,0.9419419419419419,0.04507924599612438,4.813846842697918e-08,4.6176071159777534e-08
16,0.9429429429429429,0.04429765675285717,4.1437169762258045e-08,3.9747899188430146e-08
16,0.943943943943944,0.04351622052236263,3.5569860276253306e-08,3.4119734342668626e-08
16,0.944944944944945,0.042734937304640945,3.0445641816754797e-08,2.9204380905456535e-08
16,0.9459459459459459,0.04195380709969203,2.598204090922049e-08,2.4922724863854246e-08
16,0.9469469469469469,0.041172829907515876,2.2104374660099063e-08,2.1203125605752192e-08
16,0.9479479479479479,0.04039200572811249,1.874515230401079e-08,1.798084181274426e-08
16,0.948948948948949,0.03961133456148168,1.584351117945025e-08,1.519749038297045e-08
16,0.94994994994995,0.03883081640762382,1.3344685920914973e-08,1.2800537220884027e-08
16,0.950950950950951,0.03805045126653873,1.1199509660035459e-08,1.0742818735396176e-08
16,0.9519519519519519,0.03727023913822631,9.363946034396588e-09,8.982092893733581e-09
16,0.9529529529529529,0.036490180022686745,7.79865081024978e-09,7.480618685563745e-09
16,0.953953953953954,0.03571027391991985,6.468561934248102e-09,6.2047628605279285e-09
16,0.954954954954955,0.034930520829925725,5.34251683965324e-09,5.124632812233514e-09
16,0.955955955955956,0.034150920752704456,4.392895844155096e-09,4.2137344929882905e-09
16,0.9569569569569569,0.03337147368825586,3.5952904895028324e-09,3.448654256100031e-09
16,0.9579579579579579,0.03259217963658012,2.9281956875324337e-09,2.808763536379245e-09
16,0.958958958958959,0.031813038597676965,2.3727245528864263e-09,2.275945294567482e-09
16,0.95995995995996,0.03103405057154666,1.912344819719375e-09,1.8343411677325304e-09
16,0.960960960960961,0.03025521555818922,1.5326357579443814e-09,1.470118285202585e-09
16,0.9619619619619619,0.029476533557604444,1.2210645240748222e-09,1.171254728328672e-09
16,0.9629629629629629,0.028698004569792438,9.667809024122226e-10,9.273426322302852e-10
16,0.963963963963964,0.027919628594753196,7.604294141982688e-10,7.294079486670759e-10
16,0.964964964964965,0.02714140563248672,5.939777953436691e-10,5.697459112485914e-10
16,0.965965965965966,0.026363335682993008,4.605608674300086e-10,4.417712673070292e-10
16,0.9669669669669669,0.02558541874627206,3.5433885181079967e-10,3.3988236487448466e-10
16,0.9679679679679679,0.02480765482232388,2.7036920276557206e-10,2.5933820827911396e-10
16,0.968968968968969,0.02403004391114837,2.0449106273975232e-10,1.9614762185958648e-10
16,0.96996996996997,0.023252586012745716,1.5322147067892658e-10,1.4696968814206327e-10
16,0.970970970970971,0.022475281127115828,1.1366248328406998e-10,1.090246544761219e-10
16,0.9719719719719719,0.021698129254258708,8.341839861604246e-11,8.001453052954019e-11
16,0.9729729729729729,0.020921130394174352,6.052230180024678e-11,5.80526281363422e-11
16,0.973973973973974,0.020144284546862665,4.337118356130189e-11,4.160132471613175e-11
16,0.974974974974975,0.01936759171232384,3.0668913883437594e-11,2.941736176884185e-11
16,0.975975975975976,0.018591051890557778,2.137638517285552e-11,2.050402072836235e-11
16,0.9769769769769769,0.017814665081564478,1.4668171817572018e-11,1.4069549658208866e-11
16,0.9779779779779779,0.017038431285343946,9.895085918284811e-12,9.491245815758062e-12
16,0.978978978978979,0.016262350501895992,6.5520421172871786e-12,6.284630918696992e-12
16,0.97997997997998,0.01548642273122099,4.250677793806916e-12,4.0771879342112465e-12
16,0.980980980980981,0.014710647973318752,2.696208332051424e-12,2.586160290478814e-12
16,0.9819819819819819,0.013935026228189188,1.6680306072657756e-12,1.5999464897144367e-12
16,0.9829829829829829,0.01315955749583248,1.0036211756386064e-12,9.626550867763097e-13
16,0.983983983983984,0.012384241776248445,5.853087921578681e-13,5.614167876827182e-13
16,0.984984984984985,0.011609079069437173,3.295337083620651e-13,3.160819145514067e-13
16,0.985985985985986,0.01083406937539876,1.7823860681991306e-13,1.709625695397539e-13
16,0.986986986986987,0.01005921269413302,9.206789404823924e-14,8.830939806426899e-14
16,0.9879879879879879,0.009284509025640044,4.5083276782725636e-14,4.324278423054224e-14
16,0.988988988988989,0.008509958369919832,2.0733961698792134e-14,1.9887487831133556e-14
16,0.98998998998999,0.007735560726972387,8.849314684573125e-15,8.488026682188747e-15
16,0.990990990990991,0.006961316096797799,3.4502565495328886e-15,3.3093899951127644e-15
16,0.991991991991992,0.006187224479395883,1.2029165690895493e-15,1.1538026515318646e-15
16,0.992992992992993,0.005413285874766638,3.6396738027069644e-16,3.491065161049449e-16
16,0.993993993993994,0.004639500282910252,9.147312094060894e-17,8.77381468318024e-17
16,0.994994994994995,0.003865867703826725,1.784070815796321e-17,1.7112226452390328e-17
16,0.995995995995996,0.0030923881375158687,2.409735899901439e-18,2.311337409449266e-18
16,0.996996996996997,0.0023190615839777775,1.8208156057882356e-19,1.7464628023721176e-19
16,0.997997997997998,0.0015458880432123573,4.766366796927554e-21,4.571727198520707e-21
16,0.998998998998999,0.0007728675152197962,9.368239921936876e-24,8.985667140911463e-24
16,1.0,0.0,0.0,0.0
24,0.0,0.8501447837311761,0.8458199542775467,0.8199011812495778
24,0.001001001001001001,0.8492172749977959,0.845762123743355,0.8198277784279675
24,0.002002002002002002,0.8482899195969886,0.845704254317276,0.8197543301647979
24,0.003003003003003003,0.8473627175287541,0.8456463459705279,0.8196808364278951
24,0.004004004004004004,0.8464356687930926,0.845588398674315,0.8196072971850719
24,0.005005005005005005,0.845508773390004,0.8455304123998167,0.8195337124041163
24,0.006006006006006006,0.8445820313194881,0.8454723871181946,0.8194600820527994
24,0.007007007007007007,0.8436554425815452,0.8454143228005905,0.8193864060988733
24,0.008008008008008008,0.8427290071761752,0.845356219418126,0.8193126845100682
24,0.009009009009009009,0.8418027251033781,0.8452980769419088,0.8192389172541023
24,0.01001001001001001,0.8408765963631538,0.8452398953430212,0.8191651042986681
24,0.011011011011011011,0.8399506209555025,0.8451816745925282,0.8190912456114412
24,0.012012012012012012,0.839024798880424,0.8451234146614749,0.8190173411600781
24,0.013013013013013013,0.8380991301379184,0.8450651155208858,0.8189433909122138
24,0.014014014014014014,0.8371736147279858,0.845006777141772,0.8188693948354713
24,0.015015015015015015,0.8362482526506259,0.8449483994951184,0.8187953528974472
24,0.016016016016016016,0.8353230439058389,0.8448899825518932,0.8187212650657217
24,0.017017017017017015,0.834397988493625,0.8448315262830443,0.8186471313078555
24,0.018018018018018018,0.8334730864139838,0.8447730306594988,0.8185729515913883
24,0.01901901901901902,0.8325483376669155,0.8447144956521703,0.8184987258838471
24,0.02002002002002002,0.8316237422524201,0.8446559212319459,0.8184244541527326
24,0.02102102102102102,0.8306993001704975,0.8445973073696961,0.8183501363655276
24,0.022022022022022022,0.829775011421148,0.8445386540362697,0.8182757724896974
24,0.023023023023023025,0.8288508760043711,0.8444799612024952,0.8182013624926835
24,0.024024024024024024,0.8279268939201673,0.8444212288391855,0.8181269063419139
24,0.025025025025025023,0.8270030651685364,0.8443624569171264,0.8180524040047904
24,0.026026026026026026,0.8260793897494783,0.8443036454070852,0.8179778554486955
24,0.02702702702702703,0.8251558676629931,0.8442447942798059,0.8179032606409903
24,0.028028028028028028,0.8242324989090808,0.8441859035060074,0.8178286195490099
24,0.029029029029029027,0.8233092834877414,0.8441269730563914,0.8177539321400733
24,0.03003003003003003,0.8223862213989748,0.8440680029016264,0.8176791983814679
24,0.031031031031031032,0.8214633126427812,0.8440089930123561,0.8176044182404549
24,0.03203203203203203,0.8205405572191604,0.8439499433591925,0.8175295916842675
24,0.03303303303303303,0.8196179551281124,0.8438908539127139,0.8174547186801033
24,0.03403403403403403,0.8186955063696374,0.8438317246434672,0.8173797991951318
24,0.035035035035035036,0.8177732109437353,0.843772555521952,0.8173048331964755
24,0.036036036036036036,0.816851068850406,0.8437133465186233,0.8172298206512137
24,0.037037037037037035,0.8159290800896497,0.8436540976038828,0.8171547615263748
24,0.03803803803803804,0.8150072446614662,0.843594808748069,0.8170796557889266
24,0.03903903903903904,0.8140855625658557,0.8435354799214575,0.817004503405775
24,0.04004004004004004,0.813164033802818,0.8434761110942353,0.8169293043437413
24,0.04104104104104104,0.8122426583723532,0.8434167022364982,0.8168540585695603
24,0.04204204204204204,0.8113214362744612,0.8433572533182329,0.8167787660498599
24,0.043043043043043044,0.8104003675091421,0.8432977643092968,0.8167034267511448
24,0.044044044044044044,0.809479452076396,0.843238235179407,0.8166280406397853
24,0.04504504504504504,0.8085586899762227,0.8431786658981026,0.8165526076819809
24,0.04604604604604605,0.8076380812086223,0.8431190564347268,0.8164771278437417
24,0.04704704704704705,0.8067176257735948,0.8430594067583901,0.8164016010908567
24,0.04804804804804805,0.8057973236711403,0.8429997168379443,0.8163260273888657
24,0.04904904904904905,0.8048771749012585,0.8429399866419273,0.8162504067030073
24,0.050050050050050046,0.8039571794639496,0.8428802161385243,0.8161747389981837
24,0.05105105105105105,0.8030373373592137,0.8428204052955146,0.8160990242389062
24,0.05205205205205205,0.8021176485870506,0.842760554080208,0.8160232623892373
24,0.05305305305305305,0.8011981131474604,0.8427006624593862,0.8159474534127332
24,0.05405405405405406,0.8002787310404431,0.8426407303992144,0.8158715972723602
24,0.055055055055055056,0.7993595022659987,0.8425807578651633,0.8157956939304187
24,0.056056056056056056,0.7984404268241272,0.8425207448219136,0.8157197433484523
24,0.057057057057057055,0.7975215047148285,0.8424606912332469,0.8156437454871444
24,0.058058058058058054,0.7966027359381027,0.8424005970619349,0.815567700306211
24,0.05905905905905906,0.7956841204939498,0.8423404622695995,0.8154916077642652
24,0.06006006006006006,0.7947656583823698,0.8422802868165707,0.8154154678186859
24,0.06106106106106106,0.7938473496033627,0.8422200706617279,0.8153392804254613
24,0.062062062062062065,0.7929291941569285,0.8421598137623197,0.8152630455390184
24,0.06306306306306306,0.7920111920430671,0.8420995160737783,0.8151867631120445
24,0.06406406406406406,0.7910933432617787,0.8420391775494921,0.815110433095271
24,0.06506506506506507,0.790175647813063,0.8419787981405797,0.8150340554372549
24,0.06606606606606606,0.7892581056969203,0.8419183777956323,0.8149576300841345
24,0.06706706706706707,0.7883407169133506,0.8418579164604314,0.8148811569793568
24,0.06806806806806806,0.7874234814623536,0.8417974140776506,0.8148046360633944
24,0.06906906906906907,0.7865063993439295,0.841736870586511,0.8147280672734138
24,0.07007007007007007,0.7855894705580785,0.8416762859224298,0.8146514505429396
24,0.07107107107107107,0.7846726951048002,0.841615660016623,0.8145747858014746
24,0.07207207207207207,0.7837560729840949,0.8415549927956825,0.8144980729740944
24,0.07307307307307308,0.7828396041959623,0.8414942841811209,0.8144213119810125
24,0.07407407407407407,0.7819232887404026,0.8414335340888671,0.8143445027370954
24,0.07507507507507508,0.7810071266174159,0.8413727424287356,0.8142676451513569
24,0.07607607607607608,0.7800911178270021,0.841311909103848,0.8141907391264036
24,0.07707707707707707,0.7791752623691611,0.8412510340100212,0.814113784557849
24,0.07807807807807808,0.7782595602438931,0.8411901170350893,0.8140367813336633
24,0.07907907907907907,0.7773440114511979,0.8411291580581954,0.8139597293334984
24,0.08008008008008008,0.7764286159910756,0.841068156949027,0.8138826284279528
24,0.08108108108108109,0.7755133738635261,0.8410071135669931,0.813805478477785
24,0.08208208208208208,0.7745982850685496,0.8409460277603567,0.813728279333085
24,0.08308308308308308,0.7736833496061459,0.8408848993652894,0.8136510308323663
24,0.08408408408408408,0.7727685674763152,0.840823728204882,0.81357373280162
24,0.08508508508508508,0.7718539386790573,0.8407625140880803,0.8134963850532975
24,0.08608608608608609,0.7709394632143723,0.8407012568085552,0.8134189873852261
24,0.08708708708708708,0.7700251410822603,0.8406399561435097,0.8133415395794693
24,0.08808808808808809,0.769110972282721,0.8405786118523924,0.8132640414010948
24,0.0890890890890891,0.7681969568157546,0.8405172236755535,0.8131864925968871
24,0.09009009009009009,0.7672830946813611,0.8404557913328106,0.8131088928939766
24,0.09109109109109109,0.7663693858795406,0.8403943145219328,0.8130312419983853
24,0.0920920920920921,0.7654558304102929,0.8403327929170428,0.8129535395935011
24,0.09309309309309309,0.7645424282736181,0.8402712261669131,0.8128757853384437
24,0.0940940940940941,0.7636291794695163,0.8402096138931864,0.812797978866363
24,0.09509509509509509,0.7627160839979871,0.8401479556884877,0.8127201197826311
24,0.0960960960960961,0.761803141859031,0.8400862511144378,0.8126422076629416
24,0.0970970970970971,0.7608903530526477,0.8400244996995698,0.8125642420513146
24,0.0980980980980981,0.7599777175788374,0.8399627009371184,0.8124862224579807
24,0.0990990990990991,0.7590652354375999,0.8399008542827192,0.8124081483571788
24,0.10010010010010009,0.7581529066289353,0.8398389591519775,0.8123300191848297
24,0.1011011011011011,0.7572407311528435,0.8397770149179251,0.8122518343361007
24,0.1021021021021021,0.7563287090093247,0.839715020908359,0.8121735931628585
24,0.1031031031031031,0.7554168401983787,0.8396529764030333,0.8120952949709818
24,0.1041041041041041,0.7545051247200056,0.8395908806307456,0.8120169390175727
24,0.10510510510510511,0.7535935625742055,0.839528732766274,0.8119385245080243
24,0.1061061061061061,0.7526821537609781,0.83946653192718,0.8118600505929603
24,0.10710710710710711,0.7517708982803238,0.8394042771704802,0.8117815163650498
24,0.10810810810810811,0.7508597961322423,0.8393419674891474,0.8117029208556584
24,0.1091091091091091,0.7499488473167336,0.8392796018084906,0.811624263031383
24,0.11011011011011011,0.7490380518337978,0.8392171789823673,0.8115455417904266
24,0.1111111111111111,0.7481274096834349,0.8391546977892403,0.8114667559588243
24,0.11211211211211211,0.747216920865645,0.8390921569280884,0.8113879042865284
24,0.11311311311311312,0.7463065853804278,0.8390295550141269,0.8113089854433138
24,0.11411411411411411,0.7453964032277837,0.8389668905743879,0.8112299980145458
24,0.11511511511511512,0.7444863744077123,0.8389041620431168,0.8111509404967767
24,0.11611611611611611,0.7435764989202138,0.8388413677569954,0.8110718112931706
24,0.11711711711711711,0.7426667767652883,0.8387785059501982,0.8109926087087754
24,0.11811811811811812,0.7417572079429355,0.8387155747492485,0.8109133309455947
24,0.11911911911911911,0.7408477924531558,0.8386525721677088,0.8108339760975113
24,0.12012012012012012,0.7399385302959489,0.8385894961006787,0.8107545421450171
24,0.12112112112112113,0.7390294214713148,0.8385263443190959,0.8106750269497613
24,0.12212212212212212,0.7381204659792537,0.8384631144638628,0.8105954282489267
24,0.12312312312312312,0.7372116638197654,0.8383998040397495,0.8105157436493968
24,0.12412412412412413,0.73630301499285,0.8383364104091228,0.8104359706217521
24,0.12512512512512514,0.7353945194985075,0.8382729307854618,0.8103561064940655
24,0.12612612612612611,0.734486177336738,0.838209362226671,0.810276148445501
24,0.12712712712712712,0.7335779885075413,0.8381457016281979,0.8101960934997283
24,0.12812812812812813,0.7326699530109174,0.8380819457159171,0.8101159385181117
24,0.12912912912912913,0.7317620708468665,0.8380180910388292,0.8100356801927233
24,0.13013013013013014,0.7308543420153883,0.837954133961535,0.8099553150391392
24,0.13113113113113112,0.7299467665164832,0.8378900706564918,0.8098748393890306
24,0.13213213213213212,0.7290393443501509,0.837825897096071,0.8097942493825615
24,0.13313313313313313,0.7281320755163915,0.837761609044367,0.8097135409605491
24,0.13413413413413414,0.727224960015205,0.8376972020488154,0.8096327098564432
24,0.13513513513513514,0.7263179978465913,0.8376326714315747,0.8095517515880787
24,0.13613613613613612,0.7254111890105506,0.8375680122806898,0.8094706614492179
24,0.13713713713713713,0.7245045335070828,0.837503219441042,0.8093894345008918
24,0.13813813813813813,0.7235980313361877,0.8374382875050511,0.8093080655624998
24,0.13913913913913914,0.7226916824978656,0.8373732108031795,0.809226549202724
24,0.14014014014014015,0.7217854869921164,0.8373079833941971,0.8091448797302119
24,0.14114114114114115,0.7208794448189401,0.8372425990552242,0.8090630511840495
24,0.14214214214214213,0.7199735559783366,0.837177051271559,0.8089810573240249
24,0.14314314314314314,0.719067820470306,0.8371113332262601,0.8088988916206603
24,0.14414414414414414,0.7181622382948484,0.8370454377895243,0.8088165472450469
24,0.14514514514514515,0.7172568094519636,0.8369793575078331,0.808734017058459
24,0.14614614614614616,0.7163515339416516,0.8369130845928754,0.8086512936017546
24,0.14714714714714713,0.7154464117639127,0.8368466109102594,0.8085683690845721
24,0.14814814814814814,0.7145414429187465,0.8367799279679854,0.8084852353743014
24,0.14914914914914915,0.7136366274061533,0.8367130269047164,0.8084018839848592
24,0.15015015015015015,0.7127319652261329,0.8366458984778276,0.8083183060652546
24,0.15115115115115116,0.7118274563786854,0.8365785330512372,0.808234492387943
24,0.15215215215215216,0.7109231008638108,0.836510920583037,0.8081504333369933
24,0.15315315315315314,0.7100188986815091,0.8364430506128924,0.8080661188960283
24,0.15415415415415415,0.7091148498317803,0.8363749122492568,0.8079815386359922
24,0.15515515515515516,0.7082109543146242,0.8363064941563697,0.8078966817027105
24,0.15615615615615616,0.7073072121300412,0.8362377845410565,0.8078115368042585
24,0.15715715715715717,0.7064036232780311,0.8361687711393397,0.8077260921981524
24,0.15815815815815815,0.7055001877585938,0.8360994412028387,0.807640335678334
24,0.15915915915915915,0.7045969055717294,0.8360297814849996,0.8075542545619978
24,0.16016016016016016,0.7036937767174378,0.8359597782271276,0.807467835676226
24,0.16116116116116116,0.7027908011957192,0.8358894171442435,0.8073810653444561
24,0.16216216216216217,0.7018879790065734,0.8358186834107719,0.8072939293727898
24,0.16316316316316315,0.7009853101500007,0.8357475616460398,0.8072064130361154
24,0.16416416416416416,0.7000827946260006,0.8356760358996315,0.8071185010640998
24,0.16516516516516516,0.6991804324345735,0.8356040896365703,0.8070301776270102
24,0.16616616616616617,0.6982782235757193,0.8355317057223519,0.8069414263213947
24,0.16716716716716717,0.6973761680494379,0.8354588664078377,0.8068522301556302
24,0.16816816816816815,0.6964742658557295,0.835385553313986,0.8067625715353157
24,0.16916916916916916,0.6955725169945939,0.8353117474164742,0.8066724322485604
24,0.17017017017017017,0.6946709214660313,0.8352374290301764,0.8065817934511335
24,0.17117117117117117,0.6937694792700415,0.8351625777935267,0.8064906356515066
24,0.17217217217217218,0.6928681904066246,0.8350871726527797,0.8063989386957964
24,0.17317317317317318,0.6919670548757806,0.8350111918461419,0.8063066817525844
24,0.17417417417417416,0.6910660726775094,0.8349346128878308,0.8062138432976683
24,0.17517517517517517,0.6901652438118112,0.8348574125520349,0.8061204010987196
24,0.17617617617617617,0.6892645682786859,0.8347795668567894,0.8060263321998568
24,0.17717717717717718,0.6883640460781334,0.8347010510477958,0.805931612906172
24,0.1781781781781782,0.6874636772101538,0.8346218395821566,0.8058362187681697
24,0.17917917917917917,0.686563461674747,0.834541906112075,0.8057401245661775
24,0.18018018018018017,0.6856633994719132,0.8344612234685079,0.8056433042947088
24,0.18118118118118118,0.6847634906016522,0.834379763644773,0.8055457311467857
24,0.18218218218218218,0.6838637350639643,0.8342974977801542,0.805447377498257
24,0.1831831831831832,0.682964132858849,0.8342143961434647,0.8053482148920768
24,0.1841841841841842,0.6820646839863067,0.8341304281166273,0.8052482140226034
24,0.18518518518518517,0.6811653884463374,0.8340455621782639,0.8051473447199027
24,0.18618618618618618,0.6802662462389408,0.8339597658872729,0.8050455759340425
24,0.1871871871871872,0.6793672573641173,0.8338730058664824,0.8049428757194611
24,0.1881881881881882,0.6784684218218665,0.833785247786297,0.8048392112193271
24,0.1891891891891892,0.6775697396121886,0.8336964563484239,0.8047345486499775
24,0.19019019019019018,0.6766712107350836,0.8336065952696619,0.8046288532854171
24,0.19119119119119118,0.6757728351905515,0.833515627265736,0.8045220894418598
24,0.1921921921921922,0.6748746129785923,0.8334235140352666,0.8044142204624002
24,0.1931931931931932,0.673976544099206,0.8333302162437879,0.8043052087017343
24,0.1941941941941942,0.6730786285523926,0.8332356935079092,0.8041950155110128
24,0.19519519519519518,0.672180866338152,0.8331399043795957,0.804083601222816
24,0.1961961961961962,0.6712832574564843,0.8330428063305595,0.8039709251362276
24,0.1971971971971972,0.6703858019073895,0.8329443557368436,0.8038569455020995
24,0.1981981981981982,0.6694884996908677,0.8328445078635223,0.8037416195084239
24,0.1991991991991992,0.6685913508069187,0.8327432168496022,0.8036249032659011
24,0.20020020020020018,0.6676943552555425,0.832640435693114,0.8035067517936878
24,0.2012012012012012,0.6667975130367393,0.8325361162363699,0.8033871190053076
24,0.2022022022022022,0.6659008241505089,0.83243020915149,0.8032659576948152
24,0.2032032032032032,0.6650042885968515,0.8323226639261013,0.8031432195231304
24,0.2042042042042042,0.6641079063757669,0.8322134288493088,0.8030188550046305
24,0.20520520520520522,0.6632116774872552,0.8321024509979215,0.8028928134939868
24,0.2062062062062062,0.6623156019313163,0.8319896762229215,0.8027650431732369
24,0.2072072072072072,0.6614196797079505,0.8318750491362428,0.8026354910391506
24,0.2082082082082082,0.6605239108171573,0.8317585130978244,0.8025041028908622
24,0.2092092092092092,0.6596282952589372,0.8316400102029826,0.802370823317804
24,0.21021021021021022,0.65873283303329,0.8315194812701087,0.8022355956879588
24,0.2112112112112112,0.6578375241402155,0.8313968658286838,0.8020983621364086
24,0.2122122122122122,0.656942368579714,0.831272102107668,0.801959063554248
24,0.2132132132132132,0.6560473663517853,0.831145127024234,0.8018176395778248
24,0.21421421421421422,0.6551525174564297,0.831015876172888,0.8016740285783519
24,0.21521521521521522,0.6542578218936468,0.8308842838149845,0.8015281676518992
24,0.21621621621621623,0.6533632796634368,0.830750282868629,0.8013799926097528
24,0.2172172172172172,0.6524688907657997,0.8306138048990174,0.8012294379691965
24,0.2182182182182182,0.6515746552007355,0.8304747801091992,0.8010764369446994
24,0.21921921921921922,0.6506805729682442,0.8303331373312829,0.8009209214395229
24,0.22022022022022023,0.6497866440683258,0.8301888040181136,0.8007628220377854
24,0.22122122122122123,0.6488928685009802,0.8300417062353996,0.8006020679969542
24,0.2222222222222222,0.6479992462662075,0.8298917686543469,0.8004385872408247
24,0.22322322322322322,0.6471057773640078,0.8297389145447815,0.8002723063529676
24,0.22422422422422422,0.6462124617943809,0.829583065768781,0.8001031505706621
24,0.22522522522522523,0.6453192995573268,0.829424142774844,0.7999310437793471
24,0.22622622622622623,0.6444262906528457,0.8292620645925749,0.7997559085075631
24,0.2272272272272272,0.6435334350809375,0.8290967488279365,0.799577665922442
24,0.22822822822822822,0.6426407328416022,0.828928111659062,0.799396235825727
24,0.22922922922922923,0.6417481839348397,0.8287560678326307,0.7992115366503387
24,0.23023023023023023,0.6408557883606502,0.82858053066085,0.799023485457518
24,0.23123123123123124,0.6399635461190334,0.82840141201901,0.7988319979345174
24,0.23223223223223222,0.6390714572099896,0.8282186223436702,0.7986369883929019
24,0.23323323323323322,0.6381795216335187,0.8280320706314617,0.7984383697674323
24,0.23423423423423423,0.6372877393896206,0.8278416644385124,0.7982360536155532
24,0.23523523523523523,0.6363961104782955,0.8276473098805386,0.7980299501175119
24,0.23623623623623624,0.6355046348995431,0.8274489116335608,0.7978199680770826
24,0.23723723723723725,0.6346133126533637,0.8272463729353129,0.7976060149229457
24,0.23823823823823823,0.6337221437397572,0.8270395955873105,0.7973879967107079
24,0.23923923923923923,0.6328311281587237,0.8268284799576119,0.7971658181255781
24,0.24024024024024024,0.631940265910263,0.8266129249842774,0.7969393824857159
24,0.24124124124124124,0.631049556994375,0.826392828179518,0.7967085917462398
24,0.24224224224224225,0.6301590014110601,0.8261680856345773,0.7964733465039356
24,0.24324324324324323,0.629268599160318,0.8259385920253249,0.7962335460026506
24,0.24424424424424424,0.6283783502421488,0.8257042406185852,0.795989088139385
24,0.24524524524524524,0.6274882546565526,0.8254649232792095,0.7957398694711021
24,0.24624624624624625,0.626598312403529,0.8252205304778808,0.7954857852222367
24,0.24724724724724725,0.6257085234830785,0.8249709512996919,0.7952267292929429
24,0.24824824824824826,0.6248188878952009,0.824716073453476,0.794962594268065
24,0.24924924924924924,0.6239294056398961,0.8244557832819052,0.7946932714268419
24,0.2502502502502503,0.6230400767171642,0.824189965772378,0.7944186507533687
24,0.25125125125125125,0.6221509011270052,0.8239185045686613,0.7941386209477778
24,0.25225225225225223,0.6212618788694191,0.82364128198335,0.793853069438205
24,0.25325325325325326,0.6203730099444058,0.8233581790110995,0.7935618823934967
24,0.25425425425425424,0.6194842943519655,0.8230690753426586,0.7932649447366796
24,0.2552552552552553,0.6185957320920981,0.8227738493797225,0.7929621401592185
24,0.25625625625625625,0.6177073231648035,0.822472378250555,0.7926533511360107
24,0.25725725725725723,0.6168190675700818,0.8221645378264585,0.7923384589411896
24,0.25825825825825827,0.6159309653079329,0.8218502027390375,0.7920173436646899
24,0.25925925925925924,0.615043016378357,0.8215292463982743,0.7916898842295899
24,0.2602602602602603,0.614155220781354,0.8212015410114467,0.7913559584102606
24,0.26126126126126126,0.6132675785169238,0.8208669576028298,0.7910154428512616
24,0.26226226226226224,0.6123800895850666,0.8205253660342531,0.7906682130870623
24,0.26326326326326327,0.6114927539857822,0.8201766350264631,0.7903141435625279
24,0.26426426426426425,0.6106055717190707,0.819820632181307,0.7899531076541956
24,0.2652652652652653,0.6097185427849321,0.819457224004763,0.7895849776923567
24,0.26626626626626626,0.6088316671833662,0.8190862759307551,0.7892096249838958
24,0.26726726726726724,0.6079449449143735,0.8187076523458278,0.7888269198359477
24,0.2682682682682683,0.6070583759779535,0.8183212166146234,0.7884367315803238
24,0.26926926926926925,0.6061719603741064,0.8179268311061759,0.7880389285987216
24,0.2702702702702703,0.6052856981028323,0.8175243572210448,0.7876333783487368
24,0.27127127127127126,0.604399589164131,0.8171136554192265,0.7872199473906202
24,0.27227227227227224,0.6035136335580025,0.8166945852489157,0.7867985014148461
24,0.2732732732732733,0.6026278312844469,0.8162670053760508,0.7863689052704341
24,0.27427427427427425,0.6017421823434644,0.8158307736146659,0.7859310229940415
24,0.2752752752752753,0.6008566867350545,0.815385746958063,0.7854847178398384
24,0.27627627627627627,0.5999713444592176,0.8149317816107393,0.7850298523101091
24,0.2772772772772773,0.5990861555159537,0.814468733021142,0.7845662881866422
24,0.2782782782782783,0.5982011199052625,0.8139964559151885,0.784093886562856
24,0.27927927927927926,0.5973162376271444,0.8135148043305492,0.7836125078766494
24,0.2802802802802803,0.5964315086815989,0.8130236316517396,0.7831220119440325
24,0.28128128128128127,0.5955469330686266,0.8125227906459225,0.7826222579934321
24,0.2822822822822823,0.594662510788227,0.8120121334995055,0.7821131047007596
24,0.2832832832832833,0.5937782418404003,0.8114915118554679,0.7815944102251777
24,0.28428428428428426,0.5928941262251465,0.8109607768514073,0.7810660322455547
24,0.2852852852852853,0.5920101639424655,0.8104197791583573,0.7805278279976555
24,0.2862862862862863,0.5911263549923574,0.8098683690202654,0.779979654311967
24,0.2872872872872873,0.5902426993748223,0.809306396294224,0.7794213676522403
24,0.2882882882882883,0.5893591970898601,0.8087337104913777,0.7788528241546823
24,0.28928928928928926,0.5884758481374707,0.808150160818499,0.7782738796677859
24,0.2902902902902903,0.5875926525176541,0.807555596220282,0.7776843897928473
24,0.2912912912912913,0.5867096102304106,0.8069498654222396,0.7770842099250582
24,0.2922922922922923,0.5858267212757399,0.8063328169742914,0.7764731952952626
24,0.2932932932932933,0.584943985653642,0.8057042992949711,0.7758512010123028
24,0.29429429429429427,0.584061403364117,0.8050641607162368,0.7752180821059423
24,0.2952952952952953,0.583178974407165,0.8044122495289314,0.7745736935704123
24,0.2962962962962963,0.5822966987827859,0.8037484140287816,0.77391789040847
24,0.2972972972972973,0.5814145764909794,0.8030725025630152,0.7732505276760508
24,0.2982982982982983,0.5805326075317461,0.802384363577525,0.7725714605274425
24,0.29929929929929927,0.5796507919050855,0.8016838456645625,0.7718805442609641
24,0.3003003003003003,0.5787691296109979,0.8009707976110039,0.771177634365193
24,0.3013013013013013,0.5778876206494832,0.8002450684470731,0.7704625865656306
24,0.3023023023023023,0.5770062650205413,0.7995065074956074,0.769735256871882
24,0.3033033033033033,0.5761250627241722,0.798754964421781,0.7689955016252795
24,0.30430430430430433,0.5752440137603761,0.7979902892832779,0.7682431775469274
24,0.3053053053053053,0.5743631181291529,0.7972123325809403,0.7674781417862094
24,0.3063063063063063,0.5734823758305027,0.7964209453098047,0.7667002519696619
24,0.3073073073073073,0.5726017868644251,0.7956159790105645,0.7659093662502514
24,0.3083083083083083,0.5717213512309206,0.7947972858214162,0.7651053433570274
24,0.30930930930930933,0.5708410689299888,0.7939647185302515,0.7642880426450965
24,0.3103103103103103,0.5699609399616301,0.7931181306272322,0.763457324145966
24,0.3113113113113113,0.5690809643258442,0.7922573763576521,0.7626130486181616
24,0.3123123123123123,0.5682011420226311,0.7913823107751256,0.761755077598155
24,0.3133133133133133,0.567321473051991,0.7904927897950602,0.7608832734515641
24,0.31431431431431434,0.5664419574139237,0.7895886702483704,0.759997499424582
24,0.3153153153153153,0.5655625951084293,0.7886698099354683,0.7590976196956687
24,0.3163163163163163,0.5646833861355078,0.7877360676804374,0.7581834994274216
24,0.3173173173173173,0.5638043304951592,0.7867873033854236,0.7572550048186473
24,0.3183183183183183,0.5629254281873836,0.7858233780852029,0.7563120031566039
24,0.31931931931931934,0.5620466792121807,0.7848441540018756,0.7553543628693656
24,0.3203203203203203,0.5611680835695506,0.783849494599732,0.7543819535783451
24,0.3213213213213213,0.5602896412594937,0.7828392646401822,0.7533946461508814
24,0.32232232232232233,0.5594113522820094,0.7818133302367936,0.752392312752925
24,0.3233233233233233,0.5585332166370982,0.7807715589103853,0.7513748269017807
24,0.32432432432432434,0.5576552343247597,0.779713819644137,0.75034206351886
24,0.3253253253253253,0.5567774053449943,0.7786399829387486,0.749293898982482
24,0.3263263263263263,0.5558997296978017,0.7775499208675477,0.7482302111806226
24,0.32732732732732733,0.5550222073831819,0.7764435071315842,0.7471508795636508
24,0.3283283283283283,0.5541448384011349,0.7753206171146626,0.7460557851970038
24,0.32932932932932935,0.553267622751661,0.7741811279382684,0.7449448108137589
24,0.3303303303303303,0.5523905604347599,0.773024918516421,0.7438178408671353
24,0.3313313313313313,0.5515136514504317,0.7718518696103563,0.7426747615828299
24,0.33233233233233234,0.5506368957986764,0.7706618638830703,0.7415154610112189
24,0.3333333333333333,0.549760293479494,0.7694547859536788,0.7403398290793839
24,0.33433433433433435,0.5488838444928843,0.768230522451547,0.7391477576429141
24,0.3353353353353353,0.5480075488388476,0.766988962070222,0.7379391405375187
24,0.3363363363363363,0.5471314065173839,0.7657299956210697,0.7367138736303576
24,0.33733733733733734,0.5462554175284929,0.7644535160866484,0.7354718548711148
24,0.3383383383383383,0.545379581872175,0.7631594186737738,0.734212984342779
24,0.33933933933933935,0.5445038995484298,0.7618476008662292,0.7329371643120788
24,0.34034034034034033,0.5436283705572575,0.7605179624771521,0.7316442992796114
24,0.34134134134134136,0.5427529948986581,0.7591704057010032,0.730334296029566
24,0.34234234234234234,0.5418777725726316,0.7578048351651403,0.7290070636790709
24,0.3433433433433433,0.541002703579178,0.7564211579809719,0.727662513727135
24,0.34434434434434436,0.5401277879182973,0.7550192837946148,0.7263005601031128
24,0.34534534534534533,0.5392530255899894,0.753599124837117,0.7249211192147532
24,0.34634634634634637,0.5383784165942544,0.7521605959741321,0.723524109995721
24,0.34734734734734735,0.5375039609310924,0.7507036147550767,0.7221094539526229
24,0.3483483483483483,0.5366296586005034,0.7492281014617478,0.7206770752115125
24,0.34934934934934936,0.535755509602487,0.7477339791563142,0.7192269005637993
24,0.35035035035035034,0.5348815139370435,0.7462211737287591,0.7177588595116259
24,0.35135135135135137,0.5340076716041731,0.744689613943648,0.7162728843126016
24,0.35235235235235235,0.5331339826038755,0.7431392314862615,0.7147689100239246
24,0.3533533533533533,0.5322604469361507,0.7415699610080659,0.7132468745458698
24,0.35435435435435436,0.5313870646009988,0.7399817401714441,0.7117067186645665
24,0.35535535535535534,0.5305138355984199,0.7383745096937528,0.7101483860941297
24,0.3563563563563564,0.5296407599284138,0.7367482133905945,0.708571823518039
24,0.35735735735735735,0.5287678375909806,0.735102798218334,0.7069769806297935
24,0.35835835835835833,0.5278950685861201,0.7334382143158431,0.7053638101728226
24,0.35935935935935936,0.5270224529138328,0.7317544150453852,0.7037322679795781
24,0.36036036036036034,0.5261499905741183,0.7300513570327225,0.7020823130098743
24,0.3613613613613614,0.5252776815669765,0.728329000206319,0.7004139073883675
24,0.36236236236236236,0.5244055258924076,0.7265873078356865,0.6987270164412073
24,0.36336336336336333,0.5235335235504118,0.724826246568842,0.6970216087318413
24,0.36436436436436437,0.5226616745409889,0.7230457864688083,0.695297656095899
24,0.36536536536536535,0.5217899788641387,0.7212459010492245,0.6935551336752235
24,0.3663663663663664,0.5209184365198614,0.7194265673089529,0.691794019950942
24,0.36736736736736736,0.5200470475081571,0.7175877657657268,0.6900142967756143
24,0.3683683683683684,0.5191758118290255,0.7157294804888097,0.6882159494044361
24,0.36936936936936937,0.518304729482467,0.7138516991306036,0.6863989665254341
24,0.37037037037037035,0.5174338004684813,0.7119544129572573,0.6845633402887009
24,0.3713713713713714,0.5165630247870684,0.710037616878199,0.682709066334602
24,0.37237237237237236,0.5156924024382286,0.7081013094745994,0.6808361438209548
24,0.3733733733733734,0.5148219334219614,0.7061454930267628,0.678944575449182
24,0.3743743743743744,0.5139516177382673,0.7041701735403816,0.6770343674893732
24,0.37537537537537535,0.513081455387146,0.7021753607716997,0.6751055298043042
24,0.3763763763763764,0.5122114463685976,0.7001610682515206,0.6731580758723463
24,0.37737737737737737,0.5113415906826221,0.6981273133080623,0.6711920228092718
24,0.3783783783783784,0.5104718883292194,0.6960741170886628,0.6692073913889564
24,0.3793793793793794,0.5096023393083896,0.69400150458027,0.6672042060629193
24,0.38038038038038036,0.5087329436201329,0.691909504628767,0.6651824949787454
24,0.3813813813813814,0.5078637012644488,0.6897981499570721,0.6631422899973326
24,0.38238238238238237,0.5069946122413378,0.6876674771820126,0.6610836267089665
24,0.3833833833833834,0.5061256765507995,0.6855175268299832,0.6590065444482285
24,0.3843843843843844,0.5052568941928343,0.6833483433513264,0.6569110863076801
24,0.38538538538538536,0.5043882651674418,0.6811599751334839,0.6547972991503699
24,0.3863863863863864,0.5035197894746222,0.6789524745128633,0.6526652336211083
24,0.38738738738738737,0.5026514671143756,0.6767258977854242,0.6505149441565176
24,0.3883883883883884,0.5017832980867017,0.6744803052159927,0.6483464889938615
24,0.3893893893893894,0.5009152823916009,0.6722157610462477,0.6461599301786026
24,0.39039039039039036,0.5000474200290728,0.6699323335014298,0.6439553335707373
24,0.3913913913913914,0.4991797109991177,0.6676300947957187,0.6417327688498542
24,0.3923923923923924,0.4983121553017355,0.665309121136289,0.639492309518925
24,0.3933933933933934,0.4974447529369261,0.662969492726053,0.6372340329068409
24,0.3943943943943944,0.4965775039046896,0.6606112937650378,0.634958020169637
24,0.39539539539539537,0.49571040820502604,0.6582346124504522,0.6326643562904648
24,0.3963963963963964,0.4948434658379353,0.6558395409753903,0.6303531300782559
24,0.3973973973973974,0.49397667680341756,0.6534261755261844,0.6280244341650939
24,0.3983983983983984,0.4931100411014726,0.650994616278419,0.6256783650023032
24,0.3993993993993994,0.4922435587321005,0.6485449673915595,0.6233150228552107
24,0.40040040040040037,0.49137722969530134,0.6460773370022481,0.6209345117966303
24,0.4014014014014014,0.49051105399107503,0.643591837216222,0.6185369396990292
24,0.4024024024024024,0.48964503161942163,0.6410885840988654,0.6161224182253848
24,0.4034034034034034,0.4887791625803411,0.6385676976644159,0.6136910628187523
24,0.4044044044044044,0.4879134468738335,0.6360293018637744,0.6112429926904955
24,0.40540540540540543,0.4870478844998987,0.6334735245709787,0.6087783308072383
24,0.4064064064064064,0.4861824754585369,0.6309004975683047,0.6062972038765002
24,0.4074074074074074,0.4853172197497479,0.6283103565299879,0.6037997423310117
24,0.4084084084084084,0.4844521173735318,0.625703241004623,0.6012860803117641
24,0.4094094094094094,0.48358716832988863,0.6230792943961629,0.598756355649716
24,0.41041041041041043,0.4827223726188183,0.620438663943596,0.5962107098462361
24,0.4114114114114114,0.48185773024032086,0.6177815006992645,0.5936492880522446
24,0.4124124124124124,0.48099324119439635,0.6151079595058226,0.5910722390460499
24,0.4134134134134134,0.4801289054810447,0.6124181989718908,0.5884797152099396
24,0.4144144144144144,0.47926472310026597,0.6097123814463328,0.5858718725054508
24,0.41541541541541543,0.47840069405206,0.6069906729912402,0.5832488704474035
24,0.4164164164164164,0.4775368183364269,0.6042532433535852,0.5806108720766583
24,0.4174174174174174,0.4766730959533668,0.6015002659355452,0.5779580439316037
24,0.4184184184184184,0.47580952690287964,0.5987319177635616,0.5752905560184295
24,0.4194194194194194,0.4749461111849653,0.5959483794560588,0.5726085817801195
24,0.42042042042042044,0.4740828487996237,0.5931498351899114,0.5699122980642438
24,0.4214214214214214,0.47321973974685516,0.590336472665625,0.5672018850895211
24,0.4224224224224224,0.47235678402665954,0.5875084830712379,0.5644775264111552
24,0.42342342342342343,0.47149398163903666,0.5846660610450052,0.5617394088850068
24,0.4244244244244244,0.4706313325839867,0.5818094046367968,0.5589877226305339
24,0.42542542542542544,0.4697688368615097,0.5789387152683022,0.5562226609925891
24,0.4264264264264264,0.4689064944716055,0.5760541976920056,0.5534444205020408
24,0.4274274274274274,0.4680443054142743,0.5731560599489453,0.5506532008352308
24,0.42842842842842843,0.46718226968951587,0.5702445133253188,0.5478492047723265
24,0.4294294294294294,0.46632038729733033,0.5673197723078731,0.5450326381545092
24,0.43043043043043044,0.4654586582377177,0.564382054538167,0.5422037098400861
24,0.4314314314314314,0.46459708251067805,0.5614315807656818,0.539362631659496
24,0.43243243243243246,0.4637356601162111,0.5584685747997893,0.5365096183692251
24,0.43343343343343343,0.4628743910543172,0.555493263460642,0.5336448876046878
24,0.4344344344344344,0.46201327532499603,0.5525058765289386,0.5307686598320346
24,0.43543543543543545,0.46115231292824793,0.549506646694633,0.5278811582989461
24,0.4364364364364364,0.4602915038640725,0.5464958095045853,0.5249826089844172
24,0.43743743743743746,0.4594308481324701,0.5434736033091593,0.5220732405475298
24,0.43843843843843844,0.4585703457334406,0.5404402692078291,0.5191532842752815
24,0.4394394394394394,0.45770999666698403,0.5373960509937583,0.5162229740294282
24,0.44044044044044045,0.4568498009331002,0.5343411950974168,0.5132825461924068
24,0.44144144144144143,0.4559897585317893,0.5312759505292391,0.5103322396123413
24,0.44244244244244246,0.4551298694630513,0.5282005688213282,0.5073722955471361
24,0.44344344344344344,0.4542701337268861,0.525115303968273,0.50440295760772
24,0.4444444444444444,0.453410551323294,0.5220204123670423,0.5014244717004084
24,0.44544544544544545,0.45255112225227456,0.5189161527560242,0.4984370859684466
24,0.44644644644644643,0.45169184651382804,0.5158027861532151,0.4954410507327416
24,0.44744744744744747,0.4508327241079545,0.512680575793567,0.49243661843178754
24,0.44844844844844844,0.44997375503465387,0.5095497870655609,0.489424043560851
24,0.4494494494494494,0.449114939293926,0.5064106874469715,0.4864035826103841
24,0.45045045045045046,0.448256276885771,0.5032635464398942,0.4833754940037314
24,0.45145145145145144,0.44739776781018903,0.5001086355050426,0.48034003803413927
24,0.45245245245245247,0.44653941206717995,0.49694622799532173,0.4772974768010739
24,0.45345345345345345,0.4456812096567436,0.4937765990887516,0.47424807414591713
24,0.4544544544544544,0.4448231605788802,0.4906000257207058,0.4711920955870078
24,0.45545545545545546,0.44396526483358967,0.48741678651553744,0.4681298082540988
24,0.45645645645645644,0.4431075224208721,0.48422716171760205,0.4650614808222363
24,0.4574574574574575,0.4422499333407274,0.4810314331216865,0.4619873834450724
24,0.45845845845845845,0.4413924975931556,0.4778298840029157,0.45890778768767926
24,0.45945945945945943,0.4405352151781566,0.47462279904610705,0.45582296645883424
24,0.46046046046046046,0.4396780860957305,0.47141046427464445,0.4527331939428482
24,0.46146146146146144,0.4388211103458773,0.46819316697888186,0.4496387455309434
24,0.4624624624624625,0.437964287928597,0.4649711956440892,0.44653989775219494
24,0.46346346346346345,0.43710761884388954,0.4617448398780103,0.44343692820410213
24,0.46446446446446443,0.436251103091755,0.45851439033800645,0.44033011548276435
24,0.46546546546546547,0.43539474067219336,0.45528013865785655,0.4372197391127295
24,0.46646646646646645,0.43453853158520456,0.45204237737422615,0.434106079476527
24,0.4674674674674675,0.4336824758307887,0.44880139985281764,0.43098941774389665
24,0.46846846846846846,0.4328265734089457,0.44555750021427254,0.4278700358007821
24,0.4694694694694695,0.4319708243196756,0.4423109732598013,0.424748216178064
24,0.47047047047047047,0.4311152285629784,0.43906211439660797,0.4216242419800995
24,0.47147147147147145,0.4302597861388541,0.4358112195631322,0.4184983968130872
24,0.4724724724724725,0.42940449704730255,0.4325585851541067,0.4153709647132577
24,0.47347347347347346,0.4285493612883239,0.429304507945515,0.4122422300749698
24,0.4744744744744745,0.42769437886191825,0.42604928501941886,0.40911247757868374
24,0.4754754754754755,0.42683954976808547,0.42279321368872225,0.4059819921188754
24,0.47647647647647645,0.42598487400682555,0.41953659142189853,0.4028510587319165
24,0.4774774774774775,0.4251303515781385,0.4162797157676751,0.39971996252391584
24,0.47847847847847846,0.42427598248202436,0.4130228842797626,0.39658898859860525
24,0.4794794794794795,0.4234217667184831,0.40976639444159757,0.39345842198523956
24,0.4804804804804805,0.4225677042875147,0.4065105435911658,0.39032854756657553
24,0.48148148148148145,0.42171379518911917,0.4032556288459308,0.3871996500069537
24,0.4824824824824825,0.42086003942329653,0.4000019470278648,0.3840720136804796
24,0.48348348348348347,0.42000643699004686,0.3967497945886666,0.3809459225993852
24,0.4844844844844845,0.41915298788937,0.39349946753513476,0.3778216603425421
24,0.4854854854854855,0.4182996921212661,0.39025126135476484,0.37469950998418966
24,0.48648648648648646,0.41744654968573497,0.3870054709415922,0.37157975402290094
24,0.4874874874874875,0.4165935605827768,0.38376239052228023,0.36846267431078444
24,0.48848848848848847,0.41574072481239144,0.3805223135825335,0.3653485519830001
24,0.4894894894894895,0.41488804237457905,0.37728553279380816,0.3622376673875601
24,0.4904904904904905,0.4140355132693396,0.3740523399403848,0.3591303000154794
24,0.49149149149149146,0.4131831374966729,0.37082302584682403,0.3560267284312953
24,0.4924924924924925,0.41233091505657915,0.3675978803058068,0.3529272302039549
24,0.4934934934934935,0.41147884594905826,0.36437719200643387,0.3498320818381463
24,0.4944944944944945,0.4106269301741103,0.36116124846295955,0.34674155870604656
24,0.4954954954954955,0.40977516773173517,0.35795033594402115,0.3436559349795454
24,0.4964964964964965,0.40892355862193286,0.35474473940238443,0.3405754835629661
24,0.4974974974974975,0.4080721028447036,0.35154474240520894,0.33750047602628497
24,0.4984984984984985,0.40722080040004716,0.3483506270648932,0.3344311825389087
24,0.4994994994994995,0.4063696512879635,0.3451626739704977,0.3313678718040056
24,0.5005005005005005,0.40551865550845284,0.34198116211978113,0.3283108109934276
24,0.5015015015015015,0.40466781306151506,0.33880636885188053,0.3252602656832487
24,0.5025025025025025,0.4038171239471502,0.3356385697806429,0.32221649978993
24,0.5035035035035035,0.4029665881653581,0.33247803872865017,0.3191797755071515
24,0.5045045045045045,0.40211620571613893,0.3293250476619517,0.31615035324332036
24,0.5055055055055055,0.40126597659949265,0.32617986662552784,0.3131284915597843
24,0.5065065065065065,0.4004159008154193,0.32304276367951257,0.31011444710977076
24,0.5075075075075075,0.39956597836391883,0.31991400483618954,0.3071084745780706
24,0.5085085085085085,0.3987162092449912,0.3167938539977938,0.3041108266214937
24,0.5095095095095095,0.3978665934586365,0.31368257289513246,0.30112175381011114
24,0.5105105105105106,0.39701713100485464,0.31058042102705086,0.2981415045693082
24,0.5115115115115115,0.39616782188364563,0.3074876556007635,0.29517032512266816
24,0.5125125125125125,0.3953186660950096,0.3044045314730681,0.29220845943570234
24,0.5135135135135135,0.3944696636389465,0.3013313010924687,0.28925614916045317
24,0.5145145145145145,0.39362081451545616,0.29826821444222107,0.2863136335809817
24,0.5155155155155156,0.3927721187245387,0.295215518984324,0.2833811495597628
24,0.5165165165165165,0.3919235762661942,0.2921734596044747,0.2804589314850052
24,0.5175175175175175,0.3910751871404225,0.28914227855800245,0.27754721121890985
24,0.5185185185185185,0.39022695134722385,0.2861222154168058,0.27464621804689104
24,0.5195195195195195,0.38937886888659795,0.28311350701730387,0.2717561786277704
24,0.5205205205205206,0.38853093975854486,0.2801163874094224,0.26887731694496286
24,0.5215215215215215,0.3876831639630648,0.277131087806631,0.26600985425867135
24,0.5225225225225225,0.3868355415001576,0.2741578365370431,0.263154009059101
24,0.5235235235235235,0.38598807236982324,0.27119685899560125,0.2603099970207132
24,0.5245245245245245,0.3851407565720618,0.26824837759735615,0.2574780309575296
24,0.5255255255255256,0.38429359410687325,0.26531261173185733,0.2546583207795017
24,0.5265265265265265,0.3834465849742576,0.2623897777186693,0.2518510734499598
24,0.5275275275275275,0.3825997291742148,0.2594800887640223,0.24905649294414997
24,0.5285285285285285,0.3817530267067449,0.25658375491861757,0.24627478020887805
24,0.5295295295295295,0.38090647757184787,0.25370098303659294,0.24350613312326636
24,0.5305305305305306,0.38006008176952366,0.25083197673566315,0.2407507464606368
24,0.5315315315315315,0.3792138392997724,0.2479769363584486,0.2380088118515328
24,0.5325325325325325,0.3783677501625941,0.24513605893499513,0.23528051774788467
24,0.5335335335335335,0.37752181435798865,0.24230953814650497,0.23256604938833447
24,0.5345345345345345,0.37667603188595594,0.23949756429028154,0.2298655887647258
24,0.5355355355355356,0.3758304027464962,0.23670032424589837,0.2271793145897668
24,0.5365365365365365,0.3749849269396094,0.23391800144260355,0.22450740226587756
24,0.5375375375375375,0.3741396044652955,0.23115077582796117,0.2218500238552235
24,0.5385385385385385,0.3732944353235544,0.22839882383774485,0.219207348050949
24,0.5395395395395395,0.37244941951438626,0.22566231836708361,0.21657954014961175
24,0.5405405405405406,0.37160455703779094,0.2229414287428697,0.2139667620248263
24,0.5415415415415415,0.3707598478937685,0.22023632069743343,0.2113691721021227
24,0.5425425425425425,0.369915292082319,0.21754715634348704,0.2087869253350211
24,0.5435435435435435,0.3690708896034423,0.21487409415034686,0.2062201731823322
24,0.5445445445445445,0.36822664045713865,0.21221728892143427,0.20366906358668274
24,0.5455455455455456,0.36738254464340764,0.20957689177305883,0.20113374095427017
24,0.5465465465465466,0.36653860216224976,0.20695305011448878,0.19861434613585188
24,0.5475475475475475,0.36569481301366463,0.20434590762930616,0.1961110164089645
24,0.5485485485485485,0.3648511771976525,0.20175560425805406,0.19362388546138243
24,0.5495495495495496,0.364007694714213,0.1991822761821723,0.19115308337581105
24,0.5505505505505506,0.3631643655633466,0.1966260558092252,0.1886987366158179
24,0.5515515515515516,0.3623211897450531,0.19408707175941725,0.18626096801299874
24,0.5525525525525525,0.36147816725933246,0.1915654488534007,0.18383989675538098
24,0.5535535535535535,0.36063529810618467,0.18906130810137095,0.18143563837706184
24,0.5545545545545546,0.3597925822856096,0.18657476669344744,0.17904830474907818
24,0.5555555555555556,0.35895001979760766,0.18410593799134117,0.17667800407150908
24,0.5565565565565566,0.3581076106421785,0.1816549315212998,0.17432484086680305
24,0.5575575575575575,0.35726535481932226,0.17922185296833382,0.17198891597433225
24,0.5585585585585585,0.35642325232903893,0.17680680417171438,0.16967032654616632
24,0.5595595595595596,0.35558130317132836,0.1744098831217412,0.1673691660440615
24,0.5605605605605606,0.35473950734619075,0.17203118395777472,0.16508552423766298
24,0.5615615615615616,0.35389786485362607,0.16967079696752488,0.1628194872039097
24,0.5625625625625625,0.3530563756936343,0.16732880858759416,0.16057113732764222
24,0.5635635635635635,0.3522150398662154,0.1650053014052653,0.15834055330340197
24,0.5645645645645646,0.3513738573713693,0.16270035416152684,0.1561278101384174
24,0.5655655655655656,0.35053282820909615,0.16041404175533105,0.15393297915677023
24,0.5665665665665666,0.34969195237939577,0.15814643524907165,0.15175612800473065
24,0.5675675675675675,0.3488512298822684,0.15589760187527751,0.14959732065725728
24,0.5685685685685685,0.34801066071771397,0.1536676050445101,0.14745661742565042
24,0.5695695695695696,0.34717024488573217,0.15145650435445512,0.14533407496634954
24,0.5705705705705706,0.3463299823863235,0.14926435560020107,0.1432297462908671
24,0.5715715715715716,0.3454898732194877,0.14709121078568838,0.1411436807768447
24,0.5725725725725725,0.34464991738522466,0.14493711813632476,0.1390759241802257
24,0.5735735735735735,0.34381011488353463,0.14280212211275056,0.13702651864852933
24,0.5745745745745746,0.3429704657144173,0.14068626342574353,0.13499550273521682
24,0.5755755755755756,0.34213096987787306,0.13858957905225178,0.13298291141513785
24,0.5765765765765766,0.3412916273739016,0.13651210225253907,0.130988776101042
24,0.5775775775775776,0.3404524382025031,0.13445386258843245,0.129013124661147
24,0.5785785785785785,0.33961340236367743,0.13241488594265696,0.1270559814377472
24,0.5795795795795796,0.3387745198574245,0.13039519453924292,0.12511736726684985
24,0.5805805805805806,0.33793579068374463,0.12839480696499284,0.12319729949882605
24,0.5815815815815816,0.3370972148426377,0.1264137381919902,0.12129579202005958
24,0.5825825825825826,0.33625879233410355,0.12445199960113887,0.11941285527558262
24,0.5835835835835835,0.3354205231581423,0.12250959900671407,0.11754849629268024
24,0.5845845845845846,0.33458240731475386,0.12058654068191035,0.11570271870544974
24,0.5855855855855856,0.3337444448039384,0.11868282538537112,0.1138755227802997
24,0.5865865865865866,0.33290663562569583,0.11679845038867984,0.11206690544237018
24,0.5875875875875876,0.33206897978002614,0.11493340950480012,0.11027686030286116
24,0.5885885885885885,0.3312314772669293,0.11308769311744435,0.10850537768725038
24,0.5895895895895896,0.33039412808640534,0.11126128821135406,0.10675244466438391
24,0.5905905905905906,0.3295569322384543,0.10945417840347518,0.10501804507642364
24,0.5915915915915916,0.32871988972307614,0.10766634397500688,0.10330215956963104
24,0.5925925925925926,0.32788300054027086,0.10589776190430972,0.1016047656259737
24,0.5935935935935935,0.3270462646900385,0.10414840590065091,0.09992583759553313
24,0.5945945945945946,0.32620968217237895,0.1024182464387691,0.09826534672969703
24,0.5955955955955956,0.32537325298729236,0.10070725079423974,0.09662326121511827
24,0.5965965965965966,0.3245369771347786,0.09901538307961963,0.09499954620841906
24,0.5975975975975976,0.3237008546148378,0.09734260428135341,0.09339416387162508
24,0.5985985985985985,0.3228648854274698,0.09568887229742043,0.09180707340830768
24,0.5995995995995996,0.3220290695726746,0.0940541419757017,0.09023823110041566
24,0.6006006006006006,0.32119340705045246,0.09243836515304844,0.08868759034577808
24,0.6016016016016016,0.3203578978608031,0.09084149069502817,0.08715510169625577
24,0.6026026026026026,0.3195225420037267,0.08926346453633166,0.08564071289652503
24,0.6036036036036035,0.3186873394792231,0.08770422972181706,0.08414436892347095
24,0.6046046046046046,0.31785229028729245,0.08616372644817108,0.0826660120261713
24,0.6056056056056056,0.31701739442793464,0.08464189210616702,0.0812055817664511
24,0.6066066066066066,0.31618265190114986,0.08313866132349548,0.07976301505998536
24,0.6076076076076076,0.3153480627069378,0.08165396600815034,0.07833824621793262
24,0.6086086086086087,0.31451362684529854,0.08018773539234508,0.076931206989076
24,0.6096096096096096,0.3136793443162324,0.0787398960769404,0.07554182660245301
24,0.6106106106106106,0.31284521511973906,0.07731037207635881,0.07417003181045112
24,0.6116116116116116,0.3120112392558186,0.07589908486396713,0.07281574693235074
24,0.6126126126126126,0.31117741672447097,0.07450595341790364,0.0714788938982932
24,0.6136136136136137,0.31034374752569627,0.07313089426732788,0.07015939229365276
24,0.6146146146146146,0.3095102316594945,0.07177382153907261,0.06885715940379294
24,0.6156156156156156,0.30867686912586556,0.07043464700467358,0.06757211025918398
24,0.6166166166166166,0.3078436599248095,0.06911328012775811,0.06630415768086294
24,0.6176176176176176,0.30701060405632635,0.06780962811176841,0.06505321232621365
24,0.6186186186186187,0.306177701520416,0.06652359594799846,0.06381918273504603
24,0.6196196196196196,0.30534495231707864,0.06525508646392335,0.06260197537595458
24,0.6206206206206206,0.3045123564463142,0.06400400037179693,0.061401494692933156
24,0.6216216216216216,0.3036799139081226,0.062770236317499,0.06021764315222736
24,0.6226226226226226,0.30284762470250376,0.061553690929607885,0.05905032128940238
24,0.6236236236236237,0.30201548882945783,0.06035425886867773,0.057899427756605545
24,0.6246246246246246,0.30118350628898494,0.05917183287669937,0.05676485937000394
24,0.6256256256256256,0.3003516770810849,0.05800630382672113,0.05564651115737405
24,0.6266266266266266,0.2995200012057576,0.056857560772611115,0.05454427640582611
24,0.6276276276276276,0.29868847866300335,0.05572549099893729,0.05345804670964011
24,0.6286286286286287,0.2978571094528219,0.054609980070944995,0.05238771201819416
24,0.6296296296296297,0.2970258935752133,0.05351091188461145,0.05133316068396552
24,0.6306306306306306,0.2961948310301777,0.052428168716754264,0.05029427951058234
24,0.6316316316316316,0.295363921817715,0.051361631275175706,0.0492709538009086
24,0.6326326326326326,0.2945331659378251,0.05031117874882021,0.04826306740514069
24,0.6336336336336337,0.29370256339050804,0.049276688857925265,0.047270502768896425
24,0.6346346346346347,0.2928721141757639,0.04825803790414581,0.04629314098127788
24,0.6356356356356356,0.29204181829359266,0.04725510082063041,0.04533086182288669
24,0.6366366366366366,0.29121167574399437,0.04626775122203148,0.044383543813775156
24,0.6376376376376376,0.2903816865269689,0.045295861454428016,0.043451064261312636
24,0.6386386386386387,0.2895518506425162,0.04433930264514205,0.04253329930794872
24,0.6396396396396397,0.2887221680906366,0.04339794475242975,0.04163012397885549
24,0.6406406406406406,0.28789263887132976,0.042471656615026804,0.04074141222942894
24,0.6416416416416416,0.28706326298459584,0.04156030600153094,0.03986703699263339
24,0.6426426426426426,0.2862340404304348,0.04066375965960173,0.039006870226169665
24,0.6436436436436437,0.28540497120884656,0.03978188336495961,0.038160782959449926
24,0.6446446446446447,0.2845760553198314,0.0389145419701665,0.0373286453403621
24,0.6456456456456456,0.283747292763389,0.038061599453168754,0.0365103266818056
24,0.6466466466466466,0.2829186835395195,0.037222918965586785,0.035705695507983214
24,0.6476476476476476,0.2820902276482229,0.036398362880732504,0.0349146196004312
24,0.6486486486486487,0.2812619250894991,0.03558779284133814,0.034136966043771796
24,0.6496496496496497,0.28043377586334817,0.03479106980698014,0.03337260127117248
24,0.6506506506506506,0.27960577996977026,0.034008054101180296,0.03262139110949497
24,0.6516516516516516,0.2787779374087652,0.03323860545816971,0.03188320082412019
24,0.6526526526526526,0.27795024818033304,0.032482583069298646,0.03115789516343283
24,0.6536536536536537,0.27712271228447366,0.03173984562907701,0.030445338402951046
24,0.6546546546546547,0.2762953297211873,0.031010251380830682,0.029745394389087056
24,0.6556556556556556,0.2754681004904737,0.030293658161957702,0.029057926582523333
24,0.6566566566566566,0.2746410245923331,0.02958992344877138,0.028382798101192014
24,0.6576576576576576,0.27381410202676537,0.028898904400914888,0.02771987176284276
24,0.6586586586586587,0.27298733279377035,0.02822045790533389,0.027069010127186134
24,0.6596596596596597,0.2721607168933484,0.02755444061979409,0.02643007553759999
24,0.6606606606606606,0.27133425432549935,0.026900709015929454,0.02580293016238523
24,0.6616616616616616,0.2705079450902231,0.02625911942180966,0.02518743603555992
24,0.6626626626626626,0.2696817891875197,0.025629528064013436,0.024583455097179047
24,0.6636636636636637,0.26885578661738924,0.02501179110919581,0.023990849233168438
24,0.6646646646646647,0.2680299373798316,0.02440576470513815,0.023409480314662154
24,0.6656656656656657,0.267204241474847,0.02381130502126836,0.02283921023683135
24,0.6666666666666666,0.2663786989024352,0.02322826828864187,0.02227990095719553
24,0.6676676676676676,0.26555330966259627,0.022656510839371577,0.02173141453340493
24,0.6686686686686687,0.2647280737553302,0.022095889145496928,0.02119361316048468
24,0.6696696696696697,0.26390299118063704,0.021546259857282625,0.0206663592075315
24,0.6706706706706707,0.2630780619385168,0.02100747984093651,0.020149515253853067
24,0.6716716716716716,0.2622532860289694,0.020479406215738738,0.019642944124542434
24,0.6726726726726726,0.261428663451995,0.019961896390572643,0.01914650892547835
24,0.6736736736736737,0.2606041942075933,0.019454808099849254,0.01866007307774375
24,0.6746746746746747,0.2597798782957646,0.018957999438817805,0.01818350035145516
24,0.6756756756756757,0.25895571571650877,0.018471328898253817,0.01771665489899482
24,0.6766766766766766,0.2581317064698258,0.017994655398518692,0.01725940128763995
24,0.6776776776776777,0.25730785055571564,0.017527838322983158,0.016811604531581585
24,0.6786786786786787,0.2564841479741785,0.017070737550808797,0.01637313012332766
24,0.6796796796796797,0.2556605987252142,0.016623213489080777,0.01594384406448365
24,0.6806806806806807,0.2548372028088228,0.01618512710428725,0.015523612895906497
24,0.6816816816816816,0.2540139602250042,0.01575633995313931,0.015112303727225936
24,0.6826826826826827,0.25319087097375853,0.01533671421272698,0.014709784265728906
24,0.6836836836836837,0.2523679350550858,0.014926112710006934,0.014315922844603
24,0.6846846846846847,0.25154515246898596,0.014524398950617176,0.013930588450534288
24,0.6856856856856857,0.2507225232154589,0.01413143714701586,0.013553650750656902
24,0.6866866866866866,0.24990004729450485,0.01374709224594024,0.013184980118850536
24,0.6876876876876877,0.24907772470612358,0.013371229955183004,0.012824447661383251
24,0.6886886886886887,0.2482555554503152,0.013003716769683612,0.012471925241897268
24,0.6896896896896897,0.2474335395270798,0.012644419996931774,0.012127285505735094
24,0.6906906906906907,0.2466116769364172,0.012293207781682115,0.011790401903605047
24,0.6916916916916916,0.24578996767832756,0.011949949129977815,0.011461148714584032
24,0.6926926926926927,0.24496841175281064,0.011614513932482414,0.01113940106845689
24,0.6936936936936937,0.24414700915986678,0.011286772987119163,0.010825034967391681
24,0.6946946946946947,0.24332575989949573,0.010966598021016965,0.010517927306949998
24,0.6956956956956957,0.24250466397169768,0.010653861711763617,0.010217955896433054
24,0.6966966966966966,0.2416837213764724,0.010348437707966073,0.009924999478563235
24,0.6976976976976977,0.24086293211381993,0.010050200649118612,0.00963893774850201
24,0.6986986986986987,0.2400422961837405,0.009759026184780027,0.009359651372205284
24,0.6996996996996997,0.2392218135862339,0.009474790993060683,0.009087022004116983
24,0.7007007007007007,0.23840148432130018,0.009197372798421796,0.008820932304203197
24,0.7017017017017017,0.23758130838893934,0.008926650388788383,0.008561265954328247
24,0.7027027027027027,0.2367612857891513,0.00866250363197844,0.008307907673975113
24,0.7037037037037037,0.23594141652193623,0.008404813491451047,0.008060743235312924
24,0.7047047047047047,0.23512170058729406,0.00815346204137601,0.007819659477613882
24,0.7057057057057057,0.23430213798522478,0.007908332481028815,0.007584544321023394
24,0.7067067067067067,0.23348272871572837,0.007669309148514079,0.007355286779686351
24,0.7077077077077077,0.23266347277880478,0.0074362775338214695,0.007131776974233487
24,0.7087087087087087,0.23184437017445417,0.007209124291218431,0.0069139061436318955
24,0.7097097097097097,0.23102542090267641,0.006987737250983752,0.006701566656403642
24,0.7107107107107107,0.23020662496347158,0.006772005430487223,0.006494652021217487
24,0.7117117117117117,0.22938798235683963,0.006561819044620035,0.006293056896858204
24,0.7127127127127127,0.22856949308278046,0.006357069515581288,0.006096677101578643
24,0.7137137137137137,0.22775115714129418,0.006157649482026318,0.005905409621840019
24,0.7147147147147147,0.2269329745323809,0.005963452807582255,0.005719152620445646
24,0.7157157157157157,0.22611494525604048,0.005774374588737351,0.00553780544407436
24,0.7167167167167167,0.2252970693122729,0.00559031116211004,0.005361268630219391
24,0.7177177177177178,0.22447934670107816,0.00541116011110435,0.005189443913539026
24,0.7187187187187187,0.2236617774224564,0.005236820271958573,0.0050222342316256895
24,0.7197197197197197,0.22284436147640746,0.005067191739193886,0.0048595437301998685
24,0.7207207207207207,0.2220270988629315,0.004902175870470498,0.004701277767736168
24,0.7217217217217217,0.22120998958202834,0.004741675290858496,0.004547342919528362
24,0.7227227227227228,0.22039303363369805,0.0045855938965311,0.004397646981200847
24,0.7237237237237237,0.21957623101794066,0.004433836857888243,0.00425209897167411
24,0.7247247247247247,0.21875958173475615,0.00428631062211823,0.00411060913559163
24,0.7257257257257257,0.21794308578414462,0.00414292291520605,0.003973088945216453
24,0.7267267267267267,0.2171267431661059,0.004003582743396414,0.0038394511018051978
24,0.7277277277277278,0.21631055388063997,0.0038682003941202217,0.003709609536467809
24,0.7287287287287287,0.2154945179277471,0.00373668743639317,0.0035834794105214698
24,0.7297297297297297,0.21467863530742703,0.00360895672069521,0.0034609771153469773
24,0.7307307307307307,0.21386290601967986,0.0034849223783401198,0.0033420202717565047
24,0.7317317317317317,0.21304733006450557,0.003364499820344146,0.0032265277288813267
24,0.7327327327327328,0.21223190744190407,0.0032476057358030775,0.0031144195625884973
24,0.7337337337337337,0.21141663815187556,0.003134158089787219,0.003005617073435556
24,0.7347347347347347,0.21060152219441994,0.003024076120763613,0.002900042784172237
24,0.7357357357357357,0.20978655956953718,0.0029172803375554102,0.0027976204367986756
24,0.7367367367367368,0.20897175027722725,0.002813692515847925,0.0026982749891892605
24,0.7377377377377378,0.20815709431749027,0.0027132356942513826,0.002601932611291729
24,0.7387387387387387,0.2073425916903262,0.0026158341699300844,0.0025085206809108388
24,0.7397397397397397,0.20652824239573503,0.0025214134938082696,0.00241796777908647
24,0.7407407407407407,0.2057140464337167,0.0024299004653625597,0.002330203685075644
24,0.7417417417417418,0.20490000380427123,0.002341223127011231,0.0022451593709482856
24,0.7427427427427428,0.2040861145073986,0.0022553107581105704,0.0021627669958065574
24,0.7437437437437437,0.20327237854309896,0.0021720938685684445,0.002082959899637495
24,0.7447447447447447,0.20245879591137222,0.0020915041920856053,0.0020056725968090206
24,0.7457457457457457,0.20164536661221838,0.0020134746790349332,0.0019308407692191342
24,0.7467467467467468,0.2008320906456372,0.001937939488989081,0.0018584012591082973
24,0.7477477477477478,0.20001896801162913,0.0018648339829069576,0.0017882920615450403
24,0.7487487487487487,0.19920599871019384,0.0017940947149893804,0.0017204523165946833
24,0.7497497497497497,0.19839318274133153,0.0017256594242145078,0.0016548223011813564
24,0.7507507507507507,0.197580520105042,0.00165946702556338,0.001591343420653216
24,0.7517517517517518,0.1967680108013254,0.0015954576009460711,0.0015299582000609345
24,0.7527527527527528,0.19595565483018165,0.0015335723898389302,0.0014706102751595078
24,0.7537537537537538,0.19514345219161092,0.0014737537796432423,0.0014132443831432848
24,0.7547547547547547,0.19433140288561296,0.001415945295775854,0.001357806353124335
24,0.7557557557557557,0.19351950691218786,0.0013600915915020567,0.0013042430963640184
24,0.7567567567567568,0.19270776427133568,0.0013061384375211039,0.00125250259626771
24,0.7577577577577578,0.1918961749630564,0.0012540327113147094,0.0012025338981526005
24,0.7587587587587588,0.19108473898734998,0.0012037223862687084,0.0011542870987983286
24,0.7597597597597597,0.19027345634421647,0.0011551565205782125,0.0011077133357903623
24,0.7607607607607607,0.18946232703365584,0.001108285245946331,0.0010627647766657737
24,0.7617617617617618,0.18865135105566808,0.0010630597560865886,0.0010193946078711279
24,0.7627627627627628,0.18784052841025323,0.0010194322950390934,0.0009775570235421205
24,0.7637637637637638,0.18702985909741127,0.000977356145310331,0.0009372072141144358
24,0.7647647647647647,0.1862193431171422,0.0009367856158465708,0.0008983013547753933
24,0.7657657657657657,0.18540898046944598,0.0008976760298505982,0.0008607965937657007
24,0.7667667667667668,0.1845987711543226,0.0008599837124514991,0.0008246510405406364
24,0.7677677677677678,0.18378871517177217,0.0008236659782371359,0.0007898237537998979
24,0.7687687687687688,0.18297881252179454,0.0007886811186587558,0.0007562747293951724
24,0.7697697697697697,0.1821690632043899,0.0007549883893172267,0.0007239648881245293
24,0.7707707707707707,0.18135946721955817,0.0007225479971401397,0.0006928560634224875
24,0.7717717717717718,0.1805500245672992,0.0006913210874589807,0.0006629109889545873
24,0.7727727727727728,0.17974073524761322,0.0006612697309954646,0.0006340932861251751
24,0.7737737737737738,0.17893159926050003,0.0006323569107659295,0.000606367451506933
24,0.7747747747747747,0.17812261660595985,0.0006045465089126788,0.0005796988442006761
24,0.7757757757757757,0.17731378728399252,0.0005778032934709238,0.0005540536731337043
24,0.7767767767767768,0.17650511129459792,0.0005520929050799019,0.0005293989843049327
24,0.7777777777777778,0.1756965886377764,0.0005273818436466165,0.0005057026479848958
24,0.7787787787787788,0.17488821931352766,0.0005036374549704396,0.0004829333458785206
24,0.7797797797797797,0.1740800033218519,0.00048082791733678463,0.0004610605582585407
24,0.7807807807807807,0.17327194066274892,0.0004589222280878028,0.0004400545510771692
24,0.7817817817817818,0.17246403133621885,0.00043789019017797186,0.0004198863630635742
24,0.7827827827827828,0.17165627534226166,0.0004177023987222855,0.00040052779281454505
24,0.7837837837837838,0.17084867268087744,0.00039833022754455694,0.0003819513858855482
24,0.7847847847847848,0.17004122335206603,0.00037974581573327023,0.0003641304218892986
24,0.7857857857857857,0.1692339273558275,0.00036192205421217374,0.00034703890160874126
24,0.7867867867867868,0.16842678469216188,0.0003448325723327,0.00033065153413122867
24,0.7877877877877878,0.1676197953610691,0.00032845172449512156,0.0003149437240105214
24,0.7887887887887888,0.16681295936254925,0.0003127545768051584,0.00029989155846304154
24,0.7897897897897898,0.16600627669660228,0.0002977168937726473,0.00028547179460471734
24,0.7907907907907907,0.1651997473632282,0.0002833151250586479,0.0002716618467345255
24,0.7917917917917918,0.1643933713624269,0.00026952639227723264,0.0002584397736707178
24,0.7927927927927928,0.1635871486941986,0.0002563284758580304,0.0002457842661455487
24,0.7937937937937938,0.16278107935854316,0.00024369980197539202,0.0002336746342641258
24,0.7947947947947948,0.16197516335546072,0.0002316194295499269,0.00022209079503289158
24,0.7957957957957957,0.161169400684951,0.0002200670373279317,0.00021101325996302728
24,0.7967967967967968,0.16036379134701415,0.00020902291104408743,0.0002004231227539286
24,0.7977977977977978,0.15955833534165026,0.00019846793067262474,0.00019030204706173577
24,0.7987987987987988,0.1587530326688593,0.00018838355777195701,0.00018063225435770725
24,0.7997997997997998,0.15794788332864118,0.00017875182292764668,0.00017139651188109834
24,0.8008008008008007,0.157142887320996,0.0001695553132983531,0.00016257812069099737
24,0.8018018018018018,0.15633804464592357,0.0001607771602692559,0.00015416090382142482
24,0.8028028028028028,0.15553335530342405,0.0001524010272172735,0.00014612919454383246
24,0.8038038038038038,0.15472881929349752,0.00014441109739219874,0.00013846782474095085
24,0.8048048048048048,0.15392443661614386,0.00013679206191773342,0.0001311621133957997
24,0.8058058058058059,0.1531202072713629,0.00012952910791619456,0.00012419785519947313
24,0.8068068068068068,0.15231613125915502,0.0001226079067605159,0.00011756130928117144
24,0.8078078078078078,0.15151220857951994,0.00011601460245697248,0.00011123918806376127
24,0.8088088088088088,0.15070843923245783,0.0001097358001619122,0.00010521864624800893
24,0.8098098098098098,0.14990482321796852,0.00010375855483557971,9.948726992844133e-05
24,0.8108108108108109,0.1491013605360521,9.80703600359634e-05,9.40330658436404e-05
24,0.8118118118118118,0.14829805118670858,9.265913685542701e-05,8.88444507636151e-05
24,0.8128128128128128,0.14749489516993802,8.751322300270755e-05,8.39102410167223e-05
24,0.8138138138138138,0.14669189248574027,8.262136203271775e-05,7.921964215847004e-05
24,0.8148148148148148,0.1458890431341154,7.797269272640463e-05,7.476223878435894e-05
24,0.8158158158158159,0.14508634711506344,7.355673862276715e-05,7.052798448877342e-05
24,0.8168168168168168,0.14428380442858432,6.936339770497333e-05,6.650719197177994e-05
24,0.8178178178178178,0.14348141507467813,6.538293224235057e-05,6.26905232955288e-05
24,0.8188188188188188,0.14267917905334482,6.160595878988233e-05,5.906898029182178e-05
24,0.8198198198198198,0.1418770963645844,5.80234383466739e-05,5.563389512224419e-05
24,0.8208208208208209,0.14107516700839684,5.462666667470733e-05,5.237692099212356e-05
24,0.8218218218218218,0.1402733909847822,5.140726477905557e-05,4.929002301943304e-05
24,0.8228228228228228,0.13947176829374044,4.835716955057113e-05,4.6365469259609165e-05
24,0.8238238238238238,0.13867029893527155,4.546862457193293e-05,4.3595821887128144e-05
24,0.8248248248248248,0.13786898290937558,4.273417108777986e-05,4.097392853453517e-05
24,0.8258258258258259,0.13706782021605238,4.0146639139527834e-05,3.849291378949565e-05
24,0.8268268268268268,0.13626681085530218,3.769913886532921e-05,3.614617085030496e-05
24,0.8278278278278278,0.13546595482712476,3.538505196549497e-05,3.39273533401603e-05
24,0.8288288288288288,0.1346652521315203,3.3198023333577695e-05,3.18303672803813e-05
24,0.8298298298298298,0.13386470276848877,3.113195285317637e-05,2.9849363222634524e-05
24,0.8308308308308309,0.13306430673803002,2.918098736040386e-05,2.7978728540101946e-05
24,0.8318318318318318,0.13226406404014424,2.733951277183582e-05,2.6213079877416298e-05
24,0.8328328328328328,0.13146397467483126,2.560214637763624e-05,2.4547255759067957e-05
24,0.8338338338338338,0.13066403864209125,2.396372929944654e-05,2.2976309355884183e-05
24,0.8348348348348348,0.12986425594192416,2.2419319112504894e-05,2.1495501409066228e-05
24,0.8358358358358359,0.12906462657432974,2.096418263135714e-05,2.010029331116908e-05
24,0.8368368368368369,0.12826515053930843,1.9593788858414284e-05,1.8786340343306437e-05
24,0.8378378378378378,0.1274658278368599,1.8303802094504995e-05,1.754948506776162e-05
24,0.8388388388388388,0.12666665846698433,1.7090075210477936e-05,1.6385750875095262e-05
24,0.8398398398398398,0.12586764242968157,1.5948643078806285e-05,1.529133568474254e-05
24,0.8408408408408409,0.1250687797249517,1.4875716164057423e-05,1.4262605798007e-05
24,0.8418418418418419,0.1242700703527947,1.3867674271000597e-05,1.3296089902271669e-05
24,0.8428428428428428,0.1234715143132106,1.2921060449036871e-05,1.2388473225163348e-05
24,0.8438438438438438,0.1226731116061995,1.2032575051556912e-05,1.1536591837330469e-05
24,0.8448448448448448,0.12187486223176117,1.119906994874859e-05,1.073742710241492e-05
24,0.8458458458458459,0.12107676618989564,1.041754289230253e-05,9.988100272727404e-06
24,0.8468468468468469,0.12027882348060319,9.685132030391085e-06,9.285867229066354e-06
24,0.8478478478478478,0.11948103410388353,8.999110571225009e-06,8.628113363052182e-06
24,0.8488488488488488,0.11868339805973677,8.356881593429361e-06,8.012348600288552e-06
24,0.8498498498498498,0.11788591534816288,7.755973001414563e-06,7.436202562599495e-06
24,0.8508508508508509,0.11708858596916179,7.19403262386113e-06,6.8974198675362705e-06
24,0.8518518518518519,0.1162914099227337,6.668823453380657e-06,6.3938555632941844e-06
24,0.8528528528528528,0.11549438720887847,6.178219025361859e-06,5.923470697128182e-06
24,0.8538538538538538,0.11469751782759614,5.7201989339635365e-06,5.4843280153110346e-06
24,0.8548548548548548,0.1139008017788867,5.292844483168166e-06,5.074587792631784e-06
24,0.8558558558558559,0.11310423906275005,4.8943344707684475e-06,4.692503789392592e-06
24,0.8568568568568569,0.11230782967918639,4.5229411031195825e-06,4.336419333824138e-06
24,0.8578578578578578,0.11151157362819561,4.177026038452855e-06,4.004763527804231e-06
24,0.8588588588588588,0.11071547090977772,3.855036556514533e-06,3.696047573733991e-06
24,0.8598598598598598,0.10991952152393263,3.555501852262519e-06,3.4088612203957694e-06
24,0.8608608608608609,0.10912372547066042,3.2770294513270546e-06,3.14186932559201e-06
24,0.8618618618618619,0.1083280827499612,3.018301744917759e-06,2.893808533341183e-06
24,0.8628628628628628,0.10753259336183485,2.7780726418376126e-06,2.6634840633863e-06
24,0.8638638638638638,0.10673725730628131,2.5551643352475204e-06,2.4497666107552184e-06
24,0.8648648648648649,0.10594207458330065,2.348464181808676e-06,2.25158935309629e-06
24,0.8658658658658659,0.10514704519289289,2.1569216908183475e-06,2.0679450635018266e-06
24,0.8668668668668669,0.1043521691350581,1.9795456209442988e-06,1.897883326521925e-06
24,0.8678678678678678,0.10355744640979621,1.8154011821568473e-06,1.7405078550652896e-06
24,0.8688688688688688,0.1027628770171071,1.6636073404523863e-06,1.5949739058787677e-06
24,0.8698698698698699,0.10196846095699089,1.5233342229608125e-06,1.4604857912960393e-06
24,0.8708708708708709,0.10117419822944757,1.3938006210299123e-06,1.336294484946531e-06
24,0.8718718718718719,0.10038008883447712,1.274271588882549e-06,1.2216953191183396e-06
24,0.8728728728728729,0.09958613277207966,1.1640561354484864e-06,1.1160257714747425e-06
24,0.8738738738738738,0.098792330042255,1.0625050069798777e-06,1.0186633388308143e-06
24,0.8748748748748749,0.09799868064500313,9.690085580697454e-07,9.290234957065797e-07
24,0.8758758758758759,0.09720518458032425,8.829947087048446e-07,8.465577353847441e-07
24,0.8768768768768769,0.09641184184821834,8.039269849983108e-07,7.707516912145114e-07
24,0.8778778778778779,0.09561865244868523,7.313026412640473e-07,7.011233359189168e-07
24,0.8788788788788788,0.094825616381725,6.646508611125749e-07,6.372212566801704e-07
24,0.8798798798798799,0.09403273364733757,6.035310352682741e-07,5.786230037969141e-07
24,0.8808808808808809,0.09324000424552313,5.475311138296758e-07,5.24933510728177e-07
24,0.8818818818818819,0.09244742817628157,4.962660307178056e-07,4.757835833612153e-07
24,0.8828828828828829,0.0916550054396129,4.493761980829065e-07,4.308284563647533e-07
24,0.8838838838838838,0.09086273603551712,4.0652606846627687e-07,3.8974641451448333e-07
24,0.8848848848848849,0.09007061996399413,3.6740276254220525e-07,3.5223747690480545e-07
24,0.8858858858858859,0.08927865722504412,3.317147602944772e-07,3.1802214198909257e-07
24,0.8868868868868869,0.08848684781866699,2.991906535126641e-07,2.868401914202669e-07
24,0.8878878878878879,0.08769519174486276,2.6957795752561746e-07,2.5844955069438776e-07
24,0.8888888888888888,0.08690368900363132,2.4264198012265925e-07,2.3262520463168512e-07
24,0.8898898898898899,0.08611233959497278,2.1816474564735514e-07,2.091581657624789e-07
24,0.8908908908908909,0.08532114351888721,1.9594397228405578e-07,1.8785449371929482e-07
24,0.8918918918918919,0.08453010077537453,1.757921005935851e-07,1.685343637712135e-07
24,0.8928928928928929,0.08373921136443464,1.5753537139164817e-07,1.5103118267217914e-07
24,0.8938938938938938,0.08294847528606775,1.4101295110131433e-07,1.351907500312398e-07
24,0.8948948948948949,0.08215789254027363,1.2607610274957807e-07,1.2087046344977112e-07
24,0.8958958958958959,0.08136746312705241,1.1258740081721002e-07,1.0793856570835067e-07
24,0.8968968968968969,0.08057718704640417,1.0041998819086265e-07,9.627343232408526e-08
24,0.8978978978978979,0.07978706429832873,8.945687350672582e-08,8.576289783788235e-08
24,0.8988988988988988,0.07899709488282626,7.959026721566045e-08,7.630361923013552e-08
24,0.8998998998998999,0.0782072787998965,7.072095474081907e-08,6.780047490269908e-08
24,0.9009009009009009,0.07741761604953971,6.275770514008276e-08,6.016599770466378e-08
24,0.9019019019019019,0.07662810663175591,5.561671372717292e-08,5.331984051927976e-08
24,0.9029029029029029,0.07583875054654492,4.9221077147028504e-08,4.718827296940083e-08
24,0.9039039039039038,0.0750495477939068,4.350029944279264e-08,4.170370783887382e-08
24,0.9049049049049049,0.07426049837384156,3.8389827693591204e-08,3.680425584742465e-08
24,0.9059059059059059,0.07347160228634923,3.3830615844066506e-08,3.2433307456666146e-08
24,0.9069069069069069,0.07268285953142978,2.976871538831428e-08,2.853914042483316e-08
24,0.9079079079079079,0.07189427010908321,2.6154891612440462e-08,2.50745518677183e-08
24,0.9089089089089089,0.07110583401930953,2.2944264141281878e-08,2.199651362291805e-08
24,0.9099099099099099,0.07031755126210874,2.0095970575940873e-08,1.926584975392234e-08
24,0.9109109109109109,0.06952942183748084,1.757285204957122e-08,1.6846935069697614e-08
24,0.9119119119119119,0.06874144574542583,1.5341159569282876e-08,1.4707413574187702e-08
24,0.9129129129129129,0.0679536229859437,1.3370280052079728e-08,1.2817935798562364e-08
24,0.9139139139139139,0.06716595355903437,1.1632481002324307e-08,1.1151914007000974e-08
24,0.914914914914915,0.06637843746469793,1.010267281733304e-08,9.685294304305076e-09
24,0.9159159159159159,0.06559107470293446,8.758187746279475e-09,8.39634471062539e-09
24,0.9169169169169169,0.06480386527374389,7.578574565587809e-09,7.265458305034871e-09
24,0.9179179179179179,0.06401680917712621,6.545408071410299e-09,6.27497057555566e-09
24,0.9189189189189189,0.0632299064130814,5.642112526544173e-09,5.4089901485010445e-09
24,0.91991991991992,0.062443156981609314,4.853798235246448e-09,4.653242104614389e-09
24,0.9209209209209209,0.06165656088271029,4.167110454804747e-09,3.9949231234331605e-09
24,0.9219219219219219,0.06087011811638416,3.570089887394863e-09,3.422567730554904e-09
24,0.9229229229229229,0.06008382868263082,3.0520440296812825e-09,2.925924955013945e-09
24,0.9239239239239239,0.05929769258145046,2.6034286907617313e-09,2.4958447357607183e-09
24,0.924924924924925,0.0585117098128429,2.215739021410771e-09,2.124173447260007e-09
24,0.9259259259259259,0.057725880376808224,1.8814094291148454e-09,1.8036579444655874e-09
24,0.9269269269269269,0.056940204273346534,1.5937217840970316e-09,1.5278575568723147e-09
24,0.9279279279279279,0.056154681502457636,1.34672135139235e-09,1.2910634899814678e-09
24,0.9289289289289289,0.05536931206414172,1.1351399130361082e-09,1.0882251203241517e-09
24,0.92992992992993,0.0545840959583985,9.543255725636923e-10,9.148826971662472e-10
24,0.9309309309309309,0.053799033185228266,8.001787612785361e-10,7.671059901553885e-10
24,0.9319319319319319,0.05301412374463101,6.690939921205683e-10,6.414384474608271e-10
24,0.9329329329329329,0.05222936763660655,5.579069324571317e-10,5.348464533978299e-10
24,0.933933933933934,0.05144476486115489,4.6384639171749274e-10,4.446732981149619e-10
24,0.934934934934935,0.0506603154182763,3.8449084350278724e-10,3.685974946573388e-10
24,0.9359359359359359,0.049876019307970504,3.1772912462493695e-10,3.0459510060107876e-10
24,0.9369369369369369,0.049091876530237596,2.6172497546551014e-10,2.5090572248835995e-10
24,0.9379379379379379,0.04830788708507758,2.148851071021418e-10,2.0600190148201083e-10
24,0.938938938938939,0.04752405097249035,1.758305008338958e-10,1.685615980110425e-10
24,0.93993993993994,0.04674036819247611,1.433706650551767e-10,1.374435117010128e-10
24,0.9409409409409409,0.045956838745034756,1.1648059289047727e-10,1.1166499058518947e-10
24,0.9419419419419419,0.045173462630166285,9.428018162081257e-11,9.038230048512594e-11
24,0.9429429429429429,0.04439023984787071,7.601589171923509e-11,7.287304154408447e-11
24,0.943943943943944,0.043607170398147925,6.104443928181846e-11,5.852051420761902e-11
24,0.944944944944945,0.04282425428099812,4.8818330806756087e-11,4.6799851486784605e-11
24,0.9459459459459459,0.0420414914964212,3.887306365421342e-11,3.726574812666368e-11
24,0.9469469469469469,0.041258882044417175,3.081582913083543e-11,2.954163035302091e-11
24,0.9479479479479479,0.04047642592498604,2.4315568003610673e-11,2.3310122200434096e-11
24,0.948948948948949,0.0396941231381276,1.909424037773981e-11,1.8304676055011387e-11
24,0.94994994994995,0.038911973683842235,1.4919183292361496e-11,1.4302245993083784e-11
24,0.950950950950951,0.03812997756212976,1.1596440117517565e-11,1.1116892784259456e-11
24,0.9519519519519519,0.03734813477299008,8.964955897327504e-12,8.594219073789802e-12
24,0.9529529529529529,0.036566445316423384,6.891542200227325e-12,6.606542286651923e-12
24,0.953953953953954,0.03578490919242948,5.266523830205739e-12,5.048721226056576e-12
24,0.954954954954955,0.03500352640100846,3.999987946448977e-12,3.834560194499788e-12
24,0.955955955955956,0.034222296942160425,3.018563756305165e-12,2.893721768642182e-12
24,0.9569569569569569,0.033441220815885186,2.2626680118789446e-12,2.1690861331207202e-12
24,0.9579579579579579,0.032660298022182926,1.6841580778995993e-12,1.6145011459187433e-12
24,0.958958958958959,0.03187952856105337,1.2443403719498183e-12,1.1928730923267991e-12
24,0.95995995995996,0.03109891243249679,9.122875318613314e-13,8.745534089892099e-13
24,0.960960960960961,0.030318449636513197,6.634227632063097e-13,6.35981547185903e-13
24,0.9619619619619619,0.029538140173102394,4.783344863338025e-13,4.585486183526827e-13
24,0.9629629629629629,0.02875798404226448,3.417886610990817e-13,3.2765054769781447e-13
24,0.963963963963964,0.02797798124399946,2.4191004182630424e-13,2.319031761762605e-13
24,0.964964964964965,0.02719813177830732,1.695071282909124e-13,1.6249511924109583e-13
24,0.965965965965966,0.02641843564518807,1.1751875336142623e-13,1.126572345211569e-13
24,0.9669669669669669,0.02563889284464171,8.056310667900135e-14,7.723029123533906e-14
24,0.9679679679679679,0.024859503376668236,5.457255812048631e-14,5.2314892594369505e-14
24,0.968968968968969,0.024080267241267557,3.6499935943429176e-14,3.4989898945076775e-14
24,0.96996996996997,0.02330118443843986,2.4083952963109533e-14,2.308755364806821e-14
24,0.970970970970971,0.02252225496818505,1.5663279688610454e-14,1.5015244656223568e-14
24,0.9719719719719719,0.02174347883050313,1.0030355141453508e-14,9.615360785317888e-15
24,0.9729729729729729,0.0209648560253941,6.317422419650091e-15,6.056040306850667e-15
24,0.973973973973974,0.02018638655285786,3.908494470928026e-15,3.746777542788578e-15
24,0.974974974974975,0.019408070412894603,2.372012685244635e-15,2.2738665978730813e-15
24,0.975975975975976,0.018629907605504235,1.4098726336124797e-15,1.3515353994225906e-15
24,0.9769769769769769,0.017851898130686755,8.192725142861645e-16,7.853721567788752e-16
24,0.9779779779779779,0.017074041988442163,4.645046721343373e-16,4.452836761851347e-16
24,0.978978978978979,0.01629633917877027,2.563720842288821e-16,2.457632806012788e-16
24,0.97997997997998,0.015518789701671452,1.3738220000005924e-16,1.316971277570525e-16
24,0.980980980980981,0.014741393557145523,7.126132884837068e-17,6.831236634007511e-17
24,0.9819819819819819,0.013964150745192389,3.565432498244253e-17,3.417883136330489e-17
24,0.9829829829829829,0.013187061265812237,1.7136185385847766e-17,1.6427017565571465e-17
24,0.983983983983984,0.012410125119004876,7.873039858240743e-18,7.54721288083579e-18
24,0.984984984984985,0.011633342304770406,3.4377123268073134e-18,3.295438893735135e-18
24,0.985985985985986,0.010856712823108917,1.4165897940835598e-18,1.357961393279579e-18
24,0.986986986986987,0.010080236674020223,5.461798894202719e-19,5.235746415088593e-19
24,0.9879879879879879,0.009303913857504417,1.9494711392142248e-19,1.8687848061681205e-19
24,0.988988988988989,0.008527744373561498,6.355504302547609e-20,6.09245160802324e-20
24,0.98998998998999,0.007751728222191467,1.8600543196189107e-20,1.7830654569030548e-20
24,0.990990990990991,0.006975865403394418,4.7769950602595086e-21,4.5792677863194696e-21
24,0.991991991991992,0.006200155917170163,1.043865571670508e-21,1.0006574048906466e-21
24,0.992992992992993,0.005424599763518703,1.8587367041353268e-22,1.7817973401614168e-22
24,0.993993993993994,0.0046491969424402235,2.5314786297972013e-23,2.4266899416605035e-23
24,0.994994994994995,0.0038739474539347275,2.39044509587494e-24,2.291492246850809e-24
24,0.995995995995996,0.0030988512980020247,1.32771654544514e-25,1.2727543262892764e-25
24,0.996996996996997,0.00232390847464221,3.1867986005287253e-27,3.0548748943584713e-27
24,0.997997997997998,0.001549118983855189,1.6543109560646585e-29,1.5858260796364582e-29
24,0.998998998998999,0.0007744828256411506,2.0401973263219638e-33,1.955735789273597e-33
24,1.0,0.0,0.0,0.0
