epsilon,model,requestIndex,kind,onChain,crossDomain,arrivalOffsetMs,arrivalWallMs,finishWallMs,latencyMs,queueMs,serviceMs,workerId,chainReads,verifiedCertificateSteps,proofNodes,stageTimingsJson,chainTxCount,chainBlockNumbers,chainTxHashes
0,DPKI,0,management,true,false,0,9587.79850000143,9897.346400022507,309.5479000210762,0,309.5479000210762,-1,0,2,0,"{""dpkiManagementDispatchHttp"":11.191399991512299,""dpkiManagementRelayHttp"":0,""dpkiManagementHttpWindow"":16.211800038814545,""dpkiManagementOpenSslIssueKeygen"":53.64989995956421,""dpkiManagementOpenSslIssueCsr"":22.342099964618683,""dpkiManagementOpenSslIssueSignCert"":16.186199963092804,""dpkiManagementOpenSslIssueExtractPubkey"":9.917200028896332,""dpkiManagementIssueCertificate"":105.19889998435974,""dpkiManagementOpenSslVerifyLeaf"":10.376500010490417,""dpkiManagementLeafAssertionSign"":11.62880003452301,""dpkiManagementLeafAssertionVerify"":8.970300018787384,""dpkiManagementOpenSslVerifyIssuerCA"":9.585500001907349,""dpkiManagementIssuerAssertionSign"":12.049000024795532,""dpkiManagementIssuerAssertionVerify"":9.509899973869324,""dpkiManagementVerifyRepositoryUpdateLocal"":0.07639998197555542,""dpkiManagementBuildMpt"":5.2817999720573425,""dpkiManagementPutCertAndRootTx"":88.8691999912262,""dpkiManagementRepositoryHttpVerify"":18.25279998779297}",1,6671076,0x3e3087934ceba57a38611e170409dbe2d22bbf2110a6effa23de6eade7d376a0
0,DPKI,1,management,true,false,1627.1833331842904,11214.98183318572,11498.943833138514,283.9619999527931,0,283.9619999527931,-1,0,2,0,"{""dpkiManagementDispatchHttp"":3.3230000138282776,""dpkiManagementRelayHttp"":0,""dpkiManagementHttpWindow"":23.09060001373291,""dpkiManagementOpenSslIssueKeygen"":39.66069996356964,""dpkiManagementOpenSslIssueCsr"":18.2878999710083,""dpkiManagementOpenSslIssueSignCert"":14.059099972248077,""dpkiManagementOpenSslIssueExtractPubkey"":10.218999981880188,""dpkiManagementIssueCertificate"":83.98580002784729,""dpkiManagementOpenSslVerifyLeaf"":10.578999996185303,""dpkiManagementLeafAssertionSign"":13.041299998760223,""dpkiManagementLeafAssertionVerify"":9.775999963283539,""dpkiManagementOpenSslVerifyIssuerCA"":10.140100002288818,""dpkiManagementIssuerAssertionSign"":12.509399950504303,""dpkiManagementIssuerAssertionVerify"":9.966300010681152,""dpkiManagementVerifyRepositoryUpdateLocal"":0.007599949836730957,""dpkiManagementBuildMpt"":4.119700014591217,""dpkiManagementPutCertAndRootTx"":93.45840001106262,""dpkiManagementRepositoryHttpVerify"":9.067700028419495}",1,6671082,0x4f6f9daa8b7de7b6047ec7b9c1e7a9d5c45c625d17757add88f3dec2442f510e
0,DPKI,2,management,true,false,2592.0137438960624,12179.812243897493,12422.204743880804,242.3924999833107,0,242.3924999833107,-1,0,2,0,"{""dpkiManagementDispatchHttp"":19.078400015830994,""dpkiManagementRelayHttp"":0,""dpkiManagementHttpWindow"":14.896700024604797,""dpkiManagementOpenSslIssueKeygen"":26.56199997663498,""dpkiManagementOpenSslIssueCsr"":17.812799990177155,""dpkiManagementOpenSslIssueSignCert"":13.484799981117249,""dpkiManagementOpenSslIssueExtractPubkey"":8.892300009727478,""dpkiManagementIssueCertificate"":68.36989998817444,""dpkiManagementOpenSslVerifyLeaf"":9.939099967479706,""dpkiManagementLeafAssertionSign"":12.622500002384186,""dpkiManagementLeafAssertionVerify"":9.02480000257492,""dpkiManagementOpenSslVerifyIssuerCA"":8.698199987411499,""dpkiManagementIssuerAssertionSign"":16.393400013446808,""dpkiManagementIssuerAssertionVerify"":9.373500049114227,""dpkiManagementVerifyRepositoryUpdateLocal"":0.007200002670288086,""dpkiManagementBuildMpt"":3.2592999935150146,""dpkiManagementPutCertAndRootTx"":63.44319999217987,""dpkiManagementRepositoryHttpVerify"":6.253999948501587}",1,6671088,0xaef220305d25c6601ef3ff7c54e1cc494e305901099aaa8e0b7cb1e2cd9edbb8
0,DPKI,3,management,true,false,6300.950749741944,15888.749249743374,16136.916149722489,248.16689997911453,0,248.16689997911453,-1,0,2,0,"{""dpkiManagementDispatchHttp"":4.254599988460541,""dpkiManagementRelayHttp"":0,""dpkiManagementHttpWindow"":3.052000045776367,""dpkiManagementOpenSslIssueKeygen"":44.8639999628067,""dpkiManagementOpenSslIssueCsr"":17.39469999074936,""dpkiManagementOpenSslIssueSignCert"":13.096500039100647,""dpkiManagementOpenSslIssueExtractPubkey"":8.911399960517883,""dpkiManagementIssueCertificate"":86.0368999838829,""dpkiManagementOpenSslVerifyLeaf"":9.775200009346008,""dpkiManagementLeafAssertionSign"":12.229700028896332,""dpkiManagementLeafAssertionVerify"":9.489300012588501,""dpkiManagementOpenSslVerifyIssuerCA"":9.050899982452393,""dpkiManagementIssuerAssertionSign"":11.82719999551773,""dpkiManagementIssuerAssertionVerify"":9.100000023841858,""dpkiManagementVerifyRepositoryUpdateLocal"":0.007899999618530273,""dpkiManagementBuildMpt"":2.9336000084877014,""dpkiManagementPutCertAndRootTx"":83.44510000944138,""dpkiManagementRepositoryHttpVerify"":6.129999995231628}",1,6671093,0xdcf53f4636f66c5b636d983b2944ad86ee443404fdac66fdc0fb76d86cc7b283
0,DPKI,4,management,true,false,6434.929098448856,16022.727598450287,16236.368898472889,213.64130002260208,0,213.64130002260208,-1,0,2,0,"{""dpkiManagementDispatchHttp"":10.087500035762787,""dpkiManagementRelayHttp"":0,""dpkiManagementHttpWindow"":2.38400000333786,""dpkiManagementOpenSslIssueKeygen"":37.325800001621246,""dpkiManagementOpenSslIssueCsr"":18.197300016880035,""dpkiManagementOpenSslIssueSignCert"":13.241599977016449,""dpkiManagementOpenSslIssueExtractPubkey"":9.07590001821518,""dpkiManagementIssueCertificate"":79.77079999446869,""dpkiManagementOpenSslVerifyLeaf"":9.82970005273819,""dpkiManagementLeafAssertionSign"":11.433999955654144,""dpkiManagementLeafAssertionVerify"":8.974300026893616,""dpkiManagementOpenSslVerifyIssuerCA"":9.341800034046173,""dpkiManagementIssuerAssertionSign"":11.498800039291382,""dpkiManagementIssuerAssertionVerify"":9.137399971485138,""dpkiManagementVerifyRepositoryUpdateLocal"":0.006699979305267334,""dpkiManagementBuildMpt"":2.8431000113487244,""dpkiManagementPutCertAndRootTx"":52.51840001344681,""dpkiManagementRepositoryHttpVerify"":4.844900012016296}",1,6671095,0x998df2af2244a97849dcca6962ed1c633e689da0fbd7d41ae0964dd87b3f6193
0,DPKI,5,management,true,false,8214.559841589995,17802.358341591425,18092.787741618224,290.42940002679825,0,290.42940002679825,-1,0,2,0,"{""dpkiManagementDispatchHttp"":2.5266000032424927,""dpkiManagementRelayHttp"":0,""dpkiManagementHttpWindow"":21.48309999704361,""dpkiManagementOpenSslIssueKeygen"":24.746899962425232,""dpkiManagementOpenSslIssueCsr"":17.400899946689606,""dpkiManagementOpenSslIssueSignCert"":13.673000037670135,""dpkiManagementOpenSslIssueExtractPubkey"":8.91729998588562,""dpkiManagementIssueCertificate"":66.40310001373291,""dpkiManagementOpenSslVerifyLeaf"":10.150000035762787,""dpkiManagementLeafAssertionSign"":11.80129998922348,""dpkiManagementLeafAssertionVerify"":9.060400009155273,""dpkiManagementOpenSslVerifyIssuerCA"":8.956499993801117,""dpkiManagementIssuerAssertionSign"":11.789799988269806,""dpkiManagementIssuerAssertionVerify"":9.235400021076202,""dpkiManagementVerifyRepositoryUpdateLocal"":0.0076999664306640625,""dpkiManagementBuildMpt"":3.046999990940094,""dpkiManagementPutCertAndRootTx"":118.20230001211166,""dpkiManagementRepositoryHttpVerify"":16.808299958705902}",1,6671099,0x93287bdde57cba99f82bb09f531beaa55785da26c242bc99b4101121d0770e7d
0,DPKI,6,management,true,false,12928.198009665492,22515.996509666922,22779.969609673502,263.97310000658035,0,263.97310000658035,-1,0,2,0,"{""dpkiManagementDispatchHttp"":27.839800000190735,""dpkiManagementRelayHttp"":0,""dpkiManagementHttpWindow"":1.9603000283241272,""dpkiManagementOpenSslIssueKeygen"":28.843299984931946,""dpkiManagementOpenSslIssueCsr"":17.198599994182587,""dpkiManagementOpenSslIssueSignCert"":13.056299984455109,""dpkiManagementOpenSslIssueExtractPubkey"":9.077600002288818,""dpkiManagementIssueCertificate"":69.78500002622604,""dpkiManagementOpenSslVerifyLeaf"":12.448900043964386,""dpkiManagementLeafAssertionSign"":11.832000017166138,""dpkiManagementLeafAssertionVerify"":9.015099942684174,""dpkiManagementOpenSslVerifyIssuerCA"":9.816100001335144,""dpkiManagementIssuerAssertionSign"":11.816799998283386,""dpkiManagementIssuerAssertionVerify"":9.222699999809265,""dpkiManagementVerifyRepositoryUpdateLocal"":0.008099973201751709,""dpkiManagementBuildMpt"":3.1114999651908875,""dpkiManagementPutCertAndRootTx"":79.78469997644424,""dpkiManagementRepositoryHttpVerify"":16.386900007724762}",1,6671103,0xb021a358adff5f5f5a45949d44572aff1fee6d029afb206ebae316439ece43a2
0,DPKI,7,management,true,false,17770.919839436814,27358.718339438245,27609.960339481637,251.24200004339218,0,251.24200004339218,-1,0,2,0,"{""dpkiManagementDispatchHttp"":1.959500014781952,""dpkiManagementRelayHttp"":0,""dpkiManagementHttpWindow"":5.56740003824234,""dpkiManagementOpenSslIssueKeygen"":53.85379999876022,""dpkiManagementOpenSslIssueCsr"":17.263300001621246,""dpkiManagementOpenSslIssueSignCert"":13.287000000476837,""dpkiManagementOpenSslIssueExtractPubkey"":8.86269998550415,""dpkiManagementIssueCertificate"":94.90139997005463,""dpkiManagementOpenSslVerifyLeaf"":9.570499956607819,""dpkiManagementLeafAssertionSign"":11.701900005340576,""dpkiManagementLeafAssertionVerify"":8.93639999628067,""dpkiManagementOpenSslVerifyIssuerCA"":9.057799994945526,""dpkiManagementIssuerAssertionSign"":12.105199992656708,""dpkiManagementIssuerAssertionVerify"":9.30979996919632,""dpkiManagementVerifyRepositoryUpdateLocal"":0.008000016212463379,""dpkiManagementBuildMpt"":2.7598000168800354,""dpkiManagementPutCertAndRootTx"":80.78990000486374,""dpkiManagementRepositoryHttpVerify"":3.677899956703186}",1,6671109,0x778660fc18811934647013a595667c792074a7752740d16d02be118cec18e717
0,DPKI,8,management,true,false,19706.20201100431,29294.00051100574,29552.594210997442,258.59369999170303,0,258.59369999170303,-1,0,2,0,"{""dpkiManagementDispatchHttp"":24.075600028038025,""dpkiManagementRelayHttp"":0,""dpkiManagementHttpWindow"":15.455399990081787,""dpkiManagementOpenSslIssueKeygen"":28.822899997234344,""dpkiManagementOpenSslIssueCsr"":17.65169996023178,""dpkiManagementOpenSslIssueSignCert"":13.01450002193451,""dpkiManagementOpenSslIssueExtractPubkey"":9.067300021648407,""dpkiManagementIssueCertificate"":70.35589998960495,""dpkiManagementOpenSslVerifyLeaf"":9.481399953365326,""dpkiManagementLeafAssertionSign"":11.908699989318848,""dpkiManagementLeafAssertionVerify"":8.953799962997437,""dpkiManagementOpenSslVerifyIssuerCA"":8.716500043869019,""dpkiManagementIssuerAssertionSign"":11.704500019550323,""dpkiManagementIssuerAssertionVerify"":8.990700006484985,""dpkiManagementVerifyRepositoryUpdateLocal"":0.0076999664306640625,""dpkiManagementBuildMpt"":2.4538000226020813,""dpkiManagementPutCertAndRootTx"":68.0968000292778,""dpkiManagementRepositoryHttpVerify"":17.264299988746643}",1,6671112,0x5a4ec640ed9f3a83f2536fdfad40c3fbd6cc16bd026c35be2d4642a171ab8db0
0,DPKI,9,management,true,false,21816.578178346903,31404.376678348333,31640.318878353388,235.94220000505447,0,235.94220000505447,-1,0,2,0,"{""dpkiManagementDispatchHttp"":4.425499975681305,""dpkiManagementRelayHttp"":0,""dpkiManagementHttpWindow"":5.835200011730194,""dpkiManagementOpenSslIssueKeygen"":32.084299981594086,""dpkiManagementOpenSslIssueCsr"":17.411199986934662,""dpkiManagementOpenSslIssueSignCert"":12.768499970436096,""dpkiManagementOpenSslIssueExtractPubkey"":8.8885999917984,""dpkiManagementIssueCertificate"":72.84839999675751,""dpkiManagementOpenSslVerifyLeaf"":9.581999957561493,""dpkiManagementLeafAssertionSign"":12.460899949073792,""dpkiManagementLeafAssertionVerify"":9.09529995918274,""dpkiManagementOpenSslVerifyIssuerCA"":8.931699991226196,""dpkiManagementIssuerAssertionSign"":12.193599998950958,""dpkiManagementIssuerAssertionVerify"":9.339599967002869,""dpkiManagementVerifyRepositoryUpdateLocal"":0.008799970149993896,""dpkiManagementBuildMpt"":3.469200015068054,""dpkiManagementPutCertAndRootTx"":81.97820001840591,""dpkiManagementRepositoryHttpVerify"":4.929000020027161}",1,6671118,0xe6be2ce44e3a637ab210f59f20ca103c9ec5946208565748800ca743263eda31
0,DPKI,10,management,true,false,21906.944004578476,31494.742504579906,31729.815304560547,235.0727999806404,0,235.0727999806404,-1,0,2,0,"{""dpkiManagementDispatchHttp"":24.606700003147125,""dpkiManagementRelayHttp"":0,""dpkiManagementHttpWindow"":2.294600009918213,""dpkiManagementOpenSslIssueKeygen"":28.943899989128113,""dpkiManagementOpenSslIssueCsr"":17.812200009822845,""dpkiManagementOpenSslIssueSignCert"":13.935399949550629,""dpkiManagementOpenSslIssueExtractPubkey"":9.355800032615662,""dpkiManagementIssueCertificate"":71.6492999792099,""dpkiManagementOpenSslVerifyLeaf"":9.554700016975403,""dpkiManagementLeafAssertionSign"":11.924700021743774,""dpkiManagementLeafAssertionVerify"":9.119100034236908,""dpkiManagementOpenSslVerifyIssuerCA"":9.541599988937378,""dpkiManagementIssuerAssertionSign"":15.654799997806549,""dpkiManagementIssuerAssertionVerify"":8.948499977588654,""dpkiManagementVerifyRepositoryUpdateLocal"":0.009499967098236084,""dpkiManagementBuildMpt"":2.3525999784469604,""dpkiManagementPutCertAndRootTx"":62.21770000457764,""dpkiManagementRepositoryHttpVerify"":6.461700022220612}",1,6671121,0x8f7b3ad96f394c5a4182e706bf0dd343b7ef7bb510951742c4e7dd501d1d9ec8
0,DPKI,11,management,true,false,22097.06425029293,31684.86275029436,31989.581950309428,304.71920001506805,0,304.71920001506805,-1,0,2,0,"{""dpkiManagementDispatchHttp"":21.890399992465973,""dpkiManagementRelayHttp"":0,""dpkiManagementHttpWindow"":15.897300004959106,""dpkiManagementOpenSslIssueKeygen"":65.60379999876022,""dpkiManagementOpenSslIssueCsr"":17.709600031375885,""dpkiManagementOpenSslIssueSignCert"":13.53030002117157,""dpkiManagementOpenSslIssueExtractPubkey"":8.793999969959259,""dpkiManagementIssueCertificate"":107.22100001573563,""dpkiManagementOpenSslVerifyLeaf"":9.74150002002716,""dpkiManagementLeafAssertionSign"":12.443700015544891,""dpkiManagementLeafAssertionVerify"":9.552500009536743,""dpkiManagementOpenSslVerifyIssuerCA"":9.195100009441376,""dpkiManagementIssuerAssertionSign"":13.268299996852875,""dpkiManagementIssuerAssertionVerify"":9.878399968147278,""dpkiManagementVerifyRepositoryUpdateLocal"":0.01510000228881836,""dpkiManagementBuildMpt"":2.343600034713745,""dpkiManagementPutCertAndRootTx"":88.66470003128052,""dpkiManagementRepositoryHttpVerify"":3.9202000498771667}",1,6671128,0x3d09f802b4f8adccc6b25917cce771995b85b425732829fc88a0b41a7faa63db
0,DPKI,12,management,true,false,22600.80183945671,32188.600339458142,32478.530339465295,289.93000000715256,0,289.93000000715256,-1,0,2,0,"{""dpkiManagementDispatchHttp"":24.608300030231476,""dpkiManagementRelayHttp"":0,""dpkiManagementHttpWindow"":5.075999975204468,""dpkiManagementOpenSslIssueKeygen"":54.78700000047684,""dpkiManagementOpenSslIssueCsr"":17.200999975204468,""dpkiManagementOpenSslIssueSignCert"":13.19709998369217,""dpkiManagementOpenSslIssueExtractPubkey"":9.985700011253357,""dpkiManagementIssueCertificate"":96.71050000190735,""dpkiManagementOpenSslVerifyLeaf"":9.616000056266785,""dpkiManagementLeafAssertionSign"":12.030700027942657,""dpkiManagementLeafAssertionVerify"":8.851000010967255,""dpkiManagementOpenSslVerifyIssuerCA"":9.09029996395111,""dpkiManagementIssuerAssertionSign"":12.057799994945526,""dpkiManagementIssuerAssertionVerify"":9.203100025653839,""dpkiManagementVerifyRepositoryUpdateLocal"":0.012100040912628174,""dpkiManagementBuildMpt"":3.09170001745224,""dpkiManagementPutCertAndRootTx"":81.85479998588562,""dpkiManagementRepositoryHttpVerify"":16.964600026607513}",1,6671132,0xa4541ab36a4f388a0ff4ed00e85d8bb2defae07424859d384234c7d2798736f1
0,DPKI,13,management,true,false,23305.304509109243,32893.10300911067,33137.24550915359,244.14250004291534,0,244.14250004291534,-1,0,2,0,"{""dpkiManagementDispatchHttp"":13.075199961662292,""dpkiManagementRelayHttp"":0,""dpkiManagementHttpWindow"":1.707900047302246,""dpkiManagementOpenSslIssueKeygen"":20.877699971199036,""dpkiManagementOpenSslIssueCsr"":16.92519998550415,""dpkiManagementOpenSslIssueSignCert"":13.165700018405914,""dpkiManagementOpenSslIssueExtractPubkey"":8.93199998140335,""dpkiManagementIssueCertificate"":61.44580000638962,""dpkiManagementOpenSslVerifyLeaf"":9.566699981689453,""dpkiManagementLeafAssertionSign"":11.949900031089783,""dpkiManagementLeafAssertionVerify"":9.183499991893768,""dpkiManagementOpenSslVerifyIssuerCA"":8.830799996852875,""dpkiManagementIssuerAssertionSign"":11.628499984741211,""dpkiManagementIssuerAssertionVerify"":9.384700000286102,""dpkiManagementVerifyRepositoryUpdateLocal"":0.0051000118255615234,""dpkiManagementBuildMpt"":2.364199995994568,""dpkiManagementPutCertAndRootTx"":94.76219999790192,""dpkiManagementRepositoryHttpVerify"":9.522700011730194}",1,6671135,0xe3bfe68f810dd847dff86f7e5f5cc0c54163edd0282cadadc3279b4369b7146a
0,DPKI,14,management,true,false,25541.556278473734,35129.354778475164,35378.77777845323,249.4229999780655,0,249.4229999780655,-1,0,2,0,"{""dpkiManagementDispatchHttp"":15.249099969863892,""dpkiManagementRelayHttp"":0,""dpkiManagementHttpWindow"":1.5224999785423279,""dpkiManagementOpenSslIssueKeygen"":19.83780002593994,""dpkiManagementOpenSslIssueCsr"":18.341499984264374,""dpkiManagementOpenSslIssueSignCert"":13.462199985980988,""dpkiManagementOpenSslIssueExtractPubkey"":9.399199962615967,""dpkiManagementIssueCertificate"":63.30070000886917,""dpkiManagementOpenSslVerifyLeaf"":10.716500043869019,""dpkiManagementLeafAssertionSign"":12.877900004386902,""dpkiManagementLeafAssertionVerify"":10.100899994373322,""dpkiManagementOpenSslVerifyIssuerCA"":9.366800010204315,""dpkiManagementIssuerAssertionSign"":21.43910002708435,""dpkiManagementIssuerAssertionVerify"":8.850299954414368,""dpkiManagementVerifyRepositoryUpdateLocal"":0.005800008773803711,""dpkiManagementBuildMpt"":3.068399965763092,""dpkiManagementPutCertAndRootTx"":62.23699998855591,""dpkiManagementRepositoryHttpVerify"":29.765999972820282}",1,6671140,0x3c7f248bb4cf2c31e1e932dd7a5bcfeb4e01bb5ef3c1bc35733088030f86456b
0,DPKI,15,management,true,false,28134.88348186684,37722.68198186827,37960.90658188534,238.22460001707077,0,238.22460001707077,-1,0,2,0,"{""dpkiManagementDispatchHttp"":13.103700041770935,""dpkiManagementRelayHttp"":0,""dpkiManagementHttpWindow"":1.0365999937057495,""dpkiManagementOpenSslIssueKeygen"":36.55070000886917,""dpkiManagementOpenSslIssueCsr"":17.958700001239777,""dpkiManagementOpenSslIssueSignCert"":14.012000024318695,""dpkiManagementOpenSslIssueExtractPubkey"":10.05019998550415,""dpkiManagementIssueCertificate"":80.24590003490448,""dpkiManagementOpenSslVerifyLeaf"":9.926200032234192,""dpkiManagementLeafAssertionSign"":12.982400000095367,""dpkiManagementLeafAssertionVerify"":9.91380000114441,""dpkiManagementOpenSslVerifyIssuerCA"":9.372300028800964,""dpkiManagementIssuerAssertionSign"":12.313799977302551,""dpkiManagementIssuerAssertionVerify"":9.58109998703003,""dpkiManagementVerifyRepositoryUpdateLocal"":0.006200015544891357,""dpkiManagementBuildMpt"":2.3838000297546387,""dpkiManagementPutCertAndRootTx"":69.12259995937347,""dpkiManagementRepositoryHttpVerify"":7.367599964141846}",1,6671144,0x469826b67fb84978cae94004f5eae573f9c0d0c5123d4986beee6da3cfe75b00
0,DPKI,16,management,true,false,28462.689988128106,38050.48848812954,38374.26838814394,323.7799000144005,0,323.7799000144005,-1,0,2,0,"{""dpkiManagementDispatchHttp"":21.814900040626526,""dpkiManagementRelayHttp"":0,""dpkiManagementHttpWindow"":4.669699966907501,""dpkiManagementOpenSslIssueKeygen"":88.79099994897842,""dpkiManagementOpenSslIssueCsr"":17.425099968910217,""dpkiManagementOpenSslIssueSignCert"":13.137100040912628,""dpkiManagementOpenSslIssueExtractPubkey"":8.549000024795532,""dpkiManagementIssueCertificate"":129.39769995212555,""dpkiManagementOpenSslVerifyLeaf"":9.156599998474121,""dpkiManagementLeafAssertionSign"":11.8439000248909,""dpkiManagementLeafAssertionVerify"":9.299499988555908,""dpkiManagementOpenSslVerifyIssuerCA"":9.230299949645996,""dpkiManagementIssuerAssertionSign"":11.705600023269653,""dpkiManagementIssuerAssertionVerify"":8.649399995803833,""dpkiManagementVerifyRepositoryUpdateLocal"":0.004999995231628418,""dpkiManagementBuildMpt"":3.0376999974250793,""dpkiManagementPutCertAndRootTx"":94.85399997234344,""dpkiManagementRepositoryHttpVerify"":9.379800021648407}",1,6671152,0x39ec21b9507de6a5eebcbc153caf1d479036a3a7b7e62f9dfef40cadd6716bb2
0,DPKI,17,management,true,false,29186.94141232755,38774.73991232898,38976.87091231134,202.13099998235703,0,202.13099998235703,-1,0,2,0,"{""dpkiManagementDispatchHttp"":6.424600005149841,""dpkiManagementRelayHttp"":0,""dpkiManagementHttpWindow"":12.776199996471405,""dpkiManagementOpenSslIssueKeygen"":19.125699996948242,""dpkiManagementOpenSslIssueCsr"":17.824000000953674,""dpkiManagementOpenSslIssueSignCert"":13.244400024414062,""dpkiManagementOpenSslIssueExtractPubkey"":8.834200024604797,""dpkiManagementIssueCertificate"":60.626399993896484,""dpkiManagementOpenSslVerifyLeaf"":9.099799990653992,""dpkiManagementLeafAssertionSign"":11.762499988079071,""dpkiManagementLeafAssertionVerify"":9.046099960803986,""dpkiManagementOpenSslVerifyIssuerCA"":9.24590003490448,""dpkiManagementIssuerAssertionSign"":11.921500027179718,""dpkiManagementIssuerAssertionVerify"":8.87550002336502,""dpkiManagementVerifyRepositoryUpdateLocal"":0.005200028419494629,""dpkiManagementBuildMpt"":2.473200023174286,""dpkiManagementPutCertAndRootTx"":49.530099987983704,""dpkiManagementRepositoryHttpVerify"":9.555599987506866}",1,6671156,0x72e725ff5443725ddb6e05357d0382bc45973d78a342e4bab40ac170a0fb700f
0,DPKI,18,management,true,false,30714.953432695223,40302.75193269666,40554.87433268245,252.12239998579025,0,252.12239998579025,-1,0,2,0,"{""dpkiManagementDispatchHttp"":18.78910005092621,""dpkiManagementRelayHttp"":0,""dpkiManagementHttpWindow"":5.249000012874603,""dpkiManagementOpenSslIssueKeygen"":37.994199991226196,""dpkiManagementOpenSslIssueCsr"":17.26510000228882,""dpkiManagementOpenSslIssueSignCert"":12.761799991130829,""dpkiManagementOpenSslIssueExtractPubkey"":8.865299999713898,""dpkiManagementIssueCertificate"":78.39120000600815,""dpkiManagementOpenSslVerifyLeaf"":9.057999968528748,""dpkiManagementLeafAssertionSign"":11.802200019359589,""dpkiManagementLeafAssertionVerify"":9.079100012779236,""dpkiManagementOpenSslVerifyIssuerCA"":8.842500030994415,""dpkiManagementIssuerAssertionSign"":11.393400013446808,""dpkiManagementIssuerAssertionVerify"":8.877299964427948,""dpkiManagementVerifyRepositoryUpdateLocal"":0.0054000020027160645,""dpkiManagementBuildMpt"":3.046999990940094,""dpkiManagementPutCertAndRootTx"":72.64320003986359,""dpkiManagementRepositoryHttpVerify"":14.166399955749512}",1,6671158,0x5d904e57124b3fbe8b981e76125a15c47f0e97df7f97c7fa5c015302075a8be3
0,DPKI,19,management,true,false,31332.070758028734,40919.869258030165,41228.29205803465,308.42280000448227,0,308.42280000448227,-1,0,2,0,"{""dpkiManagementDispatchHttp"":27.57240003347397,""dpkiManagementRelayHttp"":0,""dpkiManagementHttpWindow"":5.547500014305115,""dpkiManagementOpenSslIssueKeygen"":57.14850002527237,""dpkiManagementOpenSslIssueCsr"":17.505099952220917,""dpkiManagementOpenSslIssueSignCert"":13.960200011730194,""dpkiManagementOpenSslIssueExtractPubkey"":9.125400006771088,""dpkiManagementIssueCertificate"":99.255499958992,""dpkiManagementOpenSslVerifyLeaf"":9.629899978637695,""dpkiManagementLeafAssertionSign"":11.621399998664856,""dpkiManagementLeafAssertionVerify"":8.991100013256073,""dpkiManagementOpenSslVerifyIssuerCA"":9.159799993038177,""dpkiManagementIssuerAssertionSign"":11.939799964427948,""dpkiManagementIssuerAssertionVerify"":9.429700016975403,""dpkiManagementVerifyRepositoryUpdateLocal"":0.005299985408782959,""dpkiManagementBuildMpt"":2.9774999618530273,""dpkiManagementPutCertAndRootTx"":94.69480001926422,""dpkiManagementRepositoryHttpVerify"":16.803900003433228}",1,6671164,0x7e9e6cfac1100efcfcf8f86dec822bff6add50ee5ae5f39d022157c1896282a4
0,DPKI,20,management,true,false,33096.06869282374,42683.86719282517,42873.77719279179,189.9099999666214,0,189.9099999666214,-1,0,2,0,"{""dpkiManagementDispatchHttp"":12.916099965572357,""dpkiManagementRelayHttp"":0,""dpkiManagementHttpWindow"":2.633199989795685,""dpkiManagementOpenSslIssueKeygen"":21.20329999923706,""dpkiManagementOpenSslIssueCsr"":16.917900025844574,""dpkiManagementOpenSslIssueSignCert"":14.411199986934662,""dpkiManagementOpenSslIssueExtractPubkey"":8.877600014209747,""dpkiManagementIssueCertificate"":63.01380002498627,""dpkiManagementOpenSslVerifyLeaf"":9.491999983787537,""dpkiManagementLeafAssertionSign"":11.726700007915497,""dpkiManagementLeafAssertionVerify"":8.922900021076202,""dpkiManagementOpenSslVerifyIssuerCA"":8.818699955940247,""dpkiManagementIssuerAssertionSign"":11.587999999523163,""dpkiManagementIssuerAssertionVerify"":8.98769998550415,""dpkiManagementVerifyRepositoryUpdateLocal"":0.005800008773803711,""dpkiManagementBuildMpt"":2.311800003051758,""dpkiManagementPutCertAndRootTx"":43.971599996089935,""dpkiManagementRepositoryHttpVerify"":4.779900014400482}",1,6671167,0xb30514685bb91eacef61aef8431e23781fdf56ab56cf60f694f8de20bf2089af
0,DPKI,21,management,true,false,33909.254674215634,43497.053174217064,43759.54517426046,262.4920000433922,0,262.4920000433922,-1,0,2,0,"{""dpkiManagementDispatchHttp"":5.396799981594086,""dpkiManagementRelayHttp"":0,""dpkiManagementHttpWindow"":5.82150000333786,""dpkiManagementOpenSslIssueKeygen"":56.03839999437332,""dpkiManagementOpenSslIssueCsr"":17.325199961662292,""dpkiManagementOpenSslIssueSignCert"":13.557000041007996,""dpkiManagementOpenSslIssueExtractPubkey"":8.989099979400635,""dpkiManagementIssueCertificate"":97.4699000120163,""dpkiManagementOpenSslVerifyLeaf"":9.171400010585785,""dpkiManagementLeafAssertionSign"":11.386600017547607,""dpkiManagementLeafAssertionVerify"":9.508500039577484,""dpkiManagementOpenSslVerifyIssuerCA"":9.350800037384033,""dpkiManagementIssuerAssertionSign"":12.020599961280823,""dpkiManagementIssuerAssertionVerify"":9.20389997959137,""dpkiManagementVerifyRepositoryUpdateLocal"":0.005299985408782959,""dpkiManagementBuildMpt"":2.4986000061035156,""dpkiManagementPutCertAndRootTx"":86.13609999418259,""dpkiManagementRepositoryHttpVerify"":3.750699996948242}",1,6671171,0x2fc8d3094c9f80ee5a09f70d14e95ee9e2a199209f65eb9dd8d6042fb02be71c
0,DPKI,22,management,true,false,37995.80242605419,47583.600926055624,47893.21252603741,309.6115999817848,0,309.6115999817848,-1,0,2,0,"{""dpkiManagementDispatchHttp"":37.942200005054474,""dpkiManagementRelayHttp"":0,""dpkiManagementHttpWindow"":15.217999994754791,""dpkiManagementOpenSslIssueKeygen"":67.7995999455452,""dpkiManagementOpenSslIssueCsr"":17.861299991607666,""dpkiManagementOpenSslIssueSignCert"":14.546599984169006,""dpkiManagementOpenSslIssueExtractPubkey"":10.228900015354156,""dpkiManagementIssueCertificate"":112.06630003452301,""dpkiManagementOpenSslVerifyLeaf"":9.130600035190582,""dpkiManagementLeafAssertionSign"":12.179199993610382,""dpkiManagementLeafAssertionVerify"":9.271200001239777,""dpkiManagementOpenSslVerifyIssuerCA"":9.130399942398071,""dpkiManagementIssuerAssertionSign"":12.06690001487732,""dpkiManagementIssuerAssertionVerify"":9.218699991703033,""dpkiManagementVerifyRepositoryUpdateLocal"":0.0056999921798706055,""dpkiManagementBuildMpt"":2.3751999735832214,""dpkiManagementPutCertAndRootTx"":74.38489997386932,""dpkiManagementRepositoryHttpVerify"":5.532599985599518}",1,6671176,0xb1beedb52461f029fae1949c474974049bac14495538376852b5bc250b803f2d
0,DPKI,23,management,true,false,39126.32666480499,48714.12516480642,49047.93706482607,333.8119000196457,0,333.8119000196457,-1,0,2,0,"{""dpkiManagementDispatchHttp"":20.920400023460388,""dpkiManagementRelayHttp"":0,""dpkiManagementHttpWindow"":14.793200016021729,""dpkiManagementOpenSslIssueKeygen"":35.03229999542236,""dpkiManagementOpenSslIssueCsr"":17.525400042533875,""dpkiManagementOpenSslIssueSignCert"":13.3817999958992,""dpkiManagementOpenSslIssueExtractPubkey"":9.646399974822998,""dpkiManagementIssueCertificate"":77.09129995107651,""dpkiManagementOpenSslVerifyLeaf"":9.475300014019012,""dpkiManagementLeafAssertionSign"":11.767199993133545,""dpkiManagementLeafAssertionVerify"":9.481700003147125,""dpkiManagementOpenSslVerifyIssuerCA"":9.728500008583069,""dpkiManagementIssuerAssertionSign"":12.108300030231476,""dpkiManagementIssuerAssertionVerify"":9.207499980926514,""dpkiManagementVerifyRepositoryUpdateLocal"":0.0048999786376953125,""dpkiManagementBuildMpt"":2.350800037384033,""dpkiManagementPutCertAndRootTx"":151.80680000782013,""dpkiManagementRepositoryHttpVerify"":4.295500040054321}",1,6671180,0xacc77d6e67db7894061b112195a64df1afa7794cedddd8913947c84af1ee1647
0,DPKI,24,management,true,false,40260.96870660409,49848.767206605524,50088.52250659093,239.75529998540878,0,239.75529998540878,-1,0,2,0,"{""dpkiManagementDispatchHttp"":9.971900045871735,""dpkiManagementRelayHttp"":0,""dpkiManagementHttpWindow"":3.642400026321411,""dpkiManagementOpenSslIssueKeygen"":19.330099999904633,""dpkiManagementOpenSslIssueCsr"":17.33739995956421,""dpkiManagementOpenSslIssueSignCert"":13.77920001745224,""dpkiManagementOpenSslIssueExtractPubkey"":9.15389996767044,""dpkiManagementIssueCertificate"":61.13359999656677,""dpkiManagementOpenSslVerifyLeaf"":9.695800006389618,""dpkiManagementLeafAssertionSign"":11.94190001487732,""dpkiManagementLeafAssertionVerify"":9.018199980258942,""dpkiManagementOpenSslVerifyIssuerCA"":8.87830001115799,""dpkiManagementIssuerAssertionSign"":12.227699995040894,""dpkiManagementIssuerAssertionVerify"":11.508899986743927,""dpkiManagementVerifyRepositoryUpdateLocal"":0.005900025367736816,""dpkiManagementBuildMpt"":2.395699977874756,""dpkiManagementPutCertAndRootTx"":85.86570000648499,""dpkiManagementRepositoryHttpVerify"":12.632700026035309}",1,6671183,0x12664e53fd7ff51fc43ce963f1c19ca7080f9294c2a0d63275cc982ef1d16ec7
0,DPKI,25,management,true,false,40356.79138212501,49944.58988212644,50253.736882141224,309.14700001478195,0,309.14700001478195,-1,0,2,0,"{""dpkiManagementDispatchHttp"":12.20440000295639,""dpkiManagementRelayHttp"":0,""dpkiManagementHttpWindow"":15.037900030612946,""dpkiManagementOpenSslIssueKeygen"":62.14579999446869,""dpkiManagementOpenSslIssueCsr"":17.82590001821518,""dpkiManagementOpenSslIssueSignCert"":13.539200007915497,""dpkiManagementOpenSslIssueExtractPubkey"":10.29559999704361,""dpkiManagementIssueCertificate"":105.28780001401901,""dpkiManagementOpenSslVerifyLeaf"":9.266400039196014,""dpkiManagementLeafAssertionSign"":11.746999979019165,""dpkiManagementLeafAssertionVerify"":9.07480001449585,""dpkiManagementOpenSslVerifyIssuerCA"":9.319199979305267,""dpkiManagementIssuerAssertionSign"":12.117699980735779,""dpkiManagementIssuerAssertionVerify"":9.41650003194809,""dpkiManagementVerifyRepositoryUpdateLocal"":0.0065999627113342285,""dpkiManagementBuildMpt"":2.3015999794006348,""dpkiManagementPutCertAndRootTx"":107.64179998636246,""dpkiManagementRepositoryHttpVerify"":4.969099998474121}",1,6671189,0x77a72ddf0f480327002c2f81e890465539a27cce45a34f7a2dfcb13e91b633d1
0,DPKI,26,management,true,false,41320.58689125129,50908.38539125272,51213.647791224204,305.26239997148514,0,305.26239997148514,-1,0,2,0,"{""dpkiManagementDispatchHttp"":25.786200046539307,""dpkiManagementRelayHttp"":0,""dpkiManagementHttpWindow"":4.085200011730194,""dpkiManagementOpenSslIssueKeygen"":52.40139997005463,""dpkiManagementOpenSslIssueCsr"":17.74269998073578,""dpkiManagementOpenSslIssueSignCert"":13.502799987792969,""dpkiManagementOpenSslIssueExtractPubkey"":9.792099952697754,""dpkiManagementIssueCertificate"":95.00760000944138,""dpkiManagementOpenSslVerifyLeaf"":9.620700001716614,""dpkiManagementLeafAssertionSign"":12.267899990081787,""dpkiManagementLeafAssertionVerify"":9.653400003910065,""dpkiManagementOpenSslVerifyIssuerCA"":9.716499984264374,""dpkiManagementIssuerAssertionSign"":12.457599997520447,""dpkiManagementIssuerAssertionVerify"":9.463899970054626,""dpkiManagementVerifyRepositoryUpdateLocal"":0.004700005054473877,""dpkiManagementBuildMpt"":2.3468000292778015,""dpkiManagementPutCertAndRootTx"":109.17660003900528,""dpkiManagementRepositoryHttpVerify"":4.6575000286102295}",1,6671193,0xd73c065b79d3ca1ae4a7e84e6b899c04de0593ac10f880ec80b461aa16e40269
0,DPKI,27,management,true,false,45552.767206730176,55140.565706731606,55384.6786067503,244.11290001869202,0,244.11290001869202,-1,0,2,0,"{""dpkiManagementDispatchHttp"":3.6424999833106995,""dpkiManagementRelayHttp"":0,""dpkiManagementHttpWindow"":4.003199994564056,""dpkiManagementOpenSslIssueKeygen"":20.670400023460388,""dpkiManagementOpenSslIssueCsr"":18.013100028038025,""dpkiManagementOpenSslIssueSignCert"":15.845899999141693,""dpkiManagementOpenSslIssueExtractPubkey"":11.062900006771088,""dpkiManagementIssueCertificate"":67.31819999217987,""dpkiManagementOpenSslVerifyLeaf"":12.204600036144257,""dpkiManagementLeafAssertionSign"":14.905099987983704,""dpkiManagementLeafAssertionVerify"":11.163899958133698,""dpkiManagementOpenSslVerifyIssuerCA"":9.662900030612946,""dpkiManagementIssuerAssertionSign"":12.277499973773956,""dpkiManagementIssuerAssertionVerify"":9.636799991130829,""dpkiManagementVerifyRepositoryUpdateLocal"":0.0059999823570251465,""dpkiManagementBuildMpt"":2.491800010204315,""dpkiManagementPutCertAndRootTx"":77.97909998893738,""dpkiManagementRepositoryHttpVerify"":17.93549996614456}",1,6671196,0x3f89198f068f8adb2c72f9277ab8ff3e2f4a776b171dd030ea34e6185d29f973
0,DPKI,28,management,true,false,48555.01484577379,58142.81334577522,58507.606545731636,364.7931999564171,0,364.7931999564171,-1,0,2,0,"{""dpkiManagementDispatchHttp"":5.2414000034332275,""dpkiManagementRelayHttp"":0,""dpkiManagementHttpWindow"":20.159799993038177,""dpkiManagementOpenSslIssueKeygen"":38.39210003614426,""dpkiManagementOpenSslIssueCsr"":17.24210000038147,""dpkiManagementOpenSslIssueSignCert"":13.410399973392487,""dpkiManagementOpenSslIssueExtractPubkey"":8.7010999917984,""dpkiManagementIssueCertificate"":79.4539999961853,""dpkiManagementOpenSslVerifyLeaf"":9.324099957942963,""dpkiManagementLeafAssertionSign"":13.180299997329712,""dpkiManagementLeafAssertionVerify"":10.63809996843338,""dpkiManagementOpenSslVerifyIssuerCA"":9.78899997472763,""dpkiManagementIssuerAssertionSign"":13.165600001811981,""dpkiManagementIssuerAssertionVerify"":10.678400039672852,""dpkiManagementVerifyRepositoryUpdateLocal"":0.008000016212463379,""dpkiManagementBuildMpt"":2.3995999693870544,""dpkiManagementPutCertAndRootTx"":159.11739999055862,""dpkiManagementRepositoryHttpVerify"":30.833400011062622}",1,6671200,0x16e9d81ab04fab50f281a38a73d00ee36ad76d5d5ae091319512bf9c0aad69d5
0,DPKI,29,management,true,false,48925.37279849322,58513.17129849465,58789.82099848063,276.649699985981,0,276.649699985981,-1,0,2,0,"{""dpkiManagementDispatchHttp"":27.847699999809265,""dpkiManagementRelayHttp"":0,""dpkiManagementHttpWindow"":1.4316999912261963,""dpkiManagementOpenSslIssueKeygen"":39.983900010585785,""dpkiManagementOpenSslIssueCsr"":17.31269997358322,""dpkiManagementOpenSslIssueSignCert"":20.770600020885468,""dpkiManagementOpenSslIssueExtractPubkey"":8.995799958705902,""dpkiManagementIssueCertificate"":88.5673999786377,""dpkiManagementOpenSslVerifyLeaf"":9.313800036907196,""dpkiManagementLeafAssertionSign"":12.011399984359741,""dpkiManagementLeafAssertionVerify"":9.585399985313416,""dpkiManagementOpenSslVerifyIssuerCA"":9.521200001239777,""dpkiManagementIssuerAssertionSign"":12.221599996089935,""dpkiManagementIssuerAssertionVerify"":9.162500023841858,""dpkiManagementVerifyRepositoryUpdateLocal"":0.0048999786376953125,""dpkiManagementBuildMpt"":3.098800003528595,""dpkiManagementPutCertAndRootTx"":78.36479997634888,""dpkiManagementRepositoryHttpVerify"":14.680899977684021}",1,6671205,0xf288406660611e7f864ab003e57ad90691afa6a9aaecbecff5ad581ce2ddbcd5
0,DPKI,30,management,true,false,49589.52090956908,59177.31940957051,59498.72270955783,321.40329998731613,0,321.40329998731613,-1,0,2,0,"{""dpkiManagementDispatchHttp"":11.414900004863739,""dpkiManagementRelayHttp"":0,""dpkiManagementHttpWindow"":17.928399980068207,""dpkiManagementOpenSslIssueKeygen"":44.01230001449585,""dpkiManagementOpenSslIssueCsr"":18.286300003528595,""dpkiManagementOpenSslIssueSignCert"":13.493099987506866,""dpkiManagementOpenSslIssueExtractPubkey"":9.324899971485138,""dpkiManagementIssueCertificate"":86.57749998569489,""dpkiManagementOpenSslVerifyLeaf"":9.3575000166893,""dpkiManagementLeafAssertionSign"":12.143200039863586,""dpkiManagementLeafAssertionVerify"":9.898400008678436,""dpkiManagementOpenSslVerifyIssuerCA"":9.073000013828278,""dpkiManagementIssuerAssertionSign"":12.144099950790405,""dpkiManagementIssuerAssertionVerify"":9.17280000448227,""dpkiManagementVerifyRepositoryUpdateLocal"":0.0057999491691589355,""dpkiManagementBuildMpt"":2.431999981403351,""dpkiManagementPutCertAndRootTx"":126.84479999542236,""dpkiManagementRepositoryHttpVerify"":13.699699997901917}",1,6671209,0x07c43e23547e524ec4ea51e753c02498eecc181417a80edf4e66f6704946a467
0,DPKI,31,management,true,false,54571.419244249155,64159.217744250585,64388.70654423981,229.48879998922348,0,229.48879998922348,-1,0,2,0,"{""dpkiManagementDispatchHttp"":3.7109000086784363,""dpkiManagementRelayHttp"":0,""dpkiManagementHttpWindow"":1.6797000169754028,""dpkiManagementOpenSslIssueKeygen"":17.315100014209747,""dpkiManagementOpenSslIssueCsr"":17.13230001926422,""dpkiManagementOpenSslIssueSignCert"":13.597399950027466,""dpkiManagementOpenSslIssueExtractPubkey"":9.097499966621399,""dpkiManagementIssueCertificate"":58.69410002231598,""dpkiManagementOpenSslVerifyLeaf"":9.342700004577637,""dpkiManagementLeafAssertionSign"":11.781899988651276,""dpkiManagementLeafAssertionVerify"":9.424000024795532,""dpkiManagementOpenSslVerifyIssuerCA"":8.850600004196167,""dpkiManagementIssuerAssertionSign"":12.787800014019012,""dpkiManagementIssuerAssertionVerify"":9.608500003814697,""dpkiManagementVerifyRepositoryUpdateLocal"":0.0054999589920043945,""dpkiManagementBuildMpt"":2.988100051879883,""dpkiManagementPutCertAndRootTx"":85.83310002088547,""dpkiManagementRepositoryHttpVerify"":14.043000042438507}",1,6671214,0x3eacae211f1e67e9f2bc00a98002e58563fa198a7018c8cbd85c7a06d0c85a70
0,DPKI,32,management,true,false,54705.66415597288,64293.46265597431,64528.84255595295,235.3798999786377,0,235.3798999786377,-1,0,2,0,"{""dpkiManagementDispatchHttp"":4.249899983406067,""dpkiManagementRelayHttp"":0,""dpkiManagementHttpWindow"":7.982800006866455,""dpkiManagementOpenSslIssueKeygen"":44.494000017642975,""dpkiManagementOpenSslIssueCsr"":17.979800045490265,""dpkiManagementOpenSslIssueSignCert"":13.769599974155426,""dpkiManagementOpenSslIssueExtractPubkey"":8.943800032138824,""dpkiManagementIssueCertificate"":86.64079999923706,""dpkiManagementOpenSslVerifyLeaf"":9.072800040245056,""dpkiManagementLeafAssertionSign"":11.887999951839447,""dpkiManagementLeafAssertionVerify"":9.81139999628067,""dpkiManagementOpenSslVerifyIssuerCA"":10.015900015830994,""dpkiManagementIssuerAssertionSign"":12.349799990653992,""dpkiManagementIssuerAssertionVerify"":9.591099977493286,""dpkiManagementVerifyRepositoryUpdateLocal"":0.00550001859664917,""dpkiManagementBuildMpt"":3.161899983882904,""dpkiManagementPutCertAndRootTx"":62.67799997329712,""dpkiManagementRepositoryHttpVerify"":7.1694000363349915}",1,6671217,0x067355e30e16b31dafeb924650aa6d9297c7a99f108a772cb102e1be193e3c80
0,DPKI,33,management,true,false,56589.04925386492,66176.84775386634,66491.62375382963,314.77599996328354,0,314.77599996328354,-1,0,2,0,"{""dpkiManagementDispatchHttp"":7.370100021362305,""dpkiManagementRelayHttp"":0,""dpkiManagementHttpWindow"":1.7214999794960022,""dpkiManagementOpenSslIssueKeygen"":26.415499985218048,""dpkiManagementOpenSslIssueCsr"":19.167999982833862,""dpkiManagementOpenSslIssueSignCert"":13.361500024795532,""dpkiManagementOpenSslIssueExtractPubkey"":9.306599974632263,""dpkiManagementIssueCertificate"":70.40179997682571,""dpkiManagementOpenSslVerifyLeaf"":9.272700011730194,""dpkiManagementLeafAssertionSign"":12.058899998664856,""dpkiManagementLeafAssertionVerify"":9.517199993133545,""dpkiManagementOpenSslVerifyIssuerCA"":9.757400035858154,""dpkiManagementIssuerAssertionSign"":11.637099981307983,""dpkiManagementIssuerAssertionVerify"":8.945799946784973,""dpkiManagementVerifyRepositoryUpdateLocal"":0.0054000020027160645,""dpkiManagementBuildMpt"":2.3156999945640564,""dpkiManagementPutCertAndRootTx"":155.0851000547409,""dpkiManagementRepositoryHttpVerify"":15.953400015830994}",1,6671221,0xfc4b436b9f8ee0cee0616e5f5bb27aa18c787ec85bb306120f91c7c6a03ee186
0,DPKI,34,management,true,false,63145.163118324934,72732.96161832637,73027.7290183527,294.7674000263214,0,294.7674000263214,-1,0,2,0,"{""dpkiManagementDispatchHttp"":27.630800008773804,""dpkiManagementRelayHttp"":0,""dpkiManagementHttpWindow"":15.381200015544891,""dpkiManagementOpenSslIssueKeygen"":54.8967000246048,""dpkiManagementOpenSslIssueCsr"":17.28580003976822,""dpkiManagementOpenSslIssueSignCert"":13.623199999332428,""dpkiManagementOpenSslIssueExtractPubkey"":9.470099985599518,""dpkiManagementIssueCertificate"":96.77690005302429,""dpkiManagementOpenSslVerifyLeaf"":9.300700008869171,""dpkiManagementLeafAssertionSign"":11.566700041294098,""dpkiManagementLeafAssertionVerify"":9.01639997959137,""dpkiManagementOpenSslVerifyIssuerCA"":8.99040001630783,""dpkiManagementIssuerAssertionSign"":12.055499970912933,""dpkiManagementIssuerAssertionVerify"":10.23309999704361,""dpkiManagementVerifyRepositoryUpdateLocal"":0.005899965763092041,""dpkiManagementBuildMpt"":2.4088000059127808,""dpkiManagementPutCertAndRootTx"":85.7723999619484,""dpkiManagementRepositoryHttpVerify"":4.64819997549057}",1,6671225,0x9bf3b677d00876e8da310d1a2fa363196a6fe60603b45a7f072a57ca116503cb
0,DPKI,35,management,true,false,67638.1672094185,77225.96570941994,77543.07940945217,317.1137000322342,0,317.1137000322342,-1,0,2,0,"{""dpkiManagementDispatchHttp"":1.7277999520301819,""dpkiManagementRelayHttp"":0,""dpkiManagementHttpWindow"":1.3076000213623047,""dpkiManagementOpenSslIssueKeygen"":65.98229998350143,""dpkiManagementOpenSslIssueCsr"":17.519500017166138,""dpkiManagementOpenSslIssueSignCert"":13.739199995994568,""dpkiManagementOpenSslIssueExtractPubkey"":9.245100021362305,""dpkiManagementIssueCertificate"":108.10549998283386,""dpkiManagementOpenSslVerifyLeaf"":9.235399961471558,""dpkiManagementLeafAssertionSign"":11.92469996213913,""dpkiManagementLeafAssertionVerify"":9.151099979877472,""dpkiManagementOpenSslVerifyIssuerCA"":9.271499991416931,""dpkiManagementIssuerAssertionSign"":11.895699977874756,""dpkiManagementIssuerAssertionVerify"":9.291800022125244,""dpkiManagementVerifyRepositoryUpdateLocal"":0.004799962043762207,""dpkiManagementBuildMpt"":2.302199959754944,""dpkiManagementPutCertAndRootTx"":127.24239999055862,""dpkiManagementRepositoryHttpVerify"":14.741899967193604}",1,6671227,0x08c02461079e6a8d64920b2821e21c156a4f6cad95b574a82b3d5eb37d9bbabb
0,DPKI,36,management,true,false,69300.58130267572,78888.37980267715,79322.99220267248,434.612399995327,0,434.612399995327,-1,0,2,0,"{""dpkiManagementDispatchHttp"":4.5314000248909,""dpkiManagementRelayHttp"":0,""dpkiManagementHttpWindow"":22.788600027561188,""dpkiManagementOpenSslIssueKeygen"":32.286300003528595,""dpkiManagementOpenSslIssueCsr"":17.582400023937225,""dpkiManagementOpenSslIssueSignCert"":13.640300035476685,""dpkiManagementOpenSslIssueExtractPubkey"":8.617599964141846,""dpkiManagementIssueCertificate"":73.60379999876022,""dpkiManagementOpenSslVerifyLeaf"":9.733199954032898,""dpkiManagementLeafAssertionSign"":12.131699979305267,""dpkiManagementLeafAssertionVerify"":9.171800017356873,""dpkiManagementOpenSslVerifyIssuerCA"":9.537000000476837,""dpkiManagementIssuerAssertionSign"":13.905299961566925,""dpkiManagementIssuerAssertionVerify"":10.363099992275238,""dpkiManagementVerifyRepositoryUpdateLocal"":0.005800008773803711,""dpkiManagementBuildMpt"":3.044099986553192,""dpkiManagementPutCertAndRootTx"":257.6995000243187,""dpkiManagementRepositoryHttpVerify"":7.333700001239777}",1,6671232,0x96b353ef0161328633662694d4ef8c0e972c367ceab08fca4e246cd329e44ec6
0,DPKI,37,management,true,false,69501.96489425281,79089.76339425425,79476.50910273504,386.7457084807975,56.31590844722814,330.42980003356934,-1,0,2,0,"{""dpkiManagementDispatchHttp"":1.4937999844551086,""dpkiManagementRelayHttp"":0,""dpkiManagementHttpWindow"":18.764599978923798,""dpkiManagementOpenSslIssueKeygen"":26.308399975299835,""dpkiManagementOpenSslIssueCsr"":17.131599962711334,""dpkiManagementOpenSslIssueSignCert"":13.345200002193451,""dpkiManagementOpenSslIssueExtractPubkey"":9.087599992752075,""dpkiManagementIssueCertificate"":67.43010002374649,""dpkiManagementOpenSslVerifyLeaf"":8.953599989414215,""dpkiManagementLeafAssertionSign"":11.344799995422363,""dpkiManagementLeafAssertionVerify"":9.779599964618683,""dpkiManagementOpenSslVerifyIssuerCA"":8.878200054168701,""dpkiManagementIssuerAssertionSign"":11.990000009536743,""dpkiManagementIssuerAssertionVerify"":10.603100001811981,""dpkiManagementVerifyRepositoryUpdateLocal"":0.0055999755859375,""dpkiManagementBuildMpt"":2.4463000297546387,""dpkiManagementPutCertAndRootTx"":161.23049998283386,""dpkiManagementRepositoryHttpVerify"":16.81470000743866}",1,6671236,0x4cd1f7ecbfbc142a1178a1874591e1ce2ab41f5a9ff0c9bad3cd4e5a66aee1a2
0,DPKI,38,management,true,false,69904.91608178792,79492.71458178935,79773.98338174996,281.26879996061325,0,281.26879996061325,-1,0,2,0,"{""dpkiManagementDispatchHttp"":26.237999975681305,""dpkiManagementRelayHttp"":0,""dpkiManagementHttpWindow"":0.6115999817848206,""dpkiManagementOpenSslIssueKeygen"":22.388800024986267,""dpkiManagementOpenSslIssueCsr"":17.287800014019012,""dpkiManagementOpenSslIssueSignCert"":13.04150003194809,""dpkiManagementOpenSslIssueExtractPubkey"":8.894400000572205,""dpkiManagementIssueCertificate"":63.118499994277954,""dpkiManagementOpenSslVerifyLeaf"":9.032400012016296,""dpkiManagementLeafAssertionSign"":12.178000032901764,""dpkiManagementLeafAssertionVerify"":9.92579996585846,""dpkiManagementOpenSslVerifyIssuerCA"":9.418799996376038,""dpkiManagementIssuerAssertionSign"":12.394799947738647,""dpkiManagementIssuerAssertionVerify"":9.619399964809418,""dpkiManagementVerifyRepositoryUpdateLocal"":0.006200015544891357,""dpkiManagementBuildMpt"":3.0776999592781067,""dpkiManagementPutCertAndRootTx"":118.62339997291565,""dpkiManagementRepositoryHttpVerify"":6.234600007534027}",1,6671239,0x1716a63e8b0218100dea7ce80f9a5b3ee288ceba312354f501477dc2bdfca3e3
0,DPKI,39,management,true,false,71098.70450641855,80686.50300641998,81002.15660639748,315.6535999774933,0,315.6535999774933,-1,0,2,0,"{""dpkiManagementDispatchHttp"":7.259400010108948,""dpkiManagementRelayHttp"":0,""dpkiManagementHttpWindow"":15.433899998664856,""dpkiManagementOpenSslIssueKeygen"":40.09270000457764,""dpkiManagementOpenSslIssueCsr"":18.467099964618683,""dpkiManagementOpenSslIssueSignCert"":13.37279999256134,""dpkiManagementOpenSslIssueExtractPubkey"":9.085900008678436,""dpkiManagementIssueCertificate"":82.50639998912811,""dpkiManagementOpenSslVerifyLeaf"":9.292300045490265,""dpkiManagementLeafAssertionSign"":19.566700041294098,""dpkiManagementLeafAssertionVerify"":9.576000034809113,""dpkiManagementOpenSslVerifyIssuerCA"":9.362800002098083,""dpkiManagementIssuerAssertionSign"":11.76910001039505,""dpkiManagementIssuerAssertionVerify"":9.18589997291565,""dpkiManagementVerifyRepositoryUpdateLocal"":0.004999995231628418,""dpkiManagementBuildMpt"":3.0931999683380127,""dpkiManagementPutCertAndRootTx"":122.55580002069473,""dpkiManagementRepositoryHttpVerify"":15.305599987506866}",1,6671243,0xd208082b8c58ebf47ff78f3ed594e0938030661facb509fa79774a68da2543d8
0,DPKI,40,management,true,false,72300.41948243776,81888.2179824392,82196.22678240934,308.00879997015,0,308.00879997015,-1,0,2,0,"{""dpkiManagementDispatchHttp"":12.248000025749207,""dpkiManagementRelayHttp"":0,""dpkiManagementHttpWindow"":15.298200011253357,""dpkiManagementOpenSslIssueKeygen"":24.34790003299713,""dpkiManagementOpenSslIssueCsr"":18.553200006484985,""dpkiManagementOpenSslIssueSignCert"":14.359799981117249,""dpkiManagementOpenSslIssueExtractPubkey"":9.45200002193451,""dpkiManagementIssueCertificate"":68.19760000705719,""dpkiManagementOpenSslVerifyLeaf"":11.71069997549057,""dpkiManagementLeafAssertionSign"":13.38809996843338,""dpkiManagementLeafAssertionVerify"":9.628500044345856,""dpkiManagementOpenSslVerifyIssuerCA"":9.34689998626709,""dpkiManagementIssuerAssertionSign"":12.006099998950958,""dpkiManagementIssuerAssertionVerify"":9.337799966335297,""dpkiManagementVerifyRepositoryUpdateLocal"":0.00550001859664917,""dpkiManagementBuildMpt"":2.3000999689102173,""dpkiManagementPutCertAndRootTx"":127.03780001401901,""dpkiManagementRepositoryHttpVerify"":16.596900045871735}",1,6671247,0xfff2a0a4e193bdaaa03bf92617c30fb2acf81f27e014448b3a2c3e6bce534c16
0,DPKI,41,management,true,false,75784.34345359069,85372.14195359212,85652.05635357361,279.9143999814987,0,279.9143999814987,-1,0,2,0,"{""dpkiManagementDispatchHttp"":12.048500001430511,""dpkiManagementRelayHttp"":0,""dpkiManagementHttpWindow"":14.437999963760376,""dpkiManagementOpenSslIssueKeygen"":43.053799986839294,""dpkiManagementOpenSslIssueCsr"":17.559899985790253,""dpkiManagementOpenSslIssueSignCert"":13.582499980926514,""dpkiManagementOpenSslIssueExtractPubkey"":9.65829998254776,""dpkiManagementIssueCertificate"":85.38390004634857,""dpkiManagementOpenSslVerifyLeaf"":9.370199978351593,""dpkiManagementLeafAssertionSign"":12.098399996757507,""dpkiManagementLeafAssertionVerify"":9.540199995040894,""dpkiManagementOpenSslVerifyIssuerCA"":9.308399975299835,""dpkiManagementIssuerAssertionSign"":11.964900016784668,""dpkiManagementIssuerAssertionVerify"":9.168799996376038,""dpkiManagementVerifyRepositoryUpdateLocal"":0.004999995231628418,""dpkiManagementBuildMpt"":2.3061999678611755,""dpkiManagementPutCertAndRootTx"":98.92669999599457,""dpkiManagementRepositoryHttpVerify"":4.5462000370025635}",1,6671250,0xd49cb7356aea05f9527dd53561f8fb17600a8c6fc982d122f5f4343f759ff715
0,DPKI,42,management,true,false,78117.86421059332,87705.66271059476,88088.96131061278,383.29860001802444,0,383.29860001802444,-1,0,2,0,"{""dpkiManagementDispatchHttp"":37.8154000043869,""dpkiManagementRelayHttp"":0,""dpkiManagementHttpWindow"":15.723199963569641,""dpkiManagementOpenSslIssueKeygen"":32.36289995908737,""dpkiManagementOpenSslIssueCsr"":17.731700003147125,""dpkiManagementOpenSslIssueSignCert"":13.768199980258942,""dpkiManagementOpenSslIssueExtractPubkey"":9.014900028705597,""dpkiManagementIssueCertificate"":74.40210002660751,""dpkiManagementOpenSslVerifyLeaf"":9.67689996957779,""dpkiManagementLeafAssertionSign"":11.822300016880035,""dpkiManagementLeafAssertionVerify"":8.970600008964539,""dpkiManagementOpenSslVerifyIssuerCA"":13.276400029659271,""dpkiManagementIssuerAssertionSign"":13.910199999809265,""dpkiManagementIssuerAssertionVerify"":9.901600003242493,""dpkiManagementVerifyRepositoryUpdateLocal"":0.006699979305267334,""dpkiManagementBuildMpt"":2.323900043964386,""dpkiManagementPutCertAndRootTx"":176.61839997768402,""dpkiManagementRepositoryHttpVerify"":7.85860002040863}",1,6671255,0xd5f25139cb42726a607d294dd2f64a80cfdc756bbeea2108601ec47063e3c4db
0,DPKI,43,management,true,false,79407.0634010018,88994.86190100323,89385.57470096956,390.7127999663353,0,390.7127999663353,-1,0,2,0,"{""dpkiManagementDispatchHttp"":51.26380002498627,""dpkiManagementRelayHttp"":0,""dpkiManagementHttpWindow"":15.114799976348877,""dpkiManagementOpenSslIssueKeygen"":73.29219996929169,""dpkiManagementOpenSslIssueCsr"":18.007099986076355,""dpkiManagementOpenSslIssueSignCert"":13.719399988651276,""dpkiManagementOpenSslIssueExtractPubkey"":9.069000005722046,""dpkiManagementIssueCertificate"":115.57980000972748,""dpkiManagementOpenSslVerifyLeaf"":9.317100048065186,""dpkiManagementLeafAssertionSign"":11.47730004787445,""dpkiManagementLeafAssertionVerify"":8.768700003623962,""dpkiManagementOpenSslVerifyIssuerCA"":9.153999984264374,""dpkiManagementIssuerAssertionSign"":12.01450002193451,""dpkiManagementIssuerAssertionVerify"":9.775400042533875,""dpkiManagementVerifyRepositoryUpdateLocal"":0.005299985408782959,""dpkiManagementBuildMpt"":2.39819997549057,""dpkiManagementPutCertAndRootTx"":128.0430000424385,""dpkiManagementRepositoryHttpVerify"":16.988900005817413}",1,6671261,0x0c6b360dc761fcd821f98ccf0d12e61afcfdb4fc4769b1d984eccecec88f9586
0,DPKI,44,management,true,false,80263.5542935912,89851.35279359262,90166.2933936302,314.94060003757477,0,314.94060003757477,-1,0,2,0,"{""dpkiManagementDispatchHttp"":12.295499980449677,""dpkiManagementRelayHttp"":0,""dpkiManagementHttpWindow"":15.236799955368042,""dpkiManagementOpenSslIssueKeygen"":19.998600006103516,""dpkiManagementOpenSslIssueCsr"":17.2707000374794,""dpkiManagementOpenSslIssueSignCert"":13.693299949169159,""dpkiManagementOpenSslIssueExtractPubkey"":8.989099979400635,""dpkiManagementIssueCertificate"":61.56430000066757,""dpkiManagementOpenSslVerifyLeaf"":9.504199981689453,""dpkiManagementLeafAssertionSign"":11.935300052165985,""dpkiManagementLeafAssertionVerify"":9.078000009059906,""dpkiManagementOpenSslVerifyIssuerCA"":9.103000044822693,""dpkiManagementIssuerAssertionSign"":12.304199993610382,""dpkiManagementIssuerAssertionVerify"":9.597000002861023,""dpkiManagementVerifyRepositoryUpdateLocal"":0.0054999589920043945,""dpkiManagementBuildMpt"":2.3726999759674072,""dpkiManagementPutCertAndRootTx"":153.11160004138947,""dpkiManagementRepositoryHttpVerify"":8.084500014781952}",1,6671266,0xb21e9220c5059793e4b021f6a1a42ca7c8e685ca77f58141d819a0024cdf6f69
0,DPKI,45,management,true,false,83172.65369026251,92760.45219026394,93158.49189029522,398.0397000312805,0,398.0397000312805,-1,0,2,0,"{""dpkiManagementDispatchHttp"":1.554800033569336,""dpkiManagementRelayHttp"":0,""dpkiManagementHttpWindow"":2.220699965953827,""dpkiManagementOpenSslIssueKeygen"":50.661800026893616,""dpkiManagementOpenSslIssueCsr"":17.12279999256134,""dpkiManagementOpenSslIssueSignCert"":13.714600026607513,""dpkiManagementOpenSslIssueExtractPubkey"":9.29390001296997,""dpkiManagementIssueCertificate"":92.31759995222092,""dpkiManagementOpenSslVerifyLeaf"":9.487900018692017,""dpkiManagementLeafAssertionSign"":15.630400002002716,""dpkiManagementLeafAssertionVerify"":9.953700006008148,""dpkiManagementOpenSslVerifyIssuerCA"":9.471500039100647,""dpkiManagementIssuerAssertionSign"":16.97240000963211,""dpkiManagementIssuerAssertionVerify"":15.97680002450943,""dpkiManagementVerifyRepositoryUpdateLocal"":0.0056999921798706055,""dpkiManagementBuildMpt"":2.2967000007629395,""dpkiManagementPutCertAndRootTx"":212.04420000314713,""dpkiManagementRepositoryHttpVerify"":9.275799989700317}",1,6671269,0xe5c5dd585733b9739b9a1e8ea159ade27d3798f88aaa483f35f7e3a5f876fce2
0,DPKI,46,management,true,false,84303.10404149987,93890.9025415013,94163.15874151685,272.2562000155449,0,272.2562000155449,-1,0,2,0,"{""dpkiManagementDispatchHttp"":7.717899978160858,""dpkiManagementRelayHttp"":0,""dpkiManagementHttpWindow"":14.189000010490417,""dpkiManagementOpenSslIssueKeygen"":59.43079996109009,""dpkiManagementOpenSslIssueCsr"":17.39190000295639,""dpkiManagementOpenSslIssueSignCert"":13.353500008583069,""dpkiManagementOpenSslIssueExtractPubkey"":9.501399993896484,""dpkiManagementIssueCertificate"":101.14520001411438,""dpkiManagementOpenSslVerifyLeaf"":9.768699944019318,""dpkiManagementLeafAssertionSign"":12.459200024604797,""dpkiManagementLeafAssertionVerify"":9.854099988937378,""dpkiManagementOpenSslVerifyIssuerCA"":9.4582000374794,""dpkiManagementIssuerAssertionSign"":11.913500010967255,""dpkiManagementIssuerAssertionVerify"":9.198500037193298,""dpkiManagementVerifyRepositoryUpdateLocal"":0.004800021648406982,""dpkiManagementBuildMpt"":2.2982999682426453,""dpkiManagementPutCertAndRootTx"":79.3478000164032,""dpkiManagementRepositoryHttpVerify"":4.128000020980835}",1,6671275,0xcbfac2bbaf6d7320d38a950b221a035d54ae8f55cd684cb214ec6c20eae1903a
0,DPKI,47,management,true,false,87248.55128957731,96836.34978957874,97117.13918961985,280.78940004110336,0,280.78940004110336,-1,0,2,0,"{""dpkiManagementDispatchHttp"":2.7713000178337097,""dpkiManagementRelayHttp"":0,""dpkiManagementHttpWindow"":0.5095999836921692,""dpkiManagementOpenSslIssueKeygen"":34.59909999370575,""dpkiManagementOpenSslIssueCsr"":17.684499979019165,""dpkiManagementOpenSslIssueSignCert"":12.826499998569489,""dpkiManagementOpenSslIssueExtractPubkey"":9.237600028514862,""dpkiManagementIssueCertificate"":75.89520001411438,""dpkiManagementOpenSslVerifyLeaf"":9.393800020217896,""dpkiManagementLeafAssertionSign"":11.819199979305267,""dpkiManagementLeafAssertionVerify"":9.663699984550476,""dpkiManagementOpenSslVerifyIssuerCA"":9.741499960422516,""dpkiManagementIssuerAssertionSign"":11.96340000629425,""dpkiManagementIssuerAssertionVerify"":9.169900000095367,""dpkiManagementVerifyRepositoryUpdateLocal"":0.0054000020027160645,""dpkiManagementBuildMpt"":2.4509999752044678,""dpkiManagementPutCertAndRootTx"":129.88350003957748,""dpkiManagementRepositoryHttpVerify"":6.713599979877472}",1,6671280,0x196d3973a67b10c95f09e086e461cc3041ef7b840e21ae38512ac44d09ecbff2
0,DPKI,48,management,true,false,88644.66656306502,98232.46506306645,98512.10946306703,279.6444000005722,0,279.6444000005722,-1,0,2,0,"{""dpkiManagementDispatchHttp"":22.077899992465973,""dpkiManagementRelayHttp"":0,""dpkiManagementHttpWindow"":2.242299973964691,""dpkiManagementOpenSslIssueKeygen"":34.42559999227524,""dpkiManagementOpenSslIssueCsr"":16.959699988365173,""dpkiManagementOpenSslIssueSignCert"":13.112800002098083,""dpkiManagementOpenSslIssueExtractPubkey"":8.989999949932098,""dpkiManagementIssueCertificate"":74.95029997825623,""dpkiManagementOpenSslVerifyLeaf"":8.941999971866608,""dpkiManagementLeafAssertionSign"":11.506099998950958,""dpkiManagementLeafAssertionVerify"":9.276899993419647,""dpkiManagementOpenSslVerifyIssuerCA"":9.120299994945526,""dpkiManagementIssuerAssertionSign"":12.171400010585785,""dpkiManagementIssuerAssertionVerify"":9.37090003490448,""dpkiManagementVerifyRepositoryUpdateLocal"":0.0054000020027160645,""dpkiManagementBuildMpt"":3.148699998855591,""dpkiManagementPutCertAndRootTx"":107.33029997348785,""dpkiManagementRepositoryHttpVerify"":8.644800007343292}",1,6671284,0x777fa4e2342723278b44b0ea8ea2e46cde38d0df9db6a15a565c287d268ce8cd
0,DPKI,49,management,true,false,89087.59829439408,98675.3967943955,99056.75119437462,381.35439997911453,0,381.35439997911453,-1,0,2,0,"{""dpkiManagementDispatchHttp"":6.946600019931793,""dpkiManagementRelayHttp"":0,""dpkiManagementHttpWindow"":13.381300032138824,""dpkiManagementOpenSslIssueKeygen"":27.432099997997284,""dpkiManagementOpenSslIssueCsr"":16.867700040340424,""dpkiManagementOpenSslIssueSignCert"":13.135199964046478,""dpkiManagementOpenSslIssueExtractPubkey"":8.5625,""dpkiManagementIssueCertificate"":67.54750001430511,""dpkiManagementOpenSslVerifyLeaf"":8.645399987697601,""dpkiManagementLeafAssertionSign"":11.387099981307983,""dpkiManagementLeafAssertionVerify"":9.08210003376007,""dpkiManagementOpenSslVerifyIssuerCA"":8.77700001001358,""dpkiManagementIssuerAssertionSign"":11.926699995994568,""dpkiManagementIssuerAssertionVerify"":9.542699992656708,""dpkiManagementVerifyRepositoryUpdateLocal"":0.005900025367736816,""dpkiManagementBuildMpt"":2.906999945640564,""dpkiManagementPutCertAndRootTx"":212.08660000562668,""dpkiManagementRepositoryHttpVerify"":18.3014999628067}",1,6671288,0xd9bb8e00191048232557747cf4ebd208230ee9a6786a712668377b188e24018f
0,DPKI,50,management,true,false,91227.69025291086,100815.4887529123,101097.42235292078,281.9336000084877,0,281.9336000084877,-1,0,2,0,"{""dpkiManagementDispatchHttp"":5.99700003862381,""dpkiManagementRelayHttp"":0,""dpkiManagementHttpWindow"":19.098699986934662,""dpkiManagementOpenSslIssueKeygen"":21.035000026226044,""dpkiManagementOpenSslIssueCsr"":17.39220005273819,""dpkiManagementOpenSslIssueSignCert"":13.282000005245209,""dpkiManagementOpenSslIssueExtractPubkey"":8.75900000333786,""dpkiManagementIssueCertificate"":61.965300023555756,""dpkiManagementOpenSslVerifyLeaf"":8.87389999628067,""dpkiManagementLeafAssertionSign"":11.471199989318848,""dpkiManagementLeafAssertionVerify"":8.814599990844727,""dpkiManagementOpenSslVerifyIssuerCA"":9.21509999036789,""dpkiManagementIssuerAssertionSign"":11.860200047492981,""dpkiManagementIssuerAssertionVerify"":9.581300020217896,""dpkiManagementVerifyRepositoryUpdateLocal"":0.005299985408782959,""dpkiManagementBuildMpt"":2.376800000667572,""dpkiManagementPutCertAndRootTx"":125.92070001363754,""dpkiManagementRepositoryHttpVerify"":5.992300033569336}",1,6671291,0xf83e94df017eba7041aaf999c9a1833d2f7077ff51b5b4935070c119fe0c75a4
0,DPKI,51,management,true,false,97165.01643182023,106752.81493182166,106969.09913183434,216.28420001268387,0,216.28420001268387,-1,0,2,0,"{""dpkiManagementDispatchHttp"":4.577400028705597,""dpkiManagementRelayHttp"":0,""dpkiManagementHttpWindow"":5.4936999678611755,""dpkiManagementOpenSslIssueKeygen"":49.09590005874634,""dpkiManagementOpenSslIssueCsr"":17.73769998550415,""dpkiManagementOpenSslIssueSignCert"":14.022800028324127,""dpkiManagementOpenSslIssueExtractPubkey"":9.377499997615814,""dpkiManagementIssueCertificate"":91.77469998598099,""dpkiManagementOpenSslVerifyLeaf"":9.743900001049042,""dpkiManagementLeafAssertionSign"":12.171299993991852,""dpkiManagementLeafAssertionVerify"":9.458599984645844,""dpkiManagementOpenSslVerifyIssuerCA"":8.735400021076202,""dpkiManagementIssuerAssertionSign"":12.149999976158142,""dpkiManagementIssuerAssertionVerify"":9.301199972629547,""dpkiManagementVerifyRepositoryUpdateLocal"":0.005299985408782959,""dpkiManagementBuildMpt"":2.293299973011017,""dpkiManagementPutCertAndRootTx"":42.89079999923706,""dpkiManagementRepositoryHttpVerify"":6.926900029182434}",1,6671296,0xbe8dfe16879f41e4059af54abc4079571babb610dbb97d6b746acfece8b82457
0,DPKI,52,management,true,false,97464.45433357521,107052.25283357664,107342.04323354526,289.7903999686241,0,289.7903999686241,-1,0,2,0,"{""dpkiManagementDispatchHttp"":21.057099997997284,""dpkiManagementRelayHttp"":0,""dpkiManagementHttpWindow"":5.176800012588501,""dpkiManagementOpenSslIssueKeygen"":31.583900034427643,""dpkiManagementOpenSslIssueCsr"":17.585399985313416,""dpkiManagementOpenSslIssueSignCert"":13.143899977207184,""dpkiManagementOpenSslIssueExtractPubkey"":9.044600009918213,""dpkiManagementIssueCertificate"":73.26599997282028,""dpkiManagementOpenSslVerifyLeaf"":9.409599959850311,""dpkiManagementLeafAssertionSign"":12.614600002765656,""dpkiManagementLeafAssertionVerify"":9.309399962425232,""dpkiManagementOpenSslVerifyIssuerCA"":9.325399994850159,""dpkiManagementIssuerAssertionSign"":12.37229996919632,""dpkiManagementIssuerAssertionVerify"":9.597899973392487,""dpkiManagementVerifyRepositoryUpdateLocal"":0.006399989128112793,""dpkiManagementBuildMpt"":2.2843000292778015,""dpkiManagementPutCertAndRootTx"":119.43580001592636,""dpkiManagementRepositoryHttpVerify"":5.11980003118515}",1,6671301,0x4224760bace18233ad78d6f286577dbfc670e1c651c32c6fd73d06d13e7ad3f5
0,DPKI,53,management,true,false,97737.60115856613,107325.39965856756,107587.02575857128,261.62610000371933,0,261.62610000371933,-1,0,2,0,"{""dpkiManagementDispatchHttp"":4.2573999762535095,""dpkiManagementRelayHttp"":0,""dpkiManagementHttpWindow"":18.897199988365173,""dpkiManagementOpenSslIssueKeygen"":28.25840002298355,""dpkiManagementOpenSslIssueCsr"":17.23300004005432,""dpkiManagementOpenSslIssueSignCert"":13.29830002784729,""dpkiManagementOpenSslIssueExtractPubkey"":8.821900010108948,""dpkiManagementIssueCertificate"":69.0780000090599,""dpkiManagementOpenSslVerifyLeaf"":9.150600016117096,""dpkiManagementLeafAssertionSign"":11.7989000082016,""dpkiManagementLeafAssertionVerify"":9.117500007152557,""dpkiManagementOpenSslVerifyIssuerCA"":8.907399952411652,""dpkiManagementIssuerAssertionSign"":11.304899990558624,""dpkiManagementIssuerAssertionVerify"":9.195100009441376,""dpkiManagementVerifyRepositoryUpdateLocal"":0.004800021648406982,""dpkiManagementBuildMpt"":2.26500004529953,""dpkiManagementPutCertAndRootTx"":102.45190000534058,""dpkiManagementRepositoryHttpVerify"":4.461399972438812}",1,6671305,0x47ca957cd5f245a759b55c2f7e4e2a760ee1ff64cf120c5852bf2fbb6dc84305
0,DPKI,54,management,true,false,97829.816448788,107417.61494878943,107706.71825856651,289.1033097770851,10.236609783474705,278.8666999936104,-1,0,2,0,"{""dpkiManagementDispatchHttp"":25.245399951934814,""dpkiManagementRelayHttp"":0,""dpkiManagementHttpWindow"":14.630900025367737,""dpkiManagementOpenSslIssueKeygen"":26.55840003490448,""dpkiManagementOpenSslIssueCsr"":17.015699982643127,""dpkiManagementOpenSslIssueSignCert"":13.537199974060059,""dpkiManagementOpenSslIssueExtractPubkey"":9.23030000925064,""dpkiManagementIssueCertificate"":67.93649995326996,""dpkiManagementOpenSslVerifyLeaf"":9.21780002117157,""dpkiManagementLeafAssertionSign"":11.56659996509552,""dpkiManagementLeafAssertionVerify"":8.96450001001358,""dpkiManagementOpenSslVerifyIssuerCA"":9.14709997177124,""dpkiManagementIssuerAssertionSign"":11.879300057888031,""dpkiManagementIssuerAssertionVerify"":9.490799963474274,""dpkiManagementVerifyRepositoryUpdateLocal"":0.00550001859664917,""dpkiManagementBuildMpt"":3.233300030231476,""dpkiManagementPutCertAndRootTx"":100.84360003471375,""dpkiManagementRepositoryHttpVerify"":5.806800007820129}",1,6671309,0xbf178cf1c0a0f51c9e7a994f5da35b344c9d66481fe7deba94ae2a3a528cdbb9
0,DPKI,55,management,true,false,99454.95679987622,109042.75529987765,109345.52929986668,302.77399998903275,0,302.77399998903275,-1,0,2,0,"{""dpkiManagementDispatchHttp"":3.1911999583244324,""dpkiManagementRelayHttp"":0,""dpkiManagementHttpWindow"":18.69219994544983,""dpkiManagementOpenSslIssueKeygen"":52.82440000772476,""dpkiManagementOpenSslIssueCsr"":16.959600031375885,""dpkiManagementOpenSslIssueSignCert"":13.405099987983704,""dpkiManagementOpenSslIssueExtractPubkey"":9.227999985218048,""dpkiManagementIssueCertificate"":94.21970003843307,""dpkiManagementOpenSslVerifyLeaf"":9.61980003118515,""dpkiManagementLeafAssertionSign"":12.32200002670288,""dpkiManagementLeafAssertionVerify"":9.289099991321564,""dpkiManagementOpenSslVerifyIssuerCA"":8.949799954891205,""dpkiManagementIssuerAssertionSign"":12.181599974632263,""dpkiManagementIssuerAssertionVerify"":9.482400000095367,""dpkiManagementVerifyRepositoryUpdateLocal"":0.0054000020027160645,""dpkiManagementBuildMpt"":2.297100007534027,""dpkiManagementPutCertAndRootTx"":104.65810000896454,""dpkiManagementRepositoryHttpVerify"":16.98980003595352}",1,6671314,0x55289bacb32c3b8deb411cf44b165700d4183d82250e44f16db3d07e03b9c406
0,DPKI,56,management,true,false,99825.97139161521,109413.76989161664,109680.67629164153,266.9064000248909,0,266.9064000248909,-1,0,2,0,"{""dpkiManagementDispatchHttp"":13.665399968624115,""dpkiManagementRelayHttp"":0,""dpkiManagementHttpWindow"":13.943400025367737,""dpkiManagementOpenSslIssueKeygen"":32.576900005340576,""dpkiManagementOpenSslIssueCsr"":18.00849997997284,""dpkiManagementOpenSslIssueSignCert"":13.885500013828278,""dpkiManagementOpenSslIssueExtractPubkey"":9.055099964141846,""dpkiManagementIssueCertificate"":75.02649998664856,""dpkiManagementOpenSslVerifyLeaf"":9.127799987792969,""dpkiManagementLeafAssertionSign"":11.724399983882904,""dpkiManagementLeafAssertionVerify"":8.934599995613098,""dpkiManagementOpenSslVerifyIssuerCA"":8.903299987316132,""dpkiManagementIssuerAssertionSign"":11.614700019359589,""dpkiManagementIssuerAssertionVerify"":9.033399999141693,""dpkiManagementVerifyRepositoryUpdateLocal"":0.0054000020027160645,""dpkiManagementBuildMpt"":2.4352999925613403,""dpkiManagementPutCertAndRootTx"":97.22079998254776,""dpkiManagementRepositoryHttpVerify"":4.523100018501282}",1,6671319,0xc07e0e0e0f55e3283d9a47a8242c4b1d000107f3a5daae6de5fb235846b3b35a
0,DPKI,57,management,true,false,101297.76660464771,110885.56510464914,111180.04100464351,294.4758999943733,0,294.4758999943733,-1,0,2,0,"{""dpkiManagementDispatchHttp"":4.722899973392487,""dpkiManagementRelayHttp"":0,""dpkiManagementHttpWindow"":0.9837999939918518,""dpkiManagementOpenSslIssueKeygen"":62.05119997262955,""dpkiManagementOpenSslIssueCsr"":16.992799997329712,""dpkiManagementOpenSslIssueSignCert"":13.040899991989136,""dpkiManagementOpenSslIssueExtractPubkey"":8.580699980258942,""dpkiManagementIssueCertificate"":102.1308000087738,""dpkiManagementOpenSslVerifyLeaf"":8.995499968528748,""dpkiManagementLeafAssertionSign"":11.848900020122528,""dpkiManagementLeafAssertionVerify"":9.094700038433075,""dpkiManagementOpenSslVerifyIssuerCA"":9.003899991512299,""dpkiManagementIssuerAssertionSign"":12.061500012874603,""dpkiManagementIssuerAssertionVerify"":8.991900026798248,""dpkiManagementVerifyRepositoryUpdateLocal"":0.004999995231628418,""dpkiManagementBuildMpt"":2.3116999864578247,""dpkiManagementPutCertAndRootTx"":117.93209999799728,""dpkiManagementRepositoryHttpVerify"":4.753899991512299}",1,6671323,0x57bdd69a45606af94ca111e4443ad1c365191b7a5ec7048c7ad6167a5add6097
0,DPKI,58,management,true,false,101971.40901898622,111559.20751898765,111871.08291899442,311.8754000067711,0,311.8754000067711,-1,0,2,0,"{""dpkiManagementDispatchHttp"":23.71579998731613,""dpkiManagementRelayHttp"":0,""dpkiManagementHttpWindow"":15.534500002861023,""dpkiManagementOpenSslIssueKeygen"":70.02899998426437,""dpkiManagementOpenSslIssueCsr"":16.969900012016296,""dpkiManagementOpenSslIssueSignCert"":13.275099992752075,""dpkiManagementOpenSslIssueExtractPubkey"":8.942900002002716,""dpkiManagementIssueCertificate"":110.71719998121262,""dpkiManagementOpenSslVerifyLeaf"":9.431899964809418,""dpkiManagementLeafAssertionSign"":11.655600011348724,""dpkiManagementLeafAssertionVerify"":9.045099973678589,""dpkiManagementOpenSslVerifyIssuerCA"":9.24020004272461,""dpkiManagementIssuerAssertionSign"":11.531800031661987,""dpkiManagementIssuerAssertionVerify"":9.563700020313263,""dpkiManagementVerifyRepositoryUpdateLocal"":0.005900025367736816,""dpkiManagementBuildMpt"":2.3059000372886658,""dpkiManagementPutCertAndRootTx"":91.15619999170303,""dpkiManagementRepositoryHttpVerify"":7.198899984359741}",1,6671326,0x32fe6c37a7b2b13dd30f524729ed812d1a895a3de9fdada04fec684689099307
0,DPKI,59,management,true,false,103997.01008328272,113584.80858328415,113887.31158324552,302.5029999613762,0,302.5029999613762,-1,0,2,0,"{""dpkiManagementDispatchHttp"":9.410199999809265,""dpkiManagementRelayHttp"":0,""dpkiManagementHttpWindow"":11.415600001811981,""dpkiManagementOpenSslIssueKeygen"":26.527300000190735,""dpkiManagementOpenSslIssueCsr"":17.390999972820282,""dpkiManagementOpenSslIssueSignCert"":13.429199993610382,""dpkiManagementOpenSslIssueExtractPubkey"":8.85970002412796,""dpkiManagementIssueCertificate"":67.64859998226166,""dpkiManagementOpenSslVerifyLeaf"":9.308200001716614,""dpkiManagementLeafAssertionSign"":11.788900017738342,""dpkiManagementLeafAssertionVerify"":8.936800003051758,""dpkiManagementOpenSslVerifyIssuerCA"":8.945299983024597,""dpkiManagementIssuerAssertionSign"":11.673400044441223,""dpkiManagementIssuerAssertionVerify"":10.6317999958992,""dpkiManagementVerifyRepositoryUpdateLocal"":0.005200028419494629,""dpkiManagementBuildMpt"":2.4570000171661377,""dpkiManagementPutCertAndRootTx"":133.68470001220703,""dpkiManagementRepositoryHttpVerify"":15.848200023174286}",1,6671330,0x0d91883c489b6bfce85e949deee9c52070c3118bb26ae51248a531a7e0ac741d
0,DPKI,60,management,true,false,105309.1490529622,114896.94755296363,115129.42395298136,232.47640001773834,0,232.47640001773834,-1,0,2,0,"{""dpkiManagementDispatchHttp"":3.5970999598503113,""dpkiManagementRelayHttp"":0,""dpkiManagementHttpWindow"":3.101199984550476,""dpkiManagementOpenSslIssueKeygen"":26.456900000572205,""dpkiManagementOpenSslIssueCsr"":17.16159999370575,""dpkiManagementOpenSslIssueSignCert"":13.619899988174438,""dpkiManagementOpenSslIssueExtractPubkey"":8.765699982643127,""dpkiManagementIssueCertificate"":67.46630001068115,""dpkiManagementOpenSslVerifyLeaf"":9.406800031661987,""dpkiManagementLeafAssertionSign"":12.000400006771088,""dpkiManagementLeafAssertionVerify"":9.186100006103516,""dpkiManagementOpenSslVerifyIssuerCA"":9.06139999628067,""dpkiManagementIssuerAssertionSign"":12.041999995708466,""dpkiManagementIssuerAssertionVerify"":9.018700003623962,""dpkiManagementVerifyRepositoryUpdateLocal"":0.0054999589920043945,""dpkiManagementBuildMpt"":2.3871999979019165,""dpkiManagementPutCertAndRootTx"":77.36219996213913,""dpkiManagementRepositoryHttpVerify"":17.016499996185303}",1,6671336,0x02386390cdc3510662172f8a4f05c95eb099d15e701037b8e3be7143b28422ba
0,DPKI,61,management,true,false,106394.82507532215,115982.62357532358,116321.76237534857,339.13880002498627,0,339.13880002498627,-1,0,2,0,"{""dpkiManagementDispatchHttp"":2.014800012111664,""dpkiManagementRelayHttp"":0,""dpkiManagementHttpWindow"":10.123699963092804,""dpkiManagementOpenSslIssueKeygen"":69.77209997177124,""dpkiManagementOpenSslIssueCsr"":17.653500020503998,""dpkiManagementOpenSslIssueSignCert"":13.61540001630783,""dpkiManagementOpenSslIssueExtractPubkey"":9.317300021648407,""dpkiManagementIssueCertificate"":111.84619998931885,""dpkiManagementOpenSslVerifyLeaf"":9.094500005245209,""dpkiManagementLeafAssertionSign"":11.671400010585785,""dpkiManagementLeafAssertionVerify"":8.839399993419647,""dpkiManagementOpenSslVerifyIssuerCA"":9.000900030136108,""dpkiManagementIssuerAssertionSign"":12.02099996805191,""dpkiManagementIssuerAssertionVerify"":9.122599959373474,""dpkiManagementVerifyRepositoryUpdateLocal"":0.005300045013427734,""dpkiManagementBuildMpt"":2.759600043296814,""dpkiManagementPutCertAndRootTx"":134.0590000152588,""dpkiManagementRepositoryHttpVerify"":17.861699998378754}",1,6671340,0x1f92fadeb7687839081367167cbf0a9d02be9c66cdf608abe14b8f63bbfcb0a4
0,DPKI,62,management,true,false,107382.05524336461,116969.85374336604,117201.49224334124,231.63849997520447,0,231.63849997520447,-1,0,2,0,"{""dpkiManagementDispatchHttp"":5.743900001049042,""dpkiManagementRelayHttp"":0,""dpkiManagementHttpWindow"":10.80950003862381,""dpkiManagementOpenSslIssueKeygen"":19.65590000152588,""dpkiManagementOpenSslIssueCsr"":17.346400022506714,""dpkiManagementOpenSslIssueSignCert"":13.574600040912628,""dpkiManagementOpenSslIssueExtractPubkey"":8.744199991226196,""dpkiManagementIssueCertificate"":60.93709999322891,""dpkiManagementOpenSslVerifyLeaf"":9.010699987411499,""dpkiManagementLeafAssertionSign"":11.439000010490417,""dpkiManagementLeafAssertionVerify"":8.6700000166893,""dpkiManagementOpenSslVerifyIssuerCA"":8.504700005054474,""dpkiManagementIssuerAssertionSign"":11.770399987697601,""dpkiManagementIssuerAssertionVerify"":9.087799966335297,""dpkiManagementVerifyRepositoryUpdateLocal"":0.0054999589920043945,""dpkiManagementBuildMpt"":2.535800039768219,""dpkiManagementPutCertAndRootTx"":74.71200001239777,""dpkiManagementRepositoryHttpVerify"":17.62669998407364}",1,6671344,0x757b4210857cfd3ae462bcf96db881f7e49a11cedd0aa90b8b5870998ab12537
0,DPKI,63,management,true,false,107794.49487972085,117382.29337972228,117628.30347972934,246.0101000070572,0,246.0101000070572,-1,0,2,0,"{""dpkiManagementDispatchHttp"":42.05640000104904,""dpkiManagementRelayHttp"":0,""dpkiManagementHttpWindow"":4.151199996471405,""dpkiManagementOpenSslIssueKeygen"":24.793799996376038,""dpkiManagementOpenSslIssueCsr"":17.23420000076294,""dpkiManagementOpenSslIssueSignCert"":13.328099966049194,""dpkiManagementOpenSslIssueExtractPubkey"":9.153500020503998,""dpkiManagementIssueCertificate"":66.0038999915123,""dpkiManagementOpenSslVerifyLeaf"":9.209699988365173,""dpkiManagementLeafAssertionSign"":11.472799956798553,""dpkiManagementLeafAssertionVerify"":8.97240000963211,""dpkiManagementOpenSslVerifyIssuerCA"":8.621599972248077,""dpkiManagementIssuerAssertionSign"":12.255599975585938,""dpkiManagementIssuerAssertionVerify"":9.436600029468536,""dpkiManagementVerifyRepositoryUpdateLocal"":0.004700005054473877,""dpkiManagementBuildMpt"":2.3289999961853027,""dpkiManagementPutCertAndRootTx"":53.41600000858307,""dpkiManagementRepositoryHttpVerify"":17.229900002479553}",1,6671347,0xa14b1107f5ebf3f0ccf7a30471ee835e2292ff12f3f77575aa41a47112f415a4
0,DPKI,64,management,true,false,109357.1291745221,118944.92767452353,119201.27547453993,256.3478000164032,0,256.3478000164032,-1,0,2,0,"{""dpkiManagementDispatchHttp"":14.45090001821518,""dpkiManagementRelayHttp"":0,""dpkiManagementHttpWindow"":1.0982999801635742,""dpkiManagementOpenSslIssueKeygen"":32.42479997873306,""dpkiManagementOpenSslIssueCsr"":17.65700000524521,""dpkiManagementOpenSslIssueSignCert"":14.460099995136261,""dpkiManagementOpenSslIssueExtractPubkey"":9.579199969768524,""dpkiManagementIssueCertificate"":75.62009996175766,""dpkiManagementOpenSslVerifyLeaf"":9.78219997882843,""dpkiManagementLeafAssertionSign"":12.619700014591217,""dpkiManagementLeafAssertionVerify"":9.400499999523163,""dpkiManagementOpenSslVerifyIssuerCA"":8.897199988365173,""dpkiManagementIssuerAssertionSign"":11.574500024318695,""dpkiManagementIssuerAssertionVerify"":8.896899998188019,""dpkiManagementVerifyRepositoryUpdateLocal"":0.004999995231628418,""dpkiManagementBuildMpt"":2.370800018310547,""dpkiManagementPutCertAndRootTx"":91.76770001649857,""dpkiManagementRepositoryHttpVerify"":9.114800035953522}",1,6671351,0x33849f7535ab32e28056501440f1a2cbe8264c9dd1fa805129cef58b4cfb6c09
0,DPKI,65,management,true,false,110780.58086198488,120368.37936198631,120581.47256201426,213.09320002794266,0,213.09320002794266,-1,0,2,0,"{""dpkiManagementDispatchHttp"":1.6216999888420105,""dpkiManagementRelayHttp"":0,""dpkiManagementHttpWindow"":3.6152000427246094,""dpkiManagementOpenSslIssueKeygen"":35.26479995250702,""dpkiManagementOpenSslIssueCsr"":18.56850004196167,""dpkiManagementOpenSslIssueSignCert"":13.754000008106232,""dpkiManagementOpenSslIssueExtractPubkey"":8.661399960517883,""dpkiManagementIssueCertificate"":77.84369999170303,""dpkiManagementOpenSslVerifyLeaf"":9.204499959945679,""dpkiManagementLeafAssertionSign"":11.871399998664856,""dpkiManagementLeafAssertionVerify"":9.349399983882904,""dpkiManagementOpenSslVerifyIssuerCA"":9.030600011348724,""dpkiManagementIssuerAssertionSign"":11.54559999704361,""dpkiManagementIssuerAssertionVerify"":9.120499968528748,""dpkiManagementVerifyRepositoryUpdateLocal"":0.005099952220916748,""dpkiManagementBuildMpt"":3.407099962234497,""dpkiManagementPutCertAndRootTx"":59.917500019073486,""dpkiManagementRepositoryHttpVerify"":5.74480003118515}",1,6671354,0xca6ff35661893998453cff35f1ff38124a33481e56d3a77293e32b5a98a079b2
0,DPKI,66,management,true,false,112728.84533358451,122316.64383358594,122593.8916335785,277.24779999256134,0,277.24779999256134,-1,0,2,0,"{""dpkiManagementDispatchHttp"":8.15829998254776,""dpkiManagementRelayHttp"":0,""dpkiManagementHttpWindow"":15.342999994754791,""dpkiManagementOpenSslIssueKeygen"":48.867700040340424,""dpkiManagementOpenSslIssueCsr"":17.070699989795685,""dpkiManagementOpenSslIssueSignCert"":12.839599967002869,""dpkiManagementOpenSslIssueExtractPubkey"":9.072799980640411,""dpkiManagementIssueCertificate"":89.30119997262955,""dpkiManagementOpenSslVerifyLeaf"":10.653900027275085,""dpkiManagementLeafAssertionSign"":13.026500046253204,""dpkiManagementLeafAssertionVerify"":9.37880003452301,""dpkiManagementOpenSslVerifyIssuerCA"":8.891600012779236,""dpkiManagementIssuerAssertionSign"":11.194599986076355,""dpkiManagementIssuerAssertionVerify"":8.659299969673157,""dpkiManagementVerifyRepositoryUpdateLocal"":0.0051000118255615234,""dpkiManagementBuildMpt"":2.366800010204315,""dpkiManagementPutCertAndRootTx"":94.19359999895096,""dpkiManagementRepositoryHttpVerify"":5.0676000118255615}",1,6671361,0xd6f3423eaf490f415f561737e3262d8eebc1bf60eb171f343a7ea0e3eb94c753
0,DPKI,67,management,true,false,116350.63826996656,125938.43676996799,126213.0181699452,274.5813999772072,0,274.5813999772072,-1,0,2,0,"{""dpkiManagementDispatchHttp"":8.804199993610382,""dpkiManagementRelayHttp"":0,""dpkiManagementHttpWindow"":15.177299976348877,""dpkiManagementOpenSslIssueKeygen"":26.273999989032745,""dpkiManagementOpenSslIssueCsr"":17.390999972820282,""dpkiManagementOpenSslIssueSignCert"":19.696799993515015,""dpkiManagementOpenSslIssueExtractPubkey"":8.983000040054321,""dpkiManagementIssueCertificate"":73.94010001420975,""dpkiManagementOpenSslVerifyLeaf"":9.798299968242645,""dpkiManagementLeafAssertionSign"":11.98420000076294,""dpkiManagementLeafAssertionVerify"":9.054799973964691,""dpkiManagementOpenSslVerifyIssuerCA"":9.201999962329865,""dpkiManagementIssuerAssertionSign"":11.760199964046478,""dpkiManagementIssuerAssertionVerify"":9.141000032424927,""dpkiManagementVerifyRepositoryUpdateLocal"":0.0042999982833862305,""dpkiManagementBuildMpt"":2.345699965953827,""dpkiManagementPutCertAndRootTx"":78.92410004138947,""dpkiManagementRepositoryHttpVerify"":33.67900002002716}",1,6671368,0xfb94ac7fb082244d2ff2f33e5e62a4b72e2dca722c5f42f78a4edd2e40293b6a
0,DPKI,68,management,true,false,117537.87267725701,127125.67117725844,127395.38537721867,269.7141999602318,0,269.7141999602318,-1,0,2,0,"{""dpkiManagementDispatchHttp"":4.731299996376038,""dpkiManagementRelayHttp"":0,""dpkiManagementHttpWindow"":21.433399975299835,""dpkiManagementOpenSslIssueKeygen"":20.727299988269806,""dpkiManagementOpenSslIssueCsr"":17.430400013923645,""dpkiManagementOpenSslIssueSignCert"":13.414900004863739,""dpkiManagementOpenSslIssueExtractPubkey"":8.600899994373322,""dpkiManagementIssueCertificate"":61.70770001411438,""dpkiManagementOpenSslVerifyLeaf"":9.086800038814545,""dpkiManagementLeafAssertionSign"":11.940500020980835,""dpkiManagementLeafAssertionVerify"":9.008799970149994,""dpkiManagementOpenSslVerifyIssuerCA"":9.052699983119965,""dpkiManagementIssuerAssertionSign"":11.808200001716614,""dpkiManagementIssuerAssertionVerify"":9.241800010204315,""dpkiManagementVerifyRepositoryUpdateLocal"":0.0056999921798706055,""dpkiManagementBuildMpt"":2.412000000476837,""dpkiManagementPutCertAndRootTx"":107.8977000117302,""dpkiManagementRepositoryHttpVerify"":10.588300049304962}",1,6671375,0x23cc622d6a96e5429e611b140c82665b5bbb6bd5d69117028cfd5167e7ac4c56
0,DPKI,69,management,true,false,118083.87639419646,127671.67489419789,127897.85989420027,226.1850000023842,0,226.1850000023842,-1,0,2,0,"{""dpkiManagementDispatchHttp"":18.10829997062683,""dpkiManagementRelayHttp"":0,""dpkiManagementHttpWindow"":0.23469996452331543,""dpkiManagementOpenSslIssueKeygen"":27.42170000076294,""dpkiManagementOpenSslIssueCsr"":20.38620001077652,""dpkiManagementOpenSslIssueSignCert"":15.072499990463257,""dpkiManagementOpenSslIssueExtractPubkey"":8.521499991416931,""dpkiManagementIssueCertificate"":73.69749999046326,""dpkiManagementOpenSslVerifyLeaf"":9.66540002822876,""dpkiManagementLeafAssertionSign"":12.056700050830841,""dpkiManagementLeafAssertionVerify"":9.245999991893768,""dpkiManagementOpenSslVerifyIssuerCA"":8.940699994564056,""dpkiManagementIssuerAssertionSign"":11.547699987888336,""dpkiManagementIssuerAssertionVerify"":9.012099981307983,""dpkiManagementVerifyRepositoryUpdateLocal"":0.004800021648406982,""dpkiManagementBuildMpt"":3.5550000071525574,""dpkiManagementPutCertAndRootTx"":63.4171000123024,""dpkiManagementRepositoryHttpVerify"":5.8539000153541565}",1,6671379,0x783deb532727118e357de6a562dd4b5be2bdc04208f75c487a4037285e8f2513
0,DPKI,70,management,true,false,119664.04593871252,129251.84443871395,129558.11153875009,306.26710003614426,0,306.26710003614426,-1,0,2,0,"{""dpkiManagementDispatchHttp"":2.8998000025749207,""dpkiManagementRelayHttp"":0,""dpkiManagementHttpWindow"":1.0746999979019165,""dpkiManagementOpenSslIssueKeygen"":53.7775000333786,""dpkiManagementOpenSslIssueCsr"":17.57539999485016,""dpkiManagementOpenSslIssueSignCert"":13.445900022983551,""dpkiManagementOpenSslIssueExtractPubkey"":8.935400009155273,""dpkiManagementIssueCertificate"":95.34999996423721,""dpkiManagementOpenSslVerifyLeaf"":9.425499975681305,""dpkiManagementLeafAssertionSign"":11.709500014781952,""dpkiManagementLeafAssertionVerify"":9.05270004272461,""dpkiManagementOpenSslVerifyIssuerCA"":9.585900008678436,""dpkiManagementIssuerAssertionSign"":12.07200002670288,""dpkiManagementIssuerAssertionVerify"":9.281000018119812,""dpkiManagementVerifyRepositoryUpdateLocal"":0.00550001859664917,""dpkiManagementBuildMpt"":3.161899983882904,""dpkiManagementPutCertAndRootTx"":125.3352000117302,""dpkiManagementRepositoryHttpVerify"":16.546799957752228}",1,6671384,0x3e148c2125d3624ee8165bc7b0bc05dc680984d11701ca425df2bf280a18fa22
0,DPKI,71,management,true,false,123651.38214366532,133239.18064366677,133565.68494366505,326.5042999982834,0,326.5042999982834,-1,0,2,0,"{""dpkiManagementDispatchHttp"":43.86089998483658,""dpkiManagementRelayHttp"":0,""dpkiManagementHttpWindow"":15.58160001039505,""dpkiManagementOpenSslIssueKeygen"":31.79850000143051,""dpkiManagementOpenSslIssueCsr"":17.343200027942657,""dpkiManagementOpenSslIssueSignCert"":13.103100001811981,""dpkiManagementOpenSslIssueExtractPubkey"":8.83270001411438,""dpkiManagementIssueCertificate"":72.71719998121262,""dpkiManagementOpenSslVerifyLeaf"":9.252099990844727,""dpkiManagementLeafAssertionSign"":12.398599982261658,""dpkiManagementLeafAssertionVerify"":9.07829999923706,""dpkiManagementOpenSslVerifyIssuerCA"":9.139599978923798,""dpkiManagementIssuerAssertionSign"":11.400499999523163,""dpkiManagementIssuerAssertionVerify"":9.061800003051758,""dpkiManagementVerifyRepositoryUpdateLocal"":0.005800008773803711,""dpkiManagementBuildMpt"":2.473299980163574,""dpkiManagementPutCertAndRootTx"":113.46630001068115,""dpkiManagementRepositoryHttpVerify"":17.287000000476837}",1,6671389,0x4d2ffd839431e05fd262f575cfce706160beacd74ad75361113c976babc95392
0,DPKI,72,management,true,false,125316.1403289393,134903.93882894074,135174.45052897488,270.51170003414154,0,270.51170003414154,-1,0,2,0,"{""dpkiManagementDispatchHttp"":28.79830002784729,""dpkiManagementRelayHttp"":0,""dpkiManagementHttpWindow"":2.0242000222206116,""dpkiManagementOpenSslIssueKeygen"":58.93349999189377,""dpkiManagementOpenSslIssueCsr"":17.64689999818802,""dpkiManagementOpenSslIssueSignCert"":13.22630000114441,""dpkiManagementOpenSslIssueExtractPubkey"":8.85920000076294,""dpkiManagementIssueCertificate"":100.35159999132156,""dpkiManagementOpenSslVerifyLeaf"":9.13050001859665,""dpkiManagementLeafAssertionSign"":11.47460001707077,""dpkiManagementLeafAssertionVerify"":8.832800030708313,""dpkiManagementOpenSslVerifyIssuerCA"":8.782700002193451,""dpkiManagementIssuerAssertionSign"":11.565599977970123,""dpkiManagementIssuerAssertionVerify"":9.248700022697449,""dpkiManagementVerifyRepositoryUpdateLocal"":0.0056999921798706055,""dpkiManagementBuildMpt"":2.496999979019165,""dpkiManagementPutCertAndRootTx"":68.52419996261597,""dpkiManagementRepositoryHttpVerify"":8.499599993228912}",1,6671393,0xdea4321bfc457ead5b3e1b201b66a164b8c9e9c5b01f560368fe16442e9906d0
0,DPKI,73,management,true,false,130001.38478132623,139589.18328132766,139860.16678133147,270.9835000038147,0,270.9835000038147,-1,0,2,0,"{""dpkiManagementDispatchHttp"":19.25499999523163,""dpkiManagementRelayHttp"":0,""dpkiManagementHttpWindow"":4.4355000257492065,""dpkiManagementOpenSslIssueKeygen"":34.330299973487854,""dpkiManagementOpenSslIssueCsr"":16.959100008010864,""dpkiManagementOpenSslIssueSignCert"":12.916099965572357,""dpkiManagementOpenSslIssueExtractPubkey"":8.408900022506714,""dpkiManagementIssueCertificate"":74.20049995183945,""dpkiManagementOpenSslVerifyLeaf"":9.390100002288818,""dpkiManagementLeafAssertionSign"":11.721400022506714,""dpkiManagementLeafAssertionVerify"":8.808600008487701,""dpkiManagementOpenSslVerifyIssuerCA"":9.690100014209747,""dpkiManagementIssuerAssertionSign"":11.989800035953522,""dpkiManagementIssuerAssertionVerify"":9.036400020122528,""dpkiManagementVerifyRepositoryUpdateLocal"":0.005200028419494629,""dpkiManagementBuildMpt"":2.30239999294281,""dpkiManagementPutCertAndRootTx"":92.20739996433258,""dpkiManagementRepositoryHttpVerify"":17.15070003271103}",1,6671397,0xc9d19a8407e2af2a0d9800087f6a879a72fe9c30df2c0a4d358c6db64502f54a
0,DPKI,74,management,true,false,130164.14789320304,139751.94639320447,140075.06799317672,323.1215999722481,0,323.1215999722481,-1,0,2,0,"{""dpkiManagementDispatchHttp"":25.856600046157837,""dpkiManagementRelayHttp"":0,""dpkiManagementHttpWindow"":3.873099982738495,""dpkiManagementOpenSslIssueKeygen"":52.16769999265671,""dpkiManagementOpenSslIssueCsr"":17.78549998998642,""dpkiManagementOpenSslIssueSignCert"":13.334999978542328,""dpkiManagementOpenSslIssueExtractPubkey"":9.196399986743927,""dpkiManagementIssueCertificate"":93.96969997882843,""dpkiManagementOpenSslVerifyLeaf"":9.30869996547699,""dpkiManagementLeafAssertionSign"":12.156199991703033,""dpkiManagementLeafAssertionVerify"":10.005899965763092,""dpkiManagementOpenSslVerifyIssuerCA"":9.289699971675873,""dpkiManagementIssuerAssertionSign"":12.036099970340729,""dpkiManagementIssuerAssertionVerify"":9.765600025653839,""dpkiManagementVerifyRepositoryUpdateLocal"":0.0051000118255615234,""dpkiManagementBuildMpt"":2.3351000547409058,""dpkiManagementPutCertAndRootTx"":118.0217000246048,""dpkiManagementRepositoryHttpVerify"":15.703599989414215}",1,6671400,0x1017c0d1c72ed387a14ae3e41f21eb57f6b8ec59ce24b0d259d840fee7aa0971
0,DPKI,75,management,true,false,130801.77981712171,140389.57831712315,140625.88421716043,236.30590003728867,0,236.30590003728867,-1,0,2,0,"{""dpkiManagementDispatchHttp"":27.540899991989136,""dpkiManagementRelayHttp"":0,""dpkiManagementHttpWindow"":16.206100046634674,""dpkiManagementOpenSslIssueKeygen"":26.328500032424927,""dpkiManagementOpenSslIssueCsr"":17.136900007724762,""dpkiManagementOpenSslIssueSignCert"":13.802199959754944,""dpkiManagementOpenSslIssueExtractPubkey"":9.012799978256226,""dpkiManagementIssueCertificate"":67.74770003557205,""dpkiManagementOpenSslVerifyLeaf"":8.757299959659576,""dpkiManagementLeafAssertionSign"":12.336400032043457,""dpkiManagementLeafAssertionVerify"":9.585299968719482,""dpkiManagementOpenSslVerifyIssuerCA"":8.97460001707077,""dpkiManagementIssuerAssertionSign"":12.750299990177155,""dpkiManagementIssuerAssertionVerify"":9.862100005149841,""dpkiManagementVerifyRepositoryUpdateLocal"":0.005299985408782959,""dpkiManagementBuildMpt"":2.2765000462532043,""dpkiManagementPutCertAndRootTx"":53.705799996852875,""dpkiManagementRepositoryHttpVerify"":5.7515000104904175}",1,6671406,0x4a1c1966cd2ef6de078b24afe94485ba335f62026d828ed67bb2b66e19609b29
0,DPKI,76,management,true,false,133314.831320672,142902.62982067344,143166.34962066886,263.71979999542236,0,263.71979999542236,-1,0,2,0,"{""dpkiManagementDispatchHttp"":9.123000025749207,""dpkiManagementRelayHttp"":0,""dpkiManagementHttpWindow"":13.810400009155273,""dpkiManagementOpenSslIssueKeygen"":58.92860001325607,""dpkiManagementOpenSslIssueCsr"":17.601100027561188,""dpkiManagementOpenSslIssueSignCert"":14.121399998664856,""dpkiManagementOpenSslIssueExtractPubkey"":9.703100025653839,""dpkiManagementIssueCertificate"":101.90479999780655,""dpkiManagementOpenSslVerifyLeaf"":9.638000011444092,""dpkiManagementLeafAssertionSign"":11.89740002155304,""dpkiManagementLeafAssertionVerify"":9.398000001907349,""dpkiManagementOpenSslVerifyIssuerCA"":9.70880001783371,""dpkiManagementIssuerAssertionSign"":12.364600002765656,""dpkiManagementIssuerAssertionVerify"":9.483200013637543,""dpkiManagementVerifyRepositoryUpdateLocal"":0.0046999454498291016,""dpkiManagementBuildMpt"":2.2903000116348267,""dpkiManagementPutCertAndRootTx"":65.521399974823,""dpkiManagementRepositoryHttpVerify"":7.768200039863586}",1,6671410,0xdb107dd527606de2ea09c55cfc833b7d98b9abd43af893398c86f5d85a75dd6e
0,DPKI,77,management,true,false,139201.41303840233,148789.21153840376,149019.49283841206,230.28130000829697,0,230.28130000829697,-1,0,2,0,"{""dpkiManagementDispatchHttp"":3.1116999983787537,""dpkiManagementRelayHttp"":0,""dpkiManagementHttpWindow"":3.2698999643325806,""dpkiManagementOpenSslIssueKeygen"":23.86509996652603,""dpkiManagementOpenSslIssueCsr"":17.074100017547607,""dpkiManagementOpenSslIssueSignCert"":14.1564000248909,""dpkiManagementOpenSslIssueExtractPubkey"":9.529100000858307,""dpkiManagementIssueCertificate"":66.31709998846054,""dpkiManagementOpenSslVerifyLeaf"":9.815600037574768,""dpkiManagementLeafAssertionSign"":12.41729998588562,""dpkiManagementLeafAssertionVerify"":9.486100018024445,""dpkiManagementOpenSslVerifyIssuerCA"":10.314300000667572,""dpkiManagementIssuerAssertionSign"":12.722000002861023,""dpkiManagementIssuerAssertionVerify"":9.73939996957779,""dpkiManagementVerifyRepositoryUpdateLocal"":0.006600022315979004,""dpkiManagementBuildMpt"":2.3596999645233154,""dpkiManagementPutCertAndRootTx"":84.4617999792099,""dpkiManagementRepositoryHttpVerify"":5.483200013637543}",1,6671415,0xb2ab270033d912275644a10ddf62be206b271b00c741fd84055aa15e09417247
0,DPKI,78,management,true,false,142028.0499479099,151615.84844791132,151864.06724791962,248.21880000829697,0,248.21880000829697,-1,0,2,0,"{""dpkiManagementDispatchHttp"":2.209500014781952,""dpkiManagementRelayHttp"":0,""dpkiManagementHttpWindow"":8.996500015258789,""dpkiManagementOpenSslIssueKeygen"":34.1139999628067,""dpkiManagementOpenSslIssueCsr"":17.674700021743774,""dpkiManagementOpenSslIssueSignCert"":13.636599957942963,""dpkiManagementOpenSslIssueExtractPubkey"":9.10209995508194,""dpkiManagementIssueCertificate"":76.0625,""dpkiManagementOpenSslVerifyLeaf"":9.455300033092499,""dpkiManagementLeafAssertionSign"":12.675400018692017,""dpkiManagementLeafAssertionVerify"":9.501500010490417,""dpkiManagementOpenSslVerifyIssuerCA"":9.422900021076202,""dpkiManagementIssuerAssertionSign"":12.015900015830994,""dpkiManagementIssuerAssertionVerify"":9.23389995098114,""dpkiManagementVerifyRepositoryUpdateLocal"":0.005200028419494629,""dpkiManagementBuildMpt"":2.39000004529953,""dpkiManagementPutCertAndRootTx"":88.07710003852844,""dpkiManagementRepositoryHttpVerify"":7.36710000038147}",1,6671420,0xe9176debc3820eb02a2ed812778b0ab4fc6cef481869944a966712e512848e8f
0,DPKI,79,management,true,false,147510.42184477518,157098.2203447766,157345.62634479473,247.4060000181198,0,247.4060000181198,-1,0,2,0,"{""dpkiManagementDispatchHttp"":2.9717000126838684,""dpkiManagementRelayHttp"":0,""dpkiManagementHttpWindow"":5.473900020122528,""dpkiManagementOpenSslIssueKeygen"":51.64309996366501,""dpkiManagementOpenSslIssueCsr"":17.7781999707222,""dpkiManagementOpenSslIssueSignCert"":12.990599989891052,""dpkiManagementOpenSslIssueExtractPubkey"":8.884899973869324,""dpkiManagementIssueCertificate"":92.93639999628067,""dpkiManagementOpenSslVerifyLeaf"":9.224900007247925,""dpkiManagementLeafAssertionSign"":11.750999987125397,""dpkiManagementLeafAssertionVerify"":9.635599970817566,""dpkiManagementOpenSslVerifyIssuerCA"":10.012500047683716,""dpkiManagementIssuerAssertionSign"":12.088500022888184,""dpkiManagementIssuerAssertionVerify"":9.250100016593933,""dpkiManagementVerifyRepositoryUpdateLocal"":0.0056999921798706055,""dpkiManagementBuildMpt"":2.323200047016144,""dpkiManagementPutCertAndRootTx"":73.90880000591278,""dpkiManagementRepositoryHttpVerify"":7.011500000953674}",1,6671425,0x7e2344a250c56230b78446a559bb5ed08195d10b3daee0cb9e05714d1b5eb73b
0,DPKI,80,management,true,false,148231.53095407112,157819.32945407255,158061.46625406368,242.13679999113083,0,242.13679999113083,-1,0,2,0,"{""dpkiManagementDispatchHttp"":8.852299988269806,""dpkiManagementRelayHttp"":0,""dpkiManagementHttpWindow"":13.697300016880035,""dpkiManagementOpenSslIssueKeygen"":34.892500042915344,""dpkiManagementOpenSslIssueCsr"":17.97110003232956,""dpkiManagementOpenSslIssueSignCert"":13.939099967479706,""dpkiManagementOpenSslIssueExtractPubkey"":8.870499968528748,""dpkiManagementIssueCertificate"":77.35449999570847,""dpkiManagementOpenSslVerifyLeaf"":9.943099975585938,""dpkiManagementLeafAssertionSign"":12.934100031852722,""dpkiManagementLeafAssertionVerify"":10.4510999917984,""dpkiManagementOpenSslVerifyIssuerCA"":9.537000000476837,""dpkiManagementIssuerAssertionSign"":12.770799994468689,""dpkiManagementIssuerAssertionVerify"":9.406700015068054,""dpkiManagementVerifyRepositoryUpdateLocal"":0.005299985408782959,""dpkiManagementBuildMpt"":2.3679999709129333,""dpkiManagementPutCertAndRootTx"":70.5,""dpkiManagementRepositoryHttpVerify"":3.5342000126838684}",1,6671430,0x19c9302fae6b3f85ce08530eff93816616427881903e671bef3ddb15b194e5d9
0,DPKI,81,management,true,false,152194.04859617326,161781.8470961747,162047.33509615037,265.4879999756813,0,265.4879999756813,-1,0,2,0,"{""dpkiManagementDispatchHttp"":10.213100016117096,""dpkiManagementRelayHttp"":0,""dpkiManagementHttpWindow"":0.9347000122070312,""dpkiManagementOpenSslIssueKeygen"":35.32039999961853,""dpkiManagementOpenSslIssueCsr"":17.463299989700317,""dpkiManagementOpenSslIssueSignCert"":15.497500002384186,""dpkiManagementOpenSslIssueExtractPubkey"":13.010299980640411,""dpkiManagementIssueCertificate"":82.84049999713898,""dpkiManagementOpenSslVerifyLeaf"":10.432799994945526,""dpkiManagementLeafAssertionSign"":18.03360003232956,""dpkiManagementLeafAssertionVerify"":9.146200001239777,""dpkiManagementOpenSslVerifyIssuerCA"":9.42799997329712,""dpkiManagementIssuerAssertionSign"":12.32039999961853,""dpkiManagementIssuerAssertionVerify"":9.114300012588501,""dpkiManagementVerifyRepositoryUpdateLocal"":0.005299985408782959,""dpkiManagementBuildMpt"":2.294800043106079,""dpkiManagementPutCertAndRootTx"":90.64219999313354,""dpkiManagementRepositoryHttpVerify"":9.319599986076355}",1,6671436,0x14e5a76b97ca07f6cb1435f70a9fda519c13792823501db7c21329cb7bb2b084
0,DPKI,82,management,true,false,152991.77416128578,162579.5726612872,162820.47716129484,240.9045000076294,0,240.9045000076294,-1,0,2,0,"{""dpkiManagementDispatchHttp"":1.3786999583244324,""dpkiManagementRelayHttp"":0,""dpkiManagementHttpWindow"":2.177299976348877,""dpkiManagementOpenSslIssueKeygen"":19.556900024414062,""dpkiManagementOpenSslIssueCsr"":18.46840000152588,""dpkiManagementOpenSslIssueSignCert"":13.958400011062622,""dpkiManagementOpenSslIssueExtractPubkey"":9.631600022315979,""dpkiManagementIssueCertificate"":63.14340001344681,""dpkiManagementOpenSslVerifyLeaf"":9.959100008010864,""dpkiManagementLeafAssertionSign"":12.424899995326996,""dpkiManagementLeafAssertionVerify"":9.579499959945679,""dpkiManagementOpenSslVerifyIssuerCA"":9.264800012111664,""dpkiManagementIssuerAssertionSign"":12.99260002374649,""dpkiManagementIssuerAssertionVerify"":9.580200016498566,""dpkiManagementVerifyRepositoryUpdateLocal"":0.005600035190582275,""dpkiManagementBuildMpt"":2.389900028705597,""dpkiManagementPutCertAndRootTx"":102.2960000038147,""dpkiManagementRepositoryHttpVerify"":4.969000041484833}",1,6671440,0x72dc201add92b5d54a78a532a80bbc64841d3c99783a56d6541930beb2b36ca9
0,DPKI,83,management,true,false,153800.67135072759,163388.46985072902,163681.2526507478,292.7828000187874,0,292.7828000187874,-1,0,2,0,"{""dpkiManagementDispatchHttp"":24.420899987220764,""dpkiManagementRelayHttp"":0,""dpkiManagementHttpWindow"":15.783799946308136,""dpkiManagementOpenSslIssueKeygen"":31.944499969482422,""dpkiManagementOpenSslIssueCsr"":17.545700013637543,""dpkiManagementOpenSslIssueSignCert"":12.793199956417084,""dpkiManagementOpenSslIssueExtractPubkey"":9.33840000629425,""dpkiManagementIssueCertificate"":73.28409999608994,""dpkiManagementOpenSslVerifyLeaf"":10.365900039672852,""dpkiManagementLeafAssertionSign"":12.395600020885468,""dpkiManagementLeafAssertionVerify"":9.073300004005432,""dpkiManagementOpenSslVerifyIssuerCA"":9.28600001335144,""dpkiManagementIssuerAssertionSign"":12.169900000095367,""dpkiManagementIssuerAssertionVerify"":9.262499988079071,""dpkiManagementVerifyRepositoryUpdateLocal"":0.0051999688148498535,""dpkiManagementBuildMpt"":2.3155999779701233,""dpkiManagementPutCertAndRootTx"":109.86719995737076,""dpkiManagementRepositoryHttpVerify"":3.640399992465973}",1,6671446,0x585cafaef5bf7760f7f4bf61612a6e50e2872925f221136d3c0aed81d351c67d
0,DPKI,84,management,true,false,155511.55045682614,165099.34895682757,165375.27335679953,275.924399971962,0,275.924399971962,-1,0,2,0,"{""dpkiManagementDispatchHttp"":4.561300039291382,""dpkiManagementRelayHttp"":0,""dpkiManagementHttpWindow"":20.427899956703186,""dpkiManagementOpenSslIssueKeygen"":29.454299986362457,""dpkiManagementOpenSslIssueCsr"":18.7989000082016,""dpkiManagementOpenSslIssueSignCert"":13.074299991130829,""dpkiManagementOpenSslIssueExtractPubkey"":9.87169998884201,""dpkiManagementIssueCertificate"":72.7098999619484,""dpkiManagementOpenSslVerifyLeaf"":10.098699986934662,""dpkiManagementLeafAssertionSign"":12.266200006008148,""dpkiManagementLeafAssertionVerify"":8.914600014686584,""dpkiManagementOpenSslVerifyIssuerCA"":9.800700008869171,""dpkiManagementIssuerAssertionSign"":11.983500003814697,""dpkiManagementIssuerAssertionVerify"":9.32480001449585,""dpkiManagementVerifyRepositoryUpdateLocal"":0.005800008773803711,""dpkiManagementBuildMpt"":2.3733999729156494,""dpkiManagementPutCertAndRootTx"":94.96270000934601,""dpkiManagementRepositoryHttpVerify"":17.742900013923645}",1,6671451,0x54a7ed738cde87db29af6da9a2612f7e0b8621823cd40cfb9326707b6dd3ba99
0,DPKI,85,management,true,false,156121.57761885834,165709.37611885977,165972.29461880637,262.91849994659424,0,262.91849994659424,-1,0,2,0,"{""dpkiManagementDispatchHttp"":29.023499965667725,""dpkiManagementRelayHttp"":0,""dpkiManagementHttpWindow"":15.165000021457672,""dpkiManagementOpenSslIssueKeygen"":21.36489999294281,""dpkiManagementOpenSslIssueCsr"":18.497399985790253,""dpkiManagementOpenSslIssueSignCert"":13.999000012874603,""dpkiManagementOpenSslIssueExtractPubkey"":9.648399949073792,""dpkiManagementIssueCertificate"":64.9675999879837,""dpkiManagementOpenSslVerifyLeaf"":10.028599977493286,""dpkiManagementLeafAssertionSign"":12.001900017261505,""dpkiManagementLeafAssertionVerify"":9.35180002450943,""dpkiManagementOpenSslVerifyIssuerCA"":9.071599960327148,""dpkiManagementIssuerAssertionSign"":12.02379995584488,""dpkiManagementIssuerAssertionVerify"":9.646100044250488,""dpkiManagementVerifyRepositoryUpdateLocal"":0.005899965763092041,""dpkiManagementBuildMpt"":2.2760000228881836,""dpkiManagementPutCertAndRootTx"":71.46649998426437,""dpkiManagementRepositoryHttpVerify"":17.1521999835968}",1,6671457,0x7d5ac867122e297d7f1422bcc12a27b1ec28e461331dfd253675c12d17e2471a
0,DPKI,86,management,true,false,156977.54873808514,166565.34723808657,166833.0806380738,267.73339998722076,0,267.73339998722076,-1,0,2,0,"{""dpkiManagementDispatchHttp"":12.255999982357025,""dpkiManagementRelayHttp"":0,""dpkiManagementHttpWindow"":15.351199984550476,""dpkiManagementOpenSslIssueKeygen"":33.203400015830994,""dpkiManagementOpenSslIssueCsr"":20.474700033664703,""dpkiManagementOpenSslIssueSignCert"":13.086300015449524,""dpkiManagementOpenSslIssueExtractPubkey"":9.297199964523315,""dpkiManagementIssueCertificate"":77.60049998760223,""dpkiManagementOpenSslVerifyLeaf"":10.078400015830994,""dpkiManagementLeafAssertionSign"":11.91729998588562,""dpkiManagementLeafAssertionVerify"":9.22759997844696,""dpkiManagementOpenSslVerifyIssuerCA"":9.017399966716766,""dpkiManagementIssuerAssertionSign"":12.268100023269653,""dpkiManagementIssuerAssertionVerify"":8.949900031089783,""dpkiManagementVerifyRepositoryUpdateLocal"":0.0048999786376953125,""dpkiManagementBuildMpt"":2.722699999809265,""dpkiManagementPutCertAndRootTx"":92.74870002269745,""dpkiManagementRepositoryHttpVerify"":4.839600026607513}",1,6671461,0x28ff4e6d2e93c9d07626ffd744b4f3e6ee49eccfeb30b93d7e334d955abb58f0
0,DPKI,87,management,true,false,157218.92077018632,166806.71927018775,167070.81667013778,264.09739995002747,0,264.09739995002747,-1,0,2,0,"{""dpkiManagementDispatchHttp"":22.67339998483658,""dpkiManagementRelayHttp"":0,""dpkiManagementHttpWindow"":15.543799996376038,""dpkiManagementOpenSslIssueKeygen"":33.51340001821518,""dpkiManagementOpenSslIssueCsr"":18.301400005817413,""dpkiManagementOpenSslIssueSignCert"":13.457400023937225,""dpkiManagementOpenSslIssueExtractPubkey"":9.354600012302399,""dpkiManagementIssueCertificate"":76.38679999113083,""dpkiManagementOpenSslVerifyLeaf"":9.864300012588501,""dpkiManagementLeafAssertionSign"":11.706699967384338,""dpkiManagementLeafAssertionVerify"":8.712700009346008,""dpkiManagementOpenSslVerifyIssuerCA"":9.417400002479553,""dpkiManagementIssuerAssertionSign"":11.771200001239777,""dpkiManagementIssuerAssertionVerify"":9.40310001373291,""dpkiManagementVerifyRepositoryUpdateLocal"":0.006200015544891357,""dpkiManagementBuildMpt"":2.6840999722480774,""dpkiManagementPutCertAndRootTx"":78.03949999809265,""dpkiManagementRepositoryHttpVerify"":7.1057000160217285}",1,6671466,0xc70c576de9d92b7c3fbc3ca46359428378aa0d81ff5ddc8d0c73023d8c46f9e0
0,DPKI,88,management,true,false,158158.29188752733,167746.09038752876,168031.83798754774,285.7476000189781,0,285.7476000189781,-1,0,2,0,"{""dpkiManagementDispatchHttp"":0.2825999855995178,""dpkiManagementRelayHttp"":0,""dpkiManagementHttpWindow"":1.4549000263214111,""dpkiManagementOpenSslIssueKeygen"":59.79129999876022,""dpkiManagementOpenSslIssueCsr"":18.295199990272522,""dpkiManagementOpenSslIssueSignCert"":13.630900025367737,""dpkiManagementOpenSslIssueExtractPubkey"":9.882500052452087,""dpkiManagementIssueCertificate"":103.07519996166229,""dpkiManagementOpenSslVerifyLeaf"":10.343899965286255,""dpkiManagementLeafAssertionSign"":12.2882000207901,""dpkiManagementLeafAssertionVerify"":9.29720002412796,""dpkiManagementOpenSslVerifyIssuerCA"":9.206000030040741,""dpkiManagementIssuerAssertionSign"":12.55620002746582,""dpkiManagementIssuerAssertionVerify"":9.596499979496002,""dpkiManagementVerifyRepositoryUpdateLocal"":0.0056999921798706055,""dpkiManagementBuildMpt"":2.4123000502586365,""dpkiManagementPutCertAndRootTx"":97.79119998216629,""dpkiManagementRepositoryHttpVerify"":16.660100042819977}",1,6671472,0xa30fcf879b0e6fd264b543ae17424f27d7846ee02b90994365c845f849d5a871
0,DPKI,89,management,true,false,159351.6000250894,168939.39852509083,169226.1135251242,286.7150000333786,0,286.7150000333786,-1,0,2,0,"{""dpkiManagementDispatchHttp"":12.19870001077652,""dpkiManagementRelayHttp"":0,""dpkiManagementHttpWindow"":1.3712000250816345,""dpkiManagementOpenSslIssueKeygen"":24.61410003900528,""dpkiManagementOpenSslIssueCsr"":18.757200002670288,""dpkiManagementOpenSslIssueSignCert"":13.48989999294281,""dpkiManagementOpenSslIssueExtractPubkey"":8.727299988269806,""dpkiManagementIssueCertificate"":67.62049996852875,""dpkiManagementOpenSslVerifyLeaf"":8.95660001039505,""dpkiManagementLeafAssertionSign"":11.980299949645996,""dpkiManagementLeafAssertionVerify"":9.279100000858307,""dpkiManagementOpenSslVerifyIssuerCA"":10.350899994373322,""dpkiManagementIssuerAssertionSign"":12.384399950504303,""dpkiManagementIssuerAssertionVerify"":9.750299990177155,""dpkiManagementVerifyRepositoryUpdateLocal"":0.0065000057220458984,""dpkiManagementBuildMpt"":2.6875999569892883,""dpkiManagementPutCertAndRootTx"":128.34189999103546,""dpkiManagementRepositoryHttpVerify"":11.013100028038025}",1,6671475,0x0811725d6cad4ac347c5fe560af8cad6f3a98beba0ea40f5aef4c65b877fb476
0,DPKI,90,management,true,false,160193.40424893622,169781.20274893765,170041.66034893517,260.45759999752045,0,260.45759999752045,-1,0,2,0,"{""dpkiManagementDispatchHttp"":33.55129998922348,""dpkiManagementRelayHttp"":0,""dpkiManagementHttpWindow"":15.970399975776672,""dpkiManagementOpenSslIssueKeygen"":31.494700014591217,""dpkiManagementOpenSslIssueCsr"":17.46619999408722,""dpkiManagementOpenSslIssueSignCert"":13.74889999628067,""dpkiManagementOpenSslIssueExtractPubkey"":9.086099982261658,""dpkiManagementIssueCertificate"":73.48049998283386,""dpkiManagementOpenSslVerifyLeaf"":9.483000040054321,""dpkiManagementLeafAssertionSign"":11.676699995994568,""dpkiManagementLeafAssertionVerify"":9.480599999427795,""dpkiManagementOpenSslVerifyIssuerCA"":9.523100018501282,""dpkiManagementIssuerAssertionSign"":12.25979995727539,""dpkiManagementIssuerAssertionVerify"":10.039499998092651,""dpkiManagementVerifyRepositoryUpdateLocal"":0.0055999755859375,""dpkiManagementBuildMpt"":2.2960000038146973,""dpkiManagementPutCertAndRootTx"":65.96679997444153,""dpkiManagementRepositoryHttpVerify"":5.936299979686737}",1,6671481,0xdd521bdee27d54408e0d885d8dafd2363ad94ddaf6d0c4ca2e66d5d2ae17e245
0,DPKI,91,management,true,false,161220.8594709453,170808.65797094672,171056.30137096017,247.6434000134468,0,247.6434000134468,-1,0,2,0,"{""dpkiManagementDispatchHttp"":11.226600050926208,""dpkiManagementRelayHttp"":0,""dpkiManagementHttpWindow"":2.469600021839142,""dpkiManagementOpenSslIssueKeygen"":28.885999977588654,""dpkiManagementOpenSslIssueCsr"":17.362800002098083,""dpkiManagementOpenSslIssueSignCert"":14.325200021266937,""dpkiManagementOpenSslIssueExtractPubkey"":9.118299961090088,""dpkiManagementIssueCertificate"":71.31110000610352,""dpkiManagementOpenSslVerifyLeaf"":10.288900017738342,""dpkiManagementLeafAssertionSign"":12.762899994850159,""dpkiManagementLeafAssertionVerify"":9.84799998998642,""dpkiManagementOpenSslVerifyIssuerCA"":9.543300032615662,""dpkiManagementIssuerAssertionSign"":11.823800027370453,""dpkiManagementIssuerAssertionVerify"":8.924399971961975,""dpkiManagementVerifyRepositoryUpdateLocal"":0.004800021648406982,""dpkiManagementBuildMpt"":2.3298999667167664,""dpkiManagementPutCertAndRootTx"":89.46919995546341,""dpkiManagementRepositoryHttpVerify"":6.832800030708313}",1,6671486,0x237708883a549e1da86b5d4cc23e760b65be04c1a0f39899bb1b815105228fe5
0,DPKI,92,management,true,false,161463.71637093415,171051.51487093559,171314.0824709474,262.56760001182556,0,262.56760001182556,-1,0,2,0,"{""dpkiManagementDispatchHttp"":20.9617999792099,""dpkiManagementRelayHttp"":0,""dpkiManagementHttpWindow"":15.84550005197525,""dpkiManagementOpenSslIssueKeygen"":60.057000041007996,""dpkiManagementOpenSslIssueCsr"":18.397499978542328,""dpkiManagementOpenSslIssueSignCert"":13.178200006484985,""dpkiManagementOpenSslIssueExtractPubkey"":9.133799970149994,""dpkiManagementIssueCertificate"":102.23729997873306,""dpkiManagementOpenSslVerifyLeaf"":9.093400001525879,""dpkiManagementLeafAssertionSign"":11.889800012111664,""dpkiManagementLeafAssertionVerify"":9.12660002708435,""dpkiManagementOpenSslVerifyIssuerCA"":9.315700054168701,""dpkiManagementIssuerAssertionSign"":12.409699976444244,""dpkiManagementIssuerAssertionVerify"":9.405600011348724,""dpkiManagementVerifyRepositoryUpdateLocal"":0.0051000118255615234,""dpkiManagementBuildMpt"":2.6764000058174133,""dpkiManagementPutCertAndRootTx"":50.09179997444153,""dpkiManagementRepositoryHttpVerify"":8.783399999141693}",1,6671491,0xd799aec763a152b85d6fce6f60c774755b664d9ed0a3a3eaf76d583f77a904f5
0,DPKI,93,management,true,false,164483.36376688973,174071.16226689116,174363.88226686016,292.7199999690056,0,292.7199999690056,-1,0,2,0,"{""dpkiManagementDispatchHttp"":20.456499993801117,""dpkiManagementRelayHttp"":0,""dpkiManagementHttpWindow"":15.172100007534027,""dpkiManagementOpenSslIssueKeygen"":36.40819996595383,""dpkiManagementOpenSslIssueCsr"":18.171300053596497,""dpkiManagementOpenSslIssueSignCert"":13.448899984359741,""dpkiManagementOpenSslIssueExtractPubkey"":9.41399997472763,""dpkiManagementIssueCertificate"":79.15919995307922,""dpkiManagementOpenSslVerifyLeaf"":9.455099999904633,""dpkiManagementLeafAssertionSign"":11.987299978733063,""dpkiManagementLeafAssertionVerify"":9.669700026512146,""dpkiManagementOpenSslVerifyIssuerCA"":8.832800030708313,""dpkiManagementIssuerAssertionSign"":11.948199987411499,""dpkiManagementIssuerAssertionVerify"":9.894500017166138,""dpkiManagementVerifyRepositoryUpdateLocal"":0.0051999688148498535,""dpkiManagementBuildMpt"":2.3152999877929688,""dpkiManagementPutCertAndRootTx"":106.22490000724792,""dpkiManagementRepositoryHttpVerify"":6.780099987983704}",1,6671495,0xf59b38af3cae3aec11dffae2954840346be47848d3f618b56bec665d4206d007
0,DPKI,94,management,true,false,165426.1286241572,175013.92712415862,175320.95632417608,307.02920001745224,0,307.02920001745224,-1,0,2,0,"{""dpkiManagementDispatchHttp"":21.0832000374794,""dpkiManagementRelayHttp"":0,""dpkiManagementHttpWindow"":15.613399982452393,""dpkiManagementOpenSslIssueKeygen"":41.75239998102188,""dpkiManagementOpenSslIssueCsr"":17.311899960041046,""dpkiManagementOpenSslIssueSignCert"":29.803099989891052,""dpkiManagementOpenSslIssueExtractPubkey"":9.175099968910217,""dpkiManagementIssueCertificate"":99.74240005016327,""dpkiManagementOpenSslVerifyLeaf"":9.211399972438812,""dpkiManagementLeafAssertionSign"":11.822300016880035,""dpkiManagementLeafAssertionVerify"":8.946699976921082,""dpkiManagementOpenSslVerifyIssuerCA"":9.3264000415802,""dpkiManagementIssuerAssertionSign"":11.76450002193451,""dpkiManagementIssuerAssertionVerify"":9.282000005245209,""dpkiManagementVerifyRepositoryUpdateLocal"":0.0051000118255615234,""dpkiManagementBuildMpt"":2.634600043296814,""dpkiManagementPutCertAndRootTx"":99.95169997215271,""dpkiManagementRepositoryHttpVerify"":6.892199993133545}",1,6671501,0x346d40b604ce35609f376fe5e26ad85aad0a757d3a281cf8ec2e1c98699c4660
0,DPKI,95,management,true,false,167163.52487211913,176751.32337212056,177013.09957211703,261.7761999964714,0,261.7761999964714,-1,0,2,0,"{""dpkiManagementDispatchHttp"":3.0771999955177307,""dpkiManagementRelayHttp"":0,""dpkiManagementHttpWindow"":2.083899974822998,""dpkiManagementOpenSslIssueKeygen"":30.620799958705902,""dpkiManagementOpenSslIssueCsr"":17.100299954414368,""dpkiManagementOpenSslIssueSignCert"":13.240099966526031,""dpkiManagementOpenSslIssueExtractPubkey"":9.385800004005432,""dpkiManagementIssueCertificate"":71.81239998340607,""dpkiManagementOpenSslVerifyLeaf"":9.293999969959259,""dpkiManagementLeafAssertionSign"":12.298799991607666,""dpkiManagementLeafAssertionVerify"":9.557600021362305,""dpkiManagementOpenSslVerifyIssuerCA"":9.642899990081787,""dpkiManagementIssuerAssertionSign"":12.34500002861023,""dpkiManagementIssuerAssertionVerify"":9.286700010299683,""dpkiManagementVerifyRepositoryUpdateLocal"":0.00550001859664917,""dpkiManagementBuildMpt"":3.222100019454956,""dpkiManagementPutCertAndRootTx"":114.04969996213913,""dpkiManagementRepositoryHttpVerify"":4.361500024795532}",1,6671506,0x7398f8fb18fb3a672658e5cff67c774d5c2d952a612242326e99b32d25b54767
0,DPKI,96,management,true,false,167813.3692767265,177401.16777672793,177665.1845767143,264.01679998636246,0,264.01679998636246,-1,0,2,0,"{""dpkiManagementDispatchHttp"":27.568800032138824,""dpkiManagementRelayHttp"":0,""dpkiManagementHttpWindow"":1.4333999752998352,""dpkiManagementOpenSslIssueKeygen"":50.405600011348724,""dpkiManagementOpenSslIssueCsr"":17.43450003862381,""dpkiManagementOpenSslIssueSignCert"":13.046999990940094,""dpkiManagementOpenSslIssueExtractPubkey"":9.268199980258942,""dpkiManagementIssueCertificate"":91.64460003376007,""dpkiManagementOpenSslVerifyLeaf"":9.026600003242493,""dpkiManagementLeafAssertionSign"":11.88620001077652,""dpkiManagementLeafAssertionVerify"":9.294399976730347,""dpkiManagementOpenSslVerifyIssuerCA"":8.844200015068054,""dpkiManagementIssuerAssertionSign"":12.757200002670288,""dpkiManagementIssuerAssertionVerify"":9.531799972057343,""dpkiManagementVerifyRepositoryUpdateLocal"":0.0056999921798706055,""dpkiManagementBuildMpt"":3.190400004386902,""dpkiManagementPutCertAndRootTx"":72.85549998283386,""dpkiManagementRepositoryHttpVerify"":5.167300045490265}",1,6671511,0x1fb6288453853077d89a4a994a57ebb3f543f098c4f455cc013c0c43b704ec04
0,DPKI,97,management,true,false,167830.57107599723,177418.36957599866,177705.53717669274,287.1676006940834,55.65370071210782,231.51389998197556,-1,0,2,0,"{""dpkiManagementDispatchHttp"":1.5109000205993652,""dpkiManagementRelayHttp"":0,""dpkiManagementHttpWindow"":4.361999988555908,""dpkiManagementOpenSslIssueKeygen"":27.399599969387054,""dpkiManagementOpenSslIssueCsr"":17.200500011444092,""dpkiManagementOpenSslIssueSignCert"":13.243600010871887,""dpkiManagementOpenSslIssueExtractPubkey"":8.858300030231476,""dpkiManagementIssueCertificate"":68.20939999818802,""dpkiManagementOpenSslVerifyLeaf"":9.582300007343292,""dpkiManagementLeafAssertionSign"":14.134700000286102,""dpkiManagementLeafAssertionVerify"":9.537299990653992,""dpkiManagementOpenSslVerifyIssuerCA"":9.437799990177155,""dpkiManagementIssuerAssertionSign"":11.405299961566925,""dpkiManagementIssuerAssertionVerify"":9.426200032234192,""dpkiManagementVerifyRepositoryUpdateLocal"":0.006099998950958252,""dpkiManagementBuildMpt"":2.9354999661445618,""dpkiManagementPutCertAndRootTx"":86.0745000243187,""dpkiManagementRepositoryHttpVerify"":4.160100042819977}",1,6671515,0xd1fe0c93d1159bfcd9645b498b6604c7f77bceaca609ce00f179b0ef07d940ca
0,DPKI,98,management,true,false,169374.38287524565,178962.18137524708,179204.4173752485,242.2360000014305,0,242.2360000014305,-1,0,2,0,"{""dpkiManagementDispatchHttp"":2.642300009727478,""dpkiManagementRelayHttp"":0,""dpkiManagementHttpWindow"":22.059100031852722,""dpkiManagementOpenSslIssueKeygen"":21.213800013065338,""dpkiManagementOpenSslIssueCsr"":17.508399963378906,""dpkiManagementOpenSslIssueSignCert"":13.37610000371933,""dpkiManagementOpenSslIssueExtractPubkey"":9.59529995918274,""dpkiManagementIssueCertificate"":63.124199986457825,""dpkiManagementOpenSslVerifyLeaf"":9.252900004386902,""dpkiManagementLeafAssertionSign"":12.220200002193451,""dpkiManagementLeafAssertionVerify"":9.14980000257492,""dpkiManagementOpenSslVerifyIssuerCA"":9.303399980068207,""dpkiManagementIssuerAssertionSign"":12.615800023078918,""dpkiManagementIssuerAssertionVerify"":9.076399981975555,""dpkiManagementVerifyRepositoryUpdateLocal"":0.004999995231628418,""dpkiManagementBuildMpt"":2.4658000469207764,""dpkiManagementPutCertAndRootTx"":72.67919999361038,""dpkiManagementRepositoryHttpVerify"":16.865700006484985}",1,6671519,0x60731f0f90395e8ecd6a94573eeb843b61f55bc7073c481692c5e33e32b2dea0
0,DPKI,99,management,true,false,170611.84995739526,180199.6484573967,180419.83085744447,220.18240004777908,0,220.18240004777908,-1,0,2,0,"{""dpkiManagementDispatchHttp"":4.167800009250641,""dpkiManagementRelayHttp"":0,""dpkiManagementHttpWindow"":2.4609000086784363,""dpkiManagementOpenSslIssueKeygen"":39.29359996318817,""dpkiManagementOpenSslIssueCsr"":17.61690002679825,""dpkiManagementOpenSslIssueSignCert"":14.044699966907501,""dpkiManagementOpenSslIssueExtractPubkey"":14.219099998474121,""dpkiManagementIssueCertificate"":86.86750000715256,""dpkiManagementOpenSslVerifyLeaf"":9.57150000333786,""dpkiManagementLeafAssertionSign"":14.41049998998642,""dpkiManagementLeafAssertionVerify"":10.003600001335144,""dpkiManagementOpenSslVerifyIssuerCA"":9.203000009059906,""dpkiManagementIssuerAssertionSign"":13.040199995040894,""dpkiManagementIssuerAssertionVerify"":9.830099999904633,""dpkiManagementVerifyRepositoryUpdateLocal"":0.0056999921798706055,""dpkiManagementBuildMpt"":3.077300012111664,""dpkiManagementPutCertAndRootTx"":35.11779999732971,""dpkiManagementRepositoryHttpVerify"":4.59960001707077}",1,6671523,0x609f0951d9dc50b3238bc5fa324e45c8bf31acab652ea541e01fc99a54be5206
0,DPKI,100,management,true,false,173967.1787248626,183554.97722486404,183820.22592488673,265.24870002269745,0,265.24870002269745,-1,0,2,0,"{""dpkiManagementDispatchHttp"":23.54830002784729,""dpkiManagementRelayHttp"":0,""dpkiManagementHttpWindow"":15.294600009918213,""dpkiManagementOpenSslIssueKeygen"":19.60640001296997,""dpkiManagementOpenSslIssueCsr"":17.473100006580353,""dpkiManagementOpenSslIssueSignCert"":13.276500046253204,""dpkiManagementOpenSslIssueExtractPubkey"":9.221700012683868,""dpkiManagementIssueCertificate"":61.09450000524521,""dpkiManagementOpenSslVerifyLeaf"":9.392700016498566,""dpkiManagementLeafAssertionSign"":11.827999949455261,""dpkiManagementLeafAssertionVerify"":9.132099986076355,""dpkiManagementOpenSslVerifyIssuerCA"":9.06470000743866,""dpkiManagementIssuerAssertionSign"":11.301200032234192,""dpkiManagementIssuerAssertionVerify"":9.144799947738647,""dpkiManagementVerifyRepositoryUpdateLocal"":0.0055999755859375,""dpkiManagementBuildMpt"":2.4860000014305115,""dpkiManagementPutCertAndRootTx"":96.42050004005432,""dpkiManagementRepositoryHttpVerify"":5.816499948501587}",1,6671527,0x19aff9aec8be878ad9583e45ddf9da8df19d4da6c196cfe1a8917dcc91cd0be9
0,DPKI,101,management,true,false,180251.64620112057,189839.444701122,190165.75900112267,326.3143000006676,0,326.3143000006676,-1,0,2,0,"{""dpkiManagementDispatchHttp"":5.575200021266937,""dpkiManagementRelayHttp"":0,""dpkiManagementHttpWindow"":0.8336000442504883,""dpkiManagementOpenSslIssueKeygen"":26.022800028324127,""dpkiManagementOpenSslIssueCsr"":17.637600004673004,""dpkiManagementOpenSslIssueSignCert"":14.063899993896484,""dpkiManagementOpenSslIssueExtractPubkey"":9.592700004577637,""dpkiManagementIssueCertificate"":68.78899997472763,""dpkiManagementOpenSslVerifyLeaf"":8.834200024604797,""dpkiManagementLeafAssertionSign"":11.976099967956543,""dpkiManagementLeafAssertionVerify"":9.13069999217987,""dpkiManagementOpenSslVerifyIssuerCA"":8.693099975585938,""dpkiManagementIssuerAssertionSign"":11.887299954891205,""dpkiManagementIssuerAssertionVerify"":9.16890001296997,""dpkiManagementVerifyRepositoryUpdateLocal"":0.004700005054473877,""dpkiManagementBuildMpt"":2.282800018787384,""dpkiManagementPutCertAndRootTx"":180.55790001153946,""dpkiManagementRepositoryHttpVerify"":7.868600010871887}",1,6671530,0x55ec71d8a92bc7ee7fa1159a15a48b566459551bef66db2fb00334663e9e6153
0,DPKI,102,management,true,false,181164.78361917325,190752.58211917468,191008.5276191909,255.94550001621246,0,255.94550001621246,-1,0,2,0,"{""dpkiManagementDispatchHttp"":4.705299973487854,""dpkiManagementRelayHttp"":0,""dpkiManagementHttpWindow"":3.5574000477790833,""dpkiManagementOpenSslIssueKeygen"":40.45829999446869,""dpkiManagementOpenSslIssueCsr"":17.530699968338013,""dpkiManagementOpenSslIssueSignCert"":13.422500014305115,""dpkiManagementOpenSslIssueExtractPubkey"":8.608299970626831,""dpkiManagementIssueCertificate"":81.53270000219345,""dpkiManagementOpenSslVerifyLeaf"":8.95030003786087,""dpkiManagementLeafAssertionSign"":11.357899963855743,""dpkiManagementLeafAssertionVerify"":9.311699986457825,""dpkiManagementOpenSslVerifyIssuerCA"":8.937600016593933,""dpkiManagementIssuerAssertionSign"":12.024100005626678,""dpkiManagementIssuerAssertionVerify"":9.850799977779388,""dpkiManagementVerifyRepositoryUpdateLocal"":0.00550001859664917,""dpkiManagementBuildMpt"":2.295199990272522,""dpkiManagementPutCertAndRootTx"":71.12610000371933,""dpkiManagementRepositoryHttpVerify"":31.50499999523163}",1,6671533,0x272b38248ff871602cc5aea7970294c2fba99d34e237496b80c0d4f5b1f96cfd
0,DPKI,103,management,true,false,181421.37126087557,191009.169760877,191232.29916089188,223.12940001487732,0,223.12940001487732,-1,0,2,0,"{""dpkiManagementDispatchHttp"":2.274500012397766,""dpkiManagementRelayHttp"":0,""dpkiManagementHttpWindow"":11.232200026512146,""dpkiManagementOpenSslIssueKeygen"":23.35420000553131,""dpkiManagementOpenSslIssueCsr"":21.517799973487854,""dpkiManagementOpenSslIssueSignCert"":19.383799970149994,""dpkiManagementOpenSslIssueExtractPubkey"":11.39029997587204,""dpkiManagementIssueCertificate"":77.27479994297028,""dpkiManagementOpenSslVerifyLeaf"":10.531299948692322,""dpkiManagementLeafAssertionSign"":12.974500000476837,""dpkiManagementLeafAssertionVerify"":10.949799954891205,""dpkiManagementOpenSslVerifyIssuerCA"":10.381999969482422,""dpkiManagementIssuerAssertionSign"":12.46289998292923,""dpkiManagementIssuerAssertionVerify"":9.716600000858307,""dpkiManagementVerifyRepositoryUpdateLocal"":0.0054000020027160645,""dpkiManagementBuildMpt"":2.3528000116348267,""dpkiManagementPutCertAndRootTx"":54.499399960041046,""dpkiManagementRepositoryHttpVerify"":7.655699968338013}",1,6671539,0x207c60319481a095b695d742fedfa84c020494b1836221aaa952913b6d50e8aa
0,DPKI,104,management,true,false,185337.86497480754,194925.66347480897,195154.02397484664,228.36050003767014,0,228.36050003767014,-1,0,2,0,"{""dpkiManagementDispatchHttp"":20.466600000858307,""dpkiManagementRelayHttp"":0,""dpkiManagementHttpWindow"":15.163300037384033,""dpkiManagementOpenSslIssueKeygen"":34.83959996700287,""dpkiManagementOpenSslIssueCsr"":17.552299976348877,""dpkiManagementOpenSslIssueSignCert"":13.394200026988983,""dpkiManagementOpenSslIssueExtractPubkey"":8.807200014591217,""dpkiManagementIssueCertificate"":76.06109994649887,""dpkiManagementOpenSslVerifyLeaf"":9.8367999792099,""dpkiManagementLeafAssertionSign"":13.04799997806549,""dpkiManagementLeafAssertionVerify"":10.145599961280823,""dpkiManagementOpenSslVerifyIssuerCA"":9.912099957466125,""dpkiManagementIssuerAssertionSign"":13.450800001621246,""dpkiManagementIssuerAssertionVerify"":10.085200011730194,""dpkiManagementVerifyRepositoryUpdateLocal"":0.0056999921798706055,""dpkiManagementBuildMpt"":2.3996999859809875,""dpkiManagementPutCertAndRootTx"":41.168600022792816,""dpkiManagementRepositoryHttpVerify"":5.800700008869171}",1,6671545,0xe4b106d31e6ec0449cf5e1542aa0402788ba0d216f5b53110f44407a57a78fce
0,DPKI,105,management,true,false,185993.700105439,195581.49860544043,195811.1539054616,229.65530002117157,0,229.65530002117157,-1,0,2,0,"{""dpkiManagementDispatchHttp"":7.579800009727478,""dpkiManagementRelayHttp"":0,""dpkiManagementHttpWindow"":4.890699982643127,""dpkiManagementOpenSslIssueKeygen"":35.54159998893738,""dpkiManagementOpenSslIssueCsr"":18.06199997663498,""dpkiManagementOpenSslIssueSignCert"":13.609400033950806,""dpkiManagementOpenSslIssueExtractPubkey"":8.856700003147125,""dpkiManagementIssueCertificate"":77.65950000286102,""dpkiManagementOpenSslVerifyLeaf"":9.26469999551773,""dpkiManagementLeafAssertionSign"":12.154599964618683,""dpkiManagementLeafAssertionVerify"":9.820299983024597,""dpkiManagementOpenSslVerifyIssuerCA"":9.456900000572205,""dpkiManagementIssuerAssertionSign"":12.347399950027466,""dpkiManagementIssuerAssertionVerify"":8.97079998254776,""dpkiManagementVerifyRepositoryUpdateLocal"":0.00550001859664917,""dpkiManagementBuildMpt"":3.267899990081787,""dpkiManagementPutCertAndRootTx"":68.58259999752045,""dpkiManagementRepositoryHttpVerify"":4.754199981689453}",1,6671550,0xffe567734e5e2d6f2680627b0c9e865e63031dcaa9dff5c2197eb87d604eae18
0,DPKI,106,management,true,false,187870.34322282052,197458.14172282195,197725.61822285628,267.4765000343323,0,267.4765000343323,-1,0,2,0,"{""dpkiManagementDispatchHttp"":24.47699999809265,""dpkiManagementRelayHttp"":0,""dpkiManagementHttpWindow"":15.187399983406067,""dpkiManagementOpenSslIssueKeygen"":39.99330002069473,""dpkiManagementOpenSslIssueCsr"":18.203000009059906,""dpkiManagementOpenSslIssueSignCert"":13.811600029468536,""dpkiManagementOpenSslIssueExtractPubkey"":8.682000041007996,""dpkiManagementIssueCertificate"":82.14469999074936,""dpkiManagementOpenSslVerifyLeaf"":9.20799994468689,""dpkiManagementLeafAssertionSign"":12.036200046539307,""dpkiManagementLeafAssertionVerify"":9.544200003147125,""dpkiManagementOpenSslVerifyIssuerCA"":9.573200047016144,""dpkiManagementIssuerAssertionSign"":12.39869999885559,""dpkiManagementIssuerAssertionVerify"":9.236000001430511,""dpkiManagementVerifyRepositoryUpdateLocal"":0.0056999921798706055,""dpkiManagementBuildMpt"":2.3015999794006348,""dpkiManagementPutCertAndRootTx"":71.66100001335144,""dpkiManagementRepositoryHttpVerify"":8.920099973678589}",1,6671555,0x90c63d1ed5cec48dd87b820c5363452715ad5dd2142f7aefaf4783c00c6750a2
0,DPKI,107,management,true,false,191137.21861124111,200725.01711124255,200934.41021126581,209.39310002326965,0,209.39310002326965,-1,0,2,0,"{""dpkiManagementDispatchHttp"":21.325200021266937,""dpkiManagementRelayHttp"":0,""dpkiManagementHttpWindow"":4.681400001049042,""dpkiManagementOpenSslIssueKeygen"":28.850099980831146,""dpkiManagementOpenSslIssueCsr"":18.101700007915497,""dpkiManagementOpenSslIssueSignCert"":13.812900006771088,""dpkiManagementOpenSslIssueExtractPubkey"":9.570100009441376,""dpkiManagementIssueCertificate"":71.83780002593994,""dpkiManagementOpenSslVerifyLeaf"":9.471800029277802,""dpkiManagementLeafAssertionSign"":12.30979996919632,""dpkiManagementLeafAssertionVerify"":9.516000032424927,""dpkiManagementOpenSslVerifyIssuerCA"":9.204900026321411,""dpkiManagementIssuerAssertionSign"":11.861100018024445,""dpkiManagementIssuerAssertionVerify"":9.78769999742508,""dpkiManagementVerifyRepositoryUpdateLocal"":0.0054000020027160645,""dpkiManagementBuildMpt"":2.372600018978119,""dpkiManagementPutCertAndRootTx"":42.14780002832413,""dpkiManagementRepositoryHttpVerify"":4.096599996089935}",1,6671561,0x4d812751b24c3c6173635253bc0106874f2e3ad008025a7d8b431a22e484a22a
0,DPKI,108,management,true,false,193863.59479024837,203451.3932902498,203675.2602902336,223.86699998378754,0,223.86699998378754,-1,0,2,0,"{""dpkiManagementDispatchHttp"":0.7842000126838684,""dpkiManagementRelayHttp"":0,""dpkiManagementHttpWindow"":8.97730004787445,""dpkiManagementOpenSslIssueKeygen"":32.296400010585785,""dpkiManagementOpenSslIssueCsr"":18.101099967956543,""dpkiManagementOpenSslIssueSignCert"":13.24430000782013,""dpkiManagementOpenSslIssueExtractPubkey"":9.494700014591217,""dpkiManagementIssueCertificate"":74.6327999830246,""dpkiManagementOpenSslVerifyLeaf"":9.288100004196167,""dpkiManagementLeafAssertionSign"":11.663300037384033,""dpkiManagementLeafAssertionVerify"":9.27159994840622,""dpkiManagementOpenSslVerifyIssuerCA"":9.400700032711029,""dpkiManagementIssuerAssertionSign"":12.23879998922348,""dpkiManagementIssuerAssertionVerify"":9.150899946689606,""dpkiManagementVerifyRepositoryUpdateLocal"":0.005600035190582275,""dpkiManagementBuildMpt"":2.457099974155426,""dpkiManagementPutCertAndRootTx"":64.91790002584457,""dpkiManagementRepositoryHttpVerify"":10.315299987792969}",1,6671565,0xffa7d61cff18f50adf8748c5fd3c41974c85da60dfc9cf9178e5b5d462544480
0,DPKI,109,management,true,false,195432.37449690662,205020.17299690805,205370.52649691663,350.35350000858307,0,350.35350000858307,-1,0,2,0,"{""dpkiManagementDispatchHttp"":49.408500015735626,""dpkiManagementRelayHttp"":0,""dpkiManagementHttpWindow"":5.393499970436096,""dpkiManagementOpenSslIssueKeygen"":64.85000002384186,""dpkiManagementOpenSslIssueCsr"":17.747099995613098,""dpkiManagementOpenSslIssueSignCert"":13.859000027179718,""dpkiManagementOpenSslIssueExtractPubkey"":9.304799973964691,""dpkiManagementIssueCertificate"":107.38719999790192,""dpkiManagementOpenSslVerifyLeaf"":9.496500015258789,""dpkiManagementLeafAssertionSign"":12.499599993228912,""dpkiManagementLeafAssertionVerify"":9.498099982738495,""dpkiManagementOpenSslVerifyIssuerCA"":9.294600009918213,""dpkiManagementIssuerAssertionSign"":12.299600005149841,""dpkiManagementIssuerAssertionVerify"":9.769200026988983,""dpkiManagementVerifyRepositoryUpdateLocal"":0.005600035190582275,""dpkiManagementBuildMpt"":2.3228999972343445,""dpkiManagementPutCertAndRootTx"":117.03189998865128,""dpkiManagementRepositoryHttpVerify"":5.003099977970123}",1,6671570,0x4dc345f7743dda64f7ae0f61b742655b07ae6274bc72f21aee7ba5146fb81b79
0,DPKI,110,management,true,false,200350.96696682996,209938.7654668314,210197.72086682147,258.9553999900818,0,258.9553999900818,-1,0,2,0,"{""dpkiManagementDispatchHttp"":24.570800006389618,""dpkiManagementRelayHttp"":0,""dpkiManagementHttpWindow"":0.7086000442504883,""dpkiManagementOpenSslIssueKeygen"":60.26589995622635,""dpkiManagementOpenSslIssueCsr"":17.81769996881485,""dpkiManagementOpenSslIssueSignCert"":13.637600004673004,""dpkiManagementOpenSslIssueExtractPubkey"":9.155099987983704,""dpkiManagementIssueCertificate"":102.39509999752045,""dpkiManagementOpenSslVerifyLeaf"":9.206800043582916,""dpkiManagementLeafAssertionSign"":12.247699975967407,""dpkiManagementLeafAssertionVerify"":9.614499986171722,""dpkiManagementOpenSslVerifyIssuerCA"":9.386099994182587,""dpkiManagementIssuerAssertionSign"":12.291299998760223,""dpkiManagementIssuerAssertionVerify"":9.264900028705597,""dpkiManagementVerifyRepositoryUpdateLocal"":0.00550001859664917,""dpkiManagementBuildMpt"":2.4560999870300293,""dpkiManagementPutCertAndRootTx"":48.99360001087189,""dpkiManagementRepositoryHttpVerify"":17.046400010585785}",1,6671577,0x70c8f408c71b2127ddc626e350242cc6944b7f0e5d787820ece9e37c8d1b5dbc
0,DPKI,111,management,true,false,202226.07314806033,211813.87164806176,212096.02924810696,282.15760004520416,0,282.15760004520416,-1,0,2,0,"{""dpkiManagementDispatchHttp"":27.69249999523163,""dpkiManagementRelayHttp"":0,""dpkiManagementHttpWindow"":15.336099982261658,""dpkiManagementOpenSslIssueKeygen"":40.96799999475479,""dpkiManagementOpenSslIssueCsr"":17.92460000514984,""dpkiManagementOpenSslIssueSignCert"":13.42280000448227,""dpkiManagementOpenSslIssueExtractPubkey"":9.465200006961823,""dpkiManagementIssueCertificate"":83.27770000696182,""dpkiManagementOpenSslVerifyLeaf"":9.32449996471405,""dpkiManagementLeafAssertionSign"":12.298500001430511,""dpkiManagementLeafAssertionVerify"":9.645900011062622,""dpkiManagementOpenSslVerifyIssuerCA"":9.595699965953827,""dpkiManagementIssuerAssertionSign"":11.416999995708466,""dpkiManagementIssuerAssertionVerify"":10.004899978637695,""dpkiManagementVerifyRepositoryUpdateLocal"":0.005299985408782959,""dpkiManagementBuildMpt"":3.451900005340576,""dpkiManagementPutCertAndRootTx"":84.47040003538132,""dpkiManagementRepositoryHttpVerify"":4.842999994754791}",1,6671583,0x535f903b102a6a42c87ceeb1daa2076a0206af29cbdf2cbe819e1b7c014595df
0,DPKI,112,management,true,false,210536.67531457223,220124.47381457366,220434.84231456794,310.36849999427795,0,310.36849999427795,-1,0,2,0,"{""dpkiManagementDispatchHttp"":24.731000006198883,""dpkiManagementRelayHttp"":0,""dpkiManagementHttpWindow"":1.6960999965667725,""dpkiManagementOpenSslIssueKeygen"":48.63249999284744,""dpkiManagementOpenSslIssueCsr"":17.53609997034073,""dpkiManagementOpenSslIssueSignCert"":13.670399963855743,""dpkiManagementOpenSslIssueExtractPubkey"":8.78439998626709,""dpkiManagementIssueCertificate"":90.14779996871948,""dpkiManagementOpenSslVerifyLeaf"":9.228900015354156,""dpkiManagementLeafAssertionSign"":12.842599987983704,""dpkiManagementLeafAssertionVerify"":9.44650000333786,""dpkiManagementOpenSslVerifyIssuerCA"":8.919699966907501,""dpkiManagementIssuerAssertionSign"":11.943100035190582,""dpkiManagementIssuerAssertionVerify"":9.331799983978271,""dpkiManagementVerifyRepositoryUpdateLocal"":0.0059999823570251465,""dpkiManagementBuildMpt"":3.3156999945640564,""dpkiManagementPutCertAndRootTx"":120.79440003633499,""dpkiManagementRepositoryHttpVerify"":6.9740999937057495}",1,6671587,0x72ec1fd4f8fc747584e7ada75fb14581dce2444da653fa4d6e9494e14b33bc88
0,DPKI,113,management,true,false,214522.29187399766,224110.0903739991,224475.42907399556,365.3386999964714,0,365.3386999964714,-1,0,2,0,"{""dpkiManagementDispatchHttp"":2.7739999890327454,""dpkiManagementRelayHttp"":0,""dpkiManagementHttpWindow"":19.26029998064041,""dpkiManagementOpenSslIssueKeygen"":51.68979996442795,""dpkiManagementOpenSslIssueCsr"":17.38419997692108,""dpkiManagementOpenSslIssueSignCert"":13.298500001430511,""dpkiManagementOpenSslIssueExtractPubkey"":9.149499952793121,""dpkiManagementIssueCertificate"":93.01630002260208,""dpkiManagementOpenSslVerifyLeaf"":9.535599946975708,""dpkiManagementLeafAssertionSign"":11.54119998216629,""dpkiManagementLeafAssertionVerify"":9.488099992275238,""dpkiManagementOpenSslVerifyIssuerCA"":9.406599998474121,""dpkiManagementIssuerAssertionSign"":12.236699998378754,""dpkiManagementIssuerAssertionVerify"":8.834800004959106,""dpkiManagementVerifyRepositoryUpdateLocal"":0.004999995231628418,""dpkiManagementBuildMpt"":2.2918999791145325,""dpkiManagementPutCertAndRootTx"":170.74970000982285,""dpkiManagementRepositoryHttpVerify"":15.36650002002716}",1,6671592,0xb0c3d0b12d5855817a91c2bd747fc93be014b0b7204a05ff6aadf94a8c85991b
0,DPKI,114,management,true,false,220863.6715348604,230451.47003486182,230671.5071348789,220.03710001707077,0,220.03710001707077,-1,0,2,0,"{""dpkiManagementDispatchHttp"":0.14169996976852417,""dpkiManagementRelayHttp"":0,""dpkiManagementHttpWindow"":1.3587000370025635,""dpkiManagementOpenSslIssueKeygen"":57.87490004301071,""dpkiManagementOpenSslIssueCsr"":18.053999960422516,""dpkiManagementOpenSslIssueSignCert"":13.422500014305115,""dpkiManagementOpenSslIssueExtractPubkey"":9.100000023841858,""dpkiManagementIssueCertificate"":99.95890003442764,""dpkiManagementOpenSslVerifyLeaf"":9.031199991703033,""dpkiManagementLeafAssertionSign"":11.161100029945374,""dpkiManagementLeafAssertionVerify"":9.469099998474121,""dpkiManagementOpenSslVerifyIssuerCA"":9.41370004415512,""dpkiManagementIssuerAssertionSign"":11.973100006580353,""dpkiManagementIssuerAssertionVerify"":9.239800035953522,""dpkiManagementVerifyRepositoryUpdateLocal"":0.0054999589920043945,""dpkiManagementBuildMpt"":3.2484999895095825,""dpkiManagementPutCertAndRootTx"":49.032800018787384,""dpkiManagementRepositoryHttpVerify"":5.2204999923706055}",1,6671596,0x5bfcff5d56df72f58b0ea76342e70ad2a95a3dcfebf48f57469469bccb88b105
0,DPKI,115,management,true,false,222145.76626575468,231733.5647657561,231993.87216574428,260.30739998817444,0,260.30739998817444,-1,0,2,0,"{""dpkiManagementDispatchHttp"":2.738699972629547,""dpkiManagementRelayHttp"":0,""dpkiManagementHttpWindow"":3.6777999997138977,""dpkiManagementOpenSslIssueKeygen"":25.776899993419647,""dpkiManagementOpenSslIssueCsr"":17.253099977970123,""dpkiManagementOpenSslIssueSignCert"":13.075299978256226,""dpkiManagementOpenSslIssueExtractPubkey"":9.044200003147125,""dpkiManagementIssueCertificate"":66.65280002355576,""dpkiManagementOpenSslVerifyLeaf"":8.867399990558624,""dpkiManagementLeafAssertionSign"":11.872200012207031,""dpkiManagementLeafAssertionVerify"":9.072700023651123,""dpkiManagementOpenSslVerifyIssuerCA"":9.310399949550629,""dpkiManagementIssuerAssertionSign"":11.80460000038147,""dpkiManagementIssuerAssertionVerify"":9.90499997138977,""dpkiManagementVerifyRepositoryUpdateLocal"":0.005299985408782959,""dpkiManagementBuildMpt"":2.319800019264221,""dpkiManagementPutCertAndRootTx"":106.41240000724792,""dpkiManagementRepositoryHttpVerify"":16.90820002555847}",1,6671600,0xe5b36d15e311248ce8c8e7815571ff3d0d4d60a16a71437ea82e758f33155bb9
0,DPKI,116,management,true,false,223105.50509619105,232693.30359619248,232898.95719622957,205.65360003709793,0,205.65360003709793,-1,0,2,0,"{""dpkiManagementDispatchHttp"":0.40420001745224,""dpkiManagementRelayHttp"":0,""dpkiManagementHttpWindow"":11.185199975967407,""dpkiManagementOpenSslIssueKeygen"":18.904699981212616,""dpkiManagementOpenSslIssueCsr"":16.789600014686584,""dpkiManagementOpenSslIssueSignCert"":13.25569999217987,""dpkiManagementOpenSslIssueExtractPubkey"":8.456399977207184,""dpkiManagementIssueCertificate"":59.07489997148514,""dpkiManagementOpenSslVerifyLeaf"":9.859800040721893,""dpkiManagementLeafAssertionSign"":12.136399984359741,""dpkiManagementLeafAssertionVerify"":9.0939000248909,""dpkiManagementOpenSslVerifyIssuerCA"":9.56360000371933,""dpkiManagementIssuerAssertionSign"":11.881399989128113,""dpkiManagementIssuerAssertionVerify"":9.622300028800964,""dpkiManagementVerifyRepositoryUpdateLocal"":0.006099998950958252,""dpkiManagementBuildMpt"":2.3924999833106995,""dpkiManagementPutCertAndRootTx"":62.87849998474121,""dpkiManagementRepositoryHttpVerify"":6.799299955368042}",1,6671603,0xbca68ce2d7343d4aafeb7c92616de0c3f6b62b8e8b180a89928b265d5f47a163
0,DPKI,117,management,true,false,223701.65737978843,233289.45587978986,233640.73027978567,351.27439999580383,0,351.27439999580383,-1,0,2,0,"{""dpkiManagementDispatchHttp"":22.93349999189377,""dpkiManagementRelayHttp"":0,""dpkiManagementHttpWindow"":13.419299960136414,""dpkiManagementOpenSslIssueKeygen"":42.181500017642975,""dpkiManagementOpenSslIssueCsr"":18.883899986743927,""dpkiManagementOpenSslIssueSignCert"":14.042500019073486,""dpkiManagementOpenSslIssueExtractPubkey"":9.452699959278107,""dpkiManagementIssueCertificate"":85.99779999256134,""dpkiManagementOpenSslVerifyLeaf"":9.18290001153946,""dpkiManagementLeafAssertionSign"":11.919500052928925,""dpkiManagementLeafAssertionVerify"":10.063699960708618,""dpkiManagementOpenSslVerifyIssuerCA"":8.808000028133392,""dpkiManagementIssuerAssertionSign"":11.66509997844696,""dpkiManagementIssuerAssertionVerify"":9.101999998092651,""dpkiManagementVerifyRepositoryUpdateLocal"":0.0054000020027160645,""dpkiManagementBuildMpt"":2.6292999982833862,""dpkiManagementPutCertAndRootTx"":147.86190003156662,""dpkiManagementRepositoryHttpVerify"":16.894900023937225}",1,6671607,0xbee8883891195937cf9f69d611902d0e244ca57c8f593afc3185d41c1403991e
0,DPKI,118,management,true,false,223757.89539330415,233345.69389330558,233765.63367984918,419.939786543604,91.62388651585206,328.3159000277519,-1,0,2,0,"{""dpkiManagementDispatchHttp"":0.9952999949455261,""dpkiManagementRelayHttp"":0,""dpkiManagementHttpWindow"":5.930499970912933,""dpkiManagementOpenSslIssueKeygen"":62.55560004711151,""dpkiManagementOpenSslIssueCsr"":18.403900027275085,""dpkiManagementOpenSslIssueSignCert"":13.735799968242645,""dpkiManagementOpenSslIssueExtractPubkey"":9.74559998512268,""dpkiManagementIssueCertificate"":106.08020001649857,""dpkiManagementOpenSslVerifyLeaf"":10.107800006866455,""dpkiManagementLeafAssertionSign"":12.835499942302704,""dpkiManagementLeafAssertionVerify"":9.565899968147278,""dpkiManagementOpenSslVerifyIssuerCA"":9.496399998664856,""dpkiManagementIssuerAssertionSign"":11.836300015449524,""dpkiManagementIssuerAssertionVerify"":9.814899981021881,""dpkiManagementVerifyRepositoryUpdateLocal"":0.005900025367736816,""dpkiManagementBuildMpt"":2.3244999647140503,""dpkiManagementPutCertAndRootTx"":144.6482999920845,""dpkiManagementRepositoryHttpVerify"":3.7462000250816345}",1,6671611,0x35cc76e9ed1bf2ff1ed544cbfd92a41110781e0caf82f0c3901f089881756d2b
0,DPKI,119,management,true,false,224349.66822096345,233937.46672096488,234270.4122209811,332.94550001621246,0,332.94550001621246,-1,0,2,0,"{""dpkiManagementDispatchHttp"":5.680399954319,""dpkiManagementRelayHttp"":0,""dpkiManagementHttpWindow"":2.944800019264221,""dpkiManagementOpenSslIssueKeygen"":44.91190004348755,""dpkiManagementOpenSslIssueCsr"":17.82920002937317,""dpkiManagementOpenSslIssueSignCert"":13.916599988937378,""dpkiManagementOpenSslIssueExtractPubkey"":9.530900001525879,""dpkiManagementIssueCertificate"":88.140900015831,""dpkiManagementOpenSslVerifyLeaf"":9.840399980545044,""dpkiManagementLeafAssertionSign"":12.474999964237213,""dpkiManagementLeafAssertionVerify"":9.851899981498718,""dpkiManagementOpenSslVerifyIssuerCA"":9.021499991416931,""dpkiManagementIssuerAssertionSign"":12.072899997234344,""dpkiManagementIssuerAssertionVerify"":9.37279999256134,""dpkiManagementVerifyRepositoryUpdateLocal"":0.0054000020027160645,""dpkiManagementBuildMpt"":2.4004000425338745,""dpkiManagementPutCertAndRootTx"":153.99720001220703,""dpkiManagementRepositoryHttpVerify"":16.340100049972534}",1,6671614,0xc1feb4cddb3342bf72c5ffec9d9546c4ac3d23eff62d6e1ebc9d1d619010e180
0,DPKI,120,management,true,false,225325.13274506183,234912.93124506326,235146.5177450523,233.58649998903275,0,233.58649998903275,-1,0,2,0,"{""dpkiManagementDispatchHttp"":1.5100000500679016,""dpkiManagementRelayHttp"":0,""dpkiManagementHttpWindow"":10.482100009918213,""dpkiManagementOpenSslIssueKeygen"":28.902700006961823,""dpkiManagementOpenSslIssueCsr"":17.494199991226196,""dpkiManagementOpenSslIssueSignCert"":12.805400013923645,""dpkiManagementOpenSslIssueExtractPubkey"":9.991800010204315,""dpkiManagementIssueCertificate"":70.75379997491837,""dpkiManagementOpenSslVerifyLeaf"":9.523599982261658,""dpkiManagementLeafAssertionSign"":11.881300032138824,""dpkiManagementLeafAssertionVerify"":9.30680000782013,""dpkiManagementOpenSslVerifyIssuerCA"":8.736000001430511,""dpkiManagementIssuerAssertionSign"":11.774399995803833,""dpkiManagementIssuerAssertionVerify"":9.354200005531311,""dpkiManagementVerifyRepositoryUpdateLocal"":0.0055999755859375,""dpkiManagementBuildMpt"":3.1729000210762024,""dpkiManagementPutCertAndRootTx"":67.29479998350143,""dpkiManagementRepositoryHttpVerify"":18.917699992656708}",1,6671618,0xa3c32492a51330f97c933baa71a93af7a9a5a0e3325cef0c08d660b2d2bbd444
0,DPKI,121,management,true,false,227477.09484069518,237064.8933406966,237327.5089406865,262.61559998989105,0,262.61559998989105,-1,0,2,0,"{""dpkiManagementDispatchHttp"":25.67009997367859,""dpkiManagementRelayHttp"":0,""dpkiManagementHttpWindow"":4.985699951648712,""dpkiManagementOpenSslIssueKeygen"":29.997099995613098,""dpkiManagementOpenSslIssueCsr"":18.23439997434616,""dpkiManagementOpenSslIssueSignCert"":13.894599974155426,""dpkiManagementOpenSslIssueExtractPubkey"":8.882999956607819,""dpkiManagementIssueCertificate"":73.33149999380112,""dpkiManagementOpenSslVerifyLeaf"":10.29780000448227,""dpkiManagementLeafAssertionSign"":12.378500044345856,""dpkiManagementLeafAssertionVerify"":9.187300026416779,""dpkiManagementOpenSslVerifyIssuerCA"":9.605099976062775,""dpkiManagementIssuerAssertionSign"":13.68639999628067,""dpkiManagementIssuerAssertionVerify"":9.603399991989136,""dpkiManagementVerifyRepositoryUpdateLocal"":0.006200015544891357,""dpkiManagementBuildMpt"":2.2838000059127808,""dpkiManagementPutCertAndRootTx"":86.97460001707077,""dpkiManagementRepositoryHttpVerify"":3.829699993133545}",1,6671624,0xe283085c86c1ebd2f24210c1851906d334737b5f6adc586e673d7224c79da132
0,DPKI,122,management,true,false,228752.66984844606,238340.4683484475,238593.2154484431,252.7470999956131,0,252.7470999956131,-1,0,2,0,"{""dpkiManagementDispatchHttp"":10.011099994182587,""dpkiManagementRelayHttp"":0,""dpkiManagementHttpWindow"":1.861199975013733,""dpkiManagementOpenSslIssueKeygen"":23.95770001411438,""dpkiManagementOpenSslIssueCsr"":17.66219997406006,""dpkiManagementOpenSslIssueSignCert"":14.294799983501434,""dpkiManagementOpenSslIssueExtractPubkey"":9.292900025844574,""dpkiManagementIssueCertificate"":66.71640002727509,""dpkiManagementOpenSslVerifyLeaf"":9.642300009727478,""dpkiManagementLeafAssertionSign"":11.924599945545197,""dpkiManagementLeafAssertionVerify"":8.670499980449677,""dpkiManagementOpenSslVerifyIssuerCA"":8.844799995422363,""dpkiManagementIssuerAssertionSign"":11.563499987125397,""dpkiManagementIssuerAssertionVerify"":9.116699993610382,""dpkiManagementVerifyRepositoryUpdateLocal"":0.004999995231628418,""dpkiManagementBuildMpt"":3.0896000266075134,""dpkiManagementPutCertAndRootTx"":101.8163999915123,""dpkiManagementRepositoryHttpVerify"":8.426800012588501}",1,6671628,0x0ef88909043601258553431bcd7b7c57018d60aaa7ed0fe66bbacaee691b0621
0,DPKI,123,management,true,false,230952.0386029378,240539.83710293923,240780.5549029604,240.71780002117157,0,240.71780002117157,-1,0,2,0,"{""dpkiManagementDispatchHttp"":1.4343000054359436,""dpkiManagementRelayHttp"":0,""dpkiManagementHttpWindow"":0.379800021648407,""dpkiManagementOpenSslIssueKeygen"":21.767100036144257,""dpkiManagementOpenSslIssueCsr"":17.853399991989136,""dpkiManagementOpenSslIssueSignCert"":13.546400010585785,""dpkiManagementOpenSslIssueExtractPubkey"":9.332400023937225,""dpkiManagementIssueCertificate"":64.09529995918274,""dpkiManagementOpenSslVerifyLeaf"":9.340399980545044,""dpkiManagementLeafAssertionSign"":11.591800034046173,""dpkiManagementLeafAssertionVerify"":12.89900004863739,""dpkiManagementOpenSslVerifyIssuerCA"":9.942300021648407,""dpkiManagementIssuerAssertionSign"":12.306300044059753,""dpkiManagementIssuerAssertionVerify"":9.765999972820282,""dpkiManagementVerifyRepositoryUpdateLocal"":0.0056999921798706055,""dpkiManagementBuildMpt"":2.9415000081062317,""dpkiManagementPutCertAndRootTx"":88.16820001602173,""dpkiManagementRepositoryHttpVerify"":16.912200033664703}",1,6671632,0xde62371a1ea815909628218a385ec57b4606fd30419f9d54a8734f3d4a230ff6
0,DPKI,124,management,true,false,231024.52937361907,240612.3278736205,240873.55980293904,261.2319293185428,15.677429334755288,245.55449998378754,-1,0,2,0,"{""dpkiManagementDispatchHttp"":5.983500003814697,""dpkiManagementRelayHttp"":0,""dpkiManagementHttpWindow"":1.5900999903678894,""dpkiManagementOpenSslIssueKeygen"":43.37109994888306,""dpkiManagementOpenSslIssueCsr"":17.664200007915497,""dpkiManagementOpenSslIssueSignCert"":13.027100026607513,""dpkiManagementOpenSslIssueExtractPubkey"":10.031899988651276,""dpkiManagementIssueCertificate"":85.5731999874115,""dpkiManagementOpenSslVerifyLeaf"":9.285700023174286,""dpkiManagementLeafAssertionSign"":12.023399949073792,""dpkiManagementLeafAssertionVerify"":9.898599982261658,""dpkiManagementOpenSslVerifyIssuerCA"":8.940899968147278,""dpkiManagementIssuerAssertionSign"":11.559400022029877,""dpkiManagementIssuerAssertionVerify"":9.060499966144562,""dpkiManagementVerifyRepositoryUpdateLocal"":0.004999995231628418,""dpkiManagementBuildMpt"":2.3036999702453613,""dpkiManagementPutCertAndRootTx"":71.54970002174377,""dpkiManagementRepositoryHttpVerify"":16.95990002155304}",1,6671637,0xef2012825c6f0b9f32d45e4d3ac451c5a52697987117a3b759c997d284b46085
0,DPKI,125,management,true,false,231185.61468660925,240773.41318661068,240994.64048659895,221.2272999882698,0,221.2272999882698,-1,0,2,0,"{""dpkiManagementDispatchHttp"":30.476099967956543,""dpkiManagementRelayHttp"":0,""dpkiManagementHttpWindow"":12.616100013256073,""dpkiManagementOpenSslIssueKeygen"":23.44920003414154,""dpkiManagementOpenSslIssueCsr"":17.7843000292778,""dpkiManagementOpenSslIssueSignCert"":13.523999989032745,""dpkiManagementOpenSslIssueExtractPubkey"":9.065699994564056,""dpkiManagementIssueCertificate"":65.30699998140335,""dpkiManagementOpenSslVerifyLeaf"":9.27290004491806,""dpkiManagementLeafAssertionSign"":12.078700006008148,""dpkiManagementLeafAssertionVerify"":9.075100004673004,""dpkiManagementOpenSslVerifyIssuerCA"":9.12229996919632,""dpkiManagementIssuerAssertionSign"":11.553000032901764,""dpkiManagementIssuerAssertionVerify"":9.10400003194809,""dpkiManagementVerifyRepositoryUpdateLocal"":0.0054000020027160645,""dpkiManagementBuildMpt"":3.329699993133545,""dpkiManagementPutCertAndRootTx"":43.77549999952316,""dpkiManagementRepositoryHttpVerify"":4.683099985122681}",1,6671641,0x72800b55620bc8919e467f2ca88f6bf7bac6cff43a3cfdd0dc32735654145e78
0,DPKI,126,management,true,false,231907.8967109233,241495.69521092472,241722.89361094532,227.19840002059937,0,227.19840002059937,-1,0,2,0,"{""dpkiManagementDispatchHttp"":25.692100048065186,""dpkiManagementRelayHttp"":0,""dpkiManagementHttpWindow"":0.19460004568099976,""dpkiManagementOpenSslIssueKeygen"":27.754700005054474,""dpkiManagementOpenSslIssueCsr"":17.807299971580505,""dpkiManagementOpenSslIssueSignCert"":13.27920001745224,""dpkiManagementOpenSslIssueExtractPubkey"":8.91780000925064,""dpkiManagementIssueCertificate"":69.23559999465942,""dpkiManagementOpenSslVerifyLeaf"":9.022599995136261,""dpkiManagementLeafAssertionSign"":11.46129995584488,""dpkiManagementLeafAssertionVerify"":9.585900008678436,""dpkiManagementOpenSslVerifyIssuerCA"":8.806400001049042,""dpkiManagementIssuerAssertionSign"":11.637199997901917,""dpkiManagementIssuerAssertionVerify"":8.932099997997284,""dpkiManagementVerifyRepositoryUpdateLocal"":0.005600035190582275,""dpkiManagementBuildMpt"":3.211300015449524,""dpkiManagementPutCertAndRootTx"":51.67909997701645,""dpkiManagementRepositoryHttpVerify"":16.905600011348724}",1,6671646,0x8f0e259855165d8c5992db51333c9641e503bd6fb164926dd3f0cd92c3af5c38
0,DPKI,127,management,true,false,238346.20272389142,247934.00122389285,248194.83452388732,260.8332999944687,0,260.8332999944687,-1,0,2,0,"{""dpkiManagementDispatchHttp"":27.6003999710083,""dpkiManagementRelayHttp"":0,""dpkiManagementHttpWindow"":2.1829999685287476,""dpkiManagementOpenSslIssueKeygen"":46.25459998846054,""dpkiManagementOpenSslIssueCsr"":17.656000018119812,""dpkiManagementOpenSslIssueSignCert"":13.7674999833107,""dpkiManagementOpenSslIssueExtractPubkey"":8.661399960517883,""dpkiManagementIssueCertificate"":87.78379994630814,""dpkiManagementOpenSslVerifyLeaf"":9.648499965667725,""dpkiManagementLeafAssertionSign"":11.88019996881485,""dpkiManagementLeafAssertionVerify"":8.981600046157837,""dpkiManagementOpenSslVerifyIssuerCA"":9.194799959659576,""dpkiManagementIssuerAssertionSign"":12.016299962997437,""dpkiManagementIssuerAssertionVerify"":9.659899950027466,""dpkiManagementVerifyRepositoryUpdateLocal"":0.005900025367736816,""dpkiManagementBuildMpt"":2.4534000158309937,""dpkiManagementPutCertAndRootTx"":48.798299968242645,""dpkiManagementRepositoryHttpVerify"":29.86679995059967}",1,6671653,0xbd22b526f8e726311748f0b3abf39062b9f1c0cd452d6addcd8c9cbec8c3834e
0,DPKI,128,management,true,false,239107.5992523544,248695.39775235584,248993.1687523835,297.77100002765656,0,297.77100002765656,-1,0,2,0,"{""dpkiManagementDispatchHttp"":12.216499984264374,""dpkiManagementRelayHttp"":0,""dpkiManagementHttpWindow"":15.191699981689453,""dpkiManagementOpenSslIssueKeygen"":33.261699974536896,""dpkiManagementOpenSslIssueCsr"":17.149599969387054,""dpkiManagementOpenSslIssueSignCert"":13.243000030517578,""dpkiManagementOpenSslIssueExtractPubkey"":8.961499989032745,""dpkiManagementIssueCertificate"":74.08319997787476,""dpkiManagementOpenSslVerifyLeaf"":9.090999960899353,""dpkiManagementLeafAssertionSign"":11.795700013637543,""dpkiManagementLeafAssertionVerify"":9.421599984169006,""dpkiManagementOpenSslVerifyIssuerCA"":9.200100004673004,""dpkiManagementIssuerAssertionSign"":11.723399996757507,""dpkiManagementIssuerAssertionVerify"":9.246599972248077,""dpkiManagementVerifyRepositoryUpdateLocal"":0.006399989128112793,""dpkiManagementBuildMpt"":2.4671000242233276,""dpkiManagementPutCertAndRootTx"":126.68930000066757,""dpkiManagementRepositoryHttpVerify"":5.893400013446808}",1,6671658,0x3553e6fdbefee19c3c111cd692084ef09c22a3ff1bac19f7d138cfa0ef0f2c51
0,DPKI,129,management,true,false,241993.78114590002,251581.57964590145,251902.28594592167,320.7063000202179,0,320.7063000202179,-1,0,2,0,"{""dpkiManagementDispatchHttp"":4.582599997520447,""dpkiManagementRelayHttp"":0,""dpkiManagementHttpWindow"":19.46239995956421,""dpkiManagementOpenSslIssueKeygen"":88.77890002727509,""dpkiManagementOpenSslIssueCsr"":17.524999976158142,""dpkiManagementOpenSslIssueSignCert"":13.843299984931946,""dpkiManagementOpenSslIssueExtractPubkey"":9.555999994277954,""dpkiManagementIssueCertificate"":131.20910000801086,""dpkiManagementOpenSslVerifyLeaf"":9.283399999141693,""dpkiManagementLeafAssertionSign"":12.328400015830994,""dpkiManagementLeafAssertionVerify"":9.428300023078918,""dpkiManagementOpenSslVerifyIssuerCA"":8.917900025844574,""dpkiManagementIssuerAssertionSign"":12.319999992847443,""dpkiManagementIssuerAssertionVerify"":10.111500024795532,""dpkiManagementVerifyRepositoryUpdateLocal"":0.006200015544891357,""dpkiManagementBuildMpt"":2.336900055408478,""dpkiManagementPutCertAndRootTx"":84.70389997959137,""dpkiManagementRepositoryHttpVerify"":15.190300047397614}",1,6671665,0xf213d356088305475bfb2dd465c4a88a776378bbfa2cb3ec94c64e311dad5412
0,DPKI,130,management,true,false,243449.907606725,253037.70610672643,253323.10240668466,285.39629995822906,0,285.39629995822906,-1,0,2,0,"{""dpkiManagementDispatchHttp"":14.303999960422516,""dpkiManagementRelayHttp"":0,""dpkiManagementHttpWindow"":1.2468000054359436,""dpkiManagementOpenSslIssueKeygen"":37.42229998111725,""dpkiManagementOpenSslIssueCsr"":19.40750002861023,""dpkiManagementOpenSslIssueSignCert"":14.301699995994568,""dpkiManagementOpenSslIssueExtractPubkey"":8.762199997901917,""dpkiManagementIssueCertificate"":81.41789996623993,""dpkiManagementOpenSslVerifyLeaf"":8.798600018024445,""dpkiManagementLeafAssertionSign"":12.187799990177155,""dpkiManagementLeafAssertionVerify"":9.443100035190582,""dpkiManagementOpenSslVerifyIssuerCA"":8.59469997882843,""dpkiManagementIssuerAssertionSign"":12.342700004577637,""dpkiManagementIssuerAssertionVerify"":9.394900023937225,""dpkiManagementVerifyRepositoryUpdateLocal"":0.005299985408782959,""dpkiManagementBuildMpt"":2.848200023174286,""dpkiManagementPutCertAndRootTx"":117.23949998617172,""dpkiManagementRepositoryHttpVerify"":6.784699976444244}",1,6671671,0xb5bef60ec4e73eeec5fa5161cf864cad5740a9cedbe6cd86e899f587359950ae
0,DPKI,131,management,true,false,244506.12070847876,254093.9192084802,254351.88740850813,257.96820002794266,0,257.96820002794266,-1,0,2,0,"{""dpkiManagementDispatchHttp"":4.69020003080368,""dpkiManagementRelayHttp"":0,""dpkiManagementHttpWindow"":4.614400029182434,""dpkiManagementOpenSslIssueKeygen"":41.94680005311966,""dpkiManagementOpenSslIssueCsr"":19.24480003118515,""dpkiManagementOpenSslIssueSignCert"":13.790600001811981,""dpkiManagementOpenSslIssueExtractPubkey"":10.817900002002716,""dpkiManagementIssueCertificate"":87.67720001935959,""dpkiManagementOpenSslVerifyLeaf"":10.358399987220764,""dpkiManagementLeafAssertionSign"":13.773800015449524,""dpkiManagementLeafAssertionVerify"":9.634600043296814,""dpkiManagementOpenSslVerifyIssuerCA"":10.027999997138977,""dpkiManagementIssuerAssertionSign"":12.614600002765656,""dpkiManagementIssuerAssertionVerify"":9.977700054645538,""dpkiManagementVerifyRepositoryUpdateLocal"":0.005900025367736816,""dpkiManagementBuildMpt"":2.4686999917030334,""dpkiManagementPutCertAndRootTx"":74.70930004119873,""dpkiManagementRepositoryHttpVerify"":16.629199981689453}",1,6671675,0x39af88b6609d31b31c5e1218a1cb7ad87b9627c022e685ab71a45ba38b55dbf2
0,DPKI,132,management,true,false,245025.73638044918,254613.5348804506,254897.97618048513,284.441300034523,0,284.441300034523,-1,0,2,0,"{""dpkiManagementDispatchHttp"":3.0436999797821045,""dpkiManagementRelayHttp"":0,""dpkiManagementHttpWindow"":24.075800001621246,""dpkiManagementOpenSslIssueKeygen"":54.44690001010895,""dpkiManagementOpenSslIssueCsr"":17.46430003643036,""dpkiManagementOpenSslIssueSignCert"":13.326799988746643,""dpkiManagementOpenSslIssueExtractPubkey"":8.868300020694733,""dpkiManagementIssueCertificate"":95.58329999446869,""dpkiManagementOpenSslVerifyLeaf"":9.012499988079071,""dpkiManagementLeafAssertionSign"":12.039100050926208,""dpkiManagementLeafAssertionVerify"":10.034200012683868,""dpkiManagementOpenSslVerifyIssuerCA"":9.319000005722046,""dpkiManagementIssuerAssertionSign"":11.781700015068054,""dpkiManagementIssuerAssertionVerify"":8.887700021266937,""dpkiManagementVerifyRepositoryUpdateLocal"":0.005200028419494629,""dpkiManagementBuildMpt"":2.317200005054474,""dpkiManagementPutCertAndRootTx"":88.44420003890991,""dpkiManagementRepositoryHttpVerify"":9.112800002098083}",1,6671682,0x5fdf1a49cd1da7ba0323be0e63faad720caafe9e6b24e95d315acae081037198
0,DPKI,133,management,true,false,248759.9467646231,258347.74526462454,258594.19476458925,246.44949996471405,0,246.44949996471405,-1,0,2,0,"{""dpkiManagementDispatchHttp"":34.41449999809265,""dpkiManagementRelayHttp"":0,""dpkiManagementHttpWindow"":5.373199999332428,""dpkiManagementOpenSslIssueKeygen"":23.04390001296997,""dpkiManagementOpenSslIssueCsr"":17.9481999874115,""dpkiManagementOpenSslIssueSignCert"":13.321200013160706,""dpkiManagementOpenSslIssueExtractPubkey"":9.192700028419495,""dpkiManagementIssueCertificate"":65.05979996919632,""dpkiManagementOpenSslVerifyLeaf"":9.174800038337708,""dpkiManagementLeafAssertionSign"":11.90499997138977,""dpkiManagementLeafAssertionVerify"":9.615100026130676,""dpkiManagementOpenSslVerifyIssuerCA"":9.206200003623962,""dpkiManagementIssuerAssertionSign"":12.210600018501282,""dpkiManagementIssuerAssertionVerify"":9.551699995994568,""dpkiManagementVerifyRepositoryUpdateLocal"":0.004999995231628418,""dpkiManagementBuildMpt"":2.3176000118255615,""dpkiManagementPutCertAndRootTx"":68.62250000238419,""dpkiManagementRepositoryHttpVerify"":8.194000005722046}",1,6671687,0xf16e2db37df4d19a7801be32d6d429bad48cafd7fd52936656848f61bb7f050b
0,DPKI,134,management,true,false,249326.66362662925,258914.46212663068,259185.96102662696,271.49889999628067,0,271.49889999628067,-1,0,2,0,"{""dpkiManagementDispatchHttp"":19.101100027561188,""dpkiManagementRelayHttp"":0,""dpkiManagementHttpWindow"":0.6448000073432922,""dpkiManagementOpenSslIssueKeygen"":34.827499985694885,""dpkiManagementOpenSslIssueCsr"":17.709800004959106,""dpkiManagementOpenSslIssueSignCert"":12.983900010585785,""dpkiManagementOpenSslIssueExtractPubkey"":9.79289996623993,""dpkiManagementIssueCertificate"":76.84460002183914,""dpkiManagementOpenSslVerifyLeaf"":10.432500004768372,""dpkiManagementLeafAssertionSign"":12.438100039958954,""dpkiManagementLeafAssertionVerify"":9.33519995212555,""dpkiManagementOpenSslVerifyIssuerCA"":9.00629997253418,""dpkiManagementIssuerAssertionSign"":11.905799984931946,""dpkiManagementIssuerAssertionVerify"":9.673600018024445,""dpkiManagementVerifyRepositoryUpdateLocal"":0.0055999755859375,""dpkiManagementBuildMpt"":3.0380000472068787,""dpkiManagementPutCertAndRootTx"":104.51209998130798,""dpkiManagementRepositoryHttpVerify"":3.7497000098228455}",1,6671693,0xca6394473b1c3a2d157031203bbeea2328967aa8d839e871ca6243acdba8864b
0,DPKI,135,management,true,false,252082.75248653142,261670.55098653285,261902.72258651702,232.171599984169,0,232.171599984169,-1,0,2,0,"{""dpkiManagementDispatchHttp"":4.71069997549057,""dpkiManagementRelayHttp"":0,""dpkiManagementHttpWindow"":8.593100011348724,""dpkiManagementOpenSslIssueKeygen"":27.29170000553131,""dpkiManagementOpenSslIssueCsr"":17.587599992752075,""dpkiManagementOpenSslIssueSignCert"":14.489000022411346,""dpkiManagementOpenSslIssueExtractPubkey"":9.172699987888336,""dpkiManagementIssueCertificate"":69.97440004348755,""dpkiManagementOpenSslVerifyLeaf"":9.311699986457825,""dpkiManagementLeafAssertionSign"":11.957500040531158,""dpkiManagementLeafAssertionVerify"":8.753000020980835,""dpkiManagementOpenSslVerifyIssuerCA"":9.595600008964539,""dpkiManagementIssuerAssertionSign"":12.149500012397766,""dpkiManagementIssuerAssertionVerify"":8.647499978542328,""dpkiManagementVerifyRepositoryUpdateLocal"":0.005299985408782959,""dpkiManagementBuildMpt"":2.287899971008301,""dpkiManagementPutCertAndRootTx"":81.22909998893738,""dpkiManagementRepositoryHttpVerify"":4.1141000390052795}",1,6671699,0x25d436be71578ff84e6ba7414514f450611631e33dcf1a217f0254279616a475
0,DPKI,136,management,true,false,252543.61077593645,262131.40927593788,262420.48027597746,289.0710000395775,0,289.0710000395775,-1,0,2,0,"{""dpkiManagementDispatchHttp"":25.423099994659424,""dpkiManagementRelayHttp"":0,""dpkiManagementHttpWindow"":4.483800053596497,""dpkiManagementOpenSslIssueKeygen"":47.39709997177124,""dpkiManagementOpenSslIssueCsr"":17.496800005435944,""dpkiManagementOpenSslIssueSignCert"":13.500400006771088,""dpkiManagementOpenSslIssueExtractPubkey"":9.141600012779236,""dpkiManagementIssueCertificate"":89.61570000648499,""dpkiManagementOpenSslVerifyLeaf"":9.226699948310852,""dpkiManagementLeafAssertionSign"":12.270900011062622,""dpkiManagementLeafAssertionVerify"":8.843100011348724,""dpkiManagementOpenSslVerifyIssuerCA"":9.48690003156662,""dpkiManagementIssuerAssertionSign"":12.016200006008148,""dpkiManagementIssuerAssertionVerify"":9.32209998369217,""dpkiManagementVerifyRepositoryUpdateLocal"":0.006099998950958252,""dpkiManagementBuildMpt"":2.473900020122528,""dpkiManagementPutCertAndRootTx"":88.17729997634888,""dpkiManagementRepositoryHttpVerify"":16.984300017356873}",1,6671704,0x32ef647eb83ca6012d67581b9935c572c0814865f09e3785115ffea84f078e4c
0,DPKI,137,management,true,false,252565.01630197317,262152.8148019746,262487.4580758699,334.64327389528626,66.77177393963211,267.87149995565414,-1,0,2,0,"{""dpkiManagementDispatchHttp"":12.973099946975708,""dpkiManagementRelayHttp"":0,""dpkiManagementHttpWindow"":4.3902000188827515,""dpkiManagementOpenSslIssueKeygen"":56.07279998064041,""dpkiManagementOpenSslIssueCsr"":18.115799963474274,""dpkiManagementOpenSslIssueSignCert"":13.342099964618683,""dpkiManagementOpenSslIssueExtractPubkey"":9.37689995765686,""dpkiManagementIssueCertificate"":98.48009997606277,""dpkiManagementOpenSslVerifyLeaf"":9.07420003414154,""dpkiManagementLeafAssertionSign"":12.00569999217987,""dpkiManagementLeafAssertionVerify"":9.40880000591278,""dpkiManagementOpenSslVerifyIssuerCA"":8.682299971580505,""dpkiManagementIssuerAssertionSign"":11.737500011920929,""dpkiManagementIssuerAssertionVerify"":9.637399971485138,""dpkiManagementVerifyRepositoryUpdateLocal"":0.005800008773803711,""dpkiManagementBuildMpt"":2.337999999523163,""dpkiManagementPutCertAndRootTx"":82.25400000810623,""dpkiManagementRepositoryHttpVerify"":6.153200030326843}",1,6671709,0x04ae76a8faa17d5e31b2688ae12d2b6d82f2dfef2bbfb2498096b7538127f238
0,DPKI,138,management,true,false,255501.38392895518,265089.1824289566,265346.41572892724,257.23329997062683,0,257.23329997062683,-1,0,2,0,"{""dpkiManagementDispatchHttp"":2.89819997549057,""dpkiManagementRelayHttp"":0,""dpkiManagementHttpWindow"":5.182099997997284,""dpkiManagementOpenSslIssueKeygen"":38.01900005340576,""dpkiManagementOpenSslIssueCsr"":17.763199985027313,""dpkiManagementOpenSslIssueSignCert"":14.387199997901917,""dpkiManagementOpenSslIssueExtractPubkey"":9.11159998178482,""dpkiManagementIssueCertificate"":80.74619996547699,""dpkiManagementOpenSslVerifyLeaf"":9.345700025558472,""dpkiManagementLeafAssertionSign"":12.0867999792099,""dpkiManagementLeafAssertionVerify"":9.47630000114441,""dpkiManagementOpenSslVerifyIssuerCA"":9.07889997959137,""dpkiManagementIssuerAssertionSign"":11.67519998550415,""dpkiManagementIssuerAssertionVerify"":9.345600008964539,""dpkiManagementVerifyRepositoryUpdateLocal"":0.0054000020027160645,""dpkiManagementBuildMpt"":2.2800000309944153,""dpkiManagementPutCertAndRootTx"":87.66100001335144,""dpkiManagementRepositoryHttpVerify"":16.559300005435944}",1,6671713,0xcd3447be9e84078288abc39b2c337aaaa9b6973c50f3964d9f61d7c0e1087077
0,DPKI,139,management,true,false,259372.32563544452,268960.1241354459,269213.73783547815,253.6137000322342,0,253.6137000322342,-1,0,2,0,"{""dpkiManagementDispatchHttp"":12.310099959373474,""dpkiManagementRelayHttp"":0,""dpkiManagementHttpWindow"":3.3979000449180603,""dpkiManagementOpenSslIssueKeygen"":38.82429999113083,""dpkiManagementOpenSslIssueCsr"":17.718999981880188,""dpkiManagementOpenSslIssueSignCert"":13.547399997711182,""dpkiManagementOpenSslIssueExtractPubkey"":8.951700031757355,""dpkiManagementIssueCertificate"":81.10430002212524,""dpkiManagementOpenSslVerifyLeaf"":9.668600022792816,""dpkiManagementLeafAssertionSign"":11.449899971485138,""dpkiManagementLeafAssertionVerify"":9.131599962711334,""dpkiManagementOpenSslVerifyIssuerCA"":9.043099999427795,""dpkiManagementIssuerAssertionSign"":11.7364000082016,""dpkiManagementIssuerAssertionVerify"":9.527800023555756,""dpkiManagementVerifyRepositoryUpdateLocal"":0.005600035190582275,""dpkiManagementBuildMpt"":2.347399950027466,""dpkiManagementPutCertAndRootTx"":86.10160005092621,""dpkiManagementRepositoryHttpVerify"":7.000200033187866}",1,6671718,0x229937c199d2dd8d1dcf33cb20c66c68e77d03056afacfc43364e6fdfd46c6c9
0,DPKI,140,management,true,false,260652.94896349157,270240.747463493,270439.2875635311,198.5401000380516,0,198.5401000380516,-1,0,2,0,"{""dpkiManagementDispatchHttp"":9.593800008296967,""dpkiManagementRelayHttp"":0,""dpkiManagementHttpWindow"":2.721399962902069,""dpkiManagementOpenSslIssueKeygen"":28.03600001335144,""dpkiManagementOpenSslIssueCsr"":17.68800002336502,""dpkiManagementOpenSslIssueSignCert"":14.989000022411346,""dpkiManagementOpenSslIssueExtractPubkey"":9.162400007247925,""dpkiManagementIssueCertificate"":71.46670001745224,""dpkiManagementOpenSslVerifyLeaf"":9.672600030899048,""dpkiManagementLeafAssertionSign"":12.286400020122528,""dpkiManagementLeafAssertionVerify"":9.609500050544739,""dpkiManagementOpenSslVerifyIssuerCA"":9.304399967193604,""dpkiManagementIssuerAssertionSign"":12.205799996852875,""dpkiManagementIssuerAssertionVerify"":10.1942999958992,""dpkiManagementVerifyRepositoryUpdateLocal"":0.005899965763092041,""dpkiManagementBuildMpt"":2.310599982738495,""dpkiManagementPutCertAndRootTx"":43.219999969005585,""dpkiManagementRepositoryHttpVerify"":5.16839998960495}",1,6671723,0xcf4feba870b9a23316ff98b84f0cdff6b09d7ee8752f15e4d6f01df3915b01df
0,DPKI,141,management,true,false,262540.31381978927,272128.1123197907,272390.57061978517,262.4582999944687,0,262.4582999944687,-1,0,2,0,"{""dpkiManagementDispatchHttp"":2.3646000027656555,""dpkiManagementRelayHttp"":0,""dpkiManagementHttpWindow"":3.358299970626831,""dpkiManagementOpenSslIssueKeygen"":56.17969995737076,""dpkiManagementOpenSslIssueCsr"":17.21060001850128,""dpkiManagementOpenSslIssueSignCert"":13.654900014400482,""dpkiManagementOpenSslIssueExtractPubkey"":9.377099990844727,""dpkiManagementIssueCertificate"":97.89310002326965,""dpkiManagementOpenSslVerifyLeaf"":9.096000015735626,""dpkiManagementLeafAssertionSign"":12.52510005235672,""dpkiManagementLeafAssertionVerify"":9.539299964904785,""dpkiManagementOpenSslVerifyIssuerCA"":8.950799942016602,""dpkiManagementIssuerAssertionSign"":11.94570004940033,""dpkiManagementIssuerAssertionVerify"":9.63919997215271,""dpkiManagementVerifyRepositoryUpdateLocal"":0.005800008773803711,""dpkiManagementBuildMpt"":3.036899983882904,""dpkiManagementPutCertAndRootTx"":89.00040000677109,""dpkiManagementRepositoryHttpVerify"":4.357800006866455}",1,6671729,0x93aac0bac40c7e0e8eaf24b143e6e9dfef326ce636dadea8075bdc0dd4419fbb
0,DPKI,142,management,true,false,263382.63053831377,272970.4290383152,273215.6861383013,245.25709998607635,0,245.25709998607635,-1,0,2,0,"{""dpkiManagementDispatchHttp"":3.416000008583069,""dpkiManagementRelayHttp"":0,""dpkiManagementHttpWindow"":1.7117000222206116,""dpkiManagementOpenSslIssueKeygen"":17.299100041389465,""dpkiManagementOpenSslIssueCsr"":17.18850004673004,""dpkiManagementOpenSslIssueSignCert"":13.344799995422363,""dpkiManagementOpenSslIssueExtractPubkey"":9.570300042629242,""dpkiManagementIssueCertificate"":58.865700006484985,""dpkiManagementOpenSslVerifyLeaf"":9.779399991035461,""dpkiManagementLeafAssertionSign"":11.712399959564209,""dpkiManagementLeafAssertionVerify"":10.215699970722198,""dpkiManagementOpenSslVerifyIssuerCA"":9.11030000448227,""dpkiManagementIssuerAssertionSign"":11.757600009441376,""dpkiManagementIssuerAssertionVerify"":9.41569995880127,""dpkiManagementVerifyRepositoryUpdateLocal"":0.0056999921798706055,""dpkiManagementBuildMpt"":3.224900007247925,""dpkiManagementPutCertAndRootTx"":98.6333999633789,""dpkiManagementRepositoryHttpVerify"":16.598100006580353}",1,6671733,0x8113278deecd96ddd2e0df937bf6418944846c2b52908024e815309dc3c6cfca
0,DPKI,143,management,true,false,263990.9856141548,273578.7841141562,273802.3607141714,223.57660001516342,0,223.57660001516342,-1,0,2,0,"{""dpkiManagementDispatchHttp"":2.1869999766349792,""dpkiManagementRelayHttp"":0,""dpkiManagementHttpWindow"":4.136000037193298,""dpkiManagementOpenSslIssueKeygen"":47.09299999475479,""dpkiManagementOpenSslIssueCsr"":17.629299998283386,""dpkiManagementOpenSslIssueSignCert"":13.842100024223328,""dpkiManagementOpenSslIssueExtractPubkey"":9.854499995708466,""dpkiManagementIssueCertificate"":89.86620002985,""dpkiManagementOpenSslVerifyLeaf"":9.229900002479553,""dpkiManagementLeafAssertionSign"":12.442799985408783,""dpkiManagementLeafAssertionVerify"":9.609899997711182,""dpkiManagementOpenSslVerifyIssuerCA"":9.09469997882843,""dpkiManagementIssuerAssertionSign"":11.848900020122528,""dpkiManagementIssuerAssertionVerify"":9.413900017738342,""dpkiManagementVerifyRepositoryUpdateLocal"":0.006099998950958252,""dpkiManagementBuildMpt"":2.390600025653839,""dpkiManagementPutCertAndRootTx"":53.378000020980835,""dpkiManagementRepositoryHttpVerify"":9.141499996185303}",1,6671739,0xfd882d075da5065a735629fa3ce3761da4397cf2b877e83249b250bdf06f1088
0,DPKI,144,management,true,false,264933.48434307374,274521.28284307517,274747.7808430413,226.49799996614456,0,226.49799996614456,-1,0,2,0,"{""dpkiManagementDispatchHttp"":5.41839998960495,""dpkiManagementRelayHttp"":0,""dpkiManagementHttpWindow"":14.368300020694733,""dpkiManagementOpenSslIssueKeygen"":22.621800005435944,""dpkiManagementOpenSslIssueCsr"":17.948599994182587,""dpkiManagementOpenSslIssueSignCert"":14.067900002002716,""dpkiManagementOpenSslIssueExtractPubkey"":9.172100007534027,""dpkiManagementIssueCertificate"":65.43010002374649,""dpkiManagementOpenSslVerifyLeaf"":9.463600039482117,""dpkiManagementLeafAssertionSign"":12.008500039577484,""dpkiManagementLeafAssertionVerify"":8.698000013828278,""dpkiManagementOpenSslVerifyIssuerCA"":9.275499999523163,""dpkiManagementIssuerAssertionSign"":12.629200041294098,""dpkiManagementIssuerAssertionVerify"":9.770500004291534,""dpkiManagementVerifyRepositoryUpdateLocal"":0.005800008773803711,""dpkiManagementBuildMpt"":2.337599992752075,""dpkiManagementPutCertAndRootTx"":72.16549998521805,""dpkiManagementRepositoryHttpVerify"":4.15530002117157}",1,6671743,0x1baa10845e676eea448cf1ae365615c98a09a90fe7046d9062f7bac08c8481ef
0,DPKI,145,management,true,false,267878.5106965177,277466.30919651914,277723.51279650856,257.2035999894142,0,257.2035999894142,-1,0,2,0,"{""dpkiManagementDispatchHttp"":9.5174999833107,""dpkiManagementRelayHttp"":0,""dpkiManagementHttpWindow"":4.458500027656555,""dpkiManagementOpenSslIssueKeygen"":65.24910002946854,""dpkiManagementOpenSslIssueCsr"":18.252499997615814,""dpkiManagementOpenSslIssueSignCert"":14.208700001239777,""dpkiManagementOpenSslIssueExtractPubkey"":9.253899991512299,""dpkiManagementIssueCertificate"":108.58920001983643,""dpkiManagementOpenSslVerifyLeaf"":9.353200018405914,""dpkiManagementLeafAssertionSign"":12.045399963855743,""dpkiManagementLeafAssertionVerify"":9.524500012397766,""dpkiManagementOpenSslVerifyIssuerCA"":10.208900034427643,""dpkiManagementIssuerAssertionSign"":12.517000019550323,""dpkiManagementIssuerAssertionVerify"":9.759400010108948,""dpkiManagementVerifyRepositoryUpdateLocal"":0.005800008773803711,""dpkiManagementBuildMpt"":2.4444000124931335,""dpkiManagementPutCertAndRootTx"":51.057799994945526,""dpkiManagementRepositoryHttpVerify"":16.8924999833107}",1,6671748,0x5e15bb014cc6470bf26f9991bff8266d0132f41ee3b3be312af6641ad7d0c1c8
0,DPKI,146,management,true,false,270176.55632378295,279764.3548237844,280078.0620237751,313.70719999074936,0,313.70719999074936,-1,0,2,0,"{""dpkiManagementDispatchHttp"":5.548700034618378,""dpkiManagementRelayHttp"":0,""dpkiManagementHttpWindow"":23.06980001926422,""dpkiManagementOpenSslIssueKeygen"":74.47740000486374,""dpkiManagementOpenSslIssueCsr"":17.542699992656708,""dpkiManagementOpenSslIssueSignCert"":13.772300004959106,""dpkiManagementOpenSslIssueExtractPubkey"":9.194000005722046,""dpkiManagementIssueCertificate"":116.58419996500015,""dpkiManagementOpenSslVerifyLeaf"":9.37040001153946,""dpkiManagementLeafAssertionSign"":11.360199987888336,""dpkiManagementLeafAssertionVerify"":9.10019999742508,""dpkiManagementOpenSslVerifyIssuerCA"":9.510800004005432,""dpkiManagementIssuerAssertionSign"":11.867500007152557,""dpkiManagementIssuerAssertionVerify"":9.460099995136261,""dpkiManagementVerifyRepositoryUpdateLocal"":0.007100045680999756,""dpkiManagementBuildMpt"":2.345900058746338,""dpkiManagementPutCertAndRootTx"":98.42880004644394,""dpkiManagementRepositoryHttpVerify"":6.3162999749183655}",1,6671754,0xd425704c2026a7d1e00ed5e0edb4cbd28a7fc7f233d25f35a21348dd0395ac33
0,DPKI,147,management,true,false,270601.6009872518,280189.3994872532,280386.89388727763,197.49440002441406,0,197.49440002441406,-1,0,2,0,"{""dpkiManagementDispatchHttp"":7.52810001373291,""dpkiManagementRelayHttp"":0,""dpkiManagementHttpWindow"":0.6880000233650208,""dpkiManagementOpenSslIssueKeygen"":26.169399976730347,""dpkiManagementOpenSslIssueCsr"":16.9060999751091,""dpkiManagementOpenSslIssueSignCert"":13.000499963760376,""dpkiManagementOpenSslIssueExtractPubkey"":9.010200023651123,""dpkiManagementIssueCertificate"":66.51249998807907,""dpkiManagementOpenSslVerifyLeaf"":8.894299983978271,""dpkiManagementLeafAssertionSign"":12.031500041484833,""dpkiManagementLeafAssertionVerify"":10.062200009822845,""dpkiManagementOpenSslVerifyIssuerCA"":8.592999994754791,""dpkiManagementIssuerAssertionSign"":11.502699971199036,""dpkiManagementIssuerAssertionVerify"":9.333100020885468,""dpkiManagementVerifyRepositoryUpdateLocal"":0.004700005054473877,""dpkiManagementBuildMpt"":2.5467000007629395,""dpkiManagementPutCertAndRootTx"":54.620899975299835,""dpkiManagementRepositoryHttpVerify"":4.425000011920929}",1,6671757,0x95f16d8f79639787753a2888d475d39cf39333ab5d2d23630d383c03b66a17de
0,DPKI,148,management,true,false,270692.9654411769,280280.76394117833,280496.08444119454,215.32050001621246,0,215.32050001621246,-1,0,2,0,"{""dpkiManagementDispatchHttp"":9.02319997549057,""dpkiManagementRelayHttp"":0,""dpkiManagementHttpWindow"":15.66760003566742,""dpkiManagementOpenSslIssueKeygen"":30.387600004673004,""dpkiManagementOpenSslIssueCsr"":16.964999973773956,""dpkiManagementOpenSslIssueSignCert"":12.939999997615814,""dpkiManagementOpenSslIssueExtractPubkey"":8.884499967098236,""dpkiManagementIssueCertificate"":70.62540000677109,""dpkiManagementOpenSslVerifyLeaf"":8.97130000591278,""dpkiManagementLeafAssertionSign"":11.768400013446808,""dpkiManagementLeafAssertionVerify"":9.569500029087067,""dpkiManagementOpenSslVerifyIssuerCA"":8.942399978637695,""dpkiManagementIssuerAssertionSign"":11.526199996471405,""dpkiManagementIssuerAssertionVerify"":8.987100005149841,""dpkiManagementVerifyRepositoryUpdateLocal"":0.006900012493133545,""dpkiManagementBuildMpt"":2.4530999660491943,""dpkiManagementPutCertAndRootTx"":51.86320000886917,""dpkiManagementRepositoryHttpVerify"":5.174700021743774}",1,6671762,0x0d8b08c0c53eba99aafdaf8c93c430de6bf29676faf2c2a046e2e36deb91f0cf
0,DPKI,149,management,true,false,271449.7901997401,281037.5886997415,281295.52169971005,257.93299996852875,0,257.93299996852875,-1,0,2,0,"{""dpkiManagementDispatchHttp"":0.44429999589920044,""dpkiManagementRelayHttp"":0,""dpkiManagementHttpWindow"":23.948599994182587,""dpkiManagementOpenSslIssueKeygen"":29.041999995708466,""dpkiManagementOpenSslIssueCsr"":16.81910002231598,""dpkiManagementOpenSslIssueSignCert"":13.35530000925064,""dpkiManagementOpenSslIssueExtractPubkey"":9.319800019264221,""dpkiManagementIssueCertificate"":69.98229998350143,""dpkiManagementOpenSslVerifyLeaf"":8.88129997253418,""dpkiManagementLeafAssertionSign"":12.211600005626678,""dpkiManagementLeafAssertionVerify"":9.565600037574768,""dpkiManagementOpenSslVerifyIssuerCA"":10.037500023841858,""dpkiManagementIssuerAssertionSign"":12.424499988555908,""dpkiManagementIssuerAssertionVerify"":9.521700024604797,""dpkiManagementVerifyRepositoryUpdateLocal"":0.005099952220916748,""dpkiManagementBuildMpt"":2.332199990749359,""dpkiManagementPutCertAndRootTx"":82.22409999370575,""dpkiManagementRepositoryHttpVerify"":15.585799992084503}",1,6671768,0x8a3021a5ae5ee2d539e4e5276321307bd3d13a4c86aa8c72facc706870397c1d
0,DPKI,150,management,true,false,276990.89753533516,286578.6960353366,286796.66393531475,217.96789997816086,0,217.96789997816086,-1,0,2,0,"{""dpkiManagementDispatchHttp"":0.3174999952316284,""dpkiManagementRelayHttp"":0,""dpkiManagementHttpWindow"":2.2245999574661255,""dpkiManagementOpenSslIssueKeygen"":33.72319996356964,""dpkiManagementOpenSslIssueCsr"":17.263499975204468,""dpkiManagementOpenSslIssueSignCert"":13.56029999256134,""dpkiManagementOpenSslIssueExtractPubkey"":9.002900004386902,""dpkiManagementIssueCertificate"":74.98689997196198,""dpkiManagementOpenSslVerifyLeaf"":9.199299991130829,""dpkiManagementLeafAssertionSign"":13.311900019645691,""dpkiManagementLeafAssertionVerify"":8.802200019359589,""dpkiManagementOpenSslVerifyIssuerCA"":9.046299993991852,""dpkiManagementIssuerAssertionSign"":11.908500015735626,""dpkiManagementIssuerAssertionVerify"":9.558499991893768,""dpkiManagementVerifyRepositoryUpdateLocal"":0.0051000118255615234,""dpkiManagementBuildMpt"":3.2531999945640564,""dpkiManagementPutCertAndRootTx"":70.42030000686646,""dpkiManagementRepositoryHttpVerify"":4.089200019836426}",1,6671773,0x6c877a692c4d67fe070913e927d34e7575727b0cfcafa474e94ad33f723eda0a
0,DPKI,151,management,true,false,281312.80838301376,290900.6068830152,291129.3810829778,228.77419996261597,0,228.77419996261597,-1,0,2,0,"{""dpkiManagementDispatchHttp"":2.938800036907196,""dpkiManagementRelayHttp"":0,""dpkiManagementHttpWindow"":5.879400014877319,""dpkiManagementOpenSslIssueKeygen"":24.27240002155304,""dpkiManagementOpenSslIssueCsr"":17.2228000164032,""dpkiManagementOpenSslIssueSignCert"":12.869599997997284,""dpkiManagementOpenSslIssueExtractPubkey"":9.325299978256226,""dpkiManagementIssueCertificate"":65.28360003232956,""dpkiManagementOpenSslVerifyLeaf"":9.418999969959259,""dpkiManagementLeafAssertionSign"":11.702099978923798,""dpkiManagementLeafAssertionVerify"":9.783899962902069,""dpkiManagementOpenSslVerifyIssuerCA"":9.743699967861176,""dpkiManagementIssuerAssertionSign"":11.455000042915344,""dpkiManagementIssuerAssertionVerify"":9.225899994373322,""dpkiManagementVerifyRepositoryUpdateLocal"":0.004999995231628418,""dpkiManagementBuildMpt"":2.445800006389618,""dpkiManagementPutCertAndRootTx"":73.26050001382828,""dpkiManagementRepositoryHttpVerify"":16.880800008773804}",1,6671775,0x42a3825765da90130816b3de6409f18ffb87d17d88b020c9e515127021daa058
0,DPKI,152,management,true,false,282018.7665113296,291606.56501133105,291841.35581136605,234.79080003499985,0,234.79080003499985,-1,0,2,0,"{""dpkiManagementDispatchHttp"":11.458899974822998,""dpkiManagementRelayHttp"":0,""dpkiManagementHttpWindow"":6.6110000014305115,""dpkiManagementOpenSslIssueKeygen"":30.37279999256134,""dpkiManagementOpenSslIssueCsr"":17.380300045013428,""dpkiManagementOpenSslIssueSignCert"":13.850800037384033,""dpkiManagementOpenSslIssueExtractPubkey"":9.421000003814697,""dpkiManagementIssueCertificate"":72.47879999876022,""dpkiManagementOpenSslVerifyLeaf"":8.806699991226196,""dpkiManagementLeafAssertionSign"":11.73199999332428,""dpkiManagementLeafAssertionVerify"":9.282000005245209,""dpkiManagementOpenSslVerifyIssuerCA"":8.73989999294281,""dpkiManagementIssuerAssertionSign"":11.542599976062775,""dpkiManagementIssuerAssertionVerify"":8.953199982643127,""dpkiManagementVerifyRepositoryUpdateLocal"":0.005099952220916748,""dpkiManagementBuildMpt"":2.8066999912261963,""dpkiManagementPutCertAndRootTx"":76.07599997520447,""dpkiManagementRepositoryHttpVerify"":5.587000012397766}",1,6671779,0xedaa7bc8b015ce5ae5c0cb5a996bdf32ec22c97ca28dd8b5c1006a1d161ad00c
0,DPKI,153,management,true,false,283077.106929097,292664.9054290984,292869.69292912225,204.78750002384186,0,204.78750002384186,-1,0,2,0,"{""dpkiManagementDispatchHttp"":0.21919995546340942,""dpkiManagementRelayHttp"":0,""dpkiManagementHttpWindow"":8.601899981498718,""dpkiManagementOpenSslIssueKeygen"":31.81760001182556,""dpkiManagementOpenSslIssueCsr"":17.813899993896484,""dpkiManagementOpenSslIssueSignCert"":13.74540001153946,""dpkiManagementOpenSslIssueExtractPubkey"":8.762799978256226,""dpkiManagementIssueCertificate"":73.5683000087738,""dpkiManagementOpenSslVerifyLeaf"":9.801999986171722,""dpkiManagementLeafAssertionSign"":12.831499993801117,""dpkiManagementLeafAssertionVerify"":9.168699979782104,""dpkiManagementOpenSslVerifyIssuerCA"":9.523599982261658,""dpkiManagementIssuerAssertionSign"":14.579500019550323,""dpkiManagementIssuerAssertionVerify"":9.57310003042221,""dpkiManagementVerifyRepositoryUpdateLocal"":0.0059999823570251465,""dpkiManagementBuildMpt"":2.383500039577484,""dpkiManagementPutCertAndRootTx"":44.01630002260208,""dpkiManagementRepositoryHttpVerify"":9.767799973487854}",1,6671784,0xdcd38c916978df5cad102aa5ea26df825211319ac17854fb9273a9934d1a1229
0,DPKI,154,management,true,false,284831.33233676397,294419.1308367654,294673.34853677,254.21770000457764,0,254.21770000457764,-1,0,2,0,"{""dpkiManagementDispatchHttp"":19.55380004644394,""dpkiManagementRelayHttp"":0,""dpkiManagementHttpWindow"":15.855800032615662,""dpkiManagementOpenSslIssueKeygen"":39.6003999710083,""dpkiManagementOpenSslIssueCsr"":17.285799980163574,""dpkiManagementOpenSslIssueSignCert"":13.45880001783371,""dpkiManagementOpenSslIssueExtractPubkey"":8.944600045681,""dpkiManagementIssueCertificate"":80.74700003862381,""dpkiManagementOpenSslVerifyLeaf"":9.197800040245056,""dpkiManagementLeafAssertionSign"":11.99210000038147,""dpkiManagementLeafAssertionVerify"":10.104999959468842,""dpkiManagementOpenSslVerifyIssuerCA"":9.295700013637543,""dpkiManagementIssuerAssertionSign"":12.981000006198883,""dpkiManagementIssuerAssertionVerify"":9.925999999046326,""dpkiManagementVerifyRepositoryUpdateLocal"":0.010399997234344482,""dpkiManagementBuildMpt"":2.3454999923706055,""dpkiManagementPutCertAndRootTx"":54.11779999732971,""dpkiManagementRepositoryHttpVerify"":17.150799989700317}",1,6671790,0x7836794dc564a1dc3479dd500e92984b69e47fb038104500cfeb9d88e83cb8fe
0,DPKI,155,management,true,false,286672.4963959737,296260.29489597515,296506.356395988,246.0615000128746,0,246.0615000128746,-1,0,2,0,"{""dpkiManagementDispatchHttp"":0.6147000193595886,""dpkiManagementRelayHttp"":0,""dpkiManagementHttpWindow"":1.304800033569336,""dpkiManagementOpenSslIssueKeygen"":37.344399988651276,""dpkiManagementOpenSslIssueCsr"":17.708700001239777,""dpkiManagementOpenSslIssueSignCert"":13.545500040054321,""dpkiManagementOpenSslIssueExtractPubkey"":9.265700042247772,""dpkiManagementIssueCertificate"":79.32079994678497,""dpkiManagementOpenSslVerifyLeaf"":9.230000019073486,""dpkiManagementLeafAssertionSign"":12.069200038909912,""dpkiManagementLeafAssertionVerify"":9.40530002117157,""dpkiManagementOpenSslVerifyIssuerCA"":10.694500029087067,""dpkiManagementIssuerAssertionSign"":12.823799967765808,""dpkiManagementIssuerAssertionVerify"":9.122200012207031,""dpkiManagementVerifyRepositoryUpdateLocal"":0.005299985408782959,""dpkiManagementBuildMpt"":2.3984000086784363,""dpkiManagementPutCertAndRootTx"":93.79100000858307,""dpkiManagementRepositoryHttpVerify"":4.482300043106079}",1,6671796,0xde63a61a9b2a437b6a9f68b533098d274b032be3413c43b4e5d78dfb002fcafe
0,DPKI,156,management,true,false,288822.0159110291,298409.81441103056,298685.3861110075,275.5716999769211,0,275.5716999769211,-1,0,2,0,"{""dpkiManagementDispatchHttp"":25.02410000562668,""dpkiManagementRelayHttp"":0,""dpkiManagementHttpWindow"":14.853799998760223,""dpkiManagementOpenSslIssueKeygen"":36.681500017642975,""dpkiManagementOpenSslIssueCsr"":17.536800026893616,""dpkiManagementOpenSslIssueSignCert"":13.806899964809418,""dpkiManagementOpenSslIssueExtractPubkey"":8.910700023174286,""dpkiManagementIssueCertificate"":78.46100002527237,""dpkiManagementOpenSslVerifyLeaf"":9.293999969959259,""dpkiManagementLeafAssertionSign"":12.082499980926514,""dpkiManagementLeafAssertionVerify"":9.868099987506866,""dpkiManagementOpenSslVerifyIssuerCA"":9.070899963378906,""dpkiManagementIssuerAssertionSign"":11.917499959468842,""dpkiManagementIssuerAssertionVerify"":9.931100010871887,""dpkiManagementVerifyRepositoryUpdateLocal"":0.004999995231628418,""dpkiManagementBuildMpt"":2.3675999641418457,""dpkiManagementPutCertAndRootTx"":74.59610003232956,""dpkiManagementRepositoryHttpVerify"":17.353399991989136}",1,6671802,0xcfed80e27dcb4a88fefff8ad80b6c3bfb65b2de481c63b317a54fcfe74f13bb9
0,DPKI,157,management,true,false,291690.6929783633,301278.49147836474,301545.72527835873,267.23379999399185,0,267.23379999399185,-1,0,2,0,"{""dpkiManagementDispatchHttp"":1.6309000253677368,""dpkiManagementRelayHttp"":0,""dpkiManagementHttpWindow"":3.9156999588012695,""dpkiManagementOpenSslIssueKeygen"":65.84619998931885,""dpkiManagementOpenSslIssueCsr"":17.254499971866608,""dpkiManagementOpenSslIssueSignCert"":12.722599983215332,""dpkiManagementOpenSslIssueExtractPubkey"":9.644299983978271,""dpkiManagementIssueCertificate"":106.90460002422333,""dpkiManagementOpenSslVerifyLeaf"":9.771700024604797,""dpkiManagementLeafAssertionSign"":12.178200006484985,""dpkiManagementLeafAssertionVerify"":9.88699996471405,""dpkiManagementOpenSslVerifyIssuerCA"":9.566100001335144,""dpkiManagementIssuerAssertionSign"":14.475400030612946,""dpkiManagementIssuerAssertionVerify"":10.009899973869324,""dpkiManagementVerifyRepositoryUpdateLocal"":0.005899965763092041,""dpkiManagementBuildMpt"":2.3959999680519104,""dpkiManagementPutCertAndRootTx"":76.59229999780655,""dpkiManagementRepositoryHttpVerify"":9.049300014972687}",1,6671808,0xfe00284fdcb04b26548058827adebe94ec1b6d723a76ebcb136198a54e6845d8
0,DPKI,158,management,true,false,293140.31628221466,302728.1147822161,302992.3852822204,264.27050000429153,0,264.27050000429153,-1,0,2,0,"{""dpkiManagementDispatchHttp"":3.3230000138282776,""dpkiManagementRelayHttp"":0,""dpkiManagementHttpWindow"":3.6207000017166138,""dpkiManagementOpenSslIssueKeygen"":66.98229998350143,""dpkiManagementOpenSslIssueCsr"":17.468199968338013,""dpkiManagementOpenSslIssueSignCert"":13.047700047492981,""dpkiManagementOpenSslIssueExtractPubkey"":9.013200044631958,""dpkiManagementIssueCertificate"":108.18610000610352,""dpkiManagementOpenSslVerifyLeaf"":9.080599963665009,""dpkiManagementLeafAssertionSign"":11.784099996089935,""dpkiManagementLeafAssertionVerify"":9.535600006580353,""dpkiManagementOpenSslVerifyIssuerCA"":9.122500002384186,""dpkiManagementIssuerAssertionSign"":11.958400011062622,""dpkiManagementIssuerAssertionVerify"":9.646499991416931,""dpkiManagementVerifyRepositoryUpdateLocal"":0.006000041961669922,""dpkiManagementBuildMpt"":2.351099967956543,""dpkiManagementPutCertAndRootTx"":75.091000020504,""dpkiManagementRepositoryHttpVerify"":9.771699965000153}",1,6671812,0x5ab9e4e057106f87558eb09e5ab3174f99af72a416335e063101575e02df95a7
0,DPKI,159,management,true,false,295423.0679245397,305010.8664245411,305202.73782453977,191.87139999866486,0,191.87139999866486,-1,0,2,0,"{""dpkiManagementDispatchHttp"":1.2073000073432922,""dpkiManagementRelayHttp"":0,""dpkiManagementHttpWindow"":1.8517000079154968,""dpkiManagementOpenSslIssueKeygen"":37.70260000228882,""dpkiManagementOpenSslIssueCsr"":17.687099993228912,""dpkiManagementOpenSslIssueSignCert"":13.73199999332428,""dpkiManagementOpenSslIssueExtractPubkey"":9.378399968147278,""dpkiManagementIssueCertificate"":79.99180001020432,""dpkiManagementOpenSslVerifyLeaf"":9.595200002193451,""dpkiManagementLeafAssertionSign"":11.646200001239777,""dpkiManagementLeafAssertionVerify"":9.54229998588562,""dpkiManagementOpenSslVerifyIssuerCA"":9.103999972343445,""dpkiManagementIssuerAssertionSign"":12.13809996843338,""dpkiManagementIssuerAssertionVerify"":9.69980001449585,""dpkiManagementVerifyRepositoryUpdateLocal"":0.005299985408782959,""dpkiManagementBuildMpt"":2.3521000146865845,""dpkiManagementPutCertAndRootTx"":26.639299988746643,""dpkiManagementRepositoryHttpVerify"":17.337599992752075}",1,6671816,0x942797879ba8691fd0fc3c9d03e9f3f9a37d5f69b629dbdbb58be76e902dddec
0,DPKI,160,management,true,false,296168.73119655304,305756.52969655447,306003.5181965535,246.98849999904633,0,246.98849999904633,-1,0,2,0,"{""dpkiManagementDispatchHttp"":3.077300012111664,""dpkiManagementRelayHttp"":0,""dpkiManagementHttpWindow"":2.3022000193595886,""dpkiManagementOpenSslIssueKeygen"":36.48820000886917,""dpkiManagementOpenSslIssueCsr"":17.33849996328354,""dpkiManagementOpenSslIssueSignCert"":13.321200013160706,""dpkiManagementOpenSslIssueExtractPubkey"":9.499500036239624,""dpkiManagementIssueCertificate"":78.11890000104904,""dpkiManagementOpenSslVerifyLeaf"":10.07829999923706,""dpkiManagementLeafAssertionSign"":12.641800045967102,""dpkiManagementLeafAssertionVerify"":9.553799986839294,""dpkiManagementOpenSslVerifyIssuerCA"":10.33619999885559,""dpkiManagementIssuerAssertionSign"":12.469500005245209,""dpkiManagementIssuerAssertionVerify"":10.25849997997284,""dpkiManagementVerifyRepositoryUpdateLocal"":0.005399942398071289,""dpkiManagementBuildMpt"":3.0541000366210938,""dpkiManagementPutCertAndRootTx"":77.19150000810623,""dpkiManagementRepositoryHttpVerify"":17.011400043964386}",1,6671820,0xd58634e3a9d8fe5076aad7b3fc8a3ec44eea33f9f52dfdf4f474244690f05d32
0,DPKI,161,management,true,false,297107.6976868117,306695.4961868131,306962.57548679947,267.07929998636246,0,267.07929998636246,-1,0,2,0,"{""dpkiManagementDispatchHttp"":1.7578999996185303,""dpkiManagementRelayHttp"":0,""dpkiManagementHttpWindow"":0.043299973011016846,""dpkiManagementOpenSslIssueKeygen"":58.825000047683716,""dpkiManagementOpenSslIssueCsr"":17.392700016498566,""dpkiManagementOpenSslIssueSignCert"":13.294099986553192,""dpkiManagementOpenSslIssueExtractPubkey"":8.820300042629242,""dpkiManagementIssueCertificate"":99.81319999694824,""dpkiManagementOpenSslVerifyLeaf"":9.977999985218048,""dpkiManagementLeafAssertionSign"":12.73199999332428,""dpkiManagementLeafAssertionVerify"":9.50900000333786,""dpkiManagementOpenSslVerifyIssuerCA"":9.048999965190887,""dpkiManagementIssuerAssertionSign"":11.875299990177155,""dpkiManagementIssuerAssertionVerify"":8.948899984359741,""dpkiManagementVerifyRepositoryUpdateLocal"":0.005300045013427734,""dpkiManagementBuildMpt"":2.316600024700165,""dpkiManagementPutCertAndRootTx"":93.0489000082016,""dpkiManagementRepositoryHttpVerify"":7.228100001811981}",1,6671826,0xf7cfeb75b4a2ae4c9d8fbf6b1e229baeecc837187fc18c068e0e2be47793c571
0,DPKI,162,management,true,false,299496.64392780495,309084.4424278064,309311.0942278428,226.65180003643036,0,226.65180003643036,-1,0,2,0,"{""dpkiManagementDispatchHttp"":6.7108999490737915,""dpkiManagementRelayHttp"":0,""dpkiManagementHttpWindow"":15.206800043582916,""dpkiManagementOpenSslIssueKeygen"":20.385500013828278,""dpkiManagementOpenSslIssueCsr"":17.49099999666214,""dpkiManagementOpenSslIssueSignCert"":13.206900000572205,""dpkiManagementOpenSslIssueExtractPubkey"":8.920300006866455,""dpkiManagementIssueCertificate"":61.5692999958992,""dpkiManagementOpenSslVerifyLeaf"":8.844799995422363,""dpkiManagementLeafAssertionSign"":11.713499963283539,""dpkiManagementLeafAssertionVerify"":9.101000010967255,""dpkiManagementOpenSslVerifyIssuerCA"":10.605499982833862,""dpkiManagementIssuerAssertionSign"":12.062399983406067,""dpkiManagementIssuerAssertionVerify"":9.588899970054626,""dpkiManagementVerifyRepositoryUpdateLocal"":0.0056999921798706055,""dpkiManagementBuildMpt"":2.3618000149726868,""dpkiManagementPutCertAndRootTx"":60.624100029468536,""dpkiManagementRepositoryHttpVerify"":17.503100037574768}",1,6671831,0xb2d9fde4454b38bc3042a3aa3b809e9d5d8fffb4f3aa01f1294c94e546b173f8
0,DPKI,163,management,true,false,300685.72119926824,310273.5196992697,310525.23889928474,251.71920001506805,0,251.71920001506805,-1,0,2,0,"{""dpkiManagementDispatchHttp"":0.2224000096321106,""dpkiManagementRelayHttp"":0,""dpkiManagementHttpWindow"":4.063499987125397,""dpkiManagementOpenSslIssueKeygen"":52.952300012111664,""dpkiManagementOpenSslIssueCsr"":16.828500032424927,""dpkiManagementOpenSslIssueSignCert"":13.100000023841858,""dpkiManagementOpenSslIssueExtractPubkey"":9.139700055122375,""dpkiManagementIssueCertificate"":93.47240000963211,""dpkiManagementOpenSslVerifyLeaf"":9.702700018882751,""dpkiManagementLeafAssertionSign"":11.927100002765656,""dpkiManagementLeafAssertionVerify"":9.232800006866455,""dpkiManagementOpenSslVerifyIssuerCA"":8.86379998922348,""dpkiManagementIssuerAssertionSign"":13.720300018787384,""dpkiManagementIssuerAssertionVerify"":9.61049997806549,""dpkiManagementVerifyRepositoryUpdateLocal"":0.005600035190582275,""dpkiManagementBuildMpt"":2.3511000275611877,""dpkiManagementPutCertAndRootTx"":79.8435999751091,""dpkiManagementRepositoryHttpVerify"":7.760299980640411}",1,6671836,0x448ac894e1e9eced403a17775698fe58e0710f1e9a249be89e757b86c48f7e77
0,DPKI,164,management,true,false,301069.3580659117,310657.1565659131,310915.17126590863,258.01469999551773,0,258.01469999551773,-1,0,2,0,"{""dpkiManagementDispatchHttp"":21.967099964618683,""dpkiManagementRelayHttp"":0,""dpkiManagementHttpWindow"":15.243799984455109,""dpkiManagementOpenSslIssueKeygen"":30.368099987506866,""dpkiManagementOpenSslIssueCsr"":17.147100031375885,""dpkiManagementOpenSslIssueSignCert"":13.288399994373322,""dpkiManagementOpenSslIssueExtractPubkey"":9.250600039958954,""dpkiManagementIssueCertificate"":71.52380001544952,""dpkiManagementOpenSslVerifyLeaf"":9.004199981689453,""dpkiManagementLeafAssertionSign"":11.901400029659271,""dpkiManagementLeafAssertionVerify"":9.828599989414215,""dpkiManagementOpenSslVerifyIssuerCA"":9.099999964237213,""dpkiManagementIssuerAssertionSign"":12.195799946784973,""dpkiManagementIssuerAssertionVerify"":9.26579999923706,""dpkiManagementVerifyRepositoryUpdateLocal"":0.0054999589920043945,""dpkiManagementBuildMpt"":2.2930999994277954,""dpkiManagementPutCertAndRootTx"":67.45810002088547,""dpkiManagementRepositoryHttpVerify"":17.414099991321564}",1,6671843,0x36d0c3b32b70482a7fcea813457e8f2eeef9d78a03d6273414407e0ec9673164
0,DPKI,165,management,true,false,303669.20925868,313257.00775868143,313460.42605865444,203.41829997301102,0,203.41829997301102,-1,0,2,0,"{""dpkiManagementDispatchHttp"":2.163800001144409,""dpkiManagementRelayHttp"":0,""dpkiManagementHttpWindow"":0.26600003242492676,""dpkiManagementOpenSslIssueKeygen"":33.15880000591278,""dpkiManagementOpenSslIssueCsr"":17.492900013923645,""dpkiManagementOpenSslIssueSignCert"":13.017800033092499,""dpkiManagementOpenSslIssueExtractPubkey"":9.288299977779388,""dpkiManagementIssueCertificate"":74.5188000202179,""dpkiManagementOpenSslVerifyLeaf"":9.196399986743927,""dpkiManagementLeafAssertionSign"":11.953000009059906,""dpkiManagementLeafAssertionVerify"":9.41729998588562,""dpkiManagementOpenSslVerifyIssuerCA"":9.217099964618683,""dpkiManagementIssuerAssertionSign"":11.553000032901764,""dpkiManagementIssuerAssertionVerify"":9.142400026321411,""dpkiManagementVerifyRepositoryUpdateLocal"":0.0054000020027160645,""dpkiManagementBuildMpt"":2.6104999780654907,""dpkiManagementPutCertAndRootTx"":44.64190000295639,""dpkiManagementRepositoryHttpVerify"":17.986100018024445}",1,6671847,0x9d8bf79fd9e6d1846cf850194659dfe8b945944f0b61405e1aac38f10a477a76
0,DPKI,166,management,true,false,303849.9544400764,313437.75294007786,313663.093340118,225.3404000401497,0,225.3404000401497,-1,0,2,0,"{""dpkiManagementDispatchHttp"":2.922600030899048,""dpkiManagementRelayHttp"":0,""dpkiManagementHttpWindow"":3.2299000024795532,""dpkiManagementOpenSslIssueKeygen"":28.103999972343445,""dpkiManagementOpenSslIssueCsr"":17.681900024414062,""dpkiManagementOpenSslIssueSignCert"":13.181699991226196,""dpkiManagementOpenSslIssueExtractPubkey"":8.461899995803833,""dpkiManagementIssueCertificate"":69.1399000287056,""dpkiManagementOpenSslVerifyLeaf"":8.966300010681152,""dpkiManagementLeafAssertionSign"":12.026699960231781,""dpkiManagementLeafAssertionVerify"":9.720200002193451,""dpkiManagementOpenSslVerifyIssuerCA"":9.343800008296967,""dpkiManagementIssuerAssertionSign"":12.10699999332428,""dpkiManagementIssuerAssertionVerify"":8.937900006771088,""dpkiManagementVerifyRepositoryUpdateLocal"":0.005200028419494629,""dpkiManagementBuildMpt"":2.3300999999046326,""dpkiManagementPutCertAndRootTx"":76.62840002775192,""dpkiManagementRepositoryHttpVerify"":9.240899980068207}",1,6671850,0x5d5fa601b05ace1b744ae321f49b629e2aadec6137e284813a5cebbb9d43915b
0,DPKI,167,management,true,false,304178.9431831712,313766.74168317264,314025.03088318056,258.2892000079155,0,258.2892000079155,-1,0,2,0,"{""dpkiManagementDispatchHttp"":2.9438000321388245,""dpkiManagementRelayHttp"":0,""dpkiManagementHttpWindow"":3.2128000259399414,""dpkiManagementOpenSslIssueKeygen"":41.89060002565384,""dpkiManagementOpenSslIssueCsr"":18.069700002670288,""dpkiManagementOpenSslIssueSignCert"":13.659300029277802,""dpkiManagementOpenSslIssueExtractPubkey"":8.92880004644394,""dpkiManagementIssueCertificate"":84.01050001382828,""dpkiManagementOpenSslVerifyLeaf"":9.182799994945526,""dpkiManagementLeafAssertionSign"":12.532399952411652,""dpkiManagementLeafAssertionVerify"":11.80299997329712,""dpkiManagementOpenSslVerifyIssuerCA"":8.995500028133392,""dpkiManagementIssuerAssertionSign"":11.975099980831146,""dpkiManagementIssuerAssertionVerify"":8.975800037384033,""dpkiManagementVerifyRepositoryUpdateLocal"":0.0056999921798706055,""dpkiManagementBuildMpt"":2.3183000087738037,""dpkiManagementPutCertAndRootTx"":94.63510000705719,""dpkiManagementRepositoryHttpVerify"":6.94350004196167}",1,6671855,0xfd35efac8c3f067d93bdbb332a5cb022812542932fd31c4aa375f52dcfad38b2
0,DPKI,168,management,true,false,304776.9098089572,314364.7083089586,314691.1135089632,326.40520000457764,0,326.40520000457764,-1,0,2,0,"{""dpkiManagementDispatchHttp"":7.676100015640259,""dpkiManagementRelayHttp"":0,""dpkiManagementHttpWindow"":2.849399983882904,""dpkiManagementOpenSslIssueKeygen"":21.35589998960495,""dpkiManagementOpenSslIssueCsr"":17.149500012397766,""dpkiManagementOpenSslIssueSignCert"":13.352600038051605,""dpkiManagementOpenSslIssueExtractPubkey"":8.58349996805191,""dpkiManagementIssueCertificate"":61.87430000305176,""dpkiManagementOpenSslVerifyLeaf"":9.529399991035461,""dpkiManagementLeafAssertionSign"":11.988399982452393,""dpkiManagementLeafAssertionVerify"":9.095899999141693,""dpkiManagementOpenSslVerifyIssuerCA"":9.323900043964386,""dpkiManagementIssuerAssertionSign"":15.72519999742508,""dpkiManagementIssuerAssertionVerify"":10.347799956798553,""dpkiManagementVerifyRepositoryUpdateLocal"":0.006200015544891357,""dpkiManagementBuildMpt"":2.5495999455451965,""dpkiManagementPutCertAndRootTx"":175.4481999874115,""dpkiManagementRepositoryHttpVerify"":9.165499985218048}",1,6671859,0x0e030a1fa1c8fa1c89cf3057f2777f3787b86bf71184a694d74ea149c2cab8d0
0,DPKI,169,management,true,false,306098.60627293173,315686.40477293317,315964.6093729693,278.20460003614426,0,278.20460003614426,-1,0,2,0,"{""dpkiManagementDispatchHttp"":20.41430002450943,""dpkiManagementRelayHttp"":0,""dpkiManagementHttpWindow"":15.275499999523163,""dpkiManagementOpenSslIssueKeygen"":36.74940001964569,""dpkiManagementOpenSslIssueCsr"":17.603600025177002,""dpkiManagementOpenSslIssueSignCert"":13.378899991512299,""dpkiManagementOpenSslIssueExtractPubkey"":8.422899961471558,""dpkiManagementIssueCertificate"":77.79439997673035,""dpkiManagementOpenSslVerifyLeaf"":9.481199979782104,""dpkiManagementLeafAssertionSign"":12.547500014305115,""dpkiManagementLeafAssertionVerify"":9.115700006484985,""dpkiManagementOpenSslVerifyIssuerCA"":9.131099998950958,""dpkiManagementIssuerAssertionSign"":11.746900022029877,""dpkiManagementIssuerAssertionVerify"":8.758800029754639,""dpkiManagementVerifyRepositoryUpdateLocal"":0.0045999884605407715,""dpkiManagementBuildMpt"":2.472000002861023,""dpkiManagementPutCertAndRootTx"":92.43730002641678,""dpkiManagementRepositoryHttpVerify"":8.210700035095215}",1,6671864,0xd304cc387bb5a6fb32874ef4f298813d7d9f30547e8e84b8844eebe919d87fa5
0,DPKI,170,management,true,false,307642.5836339827,317230.3821339841,317485.4921339984,255.11000001430511,0,255.11000001430511,-1,0,2,0,"{""dpkiManagementDispatchHttp"":5.860000014305115,""dpkiManagementRelayHttp"":0,""dpkiManagementHttpWindow"":14.495000004768372,""dpkiManagementOpenSslIssueKeygen"":25.46720004081726,""dpkiManagementOpenSslIssueCsr"":17.166299998760223,""dpkiManagementOpenSslIssueSignCert"":13.133899986743927,""dpkiManagementOpenSslIssueExtractPubkey"":8.78439998626709,""dpkiManagementIssueCertificate"":66.26499998569489,""dpkiManagementOpenSslVerifyLeaf"":9.128999948501587,""dpkiManagementLeafAssertionSign"":12.372599959373474,""dpkiManagementLeafAssertionVerify"":9.577499985694885,""dpkiManagementOpenSslVerifyIssuerCA"":9.739199995994568,""dpkiManagementIssuerAssertionSign"":12.15149998664856,""dpkiManagementIssuerAssertionVerify"":9.31819999217987,""dpkiManagementVerifyRepositoryUpdateLocal"":0.005200028419494629,""dpkiManagementBuildMpt"":2.3269999623298645,""dpkiManagementPutCertAndRootTx"":85.92449998855591,""dpkiManagementRepositoryHttpVerify"":17.12200003862381}",1,6671869,0xfbde2c587017e8c50f8c6307d7729c1d491378eb3b3921860ff3ffcd03ae76f3
0,DPKI,171,management,true,false,308308.7205302288,317896.51903023024,318132.03093023796,235.51190000772476,0,235.51190000772476,-1,0,2,0,"{""dpkiManagementDispatchHttp"":0.4433000087738037,""dpkiManagementRelayHttp"":0,""dpkiManagementHttpWindow"":5.3592000007629395,""dpkiManagementOpenSslIssueKeygen"":34.02999997138977,""dpkiManagementOpenSslIssueCsr"":17.67339998483658,""dpkiManagementOpenSslIssueSignCert"":13.025200009346008,""dpkiManagementOpenSslIssueExtractPubkey"":8.65860003232956,""dpkiManagementIssueCertificate"":74.80609995126724,""dpkiManagementOpenSslVerifyLeaf"":9.417500019073486,""dpkiManagementLeafAssertionSign"":12.092700004577637,""dpkiManagementLeafAssertionVerify"":9.33619999885559,""dpkiManagementOpenSslVerifyIssuerCA"":9.7746000289917,""dpkiManagementIssuerAssertionSign"":13.08459997177124,""dpkiManagementIssuerAssertionVerify"":9.148600041866302,""dpkiManagementVerifyRepositoryUpdateLocal"":0.0056999921798706055,""dpkiManagementBuildMpt"":2.304200053215027,""dpkiManagementPutCertAndRootTx"":84.62389999628067,""dpkiManagementRepositoryHttpVerify"":4.2972999811172485}",1,6671875,0x0ae7c0785f80c0b56127f509347ece93ae3d73b5cbaf03635563c861de0ba3a7
0,DPKI,172,management,true,false,308511.28070831735,318099.0792083188,318467.24010831554,368.1608999967575,0,368.1608999967575,-1,0,2,0,"{""dpkiManagementDispatchHttp"":8.843200027942657,""dpkiManagementRelayHttp"":0,""dpkiManagementHttpWindow"":15.549499988555908,""dpkiManagementOpenSslIssueKeygen"":31.211300015449524,""dpkiManagementOpenSslIssueCsr"":17.347100019454956,""dpkiManagementOpenSslIssueSignCert"":13.01340001821518,""dpkiManagementOpenSslIssueExtractPubkey"":8.837799966335297,""dpkiManagementIssueCertificate"":72.28740000724792,""dpkiManagementOpenSslVerifyLeaf"":9.235899984836578,""dpkiManagementLeafAssertionSign"":12.022500038146973,""dpkiManagementLeafAssertionVerify"":9.485699951648712,""dpkiManagementOpenSslVerifyIssuerCA"":9.376900017261505,""dpkiManagementIssuerAssertionSign"":12.120700001716614,""dpkiManagementIssuerAssertionVerify"":9.380400002002716,""dpkiManagementVerifyRepositoryUpdateLocal"":0.005200028419494629,""dpkiManagementBuildMpt"":2.4718000292778015,""dpkiManagementPutCertAndRootTx"":202.09320002794266,""dpkiManagementRepositoryHttpVerify"":4.41839998960495}",1,6671881,0xe535831ad075a2e7ed458e32a7b905925ccdec052d14a11839e0e4870fe1d4d7
0,DPKI,173,management,true,false,309917.2598552741,319505.05835527554,319765.65725529566,260.5989000201225,0,260.5989000201225,-1,0,2,0,"{""dpkiManagementDispatchHttp"":24.04509997367859,""dpkiManagementRelayHttp"":0,""dpkiManagementHttpWindow"":0.5748000144958496,""dpkiManagementOpenSslIssueKeygen"":28.607299983501434,""dpkiManagementOpenSslIssueCsr"":17.746899962425232,""dpkiManagementOpenSslIssueSignCert"":14.096799969673157,""dpkiManagementOpenSslIssueExtractPubkey"":9.060599982738495,""dpkiManagementIssueCertificate"":70.9666000008583,""dpkiManagementOpenSslVerifyLeaf"":9.153599977493286,""dpkiManagementLeafAssertionSign"":17.84299999475479,""dpkiManagementLeafAssertionVerify"":9.167400002479553,""dpkiManagementOpenSslVerifyIssuerCA"":8.609100043773651,""dpkiManagementIssuerAssertionSign"":11.426500022411346,""dpkiManagementIssuerAssertionVerify"":8.871399998664856,""dpkiManagementVerifyRepositoryUpdateLocal"":0.004800021648406982,""dpkiManagementBuildMpt"":2.4490999579429626,""dpkiManagementPutCertAndRootTx"":78.9128999710083,""dpkiManagementRepositoryHttpVerify"":17.793500006198883}",1,6671885,0x80631bd126157dcd1f21ec97890f4c4e11d6b4d0c9f0ca82cab6279432e17886
0,DPKI,174,management,true,false,310232.47411283036,319820.2726128318,320130.54891278525,310.2762999534607,0,310.2762999534607,-1,0,2,0,"{""dpkiManagementDispatchHttp"":2.7764000296592712,""dpkiManagementRelayHttp"":0,""dpkiManagementHttpWindow"":3.6549999713897705,""dpkiManagementOpenSslIssueKeygen"":44.73949998617172,""dpkiManagementOpenSslIssueCsr"":17.50129997730255,""dpkiManagementOpenSslIssueSignCert"":14.175499975681305,""dpkiManagementOpenSslIssueExtractPubkey"":10.484400033950806,""dpkiManagementIssueCertificate"":88.41380000114441,""dpkiManagementOpenSslVerifyLeaf"":9.94300001859665,""dpkiManagementLeafAssertionSign"":13.74949997663498,""dpkiManagementLeafAssertionVerify"":10.05649995803833,""dpkiManagementOpenSslVerifyIssuerCA"":10.087500035762787,""dpkiManagementIssuerAssertionSign"":12.357699990272522,""dpkiManagementIssuerAssertionVerify"":9.128500044345856,""dpkiManagementVerifyRepositoryUpdateLocal"":0.0054000020027160645,""dpkiManagementBuildMpt"":2.308399975299835,""dpkiManagementPutCertAndRootTx"":142.24019998311996,""dpkiManagementRepositoryHttpVerify"":4.75409996509552}",1,6671891,0x486c3e1339a15b3aed2cb700e2f4ce2f896b41be1be398d0862e027a2c8e8bf6
0,DPKI,175,management,true,false,310616.5888769131,320204.38737691456,320450.675176869,246.28779995441437,0,246.28779995441437,-1,0,2,0,"{""dpkiManagementDispatchHttp"":23.675300002098083,""dpkiManagementRelayHttp"":0,""dpkiManagementHttpWindow"":1.6770000457763672,""dpkiManagementOpenSslIssueKeygen"":42.65460002422333,""dpkiManagementOpenSslIssueCsr"":17.672899961471558,""dpkiManagementOpenSslIssueSignCert"":12.99040001630783,""dpkiManagementOpenSslIssueExtractPubkey"":9.477699995040894,""dpkiManagementIssueCertificate"":84.36860001087189,""dpkiManagementOpenSslVerifyLeaf"":9.239000022411346,""dpkiManagementLeafAssertionSign"":13.929899990558624,""dpkiManagementLeafAssertionVerify"":9.867699980735779,""dpkiManagementOpenSslVerifyIssuerCA"":9.401699960231781,""dpkiManagementIssuerAssertionSign"":12.264400005340576,""dpkiManagementIssuerAssertionVerify"":9.08459997177124,""dpkiManagementVerifyRepositoryUpdateLocal"":0.005899965763092041,""dpkiManagementBuildMpt"":2.338699996471405,""dpkiManagementPutCertAndRootTx"":65.4025000333786,""dpkiManagementRepositoryHttpVerify"":4.281000018119812}",1,6671895,0xedf60776457d7be3febe5e257bd12f597705e4132cb1282200ee59994cd49aae
0,DPKI,176,management,true,false,311441.9919993292,321029.7904993306,321288.6685993682,258.87810003757477,0,258.87810003757477,-1,0,2,0,"{""dpkiManagementDispatchHttp"":4.418799996376038,""dpkiManagementRelayHttp"":0,""dpkiManagementHttpWindow"":20.798099994659424,""dpkiManagementOpenSslIssueKeygen"":25.102200031280518,""dpkiManagementOpenSslIssueCsr"":17.661200046539307,""dpkiManagementOpenSslIssueSignCert"":13.568599998950958,""dpkiManagementOpenSslIssueExtractPubkey"":8.80699998140335,""dpkiManagementIssueCertificate"":66.58230000734329,""dpkiManagementOpenSslVerifyLeaf"":8.893899977207184,""dpkiManagementLeafAssertionSign"":11.415300011634827,""dpkiManagementLeafAssertionVerify"":8.996799945831299,""dpkiManagementOpenSslVerifyIssuerCA"":8.854900002479553,""dpkiManagementIssuerAssertionSign"":11.839699983596802,""dpkiManagementIssuerAssertionVerify"":10.833600044250488,""dpkiManagementVerifyRepositoryUpdateLocal"":0.005900025367736816,""dpkiManagementBuildMpt"":2.3528000116348267,""dpkiManagementPutCertAndRootTx"":85.85049998760223,""dpkiManagementRepositoryHttpVerify"":17.275500059127808}",1,6671898,0x4c6fb081407bdfa7d82d22ee40b45e23e98dff9c61b0b4b76ab4420b99a7685f
0,DPKI,177,management,true,false,313493.64220764616,323081.4407076476,323315.70770766714,234.26700001955032,0,234.26700001955032,-1,0,2,0,"{""dpkiManagementDispatchHttp"":11.613200008869171,""dpkiManagementRelayHttp"":0,""dpkiManagementHttpWindow"":3.441600024700165,""dpkiManagementOpenSslIssueKeygen"":43.95030003786087,""dpkiManagementOpenSslIssueCsr"":17.02520000934601,""dpkiManagementOpenSslIssueSignCert"":13.600300014019012,""dpkiManagementOpenSslIssueExtractPubkey"":8.839299976825714,""dpkiManagementIssueCertificate"":84.90859997272491,""dpkiManagementOpenSslVerifyLeaf"":9.595999956130981,""dpkiManagementLeafAssertionSign"":11.314999997615814,""dpkiManagementLeafAssertionVerify"":9.034099996089935,""dpkiManagementOpenSslVerifyIssuerCA"":8.910600006580353,""dpkiManagementIssuerAssertionSign"":11.484600007534027,""dpkiManagementIssuerAssertionVerify"":10.205600023269653,""dpkiManagementVerifyRepositoryUpdateLocal"":0.006399989128112793,""dpkiManagementBuildMpt"":2.2942000031471252,""dpkiManagementPutCertAndRootTx"":66.12270003557205,""dpkiManagementRepositoryHttpVerify"":4.550700008869171}",1,6671903,0x43279f6d5c671042b01d1d2a72e9327b75b78a8d785caf0606fd788cfd7f442d
0,DPKI,178,management,true,false,317068.2029479348,326656.0014479362,326921.5101479494,265.5087000131607,0,265.5087000131607,-1,0,2,0,"{""dpkiManagementDispatchHttp"":0.6643999814987183,""dpkiManagementRelayHttp"":0,""dpkiManagementHttpWindow"":8.425899982452393,""dpkiManagementOpenSslIssueKeygen"":49.557099997997284,""dpkiManagementOpenSslIssueCsr"":17.627900004386902,""dpkiManagementOpenSslIssueSignCert"":13.726099967956543,""dpkiManagementOpenSslIssueExtractPubkey"":9.044000029563904,""dpkiManagementIssueCertificate"":91.56709998846054,""dpkiManagementOpenSslVerifyLeaf"":9.075500011444092,""dpkiManagementLeafAssertionSign"":12.148999989032745,""dpkiManagementLeafAssertionVerify"":9.1492999792099,""dpkiManagementOpenSslVerifyIssuerCA"":9.22630000114441,""dpkiManagementIssuerAssertionSign"":11.876800000667572,""dpkiManagementIssuerAssertionVerify"":9.293600022792816,""dpkiManagementVerifyRepositoryUpdateLocal"":0.0054000020027160645,""dpkiManagementBuildMpt"":3.283399999141693,""dpkiManagementPutCertAndRootTx"":93.10149997472763,""dpkiManagementRepositoryHttpVerify"":6.825900018215179}",1,6671909,0xaf4d87e68ccdfb329d1eb8f41205403f39a2434fd0b9672a572b7a177f9530b4
0,DPKI,179,management,true,false,317472.25708176586,327060.0555817673,327303.3940817902,243.33850002288818,0,243.33850002288818,-1,0,2,0,"{""dpkiManagementDispatchHttp"":6.796099960803986,""dpkiManagementRelayHttp"":0,""dpkiManagementHttpWindow"":0.9783000349998474,""dpkiManagementOpenSslIssueKeygen"":37.217599987983704,""dpkiManagementOpenSslIssueCsr"":17.59610003232956,""dpkiManagementOpenSslIssueSignCert"":13.25519996881485,""dpkiManagementOpenSslIssueExtractPubkey"":8.382799983024597,""dpkiManagementIssueCertificate"":78.34700000286102,""dpkiManagementOpenSslVerifyLeaf"":9.544299960136414,""dpkiManagementLeafAssertionSign"":12.009600043296814,""dpkiManagementLeafAssertionVerify"":9.008400022983551,""dpkiManagementOpenSslVerifyIssuerCA"":9.185099959373474,""dpkiManagementIssuerAssertionSign"":12.452699959278107,""dpkiManagementIssuerAssertionVerify"":9.16210001707077,""dpkiManagementVerifyRepositoryUpdateLocal"":0.005900025367736816,""dpkiManagementBuildMpt"":2.4280999898910522,""dpkiManagementPutCertAndRootTx"":74.94879996776581,""dpkiManagementRepositoryHttpVerify"":17.730499982833862}",1,6671914,0x0854d0215c28e5706a95497290df9529c1d9a7e70eed4f871f86d19f59381029
0,DPKI,180,management,true,false,321015.5310693854,330603.32956938684,330850.33236937464,247.00279998779297,0,247.00279998779297,-1,0,2,0,"{""dpkiManagementDispatchHttp"":4.452499985694885,""dpkiManagementRelayHttp"":0,""dpkiManagementHttpWindow"":7.119300007820129,""dpkiManagementOpenSslIssueKeygen"":29.646399974822998,""dpkiManagementOpenSslIssueCsr"":18.13340002298355,""dpkiManagementOpenSslIssueSignCert"":15.246800005435944,""dpkiManagementOpenSslIssueExtractPubkey"":9.480400025844574,""dpkiManagementIssueCertificate"":73.90979999303818,""dpkiManagementOpenSslVerifyLeaf"":9.444500029087067,""dpkiManagementLeafAssertionSign"":11.411900043487549,""dpkiManagementLeafAssertionVerify"":9.596800029277802,""dpkiManagementOpenSslVerifyIssuerCA"":9.02889996767044,""dpkiManagementIssuerAssertionSign"":12.21289998292923,""dpkiManagementIssuerAssertionVerify"":9.713600039482117,""dpkiManagementVerifyRepositoryUpdateLocal"":0.0054000020027160645,""dpkiManagementBuildMpt"":3.1212000250816345,""dpkiManagementPutCertAndRootTx"":92.09889996051788,""dpkiManagementRepositoryHttpVerify"":4.108599960803986}",1,6671919,0x6efa3aafd5caef36878e3780434eabcd701537af9142921dc88c7fa11bcda1df
0,DPKI,181,management,true,false,321812.99230902444,331400.7908090259,331661.09260903846,260.3018000125885,0,260.3018000125885,-1,0,2,0,"{""dpkiManagementDispatchHttp"":2.6406999826431274,""dpkiManagementRelayHttp"":0,""dpkiManagementHttpWindow"":4.162400007247925,""dpkiManagementOpenSslIssueKeygen"":35.66549998521805,""dpkiManagementOpenSslIssueCsr"":17.32119995355606,""dpkiManagementOpenSslIssueSignCert"":14.038100004196167,""dpkiManagementOpenSslIssueExtractPubkey"":8.989600002765656,""dpkiManagementIssueCertificate"":78.15279996395111,""dpkiManagementOpenSslVerifyLeaf"":9.130299985408783,""dpkiManagementLeafAssertionSign"":12.13400000333786,""dpkiManagementLeafAssertionVerify"":9.128500044345856,""dpkiManagementOpenSslVerifyIssuerCA"":8.976399958133698,""dpkiManagementIssuerAssertionSign"":12.127900004386902,""dpkiManagementIssuerAssertionVerify"":9.365399956703186,""dpkiManagementVerifyRepositoryUpdateLocal"":0.0054000020027160645,""dpkiManagementBuildMpt"":2.3330000042915344,""dpkiManagementPutCertAndRootTx"":94.47560000419617,""dpkiManagementRepositoryHttpVerify"":16.74940001964569}",1,6671925,0x58cbe937ef477d8e54b7002fcebb1db98f41723f566974be0b882222ce4b0415
0,DPKI,182,management,true,false,323374.81301308854,332962.61151308997,333183.21651310904,220.6050000190735,0,220.6050000190735,-1,0,2,0,"{""dpkiManagementDispatchHttp"":4.508900046348572,""dpkiManagementRelayHttp"":0,""dpkiManagementHttpWindow"":5.211300015449524,""dpkiManagementOpenSslIssueKeygen"":28.049700021743774,""dpkiManagementOpenSslIssueCsr"":17.442799985408783,""dpkiManagementOpenSslIssueSignCert"":13.63840001821518,""dpkiManagementOpenSslIssueExtractPubkey"":9.367500007152557,""dpkiManagementIssueCertificate"":69.95929998159409,""dpkiManagementOpenSslVerifyLeaf"":9.026000022888184,""dpkiManagementLeafAssertionSign"":11.27290004491806,""dpkiManagementLeafAssertionVerify"":9.338499963283539,""dpkiManagementOpenSslVerifyIssuerCA"":8.586300015449524,""dpkiManagementIssuerAssertionSign"":11.492500007152557,""dpkiManagementIssuerAssertionVerify"":9.264400005340576,""dpkiManagementVerifyRepositoryUpdateLocal"":0.006099998950958252,""dpkiManagementBuildMpt"":2.4688000082969666,""dpkiManagementPutCertAndRootTx"":71.03710001707077,""dpkiManagementRepositoryHttpVerify"":7.7085999846458435}",1,6671929,0x9bf66e0fc0f08af8b308f125280d657bac708ba25b710dd8e406f4d675880af0
0,DPKI,183,management,true,false,326580.07994802773,336167.87844802917,336412.924448033,245.0460000038147,0,245.0460000038147,-1,0,2,0,"{""dpkiManagementDispatchHttp"":21.7989000082016,""dpkiManagementRelayHttp"":0,""dpkiManagementHttpWindow"":14.988600015640259,""dpkiManagementOpenSslIssueKeygen"":29.909600019454956,""dpkiManagementOpenSslIssueCsr"":17.725099980831146,""dpkiManagementOpenSslIssueSignCert"":13.491099953651428,""dpkiManagementOpenSslIssueExtractPubkey"":8.932500004768372,""dpkiManagementIssueCertificate"":71.46149998903275,""dpkiManagementOpenSslVerifyLeaf"":9.78030002117157,""dpkiManagementLeafAssertionSign"":13.012199997901917,""dpkiManagementLeafAssertionVerify"":15.033500015735626,""dpkiManagementOpenSslVerifyIssuerCA"":9.522500038146973,""dpkiManagementIssuerAssertionSign"":12.03169995546341,""dpkiManagementIssuerAssertionVerify"":8.958399951457977,""dpkiManagementVerifyRepositoryUpdateLocal"":0.005200028419494629,""dpkiManagementBuildMpt"":2.3294000029563904,""dpkiManagementPutCertAndRootTx"":58.10000002384186,""dpkiManagementRepositoryHttpVerify"":7.245700001716614}",1,6671934,0xfe226fa61ce9c170b5b1b161c8d6b71f93cff0198d03d662462c1a306bbd11f6
0,DPKI,184,management,true,false,327712.1784743495,337299.9769743509,337592.1362743206,292.15929996967316,0,292.15929996967316,-1,0,2,0,"{""dpkiManagementDispatchHttp"":22.151600003242493,""dpkiManagementRelayHttp"":0,""dpkiManagementHttpWindow"":4.151800036430359,""dpkiManagementOpenSslIssueKeygen"":55.39200001955032,""dpkiManagementOpenSslIssueCsr"":17.19209998846054,""dpkiManagementOpenSslIssueSignCert"":13.883100032806396,""dpkiManagementOpenSslIssueExtractPubkey"":9.514999985694885,""dpkiManagementIssueCertificate"":97.42470002174377,""dpkiManagementOpenSslVerifyLeaf"":9.030600011348724,""dpkiManagementLeafAssertionSign"":12.014100015163422,""dpkiManagementLeafAssertionVerify"":9.787299990653992,""dpkiManagementOpenSslVerifyIssuerCA"":9.383799970149994,""dpkiManagementIssuerAssertionSign"":12.417300045490265,""dpkiManagementIssuerAssertionVerify"":9.749599993228912,""dpkiManagementVerifyRepositoryUpdateLocal"":0.005900025367736816,""dpkiManagementBuildMpt"":2.34280002117157,""dpkiManagementPutCertAndRootTx"":95.69840002059937,""dpkiManagementRepositoryHttpVerify"":7.204200029373169}",1,6671939,0x24e126f742d77fa9f151fc0fc2c9fe94d016e024ddb43b371212ee002b91c16b
0,DPKI,185,management,true,false,328814.34274990123,338402.14124990266,338635.5215498881,233.38029998540878,0,233.38029998540878,-1,0,2,0,"{""dpkiManagementDispatchHttp"":2.0224000215530396,""dpkiManagementRelayHttp"":0,""dpkiManagementHttpWindow"":1.517300009727478,""dpkiManagementOpenSslIssueKeygen"":19.51469999551773,""dpkiManagementOpenSslIssueCsr"":17.26220005750656,""dpkiManagementOpenSslIssueSignCert"":13.469399988651276,""dpkiManagementOpenSslIssueExtractPubkey"":9.312100052833557,""dpkiManagementIssueCertificate"":61.1628999710083,""dpkiManagementOpenSslVerifyLeaf"":9.708999991416931,""dpkiManagementLeafAssertionSign"":14.460600018501282,""dpkiManagementLeafAssertionVerify"":9.237300038337708,""dpkiManagementOpenSslVerifyIssuerCA"":9.48630005121231,""dpkiManagementIssuerAssertionSign"":13.765300035476685,""dpkiManagementIssuerAssertionVerify"":9.922300040721893,""dpkiManagementVerifyRepositoryUpdateLocal"":0.005899965763092041,""dpkiManagementBuildMpt"":2.3949000239372253,""dpkiManagementPutCertAndRootTx"":91.41219997406006,""dpkiManagementRepositoryHttpVerify"":7.5561999678611755}",1,6671945,0x372f51028f4a9632df4426030d396732c9adfd4500a4f21fc9809206195a887b
0,DPKI,186,management,true,false,331327.57142417383,340915.36992417526,341140.4428241725,225.07289999723434,0,225.07289999723434,-1,0,2,0,"{""dpkiManagementDispatchHttp"":20.322999954223633,""dpkiManagementRelayHttp"":0,""dpkiManagementHttpWindow"":2.1859999895095825,""dpkiManagementOpenSslIssueKeygen"":38.347100019454956,""dpkiManagementOpenSslIssueCsr"":17.74650001525879,""dpkiManagementOpenSslIssueSignCert"":13.592399954795837,""dpkiManagementOpenSslIssueExtractPubkey"":9.359300017356873,""dpkiManagementIssueCertificate"":80.533999979496,""dpkiManagementOpenSslVerifyLeaf"":9.262500047683716,""dpkiManagementLeafAssertionSign"":11.6317999958992,""dpkiManagementLeafAssertionVerify"":9.330099999904633,""dpkiManagementOpenSslVerifyIssuerCA"":8.648499965667725,""dpkiManagementIssuerAssertionSign"":12.33160001039505,""dpkiManagementIssuerAssertionVerify"":9.64079999923706,""dpkiManagementVerifyRepositoryUpdateLocal"":0.006200015544891357,""dpkiManagementBuildMpt"":2.9624000191688538,""dpkiManagementPutCertAndRootTx"":41.021000027656555,""dpkiManagementRepositoryHttpVerify"":16.439300000667572}",1,6671949,0xc797eb63d0ec0b85d962ed93621263ac11b22499e9b114eda608e5477e6a4084
0,DPKI,187,management,true,false,333744.2132999496,343332.011799951,343581.4342999057,249.42249995470047,0,249.42249995470047,-1,0,2,0,"{""dpkiManagementDispatchHttp"":26.851700007915497,""dpkiManagementRelayHttp"":0,""dpkiManagementHttpWindow"":2.962000012397766,""dpkiManagementOpenSslIssueKeygen"":27.785999953746796,""dpkiManagementOpenSslIssueCsr"":18.088699996471405,""dpkiManagementOpenSslIssueSignCert"":14.46289998292923,""dpkiManagementOpenSslIssueExtractPubkey"":8.845899999141693,""dpkiManagementIssueCertificate"":70.61599999666214,""dpkiManagementOpenSslVerifyLeaf"":9.273899972438812,""dpkiManagementLeafAssertionSign"":12.434599995613098,""dpkiManagementLeafAssertionVerify"":9.30299997329712,""dpkiManagementOpenSslVerifyIssuerCA"":9.48690003156662,""dpkiManagementIssuerAssertionSign"":12.71019995212555,""dpkiManagementIssuerAssertionVerify"":9.434300005435944,""dpkiManagementVerifyRepositoryUpdateLocal"":0.0051000118255615234,""dpkiManagementBuildMpt"":3.225600004196167,""dpkiManagementPutCertAndRootTx"":78.38480001688004,""dpkiManagementRepositoryHttpVerify"":4.009899973869324}",1,6671955,0xb0b93802b0f24dc8d73e5b12666f945cacd7c7bbd22ee71c6e60cbcc8391998a
0,DPKI,188,management,true,false,335348.8278476942,344936.62634769565,345167.7259476531,231.09959995746613,0,231.09959995746613,-1,0,2,0,"{""dpkiManagementDispatchHttp"":1.703599989414215,""dpkiManagementRelayHttp"":0,""dpkiManagementHttpWindow"":2.7815000414848328,""dpkiManagementOpenSslIssueKeygen"":53.1182000041008,""dpkiManagementOpenSslIssueCsr"":17.965999960899353,""dpkiManagementOpenSslIssueSignCert"":14.279799997806549,""dpkiManagementOpenSslIssueExtractPubkey"":9.522499978542328,""dpkiManagementIssueCertificate"":96.41380000114441,""dpkiManagementOpenSslVerifyLeaf"":10.203000009059906,""dpkiManagementLeafAssertionSign"":14.905499994754791,""dpkiManagementLeafAssertionVerify"":10.032299995422363,""dpkiManagementOpenSslVerifyIssuerCA"":10.280600011348724,""dpkiManagementIssuerAssertionSign"":13.045199990272522,""dpkiManagementIssuerAssertionVerify"":10.279300034046173,""dpkiManagementVerifyRepositoryUpdateLocal"":0.005300045013427734,""dpkiManagementBuildMpt"":3.389900028705597,""dpkiManagementPutCertAndRootTx"":53.37540000677109,""dpkiManagementRepositoryHttpVerify"":3.874500036239624}",1,6671960,0xf733cb849e0fec64ccdfd89c27c39941a84ef48e9a6347c52cefc86747d34f72
0,DPKI,189,management,true,false,335639.98989956046,345227.7883995619,345489.74389956857,261.9555000066757,0,261.9555000066757,-1,0,2,0,"{""dpkiManagementDispatchHttp"":9.254700005054474,""dpkiManagementRelayHttp"":0,""dpkiManagementHttpWindow"":14.925699949264526,""dpkiManagementOpenSslIssueKeygen"":39.212599992752075,""dpkiManagementOpenSslIssueCsr"":17.645400047302246,""dpkiManagementOpenSslIssueSignCert"":13.218799948692322,""dpkiManagementOpenSslIssueExtractPubkey"":8.63840001821518,""dpkiManagementIssueCertificate"":80.31220000982285,""dpkiManagementOpenSslVerifyLeaf"":9.325500011444092,""dpkiManagementLeafAssertionSign"":12.445500016212463,""dpkiManagementLeafAssertionVerify"":9.387500047683716,""dpkiManagementOpenSslVerifyIssuerCA"":9.316399991512299,""dpkiManagementIssuerAssertionSign"":12.13320004940033,""dpkiManagementIssuerAssertionVerify"":11.277900040149689,""dpkiManagementVerifyRepositoryUpdateLocal"":0.0054999589920043945,""dpkiManagementBuildMpt"":2.3165000081062317,""dpkiManagementPutCertAndRootTx"":72.92120003700256,""dpkiManagementRepositoryHttpVerify"":17.572700023651123}",1,6671963,0xa0ef7a7e43f11749854cd98c44cbdaef5ff9861f3171ebb3bca5e8374c3abf00
0,DPKI,190,management,true,false,338042.10512023675,347629.9036202382,347897.1956202339,267.29199999570847,0,267.29199999570847,-1,0,2,0,"{""dpkiManagementDispatchHttp"":26.60310000181198,""dpkiManagementRelayHttp"":0,""dpkiManagementHttpWindow"":15.809000015258789,""dpkiManagementOpenSslIssueKeygen"":46.06300002336502,""dpkiManagementOpenSslIssueCsr"":17.609099984169006,""dpkiManagementOpenSslIssueSignCert"":12.87229996919632,""dpkiManagementOpenSslIssueExtractPubkey"":9.243900001049042,""dpkiManagementIssueCertificate"":87.24829995632172,""dpkiManagementOpenSslVerifyLeaf"":9.310699999332428,""dpkiManagementLeafAssertionSign"":12.478999972343445,""dpkiManagementLeafAssertionVerify"":9.377399981021881,""dpkiManagementOpenSslVerifyIssuerCA"":9.371099948883057,""dpkiManagementIssuerAssertionSign"":11.833100020885468,""dpkiManagementIssuerAssertionVerify"":8.943399965763092,""dpkiManagementVerifyRepositoryUpdateLocal"":0.0054999589920043945,""dpkiManagementBuildMpt"":2.490899980068207,""dpkiManagementPutCertAndRootTx"":66.92799997329712,""dpkiManagementRepositoryHttpVerify"":5.9896000027656555}",1,6671968,0x42c90069ed292448ddba7082ccc8253d6fd598cd4298e08ab354fddc3865cf2a
0,DPKI,191,management,true,false,341047.07742224535,350634.8759222468,350862.0508222421,227.174899995327,0,227.174899995327,-1,0,2,0,"{""dpkiManagementDispatchHttp"":9.758799970149994,""dpkiManagementRelayHttp"":0,""dpkiManagementHttpWindow"":12.156599998474121,""dpkiManagementOpenSslIssueKeygen"":56.423000037670135,""dpkiManagementOpenSslIssueCsr"":17.346000015735626,""dpkiManagementOpenSslIssueSignCert"":13.872200012207031,""dpkiManagementOpenSslIssueExtractPubkey"":9.076399981975555,""dpkiManagementIssueCertificate"":98.13559997081757,""dpkiManagementOpenSslVerifyLeaf"":8.808899998664856,""dpkiManagementLeafAssertionSign"":11.564000010490417,""dpkiManagementLeafAssertionVerify"":8.868800044059753,""dpkiManagementOpenSslVerifyIssuerCA"":8.643800020217896,""dpkiManagementIssuerAssertionSign"":11.537900030612946,""dpkiManagementIssuerAssertionVerify"":9.424199998378754,""dpkiManagementVerifyRepositoryUpdateLocal"":0.0054000020027160645,""dpkiManagementBuildMpt"":2.354700028896332,""dpkiManagementPutCertAndRootTx"":41.636800050735474,""dpkiManagementRepositoryHttpVerify"":3.406499981880188}",1,6671974,0x265ff68801384f20e2ade123fc23217536ce367d05244f4616dce4a2996572be
0,DPKI,192,management,true,false,344028.63616119977,353616.4346612012,353867.831661216,251.39700001478195,0,251.39700001478195,-1,0,2,0,"{""dpkiManagementDispatchHttp"":2.1570000052452087,""dpkiManagementRelayHttp"":0,""dpkiManagementHttpWindow"":0.13229995965957642,""dpkiManagementOpenSslIssueKeygen"":24.53600001335144,""dpkiManagementOpenSslIssueCsr"":17.52999997138977,""dpkiManagementOpenSslIssueSignCert"":13.201399981975555,""dpkiManagementOpenSslIssueExtractPubkey"":8.946900010108948,""dpkiManagementIssueCertificate"":65.67040002346039,""dpkiManagementOpenSslVerifyLeaf"":9.341300010681152,""dpkiManagementLeafAssertionSign"":12.321799993515015,""dpkiManagementLeafAssertionVerify"":9.564000010490417,""dpkiManagementOpenSslVerifyIssuerCA"":13.832599997520447,""dpkiManagementIssuerAssertionSign"":11.898299992084503,""dpkiManagementIssuerAssertionVerify"":8.914900004863739,""dpkiManagementVerifyRepositoryUpdateLocal"":0.0056999921798706055,""dpkiManagementBuildMpt"":2.387399971485138,""dpkiManagementPutCertAndRootTx"":105.54830002784729,""dpkiManagementRepositoryHttpVerify"":8.783199965953827}",1,6671977,0xf6a552d571604e4e5058b6649661c1888bc46544034a690d0a26e8bab29ccfbf
0,DPKI,193,management,true,false,350409.8450327979,359997.6435327993,360225.0675328241,227.42400002479553,0,227.42400002479553,-1,0,2,0,"{""dpkiManagementDispatchHttp"":20.25220000743866,""dpkiManagementRelayHttp"":0,""dpkiManagementHttpWindow"":0.15070003271102905,""dpkiManagementOpenSslIssueKeygen"":36.378000020980835,""dpkiManagementOpenSslIssueCsr"":16.843200027942657,""dpkiManagementOpenSslIssueSignCert"":13.247600018978119,""dpkiManagementOpenSslIssueExtractPubkey"":8.837599992752075,""dpkiManagementIssueCertificate"":76.83640003204346,""dpkiManagementOpenSslVerifyLeaf"":9.448500037193298,""dpkiManagementLeafAssertionSign"":11.84799998998642,""dpkiManagementLeafAssertionVerify"":8.81520003080368,""dpkiManagementOpenSslVerifyIssuerCA"":8.94300001859665,""dpkiManagementIssuerAssertionSign"":11.441600024700165,""dpkiManagementIssuerAssertionVerify"":9.098699986934662,""dpkiManagementVerifyRepositoryUpdateLocal"":0.004799962043762207,""dpkiManagementBuildMpt"":2.329599976539612,""dpkiManagementPutCertAndRootTx"":63.05649995803833,""dpkiManagementRepositoryHttpVerify"":4.384299993515015}",1,6671983,0x0ae8a4bcd18686702e34dca6fd46ee52f561aae7518a0de97d6f5a1077fc6fd7
0,DPKI,194,management,true,false,353220.99486789404,362808.7933678955,363041.231767866,232.43839997053146,0,232.43839997053146,-1,0,2,0,"{""dpkiManagementDispatchHttp"":4.214200019836426,""dpkiManagementRelayHttp"":0,""dpkiManagementHttpWindow"":20.678200006484985,""dpkiManagementOpenSslIssueKeygen"":35.27319997549057,""dpkiManagementOpenSslIssueCsr"":16.695800006389618,""dpkiManagementOpenSslIssueSignCert"":12.960600018501282,""dpkiManagementOpenSslIssueExtractPubkey"":8.902399957180023,""dpkiManagementIssueCertificate"":75.23530000448227,""dpkiManagementOpenSslVerifyLeaf"":9.10640001296997,""dpkiManagementLeafAssertionSign"":11.885800004005432,""dpkiManagementLeafAssertionVerify"":9.462999999523163,""dpkiManagementOpenSslVerifyIssuerCA"":9.430800020694733,""dpkiManagementIssuerAssertionSign"":12.936800003051758,""dpkiManagementIssuerAssertionVerify"":9.692600011825562,""dpkiManagementVerifyRepositoryUpdateLocal"":0.0051999688148498535,""dpkiManagementBuildMpt"":3.0478000044822693,""dpkiManagementPutCertAndRootTx"":62.46380001306534,""dpkiManagementRepositoryHttpVerify"":3.4901000261306763}",1,6671987,0x5d12de0e73005f1661e449c5b9772ff441194c976e700eb964c4ac1bb30a5768
0,DPKI,195,management,true,false,357178.74444493384,366766.54294493527,367016.73454495997,250.19160002470016,0,250.19160002470016,-1,0,2,0,"{""dpkiManagementDispatchHttp"":9.465799987316132,""dpkiManagementRelayHttp"":0,""dpkiManagementHttpWindow"":14.938899993896484,""dpkiManagementOpenSslIssueKeygen"":38.212400019168854,""dpkiManagementOpenSslIssueCsr"":17.168500006198883,""dpkiManagementOpenSslIssueSignCert"":13.523900032043457,""dpkiManagementOpenSslIssueExtractPubkey"":9.229699969291687,""dpkiManagementIssueCertificate"":79.56410002708435,""dpkiManagementOpenSslVerifyLeaf"":10.069999992847443,""dpkiManagementLeafAssertionSign"":12.64379996061325,""dpkiManagementLeafAssertionVerify"":9.064999997615814,""dpkiManagementOpenSslVerifyIssuerCA"":9.134299993515015,""dpkiManagementIssuerAssertionSign"":11.715300023555756,""dpkiManagementIssuerAssertionVerify"":8.828499972820282,""dpkiManagementVerifyRepositoryUpdateLocal"":0.0051000118255615234,""dpkiManagementBuildMpt"":2.5655999779701233,""dpkiManagementPutCertAndRootTx"":72.50440001487732,""dpkiManagementRepositoryHttpVerify"":8.938499987125397}",1,6671991,0x08ef151c086a558630696f16de28584649d8f51e916372fc36b3b23e8185e23a
0,DPKI,196,management,true,false,359827.6594985761,369415.4579985775,369721.4250986017,305.9671000242233,0,305.9671000242233,-1,0,2,0,"{""dpkiManagementDispatchHttp"":35.15669995546341,""dpkiManagementRelayHttp"":0,""dpkiManagementHttpWindow"":3.7014000415802,""dpkiManagementOpenSslIssueKeygen"":27.718499958515167,""dpkiManagementOpenSslIssueCsr"":17.231299996376038,""dpkiManagementOpenSslIssueSignCert"":13.099700033664703,""dpkiManagementOpenSslIssueExtractPubkey"":9.198199987411499,""dpkiManagementIssueCertificate"":68.66369998455048,""dpkiManagementOpenSslVerifyLeaf"":9.655099987983704,""dpkiManagementLeafAssertionSign"":12.352699995040894,""dpkiManagementLeafAssertionVerify"":9.356800019741058,""dpkiManagementOpenSslVerifyIssuerCA"":9.550400018692017,""dpkiManagementIssuerAssertionSign"":11.729399979114532,""dpkiManagementIssuerAssertionVerify"":8.939400017261505,""dpkiManagementVerifyRepositoryUpdateLocal"":0.006099998950958252,""dpkiManagementBuildMpt"":3.0349000096321106,""dpkiManagementPutCertAndRootTx"":127.17869997024536,""dpkiManagementRepositoryHttpVerify"":5.652300000190735}",1,6671997,0xafed3d4414a2c7435b32c45718f2fea220122156cedb9f661444c338d5489fbe
0,DPKI,197,management,true,false,359869.080455668,369456.8789556694,369815.5818985738,358.70294290437596,85.75774287834065,272.9452000260353,-1,0,2,0,"{""dpkiManagementDispatchHttp"":2.9398000240325928,""dpkiManagementRelayHttp"":0,""dpkiManagementHttpWindow"":3.098800003528595,""dpkiManagementOpenSslIssueKeygen"":16.65429997444153,""dpkiManagementOpenSslIssueCsr"":17.33770000934601,""dpkiManagementOpenSslIssueSignCert"":12.96230000257492,""dpkiManagementOpenSslIssueExtractPubkey"":8.635300040245056,""dpkiManagementIssueCertificate"":57.30680000782013,""dpkiManagementOpenSslVerifyLeaf"":9.47819995880127,""dpkiManagementLeafAssertionSign"":12.44379997253418,""dpkiManagementLeafAssertionVerify"":9.419600009918213,""dpkiManagementOpenSslVerifyIssuerCA"":9.568300008773804,""dpkiManagementIssuerAssertionSign"":11.666400015354156,""dpkiManagementIssuerAssertionVerify"":9.037400007247925,""dpkiManagementVerifyRepositoryUpdateLocal"":0.004999995231628418,""dpkiManagementBuildMpt"":2.344600021839142,""dpkiManagementPutCertAndRootTx"":128.02380001544952,""dpkiManagementRepositoryHttpVerify"":16.904600024223328}",1,6672001,0x784917b71274b02b5b0952fafa7478a90f42769200876088fde6485f928b9f14
0,DPKI,198,management,true,false,360410.4391440707,369998.23764407216,370245.0698440629,246.83219999074936,0,246.83219999074936,-1,0,2,0,"{""dpkiManagementDispatchHttp"":12.02369999885559,""dpkiManagementRelayHttp"":0,""dpkiManagementHttpWindow"":1.0285000205039978,""dpkiManagementOpenSslIssueKeygen"":46.36370003223419,""dpkiManagementOpenSslIssueCsr"":17.585799992084503,""dpkiManagementOpenSslIssueSignCert"":13.493000030517578,""dpkiManagementOpenSslIssueExtractPubkey"":8.981199979782104,""dpkiManagementIssueCertificate"":87.84139996767044,""dpkiManagementOpenSslVerifyLeaf"":9.49099999666214,""dpkiManagementLeafAssertionSign"":11.823499977588654,""dpkiManagementLeafAssertionVerify"":9.506399989128113,""dpkiManagementOpenSslVerifyIssuerCA"":9.295799970626831,""dpkiManagementIssuerAssertionSign"":11.989400029182434,""dpkiManagementIssuerAssertionVerify"":9.70119994878769,""dpkiManagementVerifyRepositoryUpdateLocal"":0.006700038909912109,""dpkiManagementBuildMpt"":2.3324000239372253,""dpkiManagementPutCertAndRootTx"":64.05699998140335,""dpkiManagementRepositoryHttpVerify"":16.963599979877472}",1,6672007,0xcca6620e7206d9f5cf79e2187a76b5076c9ee62f6c50df24875dad3d8739ead8
0,DPKI,199,management,true,false,365366.4898715672,374954.2883715686,375160.14497161476,205.85660004615784,0,205.85660004615784,-1,0,2,0,"{""dpkiManagementDispatchHttp"":3.124399960041046,""dpkiManagementRelayHttp"":0,""dpkiManagementHttpWindow"":5.522800028324127,""dpkiManagementOpenSslIssueKeygen"":41.90569996833801,""dpkiManagementOpenSslIssueCsr"":16.951999962329865,""dpkiManagementOpenSslIssueSignCert"":13.541000008583069,""dpkiManagementOpenSslIssueExtractPubkey"":9.103399991989136,""dpkiManagementIssueCertificate"":82.94190001487732,""dpkiManagementOpenSslVerifyLeaf"":9.135300040245056,""dpkiManagementLeafAssertionSign"":12.944799959659576,""dpkiManagementLeafAssertionVerify"":9.314000010490417,""dpkiManagementOpenSslVerifyIssuerCA"":9.53549998998642,""dpkiManagementIssuerAssertionSign"":11.901600003242493,""dpkiManagementIssuerAssertionVerify"":9.18800002336502,""dpkiManagementVerifyRepositoryUpdateLocal"":0.0055999755859375,""dpkiManagementBuildMpt"":2.3050000071525574,""dpkiManagementPutCertAndRootTx"":43.823099970817566,""dpkiManagementRepositoryHttpVerify"":5.39190000295639}",1,6672013,0xfc9d2f8b5d3f19d11fa62adf253ac6f51bf69cfd296e52f9689d3464088a7b1f
0,DPKI,200,management,true,false,368860.5709588356,378448.369458837,378712.4937588401,264.12430000305176,0,264.12430000305176,-1,0,2,0,"{""dpkiManagementDispatchHttp"":0.07420003414154053,""dpkiManagementRelayHttp"":0,""dpkiManagementHttpWindow"":5.47790002822876,""dpkiManagementOpenSslIssueKeygen"":29.349500000476837,""dpkiManagementOpenSslIssueCsr"":17.441299974918365,""dpkiManagementOpenSslIssueSignCert"":13.13239997625351,""dpkiManagementOpenSslIssueExtractPubkey"":9.069100022315979,""dpkiManagementIssueCertificate"":70.56340003013611,""dpkiManagementOpenSslVerifyLeaf"":9.175800025463104,""dpkiManagementLeafAssertionSign"":12.33730000257492,""dpkiManagementLeafAssertionVerify"":9.749399960041046,""dpkiManagementOpenSslVerifyIssuerCA"":9.424700021743774,""dpkiManagementIssuerAssertionSign"":11.957599997520447,""dpkiManagementIssuerAssertionVerify"":9.768899977207184,""dpkiManagementVerifyRepositoryUpdateLocal"":0.006600022315979004,""dpkiManagementBuildMpt"":2.8927000164985657,""dpkiManagementPutCertAndRootTx"":115.64779996871948,""dpkiManagementRepositoryHttpVerify"":6.167999982833862}",1,6672018,0xce003362d7500000ce661572fa83779962fd22ba8d2a1a79c8ab17909935eb90
0,DPKI,201,management,true,false,370885.77949756855,380473.57799757,380730.2068975615,256.6288999915123,0,256.6288999915123,-1,0,2,0,"{""dpkiManagementDispatchHttp"":7.216799974441528,""dpkiManagementRelayHttp"":0,""dpkiManagementHttpWindow"":5.7497000098228455,""dpkiManagementOpenSslIssueKeygen"":70.041100025177,""dpkiManagementOpenSslIssueCsr"":21.59260004758835,""dpkiManagementOpenSslIssueSignCert"":16.5203999876976,""dpkiManagementOpenSslIssueExtractPubkey"":11.637400031089783,""dpkiManagementIssueCertificate"":121.228600025177,""dpkiManagementOpenSslVerifyLeaf"":9.622099995613098,""dpkiManagementLeafAssertionSign"":12.031700015068054,""dpkiManagementLeafAssertionVerify"":9.673100054264069,""dpkiManagementOpenSslVerifyIssuerCA"":8.958799958229065,""dpkiManagementIssuerAssertionSign"":11.642899990081787,""dpkiManagementIssuerAssertionVerify"":9.526100039482117,""dpkiManagementVerifyRepositoryUpdateLocal"":0.00550001859664917,""dpkiManagementBuildMpt"":2.385200023651123,""dpkiManagementPutCertAndRootTx"":40.10230004787445,""dpkiManagementRepositoryHttpVerify"":17.730199992656708}",1,6672025,0xb32c87f3feb48b2a5c4d75291035fcfdc0acc89ce4860e5c8ba8ac0587bda131
0,DPKI,202,management,true,false,381768.0604199171,391355.85891991854,391588.1215199232,232.262600004673,0,232.262600004673,-1,0,2,0,"{""dpkiManagementDispatchHttp"":0.7556999921798706,""dpkiManagementRelayHttp"":0,""dpkiManagementHttpWindow"":3.460599958896637,""dpkiManagementOpenSslIssueKeygen"":21.24540001153946,""dpkiManagementOpenSslIssueCsr"":17.570000052452087,""dpkiManagementOpenSslIssueSignCert"":13.097499966621399,""dpkiManagementOpenSslIssueExtractPubkey"":8.782000005245209,""dpkiManagementIssueCertificate"":62.167300045490265,""dpkiManagementOpenSslVerifyLeaf"":9.64410001039505,""dpkiManagementLeafAssertionSign"":11.790499985218048,""dpkiManagementLeafAssertionVerify"":8.611199975013733,""dpkiManagementOpenSslVerifyIssuerCA"":8.916599988937378,""dpkiManagementIssuerAssertionSign"":11.47979998588562,""dpkiManagementIssuerAssertionVerify"":8.861800014972687,""dpkiManagementVerifyRepositoryUpdateLocal"":0.007200002670288086,""dpkiManagementBuildMpt"":2.3948999643325806,""dpkiManagementPutCertAndRootTx"":85.22779995203018,""dpkiManagementRepositoryHttpVerify"":18.125800013542175}",1,6672030,0x6669ff5cdac1d44dafac716ea1f57765b96ecf897427bbc9f430e3c155ddc783
0,DPKI,203,management,true,false,381974.9692793038,391562.7677793052,391792.6296793368,229.86190003156662,0,229.86190003156662,-1,0,2,0,"{""dpkiManagementDispatchHttp"":10.10019999742508,""dpkiManagementRelayHttp"":0,""dpkiManagementHttpWindow"":3.671299993991852,""dpkiManagementOpenSslIssueKeygen"":35.68630003929138,""dpkiManagementOpenSslIssueCsr"":17.239799976348877,""dpkiManagementOpenSslIssueSignCert"":13.587799966335297,""dpkiManagementOpenSslIssueExtractPubkey"":9.100800037384033,""dpkiManagementIssueCertificate"":77.05210000276566,""dpkiManagementOpenSslVerifyLeaf"":8.860000014305115,""dpkiManagementLeafAssertionSign"":11.897599995136261,""dpkiManagementLeafAssertionVerify"":9.631099998950958,""dpkiManagementOpenSslVerifyIssuerCA"":8.991100013256073,""dpkiManagementIssuerAssertionSign"":12.330399990081787,""dpkiManagementIssuerAssertionVerify"":9.49700003862381,""dpkiManagementVerifyRepositoryUpdateLocal"":0.005900025367736816,""dpkiManagementBuildMpt"":2.3810999989509583,""dpkiManagementPutCertAndRootTx"":57.204100012779236,""dpkiManagementRepositoryHttpVerify"":17.51230001449585}",1,6672035,0x2afb42db0df0cc35edb9ad3afbfa3763d16e66b1fe8681641aedd904898555ee
0,DPKI,204,management,true,false,387953.7639927118,397541.5624927132,397835.01729272294,293.4548000097275,0,293.4548000097275,-1,0,2,0,"{""dpkiManagementDispatchHttp"":11.095099985599518,""dpkiManagementRelayHttp"":0,""dpkiManagementHttpWindow"":4.1043999791145325,""dpkiManagementOpenSslIssueKeygen"":76.64859998226166,""dpkiManagementOpenSslIssueCsr"":18.260399997234344,""dpkiManagementOpenSslIssueSignCert"":13.553600013256073,""dpkiManagementOpenSslIssueExtractPubkey"":9.001900017261505,""dpkiManagementIssueCertificate"":118.87970000505447,""dpkiManagementOpenSslVerifyLeaf"":9.494899988174438,""dpkiManagementLeafAssertionSign"":12.099500000476837,""dpkiManagementLeafAssertionVerify"":9.406199991703033,""dpkiManagementOpenSslVerifyIssuerCA"":8.999400019645691,""dpkiManagementIssuerAssertionSign"":12.06139999628067,""dpkiManagementIssuerAssertionVerify"":9.784099996089935,""dpkiManagementVerifyRepositoryUpdateLocal"":0.005299985408782959,""dpkiManagementBuildMpt"":2.3158000111579895,""dpkiManagementPutCertAndRootTx"":78.31310003995895,""dpkiManagementRepositoryHttpVerify"":16.1007000207901}",1,6672040,0x253db06971864c36eeaf21ca8f74636c4828623c49d9ece0bd6e5a217063c3fd
0,DPKI,205,management,true,false,388202.9174502363,397790.7159502377,398132.1710502376,341.45509999990463,0,341.45509999990463,-1,0,2,0,"{""dpkiManagementDispatchHttp"":27.374399960041046,""dpkiManagementRelayHttp"":0,""dpkiManagementHttpWindow"":0.5444000363349915,""dpkiManagementOpenSslIssueKeygen"":81.34029996395111,""dpkiManagementOpenSslIssueCsr"":17.345800042152405,""dpkiManagementOpenSslIssueSignCert"":13.172900021076202,""dpkiManagementOpenSslIssueExtractPubkey"":8.962700009346008,""dpkiManagementIssueCertificate"":123.0261999964714,""dpkiManagementOpenSslVerifyLeaf"":9.319599986076355,""dpkiManagementLeafAssertionSign"":12.500299990177155,""dpkiManagementLeafAssertionVerify"":9.932400047779083,""dpkiManagementOpenSslVerifyIssuerCA"":9.265699982643127,""dpkiManagementIssuerAssertionSign"":12.154900014400482,""dpkiManagementIssuerAssertionVerify"":9.382299959659576,""dpkiManagementVerifyRepositoryUpdateLocal"":0.005800008773803711,""dpkiManagementBuildMpt"":3.2985000014305115,""dpkiManagementPutCertAndRootTx"":119.27029997110367,""dpkiManagementRepositoryHttpVerify"":4.614199995994568}",1,6672046,0xc6c6ccd5c06f62ef2220e8d49150ff45cd9e25bc0069c436fc5aea3718502dc1
0,DPKI,206,management,true,false,392409.4339028006,401997.23240280204,402200.8589027529,203.62649995088577,0,203.62649995088577,-1,0,2,0,"{""dpkiManagementDispatchHttp"":0.2822999954223633,""dpkiManagementRelayHttp"":0,""dpkiManagementHttpWindow"":8.999000012874603,""dpkiManagementOpenSslIssueKeygen"":50.870299994945526,""dpkiManagementOpenSslIssueCsr"":17.707499980926514,""dpkiManagementOpenSslIssueSignCert"":13.153800010681152,""dpkiManagementOpenSslIssueExtractPubkey"":8.376700043678284,""dpkiManagementIssueCertificate"":91.57209998369217,""dpkiManagementOpenSslVerifyLeaf"":9.401099979877472,""dpkiManagementLeafAssertionSign"":12.51230001449585,""dpkiManagementLeafAssertionVerify"":9.169699966907501,""dpkiManagementOpenSslVerifyIssuerCA"":9.192200005054474,""dpkiManagementIssuerAssertionSign"":11.960600018501282,""dpkiManagementIssuerAssertionVerify"":9.21830004453659,""dpkiManagementVerifyRepositoryUpdateLocal"":0.0051000118255615234,""dpkiManagementBuildMpt"":2.4275999665260315,""dpkiManagementPutCertAndRootTx"":30.81360000371933,""dpkiManagementRepositoryHttpVerify"":7.229300022125244}",1,6672050,0x573155bc99343cc7f516416fefe2b4c6eaa8ebd35b8e9bfdb3a9b16750c8468f
0,DPKI,207,management,true,false,398004.2817278116,407592.08022781304,407879.2003278344,287.1201000213623,0,287.1201000213623,-1,0,2,0,"{""dpkiManagementDispatchHttp"":21.956900000572205,""dpkiManagementRelayHttp"":0,""dpkiManagementHttpWindow"":2.2952000498771667,""dpkiManagementOpenSslIssueKeygen"":37.51870000362396,""dpkiManagementOpenSslIssueCsr"":17.2461000084877,""dpkiManagementOpenSslIssueSignCert"":12.976000010967255,""dpkiManagementOpenSslIssueExtractPubkey"":9.143899977207184,""dpkiManagementIssueCertificate"":78.49769997596741,""dpkiManagementOpenSslVerifyLeaf"":9.157400012016296,""dpkiManagementLeafAssertionSign"":12.354499995708466,""dpkiManagementLeafAssertionVerify"":9.49889999628067,""dpkiManagementOpenSslVerifyIssuerCA"":9.108999967575073,""dpkiManagementIssuerAssertionSign"":12.012499988079071,""dpkiManagementIssuerAssertionVerify"":9.365599989891052,""dpkiManagementVerifyRepositoryUpdateLocal"":0.00550001859664917,""dpkiManagementBuildMpt"":2.373199999332428,""dpkiManagementPutCertAndRootTx"":102.76309996843338,""dpkiManagementRepositoryHttpVerify"":17.004199981689453}",1,6672055,0xe3beea7aa484fba2ab1d3643fb8cb522ead176904679faeb3cbdf498b79a9925
0,DPKI,208,management,true,false,404364.30796101555,413952.106461017,414233.55266103015,281.4462000131607,0,281.4462000131607,-1,0,2,0,"{""dpkiManagementDispatchHttp"":27.950800001621246,""dpkiManagementRelayHttp"":0,""dpkiManagementHttpWindow"":2.0051000118255615,""dpkiManagementOpenSslIssueKeygen"":42.063300013542175,""dpkiManagementOpenSslIssueCsr"":18.26740002632141,""dpkiManagementOpenSslIssueSignCert"":13.445800006389618,""dpkiManagementOpenSslIssueExtractPubkey"":9.19810003042221,""dpkiManagementIssueCertificate"":84.4239000082016,""dpkiManagementOpenSslVerifyLeaf"":9.287499964237213,""dpkiManagementLeafAssertionSign"":11.752400040626526,""dpkiManagementLeafAssertionVerify"":8.88840001821518,""dpkiManagementOpenSslVerifyIssuerCA"":8.554999947547913,""dpkiManagementIssuerAssertionSign"":11.495399951934814,""dpkiManagementIssuerAssertionVerify"":8.947200000286102,""dpkiManagementVerifyRepositoryUpdateLocal"":0.005200028419494629,""dpkiManagementBuildMpt"":2.421299993991852,""dpkiManagementPutCertAndRootTx"":87.21619999408722,""dpkiManagementRepositoryHttpVerify"":17.71230000257492}",1,6672059,0xfb958429f37a16f909a9f1448c88f6e2a9641e001d05efaa2888008ef0697c30
0,DPKI,209,management,true,false,405541.89228206925,415129.6907820707,415392.6713820701,262.9805999994278,0,262.9805999994278,-1,0,2,0,"{""dpkiManagementDispatchHttp"":11.44020003080368,""dpkiManagementRelayHttp"":0,""dpkiManagementHttpWindow"":5.544999957084656,""dpkiManagementOpenSslIssueKeygen"":49.819900035858154,""dpkiManagementOpenSslIssueCsr"":18.569599986076355,""dpkiManagementOpenSslIssueSignCert"":13.656700015068054,""dpkiManagementOpenSslIssueExtractPubkey"":9.014100015163422,""dpkiManagementIssueCertificate"":92.49380004405975,""dpkiManagementOpenSslVerifyLeaf"":9.238199949264526,""dpkiManagementLeafAssertionSign"":20.14610004425049,""dpkiManagementLeafAssertionVerify"":8.803600013256073,""dpkiManagementOpenSslVerifyIssuerCA"":9.238200008869171,""dpkiManagementIssuerAssertionSign"":11.957500040531158,""dpkiManagementIssuerAssertionVerify"":9.243900001049042,""dpkiManagementVerifyRepositoryUpdateLocal"":0.0055999755859375,""dpkiManagementBuildMpt"":3.038699984550476,""dpkiManagementPutCertAndRootTx"":77.77189999818802,""dpkiManagementRepositoryHttpVerify"":3.340299963951111}",1,6672063,0x1cd35e665b9342f9e98be334a421da0b4dbf5a45431c118db180f10d00d7ee5e
0,DPKI,210,management,true,false,408128.3480891228,417716.1465891242,417975.3536890984,259.2070999741554,0,259.2070999741554,-1,0,2,0,"{""dpkiManagementDispatchHttp"":9.781300008296967,""dpkiManagementRelayHttp"":0,""dpkiManagementHttpWindow"":15.11439996957779,""dpkiManagementOpenSslIssueKeygen"":23.96749997138977,""dpkiManagementOpenSslIssueCsr"":17.218699991703033,""dpkiManagementOpenSslIssueSignCert"":13.896099984645844,""dpkiManagementOpenSslIssueExtractPubkey"":8.92960000038147,""dpkiManagementIssueCertificate"":65.45950001478195,""dpkiManagementOpenSslVerifyLeaf"":8.77350002527237,""dpkiManagementLeafAssertionSign"":12.022000014781952,""dpkiManagementLeafAssertionVerify"":9.212800025939941,""dpkiManagementOpenSslVerifyIssuerCA"":8.76500004529953,""dpkiManagementIssuerAssertionSign"":11.849399983882904,""dpkiManagementIssuerAssertionVerify"":9.22240000963211,""dpkiManagementVerifyRepositoryUpdateLocal"":0.006099998950958252,""dpkiManagementBuildMpt"":2.4043999910354614,""dpkiManagementPutCertAndRootTx"":88.66449999809265,""dpkiManagementRepositoryHttpVerify"":17.18230003118515}",1,6672067,0x3dc4a23c9df766b47a53239c7c0777f8de6f49a42af3f879e2d8ed803dda7d7a
0,DPKI,211,management,true,false,412416.2581395356,422004.05663953704,422255.61613951606,251.55949997901917,0,251.55949997901917,-1,0,2,0,"{""dpkiManagementDispatchHttp"":3.758300006389618,""dpkiManagementRelayHttp"":0,""dpkiManagementHttpWindow"":1.6484000086784363,""dpkiManagementOpenSslIssueKeygen"":81.64069998264313,""dpkiManagementOpenSslIssueCsr"":17.703700006008148,""dpkiManagementOpenSslIssueSignCert"":13.272100031375885,""dpkiManagementOpenSslIssueExtractPubkey"":8.946599960327148,""dpkiManagementIssueCertificate"":123.05660003423691,""dpkiManagementOpenSslVerifyLeaf"":9.111800014972687,""dpkiManagementLeafAssertionSign"":11.832499980926514,""dpkiManagementLeafAssertionVerify"":9.644400000572205,""dpkiManagementOpenSslVerifyIssuerCA"":9.154299974441528,""dpkiManagementIssuerAssertionSign"":11.964299976825714,""dpkiManagementIssuerAssertionVerify"":9.141000032424927,""dpkiManagementVerifyRepositoryUpdateLocal"":0.00550001859664917,""dpkiManagementBuildMpt"":2.304099977016449,""dpkiManagementPutCertAndRootTx"":53.539299964904785,""dpkiManagementRepositoryHttpVerify"":5.700700044631958}",1,6672073,0x28f5bd231dc2c2b37a8a40a679c77402327b84a152d2c2b3a90011e533475a31
0,DPKI,212,management,true,false,412756.5772978964,422344.3757978978,422575.22849795246,230.85270005464554,0,230.85270005464554,-1,0,2,0,"{""dpkiManagementDispatchHttp"":3.122600018978119,""dpkiManagementRelayHttp"":0,""dpkiManagementHttpWindow"":0.5281000137329102,""dpkiManagementOpenSslIssueKeygen"":51.88510000705719,""dpkiManagementOpenSslIssueCsr"":17.58380001783371,""dpkiManagementOpenSslIssueSignCert"":12.960099995136261,""dpkiManagementOpenSslIssueExtractPubkey"":8.642199993133545,""dpkiManagementIssueCertificate"":92.57639998197556,""dpkiManagementOpenSslVerifyLeaf"":8.79909998178482,""dpkiManagementLeafAssertionSign"":12.016200006008148,""dpkiManagementLeafAssertionVerify"":9.298199951648712,""dpkiManagementOpenSslVerifyIssuerCA"":9.574999988079071,""dpkiManagementIssuerAssertionSign"":12.29610002040863,""dpkiManagementIssuerAssertionVerify"":9.221000015735626,""dpkiManagementVerifyRepositoryUpdateLocal"":0.005899965763092041,""dpkiManagementBuildMpt"":3.0069000124931335,""dpkiManagementPutCertAndRootTx"":62.89039999246597,""dpkiManagementRepositoryHttpVerify"":6.825700044631958}",1,6672077,0x362e419b574b2ed1c5f86444f384ed67dc6b0f34b3ffdeeabf747c86a545edfa
0,DPKI,213,management,true,false,413498.2343847366,423086.03288473806,423395.65668471775,309.62379997968674,0,309.62379997968674,-1,0,2,0,"{""dpkiManagementDispatchHttp"":5.325299978256226,""dpkiManagementRelayHttp"":0,""dpkiManagementHttpWindow"":17.0067999958992,""dpkiManagementOpenSslIssueKeygen"":63.30699998140335,""dpkiManagementOpenSslIssueCsr"":17.69740003347397,""dpkiManagementOpenSslIssueSignCert"":13.933499991893768,""dpkiManagementOpenSslIssueExtractPubkey"":9.215800046920776,""dpkiManagementIssueCertificate"":105.75640004873276,""dpkiManagementOpenSslVerifyLeaf"":9.823599994182587,""dpkiManagementLeafAssertionSign"":41.82819998264313,""dpkiManagementLeafAssertionVerify"":9.220899999141693,""dpkiManagementOpenSslVerifyIssuerCA"":9.42960000038147,""dpkiManagementIssuerAssertionSign"":12.671200037002563,""dpkiManagementIssuerAssertionVerify"":8.988900005817413,""dpkiManagementVerifyRepositoryUpdateLocal"":0.005800008773803711,""dpkiManagementBuildMpt"":2.3740999698638916,""dpkiManagementPutCertAndRootTx"":79.24550002813339,""dpkiManagementRepositoryHttpVerify"":7.130699992179871}",1,6672083,0x5544ccb1b99107be53b050710c82840a6b9a2422562e35ec2ffd8d50d2168b14
0,DPKI,214,management,true,false,414900.8644359242,424488.66293592565,424752.2166359555,263.55370002985,0,263.55370002985,-1,0,2,0,"{""dpkiManagementDispatchHttp"":8.709999978542328,""dpkiManagementRelayHttp"":0,""dpkiManagementHttpWindow"":13.354800045490265,""dpkiManagementOpenSslIssueKeygen"":38.59980005025864,""dpkiManagementOpenSslIssueCsr"":17.32150000333786,""dpkiManagementOpenSslIssueSignCert"":13.459399998188019,""dpkiManagementOpenSslIssueExtractPubkey"":8.644800007343292,""dpkiManagementIssueCertificate"":79.46560001373291,""dpkiManagementOpenSslVerifyLeaf"":9.117500007152557,""dpkiManagementLeafAssertionSign"":12.088599979877472,""dpkiManagementLeafAssertionVerify"":9.696299970149994,""dpkiManagementOpenSslVerifyIssuerCA"":9.517899990081787,""dpkiManagementIssuerAssertionSign"":12.231000006198883,""dpkiManagementIssuerAssertionVerify"":9.623499989509583,""dpkiManagementVerifyRepositoryUpdateLocal"":0.005899965763092041,""dpkiManagementBuildMpt"":2.725499987602234,""dpkiManagementPutCertAndRootTx"":88.60640001296997,""dpkiManagementRepositoryHttpVerify"":7.692000031471252}",1,6672089,0xd786425198ebf3e836b660b2d1939576bafe5830ceb05a12ed1850c23aaec700
0,DPKI,215,management,true,false,416957.50607006956,426545.304570071,426830.92987006117,285.62529999017715,0,285.62529999017715,-1,0,2,0,"{""dpkiManagementDispatchHttp"":20.3503999710083,""dpkiManagementRelayHttp"":0,""dpkiManagementHttpWindow"":14.651199996471405,""dpkiManagementOpenSslIssueKeygen"":22.033500015735626,""dpkiManagementOpenSslIssueCsr"":17.092700004577637,""dpkiManagementOpenSslIssueSignCert"":13.207499980926514,""dpkiManagementOpenSslIssueExtractPubkey"":8.736500024795532,""dpkiManagementIssueCertificate"":62.55500000715256,""dpkiManagementOpenSslVerifyLeaf"":9.446900010108948,""dpkiManagementLeafAssertionSign"":11.938199996948242,""dpkiManagementLeafAssertionVerify"":9.315400004386902,""dpkiManagementOpenSslVerifyIssuerCA"":12.189499974250793,""dpkiManagementIssuerAssertionSign"":13.683299958705902,""dpkiManagementIssuerAssertionVerify"":9.520399987697601,""dpkiManagementVerifyRepositoryUpdateLocal"":0.0051000118255615234,""dpkiManagementBuildMpt"":2.286400020122528,""dpkiManagementPutCertAndRootTx"":101.36150002479553,""dpkiManagementRepositoryHttpVerify"":17.531300008296967}",1,6672093,0x6b3d95c2f685a8a7e7ccf2c5b7f32f9ae868c71dae4fe041dd9a0ff3921829e6
0,DPKI,216,management,true,false,420581.7313875272,430169.5298875286,430437.8661875441,268.3363000154495,0,268.3363000154495,-1,0,2,0,"{""dpkiManagementDispatchHttp"":12.396799981594086,""dpkiManagementRelayHttp"":0,""dpkiManagementHttpWindow"":4.936500012874603,""dpkiManagementOpenSslIssueKeygen"":56.18029999732971,""dpkiManagementOpenSslIssueCsr"":19.076800048351288,""dpkiManagementOpenSslIssueSignCert"":13.798600018024445,""dpkiManagementOpenSslIssueExtractPubkey"":9.383899986743927,""dpkiManagementIssueCertificate"":99.94029998779297,""dpkiManagementOpenSslVerifyLeaf"":10.081000030040741,""dpkiManagementLeafAssertionSign"":12.64000004529953,""dpkiManagementLeafAssertionVerify"":9.325399994850159,""dpkiManagementOpenSslVerifyIssuerCA"":9.155999958515167,""dpkiManagementIssuerAssertionSign"":11.329699993133545,""dpkiManagementIssuerAssertionVerify"":8.71230000257492,""dpkiManagementVerifyRepositoryUpdateLocal"":0.005299985408782959,""dpkiManagementBuildMpt"":2.3680999875068665,""dpkiManagementPutCertAndRootTx"":77.47839999198914,""dpkiManagementRepositoryHttpVerify"":9.224500000476837}",1,6672096,0x1e95999bf027039ed18fef5da8d29842c653f1ea9b41967bf3f95f49885503bb
0,DPKI,217,management,true,false,421441.1312235859,431028.92972358735,431393.23392358096,364.3041999936104,0,364.3041999936104,-1,0,2,0,"{""dpkiManagementDispatchHttp"":1.16430002450943,""dpkiManagementRelayHttp"":0,""dpkiManagementHttpWindow"":5.620199978351593,""dpkiManagementOpenSslIssueKeygen"":20.823599994182587,""dpkiManagementOpenSslIssueCsr"":17.074000000953674,""dpkiManagementOpenSslIssueSignCert"":13.187600016593933,""dpkiManagementOpenSslIssueExtractPubkey"":8.69209998846054,""dpkiManagementIssueCertificate"":61.237399995326996,""dpkiManagementOpenSslVerifyLeaf"":9.1560999751091,""dpkiManagementLeafAssertionSign"":48.18369996547699,""dpkiManagementLeafAssertionVerify"":9.499099969863892,""dpkiManagementOpenSslVerifyIssuerCA"":8.638700008392334,""dpkiManagementIssuerAssertionSign"":12.47240000963211,""dpkiManagementIssuerAssertionVerify"":9.281199991703033,""dpkiManagementVerifyRepositoryUpdateLocal"":0.006099998950958252,""dpkiManagementBuildMpt"":2.8693000078201294,""dpkiManagementPutCertAndRootTx"":178.5038999915123,""dpkiManagementRepositoryHttpVerify"":16.956399977207184}",1,6672101,0x8696911ab34070c4cd59259064860f0be5192f957c9695254dfd927cf69ca82b
0,DPKI,218,management,true,false,421823.9243729642,431411.7228729656,431722.7326729229,311.0097999572754,0,311.0097999572754,-1,0,2,0,"{""dpkiManagementDispatchHttp"":3.068400025367737,""dpkiManagementRelayHttp"":0,""dpkiManagementHttpWindow"":23.942799985408783,""dpkiManagementOpenSslIssueKeygen"":36.91139996051788,""dpkiManagementOpenSslIssueCsr"":17.72630000114441,""dpkiManagementOpenSslIssueSignCert"":13.242299973964691,""dpkiManagementOpenSslIssueExtractPubkey"":8.691600024700165,""dpkiManagementIssueCertificate"":78.19590002298355,""dpkiManagementOpenSslVerifyLeaf"":8.854800045490265,""dpkiManagementLeafAssertionSign"":12.415199995040894,""dpkiManagementLeafAssertionVerify"":9.297699987888336,""dpkiManagementOpenSslVerifyIssuerCA"":8.966400027275085,""dpkiManagementIssuerAssertionSign"":12.149500012397766,""dpkiManagementIssuerAssertionVerify"":9.232899963855743,""dpkiManagementVerifyRepositoryUpdateLocal"":0.005700051784515381,""dpkiManagementBuildMpt"":2.4490000009536743,""dpkiManagementPutCertAndRootTx"":125.08000004291534,""dpkiManagementRepositoryHttpVerify"":16.633000016212463}",1,6672106,0x711c72a1b8d5c293397f6005defc551b906c705ad07ae87b08d2e91d2e97b138
0,DPKI,219,management,true,false,422267.4005461467,431855.1990461481,432060.47694618825,205.2779000401497,0,205.2779000401497,-1,0,2,0,"{""dpkiManagementDispatchHttp"":1.5472000241279602,""dpkiManagementRelayHttp"":0,""dpkiManagementHttpWindow"":5.0539000034332275,""dpkiManagementOpenSslIssueKeygen"":28.005999982357025,""dpkiManagementOpenSslIssueCsr"":16.94779998064041,""dpkiManagementOpenSslIssueSignCert"":13.232699990272522,""dpkiManagementOpenSslIssueExtractPubkey"":8.863699972629547,""dpkiManagementIssueCertificate"":68.57190001010895,""dpkiManagementOpenSslVerifyLeaf"":9.200500011444092,""dpkiManagementLeafAssertionSign"":11.912799954414368,""dpkiManagementLeafAssertionVerify"":9.388499975204468,""dpkiManagementOpenSslVerifyIssuerCA"":9.38369995355606,""dpkiManagementIssuerAssertionSign"":11.57719999551773,""dpkiManagementIssuerAssertionVerify"":8.80950003862381,""dpkiManagementVerifyRepositoryUpdateLocal"":0.004800021648406982,""dpkiManagementBuildMpt"":3.3289999961853027,""dpkiManagementPutCertAndRootTx"":60.20739996433258,""dpkiManagementRepositoryHttpVerify"":5.567300021648407}",1,6672109,0x35541aba975e3e67225b7ae5e90252d6da3ddacad57ef7d78aa741e7b6b00481
0,DPKI,220,management,true,false,422705.4305504461,432293.2290504475,432583.28185044724,290.0527999997139,0,290.0527999997139,-1,0,2,0,"{""dpkiManagementDispatchHttp"":23.66239994764328,""dpkiManagementRelayHttp"":0,""dpkiManagementHttpWindow"":15.60530000925064,""dpkiManagementOpenSslIssueKeygen"":57.87000000476837,""dpkiManagementOpenSslIssueCsr"":17.70829999446869,""dpkiManagementOpenSslIssueSignCert"":13.5314000248909,""dpkiManagementOpenSslIssueExtractPubkey"":9.01010000705719,""dpkiManagementIssueCertificate"":100.30690002441406,""dpkiManagementOpenSslVerifyLeaf"":9.394599974155426,""dpkiManagementLeafAssertionSign"":12.865800023078918,""dpkiManagementLeafAssertionVerify"":9.554400026798248,""dpkiManagementOpenSslVerifyIssuerCA"":9.114199995994568,""dpkiManagementIssuerAssertionSign"":11.992200016975403,""dpkiManagementIssuerAssertionVerify"":9.210300028324127,""dpkiManagementVerifyRepositoryUpdateLocal"":0.005800008773803711,""dpkiManagementBuildMpt"":3.211899995803833,""dpkiManagementPutCertAndRootTx"":64.15430003404617,""dpkiManagementRepositoryHttpVerify"":20.110099971294403}",1,6672115,0xaa5adc40d0d853c3db86a2858df6abb6e7d0c8684775bf5cf67e4707f3cb9588
0,DPKI,221,management,true,false,422782.7736054044,432370.57210540585,432600.1091054063,229.53700000047684,0,229.53700000047684,-1,0,2,0,"{""dpkiManagementDispatchHttp"":9.076999962329865,""dpkiManagementRelayHttp"":0,""dpkiManagementHttpWindow"":3.4095999598503113,""dpkiManagementOpenSslIssueKeygen"":39.56419998407364,""dpkiManagementOpenSslIssueCsr"":16.998099982738495,""dpkiManagementOpenSslIssueSignCert"":13.410099983215332,""dpkiManagementOpenSslIssueExtractPubkey"":9.066500008106232,""dpkiManagementIssueCertificate"":80.99330002069473,""dpkiManagementOpenSslVerifyLeaf"":9.125199973583221,""dpkiManagementLeafAssertionSign"":11.742399990558624,""dpkiManagementLeafAssertionVerify"":9.502900004386902,""dpkiManagementOpenSslVerifyIssuerCA"":9.160600006580353,""dpkiManagementIssuerAssertionSign"":11.580699980258942,""dpkiManagementIssuerAssertionVerify"":10.352699995040894,""dpkiManagementVerifyRepositoryUpdateLocal"":0.0057999491691589355,""dpkiManagementBuildMpt"":2.8355000019073486,""dpkiManagementPutCertAndRootTx"":53.92469996213913,""dpkiManagementRepositoryHttpVerify"":17.10920000076294}",1,6672121,0x47ce615ecd6c02b4ad6dee3b15da5b7d892b7df0d0e4be4714fb25337f13e8da
0,DPKI,222,management,true,false,423876.10840367986,433463.9069036813,433715.1595036359,251.2525999546051,0,251.2525999546051,-1,0,2,0,"{""dpkiManagementDispatchHttp"":15.829699993133545,""dpkiManagementRelayHttp"":0,""dpkiManagementHttpWindow"":11.58730000257492,""dpkiManagementOpenSslIssueKeygen"":41.870600044727325,""dpkiManagementOpenSslIssueCsr"":17.365299999713898,""dpkiManagementOpenSslIssueSignCert"":13.506900012493134,""dpkiManagementOpenSslIssueExtractPubkey"":8.73989999294281,""dpkiManagementIssueCertificate"":83.02149999141693,""dpkiManagementOpenSslVerifyLeaf"":8.803100049495697,""dpkiManagementLeafAssertionSign"":11.186500012874603,""dpkiManagementLeafAssertionVerify"":8.95279997587204,""dpkiManagementOpenSslVerifyIssuerCA"":9.337700009346008,""dpkiManagementIssuerAssertionSign"":12.08430004119873,""dpkiManagementIssuerAssertionVerify"":9.86870002746582,""dpkiManagementVerifyRepositoryUpdateLocal"":0.005000054836273193,""dpkiManagementBuildMpt"":2.903600037097931,""dpkiManagementPutCertAndRootTx"":68.71909999847412,""dpkiManagementRepositoryHttpVerify"":8.076600015163422}",1,6672125,0xecac2e9b279de669ffbe1194cbd089c3f026e5dff0dd015e7720fdd39c05a319
0,DPKI,223,management,true,false,425270.4903125738,434858.2888125752,435159.8462125634,301.55739998817444,0,301.55739998817444,-1,0,2,0,"{""dpkiManagementDispatchHttp"":21.518100023269653,""dpkiManagementRelayHttp"":0,""dpkiManagementHttpWindow"":15.210799992084503,""dpkiManagementOpenSslIssueKeygen"":52.750899970531464,""dpkiManagementOpenSslIssueCsr"":17.58399999141693,""dpkiManagementOpenSslIssueSignCert"":13.717100024223328,""dpkiManagementOpenSslIssueExtractPubkey"":10.059300005435944,""dpkiManagementIssueCertificate"":95.75180000066757,""dpkiManagementOpenSslVerifyLeaf"":9.117899954319,""dpkiManagementLeafAssertionSign"":12.685499966144562,""dpkiManagementLeafAssertionVerify"":9.787800014019012,""dpkiManagementOpenSslVerifyIssuerCA"":9.29040002822876,""dpkiManagementIssuerAssertionSign"":13.870100021362305,""dpkiManagementIssuerAssertionVerify"":9.90200001001358,""dpkiManagementVerifyRepositoryUpdateLocal"":0.006400048732757568,""dpkiManagementBuildMpt"":2.4550999999046326,""dpkiManagementPutCertAndRootTx"":84.12489998340607,""dpkiManagementRepositoryHttpVerify"":17.08150005340576}",1,6672132,0xb77cf47c77750fb972c85478f882c83e2e0df6fe331dcf39e06cd34574227124
0,DPKI,224,management,true,false,425403.89672982926,434991.6952298307,435212.71472984785,221.01950001716614,0,221.01950001716614,-1,0,2,0,"{""dpkiManagementDispatchHttp"":1.943399965763092,""dpkiManagementRelayHttp"":0,""dpkiManagementHttpWindow"":5.424499988555908,""dpkiManagementOpenSslIssueKeygen"":26.048999965190887,""dpkiManagementOpenSslIssueCsr"":17.528799951076508,""dpkiManagementOpenSslIssueSignCert"":12.867900013923645,""dpkiManagementOpenSslIssueExtractPubkey"":8.316100001335144,""dpkiManagementIssueCertificate"":66.41920000314713,""dpkiManagementOpenSslVerifyLeaf"":9.026000022888184,""dpkiManagementLeafAssertionSign"":11.945500016212463,""dpkiManagementLeafAssertionVerify"":9.184699952602386,""dpkiManagementOpenSslVerifyIssuerCA"":8.80349999666214,""dpkiManagementIssuerAssertionSign"":11.977899968624115,""dpkiManagementIssuerAssertionVerify"":9.653400003910065,""dpkiManagementVerifyRepositoryUpdateLocal"":0.006000041961669922,""dpkiManagementBuildMpt"":2.325700044631958,""dpkiManagementPutCertAndRootTx"":75.38599997758865,""dpkiManagementRepositoryHttpVerify"":8.179300010204315}",1,6672136,0x3f42ad2b1dbb4c4987605b0db9b356de26e89a85f5bc4ea2f5057fc7f74f632d
0,DPKI,225,management,true,false,425580.7547839712,435168.5532839726,435424.2641839813,255.71090000867844,0,255.71090000867844,-1,0,2,0,"{""dpkiManagementDispatchHttp"":20.996299982070923,""dpkiManagementRelayHttp"":0,""dpkiManagementHttpWindow"":15.801800012588501,""dpkiManagementOpenSslIssueKeygen"":28.28059995174408,""dpkiManagementOpenSslIssueCsr"":16.787099957466125,""dpkiManagementOpenSslIssueSignCert"":12.871600031852722,""dpkiManagementOpenSslIssueExtractPubkey"":8.481000006198883,""dpkiManagementIssueCertificate"":67.97409999370575,""dpkiManagementOpenSslVerifyLeaf"":9.19489997625351,""dpkiManagementLeafAssertionSign"":11.498300015926361,""dpkiManagementLeafAssertionVerify"":8.841099977493286,""dpkiManagementOpenSslVerifyIssuerCA"":9.331799983978271,""dpkiManagementIssuerAssertionSign"":12.746999979019165,""dpkiManagementIssuerAssertionVerify"":9.38430005311966,""dpkiManagementVerifyRepositoryUpdateLocal"":0.005299985408782959,""dpkiManagementBuildMpt"":2.3787999749183655,""dpkiManagementPutCertAndRootTx"":69.5518000125885,""dpkiManagementRepositoryHttpVerify"":17.111799955368042}",1,6672141,0x5d4683a2cac27d1830f590d4d933d4c92a9a362a27a77f09448351462959f5ad
0,DPKI,226,management,true,false,427332.22354259645,436920.0220425979,437139.2947426096,219.2727000117302,0,219.2727000117302,-1,0,2,0,"{""dpkiManagementDispatchHttp"":2.947499990463257,""dpkiManagementRelayHttp"":0,""dpkiManagementHttpWindow"":0.7093999981880188,""dpkiManagementOpenSslIssueKeygen"":29.341800034046173,""dpkiManagementOpenSslIssueCsr"":17.046299993991852,""dpkiManagementOpenSslIssueSignCert"":13.301200032234192,""dpkiManagementOpenSslIssueExtractPubkey"":8.84850001335144,""dpkiManagementIssueCertificate"":70.23260003328323,""dpkiManagementOpenSslVerifyLeaf"":8.982999980449677,""dpkiManagementLeafAssertionSign"":12.438899993896484,""dpkiManagementLeafAssertionVerify"":9.868499994277954,""dpkiManagementOpenSslVerifyIssuerCA"":8.971699953079224,""dpkiManagementIssuerAssertionSign"":12.340400040149689,""dpkiManagementIssuerAssertionVerify"":9.721099972724915,""dpkiManagementVerifyRepositoryUpdateLocal"":0.005800008773803711,""dpkiManagementBuildMpt"":2.4431999921798706,""dpkiManagementPutCertAndRootTx"":73.89550000429153,""dpkiManagementRepositoryHttpVerify"":5.9483999609947205}",1,6672145,0x15f71e916cb4133f1d3a3394839d53bb06129aa0ec309888795ab84de4adf2b4
0,DPKI,227,management,true,false,430717.5341248826,440305.33262488403,440579.5845249013,274.2519000172615,0,274.2519000172615,-1,0,2,0,"{""dpkiManagementDispatchHttp"":0.3677999973297119,""dpkiManagementRelayHttp"":0,""dpkiManagementHttpWindow"":3.8561999797821045,""dpkiManagementOpenSslIssueKeygen"":94.80349999666214,""dpkiManagementOpenSslIssueCsr"":18.299100041389465,""dpkiManagementOpenSslIssueSignCert"":13.456900000572205,""dpkiManagementOpenSslIssueExtractPubkey"":9.08569997549057,""dpkiManagementIssueCertificate"":137.12480002641678,""dpkiManagementOpenSslVerifyLeaf"":9.417599976062775,""dpkiManagementLeafAssertionSign"":12.015899956226349,""dpkiManagementLeafAssertionVerify"":9.696399986743927,""dpkiManagementOpenSslVerifyIssuerCA"":8.700200021266937,""dpkiManagementIssuerAssertionSign"":11.539499998092651,""dpkiManagementIssuerAssertionVerify"":9.184099972248077,""dpkiManagementVerifyRepositoryUpdateLocal"":0.0065999627113342285,""dpkiManagementBuildMpt"":3.114300012588501,""dpkiManagementPutCertAndRootTx"":63.389200031757355,""dpkiManagementRepositoryHttpVerify"":5.104900002479553}",1,6672151,0x74bbf5b9feeb2435f75719fb214f9c4a0b0f5aeab3894f1ef0112022babe498f
0,DPKI,228,management,true,false,433720.92821743526,443308.7267174367,443573.40781744756,264.6811000108719,0,264.6811000108719,-1,0,2,0,"{""dpkiManagementDispatchHttp"":10.739300012588501,""dpkiManagementRelayHttp"":0,""dpkiManagementHttpWindow"":1.5860999822616577,""dpkiManagementOpenSslIssueKeygen"":31.438899993896484,""dpkiManagementOpenSslIssueCsr"":17.356299996376038,""dpkiManagementOpenSslIssueSignCert"":14.032700002193451,""dpkiManagementOpenSslIssueExtractPubkey"":11.26610004901886,""dpkiManagementIssueCertificate"":75.80809998512268,""dpkiManagementOpenSslVerifyLeaf"":10.372399985790253,""dpkiManagementLeafAssertionSign"":14.341300010681152,""dpkiManagementLeafAssertionVerify"":12.767899990081787,""dpkiManagementOpenSslVerifyIssuerCA"":10.913300037384033,""dpkiManagementIssuerAssertionSign"":12.545800030231476,""dpkiManagementIssuerAssertionVerify"":9.533500015735626,""dpkiManagementVerifyRepositoryUpdateLocal"":0.005600035190582275,""dpkiManagementBuildMpt"":2.379700005054474,""dpkiManagementPutCertAndRootTx"":82.39259999990463,""dpkiManagementRepositoryHttpVerify"":20.50090003013611}",1,6672158,0x167b8d97e5281f69b0485e593c4ea5b20b1675e8fdcaa40d3edaba47fffe5f69
0,DPKI,229,management,true,false,436045.1156932867,445632.91419328813,445883.6604933298,250.74630004167557,0,250.74630004167557,-1,0,2,0,"{""dpkiManagementDispatchHttp"":5.203499972820282,""dpkiManagementRelayHttp"":0,""dpkiManagementHttpWindow"":19.27300000190735,""dpkiManagementOpenSslIssueKeygen"":51.47890001535416,""dpkiManagementOpenSslIssueCsr"":17.908699989318848,""dpkiManagementOpenSslIssueSignCert"":13.195800006389618,""dpkiManagementOpenSslIssueExtractPubkey"":8.915700018405914,""dpkiManagementIssueCertificate"":92.96139997243881,""dpkiManagementOpenSslVerifyLeaf"":10.864600002765656,""dpkiManagementLeafAssertionSign"":13.01859998703003,""dpkiManagementLeafAssertionVerify"":9.82200002670288,""dpkiManagementOpenSslVerifyIssuerCA"":9.701900005340576,""dpkiManagementIssuerAssertionSign"":12.3817999958992,""dpkiManagementIssuerAssertionVerify"":9.987299978733063,""dpkiManagementVerifyRepositoryUpdateLocal"":0.005800008773803711,""dpkiManagementBuildMpt"":2.33569997549057,""dpkiManagementPutCertAndRootTx"":56.29540002346039,""dpkiManagementRepositoryHttpVerify"":8.094399988651276}",1,6672164,0xea9eab40f283549e5b709b982470588445b250b76ffb5caaa1823e8b13636267
0,DPKI,230,management,true,false,437476.74494635884,447064.5434463603,447355.7655463201,291.2220999598503,0,291.2220999598503,-1,0,2,0,"{""dpkiManagementDispatchHttp"":1.5802000164985657,""dpkiManagementRelayHttp"":0,""dpkiManagementHttpWindow"":4.905000030994415,""dpkiManagementOpenSslIssueKeygen"":32.06839996576309,""dpkiManagementOpenSslIssueCsr"":17.78990000486374,""dpkiManagementOpenSslIssueSignCert"":13.490899980068207,""dpkiManagementOpenSslIssueExtractPubkey"":8.548500001430511,""dpkiManagementIssueCertificate"":73.36559998989105,""dpkiManagementOpenSslVerifyLeaf"":8.951899945735931,""dpkiManagementLeafAssertionSign"":11.833399951457977,""dpkiManagementLeafAssertionVerify"":9.093600034713745,""dpkiManagementOpenSslVerifyIssuerCA"":8.735099971294403,""dpkiManagementIssuerAssertionSign"":11.687700033187866,""dpkiManagementIssuerAssertionVerify"":9.332000017166138,""dpkiManagementVerifyRepositoryUpdateLocal"":0.0054000020027160645,""dpkiManagementBuildMpt"":2.3897000551223755,""dpkiManagementPutCertAndRootTx"":140.996699988842,""dpkiManagementRepositoryHttpVerify"":7.589099943637848}",1,6672167,0xd52e8d3ec009e295edbd342b24b2d9637384ec52b5d38b8598eba73336af6629
0,DPKI,231,management,true,false,438560.4227914497,448148.22129145113,448422.00919148175,273.78790003061295,0,273.78790003061295,-1,0,2,0,"{""dpkiManagementDispatchHttp"":4.05979996919632,""dpkiManagementRelayHttp"":0,""dpkiManagementHttpWindow"":17.162200033664703,""dpkiManagementOpenSslIssueKeygen"":40.26029998064041,""dpkiManagementOpenSslIssueCsr"":17.574699997901917,""dpkiManagementOpenSslIssueSignCert"":13.599699974060059,""dpkiManagementOpenSslIssueExtractPubkey"":8.613099992275238,""dpkiManagementIssueCertificate"":81.68409997224808,""dpkiManagementOpenSslVerifyLeaf"":9.141200006008148,""dpkiManagementLeafAssertionSign"":12.280700027942657,""dpkiManagementLeafAssertionVerify"":9.770600020885468,""dpkiManagementOpenSslVerifyIssuerCA"":9.26309996843338,""dpkiManagementIssuerAssertionSign"":11.654300034046173,""dpkiManagementIssuerAssertionVerify"":9.149399995803833,""dpkiManagementVerifyRepositoryUpdateLocal"":0.0055999755859375,""dpkiManagementBuildMpt"":2.4715999960899353,""dpkiManagementPutCertAndRootTx"":87.80320000648499,""dpkiManagementRepositoryHttpVerify"":18.569400012493134}",1,6672172,0x035548f9fc711a3c42928dbc7abaca7689483368215331208a952c38069b6034
0,DPKI,232,management,true,false,439253.25962997344,448841.0581299749,449182.03423000243,340.9761000275612,0,340.9761000275612,-1,0,2,0,"{""dpkiManagementDispatchHttp"":3.899399995803833,""dpkiManagementRelayHttp"":0,""dpkiManagementHttpWindow"":23.321799993515015,""dpkiManagementOpenSslIssueKeygen"":19.45279997587204,""dpkiManagementOpenSslIssueCsr"":17.402800023555756,""dpkiManagementOpenSslIssueSignCert"":13.839000046253204,""dpkiManagementOpenSslIssueExtractPubkey"":9.666800022125244,""dpkiManagementIssueCertificate"":61.8895999789238,""dpkiManagementOpenSslVerifyLeaf"":9.51690000295639,""dpkiManagementLeafAssertionSign"":12.290399968624115,""dpkiManagementLeafAssertionVerify"":9.152300000190735,""dpkiManagementOpenSslVerifyIssuerCA"":8.461999952793121,""dpkiManagementIssuerAssertionSign"":11.557500004768372,""dpkiManagementIssuerAssertionVerify"":9.074599981307983,""dpkiManagementVerifyRepositoryUpdateLocal"":0.005299985408782959,""dpkiManagementBuildMpt"":3.268500030040741,""dpkiManagementPutCertAndRootTx"":167.45929998159409,""dpkiManagementRepositoryHttpVerify"":20.312899947166443}",1,6672177,0x4bd0aaf361f0394c7845dfa6d6816b763b34169121508811504bbbacbf9ad112
0,DPKI,233,management,true,false,439742.79137823964,449330.58987824107,449533.76247827196,203.17260003089905,0,203.17260003089905,-1,0,2,0,"{""dpkiManagementDispatchHttp"":0.4458000063896179,""dpkiManagementRelayHttp"":0,""dpkiManagementHttpWindow"":2.3955000042915344,""dpkiManagementOpenSslIssueKeygen"":27.213299989700317,""dpkiManagementOpenSslIssueCsr"":16.99099999666214,""dpkiManagementOpenSslIssueSignCert"":13.208299994468689,""dpkiManagementOpenSslIssueExtractPubkey"":8.85369998216629,""dpkiManagementIssueCertificate"":67.91529995203018,""dpkiManagementOpenSslVerifyLeaf"":9.61599999666214,""dpkiManagementLeafAssertionSign"":11.579800009727478,""dpkiManagementLeafAssertionVerify"":8.598800003528595,""dpkiManagementOpenSslVerifyIssuerCA"":9.324299991130829,""dpkiManagementIssuerAssertionSign"":11.768299996852875,""dpkiManagementIssuerAssertionVerify"":8.912400007247925,""dpkiManagementVerifyRepositoryUpdateLocal"":0.0065000057220458984,""dpkiManagementBuildMpt"":3.119000017642975,""dpkiManagementPutCertAndRootTx"":62.842000007629395,""dpkiManagementRepositoryHttpVerify"":5.812900006771088}",1,6672182,0xc05110bc1e4b32ff036679303802466ea0f1e01425c0e3ee75aeacdb63c26677
0,DPKI,234,management,true,false,440878.65335621795,450466.4518562194,450723.35705622396,256.90520000457764,0,256.90520000457764,-1,0,2,0,"{""dpkiManagementDispatchHttp"":38.2878999710083,""dpkiManagementRelayHttp"":0,""dpkiManagementHttpWindow"":1.9733999967575073,""dpkiManagementOpenSslIssueKeygen"":32.42149996757507,""dpkiManagementOpenSslIssueCsr"":17.653400003910065,""dpkiManagementOpenSslIssueSignCert"":13.64079999923706,""dpkiManagementOpenSslIssueExtractPubkey"":9.372199952602386,""dpkiManagementIssueCertificate"":74.75739997625351,""dpkiManagementOpenSslVerifyLeaf"":9.434800028800964,""dpkiManagementLeafAssertionSign"":12.286800026893616,""dpkiManagementLeafAssertionVerify"":9.638100028038025,""dpkiManagementOpenSslVerifyIssuerCA"":9.65829998254776,""dpkiManagementIssuerAssertionSign"":12.36930000782013,""dpkiManagementIssuerAssertionVerify"":9.171199977397919,""dpkiManagementVerifyRepositoryUpdateLocal"":0.0051000118255615234,""dpkiManagementBuildMpt"":3.161400020122528,""dpkiManagementPutCertAndRootTx"":58.884800016880035,""dpkiManagementRepositoryHttpVerify"":16.43129998445511}",1,6672188,0x6a2258fc4c28732d7e1a5e9feca9db3d88609b5510523084c5e1f2045f60a5f7
0,DPKI,235,management,true,false,441380.4761433886,450968.27464339003,451203.0668433593,234.7921999692917,0,234.7921999692917,-1,0,2,0,"{""dpkiManagementDispatchHttp"":1.8069000244140625,""dpkiManagementRelayHttp"":0,""dpkiManagementHttpWindow"":5.13809996843338,""dpkiManagementOpenSslIssueKeygen"":24.626199960708618,""dpkiManagementOpenSslIssueCsr"":16.99729996919632,""dpkiManagementOpenSslIssueSignCert"":12.896999955177307,""dpkiManagementOpenSslIssueExtractPubkey"":8.809400022029877,""dpkiManagementIssueCertificate"":64.9602000117302,""dpkiManagementOpenSslVerifyLeaf"":9.808799982070923,""dpkiManagementLeafAssertionSign"":11.787800014019012,""dpkiManagementLeafAssertionVerify"":8.85589998960495,""dpkiManagementOpenSslVerifyIssuerCA"":9.386399984359741,""dpkiManagementIssuerAssertionSign"":12.179199993610382,""dpkiManagementIssuerAssertionVerify"":9.54040002822876,""dpkiManagementVerifyRepositoryUpdateLocal"":0.005800008773803711,""dpkiManagementBuildMpt"":2.9920000433921814,""dpkiManagementPutCertAndRootTx"":92.09460002183914,""dpkiManagementRepositoryHttpVerify"":5.420500040054321}",1,6672193,0x2fdf455c2447c5b5a221200eca3a7842e4f416200c0bf6a0bf228bd883bcf3cd
0,DPKI,236,management,true,false,442630.7276216245,452218.5261216259,452460.15042162896,241.62430000305176,0,241.62430000305176,-1,0,2,0,"{""dpkiManagementDispatchHttp"":3.5216999650001526,""dpkiManagementRelayHttp"":0,""dpkiManagementHttpWindow"":1.1679999828338623,""dpkiManagementOpenSslIssueKeygen"":45.010300040245056,""dpkiManagementOpenSslIssueCsr"":17.34229999780655,""dpkiManagementOpenSslIssueSignCert"":12.968699991703033,""dpkiManagementOpenSslIssueExtractPubkey"":8.947899997234344,""dpkiManagementIssueCertificate"":86.46099996566772,""dpkiManagementOpenSslVerifyLeaf"":9.550000011920929,""dpkiManagementLeafAssertionSign"":11.46670001745224,""dpkiManagementLeafAssertionVerify"":9.260499954223633,""dpkiManagementOpenSslVerifyIssuerCA"":9.173099994659424,""dpkiManagementIssuerAssertionSign"":11.571799993515015,""dpkiManagementIssuerAssertionVerify"":8.94700002670288,""dpkiManagementVerifyRepositoryUpdateLocal"":0.00550001859664917,""dpkiManagementBuildMpt"":2.3251999616622925,""dpkiManagementPutCertAndRootTx"":71.07409995794296,""dpkiManagementRepositoryHttpVerify"":16.39429998397827}",1,6672200,0xf1ffad85a76aa2841a6222eb8dd0338a589db7cf79362a3ede224d10dad12646
0,DPKI,237,management,true,false,443806.54364925885,453394.3421492603,453672.0534492757,277.7113000154495,0,277.7113000154495,-1,0,2,0,"{""dpkiManagementDispatchHttp"":12.251200020313263,""dpkiManagementRelayHttp"":0,""dpkiManagementHttpWindow"":14.846800029277802,""dpkiManagementOpenSslIssueKeygen"":69.55920004844666,""dpkiManagementOpenSslIssueCsr"":17.12119996547699,""dpkiManagementOpenSslIssueSignCert"":12.883300006389618,""dpkiManagementOpenSslIssueExtractPubkey"":8.242799997329712,""dpkiManagementIssueCertificate"":109.42790001630783,""dpkiManagementOpenSslVerifyLeaf"":9.012399971485138,""dpkiManagementLeafAssertionSign"":12.342299997806549,""dpkiManagementLeafAssertionVerify"":8.925399959087372,""dpkiManagementOpenSslVerifyIssuerCA"":8.786799967288971,""dpkiManagementIssuerAssertionSign"":11.382300019264221,""dpkiManagementIssuerAssertionVerify"":8.737399995326996,""dpkiManagementVerifyRepositoryUpdateLocal"":0.0048999786376953125,""dpkiManagementBuildMpt"":2.4113999605178833,""dpkiManagementPutCertAndRootTx"":61.85869997739792,""dpkiManagementRepositoryHttpVerify"":16.98010003566742}",1,6672204,0x0ec4c5acc55d7b92866603e6600074b1d158b1de3dbd8a632ddd3cb9a12d2381
0,DPKI,238,management,true,false,444741.02741649986,454328.8259165013,454547.93231651426,219.10640001296997,0,219.10640001296997,-1,0,2,0,"{""dpkiManagementDispatchHttp"":12.02369999885559,""dpkiManagementRelayHttp"":0,""dpkiManagementHttpWindow"":15.132600009441376,""dpkiManagementOpenSslIssueKeygen"":27.66820001602173,""dpkiManagementOpenSslIssueCsr"":17.422899961471558,""dpkiManagementOpenSslIssueSignCert"":13.338099956512451,""dpkiManagementOpenSslIssueExtractPubkey"":8.838800013065338,""dpkiManagementIssueCertificate"":68.75440001487732,""dpkiManagementOpenSslVerifyLeaf"":9.05790001153946,""dpkiManagementLeafAssertionSign"":11.62689995765686,""dpkiManagementLeafAssertionVerify"":9.282999992370605,""dpkiManagementOpenSslVerifyIssuerCA"":9.059599995613098,""dpkiManagementIssuerAssertionSign"":12.345899999141693,""dpkiManagementIssuerAssertionVerify"":8.971499979496002,""dpkiManagementVerifyRepositoryUpdateLocal"":0.0051999688148498535,""dpkiManagementBuildMpt"":2.305299997329712,""dpkiManagementPutCertAndRootTx"":54.2804000377655,""dpkiManagementRepositoryHttpVerify"":5.411300003528595}",1,6672210,0x4b2c5b003e0e14488b271b86f69f98e840c4d4eebf3c422b84bc0f89c0ab7064
0,DPKI,239,management,true,false,446071.8679342261,455659.66643422755,455859.8776342264,200.2111999988556,0,200.2111999988556,-1,0,2,0,"{""dpkiManagementDispatchHttp"":0.7942000031471252,""dpkiManagementRelayHttp"":0,""dpkiManagementHttpWindow"":3.65530002117157,""dpkiManagementOpenSslIssueKeygen"":38.106500029563904,""dpkiManagementOpenSslIssueCsr"":17.224100053310394,""dpkiManagementOpenSslIssueSignCert"":12.74099999666214,""dpkiManagementOpenSslIssueExtractPubkey"":8.411300003528595,""dpkiManagementIssueCertificate"":78.11489999294281,""dpkiManagementOpenSslVerifyLeaf"":9.32480001449585,""dpkiManagementLeafAssertionSign"":11.689000010490417,""dpkiManagementLeafAssertionVerify"":9.224500000476837,""dpkiManagementOpenSslVerifyIssuerCA"":9.261500000953674,""dpkiManagementIssuerAssertionSign"":11.908199965953827,""dpkiManagementIssuerAssertionVerify"":9.435100018978119,""dpkiManagementVerifyRepositoryUpdateLocal"":0.006099998950958252,""dpkiManagementBuildMpt"":2.326799988746643,""dpkiManagementPutCertAndRootTx"":48.27369999885559,""dpkiManagementRepositoryHttpVerify"":5.484399974346161}",1,6672213,0xac467f03c2a3ffcf16586f7ad372383655b5c801dec65d7b2cdee8e4174d3572
0,DPKI,240,management,true,false,448004.2910915073,457592.08959150873,457856.36079151,264.2712000012398,0,264.2712000012398,-1,0,2,0,"{""dpkiManagementDispatchHttp"":23.882200002670288,""dpkiManagementRelayHttp"":0,""dpkiManagementHttpWindow"":3.4674999713897705,""dpkiManagementOpenSslIssueKeygen"":36.76840001344681,""dpkiManagementOpenSslIssueCsr"":17.794399976730347,""dpkiManagementOpenSslIssueSignCert"":14.52759999036789,""dpkiManagementOpenSslIssueExtractPubkey"":8.850699961185455,""dpkiManagementIssueCertificate"":79.41750001907349,""dpkiManagementOpenSslVerifyLeaf"":8.569000005722046,""dpkiManagementLeafAssertionSign"":11.7292999625206,""dpkiManagementLeafAssertionVerify"":8.989199995994568,""dpkiManagementOpenSslVerifyIssuerCA"":9.365100026130676,""dpkiManagementIssuerAssertionSign"":12.164499998092651,""dpkiManagementIssuerAssertionVerify"":9.012099981307983,""dpkiManagementVerifyRepositoryUpdateLocal"":0.005299985408782959,""dpkiManagementBuildMpt"":3.4641000032424927,""dpkiManagementPutCertAndRootTx"":85.63199996948242,""dpkiManagementRepositoryHttpVerify"":7.875}",1,6672217,0x5159bae0b0f15ec58f59dcf911a6cb356438a4f3686988aa1b50f77419dabefd
0,DPKI,241,management,true,false,448502.5104533802,458090.3089533816,458349.7699533473,259.4609999656677,0,259.4609999656677,-1,0,2,0,"{""dpkiManagementDispatchHttp"":4.418099999427795,""dpkiManagementRelayHttp"":0,""dpkiManagementHttpWindow"":0.2369999885559082,""dpkiManagementOpenSslIssueKeygen"":23.342599987983704,""dpkiManagementOpenSslIssueCsr"":17.34830003976822,""dpkiManagementOpenSslIssueSignCert"":12.913399994373322,""dpkiManagementOpenSslIssueExtractPubkey"":8.46119999885559,""dpkiManagementIssueCertificate"":63.82480001449585,""dpkiManagementOpenSslVerifyLeaf"":9.206699967384338,""dpkiManagementLeafAssertionSign"":11.497899949550629,""dpkiManagementLeafAssertionVerify"":9.454099953174591,""dpkiManagementOpenSslVerifyIssuerCA"":9.077600002288818,""dpkiManagementIssuerAssertionSign"":11.799800038337708,""dpkiManagementIssuerAssertionVerify"":9.864499986171722,""dpkiManagementVerifyRepositoryUpdateLocal"":0.00550001859664917,""dpkiManagementBuildMpt"":2.4383000135421753,""dpkiManagementPutCertAndRootTx"":122.32889997959137,""dpkiManagementRepositoryHttpVerify"":4.356400012969971}",1,6672223,0x7e77685b9ea6837e5d77659c947110e28d6c60976168ecbfbbcee714b9be672f
0,DPKI,242,management,true,false,448622.57919943484,458210.37769943627,458475.1368533741,264.7591539378045,2.2601539249299094,262.4990000128746,-1,0,2,0,"{""dpkiManagementDispatchHttp"":24.789099991321564,""dpkiManagementRelayHttp"":0,""dpkiManagementHttpWindow"":2.015399992465973,""dpkiManagementOpenSslIssueKeygen"":36.484499990940094,""dpkiManagementOpenSslIssueCsr"":20.90549999475479,""dpkiManagementOpenSslIssueSignCert"":17.345099985599518,""dpkiManagementOpenSslIssueExtractPubkey"":12.544200003147125,""dpkiManagementIssueCertificate"":88.90310001373291,""dpkiManagementOpenSslVerifyLeaf"":11.403999984264374,""dpkiManagementLeafAssertionSign"":12.45849996805191,""dpkiManagementLeafAssertionVerify"":10.701900005340576,""dpkiManagementOpenSslVerifyIssuerCA"":9.25629997253418,""dpkiManagementIssuerAssertionSign"":12.711600005626678,""dpkiManagementIssuerAssertionVerify"":9.191999971866608,""dpkiManagementVerifyRepositoryUpdateLocal"":0.005399942398071289,""dpkiManagementBuildMpt"":2.435100018978119,""dpkiManagementPutCertAndRootTx"":73.03780001401901,""dpkiManagementRepositoryHttpVerify"":4.812700033187866}",1,6672229,0x05e63e60928359c50b9d7d7e584a1e28fcb65dd9d8df08426734d3a07745582c
0,DPKI,243,management,true,false,450954.91120125126,460542.7097012527,460833.67520124983,290.965499997139,0,290.965499997139,-1,0,2,0,"{""dpkiManagementDispatchHttp"":4.010800004005432,""dpkiManagementRelayHttp"":0,""dpkiManagementHttpWindow"":7.1176000237464905,""dpkiManagementOpenSslIssueKeygen"":69.90940004587173,""dpkiManagementOpenSslIssueCsr"":16.78899997472763,""dpkiManagementOpenSslIssueSignCert"":13.517099976539612,""dpkiManagementOpenSslIssueExtractPubkey"":9.175399959087372,""dpkiManagementIssueCertificate"":110.8953999876976,""dpkiManagementOpenSslVerifyLeaf"":9.37830001115799,""dpkiManagementLeafAssertionSign"":12.881700038909912,""dpkiManagementLeafAssertionVerify"":10.667400002479553,""dpkiManagementOpenSslVerifyIssuerCA"":9.993600010871887,""dpkiManagementIssuerAssertionSign"":12.544099986553192,""dpkiManagementIssuerAssertionVerify"":9.45169997215271,""dpkiManagementVerifyRepositoryUpdateLocal"":0.0056999921798706055,""dpkiManagementBuildMpt"":3.1478999853134155,""dpkiManagementPutCertAndRootTx"":96.37319999933243,""dpkiManagementRepositoryHttpVerify"":3.695300042629242}",1,6672233,0xb0f8a66ef459d3d96e9524dc01c05b468efa42fe6a9de1dd2bb015ba5d5b8a1a
0,DPKI,244,management,true,false,451171.07778626255,460758.876286264,461082.9099862533,324.03369998931885,0,324.03369998931885,-1,0,2,0,"{""dpkiManagementDispatchHttp"":10.292599976062775,""dpkiManagementRelayHttp"":0,""dpkiManagementHttpWindow"":15.573300004005432,""dpkiManagementOpenSslIssueKeygen"":47.98199999332428,""dpkiManagementOpenSslIssueCsr"":17.497300028800964,""dpkiManagementOpenSslIssueSignCert"":13.254899978637695,""dpkiManagementOpenSslIssueExtractPubkey"":9.21720004081726,""dpkiManagementIssueCertificate"":89.41119998693466,""dpkiManagementOpenSslVerifyLeaf"":9.551199972629547,""dpkiManagementLeafAssertionSign"":12.115899980068207,""dpkiManagementLeafAssertionVerify"":10.067000031471252,""dpkiManagementOpenSslVerifyIssuerCA"":9.520900011062622,""dpkiManagementIssuerAssertionSign"":18.433799982070923,""dpkiManagementIssuerAssertionVerify"":9.57339996099472,""dpkiManagementVerifyRepositoryUpdateLocal"":0.004800021648406982,""dpkiManagementBuildMpt"":2.3634999990463257,""dpkiManagementPutCertAndRootTx"":118.89100003242493,""dpkiManagementRepositoryHttpVerify"":17.448200047016144}",1,6672236,0x42c55e56360b581b19357e2ffa864649323218d3e28e8ecacd4e6e78fa32fdb3
0,DPKI,245,management,true,false,452193.7782036901,461781.5767036915,461982.22430368664,200.64759999513626,0,200.64759999513626,-1,0,2,0,"{""dpkiManagementDispatchHttp"":0.6470000147819519,""dpkiManagementRelayHttp"":0,""dpkiManagementHttpWindow"":1.1789999604225159,""dpkiManagementOpenSslIssueKeygen"":18.73369997739792,""dpkiManagementOpenSslIssueCsr"":17.513199985027313,""dpkiManagementOpenSslIssueSignCert"":13.805000007152557,""dpkiManagementOpenSslIssueExtractPubkey"":9.554400026798248,""dpkiManagementIssueCertificate"":61.0663999915123,""dpkiManagementOpenSslVerifyLeaf"":9.69269996881485,""dpkiManagementLeafAssertionSign"":11.816999971866608,""dpkiManagementLeafAssertionVerify"":9.379299998283386,""dpkiManagementOpenSslVerifyIssuerCA"":8.9792999625206,""dpkiManagementIssuerAssertionSign"":11.844999969005585,""dpkiManagementIssuerAssertionVerify"":9.5417999625206,""dpkiManagementVerifyRepositoryUpdateLocal"":0.006099998950958252,""dpkiManagementBuildMpt"":2.3240000009536743,""dpkiManagementPutCertAndRootTx"":69.87380003929138,""dpkiManagementRepositoryHttpVerify"":3.5403000116348267}",1,6672240,0x1d1bb25fd2103447cb92c6719deed98be392a0d2c7ceecff2d0e1267630f6a47
0,DPKI,246,management,true,false,454789.2553616814,464377.0538616828,464625.51846164983,248.46459996700287,0,248.46459996700287,-1,0,2,0,"{""dpkiManagementDispatchHttp"":1.1173999905586243,""dpkiManagementRelayHttp"":0,""dpkiManagementHttpWindow"":5.3188000321388245,""dpkiManagementOpenSslIssueKeygen"":16.098399996757507,""dpkiManagementOpenSslIssueCsr"":16.702100038528442,""dpkiManagementOpenSslIssueSignCert"":13.291000008583069,""dpkiManagementOpenSslIssueExtractPubkey"":9.065999984741211,""dpkiManagementIssueCertificate"":56.62000000476837,""dpkiManagementOpenSslVerifyLeaf"":9.389800012111664,""dpkiManagementLeafAssertionSign"":12.138800024986267,""dpkiManagementLeafAssertionVerify"":9.711399972438812,""dpkiManagementOpenSslVerifyIssuerCA"":9.224399983882904,""dpkiManagementIssuerAssertionSign"":12.883000016212463,""dpkiManagementIssuerAssertionVerify"":9.480400025844574,""dpkiManagementVerifyRepositoryUpdateLocal"":0.004999995231628418,""dpkiManagementBuildMpt"":2.313199996948242,""dpkiManagementPutCertAndRootTx"":114.87189996242523,""dpkiManagementRepositoryHttpVerify"":4.6039000153541565}",1,6672245,0x7bcb82f5b388bdf8d124db91d23650783d2a16612f4b1eed07d9bf978ed75d8d
0,DPKI,247,management,true,false,455511.50772045227,465099.3062204537,465389.7039204654,290.3977000117302,0,290.3977000117302,-1,0,2,0,"{""dpkiManagementDispatchHttp"":1.350000023841858,""dpkiManagementRelayHttp"":0,""dpkiManagementHttpWindow"":1.6960999965667725,""dpkiManagementOpenSslIssueKeygen"":74.47909998893738,""dpkiManagementOpenSslIssueCsr"":17.85450005531311,""dpkiManagementOpenSslIssueSignCert"":13.316799998283386,""dpkiManagementOpenSslIssueExtractPubkey"":8.76309996843338,""dpkiManagementIssueCertificate"":115.8581999540329,""dpkiManagementOpenSslVerifyLeaf"":9.181300044059753,""dpkiManagementLeafAssertionSign"":12.38239997625351,""dpkiManagementLeafAssertionVerify"":9.418799996376038,""dpkiManagementOpenSslVerifyIssuerCA"":9.014899969100952,""dpkiManagementIssuerAssertionSign"":12.254899978637695,""dpkiManagementIssuerAssertionVerify"":9.456799983978271,""dpkiManagementVerifyRepositoryUpdateLocal"":0.005800008773803711,""dpkiManagementBuildMpt"":2.5212000012397766,""dpkiManagementPutCertAndRootTx"":88.95239996910095,""dpkiManagementRepositoryHttpVerify"":17.455900013446808}",1,6672249,0x3f3cb0eb541db9cc39065a8ac9be7d2a70e74bffac56628f3b9270f103508d2d
0,DPKI,248,management,true,false,458151.6942698363,467739.4927698377,468047.9320698384,308.4393000006676,0,308.4393000006676,-1,0,2,0,"{""dpkiManagementDispatchHttp"":27.125899970531464,""dpkiManagementRelayHttp"":0,""dpkiManagementHttpWindow"":15.319100022315979,""dpkiManagementOpenSslIssueKeygen"":41.490700006484985,""dpkiManagementOpenSslIssueCsr"":17.692900002002716,""dpkiManagementOpenSslIssueSignCert"":13.835999965667725,""dpkiManagementOpenSslIssueExtractPubkey"":9.034099996089935,""dpkiManagementIssueCertificate"":83.5615000128746,""dpkiManagementOpenSslVerifyLeaf"":9.689999997615814,""dpkiManagementLeafAssertionSign"":12.373199999332428,""dpkiManagementLeafAssertionVerify"":9.363399982452393,""dpkiManagementOpenSslVerifyIssuerCA"":9.313099980354309,""dpkiManagementIssuerAssertionSign"":12.525499999523163,""dpkiManagementIssuerAssertionVerify"":9.511099994182587,""dpkiManagementVerifyRepositoryUpdateLocal"":0.0056999921798706055,""dpkiManagementBuildMpt"":2.348800003528595,""dpkiManagementPutCertAndRootTx"":99.39179998636246,""dpkiManagementRepositoryHttpVerify"":16.960900008678436}",1,6672254,0xa810ab5f8a8a4d5461723e7d07035ea0e5a42e67a2c9099c9673fd02c5ff1484
0,DPKI,249,management,true,false,463959.1388356612,473546.9373356626,473809.4535356686,262.51620000600815,0,262.51620000600815,-1,0,2,0,"{""dpkiManagementDispatchHttp"":10.013499975204468,""dpkiManagementRelayHttp"":0,""dpkiManagementHttpWindow"":17.96450001001358,""dpkiManagementOpenSslIssueKeygen"":30.207599997520447,""dpkiManagementOpenSslIssueCsr"":17.43529999256134,""dpkiManagementOpenSslIssueSignCert"":13.075500011444092,""dpkiManagementOpenSslIssueExtractPubkey"":8.810699999332428,""dpkiManagementIssueCertificate"":71.08789998292923,""dpkiManagementOpenSslVerifyLeaf"":9.456000030040741,""dpkiManagementLeafAssertionSign"":11.538699984550476,""dpkiManagementLeafAssertionVerify"":8.920800030231476,""dpkiManagementOpenSslVerifyIssuerCA"":9.29040002822876,""dpkiManagementIssuerAssertionSign"":11.872099995613098,""dpkiManagementIssuerAssertionVerify"":9.733399987220764,""dpkiManagementVerifyRepositoryUpdateLocal"":0.0054000020027160645,""dpkiManagementBuildMpt"":2.4038999676704407,""dpkiManagementPutCertAndRootTx"":82.66390001773834,""dpkiManagementRepositoryHttpVerify"":16.752900004386902}",1,6672259,0x561fa7c814fe49d86c035f989b066ba2f84178f9ec4d628d43641587781d041c
0,DPKI,250,management,true,false,464526.6205350905,474114.41903509194,474407.86323507124,293.44419997930527,0,293.44419997930527,-1,0,2,0,"{""dpkiManagementDispatchHttp"":11.921499967575073,""dpkiManagementRelayHttp"":0,""dpkiManagementHttpWindow"":15.267700016498566,""dpkiManagementOpenSslIssueKeygen"":37.178799986839294,""dpkiManagementOpenSslIssueCsr"":17.05739998817444,""dpkiManagementOpenSslIssueSignCert"":14.09630000591278,""dpkiManagementOpenSslIssueExtractPubkey"":9.064000010490417,""dpkiManagementIssueCertificate"":78.8701999783516,""dpkiManagementOpenSslVerifyLeaf"":9.523999989032745,""dpkiManagementLeafAssertionSign"":12.666200041770935,""dpkiManagementLeafAssertionVerify"":8.997600018978119,""dpkiManagementOpenSslVerifyIssuerCA"":9.42330002784729,""dpkiManagementIssuerAssertionSign"":11.487500011920929,""dpkiManagementIssuerAssertionVerify"":8.936899960041046,""dpkiManagementVerifyRepositoryUpdateLocal"":0.005300045013427734,""dpkiManagementBuildMpt"":2.4109999537467957,""dpkiManagementPutCertAndRootTx"":106.98429995775223,""dpkiManagementRepositoryHttpVerify"":16.226599991321564}",1,6672264,0x023a96c168cfdd0f29ce03b0e62cfdb53be0a1f93ddfdad9676baddb2a42262f
0,DPKI,251,management,true,false,465652.36821860797,475240.1667186094,475477.3232185913,237.1564999818802,0,237.1564999818802,-1,0,2,0,"{""dpkiManagementDispatchHttp"":0.9576999545097351,""dpkiManagementRelayHttp"":0,""dpkiManagementHttpWindow"":11.597799956798553,""dpkiManagementOpenSslIssueKeygen"":21.98030000925064,""dpkiManagementOpenSslIssueCsr"":17.7078999876976,""dpkiManagementOpenSslIssueSignCert"":13.796599984169006,""dpkiManagementOpenSslIssueExtractPubkey"":9.37009996175766,""dpkiManagementIssueCertificate"":64.31239998340607,""dpkiManagementOpenSslVerifyLeaf"":10.056899964809418,""dpkiManagementLeafAssertionSign"":12.872200012207031,""dpkiManagementLeafAssertionVerify"":9.539499998092651,""dpkiManagementOpenSslVerifyIssuerCA"":9.148000001907349,""dpkiManagementIssuerAssertionSign"":11.95329999923706,""dpkiManagementIssuerAssertionVerify"":9.340200006961823,""dpkiManagementVerifyRepositoryUpdateLocal"":0.005800008773803711,""dpkiManagementBuildMpt"":2.3877000212669373,""dpkiManagementPutCertAndRootTx"":85.69840002059937,""dpkiManagementRepositoryHttpVerify"":8.441799998283386}",1,6672269,0xdf25437167fd2f97fe7eaffc7d954b1bbe550ca976e32fc6412b7be137f3555a
0,DPKI,252,management,true,false,465999.7487851144,475587.5472851158,475888.06028506765,300.51299995183945,0,300.51299995183945,-1,0,2,0,"{""dpkiManagementDispatchHttp"":20.535700023174286,""dpkiManagementRelayHttp"":0,""dpkiManagementHttpWindow"":15.451000034809113,""dpkiManagementOpenSslIssueKeygen"":38.593100011348724,""dpkiManagementOpenSslIssueCsr"":17.57940000295639,""dpkiManagementOpenSslIssueSignCert"":13.130100011825562,""dpkiManagementOpenSslIssueExtractPubkey"":8.809099972248077,""dpkiManagementIssueCertificate"":79.59020000696182,""dpkiManagementOpenSslVerifyLeaf"":8.95169997215271,""dpkiManagementLeafAssertionSign"":11.847800016403198,""dpkiManagementLeafAssertionVerify"":9.376500010490417,""dpkiManagementOpenSslVerifyIssuerCA"":9.375400006771088,""dpkiManagementIssuerAssertionSign"":12.81300002336502,""dpkiManagementIssuerAssertionVerify"":9.712000012397766,""dpkiManagementVerifyRepositoryUpdateLocal"":0.006600022315979004,""dpkiManagementBuildMpt"":2.4544999599456787,""dpkiManagementPutCertAndRootTx"":101.99959999322891,""dpkiManagementRepositoryHttpVerify"":17.63289999961853}",1,6672275,0xf7c709686a0570a652af35ec8006a83c26f4af305372fec8f1415fcda5e4bfc5
0,DPKI,253,management,true,false,468205.8706856192,477793.6691856206,478071.5596856297,277.8905000090599,0,277.8905000090599,-1,0,2,0,"{""dpkiManagementDispatchHttp"":41.70229995250702,""dpkiManagementRelayHttp"":0,""dpkiManagementHttpWindow"":5.089399993419647,""dpkiManagementOpenSslIssueKeygen"":31.910299956798553,""dpkiManagementOpenSslIssueCsr"":17.711899995803833,""dpkiManagementOpenSslIssueSignCert"":13.188199996948242,""dpkiManagementOpenSslIssueExtractPubkey"":8.510399997234344,""dpkiManagementIssueCertificate"":72.9151000380516,""dpkiManagementOpenSslVerifyLeaf"":9.024999976158142,""dpkiManagementLeafAssertionSign"":11.540600001811981,""dpkiManagementLeafAssertionVerify"":9.438100039958954,""dpkiManagementOpenSslVerifyIssuerCA"":8.668899953365326,""dpkiManagementIssuerAssertionSign"":12.009400010108948,""dpkiManagementIssuerAssertionVerify"":9.287800014019012,""dpkiManagementVerifyRepositoryUpdateLocal"":0.0059999823570251465,""dpkiManagementBuildMpt"":2.3995999693870544,""dpkiManagementPutCertAndRootTx"":78.63539999723434,""dpkiManagementRepositoryHttpVerify"":16.410299956798553}",1,6672278,0x7187f1c20aa0618acb3d15192a718c2e69f2f0dcbb111c8b5afbf1fc988d94b8
0,DPKI,254,management,true,false,469936.1941745484,479523.9926745498,479809.88327451586,285.8905999660492,0,285.8905999660492,-1,0,2,0,"{""dpkiManagementDispatchHttp"":3.8793999552726746,""dpkiManagementRelayHttp"":0,""dpkiManagementHttpWindow"":8.59610003232956,""dpkiManagementOpenSslIssueKeygen"":27.508199989795685,""dpkiManagementOpenSslIssueCsr"":17.755800008773804,""dpkiManagementOpenSslIssueSignCert"":13.060599982738495,""dpkiManagementOpenSslIssueExtractPubkey"":9.01089996099472,""dpkiManagementIssueCertificate"":69.12239998579025,""dpkiManagementOpenSslVerifyLeaf"":9.620500028133392,""dpkiManagementLeafAssertionSign"":11.875100016593933,""dpkiManagementLeafAssertionVerify"":9.05699998140335,""dpkiManagementOpenSslVerifyIssuerCA"":9.37830001115799,""dpkiManagementIssuerAssertionSign"":11.974200010299683,""dpkiManagementIssuerAssertionVerify"":9.412099957466125,""dpkiManagementVerifyRepositoryUpdateLocal"":0.005800008773803711,""dpkiManagementBuildMpt"":2.3234999775886536,""dpkiManagementPutCertAndRootTx"":130.94940000772476,""dpkiManagementRepositoryHttpVerify"":8.906000018119812}",1,6672282,0x1bac2b783f34bb1329008bcb73669eff71d6d058460f315906e97189c1e84010
0,DPKI,255,management,true,false,471180.7692793924,480768.5677793938,481088.70417937817,320.13639998435974,0,320.13639998435974,-1,0,2,0,"{""dpkiManagementDispatchHttp"":20.21969997882843,""dpkiManagementRelayHttp"":0,""dpkiManagementHttpWindow"":15.98030000925064,""dpkiManagementOpenSslIssueKeygen"":47.24629998207092,""dpkiManagementOpenSslIssueCsr"":20.20719999074936,""dpkiManagementOpenSslIssueSignCert"":15.873600006103516,""dpkiManagementOpenSslIssueExtractPubkey"":9.104099988937378,""dpkiManagementIssueCertificate"":93.97510004043579,""dpkiManagementOpenSslVerifyLeaf"":9.670300006866455,""dpkiManagementLeafAssertionSign"":12.68369996547699,""dpkiManagementLeafAssertionVerify"":9.757600009441376,""dpkiManagementOpenSslVerifyIssuerCA"":9.121299982070923,""dpkiManagementIssuerAssertionSign"":11.983200013637543,""dpkiManagementIssuerAssertionVerify"":9.382200002670288,""dpkiManagementVerifyRepositoryUpdateLocal"":0.005200028419494629,""dpkiManagementBuildMpt"":3.476300001144409,""dpkiManagementPutCertAndRootTx"":117.25419998168945,""dpkiManagementRepositoryHttpVerify"":5.867300033569336}",1,6672289,0x905056ad487111cc8d4ad7b9b4910f3ce62335c9421f7acc48556d5e03aad9a2
0,DPKI,256,management,true,false,474215.3272028529,483803.1257028543,484046.08820283046,242.96249997615814,0,242.96249997615814,-1,0,2,0,"{""dpkiManagementDispatchHttp"":24.211399972438812,""dpkiManagementRelayHttp"":0,""dpkiManagementHttpWindow"":14.967199981212616,""dpkiManagementOpenSslIssueKeygen"":31.06850004196167,""dpkiManagementOpenSslIssueCsr"":17.615899980068207,""dpkiManagementOpenSslIssueSignCert"":13.908399999141693,""dpkiManagementOpenSslIssueExtractPubkey"":9.443900048732758,""dpkiManagementIssueCertificate"":73.63709998130798,""dpkiManagementOpenSslVerifyLeaf"":9.711600005626678,""dpkiManagementLeafAssertionSign"":13.000600039958954,""dpkiManagementLeafAssertionVerify"":9.869099974632263,""dpkiManagementOpenSslVerifyIssuerCA"":9.903999984264374,""dpkiManagementIssuerAssertionSign"":12.62229996919632,""dpkiManagementIssuerAssertionVerify"":9.442600011825562,""dpkiManagementVerifyRepositoryUpdateLocal"":0.005600035190582275,""dpkiManagementBuildMpt"":2.5187999606132507,""dpkiManagementPutCertAndRootTx"":45.44339996576309,""dpkiManagementRepositoryHttpVerify"":16.821700036525726}",1,6672294,0xb167c614c7d9f7465aa13e22ed3b5c9be48a1b3b01376e96a00f217b9fed4758
0,DPKI,257,management,true,false,475370.20518678776,484958.0036867892,485220.81678682915,262.81310003995895,0,262.81310003995895,-1,0,2,0,"{""dpkiManagementDispatchHttp"":11.791800022125244,""dpkiManagementRelayHttp"":0,""dpkiManagementHttpWindow"":0.2232000231742859,""dpkiManagementOpenSslIssueKeygen"":52.831100046634674,""dpkiManagementOpenSslIssueCsr"":17.009299993515015,""dpkiManagementOpenSslIssueSignCert"":12.771899998188019,""dpkiManagementOpenSslIssueExtractPubkey"":8.380400002002716,""dpkiManagementIssueCertificate"":92.57670003175735,""dpkiManagementOpenSslVerifyLeaf"":9.006399989128113,""dpkiManagementLeafAssertionSign"":12.427600026130676,""dpkiManagementLeafAssertionVerify"":9.371899962425232,""dpkiManagementOpenSslVerifyIssuerCA"":8.697799980640411,""dpkiManagementIssuerAssertionSign"":11.727899968624115,""dpkiManagementIssuerAssertionVerify"":9.52159994840622,""dpkiManagementVerifyRepositoryUpdateLocal"":0.0067999958992004395,""dpkiManagementBuildMpt"":2.4419999718666077,""dpkiManagementPutCertAndRootTx"":90.37319999933243,""dpkiManagementRepositoryHttpVerify"":3.892900049686432}",1,6672298,0x9e11650b9f9cc3da12068f7ac6ee0491fe19a0f86982110cc50a974bc2d353b8
0,DPKI,258,management,true,false,477313.3903195219,486901.1888195233,487103.92501955794,202.73620003461838,0,202.73620003461838,-1,0,2,0,"{""dpkiManagementDispatchHttp"":1.4145999550819397,""dpkiManagementRelayHttp"":0,""dpkiManagementHttpWindow"":8.280399978160858,""dpkiManagementOpenSslIssueKeygen"":22.241099953651428,""dpkiManagementOpenSslIssueCsr"":17.301199972629547,""dpkiManagementOpenSslIssueSignCert"":14.293200016021729,""dpkiManagementOpenSslIssueExtractPubkey"":9.201700031757355,""dpkiManagementIssueCertificate"":64.48699998855591,""dpkiManagementOpenSslVerifyLeaf"":9.08569997549057,""dpkiManagementLeafAssertionSign"":12.07860004901886,""dpkiManagementLeafAssertionVerify"":11.412500023841858,""dpkiManagementOpenSslVerifyIssuerCA"":9.487900018692017,""dpkiManagementIssuerAssertionSign"":12.00110000371933,""dpkiManagementIssuerAssertionVerify"":9.350500047206879,""dpkiManagementVerifyRepositoryUpdateLocal"":0.005800008773803711,""dpkiManagementBuildMpt"":2.384599983692169,""dpkiManagementPutCertAndRootTx"":56.25859999656677,""dpkiManagementRepositoryHttpVerify"":5.788299977779388}",1,6672301,0xed2b3b64b4626c831a1eb22389f08d92a5dbad115eaf49a7d7f4e81cabe9ea1b
0,DPKI,259,management,true,false,479415.02341401397,489002.8219140154,489293.9319140297,291.1100000143051,0,291.1100000143051,-1,0,2,0,"{""dpkiManagementDispatchHttp"":2.8994999527931213,""dpkiManagementRelayHttp"":0,""dpkiManagementHttpWindow"":3.402899980545044,""dpkiManagementOpenSslIssueKeygen"":84.86729997396469,""dpkiManagementOpenSslIssueCsr"":17.73800003528595,""dpkiManagementOpenSslIssueSignCert"":16.549899995326996,""dpkiManagementOpenSslIssueExtractPubkey"":10.216799974441528,""dpkiManagementIssueCertificate"":130.8905999660492,""dpkiManagementOpenSslVerifyLeaf"":9.636500000953674,""dpkiManagementLeafAssertionSign"":12.157000005245209,""dpkiManagementLeafAssertionVerify"":9.413399994373322,""dpkiManagementOpenSslVerifyIssuerCA"":9.113200008869171,""dpkiManagementIssuerAssertionSign"":12.455699980258942,""dpkiManagementIssuerAssertionVerify"":9.866800010204315,""dpkiManagementVerifyRepositoryUpdateLocal"":0.006099998950958252,""dpkiManagementBuildMpt"":2.4624000191688538,""dpkiManagementPutCertAndRootTx"":83.7888999581337,""dpkiManagementRepositoryHttpVerify"":4.2741000056266785}",1,6672306,0xb2395dea571d8f01868c9d907888d2d3f2ce10fcb75a34fba60eed9c586731ed
0,DPKI,260,management,true,false,482298.18893637584,491885.98743637727,492158.06393637584,272.0764999985695,0,272.0764999985695,-1,0,2,0,"{""dpkiManagementDispatchHttp"":4.726000010967255,""dpkiManagementRelayHttp"":0,""dpkiManagementHttpWindow"":19.45679998397827,""dpkiManagementOpenSslIssueKeygen"":39.45999997854233,""dpkiManagementOpenSslIssueCsr"":17.512000024318695,""dpkiManagementOpenSslIssueSignCert"":14.003899991512299,""dpkiManagementOpenSslIssueExtractPubkey"":9.213100016117096,""dpkiManagementIssueCertificate"":81.6913999915123,""dpkiManagementOpenSslVerifyLeaf"":9.536500036716461,""dpkiManagementLeafAssertionSign"":12.120899975299835,""dpkiManagementLeafAssertionVerify"":9.595399975776672,""dpkiManagementOpenSslVerifyIssuerCA"":9.573900043964386,""dpkiManagementIssuerAssertionSign"":12.081799983978271,""dpkiManagementIssuerAssertionVerify"":9.42409998178482,""dpkiManagementVerifyRepositoryUpdateLocal"":0.0056999921798706055,""dpkiManagementBuildMpt"":2.298200011253357,""dpkiManagementPutCertAndRootTx"":69.41629999876022,""dpkiManagementRepositoryHttpVerify"":31.388700008392334}",1,6672309,0xd8db052709599b31645fbe565dea7bb01aef9ff2c727120515bc14d7dc3857fd
0,DPKI,261,management,true,false,483220.7532287459,492808.5517287473,493084.3115287642,275.75980001688004,0,275.75980001688004,-1,0,2,0,"{""dpkiManagementDispatchHttp"":11.632799983024597,""dpkiManagementRelayHttp"":0,""dpkiManagementHttpWindow"":15.747399985790253,""dpkiManagementOpenSslIssueKeygen"":50.61419999599457,""dpkiManagementOpenSslIssueCsr"":18.19999998807907,""dpkiManagementOpenSslIssueSignCert"":13.626800000667572,""dpkiManagementOpenSslIssueExtractPubkey"":9.452300012111664,""dpkiManagementIssueCertificate"":93.40920001268387,""dpkiManagementOpenSslVerifyLeaf"":9.532400012016296,""dpkiManagementLeafAssertionSign"":12.214399993419647,""dpkiManagementLeafAssertionVerify"":9.257000029087067,""dpkiManagementOpenSslVerifyIssuerCA"":9.5174999833107,""dpkiManagementIssuerAssertionSign"":12.70219999551773,""dpkiManagementIssuerAssertionVerify"":9.83789998292923,""dpkiManagementVerifyRepositoryUpdateLocal"":0.005600035190582275,""dpkiManagementBuildMpt"":2.379700005054474,""dpkiManagementPutCertAndRootTx"":56.87629997730255,""dpkiManagementRepositoryHttpVerify"":31.895600020885468}",1,6672317,0xcea373abda2dfd797cb802a2783ee6469642fe5742df36ca1f59befba2c7b3b1
0,DPKI,262,management,true,false,483706.3121755854,493294.11067558685,493546.1695755855,252.05889999866486,0,252.05889999866486,-1,0,2,0,"{""dpkiManagementDispatchHttp"":0.8726000189781189,""dpkiManagementRelayHttp"":0,""dpkiManagementHttpWindow"":11.204199969768524,""dpkiManagementOpenSslIssueKeygen"":43.82299995422363,""dpkiManagementOpenSslIssueCsr"":18.040499985218048,""dpkiManagementOpenSslIssueSignCert"":14.122499942779541,""dpkiManagementOpenSslIssueExtractPubkey"":9.533500015735626,""dpkiManagementIssueCertificate"":86.97020000219345,""dpkiManagementOpenSslVerifyLeaf"":9.921000003814697,""dpkiManagementLeafAssertionSign"":12.636799991130829,""dpkiManagementLeafAssertionVerify"":9.537600040435791,""dpkiManagementOpenSslVerifyIssuerCA"":9.304099977016449,""dpkiManagementIssuerAssertionSign"":12.279599964618683,""dpkiManagementIssuerAssertionVerify"":9.315100014209747,""dpkiManagementVerifyRepositoryUpdateLocal"":0.006199955940246582,""dpkiManagementBuildMpt"":3.234299957752228,""dpkiManagementPutCertAndRootTx"":77.57460004091263,""dpkiManagementRepositoryHttpVerify"":8.429899990558624}",1,6672321,0x05dada3ae9894a14c23b9e82ac6b5546feb3357cc9c6215364987a78b91d6b93
0,DPKI,263,management,true,false,487244.6980756988,496832.49657570024,497104.3301756849,271.83359998464584,0,271.83359998464584,-1,0,2,0,"{""dpkiManagementDispatchHttp"":20.002600014209747,""dpkiManagementRelayHttp"":0,""dpkiManagementHttpWindow"":1.1765999794006348,""dpkiManagementOpenSslIssueKeygen"":48.139400005340576,""dpkiManagementOpenSslIssueCsr"":17.496200025081635,""dpkiManagementOpenSslIssueSignCert"":13.778599977493286,""dpkiManagementOpenSslIssueExtractPubkey"":9.301199972629547,""dpkiManagementIssueCertificate"":90.26370000839233,""dpkiManagementOpenSslVerifyLeaf"":9.221599996089935,""dpkiManagementLeafAssertionSign"":12.348200023174286,""dpkiManagementLeafAssertionVerify"":9.342899978160858,""dpkiManagementOpenSslVerifyIssuerCA"":9.411400020122528,""dpkiManagementIssuerAssertionSign"":13.38069999217987,""dpkiManagementIssuerAssertionVerify"":10.38459998369217,""dpkiManagementVerifyRepositoryUpdateLocal"":0.0055999755859375,""dpkiManagementBuildMpt"":2.3525999784469604,""dpkiManagementPutCertAndRootTx"":74.05390000343323,""dpkiManagementRepositoryHttpVerify"":19.10910004377365}",1,6672325,0x5e51900a91783b3d1ae1d5a8403420965ed1509811fe114d594e90809b18fc39
0,DPKI,264,management,true,false,488525.63803067745,498113.4365306789,498391.6185307199,278.182000041008,0,278.182000041008,-1,0,2,0,"{""dpkiManagementDispatchHttp"":24.690400004386902,""dpkiManagementRelayHttp"":0,""dpkiManagementHttpWindow"":15.120100021362305,""dpkiManagementOpenSslIssueKeygen"":58.72289997339249,""dpkiManagementOpenSslIssueCsr"":19.491699993610382,""dpkiManagementOpenSslIssueSignCert"":14.456100046634674,""dpkiManagementOpenSslIssueExtractPubkey"":10.088299989700317,""dpkiManagementIssueCertificate"":104.31859999895096,""dpkiManagementOpenSslVerifyLeaf"":10.25459998846054,""dpkiManagementLeafAssertionSign"":12.474999964237213,""dpkiManagementLeafAssertionVerify"":9.843200027942657,""dpkiManagementOpenSslVerifyIssuerCA"":9.820500016212463,""dpkiManagementIssuerAssertionSign"":13.008000016212463,""dpkiManagementIssuerAssertionVerify"":9.937900006771088,""dpkiManagementVerifyRepositoryUpdateLocal"":0.0055999755859375,""dpkiManagementBuildMpt"":2.5084999799728394,""dpkiManagementPutCertAndRootTx"":59.30790001153946,""dpkiManagementRepositoryHttpVerify"":6.073599994182587}",1,6672331,0xc0a99482dd3e4557e4ff37411b6b25ac1d4c005e2c501452e5a49758f659cf7f
0,DPKI,265,management,true,false,491035.47471376666,500623.2732137681,500955.0172137261,331.74399995803833,0,331.74399995803833,-1,0,2,0,"{""dpkiManagementDispatchHttp"":5.400499999523163,""dpkiManagementRelayHttp"":0,""dpkiManagementHttpWindow"":1.9765000343322754,""dpkiManagementOpenSslIssueKeygen"":26.773200035095215,""dpkiManagementOpenSslIssueCsr"":18.653799951076508,""dpkiManagementOpenSslIssueSignCert"":14.375599980354309,""dpkiManagementOpenSslIssueExtractPubkey"":9.73470002412796,""dpkiManagementIssueCertificate"":71.08539998531342,""dpkiManagementOpenSslVerifyLeaf"":10.397199988365173,""dpkiManagementLeafAssertionSign"":12.992399990558624,""dpkiManagementLeafAssertionVerify"":10.072399973869324,""dpkiManagementOpenSslVerifyIssuerCA"":10.52539998292923,""dpkiManagementIssuerAssertionSign"":12.652300000190735,""dpkiManagementIssuerAssertionVerify"":10.12770003080368,""dpkiManagementVerifyRepositoryUpdateLocal"":0.027899980545043945,""dpkiManagementBuildMpt"":2.447000026702881,""dpkiManagementPutCertAndRootTx"":167.44400000572205,""dpkiManagementRepositoryHttpVerify"":15.836999952793121}",1,6672335,0x877c64b0fa2e6b2a12c0103eceab9102eb20b6f9b8162655cebfc29cffbcb3ca
0,DPKI,266,management,true,false,495040.3238349601,504628.12233496155,504890.1800349399,262.0576999783516,0,262.0576999783516,-1,0,2,0,"{""dpkiManagementDispatchHttp"":12.57889997959137,""dpkiManagementRelayHttp"":0,""dpkiManagementHttpWindow"":15.344700038433075,""dpkiManagementOpenSslIssueKeygen"":18.74040001630783,""dpkiManagementOpenSslIssueCsr"":18.501599967479706,""dpkiManagementOpenSslIssueSignCert"":13.642400026321411,""dpkiManagementOpenSslIssueExtractPubkey"":9.461300015449524,""dpkiManagementIssueCertificate"":61.84409999847412,""dpkiManagementOpenSslVerifyLeaf"":10.140500009059906,""dpkiManagementLeafAssertionSign"":12.817200005054474,""dpkiManagementLeafAssertionVerify"":9.51120001077652,""dpkiManagementOpenSslVerifyIssuerCA"":9.726199984550476,""dpkiManagementIssuerAssertionSign"":12.880400002002716,""dpkiManagementIssuerAssertionVerify"":9.976700007915497,""dpkiManagementVerifyRepositoryUpdateLocal"":0.0067999958992004395,""dpkiManagementBuildMpt"":2.4521000385284424,""dpkiManagementPutCertAndRootTx"":87.84270000457764,""dpkiManagementRepositoryHttpVerify"":16.150099992752075}",1,6672339,0xd957be477d13c93b2a6d2f152fa07d97252f64f174b55ca30f6766a215d8b3fc
0,DPKI,267,management,true,false,495286.7431091089,504874.5416091103,505167.2155091185,292.6739000082016,0,292.6739000082016,-1,0,2,0,"{""dpkiManagementDispatchHttp"":12.216600000858307,""dpkiManagementRelayHttp"":0,""dpkiManagementHttpWindow"":2.7805999517440796,""dpkiManagementOpenSslIssueKeygen"":39.06170004606247,""dpkiManagementOpenSslIssueCsr"":18.22220003604889,""dpkiManagementOpenSslIssueSignCert"":23.200299978256226,""dpkiManagementOpenSslIssueExtractPubkey"":9.654399991035461,""dpkiManagementIssueCertificate"":91.60040003061295,""dpkiManagementOpenSslVerifyLeaf"":9.862999975681305,""dpkiManagementLeafAssertionSign"":13.787099957466125,""dpkiManagementLeafAssertionVerify"":10.246100008487701,""dpkiManagementOpenSslVerifyIssuerCA"":9.584699988365173,""dpkiManagementIssuerAssertionSign"":12.64079999923706,""dpkiManagementIssuerAssertionVerify"":9.8057000041008,""dpkiManagementVerifyRepositoryUpdateLocal"":0.005800008773803711,""dpkiManagementBuildMpt"":2.4380000233650208,""dpkiManagementPutCertAndRootTx"":85.94119995832443,""dpkiManagementRepositoryHttpVerify"":30.976700007915497}",1,6672344,0x290b81c3abeed9e8602171a627464ef9c180e29eeaee01f68afad1af833b370d
0,DPKI,268,management,true,false,496573.1058054766,506160.90430547803,506545.57950546354,384.67519998550415,0,384.67519998550415,-1,0,2,0,"{""dpkiManagementDispatchHttp"":11.941500008106232,""dpkiManagementRelayHttp"":0,""dpkiManagementHttpWindow"":4.967699944972992,""dpkiManagementOpenSslIssueKeygen"":103.70239996910095,""dpkiManagementOpenSslIssueCsr"":22.814000010490417,""dpkiManagementOpenSslIssueSignCert"":19.68290001153946,""dpkiManagementOpenSslIssueExtractPubkey"":12.723100006580353,""dpkiManagementIssueCertificate"":160.48329997062683,""dpkiManagementOpenSslVerifyLeaf"":10.48039996623993,""dpkiManagementLeafAssertionSign"":13.628799974918365,""dpkiManagementLeafAssertionVerify"":10.151799976825714,""dpkiManagementOpenSslVerifyIssuerCA"":10.225400030612946,""dpkiManagementIssuerAssertionSign"":13.132799983024597,""dpkiManagementIssuerAssertionVerify"":9.921600043773651,""dpkiManagementVerifyRepositoryUpdateLocal"":0.0055999755859375,""dpkiManagementBuildMpt"":3.1425999999046326,""dpkiManagementPutCertAndRootTx"":118.63109999895096,""dpkiManagementRepositoryHttpVerify"":17.124300003051758}",1,6672350,0x4568c229dae51ab14d024cfa216eedeaa41c2b316ebb6aaf422b902cd4aca0f7
0,DPKI,269,management,true,false,497043.9048294062,506631.7033294076,506937.1697293753,305.46639996767044,0,305.46639996767044,-1,0,2,0,"{""dpkiManagementDispatchHttp"":2.4294999837875366,""dpkiManagementRelayHttp"":0,""dpkiManagementHttpWindow"":22.761299967765808,""dpkiManagementOpenSslIssueKeygen"":39.31300002336502,""dpkiManagementOpenSslIssueCsr"":19.806300044059753,""dpkiManagementOpenSslIssueSignCert"":14.592899978160858,""dpkiManagementOpenSslIssueExtractPubkey"":9.779900014400482,""dpkiManagementIssueCertificate"":85.03749996423721,""dpkiManagementOpenSslVerifyLeaf"":10.85290002822876,""dpkiManagementLeafAssertionSign"":13.099399983882904,""dpkiManagementLeafAssertionVerify"":10.5867999792099,""dpkiManagementOpenSslVerifyIssuerCA"":10.101599991321564,""dpkiManagementIssuerAssertionSign"":13.02889996767044,""dpkiManagementIssuerAssertionVerify"":10.25110000371933,""dpkiManagementVerifyRepositoryUpdateLocal"":0.008000016212463379,""dpkiManagementBuildMpt"":4.132699966430664,""dpkiManagementPutCertAndRootTx"":105.9316999912262,""dpkiManagementRepositoryHttpVerify"":16.429800033569336}",1,6672355,0xf72ec1f14f6bb6395395f8ab47eb5836c2b236d37e8f13a23713566382a10e0e
0,DPKI,270,management,true,false,499518.28826605174,509106.08676605317,509355.53246604296,249.44569998979568,0,249.44569998979568,-1,0,2,0,"{""dpkiManagementDispatchHttp"":2.0615000128746033,""dpkiManagementRelayHttp"":0,""dpkiManagementHttpWindow"":5.538500010967255,""dpkiManagementOpenSslIssueKeygen"":36.10989999771118,""dpkiManagementOpenSslIssueCsr"":18.700100004673004,""dpkiManagementOpenSslIssueSignCert"":14.254499971866608,""dpkiManagementOpenSslIssueExtractPubkey"":9.511699974536896,""dpkiManagementIssueCertificate"":80.18389999866486,""dpkiManagementOpenSslVerifyLeaf"":9.872699975967407,""dpkiManagementLeafAssertionSign"":14.648000001907349,""dpkiManagementLeafAssertionVerify"":13.88510000705719,""dpkiManagementOpenSslVerifyIssuerCA"":9.993400037288666,""dpkiManagementIssuerAssertionSign"":12.27240002155304,""dpkiManagementIssuerAssertionVerify"":9.65420001745224,""dpkiManagementVerifyRepositoryUpdateLocal"":0.00550001859664917,""dpkiManagementBuildMpt"":3.10970002412796,""dpkiManagementPutCertAndRootTx"":82.69440001249313,""dpkiManagementRepositoryHttpVerify"":4.762700021266937}",1,6672358,0x9e1150bd4bafef8601543a71a2aea6e8d363693d36b6402d972bf6bac71f8a1e
0,DPKI,271,management,true,false,503311.9918423629,512899.79034236434,513390.25794241193,490.46760004758835,0,490.46760004758835,-1,0,2,0,"{""dpkiManagementDispatchHttp"":23.946999967098236,""dpkiManagementRelayHttp"":0,""dpkiManagementHttpWindow"":2.422599971294403,""dpkiManagementOpenSslIssueKeygen"":43.244599997997284,""dpkiManagementOpenSslIssueCsr"":18.644900023937225,""dpkiManagementOpenSslIssueSignCert"":15.152700006961823,""dpkiManagementOpenSslIssueExtractPubkey"":10.03030002117157,""dpkiManagementIssueCertificate"":88.95569998025894,""dpkiManagementOpenSslVerifyLeaf"":10.92330002784729,""dpkiManagementLeafAssertionSign"":13.0589000582695,""dpkiManagementLeafAssertionVerify"":10.071300029754639,""dpkiManagementOpenSslVerifyIssuerCA"":11.089299976825714,""dpkiManagementIssuerAssertionSign"":13.97819995880127,""dpkiManagementIssuerAssertionVerify"":10.401199996471405,""dpkiManagementVerifyRepositoryUpdateLocal"":0.008599996566772461,""dpkiManagementBuildMpt"":4.255799949169159,""dpkiManagementPutCertAndRootTx"":284.58100003004074,""dpkiManagementRepositoryHttpVerify"":15.874800026416779}",1,6672363,0xb2fcfd7b8e0b985e9b6b60841d5b3e5e81a67009a895f8e272a129632c68cb5a
0,DPKI,272,management,true,false,503700.4129559749,513288.21145597636,513612.75345597207,324.54199999570847,0,324.54199999570847,-1,0,2,0,"{""dpkiManagementDispatchHttp"":5.32370001077652,""dpkiManagementRelayHttp"":0,""dpkiManagementHttpWindow"":3.404799997806549,""dpkiManagementOpenSslIssueKeygen"":40.566799998283386,""dpkiManagementOpenSslIssueCsr"":19.25620001554489,""dpkiManagementOpenSslIssueSignCert"":16.028400003910065,""dpkiManagementOpenSslIssueExtractPubkey"":11.159000039100647,""dpkiManagementIssueCertificate"":88.57289999723434,""dpkiManagementOpenSslVerifyLeaf"":10.116599977016449,""dpkiManagementLeafAssertionSign"":13.69489997625351,""dpkiManagementLeafAssertionVerify"":10.351799964904785,""dpkiManagementOpenSslVerifyIssuerCA"":10.473200023174286,""dpkiManagementIssuerAssertionSign"":14.251500010490417,""dpkiManagementIssuerAssertionVerify"":11.515399992465973,""dpkiManagementVerifyRepositoryUpdateLocal"":0.006200015544891357,""dpkiManagementBuildMpt"":2.4575000405311584,""dpkiManagementPutCertAndRootTx"":147.02179998159409,""dpkiManagementRepositoryHttpVerify"":6.369199991226196}",1,6672367,0x580c0aec0a00a4f5eac0c4fb7ebf856d5e96653683415b37902f4748bc2d9230
0,DPKI,273,management,true,false,504610.3435803244,514198.1420803258,514513.897180278,315.7550999522209,0,315.7550999522209,-1,0,2,0,"{""dpkiManagementDispatchHttp"":1.743499994277954,""dpkiManagementRelayHttp"":0,""dpkiManagementHttpWindow"":6.2998000383377075,""dpkiManagementOpenSslIssueKeygen"":65.25,""dpkiManagementOpenSslIssueCsr"":30.22810000181198,""dpkiManagementOpenSslIssueSignCert"":13.616699993610382,""dpkiManagementOpenSslIssueExtractPubkey"":9.17960000038147,""dpkiManagementIssueCertificate"":119.71119999885559,""dpkiManagementOpenSslVerifyLeaf"":9.531100034713745,""dpkiManagementLeafAssertionSign"":12.188499987125397,""dpkiManagementLeafAssertionVerify"":9.553700029850006,""dpkiManagementOpenSslVerifyIssuerCA"":9.831499993801117,""dpkiManagementIssuerAssertionSign"":12.177599966526031,""dpkiManagementIssuerAssertionVerify"":10.106800019741058,""dpkiManagementVerifyRepositoryUpdateLocal"":0.006699979305267334,""dpkiManagementBuildMpt"":2.3937000036239624,""dpkiManagementPutCertAndRootTx"":106.32190001010895,""dpkiManagementRepositoryHttpVerify"":15.092400014400482}",1,6672372,0xcc9e59f6dc87db3785c381d5d6b8a13b828de166bf6baa6c8b0a06b31bc08d24
0,DPKI,274,management,true,false,509617.6810048899,519205.4795048913,519503.9540048918,298.47450000047684,0,298.47450000047684,-1,0,2,0,"{""dpkiManagementDispatchHttp"":27.65020000934601,""dpkiManagementRelayHttp"":0,""dpkiManagementHttpWindow"":1.9413999915122986,""dpkiManagementOpenSslIssueKeygen"":31.624500036239624,""dpkiManagementOpenSslIssueCsr"":17.691600024700165,""dpkiManagementOpenSslIssueSignCert"":13.706499993801117,""dpkiManagementOpenSslIssueExtractPubkey"":9.424499988555908,""dpkiManagementIssueCertificate"":73.87710005044937,""dpkiManagementOpenSslVerifyLeaf"":11.387199997901917,""dpkiManagementLeafAssertionSign"":13.580099999904633,""dpkiManagementLeafAssertionVerify"":10.239800035953522,""dpkiManagementOpenSslVerifyIssuerCA"":9.65939998626709,""dpkiManagementIssuerAssertionSign"":12.631999969482422,""dpkiManagementIssuerAssertionVerify"":9.55699998140335,""dpkiManagementVerifyRepositoryUpdateLocal"":0.005899965763092041,""dpkiManagementBuildMpt"":2.3289999961853027,""dpkiManagementPutCertAndRootTx"":117.24409997463226,""dpkiManagementRepositoryHttpVerify"":7.574799954891205}",1,6672376,0x042493e3e00e3817836ee0fc8e3a9de40a3833d8e51e7a9ededb336f118634e3
0,DPKI,275,management,true,false,512928.475628969,522516.27412897046,522818.06072896416,301.78659999370575,0,301.78659999370575,-1,0,2,0,"{""dpkiManagementDispatchHttp"":20.49159997701645,""dpkiManagementRelayHttp"":0,""dpkiManagementHttpWindow"":16.297500014305115,""dpkiManagementOpenSslIssueKeygen"":22.51859998703003,""dpkiManagementOpenSslIssueCsr"":18.60979998111725,""dpkiManagementOpenSslIssueSignCert"":14.100499987602234,""dpkiManagementOpenSslIssueExtractPubkey"":8.955499947071075,""dpkiManagementIssueCertificate"":65.75619995594025,""dpkiManagementOpenSslVerifyLeaf"":9.447699964046478,""dpkiManagementLeafAssertionSign"":12.189999997615814,""dpkiManagementLeafAssertionVerify"":9.142099976539612,""dpkiManagementOpenSslVerifyIssuerCA"":9.993299961090088,""dpkiManagementIssuerAssertionSign"":12.325999975204468,""dpkiManagementIssuerAssertionVerify"":9.58219999074936,""dpkiManagementVerifyRepositoryUpdateLocal"":0.007899999618530273,""dpkiManagementBuildMpt"":3.944700002670288,""dpkiManagementPutCertAndRootTx"":128.23620003461838,""dpkiManagementRepositoryHttpVerify"":3.428600013256073}",1,6672379,0x3627590f0044e4f24c441c9cc717ba3a0dcb5a4eaa8c63340a9d95002f3190b9
0,DPKI,276,management,true,false,513451.73164144624,523039.53014144767,523357.80644146074,318.27630001306534,0,318.27630001306534,-1,0,2,0,"{""dpkiManagementDispatchHttp"":5.406599998474121,""dpkiManagementRelayHttp"":0,""dpkiManagementHttpWindow"":19.43129998445511,""dpkiManagementOpenSslIssueKeygen"":37.409699976444244,""dpkiManagementOpenSslIssueCsr"":18.469799995422363,""dpkiManagementOpenSslIssueSignCert"":13.394800007343292,""dpkiManagementOpenSslIssueExtractPubkey"":9.553699970245361,""dpkiManagementIssueCertificate"":80.4307000041008,""dpkiManagementOpenSslVerifyLeaf"":9.464600026607513,""dpkiManagementLeafAssertionSign"":12.525699973106384,""dpkiManagementLeafAssertionVerify"":10.00440001487732,""dpkiManagementOpenSslVerifyIssuerCA"":9.576499998569489,""dpkiManagementIssuerAssertionSign"":17.279600024223328,""dpkiManagementIssuerAssertionVerify"":13.887399971485138,""dpkiManagementVerifyRepositoryUpdateLocal"":0.005900025367736816,""dpkiManagementBuildMpt"":2.395300030708313,""dpkiManagementPutCertAndRootTx"":104.53119999170303,""dpkiManagementRepositoryHttpVerify"":32.53119999170303}",1,6672385,0x9b2f8558d00e3f60418ef196b0fd0145e24a4541b431d25bd0f072e55dc95836
0,DPKI,277,management,true,false,518291.8353471721,527879.6338471735,528185.4146472181,305.7808000445366,0,305.7808000445366,-1,0,2,0,"{""dpkiManagementDispatchHttp"":2.326300024986267,""dpkiManagementRelayHttp"":0,""dpkiManagementHttpWindow"":2.425000011920929,""dpkiManagementOpenSslIssueKeygen"":50.156700015068054,""dpkiManagementOpenSslIssueCsr"":18.993299961090088,""dpkiManagementOpenSslIssueSignCert"":14.081900000572205,""dpkiManagementOpenSslIssueExtractPubkey"":9.683300018310547,""dpkiManagementIssueCertificate"":94.71169996261597,""dpkiManagementOpenSslVerifyLeaf"":9.877099990844727,""dpkiManagementLeafAssertionSign"":12.858799993991852,""dpkiManagementLeafAssertionVerify"":10.13459998369217,""dpkiManagementOpenSslVerifyIssuerCA"":10.12990003824234,""dpkiManagementIssuerAssertionSign"":12.618599951267242,""dpkiManagementIssuerAssertionVerify"":11.100499987602234,""dpkiManagementVerifyRepositoryUpdateLocal"":0.006099998950958252,""dpkiManagementBuildMpt"":3.189999997615814,""dpkiManagementPutCertAndRootTx"":119.125,""dpkiManagementRepositoryHttpVerify"":16.566600024700165}",1,6672389,0xcff317bc4e6c12efbef99e78d13162185c3e5c3b782c632cef99a15d4ccb8641
0,DPKI,278,management,true,false,519012.6142759651,528600.4127759666,528923.6146759719,323.2019000053406,0,323.2019000053406,-1,0,2,0,"{""dpkiManagementDispatchHttp"":42.43359994888306,""dpkiManagementRelayHttp"":0,""dpkiManagementHttpWindow"":0.37870001792907715,""dpkiManagementOpenSslIssueKeygen"":51.72130000591278,""dpkiManagementOpenSslIssueCsr"":19.43290001153946,""dpkiManagementOpenSslIssueSignCert"":14.790200054645538,""dpkiManagementOpenSslIssueExtractPubkey"":10.317900002002716,""dpkiManagementIssueCertificate"":97.93199998140335,""dpkiManagementOpenSslVerifyLeaf"":10.467199981212616,""dpkiManagementLeafAssertionSign"":13.07480001449585,""dpkiManagementLeafAssertionVerify"":10.049300014972687,""dpkiManagementOpenSslVerifyIssuerCA"":10.443599998950958,""dpkiManagementIssuerAssertionSign"":12.633000016212463,""dpkiManagementIssuerAssertionVerify"":9.698799967765808,""dpkiManagementVerifyRepositoryUpdateLocal"":0.005299985408782959,""dpkiManagementBuildMpt"":2.423900008201599,""dpkiManagementPutCertAndRootTx"":94.10589998960495,""dpkiManagementRepositoryHttpVerify"":18.773999989032745}",1,6672395,0x82639b5ced400f92d3bc9c883c1ceeaade23e7e0b61c6b6649cb153b21e2a840
0,DPKI,279,management,true,false,520620.0159483152,530207.8144483166,530457.1643483238,249.34990000724792,0,249.34990000724792,-1,0,2,0,"{""dpkiManagementDispatchHttp"":0.3292999863624573,""dpkiManagementRelayHttp"":0,""dpkiManagementHttpWindow"":2.5097000002861023,""dpkiManagementOpenSslIssueKeygen"":64.05949997901917,""dpkiManagementOpenSslIssueCsr"":18.175099968910217,""dpkiManagementOpenSslIssueSignCert"":14.121100008487701,""dpkiManagementOpenSslIssueExtractPubkey"":9.792999982833862,""dpkiManagementIssueCertificate"":107.63440001010895,""dpkiManagementOpenSslVerifyLeaf"":10.210099995136261,""dpkiManagementLeafAssertionSign"":12.664900004863739,""dpkiManagementLeafAssertionVerify"":10.087400019168854,""dpkiManagementOpenSslVerifyIssuerCA"":9.580300033092499,""dpkiManagementIssuerAssertionSign"":12.497200012207031,""dpkiManagementIssuerAssertionVerify"":9.591300010681152,""dpkiManagementVerifyRepositoryUpdateLocal"":0.005899965763092041,""dpkiManagementBuildMpt"":3.138599991798401,""dpkiManagementPutCertAndRootTx"":63.222100019454956,""dpkiManagementRepositoryHttpVerify"":6.935099959373474}",1,6672398,0x45951688e5ca0905978813ccca17e1000a040715b97524d0cb7eaf74289fb9fe
0,DPKI,280,management,true,false,527369.4032744123,536957.2017744137,537214.2126744343,257.01090002059937,0,257.01090002059937,-1,0,2,0,"{""dpkiManagementDispatchHttp"":2.017899990081787,""dpkiManagementRelayHttp"":0,""dpkiManagementHttpWindow"":1.2088000178337097,""dpkiManagementOpenSslIssueKeygen"":18.630899965763092,""dpkiManagementOpenSslIssueCsr"":18.75200003385544,""dpkiManagementOpenSslIssueSignCert"":14.606000006198883,""dpkiManagementOpenSslIssueExtractPubkey"":9.34009999036789,""dpkiManagementIssueCertificate"":62.86589998006821,""dpkiManagementOpenSslVerifyLeaf"":10.21399998664856,""dpkiManagementLeafAssertionSign"":13.140999972820282,""dpkiManagementLeafAssertionVerify"":10.298099994659424,""dpkiManagementOpenSslVerifyIssuerCA"":10.336399972438812,""dpkiManagementIssuerAssertionSign"":13.807199954986572,""dpkiManagementIssuerAssertionVerify"":9.800300002098083,""dpkiManagementVerifyRepositoryUpdateLocal"":0.0062999725341796875,""dpkiManagementBuildMpt"":2.511300027370453,""dpkiManagementPutCertAndRootTx"":114.64740002155304,""dpkiManagementRepositoryHttpVerify"":5.440999984741211}",1,6672401,0x6ad90671426fb6f1161258bcfdc5d98765aea94276e11ea2b011363c2eec0a73
0,DPKI,281,management,true,false,533782.7883363495,543370.586836351,543658.470236374,287.88340002298355,0,287.88340002298355,-1,0,2,0,"{""dpkiManagementDispatchHttp"":5.907599985599518,""dpkiManagementRelayHttp"":0,""dpkiManagementHttpWindow"":2.442299962043762,""dpkiManagementOpenSslIssueKeygen"":33.48199999332428,""dpkiManagementOpenSslIssueCsr"":18.873800039291382,""dpkiManagementOpenSslIssueSignCert"":15.217599987983704,""dpkiManagementOpenSslIssueExtractPubkey"":12.779699981212616,""dpkiManagementIssueCertificate"":81.8841000199318,""dpkiManagementOpenSslVerifyLeaf"":11.1560999751091,""dpkiManagementLeafAssertionSign"":15.336899995803833,""dpkiManagementLeafAssertionVerify"":14.18419998884201,""dpkiManagementOpenSslVerifyIssuerCA"":13.53549998998642,""dpkiManagementIssuerAssertionSign"":14.645500004291534,""dpkiManagementIssuerAssertionVerify"":10.545799970626831,""dpkiManagementVerifyRepositoryUpdateLocal"":0.008800029754638672,""dpkiManagementBuildMpt"":2.6736000180244446,""dpkiManagementPutCertAndRootTx"":98.21979999542236,""dpkiManagementRepositoryHttpVerify"":16.470899999141693}",1,6672404,0x50142bc623737ce2ad46b01f2b05088b90f4b75785d3ed0a03de56c7c82d58d6
0,DPKI,282,management,true,false,534563.3194406946,544151.1179406961,544386.5814406594,235.46349996328354,0,235.46349996328354,-1,0,2,0,"{""dpkiManagementDispatchHttp"":11.90200001001358,""dpkiManagementRelayHttp"":0,""dpkiManagementHttpWindow"":0.3374999761581421,""dpkiManagementOpenSslIssueKeygen"":27.632400035858154,""dpkiManagementOpenSslIssueCsr"":20.666899979114532,""dpkiManagementOpenSslIssueSignCert"":15.297000050544739,""dpkiManagementOpenSslIssueExtractPubkey"":9.927500009536743,""dpkiManagementIssueCertificate"":75.07090002298355,""dpkiManagementOpenSslVerifyLeaf"":10.456199944019318,""dpkiManagementLeafAssertionSign"":13.39869999885559,""dpkiManagementLeafAssertionVerify"":16.625699996948242,""dpkiManagementOpenSslVerifyIssuerCA"":10.760900020599365,""dpkiManagementIssuerAssertionSign"":13.298500001430511,""dpkiManagementIssuerAssertionVerify"":10.835799992084503,""dpkiManagementVerifyRepositoryUpdateLocal"":0.008800029754638672,""dpkiManagementBuildMpt"":2.826300024986267,""dpkiManagementPutCertAndRootTx"":62.880800008773804,""dpkiManagementRepositoryHttpVerify"":5.982400000095367}",1,6672407,0xdb1e5a0408b2c6389bdf8c936d7fe835e5b9fb919007dc63a7e65f7fcf4d191f
0,DPKI,283,management,true,false,536386.1451147238,545973.9436147253,546342.1486147086,368.2049999833107,0,368.2049999833107,-1,0,2,0,"{""dpkiManagementDispatchHttp"":0.9726999998092651,""dpkiManagementRelayHttp"":0,""dpkiManagementHttpWindow"":10.800700008869171,""dpkiManagementOpenSslIssueKeygen"":52.74500000476837,""dpkiManagementOpenSslIssueCsr"":20.471400022506714,""dpkiManagementOpenSslIssueSignCert"":14.783100008964539,""dpkiManagementOpenSslIssueExtractPubkey"":13.223699986934662,""dpkiManagementIssueCertificate"":103.70629996061325,""dpkiManagementOpenSslVerifyLeaf"":13.420400023460388,""dpkiManagementLeafAssertionSign"":13.601599991321564,""dpkiManagementLeafAssertionVerify"":9.947300016880035,""dpkiManagementOpenSslVerifyIssuerCA"":10.409999966621399,""dpkiManagementIssuerAssertionSign"":13.1807000041008,""dpkiManagementIssuerAssertionVerify"":10.702299952507019,""dpkiManagementVerifyRepositoryUpdateLocal"":0.0055999755859375,""dpkiManagementBuildMpt"":2.49889999628067,""dpkiManagementPutCertAndRootTx"":173.75139999389648,""dpkiManagementRepositoryHttpVerify"":4.357700049877167}",1,6672414,0xf9524156ddf9e8f21892c38629abdc4552bbd9aeaffb51ec86462b8fbf9f29fa
0,DPKI,284,management,true,false,538039.011564322,547626.8100643235,547933.0992643314,306.2892000079155,0,306.2892000079155,-1,0,2,0,"{""dpkiManagementDispatchHttp"":40.67040002346039,""dpkiManagementRelayHttp"":0,""dpkiManagementHttpWindow"":4.6389000415802,""dpkiManagementOpenSslIssueKeygen"":60.18900001049042,""dpkiManagementOpenSslIssueCsr"":18.775799989700317,""dpkiManagementOpenSslIssueSignCert"":14.464300036430359,""dpkiManagementOpenSslIssueExtractPubkey"":9.919200003147125,""dpkiManagementIssueCertificate"":104.83230000734329,""dpkiManagementOpenSslVerifyLeaf"":9.906599998474121,""dpkiManagementLeafAssertionSign"":12.679699957370758,""dpkiManagementLeafAssertionVerify"":9.880200028419495,""dpkiManagementOpenSslVerifyIssuerCA"":10.268500030040741,""dpkiManagementIssuerAssertionSign"":13.123499989509583,""dpkiManagementIssuerAssertionVerify"":12.140600025653839,""dpkiManagementVerifyRepositoryUpdateLocal"":0.005899965763092041,""dpkiManagementBuildMpt"":3.125100016593933,""dpkiManagementPutCertAndRootTx"":79.06120002269745,""dpkiManagementRepositoryHttpVerify"":4.862299978733063}",1,6672420,0x2200ae2ced122dcb48a9c5d470e6aab478e49d2300b4f20180570d57c35c4f38
0,DPKI,285,management,true,false,539898.2586974091,549486.0571974105,549789.0319974012,302.974799990654,0,302.974799990654,-1,0,2,0,"{""dpkiManagementDispatchHttp"":2.0272000432014465,""dpkiManagementRelayHttp"":0,""dpkiManagementHttpWindow"":5.244799971580505,""dpkiManagementOpenSslIssueKeygen"":29.25019997358322,""dpkiManagementOpenSslIssueCsr"":20.02939999103546,""dpkiManagementOpenSslIssueSignCert"":15.336700022220612,""dpkiManagementOpenSslIssueExtractPubkey"":11.977999985218048,""dpkiManagementIssueCertificate"":78.27780002355576,""dpkiManagementOpenSslVerifyLeaf"":10.457899987697601,""dpkiManagementLeafAssertionSign"":14.572200000286102,""dpkiManagementLeafAssertionVerify"":11.092299997806549,""dpkiManagementOpenSslVerifyIssuerCA"":10.22110003232956,""dpkiManagementIssuerAssertionSign"":12.874400019645691,""dpkiManagementIssuerAssertionVerify"":10.107099950313568,""dpkiManagementVerifyRepositoryUpdateLocal"":0.009499967098236084,""dpkiManagementBuildMpt"":2.8058000206947327,""dpkiManagementPutCertAndRootTx"":126.9951000213623,""dpkiManagementRepositoryHttpVerify"":17.530099987983704}",1,6672424,0x0b9e56fb158f7dc2405c994199e1f047c1902831bcd1ab454e4f2b5196369a8e
0,DPKI,286,management,true,false,540195.9100101991,549783.7085102005,550044.4403102202,260.73180001974106,0,260.73180001974106,-1,0,2,0,"{""dpkiManagementDispatchHttp"":26.607200026512146,""dpkiManagementRelayHttp"":0,""dpkiManagementHttpWindow"":3.5877000093460083,""dpkiManagementOpenSslIssueKeygen"":24.112299978733063,""dpkiManagementOpenSslIssueCsr"":19.560000002384186,""dpkiManagementOpenSslIssueSignCert"":13.868499994277954,""dpkiManagementOpenSslIssueExtractPubkey"":9.89520001411438,""dpkiManagementIssueCertificate"":68.90719997882843,""dpkiManagementOpenSslVerifyLeaf"":10.114700019359589,""dpkiManagementLeafAssertionSign"":12.717299997806549,""dpkiManagementLeafAssertionVerify"":10.17739999294281,""dpkiManagementOpenSslVerifyIssuerCA"":10.124899983406067,""dpkiManagementIssuerAssertionSign"":12.640999972820282,""dpkiManagementIssuerAssertionVerify"":9.480700016021729,""dpkiManagementVerifyRepositoryUpdateLocal"":0.0054000020027160645,""dpkiManagementBuildMpt"":2.3971999883651733,""dpkiManagementPutCertAndRootTx"":76.26199996471405,""dpkiManagementRepositoryHttpVerify"":16.88459998369217}",1,6672427,0x9ef43806593b4a3439b9146b3c1542e413bc1ecd127025f33d28165bfed62523
0,DPKI,287,management,true,false,540954.143024625,550541.9415246265,550801.8760246055,259.93449997901917,0,259.93449997901917,-1,0,2,0,"{""dpkiManagementDispatchHttp"":12.024900019168854,""dpkiManagementRelayHttp"":0,""dpkiManagementHttpWindow"":0.7630000114440918,""dpkiManagementOpenSslIssueKeygen"":36.213100016117096,""dpkiManagementOpenSslIssueCsr"":19.396299958229065,""dpkiManagementOpenSslIssueSignCert"":14.491100013256073,""dpkiManagementOpenSslIssueExtractPubkey"":9.65880000591278,""dpkiManagementIssueCertificate"":81.26249998807907,""dpkiManagementOpenSslVerifyLeaf"":10.772899985313416,""dpkiManagementLeafAssertionSign"":12.227800011634827,""dpkiManagementLeafAssertionVerify"":10.015700042247772,""dpkiManagementOpenSslVerifyIssuerCA"":9.630899965763092,""dpkiManagementIssuerAssertionSign"":12.569199979305267,""dpkiManagementIssuerAssertionVerify"":10.40420001745224,""dpkiManagementVerifyRepositoryUpdateLocal"":0.006099998950958252,""dpkiManagementBuildMpt"":2.4415000081062317,""dpkiManagementPutCertAndRootTx"":66.83519995212555,""dpkiManagementRepositoryHttpVerify"":30.174399971961975}",1,6672431,0x68a938769fc296d4b3df5566f63018427bf5b09f37cf099385b6eea97ffb48ac
0,DPKI,288,management,true,false,542040.8496373004,551628.6481373018,551973.0864373153,344.4383000135422,0,344.4383000135422,-1,0,2,0,"{""dpkiManagementDispatchHttp"":11.930299997329712,""dpkiManagementRelayHttp"":0,""dpkiManagementHttpWindow"":4.536700010299683,""dpkiManagementOpenSslIssueKeygen"":66.35640001296997,""dpkiManagementOpenSslIssueCsr"":18.60479998588562,""dpkiManagementOpenSslIssueSignCert"":14.420099973678589,""dpkiManagementOpenSslIssueExtractPubkey"":10.619299948215485,""dpkiManagementIssueCertificate"":111.50080001354218,""dpkiManagementOpenSslVerifyLeaf"":10.592700004577637,""dpkiManagementLeafAssertionSign"":13.479200005531311,""dpkiManagementLeafAssertionVerify"":10.023299992084503,""dpkiManagementOpenSslVerifyIssuerCA"":9.89869999885559,""dpkiManagementIssuerAssertionSign"":13.001900017261505,""dpkiManagementIssuerAssertionVerify"":10.68529999256134,""dpkiManagementVerifyRepositoryUpdateLocal"":0.0055999755859375,""dpkiManagementBuildMpt"":2.367299973964691,""dpkiManagementPutCertAndRootTx"":135.51729995012283,""dpkiManagementRepositoryHttpVerify"":10.128099977970123}",1,6672438,0x11c17c97f88b6344c0b3f7ed14d8433e44ebd1577376a77fd49bfb4912883f83
0,DPKI,289,management,true,false,545908.0522486374,555495.8507486389,555810.4308486388,314.58009999990463,0,314.58009999990463,-1,0,2,0,"{""dpkiManagementDispatchHttp"":4.232300043106079,""dpkiManagementRelayHttp"":0,""dpkiManagementHttpWindow"":17.866400003433228,""dpkiManagementOpenSslIssueKeygen"":54.42180001735687,""dpkiManagementOpenSslIssueCsr"":18.195199966430664,""dpkiManagementOpenSslIssueSignCert"":14.187299966812134,""dpkiManagementOpenSslIssueExtractPubkey"":10.004500031471252,""dpkiManagementIssueCertificate"":98.28049999475479,""dpkiManagementOpenSslVerifyLeaf"":9.320600032806396,""dpkiManagementLeafAssertionSign"":12.184599995613098,""dpkiManagementLeafAssertionVerify"":9.81199997663498,""dpkiManagementOpenSslVerifyIssuerCA"":9.870700001716614,""dpkiManagementIssuerAssertionSign"":12.419000029563904,""dpkiManagementIssuerAssertionVerify"":9.35530000925064,""dpkiManagementVerifyRepositoryUpdateLocal"":0.00550001859664917,""dpkiManagementBuildMpt"":2.9623000025749207,""dpkiManagementPutCertAndRootTx"":111.23759996891022,""dpkiManagementRepositoryHttpVerify"":16.195699989795685}",1,6672443,0x14775a0edc1827eab22d558ea0f762a65f9d6b34d6b2852fc01770693274a3f2
0,DPKI,290,management,true,false,548276.0739888045,557863.8724888059,558146.9218887779,283.049399971962,0,283.049399971962,-1,0,2,0,"{""dpkiManagementDispatchHttp"":14.078800022602081,""dpkiManagementRelayHttp"":0,""dpkiManagementHttpWindow"":3.4203999638557434,""dpkiManagementOpenSslIssueKeygen"":35.0009999871254,""dpkiManagementOpenSslIssueCsr"":18.614400029182434,""dpkiManagementOpenSslIssueSignCert"":14.2292999625206,""dpkiManagementOpenSslIssueExtractPubkey"":9.483900010585785,""dpkiManagementIssueCertificate"":78.87940001487732,""dpkiManagementOpenSslVerifyLeaf"":9.880300045013428,""dpkiManagementLeafAssertionSign"":12.570800006389618,""dpkiManagementLeafAssertionVerify"":9.575500011444092,""dpkiManagementOpenSslVerifyIssuerCA"":10.240399956703186,""dpkiManagementIssuerAssertionSign"":12.756400048732758,""dpkiManagementIssuerAssertionVerify"":18.615700006484985,""dpkiManagementVerifyRepositoryUpdateLocal"":0.006199955940246582,""dpkiManagementBuildMpt"":3.0074999928474426,""dpkiManagementPutCertAndRootTx"":100.31989997625351,""dpkiManagementRepositoryHttpVerify"":8.89879995584488}",1,6672447,0xb0ba4adf5d65cc46e8f4cc1b52c42bc9307e0713df023cfe87cb2968c58d6ba9
0,DPKI,291,management,true,false,548332.7250655361,557920.5235655375,558249.4747887942,328.9512232566485,43.66882324463222,285.2824000120163,-1,0,2,0,"{""dpkiManagementDispatchHttp"":3.2698000073432922,""dpkiManagementRelayHttp"":0,""dpkiManagementHttpWindow"":15.663399994373322,""dpkiManagementOpenSslIssueKeygen"":41.45569998025894,""dpkiManagementOpenSslIssueCsr"":18.327300012111664,""dpkiManagementOpenSslIssueSignCert"":13.764200031757355,""dpkiManagementOpenSslIssueExtractPubkey"":9.586699962615967,""dpkiManagementIssueCertificate"":84.56690001487732,""dpkiManagementOpenSslVerifyLeaf"":9.758199989795685,""dpkiManagementLeafAssertionSign"":13.205399990081787,""dpkiManagementLeafAssertionVerify"":9.753499984741211,""dpkiManagementOpenSslVerifyIssuerCA"":10.26960003376007,""dpkiManagementIssuerAssertionSign"":13.098800003528595,""dpkiManagementIssuerAssertionVerify"":10.090999960899353,""dpkiManagementVerifyRepositoryUpdateLocal"":0.006200015544891357,""dpkiManagementBuildMpt"":2.4265999794006348,""dpkiManagementPutCertAndRootTx"":107.01410001516342,""dpkiManagementRepositoryHttpVerify"":5.160000026226044}",1,6672453,0xe1190c24464f54419cf63c05e09b54c9486b18c8a20c9f1720d7cba4a0f9bbb9
0,DPKI,292,management,true,false,550506.3883668213,560094.1868668228,560396.605366829,302.4185000061989,0,302.4185000061989,-1,0,2,0,"{""dpkiManagementDispatchHttp"":39.28329998254776,""dpkiManagementRelayHttp"":0,""dpkiManagementHttpWindow"":15.12720000743866,""dpkiManagementOpenSslIssueKeygen"":49.48290002346039,""dpkiManagementOpenSslIssueCsr"":18.684499979019165,""dpkiManagementOpenSslIssueSignCert"":13.92299997806549,""dpkiManagementOpenSslIssueExtractPubkey"":9.405499994754791,""dpkiManagementIssueCertificate"":93.03679996728897,""dpkiManagementOpenSslVerifyLeaf"":9.742799997329712,""dpkiManagementLeafAssertionSign"":12.836400032043457,""dpkiManagementLeafAssertionVerify"":9.861800014972687,""dpkiManagementOpenSslVerifyIssuerCA"":9.910800039768219,""dpkiManagementIssuerAssertionSign"":12.277700006961823,""dpkiManagementIssuerAssertionVerify"":9.513199985027313,""dpkiManagementVerifyRepositoryUpdateLocal"":0.0054000020027160645,""dpkiManagementBuildMpt"":3.732699990272522,""dpkiManagementPutCertAndRootTx"":69.89700001478195,""dpkiManagementRepositoryHttpVerify"":16.426999986171722}",1,6672458,0x6fc48ec0469d14add3fbec55b93a8a6b8ecc344b9f9de54e032adf87fc594a6d
0,DPKI,293,management,true,false,551287.8504750264,560875.6489750278,561219.7537750137,344.1047999858856,0,344.1047999858856,-1,0,2,0,"{""dpkiManagementDispatchHttp"":12.216899991035461,""dpkiManagementRelayHttp"":0,""dpkiManagementHttpWindow"":0.31800001859664917,""dpkiManagementOpenSslIssueKeygen"":55.58619999885559,""dpkiManagementOpenSslIssueCsr"":20.021699965000153,""dpkiManagementOpenSslIssueSignCert"":16.945100009441376,""dpkiManagementOpenSslIssueExtractPubkey"":12.65279996395111,""dpkiManagementIssueCertificate"":106.76270002126694,""dpkiManagementOpenSslVerifyLeaf"":13.3614000082016,""dpkiManagementLeafAssertionSign"":16.630800008773804,""dpkiManagementLeafAssertionVerify"":11.058000028133392,""dpkiManagementOpenSslVerifyIssuerCA"":10.9442999958992,""dpkiManagementIssuerAssertionSign"":15.894999980926514,""dpkiManagementIssuerAssertionVerify"":10.366400003433228,""dpkiManagementVerifyRepositoryUpdateLocal"":0.005099952220916748,""dpkiManagementBuildMpt"":2.4595999717712402,""dpkiManagementPutCertAndRootTx"":134.72500002384186,""dpkiManagementRepositoryHttpVerify"":8.396099984645844}",1,6672463,0x2260fd7b18007b0305a6213426aad240622ac0471970ff24548846499a671337
0,DPKI,294,management,true,false,551533.2993217153,561121.0978217167,561469.2418217105,348.1439999938011,0,348.1439999938011,-1,0,2,0,"{""dpkiManagementDispatchHttp"":2.728100001811981,""dpkiManagementRelayHttp"":0,""dpkiManagementHttpWindow"":17.243099987506866,""dpkiManagementOpenSslIssueKeygen"":44.36599999666214,""dpkiManagementOpenSslIssueCsr"":19.976599991321564,""dpkiManagementOpenSslIssueSignCert"":14.444400012493134,""dpkiManagementOpenSslIssueExtractPubkey"":10.867299973964691,""dpkiManagementIssueCertificate"":91.23309999704361,""dpkiManagementOpenSslVerifyLeaf"":10.689300000667572,""dpkiManagementLeafAssertionSign"":14.608299970626831,""dpkiManagementLeafAssertionVerify"":10.90149998664856,""dpkiManagementOpenSslVerifyIssuerCA"":10.403799951076508,""dpkiManagementIssuerAssertionSign"":12.742699980735779,""dpkiManagementIssuerAssertionVerify"":10.300899982452393,""dpkiManagementVerifyRepositoryUpdateLocal"":0.006300032138824463,""dpkiManagementBuildMpt"":2.4258999824523926,""dpkiManagementPutCertAndRootTx"":159.43150001764297,""dpkiManagementRepositoryHttpVerify"":4.648499965667725}",1,6672467,0x14541e2a00b2a84f5c4a9fa315ed927a091722bac553d7f3850d9bfd412c9255
0,DPKI,295,management,true,false,553000.2292010675,562588.0277010689,562956.2197011004,368.19200003147125,0,368.19200003147125,-1,0,2,0,"{""dpkiManagementDispatchHttp"":39.745700001716614,""dpkiManagementRelayHttp"":0,""dpkiManagementHttpWindow"":0.8710000514984131,""dpkiManagementOpenSslIssueKeygen"":74.94920003414154,""dpkiManagementOpenSslIssueCsr"":21.395099997520447,""dpkiManagementOpenSslIssueSignCert"":14.597699999809265,""dpkiManagementOpenSslIssueExtractPubkey"":9.7432000041008,""dpkiManagementIssueCertificate"":122.26309996843338,""dpkiManagementOpenSslVerifyLeaf"":10.399900019168854,""dpkiManagementLeafAssertionSign"":12.64300000667572,""dpkiManagementLeafAssertionVerify"":10.018700003623962,""dpkiManagementOpenSslVerifyIssuerCA"":9.783500015735626,""dpkiManagementIssuerAssertionSign"":12.54339998960495,""dpkiManagementIssuerAssertionVerify"":9.720399975776672,""dpkiManagementVerifyRepositoryUpdateLocal"":0.0059999823570251465,""dpkiManagementBuildMpt"":2.4495999813079834,""dpkiManagementPutCertAndRootTx"":131.837700009346,""dpkiManagementRepositoryHttpVerify"":5.136400043964386}",1,6672473,0x261e056c35ebbe1dacf573e594834c0b7b78373f08b1a3041ca738bc3e118f89
0,DPKI,296,management,true,false,553298.9342252188,562886.7327252203,563234.6815252476,347.94880002737045,0,347.94880002737045,-1,0,2,0,"{""dpkiManagementDispatchHttp"":3.7748000025749207,""dpkiManagementRelayHttp"":0,""dpkiManagementHttpWindow"":20.021799981594086,""dpkiManagementOpenSslIssueKeygen"":40.06730002164841,""dpkiManagementOpenSslIssueCsr"":18.89689999818802,""dpkiManagementOpenSslIssueSignCert"":14.186199963092804,""dpkiManagementOpenSslIssueExtractPubkey"":10.51469999551773,""dpkiManagementIssueCertificate"":85.15100002288818,""dpkiManagementOpenSslVerifyLeaf"":10.38239997625351,""dpkiManagementLeafAssertionSign"":13.060999989509583,""dpkiManagementLeafAssertionVerify"":10.190999984741211,""dpkiManagementOpenSslVerifyIssuerCA"":10.577899992465973,""dpkiManagementIssuerAssertionSign"":12.912200033664703,""dpkiManagementIssuerAssertionVerify"":10.449400007724762,""dpkiManagementVerifyRepositoryUpdateLocal"":0.005899965763092041,""dpkiManagementBuildMpt"":3.1717000007629395,""dpkiManagementPutCertAndRootTx"":138.32630002498627,""dpkiManagementRepositoryHttpVerify"":29.10240000486374}",1,6672478,0xfad023f7197fd95511b458ea72449ea5e4c888f6bab5bf050de89e3695e4377e
0,DPKI,297,management,true,false,553309.2650810034,562897.0635810049,563299.9015252166,402.83794421178754,127.99544424039777,274.84249997138977,-1,0,2,0,"{""dpkiManagementDispatchHttp"":13.842700004577637,""dpkiManagementRelayHttp"":0,""dpkiManagementHttpWindow"":13.428700029850006,""dpkiManagementOpenSslIssueKeygen"":58.6331000328064,""dpkiManagementOpenSslIssueCsr"":18.56080001592636,""dpkiManagementOpenSslIssueSignCert"":13.585399985313416,""dpkiManagementOpenSslIssueExtractPubkey"":9.670500040054321,""dpkiManagementIssueCertificate"":102.15069997310638,""dpkiManagementOpenSslVerifyLeaf"":9.691699981689453,""dpkiManagementLeafAssertionSign"":12.08619999885559,""dpkiManagementLeafAssertionVerify"":9.40970003604889,""dpkiManagementOpenSslVerifyIssuerCA"":9.39630001783371,""dpkiManagementIssuerAssertionSign"":12.063199996948242,""dpkiManagementIssuerAssertionVerify"":9.470700025558472,""dpkiManagementVerifyRepositoryUpdateLocal"":0.005899965763092041,""dpkiManagementBuildMpt"":2.3472999930381775,""dpkiManagementPutCertAndRootTx"":65.11379998922348,""dpkiManagementRepositoryHttpVerify"":15.019299983978271}",1,6672483,0xdbd6773fbe61ce67f283229410144b41b25edae4b4e922d5ff6f682a39bf2260
0,DPKI,298,management,true,false,555341.274073631,564929.0725736325,565301.3476736252,372.2750999927521,0,372.2750999927521,-1,0,2,0,"{""dpkiManagementDispatchHttp"":27.612399995326996,""dpkiManagementRelayHttp"":0,""dpkiManagementHttpWindow"":15.248199999332428,""dpkiManagementOpenSslIssueKeygen"":72.37870001792908,""dpkiManagementOpenSslIssueCsr"":18.319400012493134,""dpkiManagementOpenSslIssueSignCert"":14.59060001373291,""dpkiManagementOpenSslIssueExtractPubkey"":10.235799968242645,""dpkiManagementIssueCertificate"":117.01840001344681,""dpkiManagementOpenSslVerifyLeaf"":9.975600004196167,""dpkiManagementLeafAssertionSign"":12.690999984741211,""dpkiManagementLeafAssertionVerify"":9.59309995174408,""dpkiManagementOpenSslVerifyIssuerCA"":9.995899975299835,""dpkiManagementIssuerAssertionSign"":12.57829999923706,""dpkiManagementIssuerAssertionVerify"":9.232800006866455,""dpkiManagementVerifyRepositoryUpdateLocal"":0.005200028419494629,""dpkiManagementBuildMpt"":2.442799985408783,""dpkiManagementPutCertAndRootTx"":138.14779996871948,""dpkiManagementRepositoryHttpVerify"":6.702599942684174}",1,6672487,0x9ecda652fd4c966d3b88b13815c7583a837128fd56ac0e349bc3996f52242531
0,DPKI,299,management,true,false,556593.758045077,566181.5565450784,566471.6706450578,290.11409997940063,0,290.11409997940063,-1,0,2,0,"{""dpkiManagementDispatchHttp"":8.660099983215332,""dpkiManagementRelayHttp"":0,""dpkiManagementHttpWindow"":13.665800034999847,""dpkiManagementOpenSslIssueKeygen"":51.938899993896484,""dpkiManagementOpenSslIssueCsr"":18.337200045585632,""dpkiManagementOpenSslIssueSignCert"":13.430400013923645,""dpkiManagementOpenSslIssueExtractPubkey"":9.450399994850159,""dpkiManagementIssueCertificate"":94.61120003461838,""dpkiManagementOpenSslVerifyLeaf"":9.868399977684021,""dpkiManagementLeafAssertionSign"":12.45629996061325,""dpkiManagementLeafAssertionVerify"":9.426100015640259,""dpkiManagementOpenSslVerifyIssuerCA"":9.174899995326996,""dpkiManagementIssuerAssertionSign"":12.27810001373291,""dpkiManagementIssuerAssertionVerify"":9.724500000476837,""dpkiManagementVerifyRepositoryUpdateLocal"":0.00550001859664917,""dpkiManagementBuildMpt"":2.4514999985694885,""dpkiManagementPutCertAndRootTx"":102.42379999160767,""dpkiManagementRepositoryHttpVerify"":4.651700019836426}",1,6672493,0xe29061c337b83c31c7a8f3e78d508039ff13dcdeac2c923342cc92515cea8d11
0,PKI,0,management,false,false,0,91271.80759996176,91428.84159994125,157.033999979496,0,157.033999979496,0,0,2,0,"{""pkiManagementDispatchHttp"":0.1777999997138977,""pkiManagementRelayHttp"":0,""pkiManagementHttpWindow"":18.735700011253357,""pkiOpenSslIssueKeygen"":25.49390000104904,""pkiOpenSslIssueCsr"":18.64010000228882,""pkiOpenSslIssueSignCert"":13.682899951934814,""pkiOpenSslIssueExtractPubkey"":10.284600019454956,""pkiManagementOpenSslVerifyLeaf"":12.473399996757507,""pkiManagementLeafAssertionSign"":12.686899960041046,""pkiManagementLeafAssertionVerify"":9.853300034999847,""pkiManagementOpenSslVerifyIssuerCA"":10.169600009918213,""pkiManagementIssuerAssertionSign"":13.4307000041008,""pkiManagementIssuerAssertionVerify"":9.721399962902069,""pkiManagementRepositoryHttpVerify"":0.2006000280380249}",0,,
0,PKI,1,management,false,false,2220.1237273544825,93491.93132731624,93648.42072728582,156.4893999695778,0,156.4893999695778,0,0,2,0,"{""pkiManagementDispatchHttp"":15.148900032043457,""pkiManagementRelayHttp"":0,""pkiManagementHttpWindow"":4.437299966812134,""pkiOpenSslIssueKeygen"":27.016099989414215,""pkiOpenSslIssueCsr"":18.786300003528595,""pkiOpenSslIssueSignCert"":14.078900039196014,""pkiOpenSslIssueExtractPubkey"":10.358199954032898,""pkiManagementOpenSslVerifyLeaf"":10.301200032234192,""pkiManagementLeafAssertionSign"":12.471299946308136,""pkiManagementLeafAssertionVerify"":10.372099995613098,""pkiManagementOpenSslVerifyIssuerCA"":9.822200000286102,""pkiManagementIssuerAssertionSign"":12.799799978733063,""pkiManagementIssuerAssertionVerify"":9.905400037765503,""pkiManagementRepositoryHttpVerify"":0.16189998388290405}",0,,
0,PKI,2,management,false,false,2783.054653980095,94054.86225394186,94221.58675394233,166.72450000047684,0,166.72450000047684,0,0,2,0,"{""pkiManagementDispatchHttp"":2.9757000207901,""pkiManagementRelayHttp"":0,""pkiManagementHttpWindow"":0.3847999572753906,""pkiOpenSslIssueKeygen"":52.210399985313416,""pkiOpenSslIssueCsr"":19.932200014591217,""pkiOpenSslIssueSignCert"":14.58380001783371,""pkiOpenSslIssueExtractPubkey"":10.9753999710083,""pkiManagementOpenSslVerifyLeaf"":10.69489997625351,""pkiManagementLeafAssertionSign"":12.568700015544891,""pkiManagementLeafAssertionVerify"":9.937700033187866,""pkiManagementOpenSslVerifyIssuerCA"":9.335700035095215,""pkiManagementIssuerAssertionSign"":12.379299998283386,""pkiManagementIssuerAssertionVerify"":9.738300025463104,""pkiManagementRepositoryHttpVerify"":0.125}",0,,
0,PKI,3,management,false,false,3070.704509768358,94342.51210973012,94507.67640975463,165.16430002450943,0,165.16430002450943,0,0,2,0,"{""pkiManagementDispatchHttp"":3.307799994945526,""pkiManagementRelayHttp"":0,""pkiManagementHttpWindow"":1.71670001745224,""pkiOpenSslIssueKeygen"":51.22330003976822,""pkiOpenSslIssueCsr"":18.83600002527237,""pkiOpenSslIssueSignCert"":14.096299946308136,""pkiOpenSslIssueExtractPubkey"":10.309599995613098,""pkiManagementOpenSslVerifyLeaf"":9.976899981498718,""pkiManagementLeafAssertionSign"":12.286199986934662,""pkiManagementLeafAssertionVerify"":9.890100002288818,""pkiManagementOpenSslVerifyIssuerCA"":10.091299951076508,""pkiManagementIssuerAssertionSign"":12.215900003910065,""pkiManagementIssuerAssertionVerify"":10.281899988651276,""pkiManagementRepositoryHttpVerify"":0.1329999566078186}",0,,
0,PKI,4,management,false,false,3580.1697797692996,94851.97737973106,95020.86107974422,168.8837000131607,0,168.8837000131607,0,0,2,0,"{""pkiManagementDispatchHttp"":21.05750000476837,""pkiManagementRelayHttp"":0,""pkiManagementHttpWindow"":0.2756999731063843,""pkiOpenSslIssueKeygen"":38.827499985694885,""pkiOpenSslIssueCsr"":18.50900000333786,""pkiOpenSslIssueSignCert"":13.361100018024445,""pkiOpenSslIssueExtractPubkey"":9.671500027179718,""pkiManagementOpenSslVerifyLeaf"":9.867900013923645,""pkiManagementLeafAssertionSign"":12.941499948501587,""pkiManagementLeafAssertionVerify"":10.250999987125397,""pkiManagementOpenSslVerifyIssuerCA"":10.067399978637695,""pkiManagementIssuerAssertionSign"":12.835800051689148,""pkiManagementIssuerAssertionVerify"":10.180400013923645,""pkiManagementRepositoryHttpVerify"":0.1355000138282776}",0,,
0,PKI,5,management,false,false,4785.9151726907385,96057.7227726525,96219.99737262189,162.27459996938705,0,162.27459996938705,0,0,2,0,"{""pkiManagementDispatchHttp"":5.281399965286255,""pkiManagementRelayHttp"":0,""pkiManagementHttpWindow"":15.727699995040894,""pkiOpenSslIssueKeygen"":34.909600019454956,""pkiOpenSslIssueCsr"":18.3328999876976,""pkiOpenSslIssueSignCert"":13.399599969387054,""pkiOpenSslIssueExtractPubkey"":9.94619995355606,""pkiManagementOpenSslVerifyLeaf"":10.130299985408783,""pkiManagementLeafAssertionSign"":12.568100035190582,""pkiManagementLeafAssertionVerify"":9.563199996948242,""pkiManagementOpenSslVerifyIssuerCA"":9.575200021266937,""pkiManagementIssuerAssertionSign"":12.33160001039505,""pkiManagementIssuerAssertionVerify"":9.499599993228912,""pkiManagementRepositoryHttpVerify"":0.12339997291564941}",0,,
0,PKI,6,management,false,false,5495.736244567384,96767.54384452914,96929.04084456776,161.4970000386238,0,161.4970000386238,0,0,2,0,"{""pkiManagementDispatchHttp"":0.15019994974136353,""pkiManagementRelayHttp"":0,""pkiManagementHttpWindow"":4.563599944114685,""pkiOpenSslIssueKeygen"":43.85310000181198,""pkiOpenSslIssueCsr"":22.35130000114441,""pkiOpenSslIssueSignCert"":14.014299988746643,""pkiOpenSslIssueExtractPubkey"":10.63560003042221,""pkiManagementOpenSslVerifyLeaf"":10.720300018787384,""pkiManagementLeafAssertionSign"":12.364099979400635,""pkiManagementLeafAssertionVerify"":9.569599986076355,""pkiManagementOpenSslVerifyIssuerCA"":10.093700051307678,""pkiManagementIssuerAssertionSign"":12.814099967479706,""pkiManagementIssuerAssertionVerify"":9.462199985980988,""pkiManagementRepositoryHttpVerify"":0.12150001525878906}",0,,
0,PKI,7,management,false,false,5796.4148777596665,97068.22247772143,97241.28347771094,173.06099998950958,0,173.06099998950958,0,0,2,0,"{""pkiManagementDispatchHttp"":6.088499963283539,""pkiManagementRelayHttp"":0,""pkiManagementHttpWindow"":5.569100022315979,""pkiOpenSslIssueKeygen"":46.72940003871918,""pkiOpenSslIssueCsr"":19.153200030326843,""pkiOpenSslIssueSignCert"":14.188800036907196,""pkiOpenSslIssueExtractPubkey"":10.196799993515015,""pkiManagementOpenSslVerifyLeaf"":10.293600022792816,""pkiManagementLeafAssertionSign"":12.744899988174438,""pkiManagementLeafAssertionVerify"":9.380400002002716,""pkiManagementOpenSslVerifyIssuerCA"":10.17900002002716,""pkiManagementIssuerAssertionSign"":16.17739999294281,""pkiManagementIssuerAssertionVerify"":11.186100006103516,""pkiManagementRepositoryHttpVerify"":0.13310003280639648}",0,,
0,PKI,8,management,false,false,6639.400232374422,97911.20783233618,98089.58203232264,178.37419998645782,0,178.37419998645782,0,0,2,0,"{""pkiManagementDispatchHttp"":13.855599999427795,""pkiManagementRelayHttp"":0,""pkiManagementHttpWindow"":2.23989999294281,""pkiOpenSslIssueKeygen"":51.8720999956131,""pkiOpenSslIssueCsr"":20.266299962997437,""pkiOpenSslIssueSignCert"":14.234600007534027,""pkiOpenSslIssueExtractPubkey"":9.849500000476837,""pkiManagementOpenSslVerifyLeaf"":10.086499989032745,""pkiManagementLeafAssertionSign"":12.664900004863739,""pkiManagementLeafAssertionVerify"":9.541999995708466,""pkiManagementOpenSslVerifyIssuerCA"":9.907599985599518,""pkiManagementIssuerAssertionSign"":13.122699975967407,""pkiManagementIssuerAssertionVerify"":9.706499993801117,""pkiManagementRepositoryHttpVerify"":0.11100000143051147}",0,,
0,PKI,9,management,false,false,9980.057642969412,101251.86524293118,101453.75944289856,201.89419996738434,0,201.89419996738434,0,0,2,0,"{""pkiManagementDispatchHttp"":0.958299994468689,""pkiManagementRelayHttp"":0,""pkiManagementHttpWindow"":1.1301000118255615,""pkiOpenSslIssueKeygen"":62.72469997406006,""pkiOpenSslIssueCsr"":47.18450003862381,""pkiOpenSslIssueSignCert"":14.017500042915344,""pkiOpenSslIssueExtractPubkey"":9.118600010871887,""pkiManagementOpenSslVerifyLeaf"":9.987200021743774,""pkiManagementLeafAssertionSign"":12.353300034999847,""pkiManagementLeafAssertionVerify"":9.936200022697449,""pkiManagementOpenSslVerifyIssuerCA"":10.32750004529953,""pkiManagementIssuerAssertionSign"":12.753299951553345,""pkiManagementIssuerAssertionVerify"":10.450399994850159,""pkiManagementRepositoryHttpVerify"":0.12599998712539673}",0,,
0,PKI,10,management,false,false,17240.26666704122,108512.07426700299,108683.7289669842,171.65469998121262,0,171.65469998121262,0,0,2,0,"{""pkiManagementDispatchHttp"":19.60310000181198,""pkiManagementRelayHttp"":0,""pkiManagementHttpWindow"":12.751399993896484,""pkiOpenSslIssueKeygen"":35.52420002222061,""pkiOpenSslIssueCsr"":17.549000024795532,""pkiOpenSslIssueSignCert"":13.820699989795685,""pkiOpenSslIssueExtractPubkey"":9.096599996089935,""pkiManagementOpenSslVerifyLeaf"":9.430000007152557,""pkiManagementLeafAssertionSign"":12.547500014305115,""pkiManagementLeafAssertionVerify"":9.662300050258636,""pkiManagementOpenSslVerifyIssuerCA"":9.212000012397766,""pkiManagementIssuerAssertionSign"":12.047399997711182,""pkiManagementIssuerAssertionVerify"":9.422099947929382,""pkiManagementRepositoryHttpVerify"":0.11540001630783081}",0,,
0,PKI,11,management,false,false,17345.623216824846,108617.4308167866,108880.29326698487,262.86245019825583,66.29815019758826,196.56430000066757,0,0,2,0,"{""pkiManagementDispatchHttp"":14.013300001621246,""pkiManagementRelayHttp"":0,""pkiManagementHttpWindow"":15.604600012302399,""pkiOpenSslIssueKeygen"":43.535199999809265,""pkiOpenSslIssueCsr"":19.2538999915123,""pkiOpenSslIssueSignCert"":14.926599979400635,""pkiOpenSslIssueExtractPubkey"":12.63450002670288,""pkiManagementOpenSslVerifyLeaf"":13.63349997997284,""pkiManagementLeafAssertionSign"":14.09850001335144,""pkiManagementLeafAssertionVerify"":9.944999992847443,""pkiManagementOpenSslVerifyIssuerCA"":10.0692999958992,""pkiManagementIssuerAssertionSign"":18.507200002670288,""pkiManagementIssuerAssertionVerify"":9.294600009918213,""pkiManagementRepositoryHttpVerify"":0.10809999704360962}",0,,
0,PKI,12,management,false,false,19283.93736119235,110555.74496115411,110720.52266116107,164.77770000696182,0,164.77770000696182,0,0,2,0,"{""pkiManagementDispatchHttp"":17.77590000629425,""pkiManagementRelayHttp"":0,""pkiManagementHttpWindow"":0.1703999638557434,""pkiOpenSslIssueKeygen"":42.25169998407364,""pkiOpenSslIssueCsr"":18.037999987602234,""pkiOpenSslIssueSignCert"":14.111500024795532,""pkiOpenSslIssueExtractPubkey"":9.142400026321411,""pkiManagementOpenSslVerifyLeaf"":8.964599967002869,""pkiManagementLeafAssertionSign"":12.471599996089935,""pkiManagementLeafAssertionVerify"":9.673700034618378,""pkiManagementOpenSslVerifyIssuerCA"":9.188300013542175,""pkiManagementIssuerAssertionSign"":12.173699975013733,""pkiManagementIssuerAssertionVerify"":9.592400014400482,""pkiManagementRepositoryHttpVerify"":0.2565000057220459}",0,,
0,PKI,13,management,false,false,20444.750303137687,111716.55790309944,111862.7460030798,146.1880999803543,0,146.1880999803543,0,0,2,0,"{""pkiManagementDispatchHttp"":1.0600999593734741,""pkiManagementRelayHttp"":0,""pkiManagementHttpWindow"":6.030900001525879,""pkiOpenSslIssueKeygen"":27.467700004577637,""pkiOpenSslIssueCsr"":17.76690000295639,""pkiOpenSslIssueSignCert"":14.303699970245361,""pkiOpenSslIssueExtractPubkey"":9.91949999332428,""pkiManagementOpenSslVerifyLeaf"":10.835300028324127,""pkiManagementLeafAssertionSign"":13.373700022697449,""pkiManagementLeafAssertionVerify"":11.342299997806549,""pkiManagementOpenSslVerifyIssuerCA"":9.89709997177124,""pkiManagementIssuerAssertionSign"":12.697300016880035,""pkiManagementIssuerAssertionVerify"":10.565699994564056,""pkiManagementRepositoryHttpVerify"":0.12379997968673706}",0,,
0,PKI,14,management,false,false,20557.869800021734,111829.67739998348,112021.6740030531,191.99660306960504,33.068603096307925,158.92799997329712,0,0,2,0,"{""pkiManagementDispatchHttp"":14.000699996948242,""pkiManagementRelayHttp"":0,""pkiManagementHttpWindow"":15.235199987888336,""pkiOpenSslIssueKeygen"":26.200100004673004,""pkiOpenSslIssueCsr"":17.391200006008148,""pkiOpenSslIssueSignCert"":14.022499978542328,""pkiOpenSslIssueExtractPubkey"":9.365899980068207,""pkiManagementOpenSslVerifyLeaf"":9.096499979496002,""pkiManagementLeafAssertionSign"":12.386500000953674,""pkiManagementLeafAssertionVerify"":9.999300003051758,""pkiManagementOpenSslVerifyIssuerCA"":9.016299962997437,""pkiManagementIssuerAssertionSign"":11.939000010490417,""pkiManagementIssuerAssertionVerify"":9.374000012874603,""pkiManagementRepositoryHttpVerify"":0.12279999256134033}",0,,
0,PKI,15,management,false,false,22103.166275257787,113374.97387521954,113524.59557526799,149.62170004844666,0,149.62170004844666,0,0,2,0,"{""pkiManagementDispatchHttp"":2.8091999888420105,""pkiManagementRelayHttp"":0,""pkiManagementHttpWindow"":12.9200000166893,""pkiOpenSslIssueKeygen"":32.048799991607666,""pkiOpenSslIssueCsr"":17.982299983501434,""pkiOpenSslIssueSignCert"":13.26529997587204,""pkiOpenSslIssueExtractPubkey"":9.076399981975555,""pkiManagementOpenSslVerifyLeaf"":9.490899980068207,""pkiManagementLeafAssertionSign"":12.034800052642822,""pkiManagementLeafAssertionVerify"":9.209399998188019,""pkiManagementOpenSslVerifyIssuerCA"":8.699000000953674,""pkiManagementIssuerAssertionSign"":11.770500004291534,""pkiManagementIssuerAssertionVerify"":9.373999953269958,""pkiManagementRepositoryHttpVerify"":0.10670000314712524}",0,,
0,PKI,16,management,false,false,26127.168883433,117398.97648339476,117590.31778340544,191.34130001068115,0,191.34130001068115,0,0,2,0,"{""pkiManagementDispatchHttp"":2.2188000082969666,""pkiManagementRelayHttp"":0,""pkiManagementHttpWindow"":16.102299988269806,""pkiOpenSslIssueKeygen"":68.60150003433228,""pkiOpenSslIssueCsr"":18.009200036525726,""pkiOpenSslIssueSignCert"":13.605799973011017,""pkiOpenSslIssueExtractPubkey"":9.19300001859665,""pkiManagementOpenSslVerifyLeaf"":9.265599966049194,""pkiManagementLeafAssertionSign"":12.339399993419647,""pkiManagementLeafAssertionVerify"":9.859600007534027,""pkiManagementOpenSslVerifyIssuerCA"":9.404299974441528,""pkiManagementIssuerAssertionSign"":12.328200042247772,""pkiManagementIssuerAssertionVerify"":9.381300032138824,""pkiManagementRepositoryHttpVerify"":0.21039998531341553}",0,,
0,PKI,17,management,false,false,37610.406540157,128882.21414011875,129037.9730401651,155.75890004634857,0,155.75890004634857,0,0,2,0,"{""pkiManagementDispatchHttp"":13.461999952793121,""pkiManagementRelayHttp"":0,""pkiManagementHttpWindow"":2.0421000123023987,""pkiOpenSslIssueKeygen"":33.12559998035431,""pkiOpenSslIssueCsr"":17.50909996032715,""pkiOpenSslIssueSignCert"":13.76690000295639,""pkiOpenSslIssueExtractPubkey"":9.065400004386902,""pkiManagementOpenSslVerifyLeaf"":10.076799988746643,""pkiManagementLeafAssertionSign"":13.137000024318695,""pkiManagementLeafAssertionVerify"":10.29390001296997,""pkiManagementOpenSslVerifyIssuerCA"":9.829699993133545,""pkiManagementIssuerAssertionSign"":12.88349997997284,""pkiManagementIssuerAssertionVerify"":9.46119999885559,""pkiManagementRepositoryHttpVerify"":0.11640000343322754}",0,,
0,PKI,18,management,false,false,39163.80661721065,130435.6142171724,130634.98811716869,199.37389999628067,0,199.37389999628067,0,0,2,0,"{""pkiManagementDispatchHttp"":11.867999970912933,""pkiManagementRelayHttp"":0,""pkiManagementHttpWindow"":3.0352999567985535,""pkiOpenSslIssueKeygen"":79.60689997673035,""pkiOpenSslIssueCsr"":17.613599956035614,""pkiOpenSslIssueSignCert"":13.415899991989136,""pkiOpenSslIssueExtractPubkey"":9.46670001745224,""pkiManagementOpenSslVerifyLeaf"":9.376500010490417,""pkiManagementLeafAssertionSign"":12.813099980354309,""pkiManagementLeafAssertionVerify"":10.617500007152557,""pkiManagementOpenSslVerifyIssuerCA"":9.664499998092651,""pkiManagementIssuerAssertionSign"":12.036800026893616,""pkiManagementIssuerAssertionVerify"":8.913300037384033,""pkiManagementRepositoryHttpVerify"":0.12599998712539673}",0,,
0,PKI,19,management,false,false,42285.60545527722,133557.41305523898,133770.57525521304,213.16219997406006,0,213.16219997406006,0,0,2,0,"{""pkiManagementDispatchHttp"":27.88409996032715,""pkiManagementRelayHttp"":0,""pkiManagementHttpWindow"":17.31690001487732,""pkiOpenSslIssueKeygen"":65.12650001049042,""pkiOpenSslIssueCsr"":17.692399978637695,""pkiOpenSslIssueSignCert"":13.392599999904633,""pkiOpenSslIssueExtractPubkey"":8.973100006580353,""pkiManagementOpenSslVerifyLeaf"":9.50299996137619,""pkiManagementLeafAssertionSign"":12.010699987411499,""pkiManagementLeafAssertionVerify"":9.584399998188019,""pkiManagementOpenSslVerifyIssuerCA"":9.309899985790253,""pkiManagementIssuerAssertionSign"":12.253600001335144,""pkiManagementIssuerAssertionVerify"":9.11159998178482,""pkiManagementRepositoryHttpVerify"":0.10940003395080566}",0,,
0,PKI,20,management,false,false,42320.351537191775,133592.15913715353,133924.6140552142,332.4549180606482,178.4161180595038,154.0388000011444,0,0,2,0,"{""pkiManagementDispatchHttp"":4.485199987888336,""pkiManagementRelayHttp"":0,""pkiManagementHttpWindow"":2.4789000153541565,""pkiOpenSslIssueKeygen"":42.90710002183914,""pkiOpenSslIssueCsr"":17.968100011348724,""pkiOpenSslIssueSignCert"":13.540600001811981,""pkiOpenSslIssueExtractPubkey"":9.051699995994568,""pkiManagementOpenSslVerifyLeaf"":9.182799994945526,""pkiManagementLeafAssertionSign"":12.416299998760223,""pkiManagementLeafAssertionVerify"":9.501300036907196,""pkiManagementOpenSslVerifyIssuerCA"":9.439899981021881,""pkiManagementIssuerAssertionSign"":12.492599964141846,""pkiManagementIssuerAssertionVerify"":9.645799994468689,""pkiManagementRepositoryHttpVerify"":0.12009996175765991}",0,,
0,PKI,21,management,false,false,43319.71490519196,134591.52250515373,134729.9996051088,138.47709995508194,0,138.47709995508194,0,0,2,0,"{""pkiManagementDispatchHttp"":3.8276000022888184,""pkiManagementRelayHttp"":0,""pkiManagementHttpWindow"":1.4130000472068787,""pkiOpenSslIssueKeygen"":31.359499990940094,""pkiOpenSslIssueCsr"":17.69379997253418,""pkiOpenSslIssueSignCert"":13.536300003528595,""pkiOpenSslIssueExtractPubkey"":9.254999995231628,""pkiManagementOpenSslVerifyLeaf"":9.58349996805191,""pkiManagementLeafAssertionSign"":12.239700019359589,""pkiManagementLeafAssertionVerify"":9.094600021839142,""pkiManagementOpenSslVerifyIssuerCA"":8.707099974155426,""pkiManagementIssuerAssertionSign"":11.794800043106079,""pkiManagementIssuerAssertionVerify"":9.068599998950958,""pkiManagementRepositoryHttpVerify"":0.10689997673034668}",0,,
0,PKI,22,management,false,false,48538.57350730128,139810.38110726303,139949.99800728983,139.61690002679825,0,139.61690002679825,0,0,2,0,"{""pkiManagementDispatchHttp"":4.886000037193298,""pkiManagementRelayHttp"":0,""pkiManagementHttpWindow"":5.229400038719177,""pkiOpenSslIssueKeygen"":28.434900045394897,""pkiOpenSslIssueCsr"":17.924199998378754,""pkiOpenSslIssueSignCert"":13.72110003232956,""pkiOpenSslIssueExtractPubkey"":8.824400007724762,""pkiManagementOpenSslVerifyLeaf"":9.396600008010864,""pkiManagementLeafAssertionSign"":11.61650002002716,""pkiManagementLeafAssertionVerify"":8.804399967193604,""pkiManagementOpenSslVerifyIssuerCA"":9.18910002708435,""pkiManagementIssuerAssertionSign"":11.73089998960495,""pkiManagementIssuerAssertionVerify"":8.872700035572052,""pkiManagementRepositoryHttpVerify"":0.136199951171875}",0,,
0,PKI,23,management,false,false,49794.12597358617,141065.93357354793,141261.01787352952,195.08429998159409,0,195.08429998159409,0,0,2,0,"{""pkiManagementDispatchHttp"":30.80079996585846,""pkiManagementRelayHttp"":0,""pkiManagementHttpWindow"":15.145299971103668,""pkiOpenSslIssueKeygen"":47.52249997854233,""pkiOpenSslIssueCsr"":17.88100004196167,""pkiOpenSslIssueSignCert"":13.630900025367737,""pkiOpenSslIssueExtractPubkey"":8.78380000591278,""pkiManagementOpenSslVerifyLeaf"":9.274500012397766,""pkiManagementLeafAssertionSign"":11.857900023460388,""pkiManagementLeafAssertionVerify"":9.2117999792099,""pkiManagementOpenSslVerifyIssuerCA"":9.153400003910065,""pkiManagementIssuerAssertionSign"":11.659299969673157,""pkiManagementIssuerAssertionVerify"":9.256700038909912,""pkiManagementRepositoryHttpVerify"":0.107200026512146}",0,,
0,PKI,24,management,false,false,55128.13464058782,146399.94224054957,146559.0654405489,159.12319999933243,0,159.12319999933243,0,0,2,0,"{""pkiManagementDispatchHttp"":2.125599980354309,""pkiManagementRelayHttp"":0,""pkiManagementHttpWindow"":0.9517999887466431,""pkiOpenSslIssueKeygen"":53.558899998664856,""pkiOpenSslIssueCsr"":17.434800028800964,""pkiOpenSslIssueSignCert"":13.337099969387054,""pkiOpenSslIssueExtractPubkey"":9.015600025653839,""pkiManagementOpenSslVerifyLeaf"":9.734099984169006,""pkiManagementLeafAssertionSign"":12.645400047302246,""pkiManagementLeafAssertionVerify"":9.630300045013428,""pkiManagementOpenSslVerifyIssuerCA"":8.957800030708313,""pkiManagementIssuerAssertionSign"":12.043999969959259,""pkiManagementIssuerAssertionVerify"":8.768800020217896,""pkiManagementRepositoryHttpVerify"":0.10339999198913574}",0,,
0,PKI,25,management,false,false,55333.79972511315,146605.6073250749,146780.3669251182,174.7596000432968,0,174.7596000432968,0,0,2,0,"{""pkiManagementDispatchHttp"":17.77310001850128,""pkiManagementRelayHttp"":0,""pkiManagementHttpWindow"":15.252499997615814,""pkiOpenSslIssueKeygen"":38.62950003147125,""pkiOpenSslIssueCsr"":17.685599982738495,""pkiOpenSslIssueSignCert"":13.67579996585846,""pkiOpenSslIssueExtractPubkey"":9.11190003156662,""pkiManagementOpenSslVerifyLeaf"":9.45660001039505,""pkiManagementLeafAssertionSign"":11.714899957180023,""pkiManagementLeafAssertionVerify"":9.237200021743774,""pkiManagementOpenSslVerifyIssuerCA"":9.238300025463104,""pkiManagementIssuerAssertionSign"":12.453499972820282,""pkiManagementIssuerAssertionVerify"":9.578999996185303,""pkiManagementRepositoryHttpVerify"":0.1053999662399292}",0,,
0,PKI,26,management,false,false,55706.633036121624,146978.44063608337,147142.58713607478,164.14649999141693,0,164.14649999141693,0,0,2,0,"{""pkiManagementDispatchHttp"":28.174700021743774,""pkiManagementRelayHttp"":0,""pkiManagementHttpWindow"":2.20169997215271,""pkiOpenSslIssueKeygen"":26.89130002260208,""pkiOpenSslIssueCsr"":18.09469997882843,""pkiOpenSslIssueSignCert"":13.56300002336502,""pkiOpenSslIssueExtractPubkey"":9.226899981498718,""pkiManagementOpenSslVerifyLeaf"":9.231700003147125,""pkiManagementLeafAssertionSign"":11.825200021266937,""pkiManagementLeafAssertionVerify"":9.673699975013733,""pkiManagementOpenSslVerifyIssuerCA"":9.308500051498413,""pkiManagementIssuerAssertionSign"":12.264999985694885,""pkiManagementIssuerAssertionVerify"":12.828599989414215,""pkiManagementRepositoryHttpVerify"":0.11210000514984131}",0,,
0,PKI,27,management,false,false,58103.069672982136,149374.8772729439,149529.35407296842,154.47680002450943,0,154.47680002450943,0,0,2,0,"{""pkiManagementDispatchHttp"":5.683200001716614,""pkiManagementRelayHttp"":0,""pkiManagementHttpWindow"":3.852799952030182,""pkiOpenSslIssueKeygen"":44.634299993515015,""pkiOpenSslIssueCsr"":17.58069998025894,""pkiOpenSslIssueSignCert"":13.23769998550415,""pkiOpenSslIssueExtractPubkey"":8.832300007343292,""pkiManagementOpenSslVerifyLeaf"":9.128000020980835,""pkiManagementLeafAssertionSign"":12.184599995613098,""pkiManagementLeafAssertionVerify"":8.981899976730347,""pkiManagementOpenSslVerifyIssuerCA"":9.090300023555756,""pkiManagementIssuerAssertionSign"":11.215900003910065,""pkiManagementIssuerAssertionVerify"":9.131500005722046,""pkiManagementRepositoryHttpVerify"":0.11039996147155762}",0,,
0,PKI,28,management,false,false,60909.07559188886,152180.88319185062,152344.3901918201,163.50699996948242,0,163.50699996948242,0,0,2,0,"{""pkiManagementDispatchHttp"":5.142599999904633,""pkiManagementRelayHttp"":0,""pkiManagementHttpWindow"":3.266700029373169,""pkiOpenSslIssueKeygen"":47.552699983119965,""pkiOpenSslIssueCsr"":19.317300021648407,""pkiOpenSslIssueSignCert"":13.222299993038177,""pkiOpenSslIssueExtractPubkey"":9.283699989318848,""pkiManagementOpenSslVerifyLeaf"":9.011699974536896,""pkiManagementLeafAssertionSign"":11.338699996471405,""pkiManagementLeafAssertionVerify"":9.132300019264221,""pkiManagementOpenSslVerifyIssuerCA"":10.332499980926514,""pkiManagementIssuerAssertionSign"":13.524300038814545,""pkiManagementIssuerAssertionVerify"":11.173399984836578,""pkiManagementRepositoryHttpVerify"":0.2687000036239624}",0,,
0,PKI,29,management,false,false,61636.13919600033,152907.94679596208,153094.18649592184,186.23969995975494,0,186.23969995975494,0,0,2,0,"{""pkiManagementDispatchHttp"":2.290600001811981,""pkiManagementRelayHttp"":0,""pkiManagementHttpWindow"":25.883300006389618,""pkiOpenSslIssueKeygen"":55.145500004291534,""pkiOpenSslIssueCsr"":17.733799993991852,""pkiOpenSslIssueSignCert"":13.652700006961823,""pkiOpenSslIssueExtractPubkey"":8.750999987125397,""pkiManagementOpenSslVerifyLeaf"":9.397300004959106,""pkiManagementLeafAssertionSign"":12.712700009346008,""pkiManagementLeafAssertionVerify"":9.519900023937225,""pkiManagementOpenSslVerifyIssuerCA"":9.120800018310547,""pkiManagementIssuerAssertionSign"":11.733399987220764,""pkiManagementIssuerAssertionVerify"":9.374199986457825,""pkiManagementRepositoryHttpVerify"":0.11399996280670166}",0,,
0,PKI,30,management,false,false,61707.783394409744,152979.5909943715,153249.8079959371,270.2170015656011,114.5955015503423,155.6215000152588,0,0,2,0,"{""pkiManagementDispatchHttp"":5.038300037384033,""pkiManagementRelayHttp"":0,""pkiManagementHttpWindow"":1.7437999844551086,""pkiOpenSslIssueKeygen"":44.71119999885559,""pkiOpenSslIssueCsr"":17.376500010490417,""pkiOpenSslIssueSignCert"":13.562099993228912,""pkiOpenSslIssueExtractPubkey"":8.955099999904633,""pkiManagementOpenSslVerifyLeaf"":8.940400004386902,""pkiManagementLeafAssertionSign"":12.037800014019012,""pkiManagementLeafAssertionVerify"":10.187399983406067,""pkiManagementOpenSslVerifyIssuerCA"":9.870600044727325,""pkiManagementIssuerAssertionSign"":12.521899998188019,""pkiManagementIssuerAssertionVerify"":9.748799979686737,""pkiManagementRepositoryHttpVerify"":0.11260002851486206}",0,,
0,PKI,31,management,false,false,64091.19443286375,155363.0020328255,155535.8091328235,172.80709999799728,0,172.80709999799728,0,0,2,0,"{""pkiManagementDispatchHttp"":4.010299980640411,""pkiManagementRelayHttp"":0,""pkiManagementHttpWindow"":6.6141000390052795,""pkiOpenSslIssueKeygen"":58.32719999551773,""pkiOpenSslIssueCsr"":18.329199969768524,""pkiOpenSslIssueSignCert"":13.499600052833557,""pkiOpenSslIssueExtractPubkey"":9.395399987697601,""pkiManagementOpenSslVerifyLeaf"":9.179799973964691,""pkiManagementLeafAssertionSign"":12.187200009822845,""pkiManagementLeafAssertionVerify"":9.231799960136414,""pkiManagementOpenSslVerifyIssuerCA"":9.052799999713898,""pkiManagementIssuerAssertionSign"":12.035600006580353,""pkiManagementIssuerAssertionVerify"":9.885800004005432,""pkiManagementRepositoryHttpVerify"":0.11890000104904175}",0,,
0,PKI,32,management,false,false,65435.894350994386,156707.70195095614,156844.9251509197,137.22319996356964,0,137.22319996356964,0,0,2,0,"{""pkiManagementDispatchHttp"":3.3039000034332275,""pkiManagementRelayHttp"":0,""pkiManagementHttpWindow"":4.358999967575073,""pkiOpenSslIssueKeygen"":27.658300042152405,""pkiOpenSslIssueCsr"":19.325100004673004,""pkiOpenSslIssueSignCert"":13.651300013065338,""pkiOpenSslIssueExtractPubkey"":9.021099984645844,""pkiManagementOpenSslVerifyLeaf"":8.8575000166893,""pkiManagementLeafAssertionSign"":11.814099967479706,""pkiManagementLeafAssertionVerify"":9.043299973011017,""pkiManagementOpenSslVerifyIssuerCA"":8.671599984169006,""pkiManagementIssuerAssertionSign"":11.254899978637695,""pkiManagementIssuerAssertionVerify"":9.33160001039505,""pkiManagementRepositoryHttpVerify"":0.1086999773979187}",0,,
0,PKI,33,management,false,false,65923.99365884457,157195.8012588063,157336.70295882615,140.90170001983643,0,140.90170001983643,0,0,2,0,"{""pkiManagementDispatchHttp"":2.454699993133545,""pkiManagementRelayHttp"":0,""pkiManagementHttpWindow"":1.2296000123023987,""pkiOpenSslIssueKeygen"":34.87379997968674,""pkiOpenSslIssueCsr"":17.726799964904785,""pkiOpenSslIssueSignCert"":13.55400002002716,""pkiOpenSslIssueExtractPubkey"":9.05919998884201,""pkiManagementOpenSslVerifyLeaf"":10.890199959278107,""pkiManagementLeafAssertionSign"":11.913100004196167,""pkiManagementLeafAssertionVerify"":9.287500023841858,""pkiManagementOpenSslVerifyIssuerCA"":8.562799990177155,""pkiManagementIssuerAssertionSign"":11.500999987125397,""pkiManagementIssuerAssertionVerify"":8.936299979686737,""pkiManagementRepositoryHttpVerify"":0.10379999876022339}",0,,
0,PKI,34,management,false,false,67827.4387505357,159099.24635049747,159257.60025051283,158.35390001535416,0,158.35390001535416,0,0,2,0,"{""pkiManagementDispatchHttp"":22.77939999103546,""pkiManagementRelayHttp"":0,""pkiManagementHttpWindow"":1.536899983882904,""pkiOpenSslIssueKeygen"":33.60759997367859,""pkiOpenSslIssueCsr"":17.559899985790253,""pkiOpenSslIssueSignCert"":13.557200014591217,""pkiOpenSslIssueExtractPubkey"":8.794700026512146,""pkiManagementOpenSslVerifyLeaf"":8.910399973392487,""pkiManagementLeafAssertionSign"":11.253699958324432,""pkiManagementLeafAssertionVerify"":9.148399949073792,""pkiManagementOpenSslVerifyIssuerCA"":9.376999974250793,""pkiManagementIssuerAssertionSign"":11.637899994850159,""pkiManagementIssuerAssertionVerify"":9.27099996805191,""pkiManagementRepositoryHttpVerify"":0.13919997215270996}",0,,
0,PKI,35,management,false,false,69963.02545813246,161234.8330580942,161395.1007581107,160.26770001649857,0,160.26770001649857,0,0,2,0,"{""pkiManagementDispatchHttp"":20.00490003824234,""pkiManagementRelayHttp"":0,""pkiManagementHttpWindow"":0.7698000073432922,""pkiOpenSslIssueKeygen"":22.987599968910217,""pkiOpenSslIssueCsr"":16.85640001296997,""pkiOpenSslIssueSignCert"":13.175899982452393,""pkiOpenSslIssueExtractPubkey"":9.041899979114532,""pkiManagementOpenSslVerifyLeaf"":10.483300030231476,""pkiManagementLeafAssertionSign"":15.27869999408722,""pkiManagementLeafAssertionVerify"":12.330000042915344,""pkiManagementOpenSslVerifyIssuerCA"":12.818499982357025,""pkiManagementIssuerAssertionSign"":14.795499980449677,""pkiManagementIssuerAssertionVerify"":10.69080001115799,""pkiManagementRepositoryHttpVerify"":0.12040001153945923}",0,,
0,PKI,36,management,false,false,72645.89794405611,163917.70554401787,164134.89164402397,217.18610000610352,0,217.18610000610352,0,0,2,0,"{""pkiManagementDispatchHttp"":14.065199971199036,""pkiManagementRelayHttp"":0,""pkiManagementHttpWindow"":15.229300022125244,""pkiOpenSslIssueKeygen"":86.06300002336502,""pkiOpenSslIssueCsr"":17.061299979686737,""pkiOpenSslIssueSignCert"":13.538399994373322,""pkiOpenSslIssueExtractPubkey"":8.880600035190582,""pkiManagementOpenSslVerifyLeaf"":8.726000010967255,""pkiManagementLeafAssertionSign"":12.274699985980988,""pkiManagementLeafAssertionVerify"":9.658199965953827,""pkiManagementOpenSslVerifyIssuerCA"":8.789500057697296,""pkiManagementIssuerAssertionSign"":12.165499985218048,""pkiManagementIssuerAssertionVerify"":9.828400015830994,""pkiManagementRepositoryHttpVerify"":0.13099998235702515}",0,,
0,PKI,37,management,false,false,72932.98039407031,164204.78799403209,164416.37509400147,211.58709996938705,0,211.58709996938705,0,0,2,0,"{""pkiManagementDispatchHttp"":1.3413000106811523,""pkiManagementRelayHttp"":0,""pkiManagementHttpWindow"":14.752599954605103,""pkiOpenSslIssueKeygen"":86.24790000915527,""pkiOpenSslIssueCsr"":20.334699988365173,""pkiOpenSslIssueSignCert"":14.185499966144562,""pkiOpenSslIssueExtractPubkey"":9.420300006866455,""pkiManagementOpenSslVerifyLeaf"":9.89079999923706,""pkiManagementLeafAssertionSign"":12.706300020217896,""pkiManagementLeafAssertionVerify"":9.600300014019012,""pkiManagementOpenSslVerifyIssuerCA"":9.817600011825562,""pkiManagementIssuerAssertionSign"":12.48470002412796,""pkiManagementIssuerAssertionVerify"":9.89139997959137,""pkiManagementRepositoryHttpVerify"":0.10610002279281616}",0,,
0,PKI,38,management,false,false,73266.699171565,164538.50677152677,164667.1137715201,128.60699999332428,0,128.60699999332428,0,0,2,0,"{""pkiManagementDispatchHttp"":0.025399982929229736,""pkiManagementRelayHttp"":0,""pkiManagementHttpWindow"":2.3683000206947327,""pkiOpenSslIssueKeygen"":25.13309997320175,""pkiOpenSslIssueCsr"":17.368099987506866,""pkiOpenSslIssueSignCert"":13.660999953746796,""pkiOpenSslIssueExtractPubkey"":8.888199985027313,""pkiManagementOpenSslVerifyLeaf"":9.628099977970123,""pkiManagementLeafAssertionSign"":12.057700037956238,""pkiManagementLeafAssertionVerify"":8.751700043678284,""pkiManagementOpenSslVerifyIssuerCA"":8.953500032424927,""pkiManagementIssuerAssertionSign"":11.579599976539612,""pkiManagementIssuerAssertionVerify"":9.292199969291687,""pkiManagementRepositoryHttpVerify"":0.12290000915527344}",0,,
0,PKI,39,management,false,false,73962.3768283683,165234.18442833005,165373.9376283246,139.75319999456406,0,139.75319999456406,0,0,2,0,"{""pkiManagementDispatchHttp"":2.5602999925613403,""pkiManagementRelayHttp"":0,""pkiManagementHttpWindow"":14.43180000782013,""pkiOpenSslIssueKeygen"":17.232400000095367,""pkiOpenSslIssueCsr"":17.434200048446655,""pkiOpenSslIssueSignCert"":12.911300003528595,""pkiOpenSslIssueExtractPubkey"":8.439800024032593,""pkiManagementOpenSslVerifyLeaf"":8.865600049495697,""pkiManagementLeafAssertionSign"":12.51170003414154,""pkiManagementLeafAssertionVerify"":9.517899990081787,""pkiManagementOpenSslVerifyIssuerCA"":13.894200026988983,""pkiManagementIssuerAssertionSign"":12.188400030136108,""pkiManagementIssuerAssertionVerify"":8.828199982643127,""pkiManagementRepositoryHttpVerify"":0.1291000247001648}",0,,
0,PKI,40,management,false,false,74202.19205299352,165473.99965295527,165620.1787529919,146.1791000366211,0,146.1791000366211,0,0,2,0,"{""pkiManagementDispatchHttp"":3.060800015926361,""pkiManagementRelayHttp"":0,""pkiManagementHttpWindow"":5.764400005340576,""pkiOpenSslIssueKeygen"":35.494799971580505,""pkiOpenSslIssueCsr"":17.71270000934601,""pkiOpenSslIssueSignCert"":13.544400036334991,""pkiOpenSslIssueExtractPubkey"":8.495899975299835,""pkiManagementOpenSslVerifyLeaf"":9.08160001039505,""pkiManagementLeafAssertionSign"":12.035000026226044,""pkiManagementLeafAssertionVerify"":9.288100004196167,""pkiManagementOpenSslVerifyIssuerCA"":9.432000041007996,""pkiManagementIssuerAssertionSign"":11.617399990558624,""pkiManagementIssuerAssertionVerify"":9.605000019073486,""pkiManagementRepositoryHttpVerify"":0.11550003290176392}",0,,
0,PKI,41,management,false,false,74806.68666493004,166078.49426489178,166231.6501648933,153.15590000152588,0,153.15590000152588,0,0,2,0,"{""pkiManagementDispatchHttp"":10.41349995136261,""pkiManagementRelayHttp"":0,""pkiManagementHttpWindow"":3.861799955368042,""pkiOpenSslIssueKeygen"":34.860000014305115,""pkiOpenSslIssueCsr"":17.655200004577637,""pkiOpenSslIssueSignCert"":13.584999978542328,""pkiOpenSslIssueExtractPubkey"":8.796599984169006,""pkiManagementOpenSslVerifyLeaf"":9.276299953460693,""pkiManagementLeafAssertionSign"":12.571099996566772,""pkiManagementLeafAssertionVerify"":9.181400001049042,""pkiManagementOpenSslVerifyIssuerCA"":9.129999995231628,""pkiManagementIssuerAssertionSign"":12.702399969100952,""pkiManagementIssuerAssertionVerify"":10.23420000076294,""pkiManagementRepositoryHttpVerify"":0.11219996213912964}",0,,
0,PKI,42,management,false,false,74907.16549664189,166178.97309660364,166367.4234648854,188.45036828175944,52.677068289674935,135.7732999920845,0,0,2,0,"{""pkiManagementDispatchHttp"":4.533800005912781,""pkiManagementRelayHttp"":0,""pkiManagementHttpWindow"":7.25629997253418,""pkiOpenSslIssueKeygen"":21.81340003013611,""pkiOpenSslIssueCsr"":18.0353000164032,""pkiOpenSslIssueSignCert"":13.427699983119965,""pkiOpenSslIssueExtractPubkey"":9.266200006008148,""pkiManagementOpenSslVerifyLeaf"":8.789099991321564,""pkiManagementLeafAssertionSign"":11.58619999885559,""pkiManagementLeafAssertionVerify"":9.276800036430359,""pkiManagementOpenSslVerifyIssuerCA"":9.273399949073792,""pkiManagementIssuerAssertionSign"":12.43639999628067,""pkiManagementIssuerAssertionVerify"":9.089499950408936,""pkiManagementRepositoryHttpVerify"":0.11629998683929443}",0,,
0,PKI,43,management,false,false,80476.77526209946,171748.58286206122,171957.05286203022,208.46999996900558,0,208.46999996900558,0,0,2,0,"{""pkiManagementDispatchHttp"":13.933799982070923,""pkiManagementRelayHttp"":0,""pkiManagementHttpWindow"":15.206399977207184,""pkiOpenSslIssueKeygen"":44.68049997091293,""pkiOpenSslIssueCsr"":17.92849999666214,""pkiOpenSslIssueSignCert"":45.75200003385544,""pkiOpenSslIssueExtractPubkey"":8.858900010585785,""pkiManagementOpenSslVerifyLeaf"":9.323500037193298,""pkiManagementLeafAssertionSign"":11.626399993896484,""pkiManagementLeafAssertionVerify"":9.862299978733063,""pkiManagementOpenSslVerifyIssuerCA"":9.031300008296967,""pkiManagementIssuerAssertionSign"":11.67440003156662,""pkiManagementIssuerAssertionVerify"":9.661300003528595,""pkiManagementRepositoryHttpVerify"":0.1420000195503235}",0,,
0,PKI,44,management,false,false,81073.5754961972,172345.38309615897,172500.99499613093,155.61189997196198,0,155.61189997196198,0,0,2,0,"{""pkiManagementDispatchHttp"":5.545300006866455,""pkiManagementRelayHttp"":0,""pkiManagementHttpWindow"":5.672100007534027,""pkiOpenSslIssueKeygen"":42.9025000333786,""pkiOpenSslIssueCsr"":17.331300020217896,""pkiOpenSslIssueSignCert"":13.831700026988983,""pkiOpenSslIssueExtractPubkey"":8.78710001707077,""pkiManagementOpenSslVerifyLeaf"":9.119799971580505,""pkiManagementLeafAssertionSign"":12.414200007915497,""pkiManagementLeafAssertionVerify"":9.148100018501282,""pkiManagementOpenSslVerifyIssuerCA"":9.114400029182434,""pkiManagementIssuerAssertionSign"":12.076900005340576,""pkiManagementIssuerAssertionVerify"":8.637199997901917,""pkiManagementRepositoryHttpVerify"":0.09939998388290405}",0,,
0,PKI,45,management,false,false,81695.26181910119,172967.06941906293,173131.1878190406,164.11839997768402,0,164.11839997768402,0,0,2,0,"{""pkiManagementDispatchHttp"":0.880899965763092,""pkiManagementRelayHttp"":0,""pkiManagementHttpWindow"":2.7633999586105347,""pkiOpenSslIssueKeygen"":43.4510999917984,""pkiOpenSslIssueCsr"":17.581800043582916,""pkiOpenSslIssueSignCert"":15.747099995613098,""pkiOpenSslIssueExtractPubkey"":10.620100021362305,""pkiManagementOpenSslVerifyLeaf"":10.903900027275085,""pkiManagementLeafAssertionSign"":15.812399983406067,""pkiManagementLeafAssertionVerify"":11.584899961948395,""pkiManagementOpenSslVerifyIssuerCA"":11.273099958896637,""pkiManagementIssuerAssertionSign"":12.324999988079071,""pkiManagementIssuerAssertionVerify"":10.075500011444092,""pkiManagementRepositoryHttpVerify"":0.12629997730255127}",0,,
0,PKI,46,management,false,false,82731.96529066037,174003.77289062215,174153.15979062987,149.38690000772476,0,149.38690000772476,0,0,2,0,"{""pkiManagementDispatchHttp"":24.379700005054474,""pkiManagementRelayHttp"":0,""pkiManagementHttpWindow"":5.811100006103516,""pkiOpenSslIssueKeygen"":17.79440003633499,""pkiOpenSslIssueCsr"":17.436699986457825,""pkiOpenSslIssueSignCert"":13.458700001239777,""pkiOpenSslIssueExtractPubkey"":9.009700000286102,""pkiManagementOpenSslVerifyLeaf"":9.171299993991852,""pkiManagementLeafAssertionSign"":11.716300010681152,""pkiManagementLeafAssertionVerify"":8.757400035858154,""pkiManagementOpenSslVerifyIssuerCA"":9.353500008583069,""pkiManagementIssuerAssertionSign"":12.220200002193451,""pkiManagementIssuerAssertionVerify"":9.264899969100952,""pkiManagementRepositoryHttpVerify"":0.11089998483657837}",0,,
0,PKI,47,management,false,false,86839.60274958612,178111.41034954786,178303.5007495284,192.09039998054504,0,192.09039998054504,0,0,2,0,"{""pkiManagementDispatchHttp"":2.9911999702453613,""pkiManagementRelayHttp"":0,""pkiManagementHttpWindow"":11.569799959659576,""pkiOpenSslIssueKeygen"":68.39800000190735,""pkiOpenSslIssueCsr"":18.040000021457672,""pkiOpenSslIssueSignCert"":13.929399967193604,""pkiOpenSslIssueExtractPubkey"":10.549700021743774,""pkiManagementOpenSslVerifyLeaf"":10.020099997520447,""pkiManagementLeafAssertionSign"":12.67110002040863,""pkiManagementLeafAssertionVerify"":10.234399974346161,""pkiManagementOpenSslVerifyIssuerCA"":9.713699996471405,""pkiManagementIssuerAssertionSign"":12.984900057315826,""pkiManagementIssuerAssertionVerify"":10.038299977779388,""pkiManagementRepositoryHttpVerify"":0.1170000433921814}",0,,
0,PKI,48,management,false,false,89517.08514145286,180788.8927414146,180959.80464139848,170.9118999838829,0,170.9118999838829,0,0,2,0,"{""pkiManagementDispatchHttp"":22.840300023555756,""pkiManagementRelayHttp"":0,""pkiManagementHttpWindow"":0.13099998235702515,""pkiOpenSslIssueKeygen"":47.18730002641678,""pkiOpenSslIssueCsr"":17.375,""pkiOpenSslIssueSignCert"":13.110899984836578,""pkiOpenSslIssueExtractPubkey"":9.029500007629395,""pkiManagementOpenSslVerifyLeaf"":9.463299989700317,""pkiManagementLeafAssertionSign"":12.055299997329712,""pkiManagementLeafAssertionVerify"":9.512499988079071,""pkiManagementOpenSslVerifyIssuerCA"":9.137899994850159,""pkiManagementIssuerAssertionSign"":11.20329999923706,""pkiManagementIssuerAssertionVerify"":8.925400018692017,""pkiManagementRepositoryHttpVerify"":0.11460000276565552}",0,,
0,PKI,49,management,false,false,89705.56969346077,180977.37729342253,181153.680593386,176.30329996347427,0,176.30329996347427,0,0,2,0,"{""pkiManagementDispatchHttp"":7.611999988555908,""pkiManagementRelayHttp"":0,""pkiManagementHttpWindow"":5.518999993801117,""pkiOpenSslIssueKeygen"":62.12050002813339,""pkiOpenSslIssueCsr"":17.43609994649887,""pkiOpenSslIssueSignCert"":13.278500020503998,""pkiOpenSslIssueExtractPubkey"":9.02319997549057,""pkiManagementOpenSslVerifyLeaf"":8.926100015640259,""pkiManagementLeafAssertionSign"":12.104800045490265,""pkiManagementLeafAssertionVerify"":9.345899999141693,""pkiManagementOpenSslVerifyIssuerCA"":8.958599984645844,""pkiManagementIssuerAssertionSign"":11.951499998569489,""pkiManagementIssuerAssertionVerify"":9.043799996376038,""pkiManagementRepositoryHttpVerify"":0.11110001802444458}",0,,
0,PKI,50,management,false,false,94071.30135689025,185343.108956852,185510.04485688452,166.9359000325203,0,166.9359000325203,0,0,2,0,"{""pkiManagementDispatchHttp"":0.5824999809265137,""pkiManagementRelayHttp"":0,""pkiManagementHttpWindow"":17.435000002384186,""pkiOpenSslIssueKeygen"":45.69390004873276,""pkiOpenSslIssueCsr"":17.481299996376038,""pkiOpenSslIssueSignCert"":13.724399983882904,""pkiOpenSslIssueExtractPubkey"":9.05019998550415,""pkiManagementOpenSslVerifyLeaf"":9.671599984169006,""pkiManagementLeafAssertionSign"":11.854400038719177,""pkiManagementLeafAssertionVerify"":9.244500041007996,""pkiManagementOpenSslVerifyIssuerCA"":9.02350002527237,""pkiManagementIssuerAssertionSign"":12.50299996137619,""pkiManagementIssuerAssertionVerify"":9.755100011825562,""pkiManagementRepositoryHttpVerify"":0.12049996852874756}",0,,
0,PKI,51,management,false,false,94140.45613434471,185412.26373430647,185665.21975687984,252.9560225733876,97.7811225780606,155.174899995327,0,0,2,0,"{""pkiManagementDispatchHttp"":1.8354000449180603,""pkiManagementRelayHttp"":0,""pkiManagementHttpWindow"":1.5976999998092651,""pkiOpenSslIssueKeygen"":41.72130000591278,""pkiOpenSslIssueCsr"":17.69630002975464,""pkiOpenSslIssueSignCert"":13.4132000207901,""pkiOpenSslIssueExtractPubkey"":9.252300024032593,""pkiManagementOpenSslVerifyLeaf"":9.299599945545197,""pkiManagementLeafAssertionSign"":12.467299997806549,""pkiManagementLeafAssertionVerify"":9.379000008106232,""pkiManagementOpenSslVerifyIssuerCA"":10.92629998922348,""pkiManagementIssuerAssertionSign"":13.364300012588501,""pkiManagementIssuerAssertionVerify"":13.228600025177002,""pkiManagementRepositoryHttpVerify"":0.1248999834060669}",0,,
0,PKI,52,management,false,false,94370.70972021857,185642.5173201803,185862.53615687136,220.01883669104427,22.702436699531972,197.3163999915123,0,0,2,0,"{""pkiManagementDispatchHttp"":21.400799989700317,""pkiManagementRelayHttp"":0,""pkiManagementHttpWindow"":15.346099972724915,""pkiOpenSslIssueKeygen"":58.452800035476685,""pkiOpenSslIssueCsr"":18.501800000667572,""pkiOpenSslIssueSignCert"":12.95059996843338,""pkiOpenSslIssueExtractPubkey"":9.646399974822998,""pkiManagementOpenSslVerifyLeaf"":9.11159998178482,""pkiManagementLeafAssertionSign"":11.220600008964539,""pkiManagementLeafAssertionVerify"":9.028400003910065,""pkiManagementOpenSslVerifyIssuerCA"":8.98659998178482,""pkiManagementIssuerAssertionSign"":12.047300040721893,""pkiManagementIssuerAssertionVerify"":9.54529994726181,""pkiManagementRepositoryHttpVerify"":0.11910003423690796}",0,,
0,PKI,53,management,false,false,94967.58797686231,186239.39557682408,186430.57927684917,191.18370002508163,0,191.18370002508163,0,0,2,0,"{""pkiManagementDispatchHttp"":2.8597999811172485,""pkiManagementRelayHttp"":0,""pkiManagementHttpWindow"":3.4791999459266663,""pkiOpenSslIssueKeygen"":75.79160004854202,""pkiOpenSslIssueCsr"":17.95420002937317,""pkiOpenSslIssueSignCert"":14.046899974346161,""pkiOpenSslIssueExtractPubkey"":10.160199999809265,""pkiManagementOpenSslVerifyLeaf"":9.906300008296967,""pkiManagementLeafAssertionSign"":12.701900005340576,""pkiManagementLeafAssertionVerify"":10.222799956798553,""pkiManagementOpenSslVerifyIssuerCA"":10.03549998998642,""pkiManagementIssuerAssertionSign"":13.020399987697601,""pkiManagementIssuerAssertionVerify"":9.917999982833862,""pkiManagementRepositoryHttpVerify"":0.11359995603561401}",0,,
0,PKI,54,management,false,false,98230.79852712511,189502.60612708685,189666.94712710736,164.341000020504,0,164.341000020504,0,0,2,0,"{""pkiManagementDispatchHttp"":6.98989999294281,""pkiManagementRelayHttp"":0,""pkiManagementHttpWindow"":12.320599973201752,""pkiOpenSslIssueKeygen"":42.138300001621246,""pkiOpenSslIssueCsr"":17.56520003080368,""pkiOpenSslIssueSignCert"":13.71019995212555,""pkiOpenSslIssueExtractPubkey"":8.964700043201447,""pkiManagementOpenSslVerifyLeaf"":9.271499991416931,""pkiManagementLeafAssertionSign"":12.02759999036789,""pkiManagementLeafAssertionVerify"":9.524999976158142,""pkiManagementOpenSslVerifyIssuerCA"":9.163900017738342,""pkiManagementIssuerAssertionSign"":12.169900000095367,""pkiManagementIssuerAssertionVerify"":9.451599955558777,""pkiManagementRepositoryHttpVerify"":0.11420005559921265}",0,,
0,PKI,55,management,false,false,98881.79033385357,190153.59793381533,190316.79033379396,163.1923999786377,0,163.1923999786377,0,0,2,0,"{""pkiManagementDispatchHttp"":4.039099991321564,""pkiManagementRelayHttp"":0,""pkiManagementHttpWindow"":2.856599986553192,""pkiOpenSslIssueKeygen"":51.81170004606247,""pkiOpenSslIssueCsr"":19.22730004787445,""pkiOpenSslIssueSignCert"":14.122900009155273,""pkiOpenSslIssueExtractPubkey"":8.794600009918213,""pkiManagementOpenSslVerifyLeaf"":9.225000023841858,""pkiManagementLeafAssertionSign"":11.70550000667572,""pkiManagementLeafAssertionVerify"":9.317600011825562,""pkiManagementOpenSslVerifyIssuerCA"":8.97630000114441,""pkiManagementIssuerAssertionSign"":12.790899991989136,""pkiManagementIssuerAssertionVerify"":9.315599977970123,""pkiManagementRepositoryHttpVerify"":0.11489999294281006}",0,,
0,PKI,56,management,false,false,99682.42933673774,190954.23693669948,191110.40753669653,156.1705999970436,0,156.1705999970436,0,0,2,0,"{""pkiManagementDispatchHttp"":2.4126999974250793,""pkiManagementRelayHttp"":0,""pkiManagementHttpWindow"":4.248399972915649,""pkiOpenSslIssueKeygen"":50.25600004196167,""pkiOpenSslIssueCsr"":17.18309998512268,""pkiOpenSslIssueSignCert"":13.347699999809265,""pkiOpenSslIssueExtractPubkey"":8.865199983119965,""pkiManagementOpenSslVerifyLeaf"":9.018299996852875,""pkiManagementLeafAssertionSign"":11.64359998703003,""pkiManagementLeafAssertionVerify"":8.887499988079071,""pkiManagementOpenSslVerifyIssuerCA"":8.835200011730194,""pkiManagementIssuerAssertionSign"":11.75299996137619,""pkiManagementIssuerAssertionVerify"":8.803299963474274,""pkiManagementRepositoryHttpVerify"":0.11150002479553223}",0,,
0,PKI,57,management,false,false,100761.57165433667,192033.37925429843,192217.5779543092,184.19870001077652,0,184.19870001077652,0,0,2,0,"{""pkiManagementDispatchHttp"":31.18419998884201,""pkiManagementRelayHttp"":0,""pkiManagementHttpWindow"":1.5877000093460083,""pkiOpenSslIssueKeygen"":49.27400004863739,""pkiOpenSslIssueCsr"":17.54339998960495,""pkiOpenSslIssueSignCert"":13.93860000371933,""pkiOpenSslIssueExtractPubkey"":8.936199963092804,""pkiManagementOpenSslVerifyLeaf"":9.569800019264221,""pkiManagementLeafAssertionSign"":11.982200026512146,""pkiManagementLeafAssertionVerify"":9.164399981498718,""pkiManagementOpenSslVerifyIssuerCA"":9.39079999923706,""pkiManagementIssuerAssertionSign"":11.704599976539612,""pkiManagementIssuerAssertionVerify"":8.97680002450943,""pkiManagementRepositoryHttpVerify"":0.1021999716758728}",0,,
0,PKI,58,management,false,false,104244.54422754908,195516.35182751084,195664.30362749958,147.95179998874664,0,147.95179998874664,0,0,2,0,"{""pkiManagementDispatchHttp"":5.275200009346008,""pkiManagementRelayHttp"":0,""pkiManagementHttpWindow"":1.1069999933242798,""pkiOpenSslIssueKeygen"":32.25270003080368,""pkiOpenSslIssueCsr"":19.624599993228912,""pkiOpenSslIssueSignCert"":14.06470000743866,""pkiOpenSslIssueExtractPubkey"":10.105400025844574,""pkiManagementOpenSslVerifyLeaf"":9.403500020503998,""pkiManagementLeafAssertionSign"":12.485900044441223,""pkiManagementLeafAssertionVerify"":11.448300004005432,""pkiManagementOpenSslVerifyIssuerCA"":9.466099977493286,""pkiManagementIssuerAssertionSign"":12.326499998569489,""pkiManagementIssuerAssertionVerify"":9.392899990081787,""pkiManagementRepositoryHttpVerify"":0.11500000953674316}",0,,
0,PKI,59,management,false,false,107074.69757898433,198346.50517894607,198485.3241789518,138.81900000572205,0,138.81900000572205,0,0,2,0,"{""pkiManagementDispatchHttp"":8.89000004529953,""pkiManagementRelayHttp"":0,""pkiManagementHttpWindow"":3.237500011920929,""pkiOpenSslIssueKeygen"":26.228600025177002,""pkiOpenSslIssueCsr"":17.632200002670288,""pkiOpenSslIssueSignCert"":12.956200003623962,""pkiOpenSslIssueExtractPubkey"":8.863499999046326,""pkiManagementOpenSslVerifyLeaf"":8.806899964809418,""pkiManagementLeafAssertionSign"":11.337000012397766,""pkiManagementLeafAssertionVerify"":9.359600007534027,""pkiManagementOpenSslVerifyIssuerCA"":9.292199969291687,""pkiManagementIssuerAssertionSign"":12.209499955177307,""pkiManagementIssuerAssertionVerify"":8.977200031280518,""pkiManagementRepositoryHttpVerify"":0.11159998178482056}",0,,
0,PKI,60,management,false,false,107317.17217619701,198588.97977615875,198766.61337615532,177.63359999656677,0,177.63359999656677,0,0,2,0,"{""pkiManagementDispatchHttp"":25.42830002307892,""pkiManagementRelayHttp"":0,""pkiManagementHttpWindow"":3.885599970817566,""pkiOpenSslIssueKeygen"":37.947599947452545,""pkiOpenSslIssueCsr"":18.513300001621246,""pkiOpenSslIssueSignCert"":14.755800008773804,""pkiOpenSslIssueExtractPubkey"":10.173500001430511,""pkiManagementOpenSslVerifyLeaf"":10.496499955654144,""pkiManagementLeafAssertionSign"":12.590700030326843,""pkiManagementLeafAssertionVerify"":10.154399991035461,""pkiManagementOpenSslVerifyIssuerCA"":9.887199997901917,""pkiManagementIssuerAssertionSign"":12.56690001487732,""pkiManagementIssuerAssertionVerify"":10.178699970245361,""pkiManagementRepositoryHttpVerify"":0.11739999055862427}",0,,
0,PKI,61,management,false,false,107372.94199103696,198644.74959099872,198895.58137620968,250.8317852109758,121.86378515661636,128.96800005435944,0,0,2,0,"{""pkiManagementDispatchHttp"":3.373799979686737,""pkiManagementRelayHttp"":0,""pkiManagementHttpWindow"":2.6565000414848328,""pkiOpenSslIssueKeygen"":15.490899980068207,""pkiOpenSslIssueCsr"":17.366100013256073,""pkiOpenSslIssueSignCert"":13.6110999584198,""pkiOpenSslIssueExtractPubkey"":9.118400037288666,""pkiManagementOpenSslVerifyLeaf"":8.79940003156662,""pkiManagementLeafAssertionSign"":11.562300026416779,""pkiManagementLeafAssertionVerify"":9.123199999332428,""pkiManagementOpenSslVerifyIssuerCA"":9.317900002002716,""pkiManagementIssuerAssertionSign"":12.938100039958954,""pkiManagementIssuerAssertionVerify"":14.690500020980835,""pkiManagementRepositoryHttpVerify"":0.11480003595352173}",0,,
0,PKI,62,management,false,false,108655.55518142552,199927.3627813873,200099.31598136993,171.95319998264313,0,171.95319998264313,0,0,2,0,"{""pkiManagementDispatchHttp"":15.069500029087067,""pkiManagementRelayHttp"":0,""pkiManagementHttpWindow"":15.616200029850006,""pkiOpenSslIssueKeygen"":38.478600025177,""pkiOpenSslIssueCsr"":17.36520004272461,""pkiOpenSslIssueSignCert"":13.74430000782013,""pkiOpenSslIssueExtractPubkey"":8.939899981021881,""pkiManagementOpenSslVerifyLeaf"":9.45329999923706,""pkiManagementLeafAssertionSign"":12.501199960708618,""pkiManagementLeafAssertionVerify"":9.03600001335144,""pkiManagementOpenSslVerifyIssuerCA"":8.73309999704361,""pkiManagementIssuerAssertionSign"":12.123099982738495,""pkiManagementIssuerAssertionVerify"":9.867200016975403,""pkiManagementRepositoryHttpVerify"":0.12360000610351562}",0,,
0,PKI,63,management,false,false,113802.21994475403,205074.0275447158,205212.6062447218,138.57870000600815,0,138.57870000600815,0,0,2,0,"{""pkiManagementDispatchHttp"":1.24099999666214,""pkiManagementRelayHttp"":0,""pkiManagementHttpWindow"":10.846500039100647,""pkiOpenSslIssueKeygen"":23.651300013065338,""pkiOpenSslIssueCsr"":17.124899983406067,""pkiOpenSslIssueSignCert"":13.68860000371933,""pkiOpenSslIssueExtractPubkey"":9.034699976444244,""pkiManagementOpenSslVerifyLeaf"":9.074999988079071,""pkiManagementLeafAssertionSign"":12.649500012397766,""pkiManagementLeafAssertionVerify"":9.53380000591278,""pkiManagementOpenSslVerifyIssuerCA"":8.971099972724915,""pkiManagementIssuerAssertionSign"":12.281599998474121,""pkiManagementIssuerAssertionVerify"":9.531899988651276,""pkiManagementRepositoryHttpVerify"":0.11790001392364502}",0,,
0,PKI,64,management,false,false,114543.75637769993,205815.5639776617,205948.10957765873,132.5455999970436,0,132.5455999970436,0,0,2,0,"{""pkiManagementDispatchHttp"":0.48159998655319214,""pkiManagementRelayHttp"":0,""pkiManagementHttpWindow"":4.52649998664856,""pkiOpenSslIssueKeygen"":25.348900020122528,""pkiOpenSslIssueCsr"":17.311800003051758,""pkiOpenSslIssueSignCert"":13.313099980354309,""pkiOpenSslIssueExtractPubkey"":8.917100012302399,""pkiManagementOpenSslVerifyLeaf"":9.549499988555908,""pkiManagementLeafAssertionSign"":12.05429995059967,""pkiManagementLeafAssertionVerify"":9.255600035190582,""pkiManagementOpenSslVerifyIssuerCA"":9.144900023937225,""pkiManagementIssuerAssertionSign"":12.18369996547699,""pkiManagementIssuerAssertionVerify"":9.551999986171722,""pkiManagementRepositoryHttpVerify"":0.11660003662109375}",0,,
0,PKI,65,management,false,false,116456.52287800847,207728.33047797024,207930.59957798064,202.26910001039505,0,202.26910001039505,0,0,2,0,"{""pkiManagementDispatchHttp"":32.057799994945526,""pkiManagementRelayHttp"":0,""pkiManagementHttpWindow"":1.444700002670288,""pkiOpenSslIssueKeygen"":58.99009996652603,""pkiOpenSslIssueCsr"":20.357299983501434,""pkiOpenSslIssueSignCert"":14.043999969959259,""pkiOpenSslIssueExtractPubkey"":9.15389996767044,""pkiManagementOpenSslVerifyLeaf"":13.505999982357025,""pkiManagementLeafAssertionSign"":11.975799977779388,""pkiManagementLeafAssertionVerify"":9.140999972820282,""pkiManagementOpenSslVerifyIssuerCA"":8.964900016784668,""pkiManagementIssuerAssertionSign"":12.26969999074936,""pkiManagementIssuerAssertionVerify"":9.405399978160858,""pkiManagementRepositoryHttpVerify"":0.1306999921798706}",0,,
0,PKI,66,management,false,false,119776.2712782368,211048.07887819858,211206.61747822614,158.5386000275612,0,158.5386000275612,0,0,2,0,"{""pkiManagementDispatchHttp"":16.18950003385544,""pkiManagementRelayHttp"":0,""pkiManagementHttpWindow"":15.673000037670135,""pkiOpenSslIssueKeygen"":24.593399941921234,""pkiOpenSslIssueCsr"":17.488399982452393,""pkiOpenSslIssueSignCert"":13.55730003118515,""pkiOpenSslIssueExtractPubkey"":9.128199994564056,""pkiManagementOpenSslVerifyLeaf"":8.728799998760223,""pkiManagementLeafAssertionSign"":12.012600004673004,""pkiManagementLeafAssertionVerify"":9.353100001811981,""pkiManagementOpenSslVerifyIssuerCA"":9.418899953365326,""pkiManagementIssuerAssertionSign"":12.101599991321564,""pkiManagementIssuerAssertionVerify"":9.327099978923798,""pkiManagementRepositoryHttpVerify"":0.11169999837875366}",0,,
0,PKI,67,management,false,false,119891.54031844127,211163.34791840304,211395.21687826962,231.86895986658055,43.269559823093005,188.59940004348755,0,0,2,0,"{""pkiManagementDispatchHttp"":12.468999981880188,""pkiManagementRelayHttp"":0,""pkiManagementHttpWindow"":2.3611000180244446,""pkiOpenSslIssueKeygen"":70.58300000429153,""pkiOpenSslIssueCsr"":17.904100000858307,""pkiOpenSslIssueSignCert"":13.642699956893921,""pkiOpenSslIssueExtractPubkey"":9.200699985027313,""pkiManagementOpenSslVerifyLeaf"":9.756600022315979,""pkiManagementLeafAssertionSign"":12.25220000743866,""pkiManagementLeafAssertionVerify"":9.147300004959106,""pkiManagementOpenSslVerifyIssuerCA"":9.319200038909912,""pkiManagementIssuerAssertionSign"":11.835599958896637,""pkiManagementIssuerAssertionVerify"":9.161900043487549,""pkiManagementRepositoryHttpVerify"":0.10809999704360962}",0,,
0,PKI,68,management,false,false,126202.97373136815,217474.7813313299,217620.6849313074,145.9035999774933,0,145.9035999774933,0,0,2,0,"{""pkiManagementDispatchHttp"":2.7008000016212463,""pkiManagementRelayHttp"":0,""pkiManagementHttpWindow"":2.6021000146865845,""pkiOpenSslIssueKeygen"":37.872500002384186,""pkiOpenSslIssueCsr"":17.679899990558624,""pkiOpenSslIssueSignCert"":13.70279997587204,""pkiOpenSslIssueExtractPubkey"":9.222699999809265,""pkiManagementOpenSslVerifyLeaf"":9.801799952983856,""pkiManagementLeafAssertionSign"":12.255600035190582,""pkiManagementLeafAssertionVerify"":8.937699973583221,""pkiManagementOpenSslVerifyIssuerCA"":9.25220000743866,""pkiManagementIssuerAssertionSign"":11.905399978160858,""pkiManagementIssuerAssertionVerify"":8.999799966812134,""pkiManagementRepositoryHttpVerify"":0.11590003967285156}",0,,
0,PKI,69,management,false,false,127249.85981855053,218521.66741851228,218720.89591852087,199.22850000858307,0,199.22850000858307,0,0,2,0,"{""pkiManagementDispatchHttp"":15.875100016593933,""pkiManagementRelayHttp"":0,""pkiManagementHttpWindow"":15.299499988555908,""pkiOpenSslIssueKeygen"":62.78810000419617,""pkiOpenSslIssueCsr"":18.31340003013611,""pkiOpenSslIssueSignCert"":13.894999980926514,""pkiOpenSslIssueExtractPubkey"":9.560199975967407,""pkiManagementOpenSslVerifyLeaf"":9.946799993515015,""pkiManagementLeafAssertionSign"":12.275000035762787,""pkiManagementLeafAssertionVerify"":9.464699983596802,""pkiManagementOpenSslVerifyIssuerCA"":9.347800016403198,""pkiManagementIssuerAssertionSign"":12.314800024032593,""pkiManagementIssuerAssertionVerify"":9.116900026798248,""pkiManagementRepositoryHttpVerify"":0.11259996891021729}",0,,
0,PKI,70,management,false,false,127392.66157439986,218664.4691743616,218891.9958184685,227.52664410689613,56.42674415925285,171.09989994764328,0,0,2,0,"{""pkiManagementDispatchHttp"":18.136500000953674,""pkiManagementRelayHttp"":0,""pkiManagementHttpWindow"":1.3044000267982483,""pkiOpenSslIssueKeygen"":50.67129999399185,""pkiOpenSslIssueCsr"":17.700999975204468,""pkiOpenSslIssueSignCert"":13.55979996919632,""pkiOpenSslIssueExtractPubkey"":8.699299991130829,""pkiManagementOpenSslVerifyLeaf"":9.472899973392487,""pkiManagementLeafAssertionSign"":11.664600014686584,""pkiManagementLeafAssertionVerify"":8.93309998512268,""pkiManagementOpenSslVerifyIssuerCA"":9.151999950408936,""pkiManagementIssuerAssertionSign"":11.77539998292923,""pkiManagementIssuerAssertionVerify"":9.085799992084503,""pkiManagementRepositoryHttpVerify"":0.107200026512146}",0,,
0,PKI,71,management,false,false,127988.77881473448,219260.58641469624,219446.4755147114,185.88910001516342,0,185.88910001516342,0,0,2,0,"{""pkiManagementDispatchHttp"":33.865700006484985,""pkiManagementRelayHttp"":0,""pkiManagementHttpWindow"":15.369899988174438,""pkiOpenSslIssueKeygen"":29.445100009441376,""pkiOpenSslIssueCsr"":18.716200053691864,""pkiOpenSslIssueSignCert"":13.761600017547607,""pkiOpenSslIssueExtractPubkey"":9.416499972343445,""pkiManagementOpenSslVerifyLeaf"":9.453000009059906,""pkiManagementLeafAssertionSign"":14.740399956703186,""pkiManagementLeafAssertionVerify"":9.791000008583069,""pkiManagementOpenSslVerifyIssuerCA"":9.503100037574768,""pkiManagementIssuerAssertionSign"":11.729700028896332,""pkiManagementIssuerAssertionVerify"":9.08629995584488,""pkiManagementRepositoryHttpVerify"":0.1362999677658081}",0,,
0,PKI,72,management,false,false,129066.88457699749,220338.69217695924,220488.30457701418,149.61240005493164,0,149.61240005493164,0,0,2,0,"{""pkiManagementDispatchHttp"":5.831099987030029,""pkiManagementRelayHttp"":0,""pkiManagementHttpWindow"":12.69650000333786,""pkiOpenSslIssueKeygen"":29.08780002593994,""pkiOpenSslIssueCsr"":17.49870002269745,""pkiOpenSslIssueSignCert"":13.238100051879883,""pkiOpenSslIssueExtractPubkey"":9.280399978160858,""pkiManagementOpenSslVerifyLeaf"":9.442399978637695,""pkiManagementLeafAssertionSign"":11.442300021648407,""pkiManagementLeafAssertionVerify"":9.941400051116943,""pkiManagementOpenSslVerifyIssuerCA"":9.30019998550415,""pkiManagementIssuerAssertionSign"":11.87389999628067,""pkiManagementIssuerAssertionVerify"":9.049199998378754,""pkiManagementRepositoryHttpVerify"":0.10969996452331543}",0,,
0,PKI,73,management,false,false,132555.67306213063,223827.4806620924,223992.48936210555,165.0087000131607,0,165.0087000131607,0,0,2,0,"{""pkiManagementDispatchHttp"":7.842999994754791,""pkiManagementRelayHttp"":0,""pkiManagementHttpWindow"":1.970300018787384,""pkiOpenSslIssueKeygen"":49.59729999303818,""pkiOpenSslIssueCsr"":17.464800000190735,""pkiOpenSslIssueSignCert"":13.846599996089935,""pkiOpenSslIssueExtractPubkey"":8.517400026321411,""pkiManagementOpenSslVerifyLeaf"":10.020400047302246,""pkiManagementLeafAssertionSign"":12.965999960899353,""pkiManagementLeafAssertionVerify"":9.842299997806549,""pkiManagementOpenSslVerifyIssuerCA"":9.721299946308136,""pkiManagementIssuerAssertionSign"":12.673399984836578,""pkiManagementIssuerAssertionVerify"":9.612800002098083,""pkiManagementRepositoryHttpVerify"":0.11390000581741333}",0,,
0,PKI,74,management,false,false,133950.77649425695,225222.5840942187,225366.2106941862,143.6265999674797,0,143.6265999674797,0,0,2,0,"{""pkiManagementDispatchHttp"":1.1665000319480896,""pkiManagementRelayHttp"":0,""pkiManagementHttpWindow"":11.997900009155273,""pkiOpenSslIssueKeygen"":28.164299964904785,""pkiOpenSslIssueCsr"":18.10860002040863,""pkiOpenSslIssueSignCert"":13.181400001049042,""pkiOpenSslIssueExtractPubkey"":8.844799995422363,""pkiManagementOpenSslVerifyLeaf"":8.666599988937378,""pkiManagementLeafAssertionSign"":11.583400011062622,""pkiManagementLeafAssertionVerify"":10.036900043487549,""pkiManagementOpenSslVerifyIssuerCA"":9.298399984836578,""pkiManagementIssuerAssertionSign"":11.469299972057343,""pkiManagementIssuerAssertionVerify"":10.141499996185303,""pkiManagementRepositoryHttpVerify"":0.11650002002716064}",0,,
0,PKI,75,management,false,false,134118.18695713746,225389.9945570992,225546.34205712544,156.34750002622604,0,156.34750002622604,0,0,2,0,"{""pkiManagementDispatchHttp"":9.786300003528595,""pkiManagementRelayHttp"":0,""pkiManagementHttpWindow"":12.50330001115799,""pkiOpenSslIssueKeygen"":26.258700013160706,""pkiOpenSslIssueCsr"":20.13749998807907,""pkiOpenSslIssueSignCert"":13.380299985408783,""pkiOpenSslIssueExtractPubkey"":8.955799996852875,""pkiManagementOpenSslVerifyLeaf"":10.175000011920929,""pkiManagementLeafAssertionSign"":14.078999996185303,""pkiManagementLeafAssertionVerify"":9.122900009155273,""pkiManagementOpenSslVerifyIssuerCA"":9.81089997291565,""pkiManagementIssuerAssertionSign"":12.005900025367737,""pkiManagementIssuerAssertionVerify"":8.96069997549057,""pkiManagementRepositoryHttpVerify"":0.1517999768257141}",0,,
0,PKI,76,management,false,false,134592.4030615634,225864.21066152517,226043.80606156055,179.59540003538132,0,179.59540003538132,0,0,2,0,"{""pkiManagementDispatchHttp"":35.91820001602173,""pkiManagementRelayHttp"":0,""pkiManagementHttpWindow"":15.645600020885468,""pkiOpenSslIssueKeygen"":24.625299990177155,""pkiOpenSslIssueCsr"":17.539700031280518,""pkiOpenSslIssueSignCert"":13.111000001430511,""pkiOpenSslIssueExtractPubkey"":8.931299984455109,""pkiManagementOpenSslVerifyLeaf"":9.30680000782013,""pkiManagementLeafAssertionSign"":12.066699981689453,""pkiManagementLeafAssertionVerify"":9.4689000248909,""pkiManagementOpenSslVerifyIssuerCA"":9.497600018978119,""pkiManagementIssuerAssertionSign"":12.617899954319,""pkiManagementIssuerAssertionVerify"":9.796099960803986,""pkiManagementRepositoryHttpVerify"":0.1428999900817871}",0,,
0,PKI,77,management,false,false,135507.2586818138,226779.06628177557,226976.4857817689,197.41949999332428,0,197.41949999332428,0,0,2,0,"{""pkiManagementDispatchHttp"":24.765900015830994,""pkiManagementRelayHttp"":0,""pkiManagementHttpWindow"":15.458100020885468,""pkiOpenSslIssueKeygen"":51.75180000066757,""pkiOpenSslIssueCsr"":18.21670001745224,""pkiOpenSslIssueSignCert"":14.315100014209747,""pkiOpenSslIssueExtractPubkey"":9.562999963760376,""pkiManagementOpenSslVerifyLeaf"":9.928699970245361,""pkiManagementLeafAssertionSign"":12.286400020122528,""pkiManagementLeafAssertionVerify"":9.55239999294281,""pkiManagementOpenSslVerifyIssuerCA"":9.423099994659424,""pkiManagementIssuerAssertionSign"":11.723699986934662,""pkiManagementIssuerAssertionVerify"":9.327099978923798,""pkiManagementRepositoryHttpVerify"":0.11149996519088745}",0,,
0,PKI,78,management,false,false,135794.30915501388,227066.11675497564,227230.46665498288,164.34990000724792,0,164.34990000724792,0,0,2,0,"{""pkiManagementDispatchHttp"":5.102399945259094,""pkiManagementRelayHttp"":0,""pkiManagementHttpWindow"":1.8259999752044678,""pkiOpenSslIssueKeygen"":53.999700009822845,""pkiOpenSslIssueCsr"":17.437600016593933,""pkiOpenSslIssueSignCert"":13.105199992656708,""pkiOpenSslIssueExtractPubkey"":9.380499958992004,""pkiManagementOpenSslVerifyLeaf"":9.751700043678284,""pkiManagementLeafAssertionSign"":12.073300004005432,""pkiManagementLeafAssertionVerify"":9.643299996852875,""pkiManagementOpenSslVerifyIssuerCA"":9.507200002670288,""pkiManagementIssuerAssertionSign"":11.891799986362457,""pkiManagementIssuerAssertionVerify"":9.630299985408783,""pkiManagementRepositoryHttpVerify"":0.12009996175765991}",0,,
0,PKI,79,management,false,false,136790.76473103583,228062.5723309976,228214.45483099043,151.88249999284744,0,151.88249999284744,0,0,2,0,"{""pkiManagementDispatchHttp"":0.7378000020980835,""pkiManagementRelayHttp"":0,""pkiManagementHttpWindow"":15.498700022697449,""pkiOpenSslIssueKeygen"":27.146500051021576,""pkiOpenSslIssueCsr"":17.338299989700317,""pkiOpenSslIssueSignCert"":13.773299992084503,""pkiOpenSslIssueExtractPubkey"":9.023000001907349,""pkiManagementOpenSslVerifyLeaf"":8.819500029087067,""pkiManagementLeafAssertionSign"":12.695599973201752,""pkiManagementLeafAssertionVerify"":12.257300019264221,""pkiManagementOpenSslVerifyIssuerCA"":11.153600037097931,""pkiManagementIssuerAssertionSign"":13.21340000629425,""pkiManagementIssuerAssertionVerify"":9.219200015068054,""pkiManagementRepositoryHttpVerify"":0.12800002098083496}",0,,
0,PKI,80,management,false,false,137990.29025958639,229262.09785954814,229414.9055595265,152.8076999783516,0,152.8076999783516,0,0,2,0,"{""pkiManagementDispatchHttp"":1.3100000023841858,""pkiManagementRelayHttp"":0,""pkiManagementHttpWindow"":16.508999943733215,""pkiOpenSslIssueKeygen"":33.42620003223419,""pkiOpenSslIssueCsr"":18.10369998216629,""pkiOpenSslIssueSignCert"":13.767799973487854,""pkiOpenSslIssueExtractPubkey"":9.159099996089935,""pkiManagementOpenSslVerifyLeaf"":9.147300004959106,""pkiManagementLeafAssertionSign"":11.53030002117157,""pkiManagementLeafAssertionVerify"":8.87059998512268,""pkiManagementOpenSslVerifyIssuerCA"":8.994799971580505,""pkiManagementIssuerAssertionSign"":11.661899983882904,""pkiManagementIssuerAssertionVerify"":9.36379998922348,""pkiManagementRepositoryHttpVerify"":0.11360001564025879}",0,,
0,PKI,81,management,false,false,138246.82112031124,229518.628720273,229684.54232024096,165.91359996795654,0,165.91359996795654,0,0,2,0,"{""pkiManagementDispatchHttp"":4.528400003910065,""pkiManagementRelayHttp"":0,""pkiManagementHttpWindow"":14.145900011062622,""pkiOpenSslIssueKeygen"":29.820899963378906,""pkiOpenSslIssueCsr"":17.57779997587204,""pkiOpenSslIssueSignCert"":13.621299982070923,""pkiOpenSslIssueExtractPubkey"":11.640100002288818,""pkiManagementOpenSslVerifyLeaf"":10.961899995803833,""pkiManagementLeafAssertionSign"":13.792499959468842,""pkiManagementLeafAssertionVerify"":12.914600014686584,""pkiManagementOpenSslVerifyIssuerCA"":11.597500026226044,""pkiManagementIssuerAssertionSign"":13.808000028133392,""pkiManagementIssuerAssertionVerify"":10.435000002384186,""pkiManagementRepositoryHttpVerify"":0.11100000143051147}",0,,
0,PKI,82,management,false,false,140607.637205223,231879.44480518476,232070.26310519353,190.8183000087738,0,190.8183000087738,0,0,2,0,"{""pkiManagementDispatchHttp"":23.07889997959137,""pkiManagementRelayHttp"":0,""pkiManagementHttpWindow"":15.04390001296997,""pkiOpenSslIssueKeygen"":50.22740000486374,""pkiOpenSslIssueCsr"":18.08160001039505,""pkiOpenSslIssueSignCert"":13.204800009727478,""pkiOpenSslIssueExtractPubkey"":8.998500049114227,""pkiManagementOpenSslVerifyLeaf"":9.127600014209747,""pkiManagementLeafAssertionSign"":12.41760003566742,""pkiManagementLeafAssertionVerify"":9.481199979782104,""pkiManagementOpenSslVerifyIssuerCA"":9.010199964046478,""pkiManagementIssuerAssertionSign"":12.025600016117096,""pkiManagementIssuerAssertionVerify"":9.167100012302399,""pkiManagementRepositoryHttpVerify"":0.11120003461837769}",0,,
0,PKI,83,management,false,false,143976.23129106135,235248.0388910231,235400.60949105592,152.5706000328064,0,152.5706000328064,0,0,2,0,"{""pkiManagementDispatchHttp"":0.8712000250816345,""pkiManagementRelayHttp"":0,""pkiManagementHttpWindow"":18.31859999895096,""pkiOpenSslIssueKeygen"":23.705999970436096,""pkiOpenSslIssueCsr"":18.120200037956238,""pkiOpenSslIssueSignCert"":14.324799954891205,""pkiOpenSslIssueExtractPubkey"":9.92469996213913,""pkiManagementOpenSslVerifyLeaf"":9.603299975395203,""pkiManagementLeafAssertionSign"":14.220700025558472,""pkiManagementLeafAssertionVerify"":9.645099997520447,""pkiManagementOpenSslVerifyIssuerCA"":9.714399993419647,""pkiManagementIssuerAssertionSign"":12.795499980449677,""pkiManagementIssuerAssertionVerify"":10.345499992370605,""pkiManagementRepositoryHttpVerify"":0.1240999698638916}",0,,
0,PKI,84,management,false,false,144819.21974030734,236091.0273402691,236245.36344025136,154.33609998226166,0,154.33609998226166,0,0,2,0,"{""pkiManagementDispatchHttp"":3.051200032234192,""pkiManagementRelayHttp"":0,""pkiManagementHttpWindow"":2.180899977684021,""pkiOpenSslIssueKeygen"":43.9854000210762,""pkiOpenSslIssueCsr"":17.633199989795685,""pkiOpenSslIssueSignCert"":13.647800028324127,""pkiOpenSslIssueExtractPubkey"":9.155900001525879,""pkiManagementOpenSslVerifyLeaf"":9.78880000114441,""pkiManagementLeafAssertionSign"":12.496500015258789,""pkiManagementLeafAssertionVerify"":9.391700029373169,""pkiManagementOpenSslVerifyIssuerCA"":9.506200015544891,""pkiManagementIssuerAssertionSign"":12.581700026988983,""pkiManagementIssuerAssertionVerify"":9.89819997549057,""pkiManagementRepositoryHttpVerify"":0.11089998483657837}",0,,
0,PKI,85,management,false,false,147525.78950765962,238797.59710762138,238938.75400761003,141.15689998865128,0,141.15689998865128,0,0,2,0,"{""pkiManagementDispatchHttp"":1.6875,""pkiManagementRelayHttp"":0,""pkiManagementHttpWindow"":5.918899953365326,""pkiOpenSslIssueKeygen"":33.2043000459671,""pkiOpenSslIssueCsr"":17.37370002269745,""pkiOpenSslIssueSignCert"":13.17519998550415,""pkiOpenSslIssueExtractPubkey"":8.859300017356873,""pkiManagementOpenSslVerifyLeaf"":9.410699963569641,""pkiManagementLeafAssertionSign"":12.049999952316284,""pkiManagementLeafAssertionVerify"":8.859000027179718,""pkiManagementOpenSslVerifyIssuerCA"":9.005800008773804,""pkiManagementIssuerAssertionSign"":12.025099992752075,""pkiManagementIssuerAssertionVerify"":8.687799990177155,""pkiManagementRepositoryHttpVerify"":0.109499990940094}",0,,
0,PKI,86,management,false,false,149421.80379081183,240693.61139077359,240895.8978908103,202.28650003671646,0,202.28650003671646,0,0,2,0,"{""pkiManagementDispatchHttp"":21.551400005817413,""pkiManagementRelayHttp"":0,""pkiManagementHttpWindow"":15.073199987411499,""pkiOpenSslIssueKeygen"":58.3468000292778,""pkiOpenSslIssueCsr"":17.837099969387054,""pkiOpenSslIssueSignCert"":18.93250000476837,""pkiOpenSslIssueExtractPubkey"":8.892399966716766,""pkiManagementOpenSslVerifyLeaf"":8.892099976539612,""pkiManagementLeafAssertionSign"":12.241200029850006,""pkiManagementLeafAssertionVerify"":9.272199988365173,""pkiManagementOpenSslVerifyIssuerCA"":9.169300019741058,""pkiManagementIssuerAssertionSign"":11.794900000095367,""pkiManagementIssuerAssertionVerify"":9.369900047779083,""pkiManagementRepositoryHttpVerify"":0.10850000381469727}",0,,
0,PKI,87,management,false,false,150322.0396786438,241593.84727860556,241799.81337858306,205.9660999774933,0,205.9660999774933,0,0,2,0,"{""pkiManagementDispatchHttp"":34.87569999694824,""pkiManagementRelayHttp"":0,""pkiManagementHttpWindow"":15.374100029468536,""pkiOpenSslIssueKeygen"":43.26730000972748,""pkiOpenSslIssueCsr"":17.58780002593994,""pkiOpenSslIssueSignCert"":13.450600028038025,""pkiOpenSslIssueExtractPubkey"":9.032699942588806,""pkiManagementOpenSslVerifyLeaf"":8.898300051689148,""pkiManagementLeafAssertionSign"":13.464800000190735,""pkiManagementLeafAssertionVerify"":10.814599990844727,""pkiManagementOpenSslVerifyIssuerCA"":9.882099986076355,""pkiManagementIssuerAssertionSign"":15.577600002288818,""pkiManagementIssuerAssertionVerify"":12.704799950122833,""pkiManagementRepositoryHttpVerify"":0.11879998445510864}",0,,
0,PKI,88,management,false,false,150518.922704821,241790.73030478274,241989.5682785617,198.83797377895098,9.083073800313286,189.7548999786377,0,0,2,0,"{""pkiManagementDispatchHttp"":15.771999955177307,""pkiManagementRelayHttp"":0,""pkiManagementHttpWindow"":15.064000010490417,""pkiOpenSslIssueKeygen"":58.189400017261505,""pkiOpenSslIssueCsr"":17.35089999437332,""pkiOpenSslIssueSignCert"":13.804100036621094,""pkiOpenSslIssueExtractPubkey"":9.293799996376038,""pkiManagementOpenSslVerifyLeaf"":9.06089997291565,""pkiManagementLeafAssertionSign"":11.994599997997284,""pkiManagementLeafAssertionVerify"":9.379999995231628,""pkiManagementOpenSslVerifyIssuerCA"":8.585500001907349,""pkiManagementIssuerAssertionSign"":11.565299987792969,""pkiManagementIssuerAssertionVerify"":8.800400018692017,""pkiManagementRepositoryHttpVerify"":0.10579997301101685}",0,,
0,PKI,89,management,false,false,150938.6916662257,242210.49926618746,242406.29236618688,195.7930999994278,0,195.7930999994278,0,0,2,0,"{""pkiManagementDispatchHttp"":27.18349999189377,""pkiManagementRelayHttp"":0,""pkiManagementHttpWindow"":2.8745999932289124,""pkiOpenSslIssueKeygen"":56.81690001487732,""pkiOpenSslIssueCsr"":19.65470004081726,""pkiOpenSslIssueSignCert"":13.572200000286102,""pkiOpenSslIssueExtractPubkey"":10.053600013256073,""pkiManagementOpenSslVerifyLeaf"":9.715400040149689,""pkiManagementLeafAssertionSign"":12.351599991321564,""pkiManagementLeafAssertionVerify"":9.69870001077652,""pkiManagementOpenSslVerifyIssuerCA"":10.25459998846054,""pkiManagementIssuerAssertionSign"":12.747399985790253,""pkiManagementIssuerAssertionVerify"":9.808299958705902,""pkiManagementRepositoryHttpVerify"":0.12110000848770142}",0,,
0,PKI,90,management,false,false,152942.36204904012,244214.16964900188,244368.60084902935,154.43120002746582,0,154.43120002746582,0,0,2,0,"{""pkiManagementDispatchHttp"":17.78949999809265,""pkiManagementRelayHttp"":0,""pkiManagementHttpWindow"":4.306000053882599,""pkiOpenSslIssueKeygen"":29.14740002155304,""pkiOpenSslIssueCsr"":17.759800016880035,""pkiOpenSslIssueSignCert"":13.377799987792969,""pkiOpenSslIssueExtractPubkey"":8.404000043869019,""pkiManagementOpenSslVerifyLeaf"":9.204499959945679,""pkiManagementLeafAssertionSign"":11.67170000076294,""pkiManagementLeafAssertionVerify"":9.005899965763092,""pkiManagementOpenSslVerifyIssuerCA"":9.231500029563904,""pkiManagementIssuerAssertionSign"":13.642699956893921,""pkiManagementIssuerAssertionVerify"":9.899899959564209,""pkiManagementRepositoryHttpVerify"":0.1119999885559082}",0,,
0,PKI,91,management,false,false,156204.02406553878,247475.83166550053,247616.76376549853,140.93209999799728,0,140.93209999799728,0,0,2,0,"{""pkiManagementDispatchHttp"":18.264599978923798,""pkiManagementRelayHttp"":0,""pkiManagementHttpWindow"":2.198300004005432,""pkiOpenSslIssueKeygen"":19.418600022792816,""pkiOpenSslIssueCsr"":16.987000048160553,""pkiOpenSslIssueSignCert"":13.14410001039505,""pkiOpenSslIssueExtractPubkey"":8.905699968338013,""pkiManagementOpenSslVerifyLeaf"":9.200100004673004,""pkiManagementLeafAssertionSign"":11.481700003147125,""pkiManagementLeafAssertionVerify"":9.573899984359741,""pkiManagementOpenSslVerifyIssuerCA"":9.28190004825592,""pkiManagementIssuerAssertionSign"":12.088299989700317,""pkiManagementIssuerAssertionVerify"":9.446099996566772,""pkiManagementRepositoryHttpVerify"":0.11070001125335693}",0,,
0,PKI,92,management,false,false,160316.83323655082,251588.64083651258,251765.1516365166,176.51080000400543,0,176.51080000400543,0,0,2,0,"{""pkiManagementDispatchHttp"":18.185900032520294,""pkiManagementRelayHttp"":0,""pkiManagementHttpWindow"":4.398299992084503,""pkiOpenSslIssueKeygen"":50.49760001897812,""pkiOpenSslIssueCsr"":17.58950001001358,""pkiOpenSslIssueSignCert"":13.861100018024445,""pkiOpenSslIssueExtractPubkey"":8.889900028705597,""pkiManagementOpenSslVerifyLeaf"":8.907000005245209,""pkiManagementLeafAssertionSign"":12.676200032234192,""pkiManagementLeafAssertionVerify"":9.189899981021881,""pkiManagementOpenSslVerifyIssuerCA"":9.699000000953674,""pkiManagementIssuerAssertionSign"":12.336600005626678,""pkiManagementIssuerAssertionVerify"":9.369000017642975,""pkiManagementRepositoryHttpVerify"":0.10890001058578491}",0,,
0,PKI,93,management,false,false,160853.54255151705,252125.3501514788,252298.62415146784,173.27399998903275,0,173.27399998903275,0,0,2,0,"{""pkiManagementDispatchHttp"":12.045499980449677,""pkiManagementRelayHttp"":0,""pkiManagementHttpWindow"":2.576799988746643,""pkiOpenSslIssueKeygen"":53.494199991226196,""pkiOpenSslIssueCsr"":17.73879998922348,""pkiOpenSslIssueSignCert"":14.10510003566742,""pkiOpenSslIssueExtractPubkey"":9.311300039291382,""pkiManagementOpenSslVerifyLeaf"":9.213900029659271,""pkiManagementLeafAssertionSign"":12.31690001487732,""pkiManagementLeafAssertionVerify"":10.094200015068054,""pkiManagementOpenSslVerifyIssuerCA"":8.83619999885559,""pkiManagementIssuerAssertionSign"":11.925899982452393,""pkiManagementIssuerAssertionVerify"":10.52700001001358,""pkiManagementRepositoryHttpVerify"":0.2644999623298645}",0,,
0,PKI,94,management,false,false,161673.76780013918,252945.57540010093,253093.71000008463,148.13459998369217,0,148.13459998369217,0,0,2,0,"{""pkiManagementDispatchHttp"":4.12090003490448,""pkiManagementRelayHttp"":0,""pkiManagementHttpWindow"":6.998699963092804,""pkiOpenSslIssueKeygen"":30.074899971485138,""pkiOpenSslIssueCsr"":20.147199988365173,""pkiOpenSslIssueSignCert"":13.853300034999847,""pkiOpenSslIssueExtractPubkey"":9.242200016975403,""pkiManagementOpenSslVerifyLeaf"":9.562699973583221,""pkiManagementLeafAssertionSign"":12.195500016212463,""pkiManagementLeafAssertionVerify"":9.700200021266937,""pkiManagementOpenSslVerifyIssuerCA"":9.020699977874756,""pkiManagementIssuerAssertionSign"":12.298099994659424,""pkiManagementIssuerAssertionVerify"":9.94159996509552,""pkiManagementRepositoryHttpVerify"":0.12690001726150513}",0,,
0,PKI,95,management,false,false,163651.40822684436,254923.21582680612,255080.74952679544,157.53369998931885,0,157.53369998931885,0,0,2,0,"{""pkiManagementDispatchHttp"":2.0439000129699707,""pkiManagementRelayHttp"":0,""pkiManagementHttpWindow"":5.399400055408478,""pkiOpenSslIssueKeygen"":44.898999989032745,""pkiOpenSslIssueCsr"":17.662599980831146,""pkiOpenSslIssueSignCert"":13.856099963188171,""pkiOpenSslIssueExtractPubkey"":10.384199976921082,""pkiManagementOpenSslVerifyLeaf"":9.380999982357025,""pkiManagementLeafAssertionSign"":12.10259997844696,""pkiManagementLeafAssertionVerify"":9.075899958610535,""pkiManagementOpenSslVerifyIssuerCA"":9.635800004005432,""pkiManagementIssuerAssertionSign"":12.604400038719177,""pkiManagementIssuerAssertionVerify"":9.521099984645844,""pkiManagementRepositoryHttpVerify"":0.11630004644393921}",0,,
0,PKI,96,management,false,false,166972.70602433136,258244.51362429312,258436.72092424086,192.20729994773865,0,192.20729994773865,0,0,2,0,"{""pkiManagementDispatchHttp"":10.828499972820282,""pkiManagementRelayHttp"":0,""pkiManagementHttpWindow"":15.582099974155426,""pkiOpenSslIssueKeygen"":61.13770002126694,""pkiOpenSslIssueCsr"":18.7771999835968,""pkiOpenSslIssueSignCert"":13.779399991035461,""pkiOpenSslIssueExtractPubkey"":9.517800033092499,""pkiManagementOpenSslVerifyLeaf"":9.636799991130829,""pkiManagementLeafAssertionSign"":12.146200001239777,""pkiManagementLeafAssertionVerify"":9.591799974441528,""pkiManagementOpenSslVerifyIssuerCA"":9.217999994754791,""pkiManagementIssuerAssertionSign"":12.017199993133545,""pkiManagementIssuerAssertionVerify"":8.91159999370575,""pkiManagementRepositoryHttpVerify"":0.10999995470046997}",0,,
0,PKI,97,management,false,false,167541.73575666625,258813.543356628,258980.0937566467,166.55040001869202,0,166.55040001869202,0,0,2,0,"{""pkiManagementDispatchHttp"":18.650299966335297,""pkiManagementRelayHttp"":0,""pkiManagementHttpWindow"":16.947399973869324,""pkiOpenSslIssueKeygen"":27.29839998483658,""pkiOpenSslIssueCsr"":17.888499975204468,""pkiOpenSslIssueSignCert"":13.639599978923798,""pkiOpenSslIssueExtractPubkey"":9.686699986457825,""pkiManagementOpenSslVerifyLeaf"":9.27269995212555,""pkiManagementLeafAssertionSign"":12.046599984169006,""pkiManagementLeafAssertionVerify"":9.51879996061325,""pkiManagementOpenSslVerifyIssuerCA"":9.25440001487732,""pkiManagementIssuerAssertionSign"":11.93419998884201,""pkiManagementIssuerAssertionVerify"":9.421299993991852,""pkiManagementRepositoryHttpVerify"":0.11669999361038208}",0,,
0,PKI,98,management,false,false,168214.15607193086,259485.96367189262,259622.05247190568,136.08880001306534,0,136.08880001306534,0,0,2,0,"{""pkiManagementDispatchHttp"":0.5121000409126282,""pkiManagementRelayHttp"":0,""pkiManagementHttpWindow"":0.38989996910095215,""pkiOpenSslIssueKeygen"":34.5722000002861,""pkiOpenSslIssueCsr"":17.47469997406006,""pkiOpenSslIssueSignCert"":12.838100016117096,""pkiOpenSslIssueExtractPubkey"":8.730400025844574,""pkiManagementOpenSslVerifyLeaf"":8.963699996471405,""pkiManagementLeafAssertionSign"":11.289399981498718,""pkiManagementLeafAssertionVerify"":9.544000029563904,""pkiManagementOpenSslVerifyIssuerCA"":8.981700003147125,""pkiManagementIssuerAssertionSign"":12.005599975585938,""pkiManagementIssuerAssertionVerify"":9.576600015163422,""pkiManagementRepositoryHttpVerify"":0.11379998922348022}",0,,
0,PKI,99,management,false,false,168248.0196050891,259519.82720505085,259807.48517188404,287.6579668331833,102.22526685483172,185.4326999783516,0,0,2,0,"{""pkiManagementDispatchHttp"":24.939900040626526,""pkiManagementRelayHttp"":0,""pkiManagementHttpWindow"":15.294700026512146,""pkiOpenSslIssueKeygen"":43.956900000572205,""pkiOpenSslIssueCsr"":17.610099971294403,""pkiOpenSslIssueSignCert"":13.05620002746582,""pkiOpenSslIssueExtractPubkey"":8.597000002861023,""pkiManagementOpenSslVerifyLeaf"":9.193899989128113,""pkiManagementLeafAssertionSign"":11.791700005531311,""pkiManagementLeafAssertionVerify"":9.068599998950958,""pkiManagementOpenSslVerifyIssuerCA"":9.226199984550476,""pkiManagementIssuerAssertionSign"":12.089699983596802,""pkiManagementIssuerAssertionVerify"":9.599300026893616,""pkiManagementRepositoryHttpVerify"":0.11259996891021729}",0,,
0,PKI,100,management,false,false,168514.56048353654,259786.3680834983,259978.80327185962,192.43518836132716,21.117088385741226,171.31809997558594,0,0,2,0,"{""pkiManagementDispatchHttp"":2.146899998188019,""pkiManagementRelayHttp"":0,""pkiManagementHttpWindow"":23.207800030708313,""pkiOpenSslIssueKeygen"":44.26519995927811,""pkiOpenSslIssueCsr"":17.40209996700287,""pkiOpenSslIssueSignCert"":12.94539999961853,""pkiOpenSslIssueExtractPubkey"":8.468999981880188,""pkiManagementOpenSslVerifyLeaf"":9.654699981212616,""pkiManagementLeafAssertionSign"":12.049300014972687,""pkiManagementLeafAssertionVerify"":9.426800012588501,""pkiManagementOpenSslVerifyIssuerCA"":9.791800022125244,""pkiManagementIssuerAssertionSign"":12.015100002288818,""pkiManagementIssuerAssertionVerify"":8.928099989891052,""pkiManagementRepositoryHttpVerify"":0.11100000143051147}",0,,
0,PKI,101,management,false,false,169174.01042817408,260445.81802813584,260600.20352814966,154.38550001382828,0,154.38550001382828,0,0,2,0,"{""pkiManagementDispatchHttp"":7.180900037288666,""pkiManagementRelayHttp"":0,""pkiManagementHttpWindow"":5.510700047016144,""pkiOpenSslIssueKeygen"":37.57679998874664,""pkiOpenSslIssueCsr"":17.335900008678436,""pkiOpenSslIssueSignCert"":13.611299991607666,""pkiOpenSslIssueExtractPubkey"":9.197399973869324,""pkiManagementOpenSslVerifyLeaf"":8.908699989318848,""pkiManagementLeafAssertionSign"":12.356100022792816,""pkiManagementLeafAssertionVerify"":10.112200021743774,""pkiManagementOpenSslVerifyIssuerCA"":9.688199996948242,""pkiManagementIssuerAssertionSign"":12.3817999958992,""pkiManagementIssuerAssertionVerify"":9.578999996185303,""pkiManagementRepositoryHttpVerify"":0.13430005311965942}",0,,
0,PKI,102,management,false,false,172278.54213477034,263550.34973473207,263703.0113347258,152.66159999370575,0,152.66159999370575,0,0,2,0,"{""pkiManagementDispatchHttp"":4.348800003528595,""pkiManagementRelayHttp"":0,""pkiManagementHttpWindow"":6.778999984264374,""pkiOpenSslIssueKeygen"":38.71909999847412,""pkiOpenSslIssueCsr"":17.566600024700165,""pkiOpenSslIssueSignCert"":13.051099956035614,""pkiOpenSslIssueExtractPubkey"":9.812600016593933,""pkiManagementOpenSslVerifyLeaf"":9.49449998140335,""pkiManagementLeafAssertionSign"":12.133299946784973,""pkiManagementLeafAssertionVerify"":9.392599999904633,""pkiManagementOpenSslVerifyIssuerCA"":9.026700019836426,""pkiManagementIssuerAssertionSign"":11.879200041294098,""pkiManagementIssuerAssertionVerify"":9.525300025939941,""pkiManagementRepositoryHttpVerify"":0.11809998750686646}",0,,
0,PKI,103,management,false,false,173674.12659292432,264945.9341928861,265125.92409287905,179.9898999929428,0,179.9898999929428,0,0,2,0,"{""pkiManagementDispatchHttp"":23.419200003147125,""pkiManagementRelayHttp"":0,""pkiManagementHttpWindow"":3.1796000003814697,""pkiOpenSslIssueKeygen"":49.94660001993179,""pkiOpenSslIssueCsr"":17.598299980163574,""pkiOpenSslIssueSignCert"":13.588099956512451,""pkiOpenSslIssueExtractPubkey"":9.138899981975555,""pkiManagementOpenSslVerifyLeaf"":8.688499987125397,""pkiManagementLeafAssertionSign"":11.853100001811981,""pkiManagementLeafAssertionVerify"":9.085200011730194,""pkiManagementOpenSslVerifyIssuerCA"":9.022000014781952,""pkiManagementIssuerAssertionSign"":11.713699996471405,""pkiManagementIssuerAssertionVerify"":11.863099992275238,""pkiManagementRepositoryHttpVerify"":0.11669999361038208}",0,,
0,PKI,104,management,false,false,173842.6194157505,265114.42701571225,265278.4262928865,163.99927717421087,11.497077166772215,152.50220000743866,0,0,2,0,"{""pkiManagementDispatchHttp"":3.3937000036239624,""pkiManagementRelayHttp"":0,""pkiManagementHttpWindow"":3.7123000025749207,""pkiOpenSslIssueKeygen"":38.98680001497269,""pkiOpenSslIssueCsr"":19.19130003452301,""pkiOpenSslIssueSignCert"":13.42770004272461,""pkiOpenSslIssueExtractPubkey"":9.643299996852875,""pkiManagementOpenSslVerifyLeaf"":10.34529995918274,""pkiManagementLeafAssertionSign"":12.389900028705597,""pkiManagementLeafAssertionVerify"":9.48769998550415,""pkiManagementOpenSslVerifyIssuerCA"":9.006399989128113,""pkiManagementIssuerAssertionSign"":12.549899995326996,""pkiManagementIssuerAssertionVerify"":9.45959997177124,""pkiManagementRepositoryHttpVerify"":0.11219996213912964}",0,,
0,PKI,105,management,false,false,176203.80717929738,267475.61477925914,267631.43677928584,155.82200002670288,0,155.82200002670288,0,0,2,0,"{""pkiManagementDispatchHttp"":0.22020000219345093,""pkiManagementRelayHttp"":0,""pkiManagementHttpWindow"":1.3305000066757202,""pkiOpenSslIssueKeygen"":49.09610003232956,""pkiOpenSslIssueCsr"":18.127599954605103,""pkiOpenSslIssueSignCert"":13.648899972438812,""pkiOpenSslIssueExtractPubkey"":8.917400002479553,""pkiManagementOpenSslVerifyLeaf"":9.150800049304962,""pkiManagementLeafAssertionSign"":12.296400010585785,""pkiManagementLeafAssertionVerify"":9.459899961948395,""pkiManagementOpenSslVerifyIssuerCA"":9.181199967861176,""pkiManagementIssuerAssertionSign"":12.123000025749207,""pkiManagementIssuerAssertionVerify"":11.316399991512299,""pkiManagementRepositoryHttpVerify"":0.11820000410079956}",0,,
0,PKI,106,management,false,false,177954.71860619998,269226.5262061617,269366.40590610716,139.87969994544983,0,139.87969994544983,0,0,2,0,"{""pkiManagementDispatchHttp"":5.179000020027161,""pkiManagementRelayHttp"":0,""pkiManagementHttpWindow"":1.6829999685287476,""pkiOpenSslIssueKeygen"":24.4442999958992,""pkiOpenSslIssueCsr"":17.67050004005432,""pkiOpenSslIssueSignCert"":13.774500012397766,""pkiOpenSslIssueExtractPubkey"":9.637600004673004,""pkiManagementOpenSslVerifyLeaf"":11.269299983978271,""pkiManagementLeafAssertionSign"":12.391499996185303,""pkiManagementLeafAssertionVerify"":10.547399997711182,""pkiManagementOpenSslVerifyIssuerCA"":10.125900030136108,""pkiManagementIssuerAssertionSign"":12.19379997253418,""pkiManagementIssuerAssertionVerify"":10.017799973487854,""pkiManagementRepositoryHttpVerify"":0.11100000143051147}",0,,
0,PKI,107,management,false,false,178398.7118482819,269670.51944824366,269841.2989482513,170.7795000076294,0,170.7795000076294,0,0,2,0,"{""pkiManagementDispatchHttp"":25.639899969100952,""pkiManagementRelayHttp"":0,""pkiManagementHttpWindow"":15.448800027370453,""pkiOpenSslIssueKeygen"":26.801699995994568,""pkiOpenSslIssueCsr"":17.795199990272522,""pkiOpenSslIssueSignCert"":13.095600008964539,""pkiOpenSslIssueExtractPubkey"":8.97900003194809,""pkiManagementOpenSslVerifyLeaf"":9.046800017356873,""pkiManagementLeafAssertionSign"":12.119400024414062,""pkiManagementLeafAssertionVerify"":9.330900013446808,""pkiManagementOpenSslVerifyIssuerCA"":9.281300008296967,""pkiManagementIssuerAssertionSign"":12.42689996957779,""pkiManagementIssuerAssertionVerify"":9.918899953365326,""pkiManagementRepositoryHttpVerify"":0.11579996347427368}",0,,
0,PKI,108,management,false,false,179048.6969582829,270320.50455824466,270504.96935824485,184.46480000019073,0,184.46480000019073,0,0,2,0,"{""pkiManagementDispatchHttp"":25.87940001487732,""pkiManagementRelayHttp"":0,""pkiManagementHttpWindow"":2.859299957752228,""pkiOpenSslIssueKeygen"":52.68369996547699,""pkiOpenSslIssueCsr"":17.53829997777939,""pkiOpenSslIssueSignCert"":12.873499989509583,""pkiOpenSslIssueExtractPubkey"":9.224900007247925,""pkiManagementOpenSslVerifyLeaf"":9.053399980068207,""pkiManagementLeafAssertionSign"":11.748700022697449,""pkiManagementLeafAssertionVerify"":9.942200005054474,""pkiManagementOpenSslVerifyIssuerCA"":9.441999971866608,""pkiManagementIssuerAssertionSign"":12.34740000963211,""pkiManagementIssuerAssertionVerify"":9.82370001077652,""pkiManagementRepositoryHttpVerify"":0.14310002326965332}",0,,
0,PKI,109,management,false,false,179281.4143842302,270553.2219841919,270715.36408416845,162.1420999765396,0,162.1420999765396,0,0,2,0,"{""pkiManagementDispatchHttp"":0.6031999588012695,""pkiManagementRelayHttp"":0,""pkiManagementHttpWindow"":3.3208999633789062,""pkiOpenSslIssueKeygen"":55.36119997501373,""pkiOpenSslIssueCsr"":17.277999997138977,""pkiOpenSslIssueSignCert"":13.505800008773804,""pkiOpenSslIssueExtractPubkey"":9.097800016403198,""pkiManagementOpenSslVerifyLeaf"":9.397000014781952,""pkiManagementLeafAssertionSign"":12.197899997234344,""pkiManagementLeafAssertionVerify"":8.905499994754791,""pkiManagementOpenSslVerifyIssuerCA"":9.444099962711334,""pkiManagementIssuerAssertionSign"":12.87449997663498,""pkiManagementIssuerAssertionVerify"":9.259099960327148,""pkiManagementRepositoryHttpVerify"":0.10670000314712524}",0,,
0,PKI,110,management,false,false,179881.5329990368,271153.3405989986,271311.12379896455,157.78319996595383,0,157.78319996595383,0,0,2,0,"{""pkiManagementDispatchHttp"":21.321400046348572,""pkiManagementRelayHttp"":0,""pkiManagementHttpWindow"":5.258099973201752,""pkiOpenSslIssueKeygen"":27.018999993801117,""pkiOpenSslIssueCsr"":17.232699990272522,""pkiOpenSslIssueSignCert"":13.488499999046326,""pkiOpenSslIssueExtractPubkey"":8.934899985790253,""pkiManagementOpenSslVerifyLeaf"":9.430000007152557,""pkiManagementLeafAssertionSign"":12.200999975204468,""pkiManagementLeafAssertionVerify"":9.327099978923798,""pkiManagementOpenSslVerifyIssuerCA"":8.855299949645996,""pkiManagementIssuerAssertionSign"":14.612600028514862,""pkiManagementIssuerAssertionVerify"":9.022300004959106,""pkiManagementRepositoryHttpVerify"":0.1052999496459961}",0,,
0,PKI,111,management,false,false,180771.84075811456,272043.64835807635,272201.47315809084,157.82480001449585,0,157.82480001449585,0,0,2,0,"{""pkiManagementDispatchHttp"":17.423799991607666,""pkiManagementRelayHttp"":0,""pkiManagementHttpWindow"":14.242900013923645,""pkiOpenSslIssueKeygen"":24.132400035858154,""pkiOpenSslIssueCsr"":17.28549998998642,""pkiOpenSslIssueSignCert"":13.585099995136261,""pkiOpenSslIssueExtractPubkey"":9.265900015830994,""pkiManagementOpenSslVerifyLeaf"":9.225800037384033,""pkiManagementLeafAssertionSign"":11.569099962711334,""pkiManagementLeafAssertionVerify"":10.053599953651428,""pkiManagementOpenSslVerifyIssuerCA"":9.0939000248909,""pkiManagementIssuerAssertionSign"":11.841899991035461,""pkiManagementIssuerAssertionVerify"":9.16650003194809,""pkiManagementRepositoryHttpVerify"":0.11339998245239258}",0,,
0,PKI,112,management,false,false,181228.971841444,272500.7794414058,272651.6433414116,150.8639000058174,0,150.8639000058174,0,0,2,0,"{""pkiManagementDispatchHttp"":0.979200005531311,""pkiManagementRelayHttp"":0,""pkiManagementHttpWindow"":0.7774999737739563,""pkiOpenSslIssueKeygen"":46.92280000448227,""pkiOpenSslIssueCsr"":17.897300004959106,""pkiOpenSslIssueSignCert"":13.062900006771088,""pkiOpenSslIssueExtractPubkey"":9.445699989795685,""pkiManagementOpenSslVerifyLeaf"":9.784800052642822,""pkiManagementLeafAssertionSign"":12.218200027942657,""pkiManagementLeafAssertionVerify"":9.0557000041008,""pkiManagementOpenSslVerifyIssuerCA"":9.066999971866608,""pkiManagementIssuerAssertionSign"":11.810699999332428,""pkiManagementIssuerAssertionVerify"":8.949899971485138,""pkiManagementRepositoryHttpVerify"":0.12170004844665527}",0,,
0,PKI,113,management,false,false,181709.87831935773,272981.6859193195,273175.4933193077,193.80739998817444,0,193.80739998817444,0,0,2,0,"{""pkiManagementDispatchHttp"":7.719099998474121,""pkiManagementRelayHttp"":0,""pkiManagementHttpWindow"":14.383399963378906,""pkiOpenSslIssueKeygen"":67.96149998903275,""pkiOpenSslIssueCsr"":17.592400014400482,""pkiOpenSslIssueSignCert"":13.597100019454956,""pkiOpenSslIssueExtractPubkey"":9.035600006580353,""pkiManagementOpenSslVerifyLeaf"":9.023099958896637,""pkiManagementLeafAssertionSign"":12.669799983501434,""pkiManagementLeafAssertionVerify"":9.666100025177002,""pkiManagementOpenSslVerifyIssuerCA"":9.396799981594086,""pkiManagementIssuerAssertionSign"":12.04280000925064,""pkiManagementIssuerAssertionVerify"":9.777300000190735,""pkiManagementRepositoryHttpVerify"":0.10979998111724854}",0,,
0,PKI,114,management,false,false,182428.46416737072,273700.27176733245,273873.86666734447,173.5949000120163,0,173.5949000120163,0,0,2,0,"{""pkiManagementDispatchHttp"":10.944500029087067,""pkiManagementRelayHttp"":0,""pkiManagementHttpWindow"":15.401699960231781,""pkiOpenSslIssueKeygen"":41.23489999771118,""pkiOpenSslIssueCsr"":20.948400020599365,""pkiOpenSslIssueSignCert"":14.626500010490417,""pkiOpenSslIssueExtractPubkey"":9.455600023269653,""pkiManagementOpenSslVerifyLeaf"":9.28980004787445,""pkiManagementLeafAssertionSign"":11.363499999046326,""pkiManagementLeafAssertionVerify"":9.36379998922348,""pkiManagementOpenSslVerifyIssuerCA"":9.057199954986572,""pkiManagementIssuerAssertionSign"":11.770600020885468,""pkiManagementIssuerAssertionVerify"":9.19209998846054,""pkiManagementRepositoryHttpVerify"":0.11520004272460938}",0,,
0,PKI,115,management,false,false,185484.1014093754,276755.9090093372,276922.3707093594,166.4617000222206,0,166.4617000222206,0,0,2,0,"{""pkiManagementDispatchHttp"":8.06580001115799,""pkiManagementRelayHttp"":0,""pkiManagementHttpWindow"":14.209999978542328,""pkiOpenSslIssueKeygen"":43.28910005092621,""pkiOpenSslIssueCsr"":17.41540002822876,""pkiOpenSslIssueSignCert"":13.301699995994568,""pkiOpenSslIssueExtractPubkey"":8.843299984931946,""pkiManagementOpenSslVerifyLeaf"":8.945200026035309,""pkiManagementLeafAssertionSign"":11.804199993610382,""pkiManagementLeafAssertionVerify"":9.612300038337708,""pkiManagementOpenSslVerifyIssuerCA"":9.185500025749207,""pkiManagementIssuerAssertionSign"":11.910899996757507,""pkiManagementIssuerAssertionVerify"":8.943100035190582,""pkiManagementRepositoryHttpVerify"":0.10890001058578491}",0,,
0,PKI,116,management,false,false,190956.92455158097,282228.73215154273,282418.0094515429,189.27730000019073,0,189.27730000019073,0,0,2,0,"{""pkiManagementDispatchHttp"":11.357999980449677,""pkiManagementRelayHttp"":0,""pkiManagementHttpWindow"":0.023000001907348633,""pkiOpenSslIssueKeygen"":71.33399999141693,""pkiOpenSslIssueCsr"":18.505999982357025,""pkiOpenSslIssueSignCert"":14.578700006008148,""pkiOpenSslIssueExtractPubkey"":9.216600000858307,""pkiManagementOpenSslVerifyLeaf"":9.404399991035461,""pkiManagementLeafAssertionSign"":12.632400035858154,""pkiManagementLeafAssertionVerify"":10.176100015640259,""pkiManagementOpenSslVerifyIssuerCA"":9.430499970912933,""pkiManagementIssuerAssertionSign"":11.945299983024597,""pkiManagementIssuerAssertionVerify"":9.379800021648407,""pkiManagementRepositoryHttpVerify"":0.14119994640350342}",0,,
0,PKI,117,management,false,false,191246.4209128648,282518.22851282655,282679.70931279956,161.48079997301102,0,161.48079997301102,0,0,2,0,"{""pkiManagementDispatchHttp"":11.767100036144257,""pkiManagementRelayHttp"":0,""pkiManagementHttpWindow"":1.5214999914169312,""pkiOpenSslIssueKeygen"":46.828099966049194,""pkiOpenSslIssueCsr"":17.48329997062683,""pkiOpenSslIssueSignCert"":13.371600031852722,""pkiOpenSslIssueExtractPubkey"":9.394200026988983,""pkiManagementOpenSslVerifyLeaf"":9.263800024986267,""pkiManagementLeafAssertionSign"":11.780799984931946,""pkiManagementLeafAssertionVerify"":8.757800042629242,""pkiManagementOpenSslVerifyIssuerCA"":8.957099974155426,""pkiManagementIssuerAssertionSign"":12.263399958610535,""pkiManagementIssuerAssertionVerify"":9.136000037193298,""pkiManagementRepositoryHttpVerify"":0.13650000095367432}",0,,
0,PKI,118,management,false,false,196839.58090164556,288111.38850160735,288282.84930165904,171.46080005168915,0,171.46080005168915,0,0,2,0,"{""pkiManagementDispatchHttp"":17.816100001335144,""pkiManagementRelayHttp"":0,""pkiManagementHttpWindow"":0.6414999961853027,""pkiOpenSslIssueKeygen"":44.8367999792099,""pkiOpenSslIssueCsr"":17.781700015068054,""pkiOpenSslIssueSignCert"":13.73360002040863,""pkiOpenSslIssueExtractPubkey"":13.69839996099472,""pkiManagementOpenSslVerifyLeaf"":9.94080001115799,""pkiManagementLeafAssertionSign"":11.618099987506866,""pkiManagementLeafAssertionVerify"":9.244299948215485,""pkiManagementOpenSslVerifyIssuerCA"":9.535299956798553,""pkiManagementIssuerAssertionSign"":12.133400022983551,""pkiManagementIssuerAssertionVerify"":9.471499979496002,""pkiManagementRepositoryHttpVerify"":0.11729997396469116}",0,,
0,PKI,119,management,false,false,198585.4428804095,289857.2504803713,289987.6515803512,130.40109997987747,0,130.40109997987747,0,0,2,0,"{""pkiManagementDispatchHttp"":2.3526999950408936,""pkiManagementRelayHttp"":0,""pkiManagementHttpWindow"":4.3835999965667725,""pkiOpenSslIssueKeygen"":21.551300048828125,""pkiOpenSslIssueCsr"":17.324300050735474,""pkiOpenSslIssueSignCert"":13.32700002193451,""pkiOpenSslIssueExtractPubkey"":9.282599985599518,""pkiManagementOpenSslVerifyLeaf"":8.991699993610382,""pkiManagementLeafAssertionSign"":12.277199983596802,""pkiManagementLeafAssertionVerify"":9.70329999923706,""pkiManagementOpenSslVerifyIssuerCA"":9.052300035953522,""pkiManagementIssuerAssertionSign"":11.769199967384338,""pkiManagementIssuerAssertionVerify"":9.48989999294281,""pkiManagementRepositoryHttpVerify"":0.12210005521774292}",0,,
0,PKI,120,management,false,false,198980.16519488546,290251.9727948472,290417.56449486467,165.59170001745224,0,165.59170001745224,0,0,2,0,"{""pkiManagementDispatchHttp"":25.980199992656708,""pkiManagementRelayHttp"":0,""pkiManagementHttpWindow"":1.3991000056266785,""pkiOpenSslIssueKeygen"":27.89330005645752,""pkiOpenSslIssueCsr"":18.268700003623962,""pkiOpenSslIssueSignCert"":13.57370001077652,""pkiOpenSslIssueExtractPubkey"":8.585100054740906,""pkiManagementOpenSslVerifyLeaf"":9.660100042819977,""pkiManagementLeafAssertionSign"":12.480099976062775,""pkiManagementLeafAssertionVerify"":11.547500014305115,""pkiManagementOpenSslVerifyIssuerCA"":10.324099957942963,""pkiManagementIssuerAssertionSign"":13.08600002527237,""pkiManagementIssuerAssertionVerify"":11.70660001039505,""pkiManagementRepositoryHttpVerify"":0.11810004711151123}",0,,
0,PKI,121,management,false,false,202034.53706084448,293306.34466080624,293505.6030608292,199.25840002298355,0,199.25840002298355,0,0,2,0,"{""pkiManagementDispatchHttp"":15.23199999332428,""pkiManagementRelayHttp"":0,""pkiManagementHttpWindow"":3.324999988079071,""pkiOpenSslIssueKeygen"":74.40820002555847,""pkiOpenSslIssueCsr"":17.627699971199036,""pkiOpenSslIssueSignCert"":13.531599998474121,""pkiOpenSslIssueExtractPubkey"":11.390100002288818,""pkiManagementOpenSslVerifyLeaf"":11.251599967479706,""pkiManagementLeafAssertionSign"":12.237599968910217,""pkiManagementLeafAssertionVerify"":9.404100000858307,""pkiManagementOpenSslVerifyIssuerCA"":9.066500008106232,""pkiManagementIssuerAssertionSign"":11.746100008487701,""pkiManagementIssuerAssertionVerify"":8.964599967002869,""pkiManagementRepositoryHttpVerify"":0.11010003089904785}",0,,
0,PKI,122,management,false,false,202078.75403660812,293350.5616365699,293674.4718608137,323.9102242437948,155.0414242593397,168.8687999844551,0,0,2,0,"{""pkiManagementDispatchHttp"":1.4452999830245972,""pkiManagementRelayHttp"":0,""pkiManagementHttpWindow"":14.781300008296967,""pkiOpenSslIssueKeygen"":40.94959998130798,""pkiOpenSslIssueCsr"":17.699400007724762,""pkiOpenSslIssueSignCert"":14.100799977779388,""pkiOpenSslIssueExtractPubkey"":9.2010999917984,""pkiManagementOpenSslVerifyLeaf"":9.544399976730347,""pkiManagementLeafAssertionSign"":12.516899943351746,""pkiManagementLeafAssertionVerify"":9.602600038051605,""pkiManagementOpenSslVerifyIssuerCA"":10.301400005817413,""pkiManagementIssuerAssertionSign"":18.066299974918365,""pkiManagementIssuerAssertionVerify"":9.561600029468536,""pkiManagementRepositoryHttpVerify"":0.12479996681213379}",0,,
0,PKI,123,management,false,false,205681.16383199763,296952.9714319594,297122.50253199413,169.53110003471375,0,169.53110003471375,0,0,2,0,"{""pkiManagementDispatchHttp"":16.943300008773804,""pkiManagementRelayHttp"":0,""pkiManagementHttpWindow"":15.488399982452393,""pkiOpenSslIssueKeygen"":34.248699963092804,""pkiOpenSslIssueCsr"":17.866100013256073,""pkiOpenSslIssueSignCert"":13.253199994564056,""pkiOpenSslIssueExtractPubkey"":9.578999996185303,""pkiManagementOpenSslVerifyLeaf"":9.081000030040741,""pkiManagementLeafAssertionSign"":11.78549998998642,""pkiManagementLeafAssertionVerify"":9.595300018787384,""pkiManagementOpenSslVerifyIssuerCA"":9.212799966335297,""pkiManagementIssuerAssertionSign"":12.132300019264221,""pkiManagementIssuerAssertionVerify"":9.26969999074936,""pkiManagementRepositoryHttpVerify"":0.11750000715255737}",0,,
0,PKI,124,management,false,false,206580.5304887115,297852.33808867325,297976.26618866314,123.92809998989105,0,123.92809998989105,0,0,2,0,"{""pkiManagementDispatchHttp"":0.5803999900817871,""pkiManagementRelayHttp"":0,""pkiManagementHttpWindow"":4.1563000082969666,""pkiOpenSslIssueKeygen"":17.885999977588654,""pkiOpenSslIssueCsr"":17.28310000896454,""pkiOpenSslIssueSignCert"":13.325899958610535,""pkiOpenSslIssueExtractPubkey"":8.740500032901764,""pkiManagementOpenSslVerifyLeaf"":9.712099969387054,""pkiManagementLeafAssertionSign"":11.838900029659271,""pkiManagementLeafAssertionVerify"":9.028800010681152,""pkiManagementOpenSslVerifyIssuerCA"":9.651799976825714,""pkiManagementIssuerAssertionSign"":12.014899969100952,""pkiManagementIssuerAssertionVerify"":8.825999975204468,""pkiManagementRepositoryHttpVerify"":0.10490000247955322}",0,,
0,PKI,125,management,false,false,209165.55742447975,300437.3650244415,300626.7806244433,189.41560000181198,0,189.41560000181198,0,0,2,0,"{""pkiManagementDispatchHttp"":4.459100008010864,""pkiManagementRelayHttp"":0,""pkiManagementHttpWindow"":13.063700020313263,""pkiOpenSslIssueKeygen"":67.93899995088577,""pkiOpenSslIssueCsr"":17.833700001239777,""pkiOpenSslIssueSignCert"":13.771600008010864,""pkiOpenSslIssueExtractPubkey"":9.63670003414154,""pkiManagementOpenSslVerifyLeaf"":8.849900007247925,""pkiManagementLeafAssertionSign"":12.658100008964539,""pkiManagementLeafAssertionVerify"":9.527300000190735,""pkiManagementOpenSslVerifyIssuerCA"":9.057200014591217,""pkiManagementIssuerAssertionSign"":12.048999965190887,""pkiManagementIssuerAssertionVerify"":9.518400013446808,""pkiManagementRepositoryHttpVerify"":0.1641000509262085}",0,,
0,PKI,126,management,false,false,212747.83747861447,304019.6450785762,304179.0911785728,159.44609999656677,0,159.44609999656677,0,0,2,0,"{""pkiManagementDispatchHttp"":13.336300015449524,""pkiManagementRelayHttp"":0,""pkiManagementHttpWindow"":17.403400003910065,""pkiOpenSslIssueKeygen"":25.410700023174286,""pkiOpenSslIssueCsr"":17.45389997959137,""pkiOpenSslIssueSignCert"":13.955099999904633,""pkiOpenSslIssueExtractPubkey"":9.279000043869019,""pkiManagementOpenSslVerifyLeaf"":9.694000005722046,""pkiManagementLeafAssertionSign"":11.87959998846054,""pkiManagementLeafAssertionVerify"":9.250299990177155,""pkiManagementOpenSslVerifyIssuerCA"":9.004700005054474,""pkiManagementIssuerAssertionSign"":12.41399997472763,""pkiManagementIssuerAssertionVerify"":9.367199957370758,""pkiManagementRepositoryHttpVerify"":0.11669999361038208}",0,,
0,PKI,127,management,false,false,214916.6707788436,306188.47837880533,306371.0464787809,182.56809997558594,0,182.56809997558594,0,0,2,0,"{""pkiManagementDispatchHttp"":0.699400007724762,""pkiManagementRelayHttp"":0,""pkiManagementHttpWindow"":2.5860999822616577,""pkiOpenSslIssueKeygen"":72.82159996032715,""pkiOpenSslIssueCsr"":19.25009995698929,""pkiOpenSslIssueSignCert"":13.957000017166138,""pkiOpenSslIssueExtractPubkey"":9.021399974822998,""pkiManagementOpenSslVerifyLeaf"":9.527999997138977,""pkiManagementLeafAssertionSign"":12.402500033378601,""pkiManagementLeafAssertionVerify"":9.502499997615814,""pkiManagementOpenSslVerifyIssuerCA"":9.977800011634827,""pkiManagementIssuerAssertionSign"":12.437600016593933,""pkiManagementIssuerAssertionVerify"":9.420400023460388,""pkiManagementRepositoryHttpVerify"":0.11589998006820679}",0,,
0,PKI,128,management,false,false,215734.53859311913,307006.3461930809,307167.5102930722,161.16409999132156,0,161.16409999132156,0,0,2,0,"{""pkiManagementDispatchHttp"":3.0551000237464905,""pkiManagementRelayHttp"":0,""pkiManagementHttpWindow"":22.507499992847443,""pkiOpenSslIssueKeygen"":32.48309999704361,""pkiOpenSslIssueCsr"":17.979099988937378,""pkiOpenSslIssueSignCert"":13.237100005149841,""pkiOpenSslIssueExtractPubkey"":9.26639997959137,""pkiManagementOpenSslVerifyLeaf"":9.181500017642975,""pkiManagementLeafAssertionSign"":12.118300020694733,""pkiManagementLeafAssertionVerify"":9.284699976444244,""pkiManagementOpenSslVerifyIssuerCA"":9.325699985027313,""pkiManagementIssuerAssertionSign"":12.307699978351593,""pkiManagementIssuerAssertionVerify"":9.435999989509583,""pkiManagementRepositoryHttpVerify"":0.11719995737075806}",0,,
0,PKI,129,management,false,false,216345.20369767613,307617.0112976379,307774.67599760956,157.66469997167587,0,157.66469997167587,0,0,2,0,"{""pkiManagementDispatchHttp"":18.019200026988983,""pkiManagementRelayHttp"":0,""pkiManagementHttpWindow"":3.8222000002861023,""pkiOpenSslIssueKeygen"":29.137999951839447,""pkiOpenSslIssueCsr"":18.498600006103516,""pkiOpenSslIssueSignCert"":14.126800000667572,""pkiOpenSslIssueExtractPubkey"":9.215300023555756,""pkiManagementOpenSslVerifyLeaf"":10.135900020599365,""pkiManagementLeafAssertionSign"":12.306199967861176,""pkiManagementLeafAssertionVerify"":9.396000027656555,""pkiManagementOpenSslVerifyIssuerCA"":10.116699993610382,""pkiManagementIssuerAssertionSign"":12.740700006484985,""pkiManagementIssuerAssertionVerify"":9.15779995918274,""pkiManagementRepositoryHttpVerify"":0.12200003862380981}",0,,
0,PKI,130,management,false,false,220614.7114208949,311886.51902085665,312034.1799208534,147.6608999967575,0,147.6608999967575,0,0,2,0,"{""pkiManagementDispatchHttp"":4.638899981975555,""pkiManagementRelayHttp"":0,""pkiManagementHttpWindow"":10.800300002098083,""pkiOpenSslIssueKeygen"":29.60290002822876,""pkiOpenSslIssueCsr"":17.74540001153946,""pkiOpenSslIssueSignCert"":13.660300016403198,""pkiOpenSslIssueExtractPubkey"":9.119399964809418,""pkiManagementOpenSslVerifyLeaf"":9.777899980545044,""pkiManagementLeafAssertionSign"":11.953099966049194,""pkiManagementLeafAssertionVerify"":9.08219999074936,""pkiManagementOpenSslVerifyIssuerCA"":9.027400016784668,""pkiManagementIssuerAssertionSign"":11.98530000448227,""pkiManagementIssuerAssertionVerify"":9.316299974918365,""pkiManagementRepositoryHttpVerify"":0.11300003528594971}",0,,
0,PKI,131,management,false,false,224080.2782165987,315352.08581656043,315543.8771165592,191.79129999876022,0,191.79129999876022,0,0,2,0,"{""pkiManagementDispatchHttp"":37.25339996814728,""pkiManagementRelayHttp"":0,""pkiManagementHttpWindow"":1.0081999897956848,""pkiOpenSslIssueKeygen"":42.934300005435944,""pkiOpenSslIssueCsr"":18.755599975585938,""pkiOpenSslIssueSignCert"":14.022700011730194,""pkiOpenSslIssueExtractPubkey"":9.140599966049194,""pkiManagementOpenSslVerifyLeaf"":15.250600039958954,""pkiManagementLeafAssertionSign"":12.17790001630783,""pkiManagementLeafAssertionVerify"":9.626199960708618,""pkiManagementOpenSslVerifyIssuerCA"":9.121299982070923,""pkiManagementIssuerAssertionSign"":12.12389999628067,""pkiManagementIssuerAssertionVerify"":9.253700017929077,""pkiManagementRepositoryHttpVerify"":0.11330002546310425}",0,,
0,PKI,132,management,false,false,224682.59806025052,315954.4056602123,316129.7910602095,175.38539999723434,0,175.38539999723434,0,0,2,0,"{""pkiManagementDispatchHttp"":2.602999985218048,""pkiManagementRelayHttp"":0,""pkiManagementHttpWindow"":0.7357000112533569,""pkiOpenSslIssueKeygen"":69.68970000743866,""pkiOpenSslIssueCsr"":17.467099964618683,""pkiOpenSslIssueSignCert"":13.92739999294281,""pkiOpenSslIssueExtractPubkey"":8.830700039863586,""pkiManagementOpenSslVerifyLeaf"":9.118400037288666,""pkiManagementLeafAssertionSign"":12.274100005626678,""pkiManagementLeafAssertionVerify"":9.528499960899353,""pkiManagementOpenSslVerifyIssuerCA"":9.297299981117249,""pkiManagementIssuerAssertionSign"":11.705399990081787,""pkiManagementIssuerAssertionVerify"":9.224699974060059,""pkiManagementRepositoryHttpVerify"":0.11010003089904785}",0,,
0,PKI,133,management,false,false,224791.38847474538,316063.19607470714,316281.6373601558,218.44128544867272,66.59498550236458,151.84629994630814,0,0,2,0,"{""pkiManagementDispatchHttp"":0.7735000252723694,""pkiManagementRelayHttp"":0,""pkiManagementHttpWindow"":1.3557000160217285,""pkiOpenSslIssueKeygen"":32.549100041389465,""pkiOpenSslIssueCsr"":17.077899992465973,""pkiOpenSslIssueSignCert"":13.48470002412796,""pkiOpenSslIssueExtractPubkey"":8.953200042247772,""pkiManagementOpenSslVerifyLeaf"":11.853200018405914,""pkiManagementLeafAssertionSign"":14.866100013256073,""pkiManagementLeafAssertionVerify"":12.06410002708435,""pkiManagementOpenSslVerifyIssuerCA"":12.47029995918274,""pkiManagementIssuerAssertionSign"":15.055800020694733,""pkiManagementIssuerAssertionVerify"":10.438300013542175,""pkiManagementRepositoryHttpVerify"":0.12540000677108765}",0,,
0,PKI,134,management,false,false,230343.7933297643,321615.60092972603,321761.2454296836,145.6444999575615,0,145.6444999575615,0,0,2,0,"{""pkiManagementDispatchHttp"":0.25209999084472656,""pkiManagementRelayHttp"":0,""pkiManagementHttpWindow"":11.134199976921082,""pkiOpenSslIssueKeygen"":33.43029999732971,""pkiOpenSslIssueCsr"":17.55629998445511,""pkiOpenSslIssueSignCert"":13.280600011348724,""pkiOpenSslIssueExtractPubkey"":9.355699956417084,""pkiManagementOpenSslVerifyLeaf"":8.808299958705902,""pkiManagementLeafAssertionSign"":11.397500038146973,""pkiManagementLeafAssertionVerify"":8.917200028896332,""pkiManagementOpenSslVerifyIssuerCA"":8.830199956893921,""pkiManagementIssuerAssertionSign"":12.259999990463257,""pkiManagementIssuerAssertionVerify"":9.450399994850159,""pkiManagementRepositoryHttpVerify"":0.12139999866485596}",0,,
0,PKI,135,management,false,false,232100.23508831285,323372.04268827464,323536.52768828894,164.48500001430511,0,164.48500001430511,0,0,2,0,"{""pkiManagementDispatchHttp"":0.5011000037193298,""pkiManagementRelayHttp"":0,""pkiManagementHttpWindow"":2.2500999569892883,""pkiOpenSslIssueKeygen"":55.831399977207184,""pkiOpenSslIssueCsr"":17.37999999523163,""pkiOpenSslIssueSignCert"":13.189599990844727,""pkiOpenSslIssueExtractPubkey"":9.32449996471405,""pkiManagementOpenSslVerifyLeaf"":9.173099994659424,""pkiManagementLeafAssertionSign"":12.849799990653992,""pkiManagementLeafAssertionVerify"":10.14029997587204,""pkiManagementOpenSslVerifyIssuerCA"":9.866599977016449,""pkiManagementIssuerAssertionSign"":12.667400002479553,""pkiManagementIssuerAssertionVerify"":10.037199974060059,""pkiManagementRepositoryHttpVerify"":0.1509000062942505}",0,,
0,PKI,136,management,false,false,235144.50199372869,326416.30959369044,326606.04569370847,189.73610001802444,0,189.73610001802444,0,0,2,0,"{""pkiManagementDispatchHttp"":10.17170000076294,""pkiManagementRelayHttp"":0,""pkiManagementHttpWindow"":15.129999995231628,""pkiOpenSslIssueKeygen"":63.38190001249313,""pkiOpenSslIssueCsr"":17.651000022888184,""pkiOpenSslIssueSignCert"":13.215499997138977,""pkiOpenSslIssueExtractPubkey"":8.954800009727478,""pkiManagementOpenSslVerifyLeaf"":9.248499989509583,""pkiManagementLeafAssertionSign"":11.9621000289917,""pkiManagementLeafAssertionVerify"":8.739499986171722,""pkiManagementOpenSslVerifyIssuerCA"":9.135699987411499,""pkiManagementIssuerAssertionSign"":12.099700033664703,""pkiManagementIssuerAssertionVerify"":9.087000012397766,""pkiManagementRepositoryHttpVerify"":0.1110999584197998}",0,,
0,PKI,137,management,false,false,235188.34828021695,326460.1558801787,326796.3887936602,336.23291348150815,145.88981352976407,190.34309995174408,0,0,2,0,"{""pkiManagementDispatchHttp"":20.95389997959137,""pkiManagementRelayHttp"":0,""pkiManagementHttpWindow"":15.258100032806396,""pkiOpenSslIssueKeygen"":48.09060001373291,""pkiOpenSslIssueCsr"":17.689799964427948,""pkiOpenSslIssueSignCert"":13.528199970722198,""pkiOpenSslIssueExtractPubkey"":8.854600012302399,""pkiManagementOpenSslVerifyLeaf"":9.004500031471252,""pkiManagementLeafAssertionSign"":12.237299978733063,""pkiManagementLeafAssertionVerify"":9.661700010299683,""pkiManagementOpenSslVerifyIssuerCA"":9.62339997291565,""pkiManagementIssuerAssertionSign"":12.408399999141693,""pkiManagementIssuerAssertionVerify"":12.11650002002716,""pkiManagementRepositoryHttpVerify"":0.11809998750686646}",0,,
0,PKI,138,management,false,false,237062.1554941776,328333.96309413936,328496.810594106,162.8474999666214,0,162.8474999666214,0,0,2,0,"{""pkiManagementDispatchHttp"":15.044399976730347,""pkiManagementRelayHttp"":0,""pkiManagementHttpWindow"":0.7505000233650208,""pkiOpenSslIssueKeygen"":43.94980001449585,""pkiOpenSslIssueCsr"":17.669599950313568,""pkiOpenSslIssueSignCert"":13.648299992084503,""pkiOpenSslIssueExtractPubkey"":9.485500037670135,""pkiManagementOpenSslVerifyLeaf"":9.051500022411346,""pkiManagementLeafAssertionSign"":12.181199967861176,""pkiManagementLeafAssertionVerify"":9.343400001525879,""pkiManagementOpenSslVerifyIssuerCA"":9.261699974536896,""pkiManagementIssuerAssertionSign"":12.110199987888336,""pkiManagementIssuerAssertionVerify"":9.399699985980988,""pkiManagementRepositoryHttpVerify"":0.14259999990463257}",0,,
0,PKI,139,management,false,false,240562.70718834424,331834.51478830597,331984.9151882889,150.40039998292923,0,150.40039998292923,0,0,2,0,"{""pkiManagementDispatchHttp"":3.6366000175476074,""pkiManagementRelayHttp"":0,""pkiManagementHttpWindow"":19.001800000667572,""pkiOpenSslIssueKeygen"":24.95899999141693,""pkiOpenSslIssueCsr"":17.35889995098114,""pkiOpenSslIssueSignCert"":13.317399978637695,""pkiOpenSslIssueExtractPubkey"":8.857999980449677,""pkiManagementOpenSslVerifyLeaf"":8.757800042629242,""pkiManagementLeafAssertionSign"":12.318499982357025,""pkiManagementLeafAssertionVerify"":8.99559998512268,""pkiManagementOpenSslVerifyIssuerCA"":8.904900014400482,""pkiManagementIssuerAssertionSign"":12.170800030231476,""pkiManagementIssuerAssertionVerify"":11.143100023269653,""pkiManagementRepositoryHttpVerify"":0.11869996786117554}",0,,
0,PKI,140,management,false,false,241196.86082205403,332468.6684220158,332627.6083219968,158.93989998102188,0,158.93989998102188,0,0,2,0,"{""pkiManagementDispatchHttp"":12.511699974536896,""pkiManagementRelayHttp"":0,""pkiManagementHttpWindow"":15.162600040435791,""pkiOpenSslIssueKeygen"":28.708100020885468,""pkiOpenSslIssueCsr"":17.44729995727539,""pkiOpenSslIssueSignCert"":13.796600043773651,""pkiOpenSslIssueExtractPubkey"":9.187399983406067,""pkiManagementOpenSslVerifyLeaf"":9.713200032711029,""pkiManagementLeafAssertionSign"":11.890500009059906,""pkiManagementLeafAssertionVerify"":9.356799960136414,""pkiManagementOpenSslVerifyIssuerCA"":9.131900012493134,""pkiManagementIssuerAssertionSign"":11.545100033283234,""pkiManagementIssuerAssertionVerify"":9.528499960899353,""pkiManagementRepositoryHttpVerify"":0.11830002069473267}",0,,
0,PKI,141,management,false,false,241374.113563362,332645.9211633238,332791.38366335956,145.4625000357628,0,145.4625000357628,0,0,2,0,"{""pkiManagementDispatchHttp"":2.8252000212669373,""pkiManagementRelayHttp"":0,""pkiManagementHttpWindow"":7.546999990940094,""pkiOpenSslIssueKeygen"":32.81319999694824,""pkiOpenSslIssueCsr"":17.512000024318695,""pkiOpenSslIssueSignCert"":13.185399949550629,""pkiOpenSslIssueExtractPubkey"":8.93670004606247,""pkiManagementOpenSslVerifyLeaf"":9.430400013923645,""pkiManagementLeafAssertionSign"":11.989400029182434,""pkiManagementLeafAssertionVerify"":9.887600004673004,""pkiManagementOpenSslVerifyIssuerCA"":9.782000005245209,""pkiManagementIssuerAssertionSign"":11.645399987697601,""pkiManagementIssuerAssertionVerify"":8.795800030231476,""pkiManagementRepositoryHttpVerify"":0.1096000075340271}",0,,
0,PKI,142,management,false,false,245905.19029455923,337176.997894521,337368.7383945539,191.74050003290176,0,191.74050003290176,0,0,2,0,"{""pkiManagementDispatchHttp"":18.686699986457825,""pkiManagementRelayHttp"":0,""pkiManagementHttpWindow"":15.310800015926361,""pkiOpenSslIssueKeygen"":52.12959998846054,""pkiOpenSslIssueCsr"":17.641099989414215,""pkiOpenSslIssueSignCert"":14.870500028133392,""pkiOpenSslIssueExtractPubkey"":9.340900003910065,""pkiManagementOpenSslVerifyLeaf"":9.902899980545044,""pkiManagementLeafAssertionSign"":12.774100005626678,""pkiManagementLeafAssertionVerify"":9.636600017547607,""pkiManagementOpenSslVerifyIssuerCA"":9.123400032520294,""pkiManagementIssuerAssertionSign"":12.284799993038177,""pkiManagementIssuerAssertionVerify"":9.109000027179718,""pkiManagementRepositoryHttpVerify"":0.11900001764297485}",0,,
0,PKI,143,management,false,false,246867.72724314895,338139.5348431107,338301.9997431275,162.46490001678467,0,162.46490001678467,0,0,2,0,"{""pkiManagementDispatchHttp"":1.9559999704360962,""pkiManagementRelayHttp"":0,""pkiManagementHttpWindow"":11.588099956512451,""pkiOpenSslIssueKeygen"":47.08550000190735,""pkiOpenSslIssueCsr"":17.39240002632141,""pkiOpenSslIssueSignCert"":13.461700022220612,""pkiOpenSslIssueExtractPubkey"":9.237900018692017,""pkiManagementOpenSslVerifyLeaf"":9.528800010681152,""pkiManagementLeafAssertionSign"":11.976900041103363,""pkiManagementLeafAssertionVerify"":9.289200007915497,""pkiManagementOpenSslVerifyIssuerCA"":8.905799984931946,""pkiManagementIssuerAssertionSign"":11.396899998188019,""pkiManagementIssuerAssertionVerify"":9.708100020885468,""pkiManagementRepositoryHttpVerify"":0.11479997634887695}",0,,
0,PKI,144,management,false,false,248441.91570149353,339713.72330145526,339869.6212014406,155.89789998531342,0,155.89789998531342,0,0,2,0,"{""pkiManagementDispatchHttp"":1.6689000129699707,""pkiManagementRelayHttp"":0,""pkiManagementHttpWindow"":3.5212000012397766,""pkiOpenSslIssueKeygen"":46.89310002326965,""pkiOpenSslIssueCsr"":17.774900019168854,""pkiOpenSslIssueSignCert"":13.796800017356873,""pkiOpenSslIssueExtractPubkey"":9.030299961566925,""pkiManagementOpenSslVerifyLeaf"":9.674899995326996,""pkiManagementLeafAssertionSign"":11.572700023651123,""pkiManagementLeafAssertionVerify"":9.447499990463257,""pkiManagementOpenSslVerifyIssuerCA"":9.788100004196167,""pkiManagementIssuerAssertionSign"":12.591000020503998,""pkiManagementIssuerAssertionVerify"":9.13459998369217,""pkiManagementRepositoryHttpVerify"":0.13989996910095215}",0,,
0,PKI,145,management,false,false,251138.97711250017,342410.78471246193,342575.67731246183,164.89259999990463,0,164.89259999990463,0,0,2,0,"{""pkiManagementDispatchHttp"":1.1419000029563904,""pkiManagementRelayHttp"":0,""pkiManagementHttpWindow"":18.549199998378754,""pkiOpenSslIssueKeygen"":42.58639997243881,""pkiOpenSslIssueCsr"":17.834800004959106,""pkiOpenSslIssueSignCert"":13.8924999833107,""pkiOpenSslIssueExtractPubkey"":9.005999982357025,""pkiManagementOpenSslVerifyLeaf"":9.077200055122375,""pkiManagementLeafAssertionSign"":12.014599978923798,""pkiManagementLeafAssertionVerify"":9.280499994754791,""pkiManagementOpenSslVerifyIssuerCA"":9.549299955368042,""pkiManagementIssuerAssertionSign"":12.122500002384186,""pkiManagementIssuerAssertionVerify"":8.887100040912628,""pkiManagementRepositoryHttpVerify"":0.10780000686645508}",0,,
0,PKI,146,management,false,false,251971.73151558317,343243.53911554493,343414.2395155398,170.70039999485016,0,170.70039999485016,0,0,2,0,"{""pkiManagementDispatchHttp"":9.830599963665009,""pkiManagementRelayHttp"":0,""pkiManagementHttpWindow"":2.0911999940872192,""pkiOpenSslIssueKeygen"":42.911499977111816,""pkiOpenSslIssueCsr"":18.134700000286102,""pkiOpenSslIssueSignCert"":13.08789998292923,""pkiOpenSslIssueExtractPubkey"":10.300000011920929,""pkiManagementOpenSslVerifyLeaf"":10.974900007247925,""pkiManagementLeafAssertionSign"":14.866299986839294,""pkiManagementLeafAssertionVerify"":12.260999977588654,""pkiManagementOpenSslVerifyIssuerCA"":11.660300016403198,""pkiManagementIssuerAssertionSign"":14.126500010490417,""pkiManagementIssuerAssertionVerify"":9.379000008106232,""pkiManagementRepositoryHttpVerify"":0.11329996585845947}",0,,
0,PKI,147,management,false,false,254381.70259924466,345653.5101992064,345812.6651992374,159.15500003099442,0,159.15500003099442,0,0,2,0,"{""pkiManagementDispatchHttp"":27.597000002861023,""pkiManagementRelayHttp"":0,""pkiManagementHttpWindow"":5.7829999923706055,""pkiOpenSslIssueKeygen"":23.48690003156662,""pkiOpenSslIssueCsr"":17.501900017261505,""pkiOpenSslIssueSignCert"":13.388499975204468,""pkiOpenSslIssueExtractPubkey"":8.620499968528748,""pkiManagementOpenSslVerifyLeaf"":9.789099991321564,""pkiManagementLeafAssertionSign"":11.9996999502182,""pkiManagementLeafAssertionVerify"":9.41509997844696,""pkiManagementOpenSslVerifyIssuerCA"":9.466899991035461,""pkiManagementIssuerAssertionSign"":11.869599997997284,""pkiManagementIssuerAssertionVerify"":9.272700011730194,""pkiManagementRepositoryHttpVerify"":0.11259996891021729}",0,,
0,PKI,148,management,false,false,263445.54447580146,354717.3520757632,354926.03657580185,208.6845000386238,0,208.6845000386238,0,0,2,0,"{""pkiManagementDispatchHttp"":37.44539999961853,""pkiManagementRelayHttp"":0,""pkiManagementHttpWindow"":15.398800015449524,""pkiOpenSslIssueKeygen"":43.74370002746582,""pkiOpenSslIssueCsr"":17.92900002002716,""pkiOpenSslIssueSignCert"":15.3610999584198,""pkiOpenSslIssueExtractPubkey"":9.592000007629395,""pkiManagementOpenSslVerifyLeaf"":11.445499956607819,""pkiManagementLeafAssertionSign"":12.806400001049042,""pkiManagementLeafAssertionVerify"":9.753499984741211,""pkiManagementOpenSslVerifyIssuerCA"":10.4442999958992,""pkiManagementIssuerAssertionSign"":13.30809998512268,""pkiManagementIssuerAssertionVerify"":10.350499987602234,""pkiManagementRepositoryHttpVerify"":0.14490002393722534}",0,,
0,PKI,149,management,false,false,265210.74786301766,356482.5554629794,356629.2048629752,146.64939999580383,0,146.64939999580383,0,0,2,0,"{""pkiManagementDispatchHttp"":1.848900020122528,""pkiManagementRelayHttp"":0,""pkiManagementHttpWindow"":13.37339997291565,""pkiOpenSslIssueKeygen"":28.29289996623993,""pkiOpenSslIssueCsr"":17.2781999707222,""pkiOpenSslIssueSignCert"":13.51579999923706,""pkiOpenSslIssueExtractPubkey"":9.19539999961853,""pkiManagementOpenSslVerifyLeaf"":9.339699983596802,""pkiManagementLeafAssertionSign"":12.19209998846054,""pkiManagementLeafAssertionVerify"":9.775200009346008,""pkiManagementOpenSslVerifyIssuerCA"":9.08650004863739,""pkiManagementIssuerAssertionSign"":12.108300030231476,""pkiManagementIssuerAssertionVerify"":9.674600005149841,""pkiManagementRepositoryHttpVerify"":0.11059999465942383}",0,,
0,PKI,150,management,false,false,266742.72271057393,358014.5303105357,358159.0898105147,144.55949997901917,0,144.55949997901917,0,0,2,0,"{""pkiManagementDispatchHttp"":0.6148999929428101,""pkiManagementRelayHttp"":0,""pkiManagementHttpWindow"":0.11009997129440308,""pkiOpenSslIssueKeygen"":36.921599984169006,""pkiOpenSslIssueCsr"":17.50200003385544,""pkiOpenSslIssueSignCert"":12.992500007152557,""pkiOpenSslIssueExtractPubkey"":9.26639997959137,""pkiManagementOpenSslVerifyLeaf"":8.972000002861023,""pkiManagementLeafAssertionSign"":12.493799984455109,""pkiManagementLeafAssertionVerify"":10.285300016403198,""pkiManagementOpenSslVerifyIssuerCA"":9.416999995708466,""pkiManagementIssuerAssertionSign"":15.836499989032745,""pkiManagementIssuerAssertionVerify"":9.172500014305115,""pkiManagementRepositoryHttpVerify"":0.10979998111724854}",0,,
0,PKI,151,management,false,false,267283.8597899759,358555.6673899377,358702.8651899779,147.19780004024506,0,147.19780004024506,0,0,2,0,"{""pkiManagementDispatchHttp"":5.403200030326843,""pkiManagementRelayHttp"":0,""pkiManagementHttpWindow"":14.606599986553192,""pkiOpenSslIssueKeygen"":26.833700001239777,""pkiOpenSslIssueCsr"":17.39689999818802,""pkiOpenSslIssueSignCert"":13.153600037097931,""pkiOpenSslIssueExtractPubkey"":9.01060003042221,""pkiManagementOpenSslVerifyLeaf"":8.906899988651276,""pkiManagementLeafAssertionSign"":11.304199993610382,""pkiManagementLeafAssertionVerify"":9.500800013542175,""pkiManagementOpenSslVerifyIssuerCA"":8.659699976444244,""pkiManagementIssuerAssertionSign"":11.824799954891205,""pkiManagementIssuerAssertionVerify"":9.598299980163574,""pkiManagementRepositoryHttpVerify"":0.11360001564025879}",0,,
0,PKI,152,management,false,false,268183.7888359601,359455.59643592185,359596.4787359411,140.88230001926422,0,140.88230001926422,0,0,2,0,"{""pkiManagementDispatchHttp"":5.182699978351593,""pkiManagementRelayHttp"":0,""pkiManagementHttpWindow"":7.079499959945679,""pkiOpenSslIssueKeygen"":26.8817999958992,""pkiOpenSslIssueCsr"":17.507799983024597,""pkiOpenSslIssueSignCert"":13.75140005350113,""pkiOpenSslIssueExtractPubkey"":9.012400031089783,""pkiManagementOpenSslVerifyLeaf"":9.020899951457977,""pkiManagementLeafAssertionSign"":12.237500011920929,""pkiManagementLeafAssertionVerify"":9.484399974346161,""pkiManagementOpenSslVerifyIssuerCA"":9.123499989509583,""pkiManagementIssuerAssertionSign"":11.639100015163422,""pkiManagementIssuerAssertionVerify"":9.025799989700317,""pkiManagementRepositoryHttpVerify"":0.11959999799728394}",0,,
0,PKI,153,management,false,false,277105.3648174215,368377.17241738323,368522.031617384,144.85920000076294,0,144.85920000076294,0,0,2,0,"{""pkiManagementDispatchHttp"":3.882200002670288,""pkiManagementRelayHttp"":0,""pkiManagementHttpWindow"":4.300600051879883,""pkiOpenSslIssueKeygen"":20.607899963855743,""pkiOpenSslIssueCsr"":17.66399997472763,""pkiOpenSslIssueSignCert"":15.303100049495697,""pkiOpenSslIssueExtractPubkey"":10.017700016498566,""pkiManagementOpenSslVerifyLeaf"":11.26230001449585,""pkiManagementLeafAssertionSign"":16.405699968338013,""pkiManagementLeafAssertionVerify"":12.871999979019165,""pkiManagementOpenSslVerifyIssuerCA"":10.585299968719482,""pkiManagementIssuerAssertionSign"":11.843699991703033,""pkiManagementIssuerAssertionVerify"":9.13450002670288,""pkiManagementRepositoryHttpVerify"":0.14419996738433838}",0,,
0,PKI,154,management,false,false,278130.7991390055,369402.60673896724,369589.75593892985,187.14919996261597,0,187.14919996261597,0,0,2,0,"{""pkiManagementDispatchHttp"":4.61980003118515,""pkiManagementRelayHttp"":0,""pkiManagementHttpWindow"":16.94520002603531,""pkiOpenSslIssueKeygen"":63.16670000553131,""pkiOpenSslIssueCsr"":17.44760000705719,""pkiOpenSslIssueSignCert"":14.067000031471252,""pkiOpenSslIssueExtractPubkey"":9.284099996089935,""pkiManagementOpenSslVerifyLeaf"":8.87090003490448,""pkiManagementLeafAssertionSign"":11.793200016021729,""pkiManagementLeafAssertionVerify"":9.1317999958992,""pkiManagementOpenSslVerifyIssuerCA"":9.576600015163422,""pkiManagementIssuerAssertionSign"":12.264899969100952,""pkiManagementIssuerAssertionVerify"":9.045800030231476,""pkiManagementRepositoryHttpVerify"":0.11399996280670166}",0,,
0,PKI,155,management,false,false,278208.9345862586,369480.74218622036,369729.3773389285,248.63515270815697,109.01375270949211,139.62139999866486,0,0,2,0,"{""pkiManagementDispatchHttp"":3.72160005569458,""pkiManagementRelayHttp"":0,""pkiManagementHttpWindow"":3.469599962234497,""pkiOpenSslIssueKeygen"":24.737200021743774,""pkiOpenSslIssueCsr"":17.26560002565384,""pkiOpenSslIssueSignCert"":14.210999965667725,""pkiOpenSslIssueExtractPubkey"":10.225200057029724,""pkiManagementOpenSslVerifyLeaf"":9.96969997882843,""pkiManagementLeafAssertionSign"":12.064899981021881,""pkiManagementLeafAssertionVerify"":10.112800002098083,""pkiManagementOpenSslVerifyIssuerCA"":10.346400022506714,""pkiManagementIssuerAssertionSign"":12.942600011825562,""pkiManagementIssuerAssertionVerify"":9.563300013542175,""pkiManagementRepositoryHttpVerify"":0.14820003509521484}",0,,
0,PKI,156,management,false,false,279975.9486967451,371247.75629670685,371442.6248967177,194.8686000108719,0,194.8686000108719,0,0,2,0,"{""pkiManagementDispatchHttp"":22.216300010681152,""pkiManagementRelayHttp"":0,""pkiManagementHttpWindow"":2.675399959087372,""pkiOpenSslIssueKeygen"":68.18680000305176,""pkiOpenSslIssueCsr"":17.713600039482117,""pkiOpenSslIssueSignCert"":13.74449998140335,""pkiOpenSslIssueExtractPubkey"":9.039699971675873,""pkiManagementOpenSslVerifyLeaf"":9.025799989700317,""pkiManagementLeafAssertionSign"":12.101400017738342,""pkiManagementLeafAssertionVerify"":8.900000035762787,""pkiManagementOpenSslVerifyIssuerCA"":8.970999956130981,""pkiManagementIssuerAssertionSign"":12.029300034046173,""pkiManagementIssuerAssertionVerify"":9.289099991321564,""pkiManagementRepositoryHttpVerify"":0.11269998550415039}",0,,
0,PKI,157,management,false,false,280636.62059784913,371908.4281978109,372122.97089780355,214.5426999926567,0,214.5426999926567,0,0,2,0,"{""pkiManagementDispatchHttp"":10.808000028133392,""pkiManagementRelayHttp"":0,""pkiManagementHttpWindow"":15.132299959659576,""pkiOpenSslIssueKeygen"":87.04650002717972,""pkiOpenSslIssueCsr"":17.296000003814697,""pkiOpenSslIssueSignCert"":13.663599967956543,""pkiOpenSslIssueExtractPubkey"":8.815600037574768,""pkiManagementOpenSslVerifyLeaf"":8.928000032901764,""pkiManagementLeafAssertionSign"":11.982899963855743,""pkiManagementLeafAssertionVerify"":9.1253000497818,""pkiManagementOpenSslVerifyIssuerCA"":8.869199991226196,""pkiManagementIssuerAssertionSign"":12.484699964523315,""pkiManagementIssuerAssertionVerify"":9.379499971866608,""pkiManagementRepositoryHttpVerify"":0.10959994792938232}",0,,
0,PKI,158,management,false,false,286150.0882401009,377421.89584006264,377566.31834001734,144.42249995470047,0,144.42249995470047,0,0,2,0,"{""pkiManagementDispatchHttp"":12.247199952602386,""pkiManagementRelayHttp"":0,""pkiManagementHttpWindow"":5.68529999256134,""pkiOpenSslIssueKeygen"":26.732200026512146,""pkiOpenSslIssueCsr"":17.32779997587204,""pkiOpenSslIssueSignCert"":13.139800012111664,""pkiOpenSslIssueExtractPubkey"":8.457599997520447,""pkiManagementOpenSslVerifyLeaf"":9.041299998760223,""pkiManagementLeafAssertionSign"":11.398899972438812,""pkiManagementLeafAssertionVerify"":9.15499997138977,""pkiManagementOpenSslVerifyIssuerCA"":8.526800036430359,""pkiManagementIssuerAssertionSign"":12.24049997329712,""pkiManagementIssuerAssertionVerify"":9.48879998922348,""pkiManagementRepositoryHttpVerify"":0.10939997434616089}",0,,
0,PKI,159,management,false,false,286351.9412164947,377623.7488164565,377822.2703164479,198.52149999141693,0,198.52149999141693,0,0,2,0,"{""pkiManagementDispatchHttp"":22.969599962234497,""pkiManagementRelayHttp"":0,""pkiManagementHttpWindow"":0.8046000003814697,""pkiOpenSslIssueKeygen"":53.84450000524521,""pkiOpenSslIssueCsr"":17.83059996366501,""pkiOpenSslIssueSignCert"":13.390100002288818,""pkiOpenSslIssueExtractPubkey"":9.684599995613098,""pkiManagementOpenSslVerifyLeaf"":12.28600001335144,""pkiManagementLeafAssertionSign"":14.167999982833862,""pkiManagementLeafAssertionVerify"":16.622300028800964,""pkiManagementOpenSslVerifyIssuerCA"":10.981800019741058,""pkiManagementIssuerAssertionSign"":14.67629998922348,""pkiManagementIssuerAssertionVerify"":10.226400017738342,""pkiManagementRepositoryHttpVerify"":0.11369997262954712}",0,,
0,PKI,160,management,false,false,286797.2963666782,378069.10396663996,378210.55116664025,141.4472000002861,0,141.4472000002861,0,0,2,0,"{""pkiManagementDispatchHttp"":0.8365000486373901,""pkiManagementRelayHttp"":0,""pkiManagementHttpWindow"":0.8348999619483948,""pkiOpenSslIssueKeygen"":39.73510003089905,""pkiOpenSslIssueCsr"":17.02979999780655,""pkiOpenSslIssueSignCert"":13.406599998474121,""pkiOpenSslIssueExtractPubkey"":8.67280000448227,""pkiManagementOpenSslVerifyLeaf"":8.902099967002869,""pkiManagementLeafAssertionSign"":12.074599981307983,""pkiManagementLeafAssertionVerify"":9.129500031471252,""pkiManagementOpenSslVerifyIssuerCA"":9.109599947929382,""pkiManagementIssuerAssertionSign"":11.805800020694733,""pkiManagementIssuerAssertionVerify"":8.946099996566772,""pkiManagementRepositoryHttpVerify"":0.11019998788833618}",0,,
0,PKI,161,management,false,false,286823.1246287065,378094.93222866824,378367.55646668526,272.62423801701516,115.61893797200173,157.00530004501343,0,0,2,0,"{""pkiManagementDispatchHttp"":20.923799991607666,""pkiManagementRelayHttp"":0,""pkiManagementHttpWindow"":1.7143999934196472,""pkiOpenSslIssueKeygen"":28.67189997434616,""pkiOpenSslIssueCsr"":17.557799994945526,""pkiOpenSslIssueSignCert"":13.071099996566772,""pkiOpenSslIssueExtractPubkey"":9.118599951267242,""pkiManagementOpenSslVerifyLeaf"":9.782000005245209,""pkiManagementLeafAssertionSign"":12.969000041484833,""pkiManagementLeafAssertionVerify"":10.350499987602234,""pkiManagementOpenSslVerifyIssuerCA"":9.615000009536743,""pkiManagementIssuerAssertionSign"":12.478100001811981,""pkiManagementIssuerAssertionVerify"":9.781599998474121,""pkiManagementRepositoryHttpVerify"":0.116100013256073}",0,,
0,PKI,162,management,false,false,286958.9915404613,378230.79914042307,378527.590066658,296.79092623491306,136.75732626218814,160.03359997272491,0,0,2,0,"{""pkiManagementDispatchHttp"":1.76910001039505,""pkiManagementRelayHttp"":0,""pkiManagementHttpWindow"":18.79430001974106,""pkiOpenSslIssueKeygen"":36.614400029182434,""pkiOpenSslIssueCsr"":17.481899976730347,""pkiOpenSslIssueSignCert"":14.02590000629425,""pkiOpenSslIssueExtractPubkey"":9.096599996089935,""pkiManagementOpenSslVerifyLeaf"":9.01989996433258,""pkiManagementLeafAssertionSign"":11.869400024414062,""pkiManagementLeafAssertionVerify"":9.12310004234314,""pkiManagementOpenSslVerifyIssuerCA"":9.44269996881485,""pkiManagementIssuerAssertionSign"":12.293899953365326,""pkiManagementIssuerAssertionVerify"":9.525600016117096,""pkiManagementRepositoryHttpVerify"":0.13489997386932373}",0,,
0,PKI,163,management,false,false,289366.0715057454,380637.87910570716,380802.8706056676,164.99149996042252,0,164.99149996042252,0,0,2,0,"{""pkiManagementDispatchHttp"":16.84689998626709,""pkiManagementRelayHttp"":0,""pkiManagementHttpWindow"":14.826800048351288,""pkiOpenSslIssueKeygen"":30.556300044059753,""pkiOpenSslIssueCsr"":17.60400003194809,""pkiOpenSslIssueSignCert"":13.583000004291534,""pkiOpenSslIssueExtractPubkey"":8.842600047588348,""pkiManagementOpenSslVerifyLeaf"":9.208599984645844,""pkiManagementLeafAssertionSign"":12.04229998588562,""pkiManagementLeafAssertionVerify"":9.49779999256134,""pkiManagementOpenSslVerifyIssuerCA"":9.615900039672852,""pkiManagementIssuerAssertionSign"":12.085399985313416,""pkiManagementIssuerAssertionVerify"":9.269400000572205,""pkiManagementRepositoryHttpVerify"":0.10809999704360962}",0,,
0,PKI,164,management,false,false,293756.2161404533,385028.02374041505,385207.0533403797,179.02959996461868,0,179.02959996461868,0,0,2,0,"{""pkiManagementDispatchHttp"":8.1253000497818,""pkiManagementRelayHttp"":0,""pkiManagementHttpWindow"":14.01369994878769,""pkiOpenSslIssueKeygen"":53.530299961566925,""pkiOpenSslIssueCsr"":17.70090001821518,""pkiOpenSslIssueSignCert"":13.510800004005432,""pkiOpenSslIssueExtractPubkey"":9.192799985408783,""pkiManagementOpenSslVerifyLeaf"":9.336599946022034,""pkiManagementLeafAssertionSign"":12.42110002040863,""pkiManagementLeafAssertionVerify"":9.62660002708435,""pkiManagementOpenSslVerifyIssuerCA"":8.913899958133698,""pkiManagementIssuerAssertionSign"":12.362100005149841,""pkiManagementIssuerAssertionVerify"":9.249099969863892,""pkiManagementRepositoryHttpVerify"":0.10819995403289795}",0,,
0,PKI,165,management,false,false,294200.62049576023,385472.428095722,385620.1304957507,147.7024000287056,0,147.7024000287056,0,0,2,0,"{""pkiManagementDispatchHttp"":14.226099967956543,""pkiManagementRelayHttp"":0,""pkiManagementHttpWindow"":5.7484999895095825,""pkiOpenSslIssueKeygen"":27.513799965381622,""pkiOpenSslIssueCsr"":17.560599982738495,""pkiOpenSslIssueSignCert"":13.5135999917984,""pkiOpenSslIssueExtractPubkey"":8.970099985599518,""pkiManagementOpenSslVerifyLeaf"":8.832599997520447,""pkiManagementLeafAssertionSign"":11.256099998950958,""pkiManagementLeafAssertionVerify"":9.14300000667572,""pkiManagementOpenSslVerifyIssuerCA"":8.95770001411438,""pkiManagementIssuerAssertionSign"":12.073400020599365,""pkiManagementIssuerAssertionVerify"":8.935900032520294,""pkiManagementRepositoryHttpVerify"":0.11469995975494385}",0,,
0,PKI,166,management,false,false,298763.26889110013,390035.0764910619,390198.3887910883,163.31230002641678,0,163.31230002641678,0,0,2,0,"{""pkiManagementDispatchHttp"":19.76340001821518,""pkiManagementRelayHttp"":0,""pkiManagementHttpWindow"":2.058799982070923,""pkiOpenSslIssueKeygen"":28.561100006103516,""pkiOpenSslIssueCsr"":19.33550000190735,""pkiOpenSslIssueSignCert"":17.28030002117157,""pkiOpenSslIssueExtractPubkey"":11.891000032424927,""pkiManagementOpenSslVerifyLeaf"":10.976199984550476,""pkiManagementLeafAssertionSign"":12.658199965953827,""pkiManagementLeafAssertionVerify"":9.44729995727539,""pkiManagementOpenSslVerifyIssuerCA"":9.29119998216629,""pkiManagementIssuerAssertionSign"":11.929799973964691,""pkiManagementIssuerAssertionVerify"":9.190699994564056,""pkiManagementRepositoryHttpVerify"":0.11520004272460938}",0,,
0,PKI,167,management,false,false,301113.9511127756,392385.75871273736,392555.3643127368,169.6055999994278,0,169.6055999994278,0,0,2,0,"{""pkiManagementDispatchHttp"":30.641099989414215,""pkiManagementRelayHttp"":0,""pkiManagementHttpWindow"":0.6626999974250793,""pkiOpenSslIssueKeygen"":35.33939999341965,""pkiOpenSslIssueCsr"":18.169200003147125,""pkiOpenSslIssueSignCert"":13.730299949645996,""pkiOpenSslIssueExtractPubkey"":8.484600007534027,""pkiManagementOpenSslVerifyLeaf"":8.81819999217987,""pkiManagementLeafAssertionSign"":12.35699999332428,""pkiManagementLeafAssertionVerify"":9.9128999710083,""pkiManagementOpenSslVerifyIssuerCA"":9.118799984455109,""pkiManagementIssuerAssertionSign"":11.973100006580353,""pkiManagementIssuerAssertionVerify"":9.46560001373291,""pkiManagementRepositoryHttpVerify"":0.11739999055862427}",0,,
0,PKI,168,management,false,false,303826.3076390368,395098.11523899855,395265.8534390074,167.73820000886917,0,167.73820000886917,0,0,2,0,"{""pkiManagementDispatchHttp"":12.858799993991852,""pkiManagementRelayHttp"":0,""pkiManagementHttpWindow"":15.01910001039505,""pkiOpenSslIssueKeygen"":31.074599981307983,""pkiOpenSslIssueCsr"":18.046500027179718,""pkiOpenSslIssueSignCert"":14.12770003080368,""pkiOpenSslIssueExtractPubkey"":11.058399975299835,""pkiManagementOpenSslVerifyLeaf"":9.962800025939941,""pkiManagementLeafAssertionSign"":12.559800028800964,""pkiManagementLeafAssertionVerify"":9.96639996767044,""pkiManagementOpenSslVerifyIssuerCA"":9.492200016975403,""pkiManagementIssuerAssertionSign"":12.772499978542328,""pkiManagementIssuerAssertionVerify"":9.770900011062622,""pkiManagementRepositoryHttpVerify"":0.1258000135421753}",0,,
0,PKI,169,management,false,false,304406.51157428714,395678.3191742489,395862.17037423345,183.85119998455048,0,183.85119998455048,0,0,2,0,"{""pkiManagementDispatchHttp"":2.414799988269806,""pkiManagementRelayHttp"":0,""pkiManagementHttpWindow"":13.20660001039505,""pkiOpenSslIssueKeygen"":65.48359996080399,""pkiOpenSslIssueCsr"":17.287599980831146,""pkiOpenSslIssueSignCert"":13.871100008487701,""pkiOpenSslIssueExtractPubkey"":8.935699999332428,""pkiManagementOpenSslVerifyLeaf"":9.527100026607513,""pkiManagementLeafAssertionSign"":12.104200005531311,""pkiManagementLeafAssertionVerify"":9.010800004005432,""pkiManagementOpenSslVerifyIssuerCA"":9.086899995803833,""pkiManagementIssuerAssertionSign"":12.269400000572205,""pkiManagementIssuerAssertionVerify"":9.742399990558624,""pkiManagementRepositoryHttpVerify"":0.11559998989105225}",0,,
0,PKI,170,management,false,false,307227.7907849884,398499.59838495014,398661.7485848999,162.15019994974136,0,162.15019994974136,0,0,2,0,"{""pkiManagementDispatchHttp"":17.742500007152557,""pkiManagementRelayHttp"":0,""pkiManagementHttpWindow"":5.167999982833862,""pkiOpenSslIssueKeygen"":36.02149999141693,""pkiOpenSslIssueCsr"":17.327099978923798,""pkiOpenSslIssueSignCert"":13.644000053405762,""pkiOpenSslIssueExtractPubkey"":9.273600041866302,""pkiManagementOpenSslVerifyLeaf"":9.084699988365173,""pkiManagementLeafAssertionSign"":12.4064000248909,""pkiManagementLeafAssertionVerify"":9.448199987411499,""pkiManagementOpenSslVerifyIssuerCA"":9.131099998950958,""pkiManagementIssuerAssertionSign"":12.135300040245056,""pkiManagementIssuerAssertionVerify"":9.72840005159378,""pkiManagementRepositoryHttpVerify"":0.11570000648498535}",0,,
0,PKI,171,management,false,false,310025.811762666,401297.61936262774,401455.72366259026,158.1042999625206,0,158.1042999625206,0,0,2,0,"{""pkiManagementDispatchHttp"":23.785600006580353,""pkiManagementRelayHttp"":0,""pkiManagementHttpWindow"":5.156599998474121,""pkiOpenSslIssueKeygen"":23.947700023651123,""pkiOpenSslIssueCsr"":17.339800000190735,""pkiOpenSslIssueSignCert"":13.576300024986267,""pkiOpenSslIssueExtractPubkey"":10.941500008106232,""pkiManagementOpenSslVerifyLeaf"":10.348200023174286,""pkiManagementLeafAssertionSign"":12.413500010967255,""pkiManagementLeafAssertionVerify"":9.271200001239777,""pkiManagementOpenSslVerifyIssuerCA"":9.015199959278107,""pkiManagementIssuerAssertionSign"":11.61300003528595,""pkiManagementIssuerAssertionVerify"":9.61030000448227,""pkiManagementRepositoryHttpVerify"":0.11449998617172241}",0,,
0,PKI,172,management,false,false,310567.2863537851,401839.09395374684,402007.55145378737,168.45750004053116,0,168.45750004053116,0,0,2,0,"{""pkiManagementDispatchHttp"":0.9886999726295471,""pkiManagementRelayHttp"":0,""pkiManagementHttpWindow"":17.785600006580353,""pkiOpenSslIssueKeygen"":38.44090002775192,""pkiOpenSslIssueCsr"":17.804499983787537,""pkiOpenSslIssueSignCert"":13.281399965286255,""pkiOpenSslIssueExtractPubkey"":9.049199998378754,""pkiManagementOpenSslVerifyLeaf"":8.928399980068207,""pkiManagementLeafAssertionSign"":12.194999992847443,""pkiManagementLeafAssertionVerify"":11.221499979496002,""pkiManagementOpenSslVerifyIssuerCA"":10.199099957942963,""pkiManagementIssuerAssertionSign"":14.727299988269806,""pkiManagementIssuerAssertionVerify"":12.904799997806549,""pkiManagementRepositoryHttpVerify"":0.11649996042251587}",0,,
0,PKI,173,management,false,false,311416.62123190495,402688.4288318667,402815.245731822,126.81689995527267,0,126.81689995527267,0,0,2,0,"{""pkiManagementDispatchHttp"":0.7346999645233154,""pkiManagementRelayHttp"":0,""pkiManagementHttpWindow"":4.627900004386902,""pkiOpenSslIssueKeygen"":19.28769999742508,""pkiOpenSslIssueCsr"":17.91260004043579,""pkiOpenSslIssueSignCert"":13.248199999332428,""pkiOpenSslIssueExtractPubkey"":8.945100009441376,""pkiManagementOpenSslVerifyLeaf"":9.66890001296997,""pkiManagementLeafAssertionSign"":11.635200023651123,""pkiManagementLeafAssertionVerify"":9.152200043201447,""pkiManagementOpenSslVerifyIssuerCA"":9.504299998283386,""pkiManagementIssuerAssertionSign"":11.681500017642975,""pkiManagementIssuerAssertionVerify"":9.36269998550415,""pkiManagementRepositoryHttpVerify"":0.21250003576278687}",0,,
0,PKI,174,management,false,false,312217.2458134362,403489.053413398,403709.387413449,220.33400005102158,0,220.33400005102158,0,0,2,0,"{""pkiManagementDispatchHttp"":20.694000005722046,""pkiManagementRelayHttp"":0,""pkiManagementHttpWindow"":5.706299960613251,""pkiOpenSslIssueKeygen"":87.90299999713898,""pkiOpenSslIssueCsr"":17.856299996376038,""pkiOpenSslIssueSignCert"":13.497200012207031,""pkiOpenSslIssueExtractPubkey"":9.146299958229065,""pkiManagementOpenSslVerifyLeaf"":9.742500007152557,""pkiManagementLeafAssertionSign"":12.136400043964386,""pkiManagementLeafAssertionVerify"":10.502699971199036,""pkiManagementOpenSslVerifyIssuerCA"":9.840999960899353,""pkiManagementIssuerAssertionSign"":12.581300020217896,""pkiManagementIssuerAssertionVerify"":9.697400033473969,""pkiManagementRepositoryHttpVerify"":0.11750000715255737}",0,,
0,PKI,175,management,false,false,313379.8845075806,404651.69210754236,404808.46310757,156.77100002765656,0,156.77100002765656,0,0,2,0,"{""pkiManagementDispatchHttp"":13.851400017738342,""pkiManagementRelayHttp"":0,""pkiManagementHttpWindow"":3.2912999987602234,""pkiOpenSslIssueKeygen"":36.710999965667725,""pkiOpenSslIssueCsr"":17.56859999895096,""pkiOpenSslIssueSignCert"":13.82590001821518,""pkiOpenSslIssueExtractPubkey"":9.265200018882751,""pkiManagementOpenSslVerifyLeaf"":9.019400000572205,""pkiManagementLeafAssertionSign"":12.510800004005432,""pkiManagementLeafAssertionVerify"":9.149100005626678,""pkiManagementOpenSslVerifyIssuerCA"":9.196099996566772,""pkiManagementIssuerAssertionSign"":12.175699949264526,""pkiManagementIssuerAssertionVerify"":9.284500002861023,""pkiManagementRepositoryHttpVerify"":0.11159998178482056}",0,,
0,PKI,176,management,false,false,319533.62658680853,410805.4341867703,410940.4555867451,135.021399974823,0,135.021399974823,0,0,2,0,"{""pkiManagementDispatchHttp"":5.211099982261658,""pkiManagementRelayHttp"":0,""pkiManagementHttpWindow"":7.870000004768372,""pkiOpenSslIssueKeygen"":19.746200025081635,""pkiOpenSslIssueCsr"":17.401399970054626,""pkiOpenSslIssueSignCert"":13.171900033950806,""pkiOpenSslIssueExtractPubkey"":9.333799958229065,""pkiManagementOpenSslVerifyLeaf"":9.105000019073486,""pkiManagementLeafAssertionSign"":12.307099997997284,""pkiManagementLeafAssertionVerify"":9.630099952220917,""pkiManagementOpenSslVerifyIssuerCA"":10.030700027942657,""pkiManagementIssuerAssertionSign"":11.609699964523315,""pkiManagementIssuerAssertionVerify"":8.662500023841858,""pkiManagementRepositoryHttpVerify"":0.11989998817443848}",0,,
0,PKI,177,management,false,false,321375.91909232794,412647.7266922897,412799.4413922733,151.7146999835968,0,151.7146999835968,0,0,2,0,"{""pkiManagementDispatchHttp"":1.4332000017166138,""pkiManagementRelayHttp"":0,""pkiManagementHttpWindow"":14.968899965286255,""pkiOpenSslIssueKeygen"":34.68739998340607,""pkiOpenSslIssueCsr"":18.433200001716614,""pkiOpenSslIssueSignCert"":13.445400059223175,""pkiOpenSslIssueExtractPubkey"":9.241999983787537,""pkiManagementOpenSslVerifyLeaf"":8.981700003147125,""pkiManagementLeafAssertionSign"":11.467000007629395,""pkiManagementLeafAssertionVerify"":8.78899997472763,""pkiManagementOpenSslVerifyIssuerCA"":9.245999991893768,""pkiManagementIssuerAssertionSign"":11.392899990081787,""pkiManagementIssuerAssertionVerify"":8.673600018024445,""pkiManagementRepositoryHttpVerify"":0.10740000009536743}",0,,
0,PKI,178,management,false,false,321477.64698959334,412749.4545895551,412930.7440922564,181.28950270131463,49.98680271819467,131.30269998311996,0,0,2,0,"{""pkiManagementDispatchHttp"":1.314899981021881,""pkiManagementRelayHttp"":0,""pkiManagementHttpWindow"":2.2883999943733215,""pkiOpenSslIssueKeygen"":26.389600038528442,""pkiOpenSslIssueCsr"":16.692599952220917,""pkiOpenSslIssueSignCert"":12.853799998760223,""pkiOpenSslIssueExtractPubkey"":8.817800045013428,""pkiManagementOpenSslVerifyLeaf"":9.073499977588654,""pkiManagementLeafAssertionSign"":12.265300035476685,""pkiManagementLeafAssertionVerify"":10.70660001039505,""pkiManagementOpenSslVerifyIssuerCA"":8.677400052547455,""pkiManagementIssuerAssertionSign"":12.157899975776672,""pkiManagementIssuerAssertionVerify"":9.087900042533875,""pkiManagementRepositoryHttpVerify"":0.1152999997138977}",0,,
0,PKI,179,management,false,false,323086.64928514144,414358.4568851032,414505.73628509423,147.27939999103546,0,147.27939999103546,0,0,2,0,"{""pkiManagementDispatchHttp"":4.8420000076293945,""pkiManagementRelayHttp"":0,""pkiManagementHttpWindow"":3.97979998588562,""pkiOpenSslIssueKeygen"":27.059399962425232,""pkiOpenSslIssueCsr"":17.03549998998642,""pkiOpenSslIssueSignCert"":13.469700038433075,""pkiOpenSslIssueExtractPubkey"":9.133599996566772,""pkiManagementOpenSslVerifyLeaf"":8.897199988365173,""pkiManagementLeafAssertionSign"":12.104099988937378,""pkiManagementLeafAssertionVerify"":11.516799986362457,""pkiManagementOpenSslVerifyIssuerCA"":9.874400019645691,""pkiManagementIssuerAssertionSign"":15.008000016212463,""pkiManagementIssuerAssertionVerify"":13.258799970149994,""pkiManagementRepositoryHttpVerify"":0.11539995670318604}",0,,
0,PKI,180,management,false,false,325498.31602512137,416770.1236250831,416933.022225125,162.8986000418663,0,162.8986000418663,0,0,2,0,"{""pkiManagementDispatchHttp"":4.520099997520447,""pkiManagementRelayHttp"":0,""pkiManagementHttpWindow"":0.1621999740600586,""pkiOpenSslIssueKeygen"":56.38330000638962,""pkiOpenSslIssueCsr"":17.827800035476685,""pkiOpenSslIssueSignCert"":13.191199958324432,""pkiOpenSslIssueExtractPubkey"":9.05189996957779,""pkiManagementOpenSslVerifyLeaf"":9.247599959373474,""pkiManagementLeafAssertionSign"":11.64740002155304,""pkiManagementLeafAssertionVerify"":9.331400036811829,""pkiManagementOpenSslVerifyIssuerCA"":9.166000008583069,""pkiManagementIssuerAssertionSign"":11.861999988555908,""pkiManagementIssuerAssertionVerify"":9.574599981307983,""pkiManagementRepositoryHttpVerify"":0.11710000038146973}",0,,
0,PKI,181,management,false,false,326488.80651923467,417760.6141191964,417893.815619195,133.2014999985695,0,133.2014999985695,0,0,2,0,"{""pkiManagementDispatchHttp"":3.4305999875068665,""pkiManagementRelayHttp"":0,""pkiManagementHttpWindow"":8.025800049304962,""pkiOpenSslIssueKeygen"":17.262400031089783,""pkiOpenSslIssueCsr"":17.74949997663498,""pkiOpenSslIssueSignCert"":13.107400000095367,""pkiOpenSslIssueExtractPubkey"":8.69190001487732,""pkiManagementOpenSslVerifyLeaf"":9.04670000076294,""pkiManagementLeafAssertionSign"":12.313399970531464,""pkiManagementLeafAssertionVerify"":9.699999988079071,""pkiManagementOpenSslVerifyIssuerCA"":9.922699987888336,""pkiManagementIssuerAssertionSign"":13.057500004768372,""pkiManagementIssuerAssertionVerify"":9.926499962806702,""pkiManagementRepositoryHttpVerify"":0.11239999532699585}",0,,
0,PKI,182,management,false,false,327093.0069103916,418364.8145103534,418531.84081036644,167.02630001306534,0,167.02630001306534,0,0,2,0,"{""pkiManagementDispatchHttp"":16.70329999923706,""pkiManagementRelayHttp"":0,""pkiManagementHttpWindow"":15.916299998760223,""pkiOpenSslIssueKeygen"":31.22189998626709,""pkiOpenSslIssueCsr"":17.708900034427643,""pkiOpenSslIssueSignCert"":13.737900018692017,""pkiOpenSslIssueExtractPubkey"":9.269599974155426,""pkiManagementOpenSslVerifyLeaf"":9.175599992275238,""pkiManagementLeafAssertionSign"":12.582599997520447,""pkiManagementLeafAssertionVerify"":9.246600031852722,""pkiManagementOpenSslVerifyIssuerCA"":9.370200037956238,""pkiManagementIssuerAssertionSign"":11.652199983596802,""pkiManagementIssuerAssertionVerify"":9.401100039482117,""pkiManagementRepositoryHttpVerify"":0.14730000495910645}",0,,
0,PKI,183,management,false,false,327684.5119721608,418956.31957212253,419104.7306720929,148.41109997034073,0,148.41109997034073,0,0,2,0,"{""pkiManagementDispatchHttp"":1.8838000297546387,""pkiManagementRelayHttp"":0,""pkiManagementHttpWindow"":2.5,""pkiOpenSslIssueKeygen"":41.8517000079155,""pkiOpenSslIssueCsr"":17.47889995574951,""pkiOpenSslIssueSignCert"":13.320699989795685,""pkiOpenSslIssueExtractPubkey"":9.125700056552887,""pkiManagementOpenSslVerifyLeaf"":9.02999997138977,""pkiManagementLeafAssertionSign"":11.837399959564209,""pkiManagementLeafAssertionVerify"":9.778299987316132,""pkiManagementOpenSslVerifyIssuerCA"":9.329300045967102,""pkiManagementIssuerAssertionSign"":12.066600024700165,""pkiManagementIssuerAssertionVerify"":9.278400003910065,""pkiManagementRepositoryHttpVerify"":0.1380000114440918}",0,,
0,PKI,184,management,false,false,328049.140736727,419320.94833668874,419452.5469367187,131.59860002994537,0,131.59860002994537,0,0,2,0,"{""pkiManagementDispatchHttp"":0.6018000245094299,""pkiManagementRelayHttp"":0,""pkiManagementHttpWindow"":4.057000041007996,""pkiOpenSslIssueKeygen"":27.742999970912933,""pkiOpenSslIssueCsr"":17.051699995994568,""pkiOpenSslIssueSignCert"":13.425999999046326,""pkiOpenSslIssueExtractPubkey"":8.852800011634827,""pkiManagementOpenSslVerifyLeaf"":8.730599999427795,""pkiManagementLeafAssertionSign"":11.285700023174286,""pkiManagementLeafAssertionVerify"":9.194700002670288,""pkiManagementOpenSslVerifyIssuerCA"":9.049799978733063,""pkiManagementIssuerAssertionSign"":11.770699977874756,""pkiManagementIssuerAssertionVerify"":8.894800007343292,""pkiManagementRepositoryHttpVerify"":0.10790002346038818}",0,,
0,PKI,185,management,false,false,329252.1177406245,420523.9253405863,420671.56284063397,147.63750004768372,0,147.63750004768372,0,0,2,0,"{""pkiManagementDispatchHttp"":6.173099994659424,""pkiManagementRelayHttp"":0,""pkiManagementHttpWindow"":11.93800002336502,""pkiOpenSslIssueKeygen"":26.70609998703003,""pkiOpenSslIssueCsr"":17.331399977207184,""pkiOpenSslIssueSignCert"":12.767199993133545,""pkiOpenSslIssueExtractPubkey"":8.884700000286102,""pkiManagementOpenSslVerifyLeaf"":9.086700022220612,""pkiManagementLeafAssertionSign"":12.234899997711182,""pkiManagementLeafAssertionVerify"":10.261900007724762,""pkiManagementOpenSslVerifyIssuerCA"":9.140199959278107,""pkiManagementIssuerAssertionSign"":12.426900029182434,""pkiManagementIssuerAssertionVerify"":9.801999986171722,""pkiManagementRepositoryHttpVerify"":0.09880000352859497}",0,,
0,PKI,186,management,false,false,329389.2447184636,420661.0523184254,420888.513540619,227.46122219361132,10.510522208584007,216.9506999850273,0,0,2,0,"{""pkiManagementDispatchHttp"":25.66049998998642,""pkiManagementRelayHttp"":0,""pkiManagementHttpWindow"":15.56089997291565,""pkiOpenSslIssueKeygen"":60.467500030994415,""pkiOpenSslIssueCsr"":17.610399961471558,""pkiOpenSslIssueSignCert"":13.554400026798248,""pkiOpenSslIssueExtractPubkey"":10.278199970722198,""pkiManagementOpenSslVerifyLeaf"":10.649399995803833,""pkiManagementLeafAssertionSign"":13.718100011348724,""pkiManagementLeafAssertionVerify"":13.459500014781952,""pkiManagementOpenSslVerifyIssuerCA"":11.21560001373291,""pkiManagementIssuerAssertionSign"":13.963299989700317,""pkiManagementIssuerAssertionVerify"":9.732800006866455,""pkiManagementRepositoryHttpVerify"":0.11369997262954712}",0,,
0,PKI,187,management,false,false,330574.50020543794,421846.3078053997,422032.55030534725,186.2424999475479,0,186.2424999475479,0,0,2,0,"{""pkiManagementDispatchHttp"":11.237100005149841,""pkiManagementRelayHttp"":0,""pkiManagementHttpWindow"":2.353599965572357,""pkiOpenSslIssueKeygen"":68.85140001773834,""pkiOpenSslIssueCsr"":17.78490000963211,""pkiOpenSslIssueSignCert"":13.912500023841858,""pkiOpenSslIssueExtractPubkey"":9.076799988746643,""pkiManagementOpenSslVerifyLeaf"":9.30400002002716,""pkiManagementLeafAssertionSign"":12.305899977684021,""pkiManagementLeafAssertionVerify"":9.871100008487701,""pkiManagementOpenSslVerifyIssuerCA"":9.352600038051605,""pkiManagementIssuerAssertionSign"":11.866999983787537,""pkiManagementIssuerAssertionVerify"":9.340699970722198,""pkiManagementRepositoryHttpVerify"":0.11210000514984131}",0,,
0,PKI,188,management,false,false,332214.83410899516,423486.6417089569,423679.80420898076,193.16250002384186,0,193.16250002384186,0,0,2,0,"{""pkiManagementDispatchHttp"":24.63589996099472,""pkiManagementRelayHttp"":0,""pkiManagementHttpWindow"":2.494099974632263,""pkiOpenSslIssueKeygen"":56.98210000991821,""pkiOpenSslIssueCsr"":18.33210003376007,""pkiOpenSslIssueSignCert"":14.022899985313416,""pkiOpenSslIssueExtractPubkey"":9.3924999833107,""pkiManagementOpenSslVerifyLeaf"":11.357699990272522,""pkiManagementLeafAssertionSign"":12.891199946403503,""pkiManagementLeafAssertionVerify"":9.665700018405914,""pkiManagementOpenSslVerifyIssuerCA"":9.619699954986572,""pkiManagementIssuerAssertionSign"":12.915499985218048,""pkiManagementIssuerAssertionVerify"":9.860400021076202,""pkiManagementRepositoryHttpVerify"":0.11820000410079956}",0,,
0,PKI,189,management,false,false,332507.5129162952,423779.32051625696,423937.57081624714,158.25029999017715,0,158.25029999017715,0,0,2,0,"{""pkiManagementDispatchHttp"":1.439899981021881,""pkiManagementRelayHttp"":0,""pkiManagementHttpWindow"":16.869000017642975,""pkiOpenSslIssueKeygen"":33.114900052547455,""pkiOpenSslIssueCsr"":17.842700004577637,""pkiOpenSslIssueSignCert"":14.116900026798248,""pkiOpenSslIssueExtractPubkey"":9.477299988269806,""pkiManagementOpenSslVerifyLeaf"":9.391200006008148,""pkiManagementLeafAssertionSign"":12.271899998188019,""pkiManagementLeafAssertionVerify"":9.611899971961975,""pkiManagementOpenSslVerifyIssuerCA"":9.666700005531311,""pkiManagementIssuerAssertionSign"":13.403900027275085,""pkiManagementIssuerAssertionVerify"":10.079499959945679,""pkiManagementRepositoryHttpVerify"":0.11169999837875366}",0,,
0,PKI,190,management,false,false,333838.10621169576,425109.9138116575,425291.02591166267,181.11210000514984,0,181.11210000514984,0,0,2,0,"{""pkiManagementDispatchHttp"":12.494399964809418,""pkiManagementRelayHttp"":0,""pkiManagementHttpWindow"":15.32370001077652,""pkiOpenSslIssueKeygen"":47.8827999830246,""pkiOpenSslIssueCsr"":17.80750000476837,""pkiOpenSslIssueSignCert"":13.42299997806549,""pkiOpenSslIssueExtractPubkey"":9.12610000371933,""pkiManagementOpenSslVerifyLeaf"":9.161499977111816,""pkiManagementLeafAssertionSign"":12.312900006771088,""pkiManagementLeafAssertionVerify"":11.424700021743774,""pkiManagementOpenSslVerifyIssuerCA"":10.074400007724762,""pkiManagementIssuerAssertionSign"":12.278700053691864,""pkiManagementIssuerAssertionVerify"":8.834299981594086,""pkiManagementRepositoryHttpVerify"":0.11320000886917114}",0,,
0,PKI,191,management,false,false,335744.161362276,427015.96896223776,427206.5007622694,190.531800031662,0,190.531800031662,0,0,2,0,"{""pkiManagementDispatchHttp"":15.846599996089935,""pkiManagementRelayHttp"":0,""pkiManagementHttpWindow"":15.271899998188019,""pkiOpenSslIssueKeygen"":58.69879996776581,""pkiOpenSslIssueCsr"":16.925400018692017,""pkiOpenSslIssueSignCert"":13.248000025749207,""pkiOpenSslIssueExtractPubkey"":8.873500049114227,""pkiManagementOpenSslVerifyLeaf"":8.810499966144562,""pkiManagementLeafAssertionSign"":11.717599987983704,""pkiManagementLeafAssertionVerify"":9.745000004768372,""pkiManagementOpenSslVerifyIssuerCA"":9.098200023174286,""pkiManagementIssuerAssertionSign"":11.904000043869019,""pkiManagementIssuerAssertionVerify"":9.441100001335144,""pkiManagementRepositoryHttpVerify"":0.11110001802444458}",0,,
0,PKI,192,management,false,false,336797.36546974245,428069.1730697042,428251.83286969725,182.65979999303818,0,182.65979999303818,0,0,2,0,"{""pkiManagementDispatchHttp"":1.304800033569336,""pkiManagementRelayHttp"":0,""pkiManagementHttpWindow"":10.046500027179718,""pkiOpenSslIssueKeygen"":54.76819998025894,""pkiOpenSslIssueCsr"":17.506700038909912,""pkiOpenSslIssueSignCert"":13.478999972343445,""pkiOpenSslIssueExtractPubkey"":9.069100022315979,""pkiManagementOpenSslVerifyLeaf"":11.529799997806549,""pkiManagementLeafAssertionSign"":15.018700003623962,""pkiManagementLeafAssertionVerify"":11.191100001335144,""pkiManagementOpenSslVerifyIssuerCA"":12.911199986934662,""pkiManagementIssuerAssertionSign"":15.070599973201752,""pkiManagementIssuerAssertionVerify"":9.585600018501282,""pkiManagementRepositoryHttpVerify"":0.11419999599456787}",0,,
0,PKI,193,management,false,false,337662.498422222,428934.30602218374,429093.8212222026,159.51520001888275,0,159.51520001888275,0,0,2,0,"{""pkiManagementDispatchHttp"":13.739300012588501,""pkiManagementRelayHttp"":0,""pkiManagementHttpWindow"":0.7964000105857849,""pkiOpenSslIssueKeygen"":43.52099996805191,""pkiOpenSslIssueCsr"":17.32260000705719,""pkiOpenSslIssueSignCert"":12.653499960899353,""pkiOpenSslIssueExtractPubkey"":9.206699967384338,""pkiManagementOpenSslVerifyLeaf"":9.087399959564209,""pkiManagementLeafAssertionSign"":12.095800042152405,""pkiManagementLeafAssertionVerify"":9.470700025558472,""pkiManagementOpenSslVerifyIssuerCA"":9.226899981498718,""pkiManagementIssuerAssertionSign"":12.269800007343292,""pkiManagementIssuerAssertionVerify"":9.08619999885559,""pkiManagementRepositoryHttpVerify"":0.11080002784729004}",0,,
0,PKI,194,management,false,false,341093.1056597043,432364.91325966606,432545.49925969134,180.58600002527237,0,180.58600002527237,0,0,2,0,"{""pkiManagementDispatchHttp"":8.784099996089935,""pkiManagementRelayHttp"":0,""pkiManagementHttpWindow"":15.100300014019012,""pkiOpenSslIssueKeygen"":48.11710000038147,""pkiOpenSslIssueCsr"":17.522700011730194,""pkiOpenSslIssueSignCert"":13.848600029945374,""pkiOpenSslIssueExtractPubkey"":9.263800024986267,""pkiManagementOpenSslVerifyLeaf"":9.820800006389618,""pkiManagementLeafAssertionSign"":13.328999996185303,""pkiManagementLeafAssertionVerify"":9.940500020980835,""pkiManagementOpenSslVerifyIssuerCA"":9.830099999904633,""pkiManagementIssuerAssertionSign"":13.879800021648407,""pkiManagementIssuerAssertionVerify"":10.093999981880188,""pkiManagementRepositoryHttpVerify"":0.1152999997138977}",0,,
0,PKI,195,management,false,false,341874.0410722968,433145.84867225855,433306.30647222965,160.45779997110367,0,160.45779997110367,0,0,2,0,"{""pkiManagementDispatchHttp"":28.46170002222061,""pkiManagementRelayHttp"":0,""pkiManagementHttpWindow"":1.1197999715805054,""pkiOpenSslIssueKeygen"":29.98080003261566,""pkiOpenSslIssueCsr"":17.841400027275085,""pkiOpenSslIssueSignCert"":13.044999957084656,""pkiOpenSslIssueExtractPubkey"":8.958899974822998,""pkiManagementOpenSslVerifyLeaf"":8.955200016498566,""pkiManagementLeafAssertionSign"":11.775499999523163,""pkiManagementLeafAssertionVerify"":8.950199961662292,""pkiManagementOpenSslVerifyIssuerCA"":9.175600051879883,""pkiManagementIssuerAssertionSign"":11.921499967575073,""pkiManagementIssuerAssertionVerify"":9.358700037002563,""pkiManagementRepositoryHttpVerify"":0.122700035572052}",0,,
0,PKI,196,management,false,false,343200.85682341614,434472.6644233779,434630.4513233618,157.7868999838829,0,157.7868999838829,0,0,2,0,"{""pkiManagementDispatchHttp"":8.401400029659271,""pkiManagementRelayHttp"":0,""pkiManagementHttpWindow"":15.570699989795685,""pkiOpenSslIssueKeygen"":30.698699951171875,""pkiOpenSslIssueCsr"":18.297600030899048,""pkiOpenSslIssueSignCert"":14.477499961853027,""pkiOpenSslIssueExtractPubkey"":8.81199997663498,""pkiManagementOpenSslVerifyLeaf"":8.971099972724915,""pkiManagementLeafAssertionSign"":11.566399991512299,""pkiManagementLeafAssertionVerify"":9.64869999885559,""pkiManagementOpenSslVerifyIssuerCA"":9.154600024223328,""pkiManagementIssuerAssertionSign"":11.660600006580353,""pkiManagementIssuerAssertionVerify"":9.507499992847443,""pkiManagementRepositoryHttpVerify"":0.16519999504089355}",0,,
0,PKI,197,management,false,false,345226.1187661838,436497.92636614555,436651.8865661573,153.9602000117302,0,153.9602000117302,0,0,2,0,"{""pkiManagementDispatchHttp"":0.4675000309944153,""pkiManagementRelayHttp"":0,""pkiManagementHttpWindow"":21.123699963092804,""pkiOpenSslIssueKeygen"":31.587000012397766,""pkiOpenSslIssueCsr"":17.68239998817444,""pkiOpenSslIssueSignCert"":13.428900003433228,""pkiOpenSslIssueExtractPubkey"":8.814799964427948,""pkiManagementOpenSslVerifyLeaf"":9.213800013065338,""pkiManagementLeafAssertionSign"":11.887099981307983,""pkiManagementLeafAssertionVerify"":9.14359998703003,""pkiManagementOpenSslVerifyIssuerCA"":9.008500039577484,""pkiManagementIssuerAssertionSign"":11.539600014686584,""pkiManagementIssuerAssertionVerify"":9.14410001039505,""pkiManagementRepositoryHttpVerify"":0.11329996585845947}",0,,
0,PKI,198,management,false,false,351051.1875806321,442322.99518059386,442503.50098060264,180.5058000087738,0,180.5058000087738,0,0,2,0,"{""pkiManagementDispatchHttp"":21.32150000333786,""pkiManagementRelayHttp"":0,""pkiManagementHttpWindow"":15.18290001153946,""pkiOpenSslIssueKeygen"":43.16899996995926,""pkiOpenSslIssueCsr"":17.01029998064041,""pkiOpenSslIssueSignCert"":13.151500046253204,""pkiOpenSslIssueExtractPubkey"":9.072200000286102,""pkiManagementOpenSslVerifyLeaf"":8.698400020599365,""pkiManagementLeafAssertionSign"":11.628899991512299,""pkiManagementLeafAssertionVerify"":9.282600045204163,""pkiManagementOpenSslVerifyIssuerCA"":8.88840001821518,""pkiManagementIssuerAssertionSign"":12.337000012397766,""pkiManagementIssuerAssertionVerify"":9.725899994373322,""pkiManagementRepositoryHttpVerify"":0.11720001697540283}",0,,
0,PKI,199,management,false,false,351481.632291771,442753.43989173276,442922.4368917714,168.9970000386238,0,168.9970000386238,0,0,2,0,"{""pkiManagementDispatchHttp"":25.791600048542023,""pkiManagementRelayHttp"":0,""pkiManagementHttpWindow"":17.7606999874115,""pkiOpenSslIssueKeygen"":24.783700048923492,""pkiOpenSslIssueCsr"":17.38969999551773,""pkiOpenSslIssueSignCert"":13.08629995584488,""pkiOpenSslIssueExtractPubkey"":8.636599957942963,""pkiManagementOpenSslVerifyLeaf"":8.832899987697601,""pkiManagementLeafAssertionSign"":12.139799952507019,""pkiManagementLeafAssertionVerify"":9.192600011825562,""pkiManagementOpenSslVerifyIssuerCA"":8.976900041103363,""pkiManagementIssuerAssertionSign"":12.350000023841858,""pkiManagementIssuerAssertionVerify"":9.148299992084503,""pkiManagementRepositoryHttpVerify"":0.11320000886917114}",0,,
0,PKI,200,management,false,false,357305.2934473875,448577.1010473493,448728.3264473203,151.2253999710083,0,151.2253999710083,0,0,2,0,"{""pkiManagementDispatchHttp"":5.264999985694885,""pkiManagementRelayHttp"":0,""pkiManagementHttpWindow"":7.098100006580353,""pkiOpenSslIssueKeygen"":37.24630004167557,""pkiOpenSslIssueCsr"":17.193099975585938,""pkiOpenSslIssueSignCert"":13.214300036430359,""pkiOpenSslIssueExtractPubkey"":8.546199977397919,""pkiManagementOpenSslVerifyLeaf"":8.905099987983704,""pkiManagementLeafAssertionSign"":12.069700002670288,""pkiManagementLeafAssertionVerify"":9.26800000667572,""pkiManagementOpenSslVerifyIssuerCA"":9.453100025653839,""pkiManagementIssuerAssertionSign"":12.999300003051758,""pkiManagementIssuerAssertionVerify"":9.058100044727325,""pkiManagementRepositoryHttpVerify"":0.12040001153945923}",0,,
0,PKI,201,management,false,false,358641.3037802734,449913.1113802352,450048.39718021534,135.28579998016357,0,135.28579998016357,0,0,2,0,"{""pkiManagementDispatchHttp"":0.2310999631881714,""pkiManagementRelayHttp"":0,""pkiManagementHttpWindow"":0.07029998302459717,""pkiOpenSslIssueKeygen"":32.982800006866455,""pkiOpenSslIssueCsr"":17.29689997434616,""pkiOpenSslIssueSignCert"":12.997200012207031,""pkiOpenSslIssueExtractPubkey"":8.451499998569489,""pkiManagementOpenSslVerifyLeaf"":9.705599963665009,""pkiManagementLeafAssertionSign"":11.79969996213913,""pkiManagementLeafAssertionVerify"":8.953499972820282,""pkiManagementOpenSslVerifyIssuerCA"":8.952399969100952,""pkiManagementIssuerAssertionSign"":12.527999997138977,""pkiManagementIssuerAssertionVerify"":10.361799955368042,""pkiManagementRepositoryHttpVerify"":0.12369996309280396}",0,,
0,PKI,202,management,false,false,359171.06167141424,450442.869271376,450598.5033713959,155.6341000199318,0,155.6341000199318,0,0,2,0,"{""pkiManagementDispatchHttp"":1.3066999912261963,""pkiManagementRelayHttp"":0,""pkiManagementHttpWindow"":18.129200041294098,""pkiOpenSslIssueKeygen"":32.5,""pkiOpenSslIssueCsr"":17.193399965763092,""pkiOpenSslIssueSignCert"":13.435100018978119,""pkiOpenSslIssueExtractPubkey"":8.743799984455109,""pkiManagementOpenSslVerifyLeaf"":9.189899981021881,""pkiManagementLeafAssertionSign"":12.073099970817566,""pkiManagementLeafAssertionVerify"":8.987600028514862,""pkiManagementOpenSslVerifyIssuerCA"":9.304300010204315,""pkiManagementIssuerAssertionSign"":12.094500005245209,""pkiManagementIssuerAssertionVerify"":11.744000017642975,""pkiManagementRepositoryHttpVerify"":0.11419999599456787}",0,,
0,PKI,203,management,false,false,361946.3981247202,453218.20572468196,453364.23992469464,146.03420001268387,0,146.03420001268387,0,0,2,0,"{""pkiManagementDispatchHttp"":2.8759999871253967,""pkiManagementRelayHttp"":0,""pkiManagementHttpWindow"":5.491999983787537,""pkiOpenSslIssueKeygen"":30.24669998884201,""pkiOpenSslIssueCsr"":19.28420001268387,""pkiOpenSslIssueSignCert"":16.077100038528442,""pkiOpenSslIssueExtractPubkey"":9.41210001707077,""pkiManagementOpenSslVerifyLeaf"":9.45880001783371,""pkiManagementLeafAssertionSign"":12.533899962902069,""pkiManagementLeafAssertionVerify"":9.839699983596802,""pkiManagementOpenSslVerifyIssuerCA"":8.932500004768372,""pkiManagementIssuerAssertionSign"":11.7010999917984,""pkiManagementIssuerAssertionVerify"":9.250199973583221,""pkiManagementRepositoryHttpVerify"":0.12080001831054688}",0,,
0,PKI,204,management,false,false,363698.26502047,454970.0726204318,455140.33522043645,170.262600004673,0,170.262600004673,0,0,2,0,"{""pkiManagementDispatchHttp"":11.560800015926361,""pkiManagementRelayHttp"":0,""pkiManagementHttpWindow"":4.962799966335297,""pkiOpenSslIssueKeygen"":52.39370000362396,""pkiOpenSslIssueCsr"":17.474399983882904,""pkiOpenSslIssueSignCert"":13.403299987316132,""pkiOpenSslIssueExtractPubkey"":9.502900004386902,""pkiManagementOpenSslVerifyLeaf"":9.040799975395203,""pkiManagementLeafAssertionSign"":11.752299964427948,""pkiManagementLeafAssertionVerify"":9.70719999074936,""pkiManagementOpenSslVerifyIssuerCA"":9.097800016403198,""pkiManagementIssuerAssertionSign"":11.555200040340424,""pkiManagementIssuerAssertionVerify"":8.797900021076202,""pkiManagementRepositoryHttpVerify"":0.1129000186920166}",0,,
0,PKI,205,management,false,false,365760.18068657425,457031.988286536,457167.43078653124,135.44249999523163,0,135.44249999523163,0,0,2,0,"{""pkiManagementDispatchHttp"":3.8813000321388245,""pkiManagementRelayHttp"":0,""pkiManagementHttpWindow"":4.122399985790253,""pkiOpenSslIssueKeygen"":21.713899970054626,""pkiOpenSslIssueCsr"":17.762799978256226,""pkiOpenSslIssueSignCert"":13.807099997997284,""pkiOpenSslIssueExtractPubkey"":9.053099989891052,""pkiManagementOpenSslVerifyLeaf"":9.68529999256134,""pkiManagementLeafAssertionSign"":12.179700016975403,""pkiManagementLeafAssertionVerify"":9.592700004577637,""pkiManagementOpenSslVerifyIssuerCA"":10.261800050735474,""pkiManagementIssuerAssertionSign"":12.571399986743927,""pkiManagementIssuerAssertionVerify"":9.74839997291565,""pkiManagementRepositoryHttpVerify"":0.11629998683929443}",0,,
0,PKI,206,management,false,false,371495.08908242476,462766.8966823865,462932.0527823616,165.1560999751091,0,165.1560999751091,0,0,2,0,"{""pkiManagementDispatchHttp"":1.4729000329971313,""pkiManagementRelayHttp"":0,""pkiManagementHttpWindow"":14.46780002117157,""pkiOpenSslIssueKeygen"":49.60960000753403,""pkiOpenSslIssueCsr"":17.3996000289917,""pkiOpenSslIssueSignCert"":13.029299974441528,""pkiOpenSslIssueExtractPubkey"":9.009299993515015,""pkiManagementOpenSslVerifyLeaf"":9.197700023651123,""pkiManagementLeafAssertionSign"":11.853399991989136,""pkiManagementLeafAssertionVerify"":8.826200008392334,""pkiManagementOpenSslVerifyIssuerCA"":8.764999985694885,""pkiManagementIssuerAssertionSign"":11.57039999961853,""pkiManagementIssuerAssertionVerify"":9.012799978256226,""pkiManagementRepositoryHttpVerify"":0.10910004377365112}",0,,
0,PKI,207,management,false,false,374661.0412616249,465932.84886158665,466087.63026161154,154.7814000248909,0,154.7814000248909,0,0,2,0,"{""pkiManagementDispatchHttp"":19.61619997024536,""pkiManagementRelayHttp"":0,""pkiManagementHttpWindow"":14.723299980163574,""pkiOpenSslIssueKeygen"":21.508000016212463,""pkiOpenSslIssueCsr"":17.21289998292923,""pkiOpenSslIssueSignCert"":13.326499998569489,""pkiOpenSslIssueExtractPubkey"":8.627099990844727,""pkiManagementOpenSslVerifyLeaf"":9.036300003528595,""pkiManagementLeafAssertionSign"":11.40990000963211,""pkiManagementLeafAssertionVerify"":8.94870001077652,""pkiManagementOpenSslVerifyIssuerCA"":9.020699977874756,""pkiManagementIssuerAssertionSign"":11.390500009059906,""pkiManagementIssuerAssertionVerify"":9.0174999833107,""pkiManagementRepositoryHttpVerify"":0.13809996843338013}",0,,
0,PKI,208,management,false,false,375416.2970857402,466688.10468570195,466843.48788569175,155.38319998979568,0,155.38319998979568,0,0,2,0,"{""pkiManagementDispatchHttp"":0.05889999866485596,""pkiManagementRelayHttp"":0,""pkiManagementHttpWindow"":19.35310000181198,""pkiOpenSslIssueKeygen"":36.14480000734329,""pkiOpenSslIssueCsr"":17.22400003671646,""pkiOpenSslIssueSignCert"":12.982100009918213,""pkiOpenSslIssueExtractPubkey"":8.570699989795685,""pkiManagementOpenSslVerifyLeaf"":8.607599973678589,""pkiManagementLeafAssertionSign"":11.455900013446808,""pkiManagementLeafAssertionVerify"":9.028299987316132,""pkiManagementOpenSslVerifyIssuerCA"":9.417400002479553,""pkiManagementIssuerAssertionSign"":12.330699980258942,""pkiManagementIssuerAssertionVerify"":9.255299985408783,""pkiManagementRepositoryHttpVerify"":0.1363999843597412}",0,,
0,PKI,209,management,false,false,377622.2865049296,468894.09410489135,469060.7908049279,166.69670003652573,0,166.69670003652573,0,0,2,0,"{""pkiManagementDispatchHttp"":3.6632999777793884,""pkiManagementRelayHttp"":0,""pkiManagementHttpWindow"":15.246599972248077,""pkiOpenSslIssueKeygen"":45.132600009441376,""pkiOpenSslIssueCsr"":17.157800018787384,""pkiOpenSslIssueSignCert"":13.409899950027466,""pkiOpenSslIssueExtractPubkey"":9.100800037384033,""pkiManagementOpenSslVerifyLeaf"":9.478999972343445,""pkiManagementLeafAssertionSign"":12.117699980735779,""pkiManagementLeafAssertionVerify"":9.951499998569489,""pkiManagementOpenSslVerifyIssuerCA"":9.44650000333786,""pkiManagementIssuerAssertionSign"":11.969300031661987,""pkiManagementIssuerAssertionVerify"":8.989099979400635,""pkiManagementRepositoryHttpVerify"":0.12009996175765991}",0,,
0,PKI,210,management,false,false,378045.81951399526,469317.627113957,469468.3866139837,150.75950002670288,0,150.75950002670288,0,0,2,0,"{""pkiManagementDispatchHttp"":5.5242999792099,""pkiManagementRelayHttp"":0,""pkiManagementHttpWindow"":0.6365000009536743,""pkiOpenSslIssueKeygen"":44.51969999074936,""pkiOpenSslIssueCsr"":17.3711000084877,""pkiOpenSslIssueSignCert"":13.36949998140335,""pkiOpenSslIssueExtractPubkey"":8.985700011253357,""pkiManagementOpenSslVerifyLeaf"":9.141800045967102,""pkiManagementLeafAssertionSign"":11.421599984169006,""pkiManagementLeafAssertionVerify"":9.227500021457672,""pkiManagementOpenSslVerifyIssuerCA"":9.268899977207184,""pkiManagementIssuerAssertionSign"":11.343899965286255,""pkiManagementIssuerAssertionVerify"":9.019499957561493,""pkiManagementRepositoryHttpVerify"":0.10589998960494995}",0,,
0,PKI,211,management,false,false,381010.796606554,472282.60420651577,472440.30000652216,157.69580000638962,0,157.69580000638962,0,0,2,0,"{""pkiManagementDispatchHttp"":25.338899970054626,""pkiManagementRelayHttp"":0,""pkiManagementHttpWindow"":1.6004999876022339,""pkiOpenSslIssueKeygen"":30.03420001268387,""pkiOpenSslIssueCsr"":16.915800034999847,""pkiOpenSslIssueSignCert"":12.851099967956543,""pkiOpenSslIssueExtractPubkey"":8.879000008106232,""pkiManagementOpenSslVerifyLeaf"":9.494500041007996,""pkiManagementLeafAssertionSign"":12.022300004959106,""pkiManagementLeafAssertionVerify"":9.129299998283386,""pkiManagementOpenSslVerifyIssuerCA"":9.431599974632263,""pkiManagementIssuerAssertionSign"":12.151399970054626,""pkiManagementIssuerAssertionVerify"":8.8992999792099,""pkiManagementRepositoryHttpVerify"":0.10939997434616089}",0,,
0,PKI,212,management,false,false,383410.2089603281,474682.01656028983,474833.2804602718,151.26389998197556,0,151.26389998197556,0,0,2,0,"{""pkiManagementDispatchHttp"":2.4375999569892883,""pkiManagementRelayHttp"":0,""pkiManagementHttpWindow"":1.735700011253357,""pkiOpenSslIssueKeygen"":45.44190001487732,""pkiOpenSslIssueCsr"":17.186500012874603,""pkiOpenSslIssueSignCert"":13.809200048446655,""pkiOpenSslIssueExtractPubkey"":8.794600009918213,""pkiManagementOpenSslVerifyLeaf"":9.028800010681152,""pkiManagementLeafAssertionSign"":12.096000015735626,""pkiManagementLeafAssertionVerify"":9.468700051307678,""pkiManagementOpenSslVerifyIssuerCA"":9.078400015830994,""pkiManagementIssuerAssertionSign"":12.119100034236908,""pkiManagementIssuerAssertionVerify"":9.199500024318695,""pkiManagementRepositoryHttpVerify"":0.11460000276565552}",0,,
0,PKI,213,management,false,false,387185.8439312954,478457.65153125714,478622.14623127173,164.49470001459122,0,164.49470001459122,0,0,2,0,"{""pkiManagementDispatchHttp"":5.702400028705597,""pkiManagementRelayHttp"":0,""pkiManagementHttpWindow"":5.779400050640106,""pkiOpenSslIssueKeygen"":52.10649996995926,""pkiOpenSslIssueCsr"":17.660899996757507,""pkiOpenSslIssueSignCert"":13.10019999742508,""pkiOpenSslIssueExtractPubkey"":9.229399979114532,""pkiManagementOpenSslVerifyLeaf"":9.468800008296967,""pkiManagementLeafAssertionSign"":11.624700009822845,""pkiManagementLeafAssertionVerify"":8.832300007343292,""pkiManagementOpenSslVerifyIssuerCA"":8.918600022792816,""pkiManagementIssuerAssertionSign"":11.990199983119965,""pkiManagementIssuerAssertionVerify"":9.145600020885468,""pkiManagementRepositoryHttpVerify"":0.10839998722076416}",0,,
0,PKI,214,management,false,false,389824.15290434123,481095.960504303,481233.25590432645,137.2954000234604,0,137.2954000234604,0,0,2,0,"{""pkiManagementDispatchHttp"":6.782699942588806,""pkiManagementRelayHttp"":0,""pkiManagementHttpWindow"":1.3774999976158142,""pkiOpenSslIssueKeygen"":28.030399978160858,""pkiOpenSslIssueCsr"":17.257200002670288,""pkiOpenSslIssueSignCert"":12.796999990940094,""pkiOpenSslIssueExtractPubkey"":8.700800001621246,""pkiManagementOpenSslVerifyLeaf"":9.234399974346161,""pkiManagementLeafAssertionSign"":11.941500008106232,""pkiManagementLeafAssertionVerify"":9.412099957466125,""pkiManagementOpenSslVerifyIssuerCA"":9.155499994754791,""pkiManagementIssuerAssertionSign"":12.087999999523163,""pkiManagementIssuerAssertionVerify"":9.605599999427795,""pkiManagementRepositoryHttpVerify"":0.11570000648498535}",0,,
0,PKI,215,management,false,false,392163.31058838207,483435.1181883438,483601.3455883487,166.22740000486374,0,166.22740000486374,0,0,2,0,"{""pkiManagementDispatchHttp"":19.692399978637695,""pkiManagementRelayHttp"":0,""pkiManagementHttpWindow"":15.074099957942963,""pkiOpenSslIssueKeygen"":31.1836000084877,""pkiOpenSslIssueCsr"":17.227699995040894,""pkiOpenSslIssueSignCert"":13.17299997806549,""pkiOpenSslIssueExtractPubkey"":8.80730003118515,""pkiManagementOpenSslVerifyLeaf"":8.72519999742508,""pkiManagementLeafAssertionSign"":11.5557000041008,""pkiManagementLeafAssertionVerify"":10.250400006771088,""pkiManagementOpenSslVerifyIssuerCA"":8.816100001335144,""pkiManagementIssuerAssertionSign"":11.728100001811981,""pkiManagementIssuerAssertionVerify"":9.057200014591217,""pkiManagementRepositoryHttpVerify"":0.1119999885559082}",0,,
0,PKI,216,management,false,false,392195.34299652965,483467.1505964914,483795.9730883463,328.8224918548949,134.1949918572791,194.6274999976158,0,0,2,0,"{""pkiManagementDispatchHttp"":23.617200016975403,""pkiManagementRelayHttp"":0,""pkiManagementHttpWindow"":15.276100039482117,""pkiOpenSslIssueKeygen"":56.491600036621094,""pkiOpenSslIssueCsr"":17.052299976348877,""pkiOpenSslIssueSignCert"":13.218699991703033,""pkiOpenSslIssueExtractPubkey"":9.037500023841858,""pkiManagementOpenSslVerifyLeaf"":8.834799945354462,""pkiManagementLeafAssertionSign"":11.69810003042221,""pkiManagementLeafAssertionVerify"":8.865899980068207,""pkiManagementOpenSslVerifyIssuerCA"":8.581300020217896,""pkiManagementIssuerAssertionSign"":11.774899959564209,""pkiManagementIssuerAssertionVerify"":9.187700033187866,""pkiManagementRepositoryHttpVerify"":0.13380002975463867}",0,,
0,PKI,217,management,false,false,393395.1437713589,484666.95137132064,484823.81957132474,156.8682000041008,0,156.8682000041008,0,0,2,0,"{""pkiManagementDispatchHttp"":16.11509996652603,""pkiManagementRelayHttp"":0,""pkiManagementHttpWindow"":1.689899981021881,""pkiOpenSslIssueKeygen"":35.56749999523163,""pkiOpenSslIssueCsr"":17.49080002307892,""pkiOpenSslIssueSignCert"":13.519200026988983,""pkiOpenSslIssueExtractPubkey"":9.427500009536743,""pkiManagementOpenSslVerifyLeaf"":9.342999994754791,""pkiManagementLeafAssertionSign"":11.986100018024445,""pkiManagementLeafAssertionVerify"":9.574199974536896,""pkiManagementOpenSslVerifyIssuerCA"":9.027899980545044,""pkiManagementIssuerAssertionSign"":12.226400017738342,""pkiManagementIssuerAssertionVerify"":9.949000000953674,""pkiManagementRepositoryHttpVerify"":0.11239999532699585}",0,,
0,PKI,218,management,false,false,393632.8660518811,484904.67365184287,485071.2762518809,166.6026000380516,0,166.6026000380516,0,0,2,0,"{""pkiManagementDispatchHttp"":3.7990999817848206,""pkiManagementRelayHttp"":0,""pkiManagementHttpWindow"":4.273699998855591,""pkiOpenSslIssueKeygen"":57.30199998617172,""pkiOpenSslIssueCsr"":17.20829999446869,""pkiOpenSslIssueSignCert"":13.85530000925064,""pkiOpenSslIssueExtractPubkey"":8.89740002155304,""pkiManagementOpenSslVerifyLeaf"":9.149699985980988,""pkiManagementLeafAssertionSign"":11.61710000038147,""pkiManagementLeafAssertionVerify"":9.076900005340576,""pkiManagementOpenSslVerifyIssuerCA"":9.081900000572205,""pkiManagementIssuerAssertionSign"":12.19980001449585,""pkiManagementIssuerAssertionVerify"":9.215900003910065,""pkiManagementRepositoryHttpVerify"":0.11619997024536133}",0,,
0,PKI,219,management,false,false,395320.1002687311,486591.9078686929,486773.70606870414,181.79820001125336,0,181.79820001125336,0,0,2,0,"{""pkiManagementDispatchHttp"":2.6689000129699707,""pkiManagementRelayHttp"":0,""pkiManagementHttpWindow"":5.750400006771088,""pkiOpenSslIssueKeygen"":73.42799997329712,""pkiOpenSslIssueCsr"":17.769400000572205,""pkiOpenSslIssueSignCert"":13.24619996547699,""pkiOpenSslIssueExtractPubkey"":8.807099997997284,""pkiManagementOpenSslVerifyLeaf"":9.16729998588562,""pkiManagementLeafAssertionSign"":11.63589996099472,""pkiManagementLeafAssertionVerify"":8.928100049495697,""pkiManagementOpenSslVerifyIssuerCA"":8.925800025463104,""pkiManagementIssuerAssertionSign"":11.465499997138977,""pkiManagementIssuerAssertionVerify"":9.058000028133392,""pkiManagementRepositoryHttpVerify"":0.11169999837875366}",0,,
0,PKI,220,management,false,false,395541.64886870125,486813.456468663,486982.3447686646,168.88830000162125,0,168.88830000162125,0,0,2,0,"{""pkiManagementDispatchHttp"":3.1960999965667725,""pkiManagementRelayHttp"":0,""pkiManagementHttpWindow"":1.0533000230789185,""pkiOpenSslIssueKeygen"":64.29979997873306,""pkiOpenSslIssueCsr"":17.449799954891205,""pkiOpenSslIssueSignCert"":13.501299977302551,""pkiOpenSslIssueExtractPubkey"":8.528499960899353,""pkiManagementOpenSslVerifyLeaf"":9.270099997520447,""pkiManagementLeafAssertionSign"":12.088199973106384,""pkiManagementLeafAssertionVerify"":8.871500015258789,""pkiManagementOpenSslVerifyIssuerCA"":9.197200000286102,""pkiManagementIssuerAssertionSign"":11.625299990177155,""pkiManagementIssuerAssertionVerify"":8.871100008487701,""pkiManagementRepositoryHttpVerify"":0.10920000076293945}",0,,
0,PKI,221,management,false,false,396606.51398143143,487878.3215813932,488058.72278138966,180.4011999964714,0,180.4011999964714,0,0,2,0,"{""pkiManagementDispatchHttp"":18.83699995279312,""pkiManagementRelayHttp"":0,""pkiManagementHttpWindow"":2.5226000547409058,""pkiOpenSslIssueKeygen"":56.50019997358322,""pkiOpenSslIssueCsr"":17.544000029563904,""pkiOpenSslIssueSignCert"":12.727100014686584,""pkiOpenSslIssueExtractPubkey"":8.611000001430511,""pkiManagementOpenSslVerifyLeaf"":8.569999992847443,""pkiManagementLeafAssertionSign"":11.731099963188171,""pkiManagementLeafAssertionVerify"":9.295799970626831,""pkiManagementOpenSslVerifyIssuerCA"":8.804800033569336,""pkiManagementIssuerAssertionSign"":13.998000025749207,""pkiManagementIssuerAssertionVerify"":10.287200033664703,""pkiManagementRepositoryHttpVerify"":0.16540002822875977}",0,,
0,PKI,222,management,false,false,398282.55942958867,489554.3670295504,489724.52732956683,170.1603000164032,0,170.1603000164032,0,0,2,0,"{""pkiManagementDispatchHttp"":5.319800019264221,""pkiManagementRelayHttp"":0,""pkiManagementHttpWindow"":4.348399996757507,""pkiOpenSslIssueKeygen"":60.63769996166229,""pkiOpenSslIssueCsr"":17.45519995689392,""pkiOpenSslIssueSignCert"":13.44190001487732,""pkiOpenSslIssueExtractPubkey"":8.541899979114532,""pkiManagementOpenSslVerifyLeaf"":8.66839998960495,""pkiManagementLeafAssertionSign"":11.61410003900528,""pkiManagementLeafAssertionVerify"":9.08789998292923,""pkiManagementOpenSslVerifyIssuerCA"":9.015399992465973,""pkiManagementIssuerAssertionSign"":11.746300041675568,""pkiManagementIssuerAssertionVerify"":9.364600002765656,""pkiManagementRepositoryHttpVerify"":0.11320000886917114}",0,,
0,PKI,223,management,false,false,399857.51005170913,491129.3176516709,491265.930451673,136.61280000209808,0,136.61280000209808,0,0,2,0,"{""pkiManagementDispatchHttp"":2.317299962043762,""pkiManagementRelayHttp"":0,""pkiManagementHttpWindow"":1.4498000144958496,""pkiOpenSslIssueKeygen"":31.582699954509735,""pkiOpenSslIssueCsr"":17.0939000248909,""pkiOpenSslIssueSignCert"":13.591300010681152,""pkiOpenSslIssueExtractPubkey"":8.920199990272522,""pkiManagementOpenSslVerifyLeaf"":9.260699987411499,""pkiManagementLeafAssertionSign"":12.054499983787537,""pkiManagementLeafAssertionVerify"":9.042200028896332,""pkiManagementOpenSslVerifyIssuerCA"":9.24040001630783,""pkiManagementIssuerAssertionSign"":11.959799945354462,""pkiManagementIssuerAssertionVerify"":9.024900019168854,""pkiManagementRepositoryHttpVerify"":0.13870000839233398}",0,,
0,PKI,224,management,false,false,400513.6400055534,491785.44760551513,491944.99370547594,159.54609996080399,0,159.54609996080399,0,0,2,0,"{""pkiManagementDispatchHttp"":4.647599995136261,""pkiManagementRelayHttp"":0,""pkiManagementHttpWindow"":5.659200012683868,""pkiOpenSslIssueKeygen"":49.615199983119965,""pkiOpenSslIssueCsr"":17.267899990081787,""pkiOpenSslIssueSignCert"":13.267000019550323,""pkiOpenSslIssueExtractPubkey"":8.481899976730347,""pkiManagementOpenSslVerifyLeaf"":8.832300007343292,""pkiManagementLeafAssertionSign"":11.696699976921082,""pkiManagementLeafAssertionVerify"":9.334399998188019,""pkiManagementOpenSslVerifyIssuerCA"":9.394400000572205,""pkiManagementIssuerAssertionSign"":11.562599956989288,""pkiManagementIssuerAssertionVerify"":8.80680000782013,""pkiManagementRepositoryHttpVerify"":0.11330002546310425}",0,,
0,PKI,225,management,false,false,401926.0949009083,493197.90250087006,493345.84260082466,147.9400999546051,0,147.9400999546051,0,0,2,0,"{""pkiManagementDispatchHttp"":3.6527000069618225,""pkiManagementRelayHttp"":0,""pkiManagementHttpWindow"":1.32150000333786,""pkiOpenSslIssueKeygen"":29.771799981594086,""pkiOpenSslIssueCsr"":20.205600023269653,""pkiOpenSslIssueSignCert"":16.402400016784668,""pkiOpenSslIssueExtractPubkey"":11.21119999885559,""pkiManagementOpenSslVerifyLeaf"":9.827899992465973,""pkiManagementLeafAssertionSign"":12.51969999074936,""pkiManagementLeafAssertionVerify"":9.688400030136108,""pkiManagementOpenSslVerifyIssuerCA"":9.23199999332428,""pkiManagementIssuerAssertionSign"":13.075100004673004,""pkiManagementIssuerAssertionVerify"":9.925999999046326,""pkiManagementRepositoryHttpVerify"":0.14280003309249878}",0,,
0,PKI,226,management,false,false,404026.8957167057,495298.70331666747,495473.03241662064,174.3290999531746,0,174.3290999531746,0,0,2,0,"{""pkiManagementDispatchHttp"":2.59280002117157,""pkiManagementRelayHttp"":0,""pkiManagementHttpWindow"":1.0408999919891357,""pkiOpenSslIssueKeygen"":69.3860000371933,""pkiOpenSslIssueCsr"":17.19650000333786,""pkiOpenSslIssueSignCert"":12.96940004825592,""pkiOpenSslIssueExtractPubkey"":8.901000022888184,""pkiManagementOpenSslVerifyLeaf"":9.519499957561493,""pkiManagementLeafAssertionSign"":11.792099952697754,""pkiManagementLeafAssertionVerify"":9.193099975585938,""pkiManagementOpenSslVerifyIssuerCA"":9.481499969959259,""pkiManagementIssuerAssertionSign"":12.00900000333786,""pkiManagementIssuerAssertionVerify"":9.23039996623993,""pkiManagementRepositoryHttpVerify"":0.13999998569488525}",0,,
0,PKI,227,management,false,false,406027.1373832766,497298.94498323835,497439.55668323673,140.61169999837875,0,140.61169999837875,0,0,2,0,"{""pkiManagementDispatchHttp"":7.797500014305115,""pkiManagementRelayHttp"":0,""pkiManagementHttpWindow"":0.588699996471405,""pkiOpenSslIssueKeygen"":23.917300045490265,""pkiOpenSslIssueCsr"":18.045400023460388,""pkiOpenSslIssueSignCert"":14.074900031089783,""pkiOpenSslIssueExtractPubkey"":10.838299989700317,""pkiManagementOpenSslVerifyLeaf"":10.131400048732758,""pkiManagementLeafAssertionSign"":12.704600036144257,""pkiManagementLeafAssertionVerify"":9.797700047492981,""pkiManagementOpenSslVerifyIssuerCA"":9.622099995613098,""pkiManagementIssuerAssertionSign"":12.52949994802475,""pkiManagementIssuerAssertionVerify"":9.625899970531464,""pkiManagementRepositoryHttpVerify"":0.11500000953674316}",0,,
0,PKI,228,management,false,false,407373.49971993756,498645.3073198993,498806.6714198787,161.36409997940063,0,161.36409997940063,0,0,2,0,"{""pkiManagementDispatchHttp"":19.992500007152557,""pkiManagementRelayHttp"":0,""pkiManagementHttpWindow"":15.07480001449585,""pkiOpenSslIssueKeygen"":24.878199994564056,""pkiOpenSslIssueCsr"":17.401299953460693,""pkiOpenSslIssueSignCert"":13.586800038814545,""pkiOpenSslIssueExtractPubkey"":8.892199993133545,""pkiManagementOpenSslVerifyLeaf"":8.95329999923706,""pkiManagementLeafAssertionSign"":11.952600002288818,""pkiManagementLeafAssertionVerify"":9.674300014972687,""pkiManagementOpenSslVerifyIssuerCA"":9.482699990272522,""pkiManagementIssuerAssertionSign"":11.784999966621399,""pkiManagementIssuerAssertionVerify"":8.779900014400482,""pkiManagementRepositoryHttpVerify"":0.11599999666213989}",0,,
0,PKI,229,management,false,false,409685.32451192074,500957.1321118825,501166.1251118534,208.99299997091293,0,208.99299997091293,0,0,2,0,"{""pkiManagementDispatchHttp"":0.133899986743927,""pkiManagementRelayHttp"":0,""pkiManagementHttpWindow"":15.610400021076202,""pkiOpenSslIssueKeygen"":37.58960002660751,""pkiOpenSslIssueCsr"":17.776799976825714,""pkiOpenSslIssueSignCert"":68.95469999313354,""pkiOpenSslIssueExtractPubkey"":8.680999994277954,""pkiManagementOpenSslVerifyLeaf"":9.078599989414215,""pkiManagementLeafAssertionSign"":11.77400004863739,""pkiManagementLeafAssertionVerify"":8.871299982070923,""pkiManagementOpenSslVerifyIssuerCA"":8.947499990463257,""pkiManagementIssuerAssertionSign"":11.446099996566772,""pkiManagementIssuerAssertionVerify"":9.164399981498718,""pkiManagementRepositoryHttpVerify"":0.1264999508857727}",0,,
0,PKI,230,management,false,false,410186.66115951695,501458.4687594787,501644.2769594804,185.8082000017166,0,185.8082000017166,0,0,2,0,"{""pkiManagementDispatchHttp"":19.9093000292778,""pkiManagementRelayHttp"":0,""pkiManagementHttpWindow"":15.741200029850006,""pkiOpenSslIssueKeygen"":48.470300018787384,""pkiOpenSslIssueCsr"":17.593100011348724,""pkiOpenSslIssueSignCert"":13.44190001487732,""pkiOpenSslIssueExtractPubkey"":9.050000011920929,""pkiManagementOpenSslVerifyLeaf"":9.44870001077652,""pkiManagementLeafAssertionSign"":12.494399964809418,""pkiManagementLeafAssertionVerify"":8.82260000705719,""pkiManagementOpenSslVerifyIssuerCA"":9.110200047492981,""pkiManagementIssuerAssertionSign"":11.6042999625206,""pkiManagementIssuerAssertionVerify"":9.205699980258942,""pkiManagementRepositoryHttpVerify"":0.10589998960494995}",0,,
0,PKI,231,management,false,false,411790.99135934655,503062.7989593083,503209.4755592877,146.67659997940063,0,146.67659997940063,0,0,2,0,"{""pkiManagementDispatchHttp"":2.0151000022888184,""pkiManagementRelayHttp"":0,""pkiManagementHttpWindow"":4.493900001049042,""pkiOpenSslIssueKeygen"":27.499399960041046,""pkiOpenSslIssueCsr"":17.442300021648407,""pkiOpenSslIssueSignCert"":13.347699999809265,""pkiOpenSslIssueExtractPubkey"":9.123800039291382,""pkiManagementOpenSslVerifyLeaf"":9.20660001039505,""pkiManagementLeafAssertionSign"":13.389599978923798,""pkiManagementLeafAssertionVerify"":11.110399961471558,""pkiManagementOpenSslVerifyIssuerCA"":11.676699995994568,""pkiManagementIssuerAssertionSign"":14.518299996852875,""pkiManagementIssuerAssertionVerify"":11.89740002155304,""pkiManagementRepositoryHttpVerify"":0.11349999904632568}",0,,
0,PKI,232,management,false,false,412706.48774792365,503978.2953478854,504121.7163478296,143.42099994421005,0,143.42099994421005,0,0,2,0,"{""pkiManagementDispatchHttp"":0.5861999988555908,""pkiManagementRelayHttp"":0,""pkiManagementHttpWindow"":4.345299959182739,""pkiOpenSslIssueKeygen"":34.99489998817444,""pkiOpenSslIssueCsr"":17.352699995040894,""pkiOpenSslIssueSignCert"":13.31360000371933,""pkiOpenSslIssueExtractPubkey"":10.805199980735779,""pkiManagementOpenSslVerifyLeaf"":9.853599965572357,""pkiManagementLeafAssertionSign"":12.207300007343292,""pkiManagementLeafAssertionVerify"":9.049999952316284,""pkiManagementOpenSslVerifyIssuerCA"":9.087499976158142,""pkiManagementIssuerAssertionSign"":11.763000011444092,""pkiManagementIssuerAssertionVerify"":9.14630001783371,""pkiManagementRepositoryHttpVerify"":0.1151999831199646}",0,,
0,PKI,233,management,false,false,414858.11562296184,506129.9232229236,506285.35862293275,155.43540000915527,0,155.43540000915527,0,0,2,0,"{""pkiManagementDispatchHttp"":3.017800033092499,""pkiManagementRelayHttp"":0,""pkiManagementHttpWindow"":0.07620000839233398,""pkiOpenSslIssueKeygen"":48.141600012779236,""pkiOpenSslIssueCsr"":17.555999994277954,""pkiOpenSslIssueSignCert"":12.798799991607666,""pkiOpenSslIssueExtractPubkey"":9.293999969959259,""pkiManagementOpenSslVerifyLeaf"":9.698000013828278,""pkiManagementLeafAssertionSign"":12.34720003604889,""pkiManagementLeafAssertionVerify"":9.931100010871887,""pkiManagementOpenSslVerifyIssuerCA"":9.74540001153946,""pkiManagementIssuerAssertionSign"":12.363900005817413,""pkiManagementIssuerAssertionVerify"":9.544900000095367,""pkiManagementRepositoryHttpVerify"":0.11720001697540283}",0,,
0,PKI,234,management,false,false,417770.8644991498,509042.67209911154,509214.73289912747,172.06080001592636,0,172.06080001592636,0,0,2,0,"{""pkiManagementDispatchHttp"":21.32779997587204,""pkiManagementRelayHttp"":0,""pkiManagementHttpWindow"":0.8490999937057495,""pkiOpenSslIssueKeygen"":51.18589997291565,""pkiOpenSslIssueCsr"":17.38100004196167,""pkiOpenSslIssueSignCert"":13.120999991893768,""pkiOpenSslIssueExtractPubkey"":8.554499983787537,""pkiManagementOpenSslVerifyLeaf"":9.289399981498718,""pkiManagementLeafAssertionSign"":11.509600043296814,""pkiManagementLeafAssertionVerify"":8.702699959278107,""pkiManagementOpenSslVerifyIssuerCA"":8.795800030231476,""pkiManagementIssuerAssertionSign"":11.476099967956543,""pkiManagementIssuerAssertionVerify"":8.822399973869324,""pkiManagementRepositoryHttpVerify"":0.10750001668930054}",0,,
0,PKI,235,management,false,false,418640.0909864784,509911.89858644013,510059.6812864423,147.78270000219345,0,147.78270000219345,0,0,2,0,"{""pkiManagementDispatchHttp"":6.226499974727631,""pkiManagementRelayHttp"":0,""pkiManagementHttpWindow"":14.360799968242645,""pkiOpenSslIssueKeygen"":22.76910001039505,""pkiOpenSslIssueCsr"":17.58899998664856,""pkiOpenSslIssueSignCert"":13.689599990844727,""pkiOpenSslIssueExtractPubkey"":9.055899977684021,""pkiManagementOpenSslVerifyLeaf"":9.36269998550415,""pkiManagementLeafAssertionSign"":11.994899988174438,""pkiManagementLeafAssertionVerify"":9.151700019836426,""pkiManagementOpenSslVerifyIssuerCA"":8.983799993991852,""pkiManagementIssuerAssertionSign"":11.681400001049042,""pkiManagementIssuerAssertionVerify"":11.971599996089935,""pkiManagementRepositoryHttpVerify"":0.11049997806549072}",0,,
0,PKI,236,management,false,false,420009.8553211697,511281.6629211315,511459.6696211704,178.0067000389099,0,178.0067000389099,0,0,2,0,"{""pkiManagementDispatchHttp"":15.099799990653992,""pkiManagementRelayHttp"":0,""pkiManagementHttpWindow"":13.274700045585632,""pkiOpenSslIssueKeygen"":49.43199998140335,""pkiOpenSslIssueCsr"":17.154900014400482,""pkiOpenSslIssueSignCert"":12.839699983596802,""pkiOpenSslIssueExtractPubkey"":8.783100008964539,""pkiManagementOpenSslVerifyLeaf"":8.828399956226349,""pkiManagementLeafAssertionSign"":11.76800000667572,""pkiManagementLeafAssertionVerify"":9.009200036525726,""pkiManagementOpenSslVerifyIssuerCA"":9.691199958324432,""pkiManagementIssuerAssertionSign"":11.780399978160858,""pkiManagementIssuerAssertionVerify"":9.349799990653992,""pkiManagementRepositoryHttpVerify"":0.12629997730255127}",0,,
0,PKI,237,management,false,false,420734.5051404271,512006.31274038885,512169.00434041355,162.69160002470016,0,162.69160002470016,0,0,2,0,"{""pkiManagementDispatchHttp"":5.409900009632111,""pkiManagementRelayHttp"":0,""pkiManagementHttpWindow"":13.241299986839294,""pkiOpenSslIssueKeygen"":43.975400030612946,""pkiOpenSslIssueCsr"":17.195500016212463,""pkiOpenSslIssueSignCert"":13.120899975299835,""pkiOpenSslIssueExtractPubkey"":9.091000020503998,""pkiManagementOpenSslVerifyLeaf"":9.00519996881485,""pkiManagementLeafAssertionSign"":12.28710001707077,""pkiManagementLeafAssertionVerify"":9.108999967575073,""pkiManagementOpenSslVerifyIssuerCA"":8.791400015354156,""pkiManagementIssuerAssertionSign"":11.376199960708618,""pkiManagementIssuerAssertionVerify"":9.175400018692017,""pkiManagementRepositoryHttpVerify"":0.1096000075340271}",0,,
0,PKI,238,management,false,false,422632.02202089975,513903.8296208615,514065.5307208533,161.7010999917984,0,161.7010999917984,0,0,2,0,"{""pkiManagementDispatchHttp"":12.067900002002716,""pkiManagementRelayHttp"":0,""pkiManagementHttpWindow"":5.864099979400635,""pkiOpenSslIssueKeygen"":42.09029996395111,""pkiOpenSslIssueCsr"":18.180999994277954,""pkiOpenSslIssueSignCert"":13.42960000038147,""pkiOpenSslIssueExtractPubkey"":8.897700011730194,""pkiManagementOpenSslVerifyLeaf"":8.906300008296967,""pkiManagementLeafAssertionSign"":11.712700009346008,""pkiManagementLeafAssertionVerify"":9.329699993133545,""pkiManagementOpenSslVerifyIssuerCA"":9.127099990844727,""pkiManagementIssuerAssertionSign"":11.66269999742508,""pkiManagementIssuerAssertionVerify"":9.511500000953674,""pkiManagementRepositoryHttpVerify"":0.10910004377365112}",0,,
0,PKI,239,management,false,false,423056.0214928587,514327.82909282047,514475.8533927997,148.0242999792099,0,148.0242999792099,0,0,2,0,"{""pkiManagementDispatchHttp"":20.49940001964569,""pkiManagementRelayHttp"":0,""pkiManagementHttpWindow"":0.37630003690719604,""pkiOpenSslIssueKeygen"":26.532400012016296,""pkiOpenSslIssueCsr"":17.51249998807907,""pkiOpenSslIssueSignCert"":13.817900002002716,""pkiOpenSslIssueExtractPubkey"":8.64869999885559,""pkiManagementOpenSslVerifyLeaf"":9.281200051307678,""pkiManagementLeafAssertionSign"":11.545500040054321,""pkiManagementLeafAssertionVerify"":9.586400032043457,""pkiManagementOpenSslVerifyIssuerCA"":8.919400036334991,""pkiManagementIssuerAssertionSign"":11.298000037670135,""pkiManagementIssuerAssertionVerify"":8.845600008964539,""pkiManagementRepositoryHttpVerify"":0.10969996452331543}",0,,
0,PKI,240,management,false,false,423623.0066494878,514894.8142494496,515072.94494944176,178.13069999217987,0,178.13069999217987,0,0,2,0,"{""pkiManagementDispatchHttp"":10.608500003814697,""pkiManagementRelayHttp"":0,""pkiManagementHttpWindow"":15.301699995994568,""pkiOpenSslIssueKeygen"":52.227699995040894,""pkiOpenSslIssueCsr"":16.967199981212616,""pkiOpenSslIssueSignCert"":13.360599994659424,""pkiOpenSslIssueExtractPubkey"":9.16159999370575,""pkiManagementOpenSslVerifyLeaf"":9.050999999046326,""pkiManagementLeafAssertionSign"":11.436299979686737,""pkiManagementLeafAssertionVerify"":9.165600001811981,""pkiManagementOpenSslVerifyIssuerCA"":8.885299980640411,""pkiManagementIssuerAssertionSign"":11.816700041294098,""pkiManagementIssuerAssertionVerify"":9.171400010585785,""pkiManagementRepositoryHttpVerify"":0.11869996786117554}",0,,
0,PKI,241,management,false,false,424922.0687879943,516193.8763879561,516336.0422880077,142.16590005159378,0,142.16590005159378,0,0,2,0,"{""pkiManagementDispatchHttp"":6.883899986743927,""pkiManagementRelayHttp"":0,""pkiManagementHttpWindow"":3.391600012779236,""pkiOpenSslIssueKeygen"":28.98300004005432,""pkiOpenSslIssueCsr"":17.341200053691864,""pkiOpenSslIssueSignCert"":13.45629996061325,""pkiOpenSslIssueExtractPubkey"":9.086699962615967,""pkiManagementOpenSslVerifyLeaf"":9.111999988555908,""pkiManagementLeafAssertionSign"":11.855199992656708,""pkiManagementLeafAssertionVerify"":9.307399988174438,""pkiManagementOpenSslVerifyIssuerCA"":9.504100024700165,""pkiManagementIssuerAssertionSign"":12.79280000925064,""pkiManagementIssuerAssertionVerify"":9.487200021743774,""pkiManagementRepositoryHttpVerify"":0.11479997634887695}",0,,
0,PKI,242,management,false,false,426732.4118302238,518004.21943018556,518178.87993017555,174.66049998998642,0,174.66049998998642,0,0,2,0,"{""pkiManagementDispatchHttp"":1.9025999903678894,""pkiManagementRelayHttp"":0,""pkiManagementHttpWindow"":14.348800003528595,""pkiOpenSslIssueKeygen"":54.191100001335144,""pkiOpenSslIssueCsr"":19.885399997234344,""pkiOpenSslIssueSignCert"":13.648299992084503,""pkiOpenSslIssueExtractPubkey"":9.4689000248909,""pkiManagementOpenSslVerifyLeaf"":9.446700036525726,""pkiManagementLeafAssertionSign"":12.022700011730194,""pkiManagementLeafAssertionVerify"":8.985599994659424,""pkiManagementOpenSslVerifyIssuerCA"":8.805000007152557,""pkiManagementIssuerAssertionSign"":11.727400004863739,""pkiManagementIssuerAssertionVerify"":9.26960003376007,""pkiManagementRepositoryHttpVerify"":0.13179999589920044}",0,,
0,PKI,243,management,false,false,427259.03811074916,518530.8457107109,518684.99441070977,154.1486999988556,0,154.1486999988556,0,0,2,0,"{""pkiManagementDispatchHttp"":1.7444999814033508,""pkiManagementRelayHttp"":0,""pkiManagementHttpWindow"":2.0008000135421753,""pkiOpenSslIssueKeygen"":49.2335000038147,""pkiOpenSslIssueCsr"":17.425599992275238,""pkiOpenSslIssueSignCert"":13.291000008583069,""pkiOpenSslIssueExtractPubkey"":8.716899991035461,""pkiManagementOpenSslVerifyLeaf"":9.017899990081787,""pkiManagementLeafAssertionSign"":11.9825000166893,""pkiManagementLeafAssertionVerify"":9.423799991607666,""pkiManagementOpenSslVerifyIssuerCA"":8.983200013637543,""pkiManagementIssuerAssertionSign"":11.97979998588562,""pkiManagementIssuerAssertionVerify"":9.409799993038177,""pkiManagementRepositoryHttpVerify"":0.11260002851486206}",0,,
0,PKI,244,management,false,false,433940.4219282286,525212.2295281903,525375.315428199,163.08590000867844,0,163.08590000867844,0,0,2,0,"{""pkiManagementDispatchHttp"":27.53420001268387,""pkiManagementRelayHttp"":0,""pkiManagementHttpWindow"":1.1623000502586365,""pkiOpenSslIssueKeygen"":28.73089998960495,""pkiOpenSslIssueCsr"":18.270300030708313,""pkiOpenSslIssueSignCert"":13.716099977493286,""pkiOpenSslIssueExtractPubkey"":9.460300028324127,""pkiManagementOpenSslVerifyLeaf"":9.560800015926361,""pkiManagementLeafAssertionSign"":12.373700022697449,""pkiManagementLeafAssertionVerify"":9.972799956798553,""pkiManagementOpenSslVerifyIssuerCA"":9.546800017356873,""pkiManagementIssuerAssertionSign"":12.551699995994568,""pkiManagementIssuerAssertionVerify"":9.20090001821518,""pkiManagementRepositoryHttpVerify"":0.11019998788833618}",0,,
0,PKI,245,management,false,false,434947.7916421706,526219.5992421324,526372.6782421286,153.0789999961853,0,153.0789999961853,0,0,2,0,"{""pkiManagementDispatchHttp"":21.388199985027313,""pkiManagementRelayHttp"":0,""pkiManagementHttpWindow"":1.9384000301361084,""pkiOpenSslIssueKeygen"":30.00510001182556,""pkiOpenSslIssueCsr"":16.828500032424927,""pkiOpenSslIssueSignCert"":13.503199994564056,""pkiOpenSslIssueExtractPubkey"":8.866900026798248,""pkiManagementOpenSslVerifyLeaf"":8.938899993896484,""pkiManagementLeafAssertionSign"":11.398000001907349,""pkiManagementLeafAssertionVerify"":9.253899991512299,""pkiManagementOpenSslVerifyIssuerCA"":9.193400025367737,""pkiManagementIssuerAssertionSign"":11.733900010585785,""pkiManagementIssuerAssertionVerify"":9.065699994564056,""pkiManagementRepositoryHttpVerify"":0.11330002546310425}",0,,
0,PKI,246,management,false,false,439102.566302223,530374.3739021848,530521.770802183,147.39689999818802,0,147.39689999818802,0,0,2,0,"{""pkiManagementDispatchHttp"":0.7053999900817871,""pkiManagementRelayHttp"":0,""pkiManagementHttpWindow"":19.576799988746643,""pkiOpenSslIssueKeygen"":27.553599953651428,""pkiOpenSslIssueCsr"":16.88789999485016,""pkiOpenSslIssueSignCert"":12.835299968719482,""pkiOpenSslIssueExtractPubkey"":8.569000005722046,""pkiManagementOpenSslVerifyLeaf"":8.88450002670288,""pkiManagementLeafAssertionSign"":11.763499975204468,""pkiManagementLeafAssertionVerify"":9.380800008773804,""pkiManagementOpenSslVerifyIssuerCA"":8.70329999923706,""pkiManagementIssuerAssertionSign"":12.18800002336502,""pkiManagementIssuerAssertionVerify"":9.355699956417084,""pkiManagementRepositoryHttpVerify"":0.13370001316070557}",0,,
0,PKI,247,management,false,false,439798.2051602676,531070.0127602294,531273.9721602276,203.95939999818802,0,203.95939999818802,0,0,2,0,"{""pkiManagementDispatchHttp"":12.980099976062775,""pkiManagementRelayHttp"":0,""pkiManagementHttpWindow"":15.154500007629395,""pkiOpenSslIssueKeygen"":74.08160001039505,""pkiOpenSslIssueCsr"":17.450500011444092,""pkiOpenSslIssueSignCert"":13.067100048065186,""pkiOpenSslIssueExtractPubkey"":9.234600007534027,""pkiManagementOpenSslVerifyLeaf"":9.381700038909912,""pkiManagementLeafAssertionSign"":12.411300003528595,""pkiManagementLeafAssertionVerify"":9.32119995355606,""pkiManagementOpenSslVerifyIssuerCA"":8.988900005817413,""pkiManagementIssuerAssertionSign"":11.593699991703033,""pkiManagementIssuerAssertionVerify"":9.287900030612946,""pkiManagementRepositoryHttpVerify"":0.11390000581741333}",0,,
0,PKI,248,management,false,false,443341.38978246186,534613.1973824236,534809.7838824126,196.58649998903275,0,196.58649998903275,0,0,2,0,"{""pkiManagementDispatchHttp"":8.094799995422363,""pkiManagementRelayHttp"":0,""pkiManagementHttpWindow"":5.498700022697449,""pkiOpenSslIssueKeygen"":65.98529994487762,""pkiOpenSslIssueCsr"":20.89689999818802,""pkiOpenSslIssueSignCert"":16.435000002384186,""pkiOpenSslIssueExtractPubkey"":12.578099966049194,""pkiManagementOpenSslVerifyLeaf"":12.44539999961853,""pkiManagementLeafAssertionSign"":13.55189996957779,""pkiManagementLeafAssertionVerify"":9.459999978542328,""pkiManagementOpenSslVerifyIssuerCA"":9.228799998760223,""pkiManagementIssuerAssertionSign"":12.085100054740906,""pkiManagementIssuerAssertionVerify"":9.381999969482422,""pkiManagementRepositoryHttpVerify"":0.10820001363754272}",0,,
0,PKI,249,management,false,false,443395.1802181624,534666.9878181242,534981.4043823811,314.4165642570006,142.79606428847183,171.62049996852875,0,0,2,0,"{""pkiManagementDispatchHttp"":3.8384000062942505,""pkiManagementRelayHttp"":0,""pkiManagementHttpWindow"":10.884099960327148,""pkiOpenSslIssueKeygen"":56.06970000267029,""pkiOpenSslIssueCsr"":17.255400002002716,""pkiOpenSslIssueSignCert"":13.723899960517883,""pkiOpenSslIssueExtractPubkey"":8.931400001049042,""pkiManagementOpenSslVerifyLeaf"":9.116199970245361,""pkiManagementLeafAssertionSign"":11.713800013065338,""pkiManagementLeafAssertionVerify"":8.91100001335144,""pkiManagementOpenSslVerifyIssuerCA"":8.720499992370605,""pkiManagementIssuerAssertionSign"":12.040600001811981,""pkiManagementIssuerAssertionVerify"":9.461999952793121,""pkiManagementRepositoryHttpVerify"":0.11149996519088745}",0,,
0,PKI,250,management,false,false,443484.33555300836,534756.1431529701,535132.3172824117,376.17412944167154,225.2612294110586,150.91290003061295,0,0,2,0,"{""pkiManagementDispatchHttp"":14.16839998960495,""pkiManagementRelayHttp"":0,""pkiManagementHttpWindow"":0.3090999722480774,""pkiOpenSslIssueKeygen"":23.21919995546341,""pkiOpenSslIssueCsr"":18.08179998397827,""pkiOpenSslIssueSignCert"":15.372600018978119,""pkiOpenSslIssueExtractPubkey"":10.199599981307983,""pkiManagementOpenSslVerifyLeaf"":10.127900004386902,""pkiManagementLeafAssertionSign"":13.764300048351288,""pkiManagementLeafAssertionVerify"":10.742200016975403,""pkiManagementOpenSslVerifyIssuerCA"":10.781199991703033,""pkiManagementIssuerAssertionSign"":12.892099976539612,""pkiManagementIssuerAssertionVerify"":9.95279997587204,""pkiManagementRepositoryHttpVerify"":0.11989998817443848}",0,,
0,PKI,251,management,false,false,443843.06702595646,535114.8746259182,535294.1199823949,179.2453564766911,17.44265649357112,161.80269998311996,0,0,2,0,"{""pkiManagementDispatchHttp"":16.739600002765656,""pkiManagementRelayHttp"":0,""pkiManagementHttpWindow"":5.357100009918213,""pkiOpenSslIssueKeygen"":37.42230004072189,""pkiOpenSslIssueCsr"":17.322899997234344,""pkiOpenSslIssueSignCert"":13.19700002670288,""pkiOpenSslIssueExtractPubkey"":9.383199989795685,""pkiManagementOpenSslVerifyLeaf"":9.47220003604889,""pkiManagementLeafAssertionSign"":12.791000008583069,""pkiManagementLeafAssertionVerify"":9.598100006580353,""pkiManagementOpenSslVerifyIssuerCA"":9.2674999833107,""pkiManagementIssuerAssertionSign"":11.391499996185303,""pkiManagementIssuerAssertionVerify"":8.864400029182434,""pkiManagementRepositoryHttpVerify"":0.10889995098114014}",0,,
0,PKI,252,management,false,false,443911.0369392522,535182.8445392139,535448.8897824022,266.04524318827316,111.27544318092987,154.7698000073433,0,0,2,0,"{""pkiManagementDispatchHttp"":8.751699984073639,""pkiManagementRelayHttp"":0,""pkiManagementHttpWindow"":15.958000004291534,""pkiOpenSslIssueKeygen"":29.77209997177124,""pkiOpenSslIssueCsr"":17.160000026226044,""pkiOpenSslIssueSignCert"":13.212399959564209,""pkiOpenSslIssueExtractPubkey"":8.860700011253357,""pkiManagementOpenSslVerifyLeaf"":9.13510000705719,""pkiManagementLeafAssertionSign"":11.887600004673004,""pkiManagementLeafAssertionVerify"":8.811900019645691,""pkiManagementOpenSslVerifyIssuerCA"":8.909600019454956,""pkiManagementIssuerAssertionSign"":11.967000007629395,""pkiManagementIssuerAssertionVerify"":9.432500004768372,""pkiManagementRepositoryHttpVerify"":0.10860002040863037}",0,,
0,PKI,253,management,false,false,450181.33111148176,541453.1387114435,541595.2089114696,142.0702000260353,0,142.0702000260353,0,0,2,0,"{""pkiManagementDispatchHttp"":0.7464999556541443,""pkiManagementRelayHttp"":0,""pkiManagementHttpWindow"":7.895700037479401,""pkiOpenSslIssueKeygen"":34.181199967861176,""pkiOpenSslIssueCsr"":17.80330002307892,""pkiOpenSslIssueSignCert"":12.59689998626709,""pkiOpenSslIssueExtractPubkey"":8.626900017261505,""pkiManagementOpenSslVerifyLeaf"":8.946099996566772,""pkiManagementLeafAssertionSign"":11.531700015068054,""pkiManagementLeafAssertionVerify"":9.045899987220764,""pkiManagementOpenSslVerifyIssuerCA"":8.795400023460388,""pkiManagementIssuerAssertionSign"":11.768400013446808,""pkiManagementIssuerAssertionVerify"":9.152400016784668,""pkiManagementRepositoryHttpVerify"":0.1332000494003296}",0,,
0,PKI,254,management,false,false,450493.3458644045,541765.1534643662,541941.6935643447,176.54009997844696,0,176.54009997844696,0,0,2,0,"{""pkiManagementDispatchHttp"":19.54060000181198,""pkiManagementRelayHttp"":0,""pkiManagementHttpWindow"":3.2096999883651733,""pkiOpenSslIssueKeygen"":53.01969999074936,""pkiOpenSslIssueCsr"":17.1671000123024,""pkiOpenSslIssueSignCert"":14.066399991512299,""pkiOpenSslIssueExtractPubkey"":9.128000020980835,""pkiManagementOpenSslVerifyLeaf"":8.8614000082016,""pkiManagementLeafAssertionSign"":11.492900013923645,""pkiManagementLeafAssertionVerify"":9.079199969768524,""pkiManagementOpenSslVerifyIssuerCA"":9.045700013637543,""pkiManagementIssuerAssertionSign"":11.723699986934662,""pkiManagementIssuerAssertionVerify"":9.257000029087067,""pkiManagementRepositoryHttpVerify"":0.11210000514984131}",0,,
0,PKI,255,management,false,false,454278.77091276756,545550.5785127294,545703.5222127449,152.9437000155449,0,152.9437000155449,0,0,2,0,"{""pkiManagementDispatchHttp"":3.1471999883651733,""pkiManagementRelayHttp"":0,""pkiManagementHttpWindow"":2.3122000098228455,""pkiOpenSslIssueKeygen"":43.09029996395111,""pkiOpenSslIssueCsr"":20.770900011062622,""pkiOpenSslIssueSignCert"":14.364600002765656,""pkiOpenSslIssueExtractPubkey"":8.96399998664856,""pkiManagementOpenSslVerifyLeaf"":9.079500019550323,""pkiManagementLeafAssertionSign"":11.725499987602234,""pkiManagementLeafAssertionVerify"":8.939199984073639,""pkiManagementOpenSslVerifyIssuerCA"":8.964800000190735,""pkiManagementIssuerAssertionSign"":11.699699997901917,""pkiManagementIssuerAssertionVerify"":8.966300010681152,""pkiManagementRepositoryHttpVerify"":0.11750000715255737}",0,,
0,PKI,256,management,false,false,454954.0989621507,546225.9065621125,546367.1831621157,141.2766000032425,0,141.2766000032425,0,0,2,0,"{""pkiManagementDispatchHttp"":2.477299988269806,""pkiManagementRelayHttp"":0,""pkiManagementHttpWindow"":15.615099966526031,""pkiOpenSslIssueKeygen"":24.593100011348724,""pkiOpenSslIssueCsr"":16.750699996948242,""pkiOpenSslIssueSignCert"":12.676699995994568,""pkiOpenSslIssueExtractPubkey"":8.509299993515015,""pkiManagementOpenSslVerifyLeaf"":8.620100021362305,""pkiManagementLeafAssertionSign"":11.537599980831146,""pkiManagementLeafAssertionVerify"":8.906500041484833,""pkiManagementOpenSslVerifyIssuerCA"":9.373099982738495,""pkiManagementIssuerAssertionSign"":12.179899990558624,""pkiManagementIssuerAssertionVerify"":9.117999970912933,""pkiManagementRepositoryHttpVerify"":0.11309999227523804}",0,,
0,PKI,257,management,false,false,455656.8893423977,546928.6969423594,547060.4078423681,131.71090000867844,0,131.71090000867844,0,0,2,0,"{""pkiManagementDispatchHttp"":4.640600025653839,""pkiManagementRelayHttp"":0,""pkiManagementHttpWindow"":1.472000002861023,""pkiOpenSslIssueKeygen"":18.831300020217896,""pkiOpenSslIssueCsr"":17.97209995985031,""pkiOpenSslIssueSignCert"":14.403999984264374,""pkiOpenSslIssueExtractPubkey"":9.770699977874756,""pkiManagementOpenSslVerifyLeaf"":9.23420000076294,""pkiManagementLeafAssertionSign"":12.61159998178482,""pkiManagementLeafAssertionVerify"":9.893500030040741,""pkiManagementOpenSslVerifyIssuerCA"":9.639300048351288,""pkiManagementIssuerAssertionSign"":12.205799996852875,""pkiManagementIssuerAssertionVerify"":10.068900048732758,""pkiManagementRepositoryHttpVerify"":0.11710000038146973}",0,,
0,PKI,258,management,false,false,456880.48320079764,548152.2908007593,548318.4779008122,166.18710005283356,0,166.18710005283356,0,0,2,0,"{""pkiManagementDispatchHttp"":24.29249995946884,""pkiManagementRelayHttp"":0,""pkiManagementHttpWindow"":15.26120001077652,""pkiOpenSslIssueKeygen"":26.201999962329865,""pkiOpenSslIssueCsr"":17.76510000228882,""pkiOpenSslIssueSignCert"":13.341300010681152,""pkiOpenSslIssueExtractPubkey"":9.052799999713898,""pkiManagementOpenSslVerifyLeaf"":8.64079999923706,""pkiManagementLeafAssertionSign"":11.634899973869324,""pkiManagementLeafAssertionVerify"":8.814899981021881,""pkiManagementOpenSslVerifyIssuerCA"":8.724500000476837,""pkiManagementIssuerAssertionSign"":12.235599994659424,""pkiManagementIssuerAssertionVerify"":9.262299954891205,""pkiManagementRepositoryHttpVerify"":0.11559998989105225}",0,,
0,PKI,259,management,false,false,461653.36354468134,552925.1711446431,553121.4053446439,196.23420000076294,0,196.23420000076294,0,0,2,0,"{""pkiManagementDispatchHttp"":5.295400023460388,""pkiManagementRelayHttp"":0,""pkiManagementHttpWindow"":0.24090003967285156,""pkiOpenSslIssueKeygen"":90.24099999666214,""pkiOpenSslIssueCsr"":17.348699986934662,""pkiOpenSslIssueSignCert"":13.247399985790253,""pkiOpenSslIssueExtractPubkey"":9.126800000667572,""pkiManagementOpenSslVerifyLeaf"":9.098999977111816,""pkiManagementLeafAssertionSign"":11.78710001707077,""pkiManagementLeafAssertionVerify"":9.132499992847443,""pkiManagementOpenSslVerifyIssuerCA"":9.273999989032745,""pkiManagementIssuerAssertionSign"":11.428900003433228,""pkiManagementIssuerAssertionVerify"":9.109899997711182,""pkiManagementRepositoryHttpVerify"":0.11349999904632568}",0,,
0,PKI,260,management,false,false,463376.4873336707,554648.2949336325,554792.7899336373,144.49500000476837,0,144.49500000476837,0,0,2,0,"{""pkiManagementDispatchHttp"":5.669200003147125,""pkiManagementRelayHttp"":0,""pkiManagementHttpWindow"":2.2634999752044678,""pkiOpenSslIssueKeygen"":36.99629998207092,""pkiOpenSslIssueCsr"":17.527300000190735,""pkiOpenSslIssueSignCert"":12.8371000289917,""pkiOpenSslIssueExtractPubkey"":8.587199985980988,""pkiManagementOpenSslVerifyLeaf"":8.711800038814545,""pkiManagementLeafAssertionSign"":11.45719999074936,""pkiManagementLeafAssertionVerify"":9.255299985408783,""pkiManagementOpenSslVerifyIssuerCA"":8.764599978923798,""pkiManagementIssuerAssertionSign"":11.801999986171722,""pkiManagementIssuerAssertionVerify"":9.672799944877625,""pkiManagementRepositoryHttpVerify"":0.11410003900527954}",0,,
0,PKI,261,management,false,false,463399.8935563008,554671.7011562625,554938.2333336626,266.53217740007676,121.08877737470903,145.44340002536774,0,0,2,0,"{""pkiManagementDispatchHttp"":10.828900039196014,""pkiManagementRelayHttp"":0,""pkiManagementHttpWindow"":14.986999988555908,""pkiOpenSslIssueKeygen"":19.411399960517883,""pkiOpenSslIssueCsr"":17.22699999809265,""pkiOpenSslIssueSignCert"":13.151500046253204,""pkiOpenSslIssueExtractPubkey"":8.637700021266937,""pkiManagementOpenSslVerifyLeaf"":8.953700006008148,""pkiManagementLeafAssertionSign"":11.589300036430359,""pkiManagementLeafAssertionVerify"":8.767000019550323,""pkiManagementOpenSslVerifyIssuerCA"":8.88589996099472,""pkiManagementIssuerAssertionSign"":12.338500022888184,""pkiManagementIssuerAssertionVerify"":9.530099987983704,""pkiManagementRepositoryHttpVerify"":0.1299000382423401}",0,,
0,PKI,262,management,false,false,466357.30228757765,557629.1098875394,557779.0751875034,149.9652999639511,0,149.9652999639511,0,0,2,0,"{""pkiManagementDispatchHttp"":18.906399965286255,""pkiManagementRelayHttp"":0,""pkiManagementHttpWindow"":0.7373999953269958,""pkiOpenSslIssueKeygen"":24.477200031280518,""pkiOpenSslIssueCsr"":20.98489999771118,""pkiOpenSslIssueSignCert"":13.935599982738495,""pkiOpenSslIssueExtractPubkey"":9.496500015258789,""pkiManagementOpenSslVerifyLeaf"":9.232600033283234,""pkiManagementLeafAssertionSign"":12.042500019073486,""pkiManagementLeafAssertionVerify"":9.339299976825714,""pkiManagementOpenSslVerifyIssuerCA"":8.906700015068054,""pkiManagementIssuerAssertionSign"":11.606199979782104,""pkiManagementIssuerAssertionVerify"":9.240199983119965,""pkiManagementRepositoryHttpVerify"":0.12060004472732544}",0,,
0,PKI,263,management,false,false,468975.5612342156,560247.3688341774,560403.7851341761,156.41629999876022,0,156.41629999876022,0,0,2,0,"{""pkiManagementDispatchHttp"":21.35699999332428,""pkiManagementRelayHttp"":0,""pkiManagementHttpWindow"":1.1779000163078308,""pkiOpenSslIssueKeygen"":33.3125,""pkiOpenSslIssueCsr"":17.130999982357025,""pkiOpenSslIssueSignCert"":13.332300007343292,""pkiOpenSslIssueExtractPubkey"":8.833000004291534,""pkiManagementOpenSslVerifyLeaf"":9.164900004863739,""pkiManagementLeafAssertionSign"":11.708900034427643,""pkiManagementLeafAssertionVerify"":9.038599967956543,""pkiManagementOpenSslVerifyIssuerCA"":9.563799977302551,""pkiManagementIssuerAssertionSign"":11.787900030612946,""pkiManagementIssuerAssertionVerify"":9.070200026035309,""pkiManagementRepositoryHttpVerify"":0.11699998378753662}",0,,
0,PKI,264,management,false,false,469388.9034800984,560660.7110800601,560798.057380066,137.34630000591278,0,137.34630000591278,0,0,2,0,"{""pkiManagementDispatchHttp"":5.112100005149841,""pkiManagementRelayHttp"":0,""pkiManagementHttpWindow"":1.7267999649047852,""pkiOpenSslIssueKeygen"":24.2538999915123,""pkiOpenSslIssueCsr"":17.5799999833107,""pkiOpenSslIssueSignCert"":13.912199974060059,""pkiOpenSslIssueExtractPubkey"":9.732100009918213,""pkiManagementOpenSslVerifyLeaf"":9.882499992847443,""pkiManagementLeafAssertionSign"":12.752300024032593,""pkiManagementLeafAssertionVerify"":10.067800045013428,""pkiManagementOpenSslVerifyIssuerCA"":9.695299983024597,""pkiManagementIssuerAssertionSign"":12.472699999809265,""pkiManagementIssuerAssertionVerify"":9.14190000295639,""pkiManagementRepositoryHttpVerify"":0.12009996175765991}",0,,
0,PKI,265,management,false,false,471436.11360787513,562707.9212078368,562845.6479078447,137.7267000079155,0,137.7267000079155,0,0,2,0,"{""pkiManagementDispatchHttp"":6.988699972629547,""pkiManagementRelayHttp"":0,""pkiManagementHttpWindow"":1.2858999967575073,""pkiOpenSslIssueKeygen"":27.817799985408783,""pkiOpenSslIssueCsr"":16.828499972820282,""pkiOpenSslIssueSignCert"":12.747099995613098,""pkiOpenSslIssueExtractPubkey"":9.54610002040863,""pkiManagementOpenSslVerifyLeaf"":9.5314000248909,""pkiManagementLeafAssertionSign"":11.713699996471405,""pkiManagementLeafAssertionVerify"":9.42110002040863,""pkiManagementOpenSslVerifyIssuerCA"":8.688099980354309,""pkiManagementIssuerAssertionSign"":12.282499969005585,""pkiManagementIssuerAssertionVerify"":9.781300008296967,""pkiManagementRepositoryHttpVerify"":0.17419999837875366}",0,,
0,PKI,266,management,false,false,471451.1293361985,562722.9369361603,563039.1440078532,316.20707169303205,122.71097168454435,193.4961000084877,0,0,2,0,"{""pkiManagementDispatchHttp"":23.629700005054474,""pkiManagementRelayHttp"":0,""pkiManagementHttpWindow"":16.878600001335144,""pkiOpenSslIssueKeygen"":53.795100033283234,""pkiOpenSslIssueCsr"":17.138000011444092,""pkiOpenSslIssueSignCert"":12.913699984550476,""pkiOpenSslIssueExtractPubkey"":8.772599995136261,""pkiManagementOpenSslVerifyLeaf"":9.02759999036789,""pkiManagementLeafAssertionSign"":11.670400023460388,""pkiManagementLeafAssertionVerify"":8.996299982070923,""pkiManagementOpenSslVerifyIssuerCA"":9.109499990940094,""pkiManagementIssuerAssertionSign"":11.886900007724762,""pkiManagementIssuerAssertionVerify"":8.762600004673004,""pkiManagementRepositoryHttpVerify"":0.13650000095367432}",0,,
0,PKI,267,management,false,false,473912.28791369655,565184.0955136584,565325.1870136426,141.09149998426437,0,141.09149998426437,0,0,2,0,"{""pkiManagementDispatchHttp"":3.7978000044822693,""pkiManagementRelayHttp"":0,""pkiManagementHttpWindow"":13.40149998664856,""pkiOpenSslIssueKeygen"":22.374300003051758,""pkiOpenSslIssueCsr"":17.650499999523163,""pkiOpenSslIssueSignCert"":13.522300004959106,""pkiOpenSslIssueExtractPubkey"":9.157100021839142,""pkiManagementOpenSslVerifyLeaf"":9.012899994850159,""pkiManagementLeafAssertionSign"":12.273000001907349,""pkiManagementLeafAssertionVerify"":9.2882000207901,""pkiManagementOpenSslVerifyIssuerCA"":8.856299996376038,""pkiManagementIssuerAssertionSign"":11.310099959373474,""pkiManagementIssuerAssertionVerify"":9.562999963760376,""pkiManagementRepositoryHttpVerify"":0.1128000020980835}",0,,
0,PKI,268,management,false,false,477246.71421637404,568518.5218163359,568659.7580163705,141.23620003461838,0,141.23620003461838,0,0,2,0,"{""pkiManagementDispatchHttp"":14.001800000667572,""pkiManagementRelayHttp"":0,""pkiManagementHttpWindow"":1.1484000086784363,""pkiOpenSslIssueKeygen"":24.291999995708466,""pkiOpenSslIssueCsr"":17.178000032901764,""pkiOpenSslIssueSignCert"":13.82829999923706,""pkiOpenSslIssueExtractPubkey"":9.42629998922348,""pkiManagementOpenSslVerifyLeaf"":9.058600008487701,""pkiManagementLeafAssertionSign"":11.907099962234497,""pkiManagementLeafAssertionVerify"":9.804899990558624,""pkiManagementOpenSslVerifyIssuerCA"":9.251999974250793,""pkiManagementIssuerAssertionSign"":11.470699965953827,""pkiManagementIssuerAssertionVerify"":8.992000043392181,""pkiManagementRepositoryHttpVerify"":0.1129000186920166}",0,,
0,PKI,269,management,false,false,479428.8978823571,570700.7054823189,570899.3767823129,198.67129999399185,0,198.67129999399185,0,0,2,0,"{""pkiManagementDispatchHttp"":11.509099960327148,""pkiManagementRelayHttp"":0,""pkiManagementHttpWindow"":15.452499985694885,""pkiOpenSslIssueKeygen"":70.49910002946854,""pkiOpenSslIssueCsr"":17.56419998407364,""pkiOpenSslIssueSignCert"":13.513200044631958,""pkiOpenSslIssueExtractPubkey"":9.63400000333786,""pkiManagementOpenSslVerifyLeaf"":9.329499959945679,""pkiManagementLeafAssertionSign"":11.698400020599365,""pkiManagementLeafAssertionVerify"":9.134299993515015,""pkiManagementOpenSslVerifyIssuerCA"":8.734599947929382,""pkiManagementIssuerAssertionSign"":11.69760000705719,""pkiManagementIssuerAssertionVerify"":9.02970004081726,""pkiManagementRepositoryHttpVerify"":0.11019998788833618}",0,,
0,PKI,270,management,false,false,482303.09861611016,573574.9062160719,573714.0928161014,139.18660002946854,0,139.18660002946854,0,0,2,0,"{""pkiManagementDispatchHttp"":1.7754999995231628,""pkiManagementRelayHttp"":0,""pkiManagementHttpWindow"":12.749100029468536,""pkiOpenSslIssueKeygen"":25.78990000486374,""pkiOpenSslIssueCsr"":17.177600026130676,""pkiOpenSslIssueSignCert"":13.643400013446808,""pkiOpenSslIssueExtractPubkey"":8.568999946117401,""pkiManagementOpenSslVerifyLeaf"":8.977999985218048,""pkiManagementLeafAssertionSign"":11.512600004673004,""pkiManagementLeafAssertionVerify"":8.924499988555908,""pkiManagementOpenSslVerifyIssuerCA"":8.528800010681152,""pkiManagementIssuerAssertionSign"":11.55680000782013,""pkiManagementIssuerAssertionVerify"":8.948500037193298,""pkiManagementRepositoryHttpVerify"":0.12009996175765991}",0,,
0,PKI,271,management,false,false,486375.093553663,577646.9011536248,577797.1502536542,150.24910002946854,0,150.24910002946854,0,0,2,0,"{""pkiManagementDispatchHttp"":14.782499969005585,""pkiManagementRelayHttp"":0,""pkiManagementHttpWindow"":5.79229998588562,""pkiOpenSslIssueKeygen"":23.32159996032715,""pkiOpenSslIssueCsr"":17.643999993801117,""pkiOpenSslIssueSignCert"":13.878999948501587,""pkiOpenSslIssueExtractPubkey"":9.237800002098083,""pkiManagementOpenSslVerifyLeaf"":9.62880003452301,""pkiManagementLeafAssertionSign"":12.66210001707077,""pkiManagementLeafAssertionVerify"":9.92739999294281,""pkiManagementOpenSslVerifyIssuerCA"":9.89790004491806,""pkiManagementIssuerAssertionSign"":12.746299982070923,""pkiManagementIssuerAssertionVerify"":9.786799967288971,""pkiManagementRepositoryHttpVerify"":0.11329996585845947}",0,,
0,PKI,272,management,false,false,488089.9011969932,579361.708796955,579514.2120969661,152.503300011158,0,152.503300011158,0,0,2,0,"{""pkiManagementDispatchHttp"":19.509800016880035,""pkiManagementRelayHttp"":0,""pkiManagementHttpWindow"":0.8119999766349792,""pkiOpenSslIssueKeygen"":34.043099999427795,""pkiOpenSslIssueCsr"":16.96289998292923,""pkiOpenSslIssueSignCert"":12.759199976921082,""pkiOpenSslIssueExtractPubkey"":8.564499974250793,""pkiManagementOpenSslVerifyLeaf"":9.02889996767044,""pkiManagementLeafAssertionSign"":11.371299982070923,""pkiManagementLeafAssertionVerify"":8.891300022602081,""pkiManagementOpenSslVerifyIssuerCA"":9.12169998884201,""pkiManagementIssuerAssertionSign"":11.296400010585785,""pkiManagementIssuerAssertionVerify"":9.209700047969818,""pkiManagementRepositoryHttpVerify"":0.1031000018119812}",0,,
0,PKI,273,management,false,false,488513.5541099218,579785.3617098836,579923.1896099356,137.82790005207062,0,137.82790005207062,0,0,2,0,"{""pkiManagementDispatchHttp"":2.1879000067710876,""pkiManagementRelayHttp"":0,""pkiManagementHttpWindow"":6.78329998254776,""pkiOpenSslIssueKeygen"":26.391000032424927,""pkiOpenSslIssueCsr"":17.39429998397827,""pkiOpenSslIssueSignCert"":13.403799951076508,""pkiOpenSslIssueExtractPubkey"":9.646600008010864,""pkiManagementOpenSslVerifyLeaf"":9.522899985313416,""pkiManagementLeafAssertionSign"":11.496800005435944,""pkiManagementLeafAssertionVerify"":9.276800036430359,""pkiManagementOpenSslVerifyIssuerCA"":9.210500001907349,""pkiManagementIssuerAssertionSign"":11.899200022220612,""pkiManagementIssuerAssertionVerify"":9.656700015068054,""pkiManagementRepositoryHttpVerify"":0.11020004749298096}",0,,
0,PKI,274,management,false,false,489624.89107027784,580896.6986702397,581039.7579702451,143.05930000543594,0,143.05930000543594,0,0,2,0,"{""pkiManagementDispatchHttp"":4.052899956703186,""pkiManagementRelayHttp"":0,""pkiManagementHttpWindow"":5.422100007534027,""pkiOpenSslIssueKeygen"":27.806900024414062,""pkiOpenSslIssueCsr"":17.049499988555908,""pkiOpenSslIssueSignCert"":19.15770000219345,""pkiOpenSslIssueExtractPubkey"":8.926800012588501,""pkiManagementOpenSslVerifyLeaf"":9.411199986934662,""pkiManagementLeafAssertionSign"":12.092000007629395,""pkiManagementLeafAssertionVerify"":9.12339997291565,""pkiManagementOpenSslVerifyIssuerCA"":8.75220000743866,""pkiManagementIssuerAssertionSign"":11.474999964237213,""pkiManagementIssuerAssertionVerify"":8.873099982738495,""pkiManagementRepositoryHttpVerify"":0.11039996147155762}",0,,
0,PKI,275,management,false,false,490423.8911000298,581695.6986999916,581872.8989000128,177.20020002126694,0,177.20020002126694,0,0,2,0,"{""pkiManagementDispatchHttp"":19.800400018692017,""pkiManagementRelayHttp"":0,""pkiManagementHttpWindow"":16.19190001487732,""pkiOpenSslIssueKeygen"":36.80800002813339,""pkiOpenSslIssueCsr"":16.9103000164032,""pkiOpenSslIssueSignCert"":13.116499960422516,""pkiOpenSslIssueExtractPubkey"":8.841600000858307,""pkiManagementOpenSslVerifyLeaf"":11.443900048732758,""pkiManagementLeafAssertionSign"":12.623199999332428,""pkiManagementLeafAssertionVerify"":9.225699961185455,""pkiManagementOpenSslVerifyIssuerCA"":9.223999977111816,""pkiManagementIssuerAssertionSign"":12.336800038814545,""pkiManagementIssuerAssertionVerify"":9.747599959373474,""pkiManagementRepositoryHttpVerify"":0.10740000009536743}",0,,
0,PKI,276,management,false,false,491098.3115731147,582370.1191730765,582533.206473079,163.08730000257492,0,163.08730000257492,0,0,2,0,"{""pkiManagementDispatchHttp"":12.42139995098114,""pkiManagementRelayHttp"":0,""pkiManagementHttpWindow"":1.0878000259399414,""pkiOpenSslIssueKeygen"":50.20180004835129,""pkiOpenSslIssueCsr"":17.38050001859665,""pkiOpenSslIssueSignCert"":13.186599969863892,""pkiOpenSslIssueExtractPubkey"":8.386900007724762,""pkiManagementOpenSslVerifyLeaf"":8.72409999370575,""pkiManagementLeafAssertionSign"":11.504100024700165,""pkiManagementLeafAssertionVerify"":9.154500007629395,""pkiManagementOpenSslVerifyIssuerCA"":9.310200035572052,""pkiManagementIssuerAssertionSign"":11.646100044250488,""pkiManagementIssuerAssertionVerify"":9.142199993133545,""pkiManagementRepositoryHttpVerify"":0.11390000581741333}",0,,
0,PKI,277,management,false,false,491565.9213233501,582837.7289233119,582995.0487232716,157.31979995965958,0,157.31979995965958,0,0,2,0,"{""pkiManagementDispatchHttp"":6.86710000038147,""pkiManagementRelayHttp"":0,""pkiManagementHttpWindow"":14.276400029659271,""pkiOpenSslIssueKeygen"":37.203400015830994,""pkiOpenSslIssueCsr"":17.131500005722046,""pkiOpenSslIssueSignCert"":13.201200008392334,""pkiOpenSslIssueExtractPubkey"":9.222500026226044,""pkiManagementOpenSslVerifyLeaf"":8.947200000286102,""pkiManagementLeafAssertionSign"":11.596900045871735,""pkiManagementLeafAssertionVerify"":9.042400002479553,""pkiManagementOpenSslVerifyIssuerCA"":8.643600046634674,""pkiManagementIssuerAssertionSign"":11.41729998588562,""pkiManagementIssuerAssertionVerify"":8.713900029659271,""pkiManagementRepositoryHttpVerify"":0.2298000454902649}",0,,
0,PKI,278,management,false,false,493581.2532242081,584853.0608241698,585007.1595242163,154.0987000465393,0,154.0987000465393,0,0,2,0,"{""pkiManagementDispatchHttp"":1.668999969959259,""pkiManagementRelayHttp"":0,""pkiManagementHttpWindow"":15.143200039863586,""pkiOpenSslIssueKeygen"":36.656100034713745,""pkiOpenSslIssueCsr"":17.199699997901917,""pkiOpenSslIssueSignCert"":13.303700029850006,""pkiOpenSslIssueExtractPubkey"":8.845699965953827,""pkiManagementOpenSslVerifyLeaf"":9.18149995803833,""pkiManagementLeafAssertionSign"":11.639400005340576,""pkiManagementLeafAssertionVerify"":9.396600008010864,""pkiManagementOpenSslVerifyIssuerCA"":8.937399983406067,""pkiManagementIssuerAssertionSign"":12.184599995613098,""pkiManagementIssuerAssertionVerify"":8.99099999666214,""pkiManagementRepositoryHttpVerify"":0.1389000415802002}",0,,
0,PKI,279,management,false,false,494346.74648628413,585618.5540862458,585796.4176862615,177.86360001564026,0,177.86360001564026,0,0,2,0,"{""pkiManagementDispatchHttp"":15.869599997997284,""pkiManagementRelayHttp"":0,""pkiManagementHttpWindow"":13.945600032806396,""pkiOpenSslIssueKeygen"":27.538500010967255,""pkiOpenSslIssueCsr"":17.03710001707077,""pkiOpenSslIssueSignCert"":13.322999954223633,""pkiOpenSslIssueExtractPubkey"":9.734499990940094,""pkiManagementOpenSslVerifyLeaf"":11.95360004901886,""pkiManagementLeafAssertionSign"":13.073599994182587,""pkiManagementLeafAssertionVerify"":16.762600004673004,""pkiManagementOpenSslVerifyIssuerCA"":13.756199955940247,""pkiManagementIssuerAssertionSign"":13.945100009441376,""pkiManagementIssuerAssertionVerify"":9.89980000257492,""pkiManagementRepositoryHttpVerify"":0.12550002336502075}",0,,
0,PKI,280,management,false,false,495860.50760535954,587132.3152053213,587262.4072052693,130.09199994802475,0,130.09199994802475,0,0,2,0,"{""pkiManagementDispatchHttp"":5.089399993419647,""pkiManagementRelayHttp"":0,""pkiManagementHttpWindow"":3.4468000531196594,""pkiOpenSslIssueKeygen"":21.53439998626709,""pkiOpenSslIssueCsr"":17.694900035858154,""pkiOpenSslIssueSignCert"":13.22759997844696,""pkiOpenSslIssueExtractPubkey"":8.588199973106384,""pkiManagementOpenSslVerifyLeaf"":8.897799968719482,""pkiManagementLeafAssertionSign"":11.834399998188019,""pkiManagementLeafAssertionVerify"":8.79289996623993,""pkiManagementOpenSslVerifyIssuerCA"":9.241400003433228,""pkiManagementIssuerAssertionSign"":11.814999997615814,""pkiManagementIssuerAssertionVerify"":8.9753999710083,""pkiManagementRepositoryHttpVerify"":0.12549996376037598}",0,,
0,PKI,281,management,false,false,496351.7157561232,587623.523356085,587787.4018560697,163.8784999847412,0,163.8784999847412,0,0,2,0,"{""pkiManagementDispatchHttp"":15.345600008964539,""pkiManagementRelayHttp"":0,""pkiManagementHttpWindow"":15.226700007915497,""pkiOpenSslIssueKeygen"":29.094300031661987,""pkiOpenSslIssueCsr"":17.747900009155273,""pkiOpenSslIssueSignCert"":13.172100007534027,""pkiOpenSslIssueExtractPubkey"":8.566700041294098,""pkiManagementOpenSslVerifyLeaf"":9.071900010108948,""pkiManagementLeafAssertionSign"":12.48470002412796,""pkiManagementLeafAssertionVerify"":10.030200004577637,""pkiManagementOpenSslVerifyIssuerCA"":9.51639997959137,""pkiManagementIssuerAssertionSign"":12.418200016021729,""pkiManagementIssuerAssertionVerify"":10.214000046253204,""pkiManagementRepositoryHttpVerify"":0.11329996585845947}",0,,
0,PKI,282,management,false,false,498437.95018923795,589709.7577891997,589845.9403891615,136.18259996175766,0,136.18259996175766,0,0,2,0,"{""pkiManagementDispatchHttp"":8.723800003528595,""pkiManagementRelayHttp"":0,""pkiManagementHttpWindow"":2.804799973964691,""pkiOpenSslIssueKeygen"":19.527999997138977,""pkiOpenSslIssueCsr"":17.91749995946884,""pkiOpenSslIssueSignCert"":14.012600004673004,""pkiOpenSslIssueExtractPubkey"":9.722699999809265,""pkiManagementOpenSslVerifyLeaf"":9.550200045108795,""pkiManagementLeafAssertionSign"":11.997899949550629,""pkiManagementLeafAssertionVerify"":9.78030002117157,""pkiManagementOpenSslVerifyIssuerCA"":9.351700007915497,""pkiManagementIssuerAssertionSign"":12.061599969863892,""pkiManagementIssuerAssertionVerify"":9.774900019168854,""pkiManagementRepositoryHttpVerify"":0.10540002584457397}",0,,
0,PKI,283,management,false,false,499540.9796191894,590812.7872191512,590970.6390191757,157.85180002450943,0,157.85180002450943,0,0,2,0,"{""pkiManagementDispatchHttp"":3.8658000230789185,""pkiManagementRelayHttp"":0,""pkiManagementHttpWindow"":3.60970002412796,""pkiOpenSslIssueKeygen"":49.837900042533875,""pkiOpenSslIssueCsr"":17.158199965953827,""pkiOpenSslIssueSignCert"":12.912199974060059,""pkiOpenSslIssueExtractPubkey"":8.929099977016449,""pkiManagementOpenSslVerifyLeaf"":9.129700005054474,""pkiManagementLeafAssertionSign"":11.960200011730194,""pkiManagementLeafAssertionVerify"":9.309099972248077,""pkiManagementOpenSslVerifyIssuerCA"":8.98199999332428,""pkiManagementIssuerAssertionSign"":11.895799994468689,""pkiManagementIssuerAssertionVerify"":9.292400002479553,""pkiManagementRepositoryHttpVerify"":0.11640000343322754}",0,,
0,PKI,284,management,false,false,503531.684336096,594803.4919360578,594965.3679360449,161.8759999871254,0,161.8759999871254,0,0,2,0,"{""pkiManagementDispatchHttp"":23.736200034618378,""pkiManagementRelayHttp"":0,""pkiManagementHttpWindow"":5.510900020599365,""pkiOpenSslIssueKeygen"":33.8614000082016,""pkiOpenSslIssueCsr"":17.093199968338013,""pkiOpenSslIssueSignCert"":13.337799966335297,""pkiOpenSslIssueExtractPubkey"":9.106700003147125,""pkiManagementOpenSslVerifyLeaf"":8.701799988746643,""pkiManagementLeafAssertionSign"":11.605000019073486,""pkiManagementLeafAssertionVerify"":8.82719999551773,""pkiManagementOpenSslVerifyIssuerCA"":8.69650000333786,""pkiManagementIssuerAssertionSign"":11.564499974250793,""pkiManagementIssuerAssertionVerify"":8.9307000041008,""pkiManagementRepositoryHttpVerify"":0.10979998111724854}",0,,
0,PKI,285,management,false,false,505954.6871131472,597226.494713109,597374.1968131475,147.70210003852844,0,147.70210003852844,0,0,2,0,"{""pkiManagementDispatchHttp"":0.9386000037193298,""pkiManagementRelayHttp"":0,""pkiManagementHttpWindow"":15.956599950790405,""pkiOpenSslIssueKeygen"":29.824000000953674,""pkiOpenSslIssueCsr"":16.838500022888184,""pkiOpenSslIssueSignCert"":13.218299984931946,""pkiOpenSslIssueExtractPubkey"":9.453399956226349,""pkiManagementOpenSslVerifyLeaf"":9.232899963855743,""pkiManagementLeafAssertionSign"":12.065799951553345,""pkiManagementLeafAssertionVerify"":8.994899988174438,""pkiManagementOpenSslVerifyIssuerCA"":9.262899994850159,""pkiManagementIssuerAssertionSign"":11.841300010681152,""pkiManagementIssuerAssertionVerify"":9.168400049209595,""pkiManagementRepositoryHttpVerify"":0.11059999465942383}",0,,
0,PKI,286,management,false,false,508127.75388785615,599399.5614878179,599547.0447877885,147.48329997062683,0,147.48329997062683,0,0,2,0,"{""pkiManagementDispatchHttp"":3.4836000204086304,""pkiManagementRelayHttp"":0,""pkiManagementHttpWindow"":2.738699972629547,""pkiOpenSslIssueKeygen"":36.35879999399185,""pkiOpenSslIssueCsr"":16.987800002098083,""pkiOpenSslIssueSignCert"":13.189300000667572,""pkiOpenSslIssueExtractPubkey"":8.624599993228912,""pkiManagementOpenSslVerifyLeaf"":9.407899975776672,""pkiManagementLeafAssertionSign"":12.67629998922348,""pkiManagementLeafAssertionVerify"":11.466499984264374,""pkiManagementOpenSslVerifyIssuerCA"":9.76690000295639,""pkiManagementIssuerAssertionSign"":12.33789998292923,""pkiManagementIssuerAssertionVerify"":9.525300025939941,""pkiManagementRepositoryHttpVerify"":0.09909999370574951}",0,,
0,PKI,287,management,false,false,510265.29401555343,601537.1016155152,601686.6849155097,149.5832999944687,0,149.5832999944687,0,0,2,0,"{""pkiManagementDispatchHttp"":0.9556999802589417,""pkiManagementRelayHttp"":0,""pkiManagementHttpWindow"":15.416400015354156,""pkiOpenSslIssueKeygen"":31.524300038814545,""pkiOpenSslIssueCsr"":17.740000009536743,""pkiOpenSslIssueSignCert"":13.386699974536896,""pkiOpenSslIssueExtractPubkey"":8.579500019550323,""pkiManagementOpenSslVerifyLeaf"":9.057200014591217,""pkiManagementLeafAssertionSign"":11.931100010871887,""pkiManagementLeafAssertionVerify"":9.429199993610382,""pkiManagementOpenSslVerifyIssuerCA"":9.241999983787537,""pkiManagementIssuerAssertionSign"":11.831700026988983,""pkiManagementIssuerAssertionVerify"":9.551799952983856,""pkiManagementRepositoryHttpVerify"":0.11880004405975342}",0,,
0,PKI,288,management,false,false,513661.5132571981,604933.3208571598,605076.5628572032,143.24200004339218,0,143.24200004339218,0,0,2,0,"{""pkiManagementDispatchHttp"":3.4587000012397766,""pkiManagementRelayHttp"":0,""pkiManagementHttpWindow"":17.951799988746643,""pkiOpenSslIssueKeygen"":22.359499990940094,""pkiOpenSslIssueCsr"":17.24540001153946,""pkiOpenSslIssueSignCert"":13.06029999256134,""pkiOpenSslIssueExtractPubkey"":8.50519996881485,""pkiManagementOpenSslVerifyLeaf"":9.132200002670288,""pkiManagementLeafAssertionSign"":11.570800006389618,""pkiManagementLeafAssertionVerify"":9.236799955368042,""pkiManagementOpenSslVerifyIssuerCA"":9.08239996433258,""pkiManagementIssuerAssertionSign"":11.800899982452393,""pkiManagementIssuerAssertionVerify"":8.922699987888336,""pkiManagementRepositoryHttpVerify"":0.10910004377365112}",0,,
0,PKI,289,management,false,false,514922.1480960855,606193.9556960473,606385.7572960267,191.80159997940063,0,191.80159997940063,0,0,2,0,"{""pkiManagementDispatchHttp"":16.891799986362457,""pkiManagementRelayHttp"":0,""pkiManagementHttpWindow"":5.51800000667572,""pkiOpenSslIssueKeygen"":67.515900015831,""pkiOpenSslIssueCsr"":17.14010000228882,""pkiOpenSslIssueSignCert"":13.589299976825714,""pkiOpenSslIssueExtractPubkey"":9.159500002861023,""pkiManagementOpenSslVerifyLeaf"":9.119899988174438,""pkiManagementLeafAssertionSign"":11.605199992656708,""pkiManagementLeafAssertionVerify"":9.338599979877472,""pkiManagementOpenSslVerifyIssuerCA"":9.2364000082016,""pkiManagementIssuerAssertionSign"":12.462199985980988,""pkiManagementIssuerAssertionVerify"":9.239799976348877,""pkiManagementRepositoryHttpVerify"":0.11779999732971191}",0,,
0,PKI,290,management,false,false,516560.35320258135,607832.1608025432,608020.6507025361,188.4898999929428,0,188.4898999929428,0,0,2,0,"{""pkiManagementDispatchHttp"":4.79940003156662,""pkiManagementRelayHttp"":0,""pkiManagementHttpWindow"":5.545100033283234,""pkiOpenSslIssueKeygen"":59.31039994955063,""pkiOpenSslIssueCsr"":21.387799978256226,""pkiOpenSslIssueSignCert"":17.426500022411346,""pkiOpenSslIssueExtractPubkey"":11.810199975967407,""pkiManagementOpenSslVerifyLeaf"":11.202600002288818,""pkiManagementLeafAssertionSign"":11.835299968719482,""pkiManagementLeafAssertionVerify"":10.844299972057343,""pkiManagementOpenSslVerifyIssuerCA"":10.339900016784668,""pkiManagementIssuerAssertionSign"":13.479099988937378,""pkiManagementIssuerAssertionVerify"":9.577899992465973,""pkiManagementRepositoryHttpVerify"":0.11090004444122314}",0,,
0,PKI,291,management,false,false,523067.0272020248,614338.8348019866,614520.5256019381,181.69079995155334,0,181.69079995155334,0,0,2,0,"{""pkiManagementDispatchHttp"":7.645300030708313,""pkiManagementRelayHttp"":0,""pkiManagementHttpWindow"":15.766000032424927,""pkiOpenSslIssueKeygen"":56.96549999713898,""pkiOpenSslIssueCsr"":17.12849998474121,""pkiOpenSslIssueSignCert"":13.559000015258789,""pkiOpenSslIssueExtractPubkey"":9.386600017547607,""pkiManagementOpenSslVerifyLeaf"":9.213799953460693,""pkiManagementLeafAssertionSign"":11.64869999885559,""pkiManagementLeafAssertionVerify"":9.65990000963211,""pkiManagementOpenSslVerifyIssuerCA"":9.11980003118515,""pkiManagementIssuerAssertionSign"":11.609600007534027,""pkiManagementIssuerAssertionVerify"":9.004799962043762,""pkiManagementRepositoryHttpVerify"":0.11140000820159912}",0,,
0,PKI,292,management,false,false,526670.9276562541,617942.7352562159,618079.1923561901,136.45709997415543,0,136.45709997415543,0,0,2,0,"{""pkiManagementDispatchHttp"":1.8858000040054321,""pkiManagementRelayHttp"":0,""pkiManagementHttpWindow"":2.1629000306129456,""pkiOpenSslIssueKeygen"":24.568899989128113,""pkiOpenSslIssueCsr"":17.924299955368042,""pkiOpenSslIssueSignCert"":15.721799969673157,""pkiOpenSslIssueExtractPubkey"":9.490000009536743,""pkiManagementOpenSslVerifyLeaf"":10.080900013446808,""pkiManagementLeafAssertionSign"":12.192200005054474,""pkiManagementLeafAssertionVerify"":9.773600041866302,""pkiManagementOpenSslVerifyIssuerCA"":9.633400022983551,""pkiManagementIssuerAssertionSign"":12.595300018787384,""pkiManagementIssuerAssertionVerify"":9.486600041389465,""pkiManagementRepositoryHttpVerify"":0.11899995803833008}",0,,
0,PKI,293,management,false,false,531645.6098865019,622917.4174864637,623071.5799864875,154.16250002384186,0,154.16250002384186,0,0,2,0,"{""pkiManagementDispatchHttp"":16.474900007247925,""pkiManagementRelayHttp"":0,""pkiManagementHttpWindow"":5.422300040721893,""pkiOpenSslIssueKeygen"":26.48530000448227,""pkiOpenSslIssueCsr"":17.38419997692108,""pkiOpenSslIssueSignCert"":13.11980003118515,""pkiOpenSslIssueExtractPubkey"":8.979200005531311,""pkiManagementOpenSslVerifyLeaf"":9.129999995231628,""pkiManagementLeafAssertionSign"":11.94190001487732,""pkiManagementLeafAssertionVerify"":13.871200025081635,""pkiManagementOpenSslVerifyIssuerCA"":9.166999995708466,""pkiManagementIssuerAssertionSign"":11.854099988937378,""pkiManagementIssuerAssertionVerify"":9.399500012397766,""pkiManagementRepositoryHttpVerify"":0.11159998178482056}",0,,
0,PKI,294,management,false,false,531908.5748889048,623180.3824888666,623328.058988889,147.67650002241135,0,147.67650002241135,0,0,2,0,"{""pkiManagementDispatchHttp"":4.509700000286102,""pkiManagementRelayHttp"":0,""pkiManagementHttpWindow"":2.2817999720573425,""pkiOpenSslIssueKeygen"":29.635500013828278,""pkiOpenSslIssueCsr"":17.44630002975464,""pkiOpenSslIssueSignCert"":13.266799986362457,""pkiOpenSslIssueExtractPubkey"":8.634899973869324,""pkiManagementOpenSslVerifyLeaf"":9.39300000667572,""pkiManagementLeafAssertionSign"":12.231599986553192,""pkiManagementLeafAssertionVerify"":8.979400038719177,""pkiManagementOpenSslVerifyIssuerCA"":9.492599964141846,""pkiManagementIssuerAssertionSign"":21.035100042819977,""pkiManagementIssuerAssertionVerify"":9.832300007343292,""pkiManagementRepositoryHttpVerify"":0.1216999888420105}",0,,
0,PKI,295,management,false,false,534795.7912036745,626067.5988036363,626200.6197036473,133.02090001106262,0,133.02090001106262,0,0,2,0,"{""pkiManagementDispatchHttp"":2.9027000069618225,""pkiManagementRelayHttp"":0,""pkiManagementHttpWindow"":3.3884999752044678,""pkiOpenSslIssueKeygen"":26.905000030994415,""pkiOpenSslIssueCsr"":17.02829998731613,""pkiOpenSslIssueSignCert"":12.914699971675873,""pkiOpenSslIssueExtractPubkey"":9.095200002193451,""pkiManagementOpenSslVerifyLeaf"":9.174600005149841,""pkiManagementLeafAssertionSign"":12.02369999885559,""pkiManagementLeafAssertionVerify"":9.33380001783371,""pkiManagementOpenSslVerifyIssuerCA"":8.697899997234344,""pkiManagementIssuerAssertionSign"":11.669399976730347,""pkiManagementIssuerAssertionVerify"":9.005700051784515,""pkiManagementRepositoryHttpVerify"":0.11180001497268677}",0,,
0,PKI,296,management,false,false,539875.8231873771,631147.6307873388,631297.1673873325,149.53659999370575,0,149.53659999370575,0,0,2,0,"{""pkiManagementDispatchHttp"":2.0478000044822693,""pkiManagementRelayHttp"":0,""pkiManagementHttpWindow"":1.4815000295639038,""pkiOpenSslIssueKeygen"":43.61690002679825,""pkiOpenSslIssueCsr"":17.298699975013733,""pkiOpenSslIssueSignCert"":13.45660001039505,""pkiOpenSslIssueExtractPubkey"":8.78870004415512,""pkiManagementOpenSslVerifyLeaf"":9.053099989891052,""pkiManagementLeafAssertionSign"":11.693899989128113,""pkiManagementLeafAssertionVerify"":8.91890001296997,""pkiManagementOpenSslVerifyIssuerCA"":9.129800021648407,""pkiManagementIssuerAssertionSign"":12.26579999923706,""pkiManagementIssuerAssertionVerify"":10.845399975776672,""pkiManagementRepositoryHttpVerify"":0.11919999122619629}",0,,
0,PKI,297,management,false,false,540947.4232397429,632219.2308397046,632391.6817397228,172.45090001821518,0,172.45090001821518,0,0,2,0,"{""pkiManagementDispatchHttp"":17.580099999904633,""pkiManagementRelayHttp"":0,""pkiManagementHttpWindow"":15.286700010299683,""pkiOpenSslIssueKeygen"":30.73309999704361,""pkiOpenSslIssueCsr"":20.975600004196167,""pkiOpenSslIssueSignCert"":15.648299992084503,""pkiOpenSslIssueExtractPubkey"":9.88400000333786,""pkiManagementOpenSslVerifyLeaf"":9.512199997901917,""pkiManagementLeafAssertionSign"":12.55649995803833,""pkiManagementLeafAssertionVerify"":9.533599972724915,""pkiManagementOpenSslVerifyIssuerCA"":9.287800014019012,""pkiManagementIssuerAssertionSign"":11.485099971294403,""pkiManagementIssuerAssertionVerify"":8.976000010967255,""pkiManagementRepositoryHttpVerify"":0.11689996719360352}",0,,
0,PKI,298,management,false,false,541801.3728838075,633073.1804837693,633300.7831837643,227.6026999950409,0,227.6026999950409,0,0,2,0,"{""pkiManagementDispatchHttp"":29.125,""pkiManagementRelayHttp"":0,""pkiManagementHttpWindow"":14.819900035858154,""pkiOpenSslIssueKeygen"":79.69160002470016,""pkiOpenSslIssueCsr"":17.356700003147125,""pkiOpenSslIssueSignCert"":13.64379996061325,""pkiOpenSslIssueExtractPubkey"":8.601900041103363,""pkiManagementOpenSslVerifyLeaf"":8.99779999256134,""pkiManagementLeafAssertionSign"":12.023100018501282,""pkiManagementLeafAssertionVerify"":9.701799988746643,""pkiManagementOpenSslVerifyIssuerCA"":9.637199997901917,""pkiManagementIssuerAssertionSign"":13.197999954223633,""pkiManagementIssuerAssertionVerify"":9.88840001821518,""pkiManagementRepositoryHttpVerify"":0.11980003118515015}",0,,
0,PKI,299,management,false,false,543540.711650538,634812.5192504998,635012.782750475,200.26349997520447,0,200.26349997520447,0,0,2,0,"{""pkiManagementDispatchHttp"":17.59340000152588,""pkiManagementRelayHttp"":0,""pkiManagementHttpWindow"":15.370999991893768,""pkiOpenSslIssueKeygen"":65.46889996528625,""pkiOpenSslIssueCsr"":16.948300004005432,""pkiOpenSslIssueSignCert"":13.057200014591217,""pkiOpenSslIssueExtractPubkey"":8.930099964141846,""pkiManagementOpenSslVerifyLeaf"":8.89740002155304,""pkiManagementLeafAssertionSign"":13.302100002765656,""pkiManagementLeafAssertionVerify"":8.920700013637543,""pkiManagementOpenSslVerifyIssuerCA"":9.072699964046478,""pkiManagementIssuerAssertionSign"":12.429699957370758,""pkiManagementIssuerAssertionVerify"":9.274699985980988,""pkiManagementRepositoryHttpVerify"":0.11269998550415039}",0,,
