Parameter,Value
DPKI_lambda_n,1.6260000000000001
DPKI_rho_block,0.7026000000000001
DPKI_EW_tx,2.945534807259473
DPKI_eta_val,0.27688125725393786
DPKI_alpha_approx,0.8155633807192384
M/H2/1_lambda_rate,1.6260000000000001
M/H2/1_rho,0.30894000000000005
M/H2/1_EW,0.25646687697160886
M/H2/1_eta_val,0.8066174157694193
M/H2/1_alpha_approx,0.20687064953329273


Percentile,DPKI_Sim_Time_Value,DPKI_Sim_Tail_Prob,DPKI_Approx_Tail_Prob,M/H2/1_Sim_Time_Value,M/H2/1_Sim_Tail_Prob,M/H2/1_Approx_Tail_Prob
0.0,3.1703649712904083e-08,1.0,0.8155633735601037,0.0,1.0,0.20687064953329273
0.1,0.0010013134307270384,0.9990000000000001,0.8153373012548268,0.0,0.9990000000000001,0.20687064953329273
0.2,0.0019997781872409244,0.998,0.8151119273759048,0.0,0.998,0.20687064953329273
0.30000000000000004,0.0030061829096372852,0.997,0.8148848243270035,0.0,0.997,0.20687064953329273
0.4,0.004022200688962692,0.996,0.814655616200988,0.0,0.996,0.20687064953329273
0.5,0.005036768780106285,0.995,0.8144267994497993,0.0,0.995,0.20687064953329273
0.6000000000000001,0.006053139167965235,0.9940000000000001,0.8141976406648319,0.0,0.9940000000000001,0.20687064953329273
0.7000000000000001,0.007077556195133599,0.993,0.8139667328689815,0.0,0.993,0.20687064953329273
0.8,0.008102754393526779,0.992,0.8137357145546871,0.0,0.992,0.20687064953329273
0.9,0.009140112830418391,0.991,0.8135020227886818,0.0,0.991,0.20687064953329273
1.0,0.010177413780190867,0.99,0.81326841108006,0.0,0.99,0.20687064953329273
1.1,0.011224534450567916,0.9890000000000001,0.8130326559025155,0.0,0.9890000000000001,0.20687064953329273
1.2000000000000002,0.012276964037511525,0.988,0.8127957743056241,0.0,0.988,0.20687064953329273
1.3,0.013326331675198767,0.987,0.8125596506103284,0.0,0.987,0.20687064953329273
1.4000000000000001,0.014384768249756794,0.986,0.8123215557537299,0.0,0.986,0.20687064953329273
1.5,0.01545518911927464,0.985,0.8120808359905367,0.0,0.985,0.20687064953329273
1.6,0.016522859570271275,0.9840000000000001,0.8118408058096439,0.0,0.9840000000000001,0.20687064953329273
1.7000000000000002,0.017609741347034837,0.983,0.8115965294742741,0.0,0.983,0.20687064953329273
1.8,0.018693639263155697,0.982,0.8113529969590341,0.0,0.982,0.20687064953329273
1.9000000000000001,0.019780012100340385,0.981,0.8111089816994916,0.0,0.981,0.20687064953329273
2.0,0.02086837908440434,0.98,0.8108645921153567,0.0,0.98,0.20687064953329273
2.1,0.02196629880122821,0.9790000000000001,0.810618132100911,0.0,0.9790000000000001,0.20687064953329273
2.2,0.023070041757410988,0.978,0.8103704403988365,0.0,0.978,0.20687064953329273
2.3000000000000003,0.0241772030686056,0.977,0.810122057617783,0.0,0.977,0.20687064953329273
2.4000000000000004,0.02529385253317623,0.976,0.8098716233574275,0.0,0.976,0.20687064953329273
2.5,0.026416855139623947,0.975,0.8096198423382769,0.0,0.975,0.20687064953329273
2.6,0.02754072484135272,0.9740000000000001,0.809367945280289,0.0,0.9740000000000001,0.20687064953329273
2.7,0.028685194099753057,0.973,0.8091115117082613,0.0,0.973,0.20687064953329273
2.8000000000000003,0.02982232581527314,0.972,0.8088568026771039,0.0,0.972,0.20687064953329273
2.9000000000000004,0.030958677671486818,0.971,0.8086023484287913,0.0,0.971,0.20687064953329273
3.0,0.032108541931906,0.97,0.8083449499359251,0.0,0.97,0.20687064953329273
3.1,0.03326095093391643,0.9690000000000001,0.8080870640082057,0.0,0.9690000000000001,0.20687064953329273
3.2,0.03442737171973391,0.968,0.8078261263051436,0.0,0.968,0.20687064953329273
3.3000000000000003,0.035598417361336225,0.9670000000000001,0.8075642387452805,0.0,0.9670000000000001,0.20687064953329273
3.4000000000000004,0.03677669787710811,0.966,0.8073008188987564,0.0,0.966,0.20687064953329273
3.5,0.03795514377107177,0.965,0.8070374480229608,0.0,0.965,0.20687064953329273
3.6,0.03912952066382106,0.9640000000000001,0.8067750720049457,0.0,0.9640000000000001,0.20687064953329273
3.7,0.04030879726428997,0.963,0.8065116871434953,0.0,0.963,0.20687064953329273
3.8000000000000003,0.041507452300479336,0.9620000000000001,0.8062440623335235,0.0,0.9620000000000001,0.20687064953329273
3.9000000000000004,0.04271822179450007,0.961,0.8059738228741258,0.0,0.961,0.20687064953329273
4.0,0.04393413195171845,0.96,0.8057025271942944,0.0,0.96,0.20687064953329273
4.1000000000000005,0.04514501174707872,0.9590000000000001,0.8054324446501657,0.0,0.9590000000000001,0.20687064953329273
4.2,0.0463750924366691,0.958,0.8051581721131061,0.0,0.958,0.20687064953329273
4.3,0.04759403832008372,0.9570000000000001,0.8048864744501816,0.0,0.9570000000000001,0.20687064953329273
4.4,0.048827925007476604,0.956,0.8046115399237268,0.0,0.956,0.20687064953329273
4.5,0.050066660282226776,0.955,0.8043356195022966,0.0,0.955,0.20687064953329273
4.6000000000000005,0.05132099843735906,0.9540000000000001,0.8040563200530327,0.0,0.9540000000000001,0.20687064953329273
4.7,0.05258163923996048,0.953,0.803775714930255,0.0,0.953,0.20687064953329273
4.800000000000001,0.05384190246680093,0.9520000000000001,0.8034952917353164,0.0,0.9520000000000001,0.20687064953329273
4.9,0.05511053642223291,0.951,0.8032131047676446,0.0,0.951,0.20687064953329273
5.0,0.05638800827559297,0.95,0.8029290520952649,0.0,0.95,0.20687064953329273
5.1000000000000005,0.05766355550136767,0.9490000000000001,0.8026455276011392,0.0,0.9490000000000001,0.20687064953329273
5.2,0.058960081231609625,0.948,0.8023574426725063,0.0,0.948,0.20687064953329273
5.300000000000001,0.06025335726482073,0.9470000000000001,0.8020701828296436,0.0,0.9470000000000001,0.20687064953329273
5.4,0.0615646895087727,0.946,0.8017790173863383,0.0,0.946,0.20687064953329273
5.5,0.06286062226092139,0.945,0.8014913750573653,0.0,0.945,0.20687064953329273
5.6000000000000005,0.06417093879410815,0.9440000000000001,0.8012006450540066,0.0,0.9440000000000001,0.20687064953329273
5.7,0.06549923826881146,0.943,0.8009060326762131,0.0,0.943,0.20687064953329273
5.800000000000001,0.06683255186211513,0.9420000000000001,0.8006104171308064,0.0,0.9420000000000001,0.20687064953329273
5.9,0.06816531368930379,0.941,0.8003150329645901,0.0,0.941,0.20687064953329273
6.0,0.06952078065373114,0.94,0.8000147283700189,0.0,0.94,0.20687064953329273
6.1000000000000005,0.07088295281673732,0.9390000000000001,0.7997130517559393,0.0,0.9390000000000001,0.20687064953329273
6.2,0.07225249081257135,0.938,0.7994098585338043,0.0,0.938,0.20687064953329273
6.300000000000001,0.07362099889083724,0.937,0.7991070081377769,0.0,0.937,0.20687064953329273
6.4,0.0749854398768077,0.9359999999999999,0.7988051720096362,0.0,0.9359999999999999,0.20687064953329273
6.5,0.07637586744359624,0.935,0.7984977045209745,0.0,0.935,0.20687064953329273
6.6000000000000005,0.07777448610538275,0.934,0.7981885451170997,0.0,0.934,0.20687064953329273
6.7,0.07917779695021919,0.9329999999999999,0.7978784688259641,0.0,0.9329999999999999,0.20687064953329273
6.800000000000001,0.080596876225318,0.932,0.7975650308289095,0.0,0.932,0.20687064953329273
6.9,0.08201564262605048,0.9309999999999999,0.7972517850277695,0.0,0.9309999999999999,0.20687064953329273
7.0,0.0834414917700508,0.93,0.7969370993967252,0.0,0.93,0.20687064953329273
7.1000000000000005,0.08488887267092407,0.929,0.7966177887339612,0.0,0.929,0.20687064953329273
7.2,0.08633987513821041,0.9279999999999999,0.796297807527013,0.0,0.9279999999999999,0.20687064953329273
7.300000000000001,0.08779892779173375,0.927,0.7959761806587665,0.0,0.927,0.20687064953329273
7.4,0.08926061302261684,0.9259999999999999,0.7956541037349925,0.0,0.9259999999999999,0.20687064953329273
7.5,0.09073352658947187,0.925,0.7953296845167912,0.0,0.925,0.20687064953329273
7.6000000000000005,0.09221588031410025,0.924,0.7950033195923805,0.0,0.924,0.20687064953329273
7.7,0.09372178842008347,0.9229999999999999,0.7946719059106939,0.0,0.9229999999999999,0.20687064953329273
7.800000000000001,0.09521915824510169,0.922,0.7943425082806346,0.0,0.922,0.20687064953329273
7.9,0.09672594948954537,0.9209999999999999,0.7940111759166988,0.0,0.9209999999999999,0.20687064953329273
8.0,0.09824686172591499,0.92,0.793676878602456,0.0,0.92,0.20687064953329273
8.1,0.09975539667153835,0.919,0.793345440856978,0.0,0.919,0.20687064953329273
8.200000000000001,0.1012876792955742,0.9179999999999999,0.7930089272407076,0.0,0.9179999999999999,0.20687064953329273
8.3,0.10284681801310903,0.917,0.792666662112802,0.0,0.917,0.20687064953329273
8.4,0.10442161467024734,0.9159999999999999,0.7923211096791293,0.0,0.9159999999999999,0.20687064953329273
8.5,0.10599322153975849,0.915,0.791976407351662,0.0,0.915,0.20687064953329273
8.6,0.10757643973296742,0.914,0.7916293099292618,0.0,0.914,0.20687064953329273
8.700000000000001,0.10917023085073085,0.9129999999999999,0.7912800481964093,0.0,0.9129999999999999,0.20687064953329273
8.8,0.11076581639016272,0.912,0.7909305475881776,0.0,0.912,0.20687064953329273
8.9,0.11237869295463307,0.9109999999999999,0.7905774164044538,0.0,0.9109999999999999,0.20687064953329273
9.0,0.1139769636342376,0.91,0.7902276386349688,0.0,0.91,0.20687064953329273
9.1,0.11560399689512119,0.909,0.7898717251977871,0.0,0.909,0.20687064953329273
9.200000000000001,0.11722987420770557,0.9079999999999999,0.7895162247545773,0.0,0.9079999999999999,0.20687064953329273
9.3,0.11890597189819241,0.907,0.7891499110427256,0.0,0.907,0.20687064953329273
9.4,0.12056705632737383,0.9059999999999999,0.7887870461850084,0.0,0.9059999999999999,0.20687064953329273
9.5,0.12224652078400332,0.905,0.7884203358304658,0.0,0.905,0.20687064953329273
9.600000000000001,0.1239498957017523,0.904,0.7880485787796757,0.0,0.904,0.20687064953329273
9.700000000000001,0.1256482059461713,0.903,0.7876781015908473,0.0,0.903,0.20687064953329273
9.8,0.12736479575882997,0.902,0.7873038138035278,0.0,0.902,0.20687064953329273
9.9,0.12908920014848907,0.9009999999999999,0.7869280011840071,0.0,0.9009999999999999,0.20687064953329273
10.0,0.13084550019127503,0.9,0.7865454216993968,0.0,0.9,0.20687064953329273
10.100000000000001,0.13260554158803986,0.899,0.7861622138184771,0.0,0.899,0.20687064953329273
10.200000000000001,0.13440440064238138,0.898,0.7857707472213504,0.0,0.898,0.20687064953329273
10.3,0.1361895901157644,0.897,0.7853824481033149,0.0,0.897,0.20687064953329273
10.4,0.13797198858960205,0.8959999999999999,0.7849949474930786,0.0,0.8959999999999999,0.20687064953329273
10.5,0.13978678147794676,0.895,0.7846006006390798,0.0,0.895,0.20687064953329273
10.600000000000001,0.14157601251918855,0.894,0.7842120022039285,0.0,0.894,0.20687064953329273
10.700000000000001,0.14339125526819624,0.893,0.7838179510363342,0.0,0.893,0.20687064953329273
10.8,0.14522610131818384,0.892,0.7834198456244343,0.0,0.892,0.20687064953329273
10.9,0.1470588741050373,0.8909999999999999,0.7830223919045209,0.0,0.8909999999999999,0.20687064953329273
11.0,0.14893175849259274,0.89,0.7826164479212092,0.0,0.89,0.20687064953329273
11.100000000000001,0.15080546103990544,0.889,0.7822105371957105,0.0,0.889,0.20687064953329273
11.200000000000001,0.15270088881718086,0.888,0.7818001342157701,0.0,0.888,0.20687064953329273
11.3,0.15458752344562246,0.887,0.7813918489819459,0.0,0.887,0.20687064953329273
11.4,0.1565092443582509,0.8859999999999999,0.7809761899567501,0.0,0.8859999999999999,0.20687064953329273
11.5,0.15844884412529922,0.885,0.7805568880244168,0.0,0.885,0.20687064953329273
11.600000000000001,0.16040834237463342,0.884,0.7801335130425133,0.0,0.884,0.20687064953329273
11.700000000000001,0.1623705840357241,0.883,0.7797097754324805,0.0,0.883,0.20687064953329273
11.8,0.1643108046904331,0.882,0.7792910194617095,0.0,0.882,0.20687064953329273
11.9,0.16630734350543638,0.8809999999999999,0.7788603431816452,0.0,0.8809999999999999,0.20687064953329273
12.0,0.1683215814975836,0.88,0.7784260901742152,0.0,0.88,0.20687064953329273
12.100000000000001,0.17032882313511902,0.879,0.7779935863804045,0.0,0.879,0.20687064953329273
12.200000000000001,0.17235013871494143,0.878,0.777558292887917,0.0,0.878,0.20687064953329273
12.3,0.17437052724643853,0.877,0.7771234424193525,0.0,0.877,0.20687064953329273
12.4,0.17640512381522716,0.8759999999999999,0.7766857797008011,0.0,0.8759999999999999,0.20687064953329273
12.5,0.17847241780025647,0.875,0.7762413358876254,0.0,0.875,0.20687064953329273
12.600000000000001,0.18056665149613668,0.8740000000000001,0.7757913596713568,0.0,0.8740000000000001,0.20687064953329273
12.700000000000001,0.18268840017697996,0.873,0.7753357374724,0.0,0.873,0.20687064953329273
12.8,0.18482050373434336,0.872,0.7748781612262542,0.0,0.872,0.20687064953329273
12.9,0.18697161133599063,0.871,0.774416780139485,0.0,0.871,0.20687064953329273
13.0,0.18910001665513926,0.87,0.7739605387442371,0.0,0.87,0.20687064953329273
13.100000000000001,0.19126357306746294,0.8690000000000001,0.7734970379050113,0.0,0.8690000000000001,0.20687064953329273
13.200000000000001,0.19344800755676977,0.868,0.7730293459410695,0.0,0.868,0.20687064953329273
13.3,0.19564468455366574,0.867,0.7725593180003476,0.0,0.867,0.20687064953329273
13.4,0.19784898356151004,0.866,0.7720879464425576,0.0,0.866,0.20687064953329273
13.5,0.20009151792747829,0.865,0.7716086936912357,0.0,0.865,0.20687064953329273
13.600000000000001,0.20234714026451087,0.8640000000000001,0.771126943997534,0.0,0.8640000000000001,0.20687064953329273
13.700000000000001,0.20462582745517682,0.863,0.7706405735813047,0.0,0.863,0.20687064953329273
13.8,0.20692067168463435,0.862,0.770151064590882,0.0,0.862,0.20687064953329273
13.9,0.20921318121687368,0.861,0.7696623640710457,0.0,0.861,0.20687064953329273
14.0,0.21153175446154238,0.86,0.7691684228917846,0.0,0.86,0.20687064953329273
14.100000000000001,0.2138827075932499,0.8590000000000001,0.768667907272201,0.0,0.8590000000000001,0.20687064953329273
14.200000000000001,0.21623142944160886,0.858,0.7681681919242427,0.0,0.858,0.20687064953329273
14.3,0.2186084473730764,0.857,0.7676627870473502,0.0,0.857,0.20687064953329273
14.4,0.22102472319441235,0.856,0.767149375908519,0.0,0.856,0.20687064953329273
14.5,0.22349673827064934,0.855,0.7666244766122442,0.0,0.855,0.20687064953329273
14.600000000000001,0.2259259898236743,0.8540000000000001,0.76610900746004,0.0,0.8540000000000001,0.20687064953329273
14.700000000000001,0.2284019019475409,0.853,0.7655839939246764,0.0,0.853,0.20687064953329273
14.8,0.23084632595705656,0.852,0.7650660103554058,0.0,0.852,0.20687064953329273
14.9,0.23334325194753916,0.851,0.7645372632295191,0.0,0.851,0.20687064953329273
15.0,0.2358773172524397,0.85,0.7640010251271773,0.0,0.85,0.20687064953329273
15.100000000000001,0.23840787697027482,0.8490000000000001,0.7634659041799797,0.0,0.8490000000000001,0.20687064953329273
15.200000000000001,0.24098001935989924,0.848,0.7629223741130708,0.0,0.848,0.20687064953329273
15.3,0.2435701885804636,0.847,0.7623754257509556,0.0,0.847,0.20687064953329273
15.4,0.24615175071789752,0.846,0.7618306850498116,0.0,0.846,0.20687064953329273
15.5,0.24874587049364477,0.845,0.7612836866139532,0.0,0.845,0.20687064953329273
15.600000000000001,0.25136190383054935,0.8440000000000001,0.7607324652023278,0.0,0.8440000000000001,0.20687064953329273
15.700000000000001,0.2540287222785971,0.843,0.7601709537351418,0.0,0.843,0.20687064953329273
15.8,0.2567242114070317,0.8420000000000001,0.7596038266872928,0.0,0.8420000000000001,0.20687064953329273
15.9,0.259436976173288,0.841,0.759033492051874,0.0,0.841,0.20687064953329273
16.0,0.2621405780519095,0.84,0.7584655098904948,0.0,0.84,0.20687064953329273
16.1,0.2648691253155151,0.8390000000000001,0.7578927180336856,0.0,0.8390000000000001,0.20687064953329273
16.2,0.26764080661170514,0.838,0.7573113141213562,0.0,0.838,0.20687064953329273
16.3,0.2704383301914567,0.8370000000000001,0.7567249416517507,0.0,0.8370000000000001,0.20687064953329273
16.400000000000002,0.2732450024044466,0.836,0.7561371078377087,0.0,0.836,0.20687064953329273
16.5,0.27605601929458456,0.835,0.7555488217653389,0.0,0.835,0.20687064953329273
16.6,0.2788953505532156,0.8340000000000001,0.7549550747303561,0.0,0.8340000000000001,0.20687064953329273
16.7,0.28180146234642267,0.833,0.7543478460600727,0.0,0.833,0.20687064953329273
16.8,0.2846898170921725,0.8320000000000001,0.7537448116463568,0.0,0.8320000000000001,0.20687064953329273
16.900000000000002,0.2876157601926814,0.831,0.7531344210098401,0.0,0.831,0.20687064953329273
17.0,0.2905659064634238,0.83,0.7525194817200951,0.0,0.83,0.20687064953329273
17.1,0.29349954883405344,0.8290000000000001,0.7519084804610321,0.0,0.8290000000000001,0.20687064953329273
17.2,0.29649366274160316,0.828,0.7512853960951779,0.0,0.828,0.20687064953329273
17.3,0.29949414121117907,0.8270000000000001,0.7506615052231076,0.0,0.8270000000000001,0.20687064953329273
17.400000000000002,0.30253714837609125,0.826,0.750029300503515,0.0,0.826,0.20687064953329273
17.5,0.3056236873898913,0.825,0.7493885956748424,0.0,0.825,0.20687064953329273
17.6,0.30867400053244126,0.8240000000000001,0.7487559483444415,0.0,0.8240000000000001,0.20687064953329273
17.7,0.31177615153772736,0.823,0.7481130974123666,0.0,0.823,0.20687064953329273
17.8,0.31489623917842857,0.8220000000000001,0.7474670862369653,0.0,0.8220000000000001,0.20687064953329273
17.900000000000002,0.3180265264628856,0.821,0.7468195238169455,0.0,0.821,0.20687064953329273
18.0,0.3212054493826772,0.82,0.7461624742954058,0.0,0.82,0.20687064953329273
18.1,0.3244228762980751,0.8190000000000001,0.7454980550210067,0.0,0.8190000000000001,0.20687064953329273
18.2,0.3275966521278971,0.818,0.7448432296233697,0.0,0.818,0.20687064953329273
18.3,0.33079936317710223,0.8170000000000001,0.7441830172713423,0.0,0.8170000000000001,0.20687064953329273
18.400000000000002,0.33404322449564616,0.816,0.7435149186540789,0.0,0.816,0.20687064953329273
18.5,0.3373329608396444,0.815,0.7428379842903008,0.0,0.815,0.20687064953329273
18.6,0.34060138672699686,0.8140000000000001,0.7421660453551312,0.0,0.8140000000000001,0.20687064953329273
18.7,0.34399264535021384,0.813,0.7414694963592494,0.0,0.813,0.20687064953329273
18.8,0.34734408639064035,0.812,0.7407817679822902,0.0,0.812,0.20687064953329273
18.900000000000002,0.35071414806698625,0.8109999999999999,0.7400908617876469,0.0,0.8109999999999999,0.20687064953329273
19.0,0.3541285223167877,0.81,0.7393915280939692,0.0,0.81,0.20687064953329273
19.1,0.35756463158378815,0.809,0.7386884097671552,0.0,0.809,0.20687064953329273
19.200000000000003,0.3609900971614908,0.8079999999999999,0.7379881349408917,0.0,0.8079999999999999,0.20687064953329273
19.3,0.3644665656072904,0.807,0.7372781122514414,0.0,0.807,0.20687064953329273
19.400000000000002,0.36799309443496403,0.8059999999999999,0.7365585633309201,0.0,0.8059999999999999,0.20687064953329273
19.5,0.3715405735243739,0.805,0.7358354482577797,0.0,0.805,0.20687064953329273
19.6,0.3751090508848761,0.804,0.7351087691464187,0.0,0.804,0.20687064953329273
19.700000000000003,0.37875203828971404,0.8029999999999999,0.7343676571914518,0.0,0.8029999999999999,0.20687064953329273
19.8,0.3823716125999699,0.802,0.7336320482628784,0.0,0.802,0.20687064953329273
19.900000000000002,0.38602973107048866,0.8009999999999999,0.7328893546356708,0.0,0.8009999999999999,0.20687064953329273
20.0,0.3896724477968423,0.8,0.7321505350914266,0.0,0.8,0.20687064953329273
20.1,0.3933595217851214,0.799,0.7314034774157084,0.0,0.799,0.20687064953329273
20.200000000000003,0.39707021341010307,0.7979999999999999,0.730652404051363,0.0,0.7979999999999999,0.20687064953329273
20.3,0.4007692971532545,0.797,0.729904447871971,0.0,0.797,0.20687064953329273
20.400000000000002,0.40451959338479976,0.7959999999999999,0.7291469181474738,0.0,0.7959999999999999,0.20687064953329273
20.5,0.408319709401546,0.795,0.7283801271587518,0.0,0.795,0.20687064953329273
20.6,0.4121183495029747,0.794,0.7276144398905333,0.0,0.794,0.20687064953329273
20.700000000000003,0.41593817890224427,0.7929999999999999,0.726845293172291,0.0,0.7929999999999999,0.20687064953329273
20.8,0.4197645478166974,0.792,0.7260756448197234,0.0,0.792,0.20687064953329273
20.900000000000002,0.42360764935968365,0.7909999999999999,0.7253034511358926,0.0,0.7909999999999999,0.20687064953329273
21.0,0.4275128819973769,0.79,0.7245196147215636,0.0,0.79,0.20687064953329273
21.1,0.4314453526635669,0.789,0.7237311672166826,0.0,0.789,0.20687064953329273
21.200000000000003,0.4353817609877829,0.7879999999999999,0.7229427895291517,0.0,0.7879999999999999,0.20687064953329273
21.3,0.43932908586658365,0.787,0.7221530878647733,0.0,0.787,0.20687064953329273
21.400000000000002,0.44335212854015904,0.7859999999999999,0.7213491256994221,0.0,0.7859999999999999,0.20687064953329273
21.5,0.44731690459942236,0.785,0.7205576831884144,0.0,0.785,0.20687064953329273
21.6,0.45135262070503984,0.784,0.7197529715197072,0.0,0.784,0.20687064953329273
21.700000000000003,0.45538448616500965,0.7829999999999999,0.7189499250685937,0.0,0.7829999999999999,0.20687064953329273
21.8,0.4594981778029536,0.782,0.7181315043279124,0.0,0.782,0.20687064953329273
21.900000000000002,0.4636250137351501,0.7809999999999999,0.7173114046470108,0.0,0.7809999999999999,0.20687064953329273
22.0,0.46773805943123264,0.78,0.7164949772699191,0.0,0.78,0.20687064953329273
22.1,0.471891836445333,0.779,0.7156714079311959,0.0,0.779,0.20687064953329273
22.200000000000003,0.47602194340435705,0.778,0.7148534702250346,0.0,0.778,0.20687064953329273
22.3,0.4801977633169793,0.777,0.7140274297910211,0.0,0.777,0.20687064953329273
22.400000000000002,0.48440149490388806,0.7759999999999999,0.7131968321152755,0.0,0.7759999999999999,0.20687064953329273
22.5,0.4886493896197278,0.775,0.7123584899063775,0.0,0.775,0.20687064953329273
22.6,0.4928367431880063,0.774,0.7115330602661569,0.0,0.774,0.20687064953329273
22.700000000000003,0.4970750020084746,0.773,0.7106985699132743,0.0,0.773,0.20687064953329273
22.8,0.5013832377983476,0.772,0.7098513045325944,0.0,0.772,0.20687064953329273
22.900000000000002,0.5056968531825451,0.7709999999999999,0.7090039931580849,0.0,0.7709999999999999,0.20687064953329273
23.0,0.5100277610786376,0.77,0.7081543025422551,0.0,0.77,0.20687064953329273
23.1,0.5144098155194116,0.769,0.707295613768286,0.0,0.769,0.20687064953329273
23.200000000000003,0.5187917041898752,0.768,0.7064379986417029,0.0,0.768,0.20687064953329273
23.3,0.5231623058886639,0.767,0.7055836284486067,0.0,0.767,0.20687064953329273
23.400000000000002,0.5275266803304481,0.7659999999999999,0.7047315066403443,0.0,0.7659999999999999,0.20687064953329273
23.5,0.531907877137295,0.765,0.7038771354007943,0.0,0.765,0.20687064953329273
23.6,0.5363366351573868,0.764,0.7030145420212419,0.0,0.764,0.20687064953329273
23.700000000000003,0.5408504431579506,0.763,0.7021364711122466,0.0,0.763,0.20687064953329273
23.8,0.5453457801420937,0.762,0.7012630833663567,0.0,0.762,0.20687064953329273
23.900000000000002,0.5498642047198397,0.7609999999999999,0.7003863047785868,0.0,0.7609999999999999,0.20687064953329273
24.0,0.5544239711336602,0.76,0.699502615315716,0.0,0.76,0.20687064953329273
24.1,0.5589951579809567,0.759,0.6986178317133411,0.0,0.759,0.20687064953329273
24.200000000000003,0.5635172613242848,0.758,0.6977436497346038,0.0,0.758,0.20687064953329273
24.3,0.568100722699244,0.757,0.6968587226656239,0.0,0.757,0.20687064953329273
24.400000000000002,0.5726927210274614,0.7559999999999999,0.6959732728332308,0.0,0.7559999999999999,0.20687064953329273
24.5,0.5773081179963293,0.755,0.6950844448602757,0.0,0.755,0.20687064953329273
24.6,0.5819675133056994,0.754,0.6941882951375986,0.0,0.754,0.20687064953329273
24.700000000000003,0.5865971619399737,0.753,0.6932990109844643,0.0,0.753,0.20687064953329273
24.8,0.5912689493968887,0.752,0.6924027874192494,0.0,0.752,0.20687064953329273
24.900000000000002,0.595923408398197,0.7509999999999999,0.6915110402068347,0.0,0.7509999999999999,0.20687064953329273
25.0,0.6006283039080117,0.75,0.690610797083238,0.0,0.75,0.20687064953329273
25.1,0.6053688523746503,0.7490000000000001,0.6897049173913097,0.0,0.7490000000000001,0.20687064953329273
25.200000000000003,0.6101143270210774,0.748,0.688799286448964,0.0,0.748,0.20687064953329273
25.3,0.6148706537065546,0.747,0.6878927777310112,0.0,0.747,0.20687064953329273
25.400000000000002,0.6197026769485365,0.746,0.6869730636525374,0.0,0.746,0.20687064953329273
25.5,0.624488023178224,0.745,0.6860634458534184,0.0,0.745,0.20687064953329273
25.6,0.6292770473235882,0.7440000000000001,0.6851543347504702,0.0,0.7440000000000001,0.20687064953329273
25.700000000000003,0.6341448042450499,0.743,0.6842315121654113,0.0,0.743,0.20687064953329273
25.8,0.6389468237264295,0.742,0.6833223698692643,0.0,0.742,0.20687064953329273
25.900000000000002,0.6437630307369416,0.741,0.6824117548589674,0.0,0.741,0.20687064953329273
26.0,0.6486177019151123,0.74,0.6814950953941262,0.0,0.74,0.20687064953329273
26.1,0.6534155722982481,0.7390000000000001,0.6805903708573834,0.0,0.7390000000000001,0.20687064953329273
26.200000000000003,0.658299417266271,0.738,0.6796706678116071,0.0,0.738,0.20687064953329273
26.3,0.6632217513755445,0.737,0.678744974218641,0.0,0.737,0.20687064953329273
26.400000000000002,0.6681297534652585,0.736,0.6778232311746546,0.0,0.736,0.20687064953329273
26.5,0.6730895739992742,0.735,0.6768930280374281,0.0,0.735,0.20687064953329273
26.6,0.6780577809799551,0.7340000000000001,0.6759625318335333,0.0,0.7340000000000001,0.20687064953329273
26.700000000000003,0.6830036319844692,0.733,0.6750374931793283,0.0,0.733,0.20687064953329273
26.8,0.6879571369597146,0.732,0.6741122918105816,0.0,0.732,0.20687064953329273
26.900000000000002,0.6929446848082165,0.731,0.6731820131844429,0.0,0.731,0.20687064953329273
27.0,0.6979880394478374,0.73,0.672242630872298,0.0,0.73,0.20687064953329273
27.1,0.7029960745874443,0.7290000000000001,0.671311124333764,0.0,0.7290000000000001,0.20687064953329273
27.200000000000003,0.707964701870302,0.728,0.6703882233210742,0.0,0.728,0.20687064953329273
27.3,0.7129710153340105,0.727,0.6694596055108817,0.0,0.727,0.20687064953329273
27.400000000000002,0.7179574552752429,0.726,0.6685359526963482,0.0,0.726,0.20687064953329273
27.5,0.7230685664307606,0.725,0.6675905292077318,0.0,0.725,0.20687064953329273
27.6,0.7281174929477805,0.7240000000000001,0.6666579209665136,0.0,0.7240000000000001,0.20687064953329273
27.700000000000003,0.7332063750824346,0.723,0.6657192506897615,0.0,0.723,0.20687064953329273
27.8,0.738315576737101,0.722,0.664778161968066,0.0,0.722,0.20687064953329273
27.900000000000002,0.7434217527994028,0.721,0.6638389597264119,0.0,0.721,0.20687064953329273
28.0,0.7485679770383271,0.72,0.6628937337976017,0.0,0.72,0.20687064953329273
28.1,0.7537396401179939,0.7190000000000001,0.6619451913028698,0.0,0.7190000000000001,0.20687064953329273
28.200000000000003,0.758904117866876,0.718,0.6609993211347105,0.0,0.718,0.20687064953329273
28.3,0.7640422865810849,0.7170000000000001,0.66005961071687,0.0,0.7170000000000001,0.20687064953329273
28.400000000000002,0.7692105571440289,0.716,0.6591157427255603,0.0,0.716,0.20687064953329273
28.5,0.7744041560966869,0.715,0.6581686087168742,0.0,0.715,0.20687064953329273
28.6,0.7795874862120491,0.7140000000000001,0.6572247043683049,0.0,0.7140000000000001,0.20687064953329273
28.700000000000003,0.7847500585537043,0.713,0.6562859256605971,0.0,0.713,0.20687064953329273
28.8,0.7899594988014744,0.7120000000000001,0.6553399836024629,0.0,0.7120000000000001,0.20687064953329273
28.900000000000002,0.795142097682142,0.711,0.6544002683847808,0.0,0.711,0.20687064953329273
29.0,0.800358249677173,0.71,0.6534558298758716,0.0,0.71,0.20687064953329273
29.1,0.8055887148572053,0.7090000000000001,0.6525101684549424,0.0,0.7090000000000001,0.20687064953329273
29.200000000000003,0.8108632962720552,0.708,0.6515579167649244,0.0,0.708,0.20687064953329273
29.3,0.8161021498358131,0.7070000000000001,0.6506134908384875,0.0,0.7070000000000001,0.20687064953329273
29.400000000000002,0.8213791808154582,0.706,0.6496635664698083,0.0,0.706,0.20687064953329273
29.5,0.8266317207419901,0.705,0.648719428057776,0.0,0.705,0.20687064953329273
29.6,0.8319005136688423,0.7040000000000001,0.6477737466501107,0.0,0.7040000000000001,0.20687064953329273
29.700000000000003,0.8371985574249272,0.703,0.646824205170485,0.0,0.703,0.20687064953329273
29.8,0.8424758993673361,0.7020000000000001,0.6458797577157768,0.0,0.7020000000000001,0.20687064953329273
29.900000000000002,0.8478448672503401,0.701,0.6449203277597454,0.0,0.701,0.20687064953329273
30.0,0.8531854503569409,0.7,0.6439673840573087,0.0,0.7,0.20687064953329273
30.1,0.8585661840334308,0.6990000000000001,0.6430087001093688,0.0,0.6990000000000001,0.20687064953329273
30.200000000000003,0.863878569747304,0.698,0.6420635938383894,0.0,0.698,0.20687064953329273
30.3,0.8692676506437645,0.6970000000000001,0.6411062623723349,0.0,0.6970000000000001,0.20687064953329273
30.400000000000002,0.8746413555918943,0.696,0.6401530836348791,0.0,0.696,0.20687064953329273
30.5,0.8800009522148501,0.695,0.6392038189934252,0.0,0.695,0.20687064953329273
30.6,0.8853635259067314,0.6940000000000001,0.6382554358785555,0.0,0.6940000000000001,0.20687064953329273
30.700000000000003,0.8907404449014104,0.693,0.637305928524959,0.0,0.693,0.20687064953329273
30.8,0.8961601599617587,0.6920000000000001,0.636350293283921,0.0,0.6920000000000001,0.20687064953329273
30.900000000000002,0.9015392005387498,0.691,0.6354032468828308,0.0,0.691,0.20687064953329273
31.0,0.9069307632639834,0.69,0.6344554101659711,0.0,0.69,0.20687064953329273
31.1,0.9123279209320964,0.6890000000000001,0.6335080059555647,0.0,0.6890000000000001,0.20687064953329273
31.200000000000003,0.9177452806775548,0.688,0.6325584781877932,0.0,0.688,0.20687064953329273
31.3,0.9231403596595301,0.687,0.6316142701070366,0.0,0.687,0.20687064953329273
31.400000000000002,0.928634628991223,0.6859999999999999,0.6306541509367145,0.0,0.6859999999999999,0.20687064953329273
31.5,0.9340584455484748,0.685,0.6297077748700487,0.0,0.685,0.20687064953329273
31.6,0.9395264489299331,0.684,0.6287551264061763,0.0,0.684,0.20687064953329273
31.700000000000003,0.94496781585165,0.6829999999999999,0.6278085493057028,0.0,0.6829999999999999,0.20687064953329273
31.8,0.9504415396209859,0.682,0.6268577812094319,0.0,0.682,0.20687064953329273
31.900000000000002,0.9558951457448285,0.6809999999999999,0.6259119394231585,0.0,0.6809999999999999,0.20687064953329273
32.0,0.961362317110065,0.68,0.624965177432166,0.0,0.68,0.20687064953329273
32.1,0.9668446191459884,0.679,0.6240172332621181,0.0,0.679,0.20687064953329273
32.2,0.9723253058527506,0.6779999999999999,0.6230710056003875,0.0,0.6779999999999999,0.20687064953329273
32.300000000000004,0.977829772214423,0.6769999999999999,0.6221221165965892,0.0,0.6769999999999999,0.20687064953329273
32.4,0.983312197767398,0.6759999999999999,0.6211784635234905,0.0,0.6759999999999999,0.20687064953329273
32.5,0.9887614457686541,0.675,0.620241939477579,0.0,0.675,0.20687064953329273
32.6,0.9943002492135501,0.674,0.6192914711083604,0.0,0.674,0.20687064953329273
32.7,0.9999343774712443,0.6729999999999999,0.6183261391500566,0.0,0.6729999999999999,0.20687064953329273
32.800000000000004,1.0054903314058932,0.6719999999999999,0.6173756748755337,0.0,0.6719999999999999,0.20687064953329273
32.9,1.011055999477968,0.6709999999999999,0.6164250136361785,0.0,0.6709999999999999,0.20687064953329273
33.0,1.0166284197446946,0.67,0.6154746655997868,0.0,0.67,0.20687064953329273
33.1,1.022192544967562,0.669,0.6145271941324877,0.0,0.669,0.20687064953329273
33.2,1.0277782222871448,0.6679999999999999,0.613577519761789,0.0,0.6679999999999999,0.20687064953329273
33.300000000000004,1.0333526595784641,0.6669999999999999,0.6126312195924234,0.0,0.6669999999999999,0.20687064953329273
33.4,1.0389781029000063,0.6659999999999999,0.6116777403208052,0.0,0.6659999999999999,0.20687064953329273
33.5,1.0446126554385726,0.665,0.6107242046601596,0.0,0.665,0.20687064953329273
33.6,1.0501803688817566,0.664,0.6097834403009892,0.0,0.664,0.20687064953329273
33.7,1.0558064156900917,0.6629999999999999,0.6088342914876077,0.0,0.6629999999999999,0.20687064953329273
33.800000000000004,1.0614680940019723,0.6619999999999999,0.6078806228621595,0.0,0.6619999999999999,0.20687064953329273
33.9,1.0671293184416144,0.6609999999999999,0.6069285243204321,0.0,0.6609999999999999,0.20687064953329273
34.0,1.0728428501346376,0.66,0.6059691407588277,0.0,0.66,0.20687064953329273
34.1,1.0784949272785598,0.659,0.6050215684383938,0.0,0.659,0.20687064953329273
34.2,1.0841409831567141,0.6579999999999999,0.6040764849662894,0.0,0.6579999999999999,0.20687064953329273
34.300000000000004,1.089794339913193,0.6569999999999999,0.6031316585590831,0.0,0.6569999999999999,0.20687064953329273
34.4,1.095522121941465,0.6559999999999999,0.6021759007955502,0.0,0.6559999999999999,0.20687064953329273
34.5,1.1011992203155503,0.655,0.6012300947972574,0.0,0.655,0.20687064953329273
34.6,1.1069345274342768,0.654,0.6002760996525979,0.0,0.654,0.20687064953329273
34.7,1.1126201578078436,0.653,0.5993318617382432,0.0,0.653,0.20687064953329273
34.800000000000004,1.1183937768812278,0.6519999999999999,0.5983745310854899,0.0,0.6519999999999999,0.20687064953329273
34.9,1.1240980324076768,0.6509999999999999,0.597430203420861,0.0,0.6509999999999999,0.20687064953329273
35.0,1.1297940757618017,0.65,0.5964887223439956,0.0,0.65,0.20687064953329273
35.1,1.1355801404999672,0.649,0.5955338809263645,0.0,0.649,0.20687064953329273
35.2,1.1413596409024631,0.648,0.5945816486663419,0.0,0.648,0.20687064953329273
35.300000000000004,1.1471757845272372,0.6469999999999999,0.5936249161405024,0.0,0.6469999999999999,0.20687064953329273
35.4,1.1529508351511137,0.6459999999999999,0.5926764664431924,0.0,0.6459999999999999,0.20687064953329273
35.5,1.1587579632235105,0.645,0.5917242766003264,0.0,0.645,0.20687064953329273
35.6,1.1646121648907872,0.644,0.5907659165662665,0.0,0.644,0.20687064953329273
35.7,1.1704280048702553,0.643,0.5898153734663982,0.0,0.643,0.20687064953329273
35.800000000000004,1.1762965733026354,0.6419999999999999,0.5888577626879307,0.0,0.6419999999999999,0.20687064953329273
35.9,1.1821156444799679,0.6409999999999999,0.5879097638315596,0.0,0.6409999999999999,0.20687064953329273
36.0,1.1879986833484588,0.64,0.5869528952715971,0.0,0.64,0.20687064953329273
36.1,1.1938571290366176,0.639,0.5860015743892187,0.0,0.639,0.20687064953329273
36.2,1.1996876026984313,0.638,0.5850563265903218,0.0,0.638,0.20687064953329273
36.300000000000004,1.2055475769973711,0.637,0.5841078324064933,0.0,0.637,0.20687064953329273
36.4,1.211438171121659,0.636,0.5831559318733883,0.0,0.636,0.20687064953329273
36.5,1.2173517074222973,0.635,0.5822018843112953,0.0,0.635,0.20687064953329273
36.6,1.2231823656536729,0.634,0.5812627358844807,0.0,0.634,0.20687064953329273
36.7,1.2291153878822663,0.633,0.5803086546645957,0.0,0.633,0.20687064953329273
36.800000000000004,1.23502784847213,0.632,0.5793594378285749,0.0,0.632,0.20687064953329273
36.9,1.2409583240319888,0.631,0.5784088885212038,0.0,0.631,0.20687064953329273
37.0,1.2468940107296114,0.63,0.5774590655738224,0.0,0.63,0.20687064953329273
37.1,1.252831475178403,0.629,0.5765105185862636,0.0,0.629,0.20687064953329273
37.2,1.2587273364610092,0.628,0.5755701597362046,0.0,0.628,0.20687064953329273
37.300000000000004,1.2646056310890086,0.627,0.5746341296690926,0.0,0.627,0.20687064953329273
37.4,1.2705673952878203,0.626,0.5736863631252952,0.0,0.626,0.20687064953329273
37.5,1.2765258301277045,0.625,0.5727406877432885,0.0,0.625,0.20687064953329273
37.6,1.282521846123647,0.624,0.5717906214219437,0.0,0.624,0.20687064953329273
37.7,1.2885197901596668,0.623,0.5708418263401299,0.0,0.623,0.20687064953329273
37.800000000000004,1.2945410709264416,0.622,0.5698909232679927,0.0,0.622,0.20687064953329273
37.9,1.3005068840149403,0.621,0.5689503420512414,0.0,0.621,0.20687064953329273
38.0,1.306486538965944,0.62,0.568009136295697,0.0,0.62,0.20687064953329273
38.1,1.3125102567101306,0.619,0.5670625692651141,0.0,0.619,0.20687064953329273
38.2,1.3185171986098985,0.618,0.5661202092300501,0.0,0.618,0.20687064953329273
38.300000000000004,1.324596236298189,0.617,0.5651681332512024,0.0,0.617,0.20687064953329273
38.400000000000006,1.3305434342767735,0.616,0.5642382549777699,0.0,0.616,0.20687064953329273
38.5,1.3365581769191501,0.615,0.5632993718051412,0.0,0.615,0.20687064953329273
38.6,1.342625623105701,0.614,0.5623538446408191,0.0,0.614,0.20687064953329273
38.7,1.3487101489777018,0.613,0.5614072496665018,0.0,0.613,0.20687064953329273
38.800000000000004,1.3547440509693933,0.612,0.56047010401416,0.0,0.612,0.20687064953329273
38.900000000000006,1.3608684358956746,0.611,0.5595205048610551,0.0,0.611,0.20687064953329273
39.0,1.366917262606093,0.61,0.5585842004291804,0.0,0.61,0.20687064953329273
39.1,1.37308101787065,0.609,0.5576317178189278,0.0,0.609,0.20687064953329273
39.2,1.379147143982319,0.608,0.5566959075798437,0.0,0.608,0.20687064953329273
39.300000000000004,1.3853117883286266,0.607,0.555746508027106,0.0,0.607,0.20687064953329273
39.400000000000006,1.391409224349499,0.606,0.5548090517913895,0.0,0.606,0.20687064953329273
39.5,1.3976116491072004,0.605,0.5538570763613317,0.0,0.605,0.20687064953329273
39.6,1.4038181500693299,0.604,0.552906110365364,0.0,0.604,0.20687064953329273
39.7,1.4099521651710885,0.603,0.5519678550371928,0.0,0.603,0.20687064953329273
39.800000000000004,1.4161177785081465,0.602,0.5510263709553334,0.0,0.602,0.20687064953329273
39.900000000000006,1.422257255461162,0.601,0.5500904735616036,0.0,0.601,0.20687064953329273
40.0,1.4284744536387937,0.6,0.5491443482874783,0.0,0.6,0.20687064953329273
40.1,1.4347264610197834,0.599,0.5481945667631792,0.0,0.599,0.20687064953329273
40.2,1.4409028730905427,0.598,0.5472578824425015,0.0,0.598,0.20687064953329273
40.300000000000004,1.447116462006326,0.597,0.5463171750235397,0.0,0.597,0.20687064953329273
40.400000000000006,1.4533381784046862,0.596,0.5453768573421066,0.0,0.596,0.20687064953329273
40.5,1.4595673709592847,0.595,0.5444370311396202,0.0,0.595,0.20687064953329273
40.6,1.4658178320097943,0.594,0.5434956239296914,0.0,0.594,0.20687064953329273
40.7,1.472146198131791,0.593,0.5425441414937796,0.0,0.593,0.20687064953329273
40.800000000000004,1.4785386740177688,0.592,0.5415847111483791,0.0,0.592,0.20687064953329273
40.900000000000006,1.4848420325260718,0.591,0.5406403175495222,0.0,0.591,0.20687064953329273
41.0,1.4910213284062654,0.59,0.5397161100088405,0.0,0.59,0.20687064953329273
41.1,1.4973482133541762,0.589,0.538771465216351,0.0,0.589,0.20687064953329273
41.2,1.5036480753995631,0.588,0.5378324979205091,0.0,0.588,0.20687064953329273
41.300000000000004,1.5100088786364745,0.587,0.5368861078405068,0.0,0.587,0.20687064953329273
41.400000000000006,1.5163757630313277,0.586,0.5359404806685282,0.0,0.586,0.20687064953329273
41.5,1.5227501589782722,0.585,0.5349954063578436,0.0,0.585,0.20687064953329273
41.6,1.5291195249939806,0.584,0.5340527423570373,0.0,0.584,0.20687064953329273
41.7,1.5355379114468968,0.583,0.5331045035425047,0.0,0.583,0.20687064953329273
41.800000000000004,1.5419375024911908,0.582,0.532160717784459,0.0,0.582,0.20687064953329273
41.900000000000006,1.548431866124947,0.581,0.5312046634713256,0.0,0.581,0.20687064953329273
42.0,1.5548568859650178,0.58,0.530260507661623,0.0,0.58,0.20687064953329273
42.1,1.561211885450401,0.579,0.5293282921409155,0.0,0.579,0.20687064953329273
42.2,1.567635424123396,0.578,0.5283876880632784,0.0,0.578,0.20687064953329273
42.300000000000004,1.5740422419517275,0.577,0.5274511973463214,0.0,0.577,0.20687064953329273
42.400000000000006,1.5805317396526992,0.576,0.5265043132819599,0.0,0.576,0.20687064953329273
42.5,1.5869739675025278,0.575,0.525566007704742,0.0,0.575,0.20687064953329273
42.6,1.593455734866663,0.574,0.5246236308415089,0.0,0.574,0.20687064953329273
42.7,1.599956960062838,0.573,0.5236801223873836,0.0,0.573,0.20687064953329273
42.800000000000004,1.6063621731666096,0.572,0.5227522074176245,0.0,0.572,0.20687064953329273
42.900000000000006,1.612838606124286,0.571,0.5218156466161221,0.0,0.571,0.20687064953329273
43.0,1.6194114701886981,0.57,0.5208668564402167,0.0,0.57,0.20687064953329273
43.1,1.625923115831269,0.569,0.5199286042366162,0.0,0.569,0.20687064953329273
43.2,1.6324347807605544,0.568,0.5189920393617681,0.0,0.568,0.20687064953329273
43.300000000000004,1.6389275262913299,0.567,0.5180598753643672,0.0,0.567,0.20687064953329273
43.400000000000006,1.6454747570753776,0.566,0.5171215843041791,0.0,0.566,0.20687064953329273
43.5,1.6520400072439654,0.565,0.5161824172832254,0.0,0.565,0.20687064953329273
43.6,1.6585488719648707,0.564,0.5152530000293726,0.0,0.564,0.20687064953329273
43.7,1.6650717595345226,0.563,0.5143232592984878,0.0,0.563,0.20687064953329273
43.800000000000004,1.6716631689540387,0.5619999999999999,0.5133854559698444,0.0,0.5619999999999999,0.20687064953329273
43.900000000000006,1.678235155114773,0.5609999999999999,0.5124521185342515,0.0,0.5609999999999999,0.20687064953329273
44.0,1.6848426167615478,0.56,0.5115154535272087,0.0,0.56,0.20687064953329273
44.1,1.6914839709057128,0.5589999999999999,0.5105757091999826,0.0,0.5589999999999999,0.20687064953329273
44.2,1.6980436488970585,0.5579999999999999,0.5096492167299939,0.0,0.5579999999999999,0.20687064953329273
44.300000000000004,1.7047208154173927,0.5569999999999999,0.5087078567516934,0.0,0.5569999999999999,0.20687064953329273
44.400000000000006,1.711310408182842,0.5559999999999999,0.5077805478107135,0.0,0.5559999999999999,0.20687064953329273
44.5,1.7179029985392527,0.555,0.5068545085569336,0.0,0.555,0.20687064953329273
44.6,1.7246130165190805,0.5539999999999999,0.5059137088238674,0.0,0.5539999999999999,0.20687064953329273
44.7,1.731304639630648,0.5529999999999999,0.5049772273000113,0.0,0.5529999999999999,0.20687064953329273
44.800000000000004,1.7379742732634422,0.5519999999999999,0.5040455481278427,0.0,0.5519999999999999,0.20687064953329273
44.900000000000006,1.7446463207254352,0.5509999999999999,0.5031152516425094,0.0,0.5509999999999999,0.20687064953329273
45.0,1.7513880176740657,0.55,0.5021769877732658,0.0,0.55,0.20687064953329273
45.1,1.758143290433574,0.5489999999999999,0.5012385895771607,0.0,0.5489999999999999,0.20687064953329273
45.2,1.7648064762848445,0.5479999999999999,0.5003147013593238,0.0,0.5479999999999999,0.20687064953329273
45.300000000000004,1.7716167741361712,0.5469999999999999,0.49937217494280856,0.0,0.5469999999999999,0.20687064953329273
45.400000000000006,1.7784499847729562,0.5459999999999999,0.4984282620216639,0.0,0.5459999999999999,0.20687064953329273
45.5,1.7852910825937671,0.545,0.49748504686832234,0.0,0.545,0.20687064953329273
45.6,1.7920576404121518,0.544,0.4965538647706725,0.0,0.544,0.20687064953329273
45.7,1.7988560015740522,0.5429999999999999,0.49562006131474173,0.0,0.5429999999999999,0.20687064953329273
45.800000000000004,1.8056906408318392,0.5419999999999999,0.4946830449599801,0.0,0.5419999999999999,0.20687064953329273
45.900000000000006,1.8125041589441313,0.5409999999999999,0.4937506875927229,0.0,0.5409999999999999,0.20687064953329273
46.0,1.8193928287955787,0.54,0.4928098329456802,0.0,0.54,0.20687064953329273
46.1,1.8263136625559147,0.539,0.4918663907446563,0.0,0.539,0.20687064953329273
46.2,1.8332071623575432,0.5379999999999999,0.49092847014355395,0.0,0.5379999999999999,0.20687064953329273
46.300000000000004,1.8400154639432607,0.5369999999999999,0.49000389697848473,0.0,0.5369999999999999,0.20687064953329273
46.400000000000006,1.8468986349896612,0.5359999999999999,0.489070926555191,0.0,0.5359999999999999,0.20687064953329273
46.5,1.8538343264257873,0.535,0.48813263408010565,0.0,0.535,0.20687064953329273
46.6,1.8607896674601947,0.534,0.4871934911033454,0.0,0.534,0.20687064953329273
46.7,1.8678458688053845,0.5329999999999999,0.4862425758310185,0.0,0.5329999999999999,0.20687064953329273
46.800000000000004,1.874795656068456,0.5319999999999999,0.48530781550691543,0.0,0.5319999999999999,0.20687064953329273
46.900000000000006,1.8817625153844546,0.5309999999999999,0.484372562579338,0.0,0.5309999999999999,0.20687064953329273
47.0,1.8887517133462373,0.53,0.4834361218736639,0.0,0.53,0.20687064953329273
47.1,1.8956774536867858,0.529,0.48250996932975765,0.0,0.529,0.20687064953329273
47.2,1.9026545574245244,0.528,0.4815787422307127,0.0,0.528,0.20687064953329273
47.300000000000004,1.9095386495963833,0.5269999999999999,0.4806616907645853,0.0,0.5269999999999999,0.20687064953329273
47.400000000000006,1.9165154210328548,0.5259999999999999,0.47973407491687586,0.0,0.5259999999999999,0.20687064953329273
47.5,1.9234878354858547,0.525,0.4788088268684635,0.0,0.525,0.20687064953329273
47.6,1.930556951479678,0.524,0.47787256818205837,0.0,0.524,0.20687064953329273
47.7,1.937615140155384,0.523,0.476939583259595,0.0,0.523,0.20687064953329273
47.800000000000004,1.9446528373466427,0.5219999999999999,0.47601112061100737,0.0,0.5219999999999999,0.20687064953329273
47.900000000000006,1.9517289610821744,0.5209999999999999,0.4750794107321637,0.0,0.5209999999999999,0.20687064953329273
48.0,1.9587870019739768,0.52,0.4741518984931453,0.0,0.52,0.20687064953329273
48.1,1.9659064804013626,0.519,0.4732181471289425,0.0,0.519,0.20687064953329273
48.2,1.9730754270504316,0.518,0.47227976583238335,0.0,0.518,0.20687064953329273
48.300000000000004,1.9802127323118395,0.5169999999999999,0.4713473747380509,0.0,0.5169999999999999,0.20687064953329273
48.400000000000006,1.9874135883404178,0.5159999999999999,0.47040854701326434,0.0,0.5159999999999999,0.20687064953329273
48.5,1.9945012086739788,0.515,0.46948630874072594,0.0,0.515,0.20687064953329273
48.6,2.001677906256958,0.514,0.46855432203850955,0.0,0.514,0.20687064953329273
48.7,2.0088505775789707,0.513,0.4676247067477716,0.0,0.513,0.20687064953329273
48.800000000000004,2.016015570265094,0.512,0.4666979280523226,0.0,0.512,0.20687064953329273
48.900000000000006,2.0232659604875463,0.5109999999999999,0.4657619730648232,0.0,0.5109999999999999,0.20687064953329273
49.0,2.0304362132210585,0.51,0.46483820909970064,0.0,0.51,0.20687064953329273
49.1,2.0376906685138643,0.509,0.46390546160257107,0.0,0.509,0.20687064953329273
49.2,2.0449553764931716,0.508,0.4629732714832689,0.0,0.508,0.20687064953329273
49.300000000000004,2.0522914656741165,0.507,0.46203382276323257,0.0,0.507,0.20687064953329273
49.400000000000006,2.059489593817147,0.5059999999999999,0.4611138940115885,0.0,0.5059999999999999,0.20687064953329273
49.5,2.0668742081976443,0.505,0.4601720354901236,0.0,0.505,0.20687064953329273
49.6,2.074209356434824,0.504,0.4592383905826899,0.0,0.504,0.20687064953329273
49.7,2.0815110223271684,0.503,0.4583108887638834,0.0,0.503,0.20687064953329273
49.800000000000004,2.0888203845213122,0.502,0.45738428550670995,0.0,0.502,0.20687064953329273
49.900000000000006,2.09618475876961,0.5009999999999999,0.45645260298561996,0.0,0.5009999999999999,0.20687064953329273
50.0,2.1035670733652663,0.5,0.4555205555491471,0.0,0.5,0.20687064953329273
50.1,2.111001055069081,0.499,0.4545839081282165,0.0,0.499,0.20687064953329273
50.2,2.1184103820396762,0.498,0.45365228347075176,0.0,0.498,0.20687064953329273
50.300000000000004,2.1257895923031906,0.49699999999999994,0.45272634324250544,0.0,0.49699999999999994,0.20687064953329273
50.400000000000006,2.1331318558304777,0.49599999999999994,0.45180691482886887,0.0,0.49599999999999994,0.20687064953329273
50.5,2.140571757169736,0.495,0.450877164440791,0.0,0.495,0.20687064953329273
50.6,2.148028772791696,0.494,0.44994719520289905,0.0,0.494,0.20687064953329273
50.7,2.1554464214253937,0.493,0.44902403842583344,0.0,0.493,0.20687064953329273
50.800000000000004,2.1630145669955785,0.49199999999999994,0.4480841037342746,0.0,0.49199999999999994,0.20687064953329273
50.900000000000006,2.1705815695726716,0.49099999999999994,0.44714627810253044,0.0,0.49099999999999994,0.20687064953329273
51.0,2.177998774957839,0.49,0.44622892273223336,0.0,0.49,0.20687064953329273
51.1,2.1854640613261176,0.489,0.445307521092671,0.0,0.489,0.20687064953329273
51.2,2.1929624701342134,0.488,0.44438394656515084,0.0,0.488,0.20687064953329273
51.300000000000004,2.200581066817867,0.48699999999999993,0.44344753035465184,0.0,0.48699999999999993,0.20687064953329273
51.400000000000006,2.208169326674147,0.48599999999999993,0.44251680437452495,0.0,0.48599999999999993,0.20687064953329273
51.5,2.215875334440468,0.485,0.44157363533854294,0.0,0.485,0.20687064953329273
51.6,2.2234242330051512,0.484,0.4406516447400577,0.0,0.484,0.20687064953329273
51.7,2.2310022494447797,0.483,0.43972803403937405,0.0,0.483,0.20687064953329273
51.800000000000004,2.238688703301015,0.482,0.4387931845860595,0.0,0.482,0.20687064953329273
51.900000000000006,2.246310262771294,0.4809999999999999,0.43786819015854384,0.0,0.4809999999999999,0.20687064953329273
52.0,2.2539782292273096,0.48,0.43693953128783247,0.0,0.48,0.20687064953329273
52.1,2.2615787131497456,0.479,0.4360209887991745,0.0,0.479,0.20687064953329273
52.2,2.269180541551886,0.478,0.4351042153153261,0.0,0.478,0.20687064953329273
52.300000000000004,2.276872108017437,0.477,0.4341785813533635,0.0,0.477,0.20687064953329273
52.400000000000006,2.28457281910986,0.4759999999999999,0.43325381958117204,0.0,0.4759999999999999,0.20687064953329273
52.5,2.292291360376284,0.475,0.4323288931250567,0.0,0.475,0.20687064953329273
52.6,2.2999418378379053,0.474,0.43141407141342647,0.0,0.474,0.20687064953329273
52.7,2.3076943908467005,0.473,0.43048901849420335,0.0,0.473,0.20687064953329273
52.800000000000004,2.3155399200307163,0.472,0.4295548907766724,0.0,0.472,0.20687064953329273
52.900000000000006,2.323367254109958,0.4709999999999999,0.42862494940081386,0.0,0.4709999999999999,0.20687064953329273
53.0,2.331246077035142,0.47,0.42769092391865354,0.0,0.47,0.20687064953329273
53.1,2.3390912950805576,0.469,0.42676290461387606,0.0,0.469,0.20687064953329273
53.2,2.3469548267127283,0.46799999999999997,0.42583473967812807,0.0,0.46799999999999997,0.20687064953329273
53.300000000000004,2.3548711780380196,0.46699999999999997,0.4249023792540399,0.0,0.46699999999999997,0.20687064953329273
53.400000000000006,2.3627480691348,0.46599999999999997,0.4239766924809837,0.0,0.46599999999999997,0.20687064953329273
53.5,2.3707000328193253,0.465,0.4230442288268792,0.0,0.465,0.20687064953329273
53.6,2.378601334296773,0.46399999999999997,0.4221197371733056,0.0,0.46399999999999997,0.20687064953329273
53.7,2.3864703381774017,0.46299999999999997,0.42120103245515095,0.0,0.46299999999999997,0.20687064953329273
53.800000000000004,2.394393473457486,0.46199999999999997,0.42027802805151937,0.0,0.46199999999999997,0.20687064953329273
53.900000000000006,2.4023588352398777,0.46099999999999997,0.419352143306228,0.0,0.46099999999999997,0.20687064953329273
54.0,2.4102380811653714,0.46,0.4184382753795417,0.0,0.46,0.20687064953329273
54.1,2.418219960620151,0.45899999999999996,0.41751453418351847,0.0,0.45899999999999996,0.20687064953329273
54.2,2.4263110054498886,0.45799999999999996,0.4165802405510214,0.0,0.45799999999999996,0.20687064953329273
54.300000000000004,2.4342875383291345,0.45699999999999996,0.41566121646924753,0.0,0.45699999999999996,0.20687064953329273
54.400000000000006,2.442300022500358,0.45599999999999996,0.41474009141813994,0.0,0.45599999999999996,0.20687064953329273
54.5,2.4503500296424328,0.455,0.4138167082913309,0.0,0.455,0.20687064953329273
54.6,2.458389278888912,0.45399999999999996,0.4128966108742463,0.0,0.45399999999999996,0.20687064953329273
54.7,2.466454604610427,0.45299999999999996,0.41197558472994955,0.0,0.45299999999999996,0.20687064953329273
54.800000000000004,2.474598421972438,0.45199999999999996,0.4110476797284353,0.0,0.45199999999999996,0.20687064953329273
54.900000000000006,2.4826962720339063,0.45099999999999996,0.4101270845279418,0.0,0.45099999999999996,0.20687064953329273
55.0,2.490847055888695,0.45,0.40920255365103625,0.0,0.45,0.20687064953329273
55.1,2.4991209565179116,0.449,0.40826618939012876,0.0,0.449,0.20687064953329273
55.2,2.5073115646277793,0.44799999999999995,0.40734136183381786,0.0,0.44799999999999995,0.20687064953329273
55.300000000000004,2.5155104060085876,0.44699999999999995,0.40641770276249095,0.0,0.44699999999999995,0.20687064953329273
55.400000000000006,2.52373599200364,0.44599999999999995,0.4054931353953234,0.0,0.44599999999999995,0.20687064953329273
55.5,2.5319371664853674,0.445,0.40457340588307933,0.0,0.445,0.20687064953329273
55.6,2.540149775984231,0.444,0.40365448444918545,0.0,0.444,0.20687064953329273
55.7,2.5484170631561796,0.44299999999999995,0.4027315531041278,0.0,0.44299999999999995,0.20687064953329273
55.800000000000004,2.5567466578262126,0.44199999999999995,0.4018038000953519,0.0,0.44199999999999995,0.20687064953329273
55.900000000000006,2.5649816426028713,0.44099999999999995,0.4008886857305632,0.0,0.44099999999999995,0.20687064953329273
56.0,2.573311960521083,0.44,0.3999650979507821,0.0,0.44,0.20687064953329273
56.1,2.5816915504272404,0.439,0.3990381940678913,0.0,0.439,0.20687064953329273
56.2,2.590107352256254,0.43799999999999994,0.398109446623798,0.0,0.43799999999999994,0.20687064953329273
56.300000000000004,2.59853654583721,0.43699999999999994,0.39718138808533227,0.0,0.43699999999999994,0.20687064953329273
56.400000000000006,2.606927242461844,0.43599999999999994,0.3962597167475772,0.0,0.43599999999999994,0.20687064953329273
56.5,2.6153793065497264,0.435,0.39533346681001774,0.0,0.435,0.20687064953329273
56.6,2.6238549598324097,0.434,0.39440680592561617,0.0,0.434,0.20687064953329273
56.7,2.632312256471821,0.433,0.39348431705496856,0.0,0.433,0.20687064953329273
56.800000000000004,2.6408795391659456,0.43199999999999994,0.3925520312194803,0.0,0.43199999999999994,0.20687064953329273
56.900000000000006,2.64940184497791,0.43099999999999994,0.39162683125567327,0.0,0.43099999999999994,0.20687064953329273
57.0,2.657936848811727,0.43,0.3907024382303738,0.0,0.43,0.20687064953329273
57.1,2.6664581474439344,0.429,0.3897817062424926,0.0,0.429,0.20687064953329273
57.2,2.6750308511407788,0.428,0.3888576093695829,0.0,0.428,0.20687064953329273
57.300000000000004,2.683554219031808,0.42699999999999994,0.38794100265118775,0.0,0.42699999999999994,0.20687064953329273
57.400000000000006,2.692308639581296,0.42599999999999993,0.3870017976350307,0.0,0.42599999999999993,0.20687064953329273
57.5,2.7009652805488273,0.425,0.3860753186382537,0.0,0.425,0.20687064953329273
57.6,2.7095095289176645,0.424,0.3851630434821498,0.0,0.424,0.20687064953329273
57.7,2.718146207936149,0.423,0.38424309018720254,0.0,0.423,0.20687064953329273
57.800000000000004,2.7268688609252933,0.42199999999999993,0.38331620938968325,0.0,0.42199999999999993,0.20687064953329273
57.900000000000006,2.7354901395902194,0.42099999999999993,0.3824022978029692,0.0,0.42099999999999993,0.20687064953329273
58.0,2.7441275170116968,0.42,0.3814888647168861,0.0,0.42,0.20687064953329273
58.1,2.752850307897004,0.419,0.3805686132005302,0.0,0.419,0.20687064953329273
58.2,2.761581820490492,0.418,0.3796496647644114,0.0,0.418,0.20687064953329273
58.300000000000004,2.7703643627068137,0.417,0.3787275841523175,0.0,0.417,0.20687064953329273
58.400000000000006,2.7791416981019155,0.4159999999999999,0.3778082877342071,0.0,0.4159999999999999,0.20687064953329273
58.5,2.7878953969590397,0.415,0.37689368932896694,0.0,0.415,0.20687064953329273
58.6,2.796725627550355,0.414,0.3759733379481106,0.0,0.414,0.20687064953329273
58.7,2.805537985810059,0.413,0.37505708997967685,0.0,0.413,0.20687064953329273
58.800000000000004,2.814437541597788,0.412,0.3741340419474919,0.0,0.412,0.20687064953329273
58.900000000000006,2.823258128536471,0.4109999999999999,0.3732214260116867,0.0,0.4109999999999999,0.20687064953329273
59.0,2.8321755912000945,0.41,0.37230104980542245,0.0,0.41,0.20687064953329273
59.1,2.8411006043129268,0.409,0.37138216687274295,0.0,0.409,0.20687064953329273
59.2,2.8500609369758854,0.408,0.3704619289675938,0.0,0.408,0.20687064953329273
59.300000000000004,2.858962404842488,0.407,0.3695499943784924,0.0,0.407,0.20687064953329273
59.400000000000006,2.8679134546585825,0.4059999999999999,0.36863524384655766,0.0,0.4059999999999999,0.20687064953329273
59.5,2.876960619144478,0.405,0.36771297176836515,0.0,0.405,0.20687064953329273
59.6,2.8859863143966846,0.40399999999999997,0.3667951874628133,0.0,0.40399999999999997,0.20687064953329273
59.7,2.8951280585266965,0.40299999999999997,0.3658679377094773,0.0,0.40299999999999997,0.20687064953329273
59.800000000000004,2.904128547182405,0.40199999999999997,0.36495730558569117,0.0,0.40199999999999997,0.20687064953329273
59.900000000000006,2.9132895602496536,0.40099999999999997,0.3640327597597316,0.0,0.40099999999999997,0.20687064953329273
60.0,2.922448147075693,0.4,0.36311080001515633,0.0,0.4,0.20687064953329273
60.1,2.9315491803252214,0.39899999999999997,0.36219694699797195,0.0,0.39899999999999997,0.20687064953329273
60.2,2.9407178435852788,0.39799999999999996,0.3612786287251211,0.0,0.39799999999999996,0.20687064953329273
60.300000000000004,2.949926122061418,0.39699999999999996,0.3603586860749968,0.0,0.39699999999999996,0.20687064953329273
60.400000000000006,2.959174248261557,0.39599999999999996,0.35943712019968616,0.0,0.39599999999999996,0.20687064953329273
60.5,2.968457247254431,0.395,0.358514449400522,0.0,0.395,0.20687064953329273
60.6,2.977743038799757,0.39399999999999996,0.3575938705926603,0.0,0.39399999999999996,0.20687064953329273
60.7,2.9870474518821393,0.39299999999999996,0.3566738166108406,0.0,0.39299999999999996,0.20687064953329273
60.800000000000004,2.9963978560868165,0.39199999999999996,0.35575159963965336,0.0,0.39199999999999996,0.20687064953329273
60.900000000000006,3.0056227696578928,0.39099999999999996,0.3548440963559814,0.0,0.39099999999999996,0.20687064953329273
61.0,3.015049695368297,0.39,0.35391911162053075,0.0,0.39,0.20687064953329273
61.1,3.024382248816578,0.389,0.3530057619641982,0.0,0.389,0.20687064953329273
61.2,3.0337569411643313,0.38799999999999996,0.35209066133336886,0.0,0.38799999999999996,0.20687064953329273
61.300000000000004,3.043128965993079,0.38699999999999996,0.3511781923029465,0.0,0.38699999999999996,0.20687064953329273
61.400000000000006,3.052572318401224,0.38599999999999995,0.350261170532923,0.0,0.38599999999999995,0.20687064953329273
61.5,3.0620543179384034,0.385,0.3493428051355786,0.0,0.385,0.20687064953329273
61.6,3.0715985982208327,0.384,0.34842083929142337,0.0,0.384,0.20687064953329273
61.7,3.0812071666397665,0.38299999999999995,0.3474951211167887,0.0,0.38299999999999995,0.20687064953329273
61.800000000000004,3.0907027149652073,0.38199999999999995,0.346582707973149,0.0,0.38199999999999995,0.20687064953329273
61.900000000000006,3.10021014070739,0.38099999999999995,0.3456715537509865,0.0,0.38099999999999995,0.20687064953329273
62.0,3.109803050783228,0.38,0.3447546348250772,0.0,0.38,0.20687064953329273
62.1,3.1194126976438286,0.379,0.34383855470664837,0.0,0.379,0.20687064953329273
62.2,3.1289502762028896,0.37799999999999995,0.34293175170728946,0.0,0.37799999999999995,0.20687064953329273
62.300000000000004,3.138496799551387,0.37699999999999995,0.34202649313399847,0.0,0.37699999999999995,0.20687064953329273
62.400000000000006,3.1481609119384966,0.37599999999999995,0.34111251803818443,0.0,0.37599999999999995,0.20687064953329273
62.5,3.1579366532330067,0.375,0.34019047054511775,0.0,0.375,0.20687064953329273
62.6,3.167617225396584,0.374,0.33927985549399126,0.0,0.374,0.20687064953329273
62.7,3.1774112293494583,0.373,0.3383610508404602,0.0,0.373,0.20687064953329273
62.800000000000004,3.187143399776636,0.37199999999999994,0.33745051169117707,0.0,0.37199999999999994,0.20687064953329273
62.900000000000006,3.1969866194876113,0.37099999999999994,0.33653207516108496,0.0,0.37099999999999994,0.20687064953329273
63.0,3.206840202603805,0.37,0.33561517530628865,0.0,0.37,0.20687064953329273
63.1,3.2167623516291384,0.369,0.3346944194897229,0.0,0.369,0.20687064953329273
63.2,3.226639197751894,0.368,0.3337803765107353,0.0,0.368,0.20687064953329273
63.300000000000004,3.236602568480393,0.36699999999999994,0.33286085530580733,0.0,0.36699999999999994,0.20687064953329273
63.400000000000006,3.246700524800563,0.36599999999999994,0.33193149785989506,0.0,0.36599999999999994,0.20687064953329273
63.5,3.256677932468959,0.365,0.331015783556361,0.0,0.365,0.20687064953329273
63.6,3.266794412934268,0.364,0.33008988457426447,0.0,0.364,0.20687064953329273
63.7,3.276929583243644,0.363,0.3291648720764099,0.0,0.363,0.20687064953329273
63.800000000000004,3.2870013842072305,0.36199999999999993,0.32824821106732943,0.0,0.36199999999999993,0.20687064953329273
63.900000000000006,3.297041415188827,0.36099999999999993,0.3273369821944813,0.0,0.36099999999999993,0.20687064953329273
64.0,3.307082247247611,0.36,0.3264282105230006,0.0,0.36,0.20687064953329273
64.10000000000001,3.3172103221784828,0.35899999999999993,0.3255140986492351,0.0,0.35899999999999993,0.20687064953329273
64.2,3.3273955447208174,0.358,0.32459741042609613,0.0,0.358,0.20687064953329273
64.3,3.3376321835674747,0.35700000000000004,0.3236786957201033,0.0,0.35700000000000004,0.20687064953329273
64.4,3.3479727299948245,0.3559999999999999,0.3227532955054171,0.0,0.3559999999999999,0.20687064953329273
64.5,3.3581712596629396,0.355,0.3218431962161886,0.0,0.355,0.20687064953329273
64.60000000000001,3.3683993946738076,0.3539999999999999,0.32093303247200694,0.0,0.3539999999999999,0.20687064953329273
64.7,3.378623922723083,0.353,0.3200257622555547,0.0,0.353,0.20687064953329273
64.8,3.3889299320565796,0.35200000000000004,0.31911385737669623,0.0,0.35200000000000004,0.20687064953329273
64.9,3.3993344123992015,0.3509999999999999,0.3181958752886912,0.0,0.3509999999999999,0.20687064953329273
65.0,3.4098759310728295,0.35,0.31726849546660396,0.0,0.35,0.20687064953329273
65.10000000000001,3.4203855217950347,0.3489999999999999,0.3163466150582386,0.0,0.3489999999999999,0.20687064953329273
65.2,3.4308946612869544,0.348,0.3154274527470501,0.0,0.348,0.20687064953329273
65.3,3.441545809256143,0.34700000000000003,0.3144985949458646,0.0,0.34700000000000003,0.20687064953329273
65.4,3.451970742488602,0.3459999999999999,0.3135921135149392,0.0,0.3459999999999999,0.20687064953329273
65.5,3.4626094988458465,0.345,0.3126697331149128,0.0,0.345,0.20687064953329273
65.60000000000001,3.473204023588816,0.3439999999999999,0.31175388374421675,0.0,0.3439999999999999,0.20687064953329273
65.7,3.483730387903175,0.34299999999999997,0.31084658336133913,0.0,0.34299999999999997,0.20687064953329273
65.8,3.494261549412429,0.342,0.30994151182253077,0.0,0.342,0.20687064953329273
65.9,3.5048683082116896,0.34099999999999997,0.30903260694568135,0.0,0.34099999999999997,0.20687064953329273
66.0,3.515460981495839,0.34,0.30812756913630884,0.0,0.34,0.20687064953329273
66.10000000000001,3.526084022969845,0.3389999999999999,0.3072225985790548,0.0,0.3389999999999999,0.20687064953329273
66.2,3.5368667245722176,0.33799999999999997,0.3063067447499517,0.0,0.33799999999999997,0.20687064953329273
66.3,3.5477007911850342,0.337,0.30538927787061826,0.0,0.337,0.20687064953329273
66.4,3.558520539190489,0.33599999999999997,0.30447576614698035,0.0,0.33599999999999997,0.20687064953329273
66.5,3.569411774259241,0.335,0.30355897848104707,0.0,0.335,0.20687064953329273
66.60000000000001,3.580279145645313,0.3339999999999999,0.30264695100111466,0.0,0.3339999999999999,0.20687064953329273
66.7,3.5911678714083415,0.33299999999999996,0.30173587960435994,0.0,0.33299999999999996,0.20687064953329273
66.8,3.6021683832750235,0.332,0.30081823993290485,0.0,0.332,0.20687064953329273
66.9,3.613121815117304,0.33099999999999996,0.299907300427814,0.0,0.33099999999999996,0.20687064953329273
67.0,3.6241110563278625,0.33,0.29899615489041076,0.0,0.33,0.20687064953329273
67.10000000000001,3.6351382158642527,0.3289999999999999,0.29808464792615313,0.0,0.3289999999999999,0.20687064953329273
67.2,3.646108191030162,0.32799999999999996,0.29718062505018245,0.0,0.32799999999999996,0.20687064953329273
67.3,3.6572573247412166,0.327,0.2962646471068836,0.0,0.327,0.20687064953329273
67.4,3.668373075321114,0.32599999999999996,0.2953542224096068,0.0,0.32599999999999996,0.20687064953329273
67.5,3.679548831597765,0.325,0.29444170342957465,0.0,0.325,0.20687064953329273
67.60000000000001,3.690764510104557,0.3239999999999999,0.2935287591433937,0.0,0.3239999999999999,0.20687064953329273
67.7,3.7020628924668086,0.32299999999999995,0.2926119448863218,0.0,0.32299999999999995,0.20687064953329273
67.8,3.7133132385279106,0.322,0.2917018739389418,0.0,0.322,0.20687064953329273
67.9,3.724573979548193,0.32099999999999995,0.29079379650586845,0.0,0.32099999999999995,0.20687064953329273
68.0,3.7358158233165883,0.32,0.2898900627337339,0.0,0.32,0.20687064953329273
68.10000000000001,3.7471397679429086,0.3189999999999999,0.28898256831941005,0.0,0.3189999999999999,0.20687064953329273
68.2,3.7585781935906466,0.31799999999999995,0.28806878354828186,0.0,0.31799999999999995,0.20687064953329273
68.3,3.769996174762957,0.317,0.287159513750797,0.0,0.317,0.20687064953329273
68.4,3.781542268330166,0.31599999999999995,0.28624296023470336,0.0,0.31599999999999995,0.20687064953329273
68.5,3.793079652647879,0.315,0.28533002021899306,0.0,0.315,0.20687064953329273
68.60000000000001,3.804691323077591,0.3139999999999999,0.2844141419105774,0.0,0.3139999999999999,0.20687064953329273
68.7,3.8163676321190523,0.31299999999999994,0.2834961296338139,0.0,0.31299999999999994,0.20687064953329273
68.8,3.828084528767759,0.31200000000000006,0.2825779048399558,0.0,0.31200000000000006,0.20687064953329273
68.9,3.839646923737094,0.31099999999999994,0.2816747035112734,0.0,0.31099999999999994,0.20687064953329273
69.0,3.8512877042043034,0.31,0.28076829536337233,0.0,0.31,0.20687064953329273
69.10000000000001,3.8629808351632584,0.30899999999999994,0.27986074739461686,0.0,0.30899999999999994,0.20687064953329273
69.2,3.8748934741843124,0.308,0.27893917917168887,0.0007243079096080351,0.308,0.20674982285374338
69.3,3.8866333587336523,0.30700000000000005,0.2780339443631169,0.0016195722445845329,0.30700000000000005,0.20660057529911335
69.4,3.8985891609295904,0.30599999999999994,0.2771150798736372,0.002521328017115798,0.30599999999999994,0.20645035448369006
69.5,3.9103990387051253,0.305,0.27621041181409606,0.0034255048539489075,0.305,0.2062998400172347
69.60000000000001,3.922375227437368,0.30399999999999994,0.27529601989844077,0.004338669061660805,0.30399999999999994,0.20614794083660073
69.7,3.9343152812074504,0.303,0.2743874003263726,0.005261877382174152,0.303,0.2059944845759053
69.8,3.9464554123301614,0.30200000000000005,0.2734666298364416,0.006189244817942391,0.30200000000000005,0.20584045199009912
69.9,3.9584750364871915,0.30099999999999993,0.2725580432579131,0.00712236762046814,0.30099999999999993,0.20568557970967116
70.0,3.9705568022644684,0.3,0.27164780146584444,0.008067335560917821,0.3,0.205528860219831
70.10000000000001,3.982794593504153,0.29899999999999993,0.27072890365675106,0.009014671572484104,0.29899999999999993,0.20537186785358885
70.2,3.9950253675450593,0.298,0.26981363841438094,0.009968958400189964,0.298,0.205213844840018
70.3,4.0072170015601385,0.29700000000000004,0.26890438158843344,0.010931358847767081,0.29700000000000004,0.20505460141488094
70.4,4.019267272660167,0.29599999999999993,0.2680086787601467,0.011906493723392586,0.29599999999999993,0.20489337692374446
70.5,4.031549921421836,0.295,0.26709877349896827,0.012880327515304102,0.295,0.20473249405749497
70.60000000000001,4.043860225042725,0.29399999999999993,0.26618991916590407,0.013864683533087369,0.29399999999999993,0.2045700012399592
70.7,4.056247756615154,0.293,0.26527848487927,0.014853835105895996,0.293,0.20440684670666556
70.8,4.068588880547288,0.29200000000000004,0.26437356836508047,0.015853814318776083,0.29200000000000004,0.20424203848769434
70.9,4.080913010193943,0.2909999999999999,0.26347297843975287,0.01686039607645945,0.2909999999999999,0.20407627629198455
71.0,4.0935418666383585,0.29,0.2625533029977948,0.01787276733666643,0.29,0.20390969638547074
71.10000000000001,4.10617800978036,0.2889999999999999,0.2616363098984211,0.01889198704063899,0.2889999999999999,0.203742126962268
71.2,4.11894614148789,0.288,0.26071299151508726,0.019923467189073563,0.288,0.20357268200513093
71.3,4.131530533350448,0.28700000000000003,0.25980614860868834,0.02095496894232929,0.28700000000000003,0.20340337442456038
71.4,4.144213847199444,0.2859999999999999,0.2588953688419514,0.022006411116570757,0.2859999999999999,0.20323093880211152
71.5,4.157101655922172,0.285,0.25797317485596216,0.02305714571848505,0.285,0.20305876525607017
71.60000000000001,4.169896230077441,0.2839999999999999,0.25706090167278917,0.024114873766899247,0.2839999999999999,0.20288559308420753
71.7,4.1827025363877395,0.283,0.2561510224847503,0.025192491710186005,0.283,0.2027093163964689
71.8,4.195682969072049,0.28200000000000003,0.2552320582283271,0.0262666789740319,0.28200000000000003,0.20253375332623066
71.9,4.208613475632116,0.2809999999999999,0.2543199064311695,0.027346373651176703,0.2809999999999999,0.2023574433584215
72.0,4.22154458178408,0.28,0.2534109724242783,0.028443323969841006,0.28,0.20217847279092407
72.10000000000001,4.234396083942247,0.2789999999999999,0.2525108524219156,0.029550815217197046,0.2789999999999999,0.2019979430158512
72.2,4.247321512546114,0.27799999999999997,0.2516087794664427,0.030661016702651978,0.27799999999999997,0.20181713324192346
72.3,4.260440365526715,0.277,0.2506965025304948,0.031785834982991146,0.277,0.20163410799941645
72.4,4.273521949540066,0.27599999999999997,0.24979011089633188,0.03291377630829817,0.27599999999999997,0.20145074126434176
72.5,4.286787575510165,0.275,0.24887431391267048,0.03404940869659179,0.275,0.20126629267489138
72.60000000000001,4.299896310965105,0.2739999999999999,0.24797264619279927,0.03519599139690399,0.2739999999999999,0.20108023687509377
72.7,4.313251769105959,0.27299999999999996,0.24705736742225973,0.036354730085469855,0.27299999999999996,0.20089238326407222
72.8,4.326518251105429,0.272,0.2461515310605361,0.037524282932281494,0.272,0.20070295443295055
72.9,4.339702069435295,0.27099999999999996,0.24525462927856373,0.038701951120049094,0.27099999999999996,0.20051239166778506
73.0,4.353098957760884,0.27,0.24434657986232658,0.03988806886365637,0.27,0.20032064453570853
73.10000000000001,4.366543305627585,0.2689999999999999,0.2434386935119081,0.041087523102760315,0.2689999999999999,0.20012692790176487
73.2,4.380100512482714,0.26799999999999996,0.2425266017547356,0.04229244979470939,0.26799999999999996,0.1999325160589441
73.3,4.3938284270086685,0.267,0.24160650734801342,0.043511953458190034,0.267,0.19973594455923444
73.4,4.407430038598498,0.26599999999999996,0.24069832087753237,0.0447465332839638,0.26599999999999996,0.19953713980144328
73.5,4.420975438323204,0.265,0.23979728041209733,0.045984614863991746,0.265,0.19933796987553015
73.60000000000001,4.434744956917308,0.2639999999999999,0.2388847886486489,0.04723520876467236,0.2639999999999999,0.1991369889217863
73.7,4.448517999101561,0.26299999999999996,0.23797553698364463,0.04849607595428823,0.26299999999999996,0.19893456210480948
73.8,4.462415859051284,0.262,0.23706155322654077,0.049770089313387667,0.262,0.1987302337263146
73.9,4.47635764584504,0.26099999999999995,0.23614820759800012,0.05105331997852783,0.26099999999999995,0.19852463921192806
74.0,4.490171776979563,0.26,0.23524669564334663,0.052353911101818085,0.26,0.19831648029915522
74.10000000000001,4.504098668317044,0.2589999999999999,0.23434130874433687,0.05366276770085099,0.2589999999999999,0.19810721884669127
74.2,4.518088872823362,0.25799999999999995,0.23343531417015287,0.05498266965150833,0.25799999999999995,0.1978964150638705
74.3,4.532127546842219,0.257,0.23252970165193598,0.05631100386381149,0.257,0.19768449101790592
74.4,4.546393839602824,0.25599999999999995,0.23161300496776044,0.05765396174788484,0.25599999999999995,0.19747046460020598
74.5,4.5604571681822454,0.255,0.23071288715925206,0.05901409525424217,0.255,0.1972539370960253
74.60000000000001,4.574705946687521,0.2539999999999999,0.2298044672665109,0.060381939724087896,0.2539999999999999,0.19703642148506104
74.7,4.588888537144631,0.25299999999999995,0.2289038191350493,0.06176641960442075,0.25299999999999995,0.19681650475000298
74.8,4.6032139554291795,0.252,0.22799768416357585,0.0631565973162651,0.252,0.19659592991780936
74.9,4.617685647938895,0.25099999999999995,0.22708593890234158,0.06456473424471937,0.25099999999999995,0.19637275756775419
75.0,4.632070139011553,0.25,0.22618330064451725,0.0659858975559473,0.25,0.1961477775633633
75.10000000000001,4.64654162367575,0.24899999999999992,0.225278823928354,0.06741914733964965,0.24899999999999992,0.1959211452379333
75.2,4.661162876073751,0.24799999999999997,0.22436865980817863,0.06886870168894528,0.24799999999999997,0.19569220109515129
75.3,4.675868851867363,0.24700000000000003,0.22345693091750637,0.07033530420809952,0.24700000000000003,0.19546083661662195
75.4,4.690829365699981,0.24599999999999994,0.22253322288013969,0.07181827907264238,0.24599999999999994,0.1952271674477271
75.5,4.705737237100238,0.245,0.22161656338536131,0.07331790307536723,0.245,0.19499115897683733
75.60000000000001,4.720515202804426,0.2439999999999999,0.22071161830960276,0.07483201109943913,0.2439999999999999,0.1947531604876871
75.7,4.735250879922885,0.24299999999999997,0.21981294222661704,0.07636460097879172,0.24299999999999997,0.1945125527168787
75.8,4.7502337476722225,0.24200000000000002,0.2189029425347101,0.07791307839006184,0.24200000000000002,0.19426975259101142
75.9,4.765381764160362,0.24099999999999994,0.2179867421159739,0.07948625922575592,0.24099999999999994,0.1940233893504115
76.0,4.780795920920887,0.24,0.21705838092005672,0.08106323048472402,0.24,0.19377674607734244
76.10000000000001,4.796050867225202,0.2389999999999999,0.21614350133803442,0.08266527140140578,0.2389999999999999,0.19352650287868667
76.2,4.811216057784346,0.23799999999999996,0.2152378268387561,0.0842793652154506,0.23799999999999996,0.193274703803308
76.3,4.8265802949898395,0.23700000000000002,0.2143241350364058,0.08591332703270019,0.23700000000000002,0.1930201390041031
76.4,4.842028096752505,0.23599999999999993,0.21340938407829976,0.08756740106642247,0.23599999999999993,0.19276278230595176
76.5,4.857468755907722,0.235,0.21249895759267604,0.08923306381329893,0.235,0.19250396927576388
76.60000000000001,4.873059960160699,0.2339999999999999,0.21158359543316738,0.0909139158874751,0.2339999999999999,0.19224314836814294
76.7,4.888647330344827,0.23299999999999998,0.21067239994067122,0.09262303809076544,0.23299999999999998,0.19197830307765945
76.80000000000001,4.904388826573827,0.23199999999999987,0.2097561771031129,0.0943482042551041,0.23199999999999987,0.19171134163597955
76.9,4.919962347210277,0.23099999999999996,0.20885365236582865,0.09609074661880745,0.23099999999999996,0.1914420681655855
77.0,4.935791852887373,0.23,0.20794027215051908,0.09785247392952445,0.23,0.19117021454548602
77.10000000000001,4.9514869522467455,0.22899999999999993,0.2070385911362225,0.09964170621149251,0.22899999999999993,0.190894511735395
77.2,4.967302983505473,0.22799999999999998,0.20613391777870968,0.10145391387538985,0.22799999999999998,0.19061567395193077
77.30000000000001,4.983367774564407,0.2269999999999999,0.20521906212610747,0.10328088970482407,0.2269999999999999,0.19033497613100792
77.4,4.9994432038745344,0.22599999999999995,0.2043076649550695,0.10513353972882028,0.22599999999999995,0.19005075581170444
77.5,5.015466333207902,0.225,0.20340326082221344,0.1070094432681803,0.225,0.189763400541552
77.60000000000001,5.0316932003255435,0.22399999999999992,0.20249143709288064,0.10891167786717448,0.22399999999999992,0.18947245548482924
77.7,5.048146762376765,0.22299999999999998,0.2015710483973664,0.11083941244706513,0.22299999999999998,0.18917806531245937
77.80000000000001,5.0643186440544845,0.2219999999999999,0.2006704932504504,0.11278623496927385,0.2219999999999999,0.1888812243810475
77.9,5.080541868257855,0.22099999999999995,0.19977112157356045,0.11473852105811239,0.22099999999999995,0.18858401813219033
78.0,5.096887181468799,0.22,0.19886905801583354,0.11673162497580047,0.22,0.18828108040163818
78.10000000000001,5.1134532657307465,0.21899999999999992,0.1979589666327289,0.11875784886628415,0.21899999999999992,0.1879736074948051
78.2,5.130186923846156,0.21799999999999997,0.19704389746593184,0.12078634554147749,0.21799999999999997,0.18766629266452672
78.30000000000001,5.146870216880593,0.2169999999999999,0.19613579334751288,0.12285232203081264,0.2169999999999999,0.18735381611601296
78.4,5.163395416269246,0.21599999999999994,0.1952404204573808,0.12494724865257749,0.21599999999999994,0.18703749217036866
78.5,5.180363403882767,0.215,0.1943253093069654,0.12705400293692948,0.215,0.1867199209079444
78.60000000000001,5.197351399346311,0.2139999999999999,0.19341341589861988,0.12919791094958788,0.2139999999999999,0.18639730265483448
78.7,5.214487464193666,0.21299999999999997,0.19249790953160978,0.13138609427958725,0.21299999999999997,0.1860685965962272
78.80000000000001,5.231231084073548,0.21199999999999988,0.19160755570964733,0.13359013244509743,0.21199999999999988,0.18573809482088707
78.9,5.248303383958493,0.21099999999999994,0.1907039641424611,0.13583605001680563,0.21099999999999994,0.18540191699015152
79.0,5.265294274104647,0.21,0.18980891217556733,0.13811445549130452,0.21,0.18506149796945912
79.10000000000001,5.282463077425682,0.2089999999999999,0.1889087550248189,0.1404162213876844,0.2089999999999999,0.18471822333275711
79.2,5.299882694549251,0.20799999999999996,0.18799981059357848,0.14275293436646508,0.20799999999999996,0.18437038816736626
79.30000000000001,5.317340149152057,0.20699999999999988,0.18709327950545604,0.14513343449891564,0.20699999999999988,0.1840167085064663
79.4,5.334779781168725,0.20599999999999993,0.18619203849800323,0.14753974114730956,0.20599999999999993,0.18365988421176918
79.5,5.352321581100676,0.205,0.185289897204249,0.14997307935729604,0.205,0.18329975509524474
79.60000000000001,5.3699880356851795,0.2039999999999999,0.18438576288402653,0.15245621955394761,0.2039999999999999,0.18293298336129948
79.7,5.387566911233523,0.20299999999999996,0.18349048975284854,0.1549607221093029,0.20299999999999996,0.18256379968575046
79.80000000000001,5.405422196114012,0.20199999999999987,0.18258558928445773,0.15751090656966094,0.20199999999999987,0.18218864769492926
79.9,5.423244939527949,0.20099999999999996,0.1816867884299326,0.16009236426651485,0.20099999999999996,0.18180968030260125
80.0,5.441256873634474,0.2,0.1807829417718815,0.16271777153015166,0.2,0.18142506947277576
80.10000000000001,5.459385981065363,0.19899999999999993,0.1798777556403144,0.16538474399223935,0.19899999999999993,0.18103520256365221
80.2,5.477412455676992,0.19799999999999998,0.17898218788864736,0.16809334679692983,0.19799999999999998,0.1806401074918803
80.30000000000001,5.49552523720939,0.1969999999999999,0.1780868232012962,0.17085450063645857,0.1969999999999999,0.18023823447925202
80.4,5.514052992106976,0.19599999999999995,0.17717557925652405,0.1736604004502298,0.19599999999999995,0.1798307647923852
80.5,5.532533752598958,0.195,0.17627129161652094,0.1764873120840639,0.195,0.17942117533823232
80.60000000000001,5.551370055867652,0.19399999999999992,0.17535435609476932,0.17936377457901864,0.19399999999999992,0.17900536404620018
80.7,5.570158949368586,0.19299999999999998,0.1744444802233663,0.1822920723315329,0.19299999999999998,0.17858304947159973
80.80000000000001,5.589074874575872,0.1919999999999999,0.1735332217622544,0.1852474834322938,0.1919999999999999,0.17815783486154801
80.9,5.607866640051371,0.19099999999999995,0.1726326580866359,0.18827473125234245,0.19099999999999995,0.17772333427507053
81.0,5.626748499233714,0.19,0.17173248398909352,0.19133225383237049,0.19,0.17728556397851503
81.10000000000001,5.645704595877084,0.18899999999999992,0.1708334922388882,0.19445593876577916,0.18899999999999992,0.17683943423626414
81.2,5.664796069524147,0.18799999999999997,0.16993283679272372,0.19764391663670622,0.18799999999999997,0.17638527961284095
81.30000000000001,5.684078163663232,0.1869999999999999,0.1690280083087369,0.20086819212138685,0.1869999999999999,0.17592714041720783
81.4,5.703405346170855,0.18599999999999994,0.16812589877863546,0.20414971473440544,0.18599999999999994,0.17546208876451333
81.5,5.723004583573498,0.185,0.16721600750659957,0.2074863001424819,0.185,0.17499049413776477
81.60000000000001,5.742561671623631,0.1839999999999999,0.1663129814551486,0.21090801745653154,0.1839999999999999,0.1745081833371927
81.7,5.7624029223331314,0.18299999999999997,0.1654018178527001,0.2143764443248528,0.18299999999999997,0.1740206452330496
81.80000000000001,5.782165447166963,0.18199999999999988,0.16449923182732107,0.21789177016355113,0.18199999999999988,0.17352790460228
81.9,5.802220262862645,0.18099999999999994,0.16358833143335338,0.22146793653816033,0.18099999999999994,0.173028067602949
82.0,5.822511189743975,0.18,0.16267184009178193,0.2251097396016115,0.18,0.17252053623823937
82.10000000000001,5.842896275974529,0.1789999999999999,0.1617562661281698,0.22884502050280586,0.1789999999999999,0.17200152403008265
82.2,5.863093508346744,0.17799999999999996,0.16085421166149017,0.23262437565624716,0.17799999999999996,0.1714779768904302
82.30000000000001,5.883323412882879,0.17699999999999988,0.15995574060096113,0.23644424668326974,0.17699999999999988,0.17095043646075814
82.4,5.903629632133416,0.17599999999999993,0.15905892709269623,0.24033751661702998,0.17599999999999993,0.17041442931653963
82.5,5.9244493160924225,0.175,0.15814465686363532,0.2443222444038836,0.175,0.16986757095053612
82.60000000000001,5.94513267330847,0.1739999999999999,0.15724157703593558,0.24836159627139576,0.1739999999999999,0.1693150071401188
82.7,5.965851374136675,0.17299999999999996,0.15634212424671926,0.25248812590166947,0.17299999999999996,0.16875237383711786
82.80000000000001,5.9869535873169655,0.17199999999999988,0.15543131078426264,0.2566843903660776,0.17199999999999988,0.16818214976343926
82.9,6.007913077431819,0.17099999999999993,0.15453191008239794,0.26096256140992047,0.17099999999999993,0.16760277908560248
83.0,6.02929214864676,0.17,0.1536198660548652,0.26533568188548107,0.17,0.16701261265247283
83.10000000000001,6.050981191674038,0.16899999999999993,0.15270009878447705,0.2697831715494394,0.16899999999999993,0.16641454123699123
83.2,6.0725216638372235,0.16799999999999998,0.1517920824956524,0.27431689327955255,0.16799999999999998,0.16580707818684765
83.30000000000001,6.094204188229182,0.1669999999999999,0.15088353103004198,0.2789163583330812,0.1669999999999999,0.1651930721863293
83.4,6.115842105193507,0.16599999999999995,0.1499822701126408,0.2836561923027041,0.16599999999999995,0.16456270642817822
83.5,6.137728148524076,0.165,0.1490761505143449,0.28843811011407505,0.165,0.16392918134150777
83.60000000000001,6.1597202898222365,0.16399999999999992,0.14817115242843112,0.2932816456854346,0.16399999999999992,0.16328997913387117
83.7,6.181624289000841,0.16299999999999998,0.14727524251733495,0.29821239897608764,0.16299999999999998,0.1626418268691515
83.80000000000001,6.203709593490422,0.1619999999999999,0.14637740134721727,0.3032719663977623,0.1619999999999999,0.16197941619791445
83.9,6.226363575252808,0.16099999999999995,0.14546212803007558,0.3084045188552703,0.16099999999999995,0.1613102066323611
84.0,6.248871374793786,0.16,0.14455842866427326,0.31365068644285177,0.16,0.16062904051833254
84.10000000000001,6.271646419491079,0.15899999999999992,0.14364971385056446,0.3189609086290004,0.15899999999999992,0.1599424867201251
84.2,6.294546765228026,0.15799999999999997,0.14274175904877182,0.32442340607941167,0.15799999999999997,0.1592393071331208
84.30000000000001,6.317713083689957,0.1569999999999999,0.1418290979960391,0.32996408787556,0.1569999999999999,0.1585292211043675
84.4,6.340428636830446,0.15599999999999994,0.1409398616985068,0.33562694340571775,0.15599999999999994,0.15780674929761113
84.5,6.36397990566307,0.155,0.14002379629412054,0.3414197140187025,0.155,0.15707110941986954
84.60000000000001,6.387311904437555,0.15399999999999991,0.13912213112519678,0.3472785021327443,0.15399999999999991,0.15633057387786298
84.7,6.4111701219573805,0.15299999999999997,0.13820613399713688,0.3532819122150537,0.15299999999999997,0.15557538006079552
84.80000000000001,6.435026937445452,0.15199999999999989,0.13729622120408513,0.3594011176824572,0.15199999999999989,0.1548093741263946
84.9,6.459029009983396,0.15099999999999994,0.13638681359188798,0.3656248112698095,0.15099999999999994,0.15403415692837696
85.0,6.482905022825415,0.15,0.13548815855133314,0.3719098535832016,0.15,0.1532552376612835
85.10000000000001,6.507136172355995,0.1489999999999999,0.13458219055347223,0.378352848775685,0.1489999999999999,0.15246083133239147
85.2,6.531660204450016,0.14799999999999996,0.1336714401371454,0.38487121379375466,0.14799999999999996,0.15166132237734173
85.30000000000001,6.556314508624299,0.14699999999999988,0.13276206419000203,0.3915111290998772,0.14699999999999988,0.1508512152011009
85.4,6.580664646341259,0.14599999999999994,0.1318699801467811,0.39826007513701944,0.14599999999999994,0.1500322399276844
85.5,6.605424793169604,0.145,0.13096902144076683,0.4051705801393831,0.145,0.14919826666361155
85.60000000000001,6.630537859223278,0.1439999999999999,0.13006150843696423,0.4121807153820992,0.1439999999999999,0.14835700618044828
85.7,6.6559835293672815,0.14299999999999996,0.1291483897289769,0.4192896634414788,0.14299999999999996,0.14750873165368897
85.80000000000001,6.681453849812922,0.14199999999999988,0.12824080645157357,0.42652424848079695,0.14199999999999988,0.14665044493206048
85.9,6.707030203197297,0.14099999999999993,0.1273358627171849,0.4338420134223998,0.14099999999999993,0.14578737035527806
86.0,6.732729664422196,0.14,0.12643299510575728,0.4413449774682522,0.14,0.14490772655640516
86.10000000000001,6.758443721451386,0.1389999999999999,0.1255360218948708,0.44891529889172016,0.1389999999999999,0.14402556494695418
86.2,6.784449761453397,0.13799999999999998,0.1246353357174391,0.4566313358619802,0.13799999999999998,0.14313194946898572
86.30000000000001,6.810872032639938,0.1369999999999999,0.12372685179141756,0.46444047752767836,0.1369999999999999,0.14223319638772533
86.4,6.837352970570851,0.13599999999999995,0.12282299480960582,0.47240676921606317,0.13599999999999995,0.14132217162401783
86.5,6.864487549642428,0.135,0.1219036764957398,0.4804932110384116,0.135,0.14040337423016866
86.60000000000001,6.891214084569314,0.13399999999999992,0.1210049095264125,0.48866027123108513,0.13399999999999992,0.13948147981907374
86.7,6.918246066634398,0.13299999999999998,0.12010261113520061,0.4970100644405467,0.13299999999999998,0.13854521614013823
86.80000000000001,6.945474060982548,0.1319999999999999,0.11920057147632154,0.5054279644489297,0.1319999999999999,0.13760767725160336
86.9,6.972987239900754,0.13099999999999995,0.11829596536803334,0.5140067274197937,0.13099999999999995,0.13665874942347556
87.0,7.000751602536269,0.13,0.11739005972692818,0.5226948471181088,0.13,0.1357043944177441
87.10000000000001,7.028786044160023,0.12899999999999992,0.11648238061802782,0.5315608206763867,0.12899999999999992,0.13473737332766075
87.2,7.0570388032116975,0.12799999999999997,0.115574733359108,0.5404581840038305,0.12799999999999997,0.13377385603519126
87.30000000000001,7.0854349067500895,0.1269999999999999,0.11466960735815568,0.549479099377059,0.1269999999999999,0.1328039931253223
87.4,7.114112891166583,0.12599999999999995,0.1137626906271502,0.5586460554823293,0.12599999999999995,0.1318256318973247
87.5,7.142843528314259,0.125,0.11286130129287943,0.5679104791488498,0.125,0.13084419096577654
87.60000000000001,7.171863039303672,0.12399999999999992,0.11195809885595724,0.5772881613336509,0.12399999999999992,0.12985819295019935
87.7,7.20109324950987,0.12299999999999997,0.11105564550862496,0.5867625404146966,0.12299999999999997,0.12886957320182202
87.80000000000001,7.230707378299543,0.12199999999999989,0.11014875708833609,0.5964049908705069,0.12199999999999989,0.1278711433103271
87.9,7.2604715671247435,0.12099999999999994,0.10924473530118288,0.6061166856586939,0.12099999999999994,0.12687336231150712
88.0,7.290561669622175,0.12,0.1083383562467393,0.6159559725224972,0.12,0.1258704120205916
88.10000000000001,7.320745749887836,0.11899999999999991,0.10743670160323435,0.6259123076200517,0.11899999999999991,0.12486360085943662
88.2,7.351337230422102,0.11799999999999997,0.10653053357107378,0.6359326939899476,0.11799999999999997,0.12385844367475628
88.30000000000001,7.382259459374016,0.11699999999999988,0.10562233542646096,0.6461008284203732,0.11699999999999988,0.12284673677262078
88.4,7.413397729655795,0.11599999999999994,0.10471561584251697,0.6564067182280122,0.11599999999999994,0.12182975577334614
88.5,7.4450479302255355,0.115,0.10380196569428383,0.6668250637408346,0.115,0.12081023476395901
88.60000000000001,7.4763896575605715,0.11399999999999992,0.10290507599367553,0.677325743950904,0.11399999999999992,0.11979128960629072
88.7,7.508360225076011,0.11299999999999998,0.10199817490940655,0.6879582782811494,0.11299999999999998,0.11876830612543418
88.80000000000001,7.540432136199846,0.11199999999999989,0.10109642951214845,0.6987000026106858,0.11199999999999989,0.1177436879524065
88.9,7.57309026551807,0.11099999999999995,0.10018639340809189,0.7095261840897147,0.11099999999999995,0.11671995742267295
89.0,7.605850339934888,0.11,0.09928174670905027,0.7204594087577425,0.11,0.11569513790283927
89.10000000000001,7.639185780386471,0.10899999999999992,0.09836959632174637,0.7315877070426948,0.10899999999999992,0.11466127311376156
89.2,7.672928586288303,0.10799999999999997,0.09745483357837005,0.7427881152369081,0.10799999999999997,0.11363003756123632
89.30000000000001,7.706202206574088,0.10699999999999989,0.09656112075091233,0.7540700434800247,0.10699999999999989,0.11260067233405181
89.4,7.740344963014933,0.10599999999999994,0.09565258242116864,0.7655400260090834,0.10599999999999994,0.11156370789845975
89.5,7.774923162609117,0.105,0.09474116922217392,0.7770863584987822,0.105,0.11052948590616694
89.60000000000001,7.8098747245205065,0.10399999999999991,0.09382874006773076,0.7888348715901432,0.10399999999999991,0.1094869945394045
89.7,7.845094102561182,0.10299999999999997,0.09291820785241117,0.800701333489269,0.10299999999999997,0.10844401792946283
89.80000000000001,7.88044732427263,0.10199999999999988,0.09201310165889642,0.8126747213602068,0.10199999999999988,0.10740171312790946
89.9,7.916279359887451,0.10099999999999994,0.09110473303293003,0.8247633628696203,0.10099999999999994,0.10635953815502538
90.0,7.952484569986412,0.1,0.0901960119866899,0.8369404893368513,0.1,0.10531995862758366
90.10000000000001,7.989459896438648,0.09899999999999992,0.08927731624557671,0.8493611789275914,0.09899999999999992,0.10427005301723605
90.2,8.026590466740933,0.09799999999999998,0.08836417958587611,0.8618438639640824,0.09799999999999998,0.10322545154267729
90.30000000000001,8.06394317199717,0.09699999999999989,0.08745500348663417,0.8744064928069749,0.09699999999999989,0.1021847256278621
90.4,8.101727610386952,0.09599999999999995,0.08654483578468936,0.8871865892112256,0.09599999999999995,0.10113675011222088
90.5,8.139677269477362,0.095,0.08564022261102013,0.9000995433889328,0.095,0.10008879568526462
90.60000000000001,8.178045460094765,0.09399999999999992,0.08473524495207414,0.9131553913652906,0.09399999999999992,0.09904028380434166
90.7,8.217048505440118,0.09299999999999997,0.08382509435837833,0.9263519097976427,0.09299999999999997,0.09799163647038987
90.80000000000001,8.256271853209173,0.09199999999999989,0.08291966173677784,0.9396933744549756,0.09199999999999989,0.09694275747116335
90.9,8.296105334806695,0.09099999999999994,0.08201015357641321,0.9531594114392066,0.09099999999999994,0.09589546914880204
91.0,8.336374161350223,0.09,0.08110084500625855,0.9667885077744731,0.09,0.09484701913388234
91.10000000000001,8.37705866735651,0.08899999999999991,0.080192388445567,0.9805397102460266,0.08899999999999991,0.09380079292418231
91.2,8.417259307125857,0.08799999999999997,0.07930473204223808,0.9944725542664528,0.08799999999999997,0.09275251663847196
91.30000000000001,8.45827204847544,0.08699999999999988,0.07840926842973157,1.0085377804972242,0.08699999999999988,0.09170616235452166
91.4,8.500069729260023,0.08599999999999994,0.07750706904860648,1.0228074917122774,0.08599999999999994,0.09065665789490303
91.5,8.54247819074779,0.085,0.07660229503537727,1.0372911827918148,0.085,0.08960369726070802
91.60000000000001,8.585897223487983,0.08399999999999991,0.07568690206414126,1.051975992603228,0.08399999999999991,0.08854860053409168
91.7,8.629907065139864,0.08299999999999998,0.0747702157806447,1.0668169638440017,0.08299999999999998,0.08749490595301801
91.80000000000001,8.67408810437891,0.08199999999999989,0.0738611307917681,1.0817674301350504,0.08199999999999989,0.08644611462452831
91.9,8.71933133673729,0.08099999999999995,0.07294164341533169,1.0968567120275694,0.08099999999999995,0.08540033213357266
92.0,8.764162140041245,0.08,0.07204182888064471,1.1122444903850555,0.08,0.08434689015159
92.10000000000001,8.80976355222316,0.07899999999999992,0.07113793441918409,1.1278370530828883,0.07899999999999992,0.08329268309313036
92.2,8.855570520864932,0.07799999999999997,0.07024138305809742,1.1436933671087046,0.07799999999999997,0.08223415512695038
92.30000000000001,8.901577534926151,0.07699999999999989,0.06935228948511483,1.1597496445961304,0.07699999999999989,0.08117598524410986
92.4,8.949572778746084,0.07599999999999994,0.06843676472773838,1.1759346808493143,0.07599999999999994,0.08012310970069787
92.5,8.99743395875075,0.075,0.06753583274833876,1.1923626722767953,0.075,0.07906839355185842
92.60000000000001,9.045951423283412,0.07399999999999991,0.0666346515628451,1.208988692786545,0.07399999999999991,0.07801509872810812
92.7,9.094966397003828,0.07299999999999997,0.0657364396306933,1.2258298556953668,0.07299999999999997,0.07696247813130583
92.80000000000001,9.145175882739714,0.07199999999999988,0.06482889036011714,1.242893070168794,0.07199999999999988,0.07591046245256308
92.9,9.196125555298032,0.07099999999999994,0.06392076909260162,1.2602272033691406,0.07099999999999994,0.07485646698509843
93.0,9.247288213190945,0.07,0.06302165216196134,1.277777417637411,0.07,0.07380424113585164
93.10000000000001,9.299749252457847,0.06899999999999991,0.06211284888803053,1.2956509929299358,0.06899999999999991,0.0727478287909035
93.2,9.35317017337506,0.06799999999999998,0.061200883286467285,1.3137753762453794,0.06799999999999998,0.07169203241955924
93.30000000000001,9.40612599741333,0.06699999999999989,0.06031007355400098,1.3323112330958353,0.06699999999999989,0.07062811344158426
93.4,9.461042260427849,0.06599999999999995,0.05939997842266645,1.3509053802788256,0.06599999999999995,0.069576711723464
93.5,9.51600209637468,0.065,0.05850291105585748,1.3698679759353405,0.065,0.06852059450359499
93.60000000000001,9.572806724817863,0.06399999999999992,0.05758996752953236,1.3890770382285131,0.06399999999999992,0.06746709419336935
93.7,9.630225335795034,0.06299999999999997,0.05668163386295067,1.4085961637776352,0.06299999999999997,0.06641317921724653
93.80000000000001,9.688300613222646,0.06199999999999989,0.055777484516561365,1.4283449465259936,0.06199999999999989,0.06536361818909049
93.9,9.74728043026168,0.06099999999999994,0.05487401266390198,1.4484909929186112,0.06099999999999994,0.06431003310961486
94.0,9.807493496934585,0.06,0.053966744225301296,1.4690152467414708,0.06,0.0632541307902217
94.10000000000001,9.868501475272051,0.058999999999999914,0.05306279605542639,1.4898976877368988,0.058999999999999914,0.062197592538093024
94.2,9.93019499751056,0.05799999999999997,0.05216408667741848,1.5110762465111918,0.05799999999999997,0.061144095478380546
94.30000000000001,9.99350502792358,0.056999999999999884,0.0512576514063476,1.532596947114917,0.056999999999999884,0.060091856161904204
94.4,10.05824434701399,0.055999999999999946,0.050347038468910726,1.5544771086573603,0.055999999999999946,0.059040603859115935
94.5,10.123353404969349,0.055,0.04944754054926036,1.5768672917829774,0.055,0.05798388322811515
94.60000000000001,10.189352999555389,0.053999999999999916,0.04855213990080027,1.5996275189667948,0.053999999999999916,0.05692908104098026
94.7,10.257437169449409,0.05299999999999997,0.04764544532241438,1.6228641834463926,0.05299999999999997,0.05587199119739344
94.80000000000001,10.326701858948077,0.05199999999999989,0.04674040271408098,1.6464670958518983,0.05199999999999989,0.05481833303596933
94.9,10.39641358334399,0.05099999999999994,0.04584687664496699,1.670516319639987,0.05099999999999994,0.053765186127910536
95.0,10.468261151680332,0.05,0.04494384538445499,1.6949653079733242,0.05,0.05271527068688061
95.10000000000001,10.541441577442727,0.04899999999999991,0.0440423443128223,1.7201514324685567,0.04899999999999991,0.051655135179897865
95.2,10.616574765301205,0.04799999999999997,0.04313559689927592,1.7457284036278748,0.04799999999999997,0.05060036465531831
95.30000000000001,10.692925591220824,0.04699999999999989,0.042233276699934624,1.771843756218441,0.04699999999999989,0.04954561124860669
95.4,10.769899636992392,0.045999999999999944,0.041342696814840735,1.7985072819367058,0.045999999999999944,0.04849139795525282
95.5,10.84946678971815,0.045,0.040441849755341965,1.8256637242436415,0.045,0.04744074986443791
95.60000000000001,10.930932184957571,0.043999999999999914,0.03953984480748911,1.8533969369456171,0.043999999999999914,0.04639127806332082
95.7,11.014261431045174,0.04299999999999997,0.038638013067062923,1.8820299317911278,0.04299999999999997,0.045332109323287496
95.80000000000001,11.100013739373669,0.041999999999999885,0.03773142793561015,1.911249555319557,0.041999999999999885,0.044276166909242964
95.9,11.18765668874522,0.040999999999999946,0.03682683124450659,1.9411352563174455,0.040999999999999946,0.04322159317368837
96.0,11.277891270500419,0.04,0.03591813872879273,1.9718661165237426,0.04,0.04216338394280891
96.10000000000001,11.370572533973888,0.03899999999999992,0.03500814400256608,2.003251364718658,0.03899999999999992,0.04110937828206324
96.2,11.464994881746746,0.03799999999999997,0.03410475924475258,2.035610313564539,0.03799999999999997,0.04005025280875383
96.30000000000001,11.56239655109017,0.03699999999999989,0.03319728996993737,2.068581185936928,0.03699999999999989,0.03899915994220515
96.4,11.662370620713839,0.03599999999999994,0.0322909594896106,2.1025520462989853,0.03599999999999994,0.03794503322092345
96.5,11.764022386042102,0.035,0.031394786073214095,2.1376382533088316,0.035,0.03688619909159532
96.60000000000001,11.868187439465855,0.03399999999999991,0.030502250859086758,2.1735036834571586,0.03399999999999991,0.035834380873391684
96.7,11.976382112702707,0.032999999999999974,0.029602043686070785,2.2105378241762543,0.032999999999999974,0.03477975307470676
96.80000000000001,12.087329057793983,0.03199999999999989,0.028706519945016367,2.2488777136206655,0.03199999999999989,0.03372062900485699
96.9,12.20218233744143,0.030999999999999944,0.02780799452733335,2.288507996363569,0.030999999999999944,0.032659746001787865
97.0,12.320103512378651,0.03,0.0269147210838486,2.3289451545104387,0.03,0.031611658564464434
97.10000000000001,12.442054413501594,0.028999999999999915,0.026021092790014754,2.370752121996147,0.028999999999999915,0.030563416862908727
97.2,12.569913352346571,0.027999999999999973,0.025116015905742254,2.4144831674694984,0.027999999999999973,0.02950410905072352
97.30000000000001,12.701523680646133,0.026999999999999885,0.024217252524019444,2.4595567004084593,0.026999999999999885,0.0284506909527637
97.4,12.83835246346527,0.025999999999999943,0.0233169361043574,2.5065004469081775,0.025999999999999943,0.0273935286092349
97.5,12.979979259044502,0.025,0.022420285746859097,2.5551524230279017,0.025,0.02633933033479556
97.60000000000001,13.129121465611505,0.023999999999999914,0.021513302851538418,2.605692025572062,0.023999999999999914,0.025287169899435597
97.7,13.282993560148812,0.022999999999999972,0.02061599399525347,2.658455050630496,0.022999999999999972,0.024233538777468387
97.80000000000001,13.445490050174344,0.021999999999999888,0.01970899143478027,2.713599946431816,0.021999999999999888,0.023179232808692028
97.9,13.61565513431543,0.020999999999999942,0.018801928177099057,2.771409303225586,0.020999999999999942,0.022123197225850905
98.0,13.792839931099635,0.02,0.017901782302973682,2.8313591285049853,0.02,0.02107884926242371
98.10000000000001,13.979158162342204,0.018999999999999916,0.017001681514336293,2.8951229454502463,0.018999999999999916,0.020022109297848863
98.2,14.173095309657203,0.01799999999999997,0.016112811334059292,2.9624331536292954,0.01799999999999997,0.018964020796955985
98.30000000000001,14.379640621065027,0.016999999999999887,0.015217196926835994,3.0329641515044647,0.016999999999999887,0.01791524471518161
98.4,14.600069755094518,0.015999999999999945,0.01431622442544677,3.107757642231884,0.015999999999999945,0.016866379777628518
98.5,14.835200253348194,0.015,0.013413883348005416,3.1879740161634986,0.015,0.015809615865691996
98.60000000000001,15.08342041202273,0.013999999999999915,0.012522947130024342,3.2732191323675353,0.013999999999999915,0.014759075159910732
98.7,15.35076402806858,0.012999999999999972,0.01162944559579724,3.3649229427762295,0.012999999999999972,0.013706748024468736
98.80000000000001,15.64286900492593,0.011999999999999886,0.010725905626742915,3.464226076066507,0.011999999999999886,0.012651662523821697
98.9,15.964305393201524,0.010999999999999944,0.009812550117959175,3.5726849950384394,0.010999999999999944,0.011591867543486905
99.0,16.30798120002736,0.01,0.008921863177454302,3.6898045673780153,0.01,0.010546911746624985
99.10000000000001,16.688613573048443,0.008999999999999914,0.008029440354393342,3.8205424921698885,0.008999999999999914,0.00949131912547391
99.2,17.11930233584987,0.007999999999999972,0.007126820377158107,3.966066009908915,0.007999999999999972,0.008440113874702922
99.30000000000001,17.60330281707075,0.0069999999999998865,0.006232979839235858,4.130333638016191,0.0069999999999998865,0.007392712155650341
99.4,18.167764219301198,0.005999999999999943,0.005331143420435141,4.32081066566147,0.005999999999999943,0.00633983398832223
99.5,18.837859615767847,0.005,0.00442835810630972,4.546030761934815,0.005,0.00528665717036882
99.60000000000001,19.647134305116698,0.003999999999999915,0.003539395292675561,4.822370160639309,0.003999999999999915,0.004230355193406887
99.7,20.69635795391951,0.0029999999999999714,0.0026470492479194023,5.179259346935902,0.0029999999999999714,0.0031721605791617423
99.80000000000001,22.211045947642116,0.0019999999999998864,0.0017402987818731573,5.681014354883711,0.0019999999999998864,0.0021163408824314118
99.9,24.724174321789313,0.0009999999999999432,0.0008678109985226362,6.541834462613186,0.0009999999999999432,0.0010568957859434281
