dataKind,lambda,DPKI_upper_bound,DPKI_lower_bound,DPKI_experimental,epsilon,lambdaTotalMeasured,pManageMeasured,gammaOnChainMeasured,qManageMeasured,muModelOffchainAuthMeasured,lambdaBlockMeasured,lambdaBlockHeightMeasured,lambdaBlockTxConfirmMeanMs,serviceCAs,calibrationScope,runDir,meanBlockMs,configuredLambdaBlock
measured_point,2.0,0.13121346124057076,0.07924821228320769,0.11540618826791745,0.1,1.9716584193818547,0.1,0.2,0.3,16.34857124166412,7.7664219737412274,9.309157226745247,126.18423301147466,4.0,Fig6 epsilon measured parameters,C:\Users\admin\Desktop\Blockchain_based DPKI platform\DPKI-and-DID-platform-Lenovo\chain33-dpki-real-experiment\outputs\real_sweeps\lambda_experiment\stable_three_lambdap_lambda2_16_r10000_blockms_90_lambda_2_r10000,90.0,11.11111111111111
measured_point,4.0,0.1429644562893839,0.08404156482849412,0.11617842219124697,0.1,4.071175817131633,0.1,0.2,0.3,16.340612642268272,7.865030314175778,9.249550104176683,124.60218980131162,4.0,Fig6 epsilon measured parameters,C:\Users\admin\Desktop\Blockchain_based DPKI platform\DPKI-and-DID-platform-Lenovo\chain33-dpki-real-experiment\outputs\real_sweeps\lambda_experiment\stable_three_lambdap_lambda2_16_r10000_blockms_90_lambda_4_r10000,90.0,11.11111111111111
measured_point,6.0,0.15635419633109543,0.08940585283162693,0.11876605431317473,0.1,5.993803509267766,0.1,0.2,0.3,16.308090103030985,7.830043505307671,9.20647763643168,125.15894698869775,4.0,Fig6 epsilon measured parameters,C:\Users\admin\Desktop\Blockchain_based DPKI platform\DPKI-and-DID-platform-Lenovo\chain33-dpki-real-experiment\outputs\real_sweeps\lambda_experiment\stable_three_lambdap_lambda2_16_r10000_blockms_90_lambda_6_r10000,90.0,11.11111111111111
measured_point,8.0,0.17109910064448425,0.09536803349595999,0.12128875381177305,0.1,7.970964550953789,0.1,0.2,0.3,16.361754876924714,7.827583193668056,9.150301229944036,125.19828608052974,4.0,Fig6 epsilon measured parameters,C:\Users\admin\Desktop\Blockchain_based DPKI platform\DPKI-and-DID-platform-Lenovo\chain33-dpki-real-experiment\outputs\real_sweeps\lambda_experiment\stable_three_lambdap_lambda2_16_r10000_blockms_90_lambda_8_r10000,90.0,11.11111111111111
measured_point,10.0,0.1906663321116103,0.1043762749163186,0.12477362742331084,0.1,10.141022130895198,0.1,0.2,0.3,16.31091756286173,7.897665846433019,9.262240278597421,124.08729605122723,4.0,Fig6 epsilon measured parameters,C:\Users\admin\Desktop\Blockchain_based DPKI platform\DPKI-and-DID-platform-Lenovo\chain33-dpki-real-experiment\outputs\real_sweeps\lambda_experiment\stable_three_lambdap_lambda2_16_r10000_blockms_90_lambda_10_r10000,90.0,11.11111111111111
measured_point,12.0,0.2104312158606088,0.11344195651291644,0.12888848044915924,0.1,11.837593666142148,0.1,0.2,0.3,16.247358682103165,7.8756557659947255,9.37006660806804,124.43408258540387,4.0,Fig6 epsilon measured parameters,C:\Users\admin\Desktop\Blockchain_based DPKI platform\DPKI-and-DID-platform-Lenovo\chain33-dpki-real-experiment\outputs\real_sweeps\lambda_experiment\stable_three_lambdap_lambda2_16_r10000_blockms_90_lambda_12_r10000,90.0,11.11111111111111
measured_point,14.0,0.2375689088895565,0.12412350627783805,0.1411516292423499,0.1,13.811034667022424,0.1,0.2,0.3,16.37751037316933,7.658860432820885,9.125904032525753,127.95637270008976,4.0,Fig6 epsilon measured parameters,C:\Users\admin\Desktop\Blockchain_based DPKI platform\DPKI-and-DID-platform-Lenovo\chain33-dpki-real-experiment\outputs\real_sweeps\lambda_experiment\stable_three_lambdap_lambda2_16_r10000_blockms_90_lambda_14_r10000,90.0,11.11111111111111
measured_point,16.0,0.27554765590005914,0.14312568638885736,0.15739576800729876,0.1,16.11759817768421,0.1,0.2,0.3,16.390435134694943,7.793222881789328,9.259126089022766,125.7502851984379,4.0,Fig6 epsilon measured parameters,C:\Users\admin\Desktop\Blockchain_based DPKI platform\DPKI-and-DID-platform-Lenovo\chain33-dpki-real-experiment\outputs\real_sweeps\lambda_experiment\stable_three_lambdap_lambda2_16_r10000_blockms_90_lambda_16_r10000,90.0,11.11111111111111
measured_point,2.0,0.13664379495560366,0.07922628643243149,0.11994951606297016,0.1,2.0428144489225755,0.1,0.2,0.3,16.38190365498916,7.060711772308643,8.417952294170187,138.79620519895107,4.0,Fig6 epsilon measured parameters,C:\Users\admin\Desktop\Blockchain_based DPKI platform\DPKI-and-DID-platform-Lenovo\chain33-dpki-real-experiment\outputs\real_sweeps\lambda_experiment\stable_three_lambdap_lambda2_16_r10000_blockms_100_lambda_2_r10000,100.0,10.0
measured_point,4.0,0.14638770947248314,0.08337825553795966,0.11968109190640291,0.1,3.9393457830202316,0.1,0.2,0.3,16.40046075293343,7.2858197935168905,8.55565766883106,134.50785605101422,4.0,Fig6 epsilon measured parameters,C:\Users\admin\Desktop\Blockchain_based DPKI platform\DPKI-and-DID-platform-Lenovo\chain33-dpki-real-experiment\outputs\real_sweeps\lambda_experiment\stable_three_lambdap_lambda2_16_r10000_blockms_100_lambda_4_r10000,100.0,10.0
measured_point,6.0,0.16210807964744228,0.08957120507420879,0.124666634164144,0.1,5.997543825077955,0.1,0.2,0.3,16.28459803112525,7.232449862842855,8.456596286610335,135.5004208234901,4.0,Fig6 epsilon measured parameters,C:\Users\admin\Desktop\Blockchain_based DPKI platform\DPKI-and-DID-platform-Lenovo\chain33-dpki-real-experiment\outputs\real_sweeps\lambda_experiment\stable_three_lambdap_lambda2_16_r10000_blockms_100_lambda_6_r10000,100.0,10.0
measured_point,8.0,0.17678374840643474,0.09591982384668869,0.12683311621958437,0.1,8.13919959301524,0.1,0.2,0.3,16.367463022930682,7.407306826542815,8.589953747217258,132.301796448925,4.0,Fig6 epsilon measured parameters,C:\Users\admin\Desktop\Blockchain_based DPKI platform\DPKI-and-DID-platform-Lenovo\chain33-dpki-real-experiment\outputs\real_sweeps\lambda_experiment\stable_three_lambdap_lambda2_16_r10000_blockms_100_lambda_8_r10000,100.0,10.0
measured_point,10.0,0.19710177885427224,0.10341899530671331,0.13281690595538087,0.1,10.015507079843887,0.1,0.2,0.3,16.355360221312342,7.203384735186938,8.518531427566215,136.04715505655517,4.0,Fig6 epsilon measured parameters,C:\Users\admin\Desktop\Blockchain_based DPKI platform\DPKI-and-DID-platform-Lenovo\chain33-dpki-real-experiment\outputs\real_sweeps\lambda_experiment\stable_three_lambdap_lambda2_16_r10000_blockms_100_lambda_10_r10000,100.0,10.0
measured_point,12.0,0.21659089957128522,0.11351738571263253,0.13910933215791443,0.1,11.78380509848538,0.1,0.2,0.3,16.21350300265553,7.396283836197764,8.51863300129719,132.4989713352851,4.0,Fig6 epsilon measured parameters,C:\Users\admin\Desktop\Blockchain_based DPKI platform\DPKI-and-DID-platform-Lenovo\chain33-dpki-real-experiment\outputs\real_sweeps\lambda_experiment\stable_three_lambdap_lambda2_16_r10000_blockms_100_lambda_12_r10000,100.0,10.0
measured_point,14.0,0.24586671501011587,0.12520492882401443,0.1535098484387965,0.1,14.051528966746618,0.1,0.2,0.3,16.42291822119122,7.305002154321808,8.561965389370433,134.15464900584723,4.0,Fig6 epsilon measured parameters,C:\Users\admin\Desktop\Blockchain_based DPKI platform\DPKI-and-DID-platform-Lenovo\chain33-dpki-real-experiment\outputs\real_sweeps\lambda_experiment\stable_three_lambdap_lambda2_16_r10000_blockms_100_lambda_14_r10000,100.0,10.0
measured_point,16.0,0.28781509957756984,0.14345113412672778,0.18675390455896665,0.1,16.03130703786999,0.1,0.2,0.3,16.326563109266626,7.135129789189079,8.430054523473936,137.34858775587583,4.0,Fig6 epsilon measured parameters,C:\Users\admin\Desktop\Blockchain_based DPKI platform\DPKI-and-DID-platform-Lenovo\chain33-dpki-real-experiment\outputs\real_sweeps\lambda_experiment\stable_three_lambdap_lambda2_16_r10000_blockms_100_lambda_16_r10000,100.0,10.0
measured_point,2.0,0.14319634067474338,0.07878188085003815,0.12601970704625173,0.1,1.9731393511049844,0.1,0.2,0.3,16.441189316766035,6.261359960562784,7.288134428341223,156.5155183813958,4.0,Fig6 epsilon measured parameters,C:\Users\admin\Desktop\Blockchain_based DPKI platform\DPKI-and-DID-platform-Lenovo\chain33-dpki-real-experiment\outputs\real_sweeps\lambda_experiment\stable_three_lambdap_lambda2_16_r10000_blockms_120_lambda_2_r10000,120.0,8.333333333333334
measured_point,4.0,0.15598674477538463,0.08282795706893753,0.12888278734115713,0.1,3.903306236641611,0.1,0.2,0.3,16.482909154890503,6.25262592026098,7.234420717830562,156.73414857978509,4.0,Fig6 epsilon measured parameters,C:\Users\admin\Desktop\Blockchain_based DPKI platform\DPKI-and-DID-platform-Lenovo\chain33-dpki-real-experiment\outputs\real_sweeps\lambda_experiment\stable_three_lambdap_lambda2_16_r10000_blockms_120_lambda_4_r10000,120.0,8.333333333333334
measured_point,6.0,0.17198159704826588,0.08876170296743521,0.13280056981001587,0.1,6.111349158364033,0.1,0.2,0.3,16.45953350470027,6.323538080546347,7.167230767911496,154.97653173226863,4.0,Fig6 epsilon measured parameters,C:\Users\admin\Desktop\Blockchain_based DPKI platform\DPKI-and-DID-platform-Lenovo\chain33-dpki-real-experiment\outputs\real_sweeps\lambda_experiment\stable_three_lambdap_lambda2_16_r10000_blockms_120_lambda_6_r10000,120.0,8.333333333333334
measured_point,8.0,0.18895694119055487,0.0951423272886088,0.13989050257764044,0.1,7.982548282904983,0.1,0.2,0.3,16.397159826678113,6.316508446392355,7.138346598971754,155.1490049157969,4.0,Fig6 epsilon measured parameters,C:\Users\admin\Desktop\Blockchain_based DPKI platform\DPKI-and-DID-platform-Lenovo\chain33-dpki-real-experiment\outputs\real_sweeps\lambda_experiment\stable_three_lambdap_lambda2_16_r10000_blockms_120_lambda_8_r10000,120.0,8.333333333333334
measured_point,10.0,0.20942012664236972,0.10207637630961161,0.15309762237613345,0.1,9.982631304205055,0.1,0.2,0.3,16.490751637334554,6.240644716868368,7.203864250381539,157.0350571874529,4.0,Fig6 epsilon measured parameters,C:\Users\admin\Desktop\Blockchain_based DPKI platform\DPKI-and-DID-platform-Lenovo\chain33-dpki-real-experiment\outputs\real_sweeps\lambda_experiment\stable_three_lambdap_lambda2_16_r10000_blockms_120_lambda_10_r10000,120.0,8.333333333333334
measured_point,12.0,0.23298289644983444,0.11242244193618335,0.16831912776485947,0.1,12.140156754417049,0.1,0.2,0.3,16.492856519985228,6.38794280536213,7.282831471502241,153.41402230110359,4.0,Fig6 epsilon measured parameters,C:\Users\admin\Desktop\Blockchain_based DPKI platform\DPKI-and-DID-platform-Lenovo\chain33-dpki-real-experiment\outputs\real_sweeps\lambda_experiment\stable_three_lambdap_lambda2_16_r10000_blockms_120_lambda_12_r10000,120.0,8.333333333333334
measured_point,14.0,0.26367151892146484,0.12452753485799609,0.2073050833867819,0.1,13.96555327719416,0.1,0.2,0.3,16.427825556936757,6.29415670989801,7.194082374953981,155.69996826721524,4.0,Fig6 epsilon measured parameters,C:\Users\admin\Desktop\Blockchain_based DPKI platform\DPKI-and-DID-platform-Lenovo\chain33-dpki-real-experiment\outputs\real_sweeps\lambda_experiment\stable_three_lambdap_lambda2_16_r10000_blockms_120_lambda_14_r10000,120.0,8.333333333333334
measured_point,16.0,0.30153445054598416,0.1397321745008155,0.30985119492715785,0.1,15.79927188583816,0.1,0.2,0.3,16.40839884024756,6.2112576193674425,7.107439621731083,157.77803144797005,4.0,Fig6 epsilon measured parameters,C:\Users\admin\Desktop\Blockchain_based DPKI platform\DPKI-and-DID-platform-Lenovo\chain33-dpki-real-experiment\outputs\real_sweeps\lambda_experiment\stable_three_lambdap_lambda2_16_r10000_blockms_120_lambda_16_r10000,120.0,8.333333333333334
plot_curve,2.0,0.1427932214502362,0.07861954550056449,0.12220258148286792,,,,,,,,,,,,,120.0,
plot_curve,2.0468227424749164,0.14312335621225525,0.07872618859411024,0.12269040043054731,,,,,,,,,,,,,120.0,
plot_curve,2.0936454849498327,0.14345326379097628,0.07883287686995807,0.12316735906886765,,,,,,,,,,,,,120.0,
plot_curve,2.140468227424749,0.14378296004007393,0.0789396164963802,0.12363357530415646,,,,,,,,,,,,,120.0,
plot_curve,2.1872909698996654,0.1441124608132229,0.07904641364164881,0.12408916704274127,,,,,,,,,,,,,120.0,
plot_curve,2.234113712374582,0.14444178196409785,0.07915327447403613,0.12453425219094962,,,,,,,,,,,,,120.0,
plot_curve,2.280936454849498,0.1447709393463735,0.07926020516181431,0.12496894865510903,,,,,,,,,,,,,120.0,
plot_curve,2.327759197324415,0.14509994881372446,0.07936721187325561,0.12539337434154707,,,,,,,,,,,,,120.0,
plot_curve,2.374581939799331,0.14542882621982545,0.0794743007766322,0.1258076471565912,,,,,,,,,,,,,120.0,
plot_curve,2.4214046822742477,0.1457575874183511,0.07958147804021629,0.12621188500656905,,,,,,,,,,,,,120.0,
plot_curve,2.468227424749164,0.14608624826297611,0.07968874983228008,0.12660620579780807,,,,,,,,,,,,,120.0,
plot_curve,2.5150501672240804,0.14641482460737518,0.07979612232109577,0.12699072743663584,,,,,,,,,,,,,120.0,
plot_curve,2.5618729096989967,0.14674333230522293,0.07990360167493556,0.12736556782937986,,,,,,,,,,,,,120.0,
plot_curve,2.608695652173913,0.14707178721019407,0.08001119406207165,0.1277308448823677,,,,,,,,,,,,,120.0,
plot_curve,2.6555183946488294,0.14740020517596325,0.08011890565077626,0.12808667650192684,,,,,,,,,,,,,120.0,
plot_curve,2.702341137123746,0.14772860205620517,0.08022674260932156,0.1284331805943849,,,,,,,,,,,,,120.0,
plot_curve,2.749163879598662,0.1480569937045945,0.08033471110597977,0.12877047506606934,,,,,,,,,,,,,120.0,
plot_curve,2.7959866220735785,0.14838539597480588,0.0804428173090231,0.1290986778233077,,,,,,,,,,,,,120.0,
plot_curve,2.842809364548495,0.148713824720514,0.08055106738672374,0.12941790677242754,,,,,,,,,,,,,120.0,
plot_curve,2.8896321070234112,0.14904229579539355,0.08065946750735388,0.12972827981975638,,,,,,,,,,,,,120.0,
plot_curve,2.9364548494983276,0.1493708250531192,0.08076802383918574,0.13002991487162177,,,,,,,,,,,,,120.0,
plot_curve,2.983277591973244,0.1496994283473656,0.08087674255049153,0.1303229298343512,,,,,,,,,,,,,120.0,
plot_curve,3.0301003344481607,0.15002812153180745,0.08098562980954342,0.13060744261427226,,,,,,,,,,,,,120.0,
plot_curve,3.0769230769230766,0.1503569204601194,0.08109469178461363,0.13088357111771243,,,,,,,,,,,,,120.0,
plot_curve,3.1237458193979935,0.15068584098597615,0.08120393464397438,0.1311514332509993,,,,,,,,,,,,,120.0,
plot_curve,3.1705685618729094,0.15101489896305234,0.08131336455589783,0.13141114692046033,,,,,,,,,,,,,120.0,
plot_curve,3.217391304347826,0.15134411024502267,0.08142298768865622,0.13166283003242313,,,,,,,,,,,,,120.0,
plot_curve,3.264214046822742,0.15167349068556182,0.08153281021052172,0.13190660049321518,,,,,,,,,,,,,120.0,
plot_curve,3.311036789297659,0.15200305613834444,0.08164283828976655,0.132142576209164,,,,,,,,,,,,,120.0,
plot_curve,3.3578595317725752,0.1523328224570452,0.08175307809466291,0.1323708750865972,,,,,,,,,,,,,120.0,
plot_curve,3.4046822742474916,0.1526628054953388,0.081863535793483,0.13259161503184225,,,,,,,,,,,,,120.0,
plot_curve,3.451505016722408,0.1529930211068999,0.08197421755449902,0.13280491395122668,,,,,,,,,,,,,120.0,
plot_curve,3.4983277591973243,0.15332348514540317,0.08208512954598317,0.13301088975107805,,,,,,,,,,,,,120.0,
plot_curve,3.5451505016722407,0.1536542134645233,0.08219627793620765,0.1332096603377239,,,,,,,,,,,,,120.0,
plot_curve,3.591973244147157,0.15398522191793493,0.08230766889344468,0.13340134361749176,,,,,,,,,,,,,120.0,
plot_curve,3.6387959866220734,0.15431652635931276,0.08241930858596644,0.13358605749670913,,,,,,,,,,,,,120.0,
plot_curve,3.6856187290969897,0.15464814264233145,0.08253120318204513,0.13376391988170358,,,,,,,,,,,,,120.0,
plot_curve,3.7324414715719065,0.1549800866206657,0.08264335884995297,0.13393504867880263,,,,,,,,,,,,,120.0,
plot_curve,3.7792642140468224,0.15531237414799015,0.08275578175796214,0.1340995617943338,,,,,,,,,,,,,120.0,
plot_curve,3.8260869565217392,0.15564502107797948,0.08286847807434486,0.13425757713462466,,,,,,,,,,,,,120.0,
plot_curve,3.872909698996655,0.1559780432643084,0.08298145396737333,0.1344092126060027,,,,,,,,,,,,,120.0,
plot_curve,3.919732441471572,0.1563114565606515,0.08309471560531974,0.13455458611479545,,,,,,,,,,,,,120.0,
plot_curve,3.966555183946488,0.15664527682068355,0.0832082691564563,0.1346938155673305,,,,,,,,,,,,,120.0,
plot_curve,4.013377926421405,0.15697951989807918,0.08332212078905521,0.13482701886993534,,,,,,,,,,,,,120.0,
plot_curve,4.0602006688963215,0.15731420164651305,0.08343627667138866,0.1349543139289375,,,,,,,,,,,,,120.0,
plot_curve,4.107023411371237,0.15764933791965985,0.08355074297172888,0.13507581865066454,,,,,,,,,,,,,120.0,
plot_curve,4.153846153846153,0.15798494457119422,0.08366552585834802,0.13519165094144397,,,,,,,,,,,,,120.0,
plot_curve,4.20066889632107,0.1583210374547909,0.08378063149951835,0.13530192870760333,,,,,,,,,,,,,120.0,
plot_curve,4.247491638795987,0.15865763242412453,0.08389606606351202,0.13540676985547015,,,,,,,,,,,,,120.0,
plot_curve,4.294314381270903,0.15899474533286975,0.08401183571860125,0.13550629229137198,,,,,,,,,,,,,120.0,
plot_curve,4.341137123745819,0.1593323920347013,0.08412794663305824,0.13560061392163633,,,,,,,,,,,,,120.0,
plot_curve,4.3879598662207355,0.1596705883832938,0.08424440497515519,0.13568985265259076,,,,,,,,,,,,,120.0,
plot_curve,4.434782608695652,0.16000935023232193,0.08436121691316431,0.13577412639056277,,,,,,,,,,,,,120.0,
plot_curve,4.481605351170568,0.16034869343546038,0.08447838861535778,0.1358535530418799,,,,,,,,,,,,,120.0,
plot_curve,4.528428093645484,0.16068863384638382,0.08459592625000782,0.13592825051286972,,,,,,,,,,,,,120.0,
plot_curve,4.575250836120401,0.16102918731876695,0.08471383598538663,0.13599833670985972,,,,,,,,,,,,,120.0,
plot_curve,4.622073578595318,0.16137036970628438,0.08483212398976642,0.13606392953917745,,,,,,,,,,,,,120.0,
plot_curve,4.668896321070234,0.16171219686261082,0.08495079643141935,0.13612514690715047,,,,,,,,,,,,,120.0,
plot_curve,4.7157190635451505,0.16205468464142095,0.08506985947861767,0.13618210672010625,,,,,,,,,,,,,120.0,
plot_curve,4.762541806020067,0.16239784889638945,0.08518931929963357,0.1362349268843724,,,,,,,,,,,,,120.0,
plot_curve,4.809364548494983,0.16274170548119093,0.08530918206273924,0.13628372530627636,,,,,,,,,,,,,120.0,
plot_curve,4.856187290969899,0.16308627024950015,0.08542945393620688,0.13632861989214576,,,,,,,,,,,,,120.0,
plot_curve,4.903010033444816,0.16343155905499174,0.08555014108830869,0.1363697285483081,,,,,,,,,,,,,120.0,
plot_curve,4.949832775919733,0.16377758775134038,0.0856712496873169,0.13640716918109086,,,,,,,,,,,,,120.0,
plot_curve,4.996655518394649,0.16412437219222073,0.08579278590150367,0.13644105969682163,,,,,,,,,,,,,120.0,
plot_curve,5.0434782608695645,0.16447192823130746,0.08591475589914123,0.13647151800182794,,,,,,,,,,,,,120.0,
plot_curve,5.090301003344481,0.16482027172227529,0.08603716584850177,0.1364986620024373,,,,,,,,,,,,,120.0,
plot_curve,5.137123745819398,0.16516941851879885,0.0861600219178575,0.13652260960497725,,,,,,,,,,,,,120.0,
plot_curve,5.183946488294314,0.16551938447455283,0.08628333027548062,0.13654347871577535,,,,,,,,,,,,,120.0,
plot_curve,5.23076923076923,0.1658701854432119,0.08640709708964332,0.13656138724115907,,,,,,,,,,,,,120.0,
plot_curve,5.277591973244147,0.16622183727845072,0.0865313285286178,0.13657645308745603,,,,,,,,,,,,,120.0,
plot_curve,5.3244147157190636,0.16657435583394398,0.0866560307606763,0.1365887941609937,,,,,,,,,,,,,120.0,
plot_curve,5.3712374581939795,0.16692775696336634,0.08678120995409097,0.13659852836809963,,,,,,,,,,,,,120.0,
plot_curve,5.418060200668896,0.1672820565203925,0.08690687227713403,0.13660577361510137,,,,,,,,,,,,,120.0,
plot_curve,5.464882943143813,0.1676372703586971,0.0870330238980777,0.13661064780832644,,,,,,,,,,,,,120.0,
plot_curve,5.511705685618729,0.16799341433195483,0.08715967098519416,0.13661326885410233,,,,,,,,,,,,,120.0,
plot_curve,5.558528428093645,0.16835050429384038,0.08728681970675561,0.13661375465875664,,,,,,,,,,,,,120.0,
plot_curve,5.605351170568562,0.16870855609802837,0.08741447623103428,0.13661222312861687,,,,,,,,,,,,,120.0,
plot_curve,5.6521739130434785,0.16906758559819354,0.08754264672630234,0.1366087921700106,,,,,,,,,,,,,120.0,
plot_curve,5.698996655518394,0.16942760864801054,0.087671337360832,0.1366035796892653,,,,,,,,,,,,,120.0,
plot_curve,5.74581939799331,0.169788641101154,0.08780055430289546,0.1365967035927085,,,,,,,,,,,,,120.0,
plot_curve,5.792642140468227,0.17015069881129866,0.08793030372076494,0.1365882817866678,,,,,,,,,,,,,120.0,
plot_curve,5.839464882943144,0.17051379763211916,0.08806059178271262,0.13657843217747065,,,,,,,,,,,,,120.0,
plot_curve,5.88628762541806,0.17087795341729015,0.08819142465701071,0.13656727267144467,,,,,,,,,,,,,120.0,
plot_curve,5.933110367892976,0.17124318202048633,0.0883228085119314,0.13655492117491735,,,,,,,,,,,,,120.0,
plot_curve,5.9799331103678925,0.1716094992953824,0.08845474951574692,0.1365414955942162,,,,,,,,,,,,,120.0,
plot_curve,6.026755852842809,0.171976921095653,0.08858725383672944,0.1365271138356688,,,,,,,,,,,,,120.0,
plot_curve,6.073578595317725,0.1723454632749728,0.08872032764315119,0.13651189380560258,,,,,,,,,,,,,120.0,
plot_curve,6.120401337792642,0.1727151416870165,0.08885397710328434,0.13649595341034523,,,,,,,,,,,,,120.0,
plot_curve,6.167224080267558,0.17308597218545874,0.08898820838540111,0.1364794105562242,,,,,,,,,,,,,120.0,
plot_curve,6.214046822742475,0.17345797062397422,0.0891230276577737,0.13646238314956702,,,,,,,,,,,,,120.0,
plot_curve,6.260869565217391,0.17383115285623757,0.08925844108867431,0.13644498909670125,,,,,,,,,,,,,120.0,
plot_curve,6.3076923076923075,0.17420553473592354,0.08939445484637515,0.13642734630395437,,,,,,,,,,,,,120.0,
plot_curve,6.354515050167223,0.17458113211670673,0.08953107509914841,0.13640957267765397,,,,,,,,,,,,,120.0,
plot_curve,6.40133779264214,0.17495796085226187,0.08966830801526629,0.13639178612412756,,,,,,,,,,,,,120.0,
plot_curve,6.448160535117056,0.17533603679626358,0.089806159763001,0.13637410454970267,,,,,,,,,,,,,120.0,
plot_curve,6.494983277591973,0.17571537580238658,0.08994463651062475,0.13635664586070687,,,,,,,,,,,,,120.0,
plot_curve,6.54180602006689,0.1760959937243055,0.09008374442640972,0.13633952796346763,,,,,,,,,,,,,120.0,
plot_curve,6.588628762541806,0.17647790641569505,0.09022348967862812,0.13632286876431252,,,,,,,,,,,,,120.0,
plot_curve,6.635451505016722,0.1768611297302299,0.09036387843555216,0.13630678616956904,,,,,,,,,,,,,120.0,
plot_curve,6.682274247491638,0.1772456795215847,0.09050491686545402,0.13629139808556479,,,,,,,,,,,,,120.0,
plot_curve,6.729096989966555,0.17763157164343416,0.09064661113660592,0.13627682241862726,,,,,,,,,,,,,120.0,
plot_curve,6.775919732441471,0.1780188219494529,0.09078896741728007,0.136263177075084,,,,,,,,,,,,,120.0,
plot_curve,6.822742474916388,0.17840744629331565,0.09093199187574864,0.1362505799612625,,,,,,,,,,,,,120.0,
plot_curve,6.869565217391304,0.17879746052869705,0.09107569068028387,0.13623914898349035,,,,,,,,,,,,,120.0,
plot_curve,6.916387959866221,0.17918888050927176,0.09122006999915792,0.13622900204809504,,,,,,,,,,,,,120.0,
plot_curve,6.9632107023411365,0.17958172208871448,0.09136513600064303,0.13622025706140412,,,,,,,,,,,,,120.0,
plot_curve,7.010033444816053,0.1799760011206999,0.09151089485301138,0.13621303192974513,,,,,,,,,,,,,120.0,
plot_curve,7.056856187290969,0.18037173345890264,0.09165735272453518,0.1362074445594456,,,,,,,,,,,,,120.0,
plot_curve,7.103678929765886,0.18076893495699742,0.09180451578348663,0.13620361285683308,,,,,,,,,,,,,120.0,
plot_curve,7.150501672240802,0.1811676214686589,0.09195239019813792,0.13620165472823503,,,,,,,,,,,,,120.0,
plot_curve,7.197324414715719,0.18156780884756177,0.09210098213676127,0.13620168807997907,,,,,,,,,,,,,120.0,
plot_curve,7.2441471571906355,0.18196951294738067,0.09225029776762886,0.13620383081839268,,,,,,,,,,,,,120.0,
plot_curve,7.290969899665551,0.18237274962179026,0.0924003432590129,0.13620820084980345,,,,,,,,,,,,,120.0,
plot_curve,7.337792642140468,0.18277753472446528,0.09255112477918562,0.13621491608053887,,,,,,,,,,,,,120.0,
plot_curve,7.384615384615384,0.18318388410908032,0.09270264849641918,0.13622409441692646,,,,,,,,,,,,,120.0,
plot_curve,7.431438127090301,0.18359181362931012,0.0928549205789858,0.13623585376529376,,,,,,,,,,,,,120.0,
plot_curve,7.478260869565217,0.18400133913882935,0.09300794719515768,0.13625031203196833,,,,,,,,,,,,,120.0,
plot_curve,7.525083612040134,0.18441247649131265,0.09316173451320703,0.1362675871232777,,,,,,,,,,,,,120.0,
plot_curve,7.57190635451505,0.1848252415404347,0.09331628870140603,0.13628779694554938,,,,,,,,,,,,,120.0,
plot_curve,7.618729096989966,0.1852396501398702,0.09347161592802689,0.13631105940511093,,,,,,,,,,,,,120.0,
plot_curve,7.665551839464882,0.1856557181432938,0.09362772236134183,0.13633749240828985,,,,,,,,,,,,,120.0,
plot_curve,7.712374581939799,0.18607346140438016,0.09378461416962303,0.13636721386141373,,,,,,,,,,,,,120.0,
plot_curve,7.759197324414715,0.18649289577680397,0.09394229752114269,0.13640034167081003,,,,,,,,,,,,,120.0,
plot_curve,7.806020066889632,0.18691403711423993,0.09410077858417304,0.13643699374280632,,,,,,,,,,,,,120.0,
plot_curve,7.852842809364548,0.18733690127036268,0.09426006352698625,0.13647728798373016,,,,,,,,,,,,,120.0,
plot_curve,7.8996655518394645,0.1877615040988469,0.09442015851785454,0.13652134229990903,,,,,,,,,,,,,120.0,
plot_curve,7.94648829431438,0.18818786145336724,0.09458106972505011,0.1365692745976705,,,,,,,,,,,,,120.0,
plot_curve,7.993311036789297,0.18861598918759845,0.09474280331684515,0.13662120278334206,,,,,,,,,,,,,120.0,
plot_curve,8.040133779264213,0.1890459031552151,0.09490536546151185,0.1366772447632513,,,,,,,,,,,,,120.0,
plot_curve,8.086956521739129,0.18947761920989195,0.09506876232732245,0.13673751844372573,,,,,,,,,,,,,120.0,
plot_curve,8.133779264214047,0.18991115320530363,0.09523300008254913,0.13680214173109287,,,,,,,,,,,,,120.0,
plot_curve,8.180602006688963,0.19034652099512483,0.09539808489546409,0.1368712325316803,,,,,,,,,,,,,120.0,
plot_curve,8.22742474916388,0.1907837384330302,0.09556402293433953,0.13694490875181548,,,,,,,,,,,,,120.0,
plot_curve,8.274247491638796,0.19122282137269445,0.09573082036744765,0.13702328829782595,,,,,,,,,,,,,120.0,
plot_curve,8.321070234113712,0.19166378566779219,0.09589848336306067,0.1371064890760393,,,,,,,,,,,,,120.0,
plot_curve,8.367892976588628,0.19210664717199816,0.09606701808945077,0.13719462899278306,,,,,,,,,,,,,120.0,
plot_curve,8.414715719063544,0.19255142173898704,0.09623643071489016,0.13728782595438477,,,,,,,,,,,,,120.0,
plot_curve,8.46153846153846,0.19299812522243343,0.09640672740765104,0.13738619786717188,,,,,,,,,,,,,120.0,
plot_curve,8.508361204013378,0.19344677347601208,0.09657791433600563,0.13748986263747198,,,,,,,,,,,,,120.0,
plot_curve,8.555183946488294,0.1938973823533976,0.09674999766822609,0.1375989381716126,,,,,,,,,,,,,120.0,
plot_curve,8.602006688963211,0.19434996770826468,0.09692298357258466,0.1377135423759213,,,,,,,,,,,,,120.0,
plot_curve,8.648829431438127,0.19480454539428804,0.09709687821735352,0.13783379315672556,,,,,,,,,,,,,120.0,
plot_curve,8.695652173913043,0.1952611312651423,0.09727168777080489,0.13795980842035296,,,,,,,,,,,,,120.0,
plot_curve,8.742474916387959,0.19571974117450217,0.09744741840121093,0.13809170607313098,,,,,,,,,,,,,120.0,
plot_curve,8.789297658862875,0.19618039097604228,0.0976240762768439,0.1382296040213872,,,,,,,,,,,,,120.0,
plot_curve,8.836120401337793,0.19664309652343737,0.09780166756597597,0.1383736201714492,,,,,,,,,,,,,120.0,
plot_curve,8.882943143812708,0.19710787367036203,0.09798019843687934,0.13852387242964437,,,,,,,,,,,,,120.0,
plot_curve,8.929765886287626,0.197574738270491,0.09815967505782623,0.13868047870230035,,,,,,,,,,,,,120.0,
plot_curve,8.976588628762542,0.19804370617749895,0.09834010359708881,0.13884355689574465,,,,,,,,,,,,,120.0,
plot_curve,9.023411371237458,0.1985147932450605,0.09852149022293931,0.1390132249163048,,,,,,,,,,,,,120.0,
plot_curve,9.070234113712374,0.19898801532685034,0.09870384110364991,0.13918960067030836,,,,,,,,,,,,,120.0,
plot_curve,9.11705685618729,0.1994633882765432,0.09888716240749283,0.1393728020640828,,,,,,,,,,,,,120.0,
plot_curve,9.163879598662206,0.19994092794781365,0.09907146030274026,0.13956294700395572,,,,,,,,,,,,,120.0,
plot_curve,9.210702341137123,0.20042065019433652,0.0992567409576644,0.1397601533962546,,,,,,,,,,,,,120.0,
plot_curve,9.25752508361204,0.20090257086978636,0.09944301054053747,0.13996453914730703,,,,,,,,,,,,,120.0,
plot_curve,9.304347826086957,0.20138670582783785,0.09963027521963166,0.14017622216344047,,,,,,,,,,,,,120.0,
plot_curve,9.351170568561873,0.20187307092216566,0.09981854116321916,0.1403953203509825,,,,,,,,,,,,,120.0,
plot_curve,9.397993311036789,0.20236168200644455,0.10000781453957218,0.1406219516162607,,,,,,,,,,,,,120.0,
plot_curve,9.444816053511705,0.20285255493434912,0.10019810151696293,0.14085623386560253,,,,,,,,,,,,,120.0,
plot_curve,9.49163879598662,0.203345705559554,0.10038940826366359,0.14109828500533553,,,,,,,,,,,,,120.0,
plot_curve,9.538461538461538,0.203841149735734,0.10058174094794639,0.14134822294178725,,,,,,,,,,,,,120.0,
plot_curve,9.585284280936454,0.20433890331656368,0.10077510573808351,0.1416061655812852,,,,,,,,,,,,,120.0,
plot_curve,9.632107023411372,0.20483898215571777,0.10096950880234717,0.141872230830157,,,,,,,,,,,,,120.0,
plot_curve,9.678929765886288,0.20534140210687088,0.10116495630900955,0.14214653659473006,,,,,,,,,,,,,120.0,
plot_curve,9.725752508361204,0.20584617902369773,0.10136145442634287,0.14242920078133198,,,,,,,,,,,,,120.0,
plot_curve,9.77257525083612,0.206353328759873,0.10155900932261931,0.14272034129629027,,,,,,,,,,,,,120.0,
plot_curve,9.819397993311036,0.20686286716907135,0.1017576271661111,0.1430200760459325,,,,,,,,,,,,,120.0,
plot_curve,9.866220735785951,0.20737481010496744,0.10195731412509042,0.14332852293658616,,,,,,,,,,,,,120.0,
plot_curve,9.91304347826087,0.20788917342123597,0.10215807636782948,0.14364579987457882,,,,,,,,,,,,,120.0,
plot_curve,9.959866220735785,0.2084059729715516,0.10235992006260047,0.143972024766238,,,,,,,,,,,,,120.0,
plot_curve,10.006688963210701,0.208925224609589,0.10256285137767561,0.14430731551789122,,,,,,,,,,,,,120.0,
plot_curve,10.053511705685619,0.20944694418902288,0.1027668764813271,0.14465179003586603,,,,,,,,,,,,,120.0,
plot_curve,10.100334448160535,0.20997114756352786,0.10297200154182712,0.14500556622648994,,,,,,,,,,,,,120.0,
plot_curve,10.14715719063545,0.2104978505867786,0.10317823272744787,0.14536876199609047,,,,,,,,,,,,,120.0,
plot_curve,10.193979933110366,0.21102706911244984,0.10338557620646159,0.14574149525099522,,,,,,,,,,,,,120.0,
plot_curve,10.240802675585284,0.21155881899421625,0.10359403814714047,0.1461238838975317,,,,,,,,,,,,,120.0,
plot_curve,10.2876254180602,0.21209311608575243,0.10380362471775667,0.1465160458420274,,,,,,,,,,,,,120.0,
plot_curve,10.334448160535116,0.21262997624073313,0.10401434208658245,0.14691809899080993,,,,,,,,,,,,,120.0,
plot_curve,10.381270903010034,0.213169415312833,0.10422619642188996,0.14733016125020673,,,,,,,,,,,,,120.0,
plot_curve,10.42809364548495,0.21371144915572665,0.10443919389195143,0.14775235052654537,,,,,,,,,,,,,120.0,
plot_curve,10.474916387959865,0.21425609362308884,0.10465334066503906,0.14818478472615343,,,,,,,,,,,,,120.0,
plot_curve,10.521739130434781,0.2148033645685942,0.10486864290942503,0.14862758175535834,,,,,,,,,,,,,120.0,
plot_curve,10.568561872909699,0.21535327784591746,0.1050851067933816,0.14908085952048777,,,,,,,,,,,,,120.0,
plot_curve,10.615384615384615,0.2159058493087332,0.10530273848518089,0.14954473592786915,,,,,,,,,,,,,120.0,
plot_curve,10.66220735785953,0.21646109481071613,0.10552154415309514,0.15001932888383004,,,,,,,,,,,,,120.0,
plot_curve,10.709030100334447,0.21701903020554097,0.10574152996539657,0.15050475629469803,,,,,,,,,,,,,120.0,
plot_curve,10.755852842809364,0.21757967134688236,0.10596270209035738,0.15100113606680055,,,,,,,,,,,,,120.0,
plot_curve,10.80267558528428,0.21814303408841496,0.10618506669624973,0.15150858610646517,,,,,,,,,,,,,120.0,
plot_curve,10.849498327759196,0.21870913428381344,0.10640862995134587,0.15202722432001947,,,,,,,,,,,,,120.0,
plot_curve,10.896321070234112,0.2192779877867525,0.10663339802391796,0.15255716861379093,,,,,,,,,,,,,120.0,
plot_curve,10.94314381270903,0.21984961045090684,0.10685937708223822,0.15309853689410716,,,,,,,,,,,,,120.0,
plot_curve,10.989966555183946,0.22042401812995105,0.10708657329457887,0.15365144706729555,,,,,,,,,,,,,120.0,
plot_curve,11.036789297658862,0.22100122667755984,0.10731499282921209,0.15421601703968374,,,,,,,,,,,,,120.0,
plot_curve,11.08361204013378,0.22158125194740796,0.10754464185441007,0.1547923647175993,,,,,,,,,,,,,120.0,
plot_curve,11.130434782608695,0.22216410979316997,0.10777552653844504,0.15538060800736964,,,,,,,,,,,,,120.0,
plot_curve,11.177257525083611,0.22274981606852057,0.10800765304958918,0.15598086481532242,,,,,,,,,,,,,120.0,
plot_curve,11.224080267558527,0.22333838662713446,0.1082410275561147,0.15659325304778504,,,,,,,,,,,,,120.0,
plot_curve,11.270903010033445,0.22392983732268634,0.10847565622629382,0.15721789061108515,,,,,,,,,,,,,120.0,
plot_curve,11.31772575250836,0.22452418400885082,0.1087115452283987,0.1578548954115503,,,,,,,,,,,,,120.0,
plot_curve,11.364548494983277,0.2251214425393026,0.10894870073070156,0.15850438535550782,,,,,,,,,,,,,120.0,
plot_curve,11.411371237458193,0.22572162876771634,0.10918712890147463,0.15916647834928552,,,,,,,,,,,,,120.0,
plot_curve,11.45819397993311,0.2263247585477668,0.10942683590899008,0.15984129229921074,,,,,,,,,,,,,120.0,
plot_curve,11.505016722408026,0.22693084773312852,0.1096678279215201,0.16052894511161103,,,,,,,,,,,,,120.0,
plot_curve,11.551839464882942,0.22753991217747627,0.10991011110733692,0.16122955469281405,,,,,,,,,,,,,120.0,
plot_curve,11.598662207357858,0.22815196773448465,0.11015369163471275,0.1619432389491472,,,,,,,,,,,,,120.0,
plot_curve,11.645484949832776,0.2287670302578284,0.11039857567191977,0.16267011578693807,,,,,,,,,,,,,120.0,
plot_curve,11.692307692307692,0.2293851156011822,0.11064476938723017,0.16341030311251423,,,,,,,,,,,,,120.0,
plot_curve,11.739130434782608,0.23000623961822061,0.11089227894891616,0.16416391883220305,,,,,,,,,,,,,120.0,
plot_curve,11.785953177257525,0.23063041816261848,0.11114111052524997,0.16493108085233238,,,,,,,,,,,,,120.0,
plot_curve,11.832775919732441,0.23125766708805032,0.11139127028450377,0.1657119070792294,,,,,,,,,,,,,120.0,
plot_curve,11.879598662207357,0.23188800224819087,0.11164276439494976,0.16650651541922185,,,,,,,,,,,,,120.0,
plot_curve,11.926421404682273,0.2325214394967148,0.11189559902486015,0.16731502377863716,,,,,,,,,,,,,120.0,
plot_curve,11.97324414715719,0.23315799468729684,0.11214978034250717,0.16813755006380293,,,,,,,,,,,,,120.0,
plot_curve,12.020066889632107,0.23379768367361153,0.11240531451616298,0.16897421218104672,,,,,,,,,,,,,120.0,
plot_curve,12.066889632107022,0.2344405223093337,0.1126622077140998,0.16982512803669597,,,,,,,,,,,,,120.0,
plot_curve,12.113712374581938,0.23508652644813788,0.1129204661045898,0.1706904155370783,,,,,,,,,,,,,120.0,
plot_curve,12.160535117056856,0.23573571194369888,0.11318009585590524,0.17157019258852121,,,,,,,,,,,,,120.0,
plot_curve,12.207357859531772,0.23638809464969124,0.11344110313631829,0.1724645770973522,,,,,,,,,,,,,120.0,
plot_curve,12.254180602006688,0.23704369041978973,0.11370349411410115,0.17337368696989885,,,,,,,,,,,,,120.0,
plot_curve,12.301003344481604,0.237702515107669,0.11396727495752602,0.17429764011248866,,,,,,,,,,,,,120.0,
plot_curve,12.347826086956522,0.2383645845670037,0.1142324518348651,0.1752365544314492,,,,,,,,,,,,,120.0,
plot_curve,12.394648829431437,0.23902991465146853,0.11449903091439062,0.176190547833108,,,,,,,,,,,,,120.0,
plot_curve,12.441471571906353,0.23969852121473811,0.11476701836437474,0.17715973822379255,,,,,,,,,,,,,120.0,
plot_curve,12.488294314381271,0.2403704201104872,0.1150364203530897,0.17814424350983044,,,,,,,,,,,,,120.0,
plot_curve,12.535117056856187,0.24104562719239042,0.11530724304880766,0.1791441815975491,,,,,,,,,,,,,120.0,
plot_curve,12.581939799331103,0.24172415831412244,0.11557949261980084,0.18015967039327618,,,,,,,,,,,,,120.0,
plot_curve,12.628762541806019,0.24240602932935795,0.11585317523434147,0.1811908278033392,,,,,,,,,,,,,120.0,
plot_curve,12.675585284280936,0.24309125609177162,0.11612829706070171,0.18223777173406563,,,,,,,,,,,,,120.0,
plot_curve,12.722408026755852,0.24377985445503814,0.11640486426715377,0.1833006200917831,,,,,,,,,,,,,120.0,
plot_curve,12.769230769230768,0.2444718402728321,0.11668288302196986,0.18437949078281896,,,,,,,,,,,,,120.0,
plot_curve,12.816053511705684,0.24516722939882826,0.11696235949342221,0.18547450171350088,,,,,,,,,,,,,120.0,
plot_curve,12.862876254180602,0.24586603768670134,0.11724329984978296,0.18658577079015654,,,,,,,,,,,,,120.0,
plot_curve,12.909698996655518,0.24656828099012587,0.11752571025932436,0.1877134159191131,,,,,,,,,,,,,120.0,
plot_curve,12.956521739130434,0.2472739751627766,0.11780959689031859,0.18885755500669843,,,,,,,,,,,,,120.0,
plot_curve,13.00334448160535,0.24798313605832822,0.11809496591103785,0.19001830595923985,,,,,,,,,,,,,120.0,
plot_curve,13.050167224080267,0.2486957795304554,0.11838182348975436,0.19119578668306506,,,,,,,,,,,,,120.0,
plot_curve,13.096989966555183,0.2494119214328328,0.1186701757947403,0.1923901150845015,,,,,,,,,,,,,120.0,
plot_curve,13.1438127090301,0.25013157761913507,0.11896002899426789,0.1936014090698766,,,,,,,,,,,,,120.0,
plot_curve,13.190635451505015,0.2508547639430369,0.11925138925660932,0.19482978654551816,,,,,,,,,,,,,120.0,
plot_curve,13.237458193979933,0.251581496258213,0.1195442627500368,0.1960753654177535,,,,,,,,,,,,,120.0,
plot_curve,13.284280936454849,0.252311790418338,0.1198386556428225,0.19733826359291018,,,,,,,,,,,,,120.0,
plot_curve,13.331103678929765,0.2530456622770866,0.12013457410323866,0.19861859897731582,,,,,,,,,,,,,120.0,
plot_curve,13.377926421404682,0.25378312768813344,0.12043202429955749,0.1999164894772979,,,,,,,,,,,,,120.0,
plot_curve,13.424749163879598,0.2545242025051532,0.12073101240005116,0.2012320529991839,,,,,,,,,,,,,120.0,
plot_curve,13.471571906354514,0.25526890258182056,0.12103154457299187,0.20256540744930146,,,,,,,,,,,,,120.0,
plot_curve,13.51839464882943,0.25601724377181023,0.12133362698665184,0.203916670733978,,,,,,,,,,,,,120.0,
plot_curve,13.565217391304348,0.2567692419287968,0.12163726580930329,0.20528596075954125,,,,,,,,,,,,,120.0,
plot_curve,13.612040133779264,0.2575249129064551,0.12194246720921836,0.20667339543231844,,,,,,,,,,,,,120.0,
plot_curve,13.65886287625418,0.25828427255845954,0.12224923735466928,0.20807909265863733,,,,,,,,,,,,,120.0,
plot_curve,13.705685618729095,0.25904733673848507,0.12255758241392829,0.20950317034482543,,,,,,,,,,,,,120.0,
plot_curve,13.752508361204013,0.2598141213002062,0.12286750855526757,0.21094574639721025,,,,,,,,,,,,,120.0,
plot_curve,13.799331103678929,0.2605846420972977,0.12317902194695927,0.2124069387221193,,,,,,,,,,,,,120.0,
plot_curve,13.846153846153845,0.2613589149834341,0.12349212875727567,0.21388686522588002,,,,,,,,,,,,,120.0,
plot_curve,13.89297658862876,0.26213695581229024,0.1238068351544889,0.21538564381482014,,,,,,,,,,,,,120.0,
plot_curve,13.939799331103679,0.26291878043754074,0.12412314730687124,0.21690339239526713,,,,,,,,,,,,,120.0,
plot_curve,13.986622073578594,0.2637044047128602,0.1244410713826948,0.2184402288735484,,,,,,,,,,,,,120.0,
plot_curve,14.03344481605351,0.26449384449192337,0.12476061355023187,0.21999627115599163,,,,,,,,,,,,,120.0,
plot_curve,14.080267558528428,0.2652871156284049,0.1250817799777546,0.22157163714892433,,,,,,,,,,,,,120.0,
plot_curve,14.127090301003344,0.26608423397597947,0.12540457683353518,0.2231664447586739,,,,,,,,,,,,,120.0,
plot_curve,14.17391304347826,0.2668852153883218,0.12572901028584588,0.22478081189156804,,,,,,,,,,,,,120.0,
plot_curve,14.220735785953176,0.26769007571910636,0.12605508650295882,0.22641485645393417,,,,,,,,,,,,,120.0,
plot_curve,14.267558528428093,0.2684988308220081,0.12638281165314624,0.22806869635209995,,,,,,,,,,,,,120.0,
plot_curve,14.31438127090301,0.2693114965507015,0.12671219190468036,0.2297424494923928,,,,,,,,,,,,,120.0,
plot_curve,14.361204013377925,0.2701280887588613,0.12704323342583335,0.23143623378114025,,,,,,,,,,,,,120.0,
plot_curve,14.408026755852841,0.27094862330016223,0.1273759423848774,0.23315016712466993,,,,,,,,,,,,,120.0,
plot_curve,14.454849498327759,0.27177311602827886,0.12771032495008477,0.23488436742930935,,,,,,,,,,,,,120.0,
plot_curve,14.501672240802675,0.27260158279688596,0.12804638728972761,0.23663895260138598,,,,,,,,,,,,,120.0,
plot_curve,14.54849498327759,0.27343403945965805,0.12838413557207812,0.23841404054722729,,,,,,,,,,,,,120.0,
plot_curve,14.595317725752507,0.27427050187026997,0.1287235759654085,0.2402097491731609,,,,,,,,,,,,,120.0,
plot_curve,14.642140468227424,0.27511098588239635,0.12906471463799102,0.24202619638551454,,,,,,,,,,,,,120.0,
plot_curve,14.68896321070234,0.27595550734971186,0.1294075577580978,0.24386350009061536,,,,,,,,,,,,,120.0,
plot_curve,14.735785953177256,0.2768040821258911,0.1297521114940011,0.24572177819479118,,,,,,,,,,,,,120.0,
plot_curve,14.782608695652174,0.2776567260646088,0.13009838201397309,0.24760114860436944,,,,,,,,,,,,,120.0,
plot_curve,14.82943143812709,0.27851345501953967,0.13044637548628596,0.24950172922567757,,,,,,,,,,,,,120.0,
plot_curve,14.876254180602006,0.27937428484435833,0.13079609807921191,0.2514236379650433,,,,,,,,,,,,,120.0,
plot_curve,14.923076923076922,0.2802392313927395,0.13114755596102318,0.2533669927287939,,,,,,,,,,,,,120.0,
plot_curve,14.96989966555184,0.2811083105183578,0.13150075529999194,0.2553319114232573,,,,,,,,,,,,,120.0,
plot_curve,15.016722408026755,0.2819815380748879,0.13185570226439042,0.25731851195476074,,,,,,,,,,,,,120.0,
plot_curve,15.063545150501671,0.28285892991600453,0.13221240302249077,0.2593269122296318,,,,,,,,,,,,,120.0,
plot_curve,15.110367892976587,0.2837405018953823,0.13257086374256524,0.261357230154198,,,,,,,,,,,,,120.0,
plot_curve,15.157190635451505,0.28462626986669604,0.13293109059288605,0.26340958363478695,,,,,,,,,,,,,120.0,
plot_curve,15.20401337792642,0.28551624968362016,0.13329308974172532,0.26548409057772604,,,,,,,,,,,,,120.0,
plot_curve,15.250836120401337,0.2864104571998295,0.13365686735735532,0.26758086888934296,,,,,,,,,,,,,120.0,
plot_curve,15.297658862876252,0.2873089082689987,0.13402242960804822,0.26970003647596513,,,,,,,,,,,,,120.0,
plot_curve,15.34448160535117,0.2882116187448025,0.13438978266207624,0.2718417112439203,,,,,,,,,,,,,120.0,
plot_curve,15.391304347826086,0.28911860448091553,0.13475893268771158,0.2740060110995357,,,,,,,,,,,,,120.0,
plot_curve,15.438127090301002,0.2900298813310124,0.13512988585322644,0.27619305394913896,,,,,,,,,,,,,120.0,
plot_curve,15.484949832775918,0.2909454651487678,0.13550264832689296,0.27840295769905776,,,,,,,,,,,,,120.0,
plot_curve,15.531772575250836,0.2918653717878565,0.13587722627698345,0.2806358402556195,,,,,,,,,,,,,120.0,
plot_curve,15.578595317725751,0.29278961710195306,0.13625362587177006,0.28289181952515186,,,,,,,,,,,,,120.0,
plot_curve,15.625418060200667,0.2937182169447322,0.13663185327952498,0.285171013413982,,,,,,,,,,,,,120.0,
plot_curve,15.672240802675585,0.2946511871698686,0.13701191466852042,0.28747353982843793,,,,,,,,,,,,,120.0,
plot_curve,15.719063545150501,0.295588543631037,0.1373938162070286,0.2897995166748469,,,,,,,,,,,,,120.0,
plot_curve,15.765886287625417,0.2965303021819119,0.13777756406332167,0.2921490618595364,,,,,,,,,,,,,120.0,
plot_curve,15.812709030100333,0.2974764786761681,0.1381631644056719,0.29452229328883417,,,,,,,,,,,,,120.0,
plot_curve,15.85953177257525,0.2984270889674803,0.13855062340235144,0.29691932886906763,,,,,,,,,,,,,120.0,
plot_curve,15.906354515050166,0.2993821489095231,0.13893994722163253,0.29934028650656425,,,,,,,,,,,,,120.0,
plot_curve,15.953177257525082,0.30034167435597114,0.13933114203178731,0.3017852841076517,,,,,,,,,,,,,120.0,
plot_curve,16.0,0.3013056811604993,0.1397242140010881,0.3042544395786575,,,,,,,,,,,,,120.0,
plot_curve,2.0,0.1354618651753309,0.07884844197603075,0.11825524872122227,,,,,,,,,,,,,100.0,
plot_curve,2.0468227424749164,0.13578953132096439,0.0789783387414022,0.118417691131802,,,,,,,,,,,,,100.0,
plot_curve,2.0936454849498327,0.13611611264098952,0.07910783561352479,0.1185770579813939,,,,,,,,,,,,,100.0,
plot_curve,2.140468227424749,0.13644163216816793,0.0792369423754745,0.11873338446884968,,,,,,,,,,,,,100.0,
plot_curve,2.1872909698996654,0.13676611293526114,0.07936566881032735,0.11888670579302105,,,,,,,,,,,,,100.0,
plot_curve,2.234113712374582,0.13708957797503074,0.07949402470115931,0.11903705715275975,,,,,,,,,,,,,100.0,
plot_curve,2.280936454849498,0.13741205032023832,0.0796220198310464,0.11918447374691751,,,,,,,,,,,,,100.0,
plot_curve,2.327759197324415,0.13773355300364543,0.07974966398306461,0.11932899077434603,,,,,,,,,,,,,100.0,
plot_curve,2.374581939799331,0.13805410905801363,0.07987696694028994,0.11947064343389703,,,,,,,,,,,,,100.0,
plot_curve,2.4214046822742477,0.13837374151610451,0.08000393848579838,0.11960946692442226,,,,,,,,,,,,,100.0,
plot_curve,2.468227424749164,0.13869247341067964,0.08013058840266594,0.11974549644477342,,,,,,,,,,,,,100.0,
plot_curve,2.5150501672240804,0.13901032777450056,0.08025692647396862,0.11987876719380222,,,,,,,,,,,,,100.0,
plot_curve,2.5618729096989967,0.13932732764032887,0.08038296248278241,0.12000931437036041,,,,,,,,,,,,,100.0,
plot_curve,2.608695652173913,0.13964349604092613,0.08050870621218331,0.1201371731732997,,,,,,,,,,,,,100.0,
plot_curve,2.6555183946488294,0.1399588560090539,0.08063416744524732,0.12026237880147181,,,,,,,,,,,,,100.0,
plot_curve,2.702341137123746,0.14027343057747377,0.08075935596505042,0.12038496645372845,,,,,,,,,,,,,100.0,
plot_curve,2.749163879598662,0.1405872427789473,0.08088428155466863,0.12050497132892135,,,,,,,,,,,,,100.0,
plot_curve,2.7959866220735785,0.14090031564623606,0.08100895399717795,0.12062242862590225,,,,,,,,,,,,,100.0,
plot_curve,2.842809364548495,0.14121267221210163,0.08113338307565436,0.12073737354352285,,,,,,,,,,,,,100.0,
plot_curve,2.8896321070234112,0.14152433550930554,0.08125757857317388,0.12084984128063488,,,,,,,,,,,,,100.0,
plot_curve,2.9364548494983276,0.14183532857060943,0.08138155027281248,0.12095986703609006,,,,,,,,,,,,,100.0,
plot_curve,2.983277591973244,0.1421456744287748,0.08150530795764618,0.1210674860087401,,,,,,,,,,,,,100.0,
plot_curve,3.0301003344481607,0.14245539611656327,0.08162886141075097,0.12117273339743674,,,,,,,,,,,,,100.0,
plot_curve,3.0769230769230766,0.14276451666673637,0.08175222041520286,0.1212756444010317,,,,,,,,,,,,,100.0,
plot_curve,3.1237458193979935,0.1430730591120557,0.08187539475407783,0.12137625421837668,,,,,,,,,,,,,100.0,
plot_curve,3.1705685618729094,0.14338104648528283,0.08199839421045188,0.12147459804832343,,,,,,,,,,,,,100.0,
plot_curve,3.217391304347826,0.1436885018191793,0.08212122856740102,0.12157071108972366,,,,,,,,,,,,,100.0,
plot_curve,3.264214046822742,0.14399544814650672,0.08224390760800124,0.12166462854142908,,,,,,,,,,,,,100.0,
plot_curve,3.311036789297659,0.14430190850002664,0.08236644111532854,0.12175638560229143,,,,,,,,,,,,,100.0,
plot_curve,3.3578595317725752,0.1446079059125006,0.08248883887245892,0.12184601747116242,,,,,,,,,,,,,100.0,
plot_curve,3.4046822742474916,0.14491346341669023,0.08261111066246837,0.12193355934689379,,,,,,,,,,,,,100.0,
plot_curve,3.451505016722408,0.14521860404535705,0.08273326626843289,0.12201904642833722,,,,,,,,,,,,,100.0,
plot_curve,3.4983277591973243,0.14552335083126267,0.08285531547342849,0.12210251391434448,,,,,,,,,,,,,100.0,
plot_curve,3.5451505016722407,0.14582772680716863,0.08297726806053116,0.12218399700376725,,,,,,,,,,,,,100.0,
plot_curve,3.591973244147157,0.1461317550058365,0.08309913381281689,0.12226353089545729,,,,,,,,,,,,,100.0,
plot_curve,3.6387959866220734,0.14643545846002787,0.08322092251336169,0.1223411507882663,,,,,,,,,,,,,100.0,
plot_curve,3.6856187290969897,0.1467388602025043,0.08334264394524156,0.122416891881046,,,,,,,,,,,,,100.0,
plot_curve,3.7324414715719065,0.14704198326602735,0.08346430789153249,0.12249078937264812,,,,,,,,,,,,,100.0,
plot_curve,3.7792642140468224,0.14734485068335862,0.08358592413531046,0.12256287846192437,,,,,,,,,,,,,100.0,
plot_curve,3.8260869565217392,0.14764748548725964,0.08370750245965151,0.12263319434772649,,,,,,,,,,,,,100.0,
plot_curve,3.872909698996655,0.147949910710492,0.0838290526476316,0.12270177222890619,,,,,,,,,,,,,100.0,
plot_curve,3.919732441471572,0.14825214938581727,0.08395058448232676,0.12276864730431519,,,,,,,,,,,,,100.0,
plot_curve,3.966555183946488,0.148554224545997,0.08407210774681297,0.12283385477280521,,,,,,,,,,,,,100.0,
plot_curve,4.013377926421405,0.1488561592237928,0.08419363222416622,0.12289742983322799,,,,,,,,,,,,,100.0,
plot_curve,4.0602006688963215,0.14915797645196624,0.08431516769746253,0.12295940768443522,,,,,,,,,,,,,100.0,
plot_curve,4.107023411371237,0.14945969926327884,0.08443672394977787,0.12301982352527865,,,,,,,,,,,,,100.0,
plot_curve,4.153846153846153,0.1497613506904922,0.08455831076418827,0.12307871255460999,,,,,,,,,,,,,100.0,
plot_curve,4.20066889632107,0.15006295376636788,0.0846799379237697,0.12313610997128095,,,,,,,,,,,,,100.0,
plot_curve,4.247491638795987,0.1503645315236675,0.08480161521159817,0.12319205097414328,,,,,,,,,,,,,100.0,
plot_curve,4.294314381270903,0.15066610699515254,0.08492335241074968,0.12324657076204867,,,,,,,,,,,,,100.0,
plot_curve,4.341137123745819,0.15096770321358463,0.08504515930430022,0.12329970453384888,,,,,,,,,,,,,100.0,
plot_curve,4.3879598662207355,0.15126934321172536,0.0851670456753258,0.1233514874883956,,,,,,,,,,,,,100.0,
plot_curve,4.434782608695652,0.15157105002233623,0.08528902130690241,0.12340195482454056,,,,,,,,,,,,,100.0,
plot_curve,4.481605351170568,0.15187284667817888,0.08541109598210606,0.12345114174113547,,,,,,,,,,,,,100.0,
plot_curve,4.528428093645484,0.15217475621201482,0.08553327948401272,0.12349908343703207,,,,,,,,,,,,,100.0,
plot_curve,4.575250836120401,0.15247680165660565,0.08565558159569842,0.12354581511108208,,,,,,,,,,,,,100.0,
plot_curve,4.622073578595318,0.15277900604471295,0.08577801210023914,0.12359137196213721,,,,,,,,,,,,,100.0,
plot_curve,4.668896321070234,0.1530813924090983,0.08590058078071088,0.12363578918904919,,,,,,,,,,,,,100.0,
plot_curve,4.7157190635451505,0.15338398378252321,0.08602329742018963,0.12367910199066974,,,,,,,,,,,,,100.0,
plot_curve,4.762541806020067,0.1536868031977493,0.08614617180175142,0.12372134556585059,,,,,,,,,,,,,100.0,
plot_curve,4.809364548494983,0.15398987368753814,0.08626921370847221,0.12376255511344345,,,,,,,,,,,,,100.0,
plot_curve,4.856187290969899,0.15429321828465126,0.08639243292342802,0.12380276583230003,,,,,,,,,,,,,100.0,
plot_curve,4.903010033444816,0.15459686002185027,0.08651583922969484,0.12384201292127207,,,,,,,,,,,,,100.0,
plot_curve,4.949832775919733,0.15490082193189675,0.08663944241034867,0.1238803315792113,,,,,,,,,,,,,100.0,
plot_curve,4.996655518394649,0.15520512704755224,0.08676325224846551,0.12391775700496943,,,,,,,,,,,,,100.0,
plot_curve,5.0434782608695645,0.15550979840157828,0.08688727852712134,0.12395432439739817,,,,,,,,,,,,,100.0,
plot_curve,5.090301003344481,0.15581485902673653,0.0870115310293922,0.12399006895534925,,,,,,,,,,,,,100.0,
plot_curve,5.137123745819398,0.15612033195578845,0.08713601953835405,0.12402502587767442,,,,,,,,,,,,,100.0,
plot_curve,5.183946488294314,0.1564262402214957,0.0872607538370829,0.12405923036322535,,,,,,,,,,,,,100.0,
plot_curve,5.23076923076923,0.15673260685661983,0.08738574370865475,0.12409271761085379,,,,,,,,,,,,,100.0,
plot_curve,5.277591973244147,0.15703945489392238,0.08751099893614558,0.12412552281941146,,,,,,,,,,,,,100.0,
plot_curve,5.3244147157190636,0.15734680736616494,0.08763652930263142,0.12415768118775009,,,,,,,,,,,,,100.0,
plot_curve,5.3712374581939795,0.15765468730610907,0.08776234459118826,0.12418922791472138,,,,,,,,,,,,,100.0,
plot_curve,5.418060200668896,0.15796311774651636,0.08788845458489207,0.12422019819917707,,,,,,,,,,,,,100.0,
plot_curve,5.464882943143813,0.15827212172014837,0.08801486906681888,0.12425062723996888,,,,,,,,,,,,,100.0,
plot_curve,5.511705685618729,0.15858172225976666,0.08814159782004467,0.12428055023594853,,,,,,,,,,,,,100.0,
plot_curve,5.558528428093645,0.15889194239813278,0.08826865062764545,0.12431000238596773,,,,,,,,,,,,,100.0,
plot_curve,5.605351170568562,0.15920280516800836,0.08839603727269721,0.1243390188888782,,,,,,,,,,,,,100.0,
plot_curve,5.6521739130434785,0.15951433360215495,0.08852376753827595,0.12436763494353169,,,,,,,,,,,,,100.0,
plot_curve,5.698996655518394,0.15982655073333407,0.08865185120745767,0.1243958857487799,,,,,,,,,,,,,100.0,
plot_curve,5.74581939799331,0.16013947959430735,0.08878029806331836,0.12442380650347455,,,,,,,,,,,,,100.0,
plot_curve,5.792642140468227,0.16045314321783632,0.08890911788893403,0.12445143240646736,,,,,,,,,,,,,100.0,
plot_curve,5.839464882943144,0.16076756463668257,0.08903832046738068,0.12447879865661007,,,,,,,,,,,,,100.0,
plot_curve,5.88628762541806,0.16108276688360768,0.08916791558173429,0.12450594045275439,,,,,,,,,,,,,100.0,
plot_curve,5.933110367892976,0.16139877299137317,0.08929791301507087,0.12453289299375203,,,,,,,,,,,,,100.0,
plot_curve,5.9799331103678925,0.1617156059927407,0.0894283225504664,0.12455969147845473,,,,,,,,,,,,,100.0,
plot_curve,6.026755852842809,0.16203328892047175,0.08955915397099692,0.12458637110571422,,,,,,,,,,,,,100.0,
plot_curve,6.073578595317725,0.16235184480732792,0.08969041705973839,0.12461296707438219,,,,,,,,,,,,,100.0,
plot_curve,6.120401337792642,0.1626712966860708,0.08982212159976682,0.12463951458331038,,,,,,,,,,,,,100.0,
plot_curve,6.167224080267558,0.16299166758946196,0.0899542773741582,0.1246660488313505,,,,,,,,,,,,,100.0,
plot_curve,6.214046822742475,0.16331298055026294,0.09008689416598856,0.1246926050173543,,,,,,,,,,,,,100.0,
plot_curve,6.260869565217391,0.16363525860123534,0.09021998175833384,0.12471921834017347,,,,,,,,,,,,,100.0,
plot_curve,6.3076923076923075,0.1639585247751407,0.09035354993427011,0.12474592399865975,,,,,,,,,,,,,100.0,
plot_curve,6.354515050167223,0.1642828021047406,0.0904876084768733,0.12477275719166483,,,,,,,,,,,,,100.0,
plot_curve,6.40133779264214,0.16460811362279665,0.09062216716921945,0.12479975311804048,,,,,,,,,,,,,100.0,
plot_curve,6.448160535117056,0.16493448236207034,0.09075723579438455,0.1248269469766384,,,,,,,,,,,,,100.0,
plot_curve,6.494983277591973,0.1652619313553233,0.0908928241354446,0.12485437396631031,,,,,,,,,,,,,100.0,
plot_curve,6.54180602006689,0.16559048363531712,0.09102894197547558,0.12488206928590793,,,,,,,,,,,,,100.0,
plot_curve,6.588628762541806,0.1659201622348133,0.09116559909755349,0.12491006813428299,,,,,,,,,,,,,100.0,
plot_curve,6.635451505016722,0.16625099018657344,0.09130280528475436,0.12493840571028719,,,,,,,,,,,,,100.0,
plot_curve,6.682274247491638,0.16658299052335912,0.09144057032015415,0.12496711721277229,,,,,,,,,,,,,100.0,
plot_curve,6.729096989966555,0.16691618627793192,0.09157890398682889,0.12499623784058997,,,,,,,,,,,,,100.0,
plot_curve,6.775919732441471,0.1672506004830534,0.09171781606785456,0.12502580279259196,,,,,,,,,,,,,100.0,
plot_curve,6.822742474916388,0.16758625617148512,0.09185731634630714,0.12505584726763003,,,,,,,,,,,,,100.0,
plot_curve,6.869565217391304,0.16792317637598864,0.09199741460526267,0.12508640646455582,,,,,,,,,,,,,100.0,
plot_curve,6.916387959866221,0.16826138412932556,0.09213812062779712,0.12511751558222112,,,,,,,,,,,,,100.0,
plot_curve,6.9632107023411365,0.1686009024642574,0.0922794441969865,0.12514920981947764,,,,,,,,,,,,,100.0,
plot_curve,7.010033444816053,0.1689417544135458,0.09242139509590679,0.12518152437517704,,,,,,,,,,,,,100.0,
plot_curve,7.056856187290969,0.1692839630099523,0.092563983107634,0.12521449444817112,,,,,,,,,,,,,100.0,
plot_curve,7.103678929765886,0.16962755128623846,0.09270721801524415,0.1252481552373116,,,,,,,,,,,,,100.0,
plot_curve,7.150501672240802,0.16997254227516584,0.0928511096018132,0.1252825419414501,,,,,,,,,,,,,100.0,
plot_curve,7.197324414715719,0.17031895900949603,0.09299566765041715,0.12531768975943847,,,,,,,,,,,,,100.0,
plot_curve,7.2441471571906355,0.1706668245219906,0.09314090194413203,0.12535363389012835,,,,,,,,,,,,,100.0,
plot_curve,7.290969899665551,0.17101616184541113,0.09328682226603383,0.12539040953237152,,,,,,,,,,,,,100.0,
plot_curve,7.337792642140468,0.17136699401251915,0.09343343839919852,0.12542805188501965,,,,,,,,,,,,,100.0,
plot_curve,7.384615384615384,0.17171934405607625,0.09358076012670212,0.1254665961469245,,,,,,,,,,,,,100.0,
plot_curve,7.431438127090301,0.17207323500884403,0.09372879723162063,0.12550607751693774,,,,,,,,,,,,,100.0,
plot_curve,7.478260869565217,0.172428689903584,0.09387755949703004,0.12554653119391113,,,,,,,,,,,,,100.0,
plot_curve,7.525083612040134,0.17278573177305778,0.09402705670600636,0.12558799237669638,,,,,,,,,,,,,100.0,
plot_curve,7.57190635451505,0.17314438365002693,0.09417729864162556,0.1256304962641452,,,,,,,,,,,,,100.0,
plot_curve,7.618729096989966,0.17350466856725302,0.09432829508696366,0.12567407805510938,,,,,,,,,,,,,100.0,
plot_curve,7.665551839464882,0.1738666095574976,0.09448005582509666,0.12571877294844058,,,,,,,,,,,,,100.0,
plot_curve,7.712374581939799,0.17423022965352225,0.09463259063910057,0.1257646161429905,,,,,,,,,,,,,100.0,
plot_curve,7.759197324414715,0.17459555188808856,0.09478590931205134,0.12581164283761093,,,,,,,,,,,,,100.0,
plot_curve,7.806020066889632,0.17496259929395808,0.09494002162702501,0.12585988823115354,,,,,,,,,,,,,100.0,
plot_curve,7.852842809364548,0.17533139490389238,0.09509493736709757,0.12590938752247005,,,,,,,,,,,,,100.0,
plot_curve,7.8996655518394645,0.17570196175065303,0.09525066631534501,0.12596017591041223,,,,,,,,,,,,,100.0,
plot_curve,7.94648829431438,0.17607432286700161,0.09540721825484334,0.12601228859383173,,,,,,,,,,,,,100.0,
plot_curve,7.993311036789297,0.1764485012856997,0.09556460296866855,0.12606576077158035,,,,,,,,,,,,,100.0,
plot_curve,8.040133779264213,0.17682452003950883,0.09572283023989663,0.12612062764250975,,,,,,,,,,,,,100.0,
plot_curve,8.086956521739129,0.17720240216119057,0.09588190985160358,0.12617692440547168,,,,,,,,,,,,,100.0,
plot_curve,8.133779264214047,0.17758217068350657,0.09604185158686543,0.12623468625931789,,,,,,,,,,,,,100.0,
plot_curve,8.180602006688963,0.1779638486392183,0.09620266522875813,0.12629394840290004,,,,,,,,,,,,,100.0,
plot_curve,8.22742474916388,0.1783474590610874,0.09636436056035771,0.12635474603506985,,,,,,,,,,,,,100.0,
plot_curve,8.274247491638796,0.1787330249818754,0.09652694736474016,0.12641711435467912,,,,,,,,,,,,,100.0,
plot_curve,8.321070234113712,0.17912056943434387,0.09669043542498147,0.1264810885605795,,,,,,,,,,,,,100.0,
plot_curve,8.367892976588628,0.17951011545125442,0.09685483452415766,0.12654670385162273,,,,,,,,,,,,,100.0,
plot_curve,8.414715719063544,0.17990168606536858,0.09702015444534469,0.12661399542666052,,,,,,,,,,,,,100.0,
plot_curve,8.46153846153846,0.18029530430944793,0.0971864049716186,0.12668299848454465,,,,,,,,,,,,,100.0,
plot_curve,8.508361204013378,0.18069099321625404,0.09735359588605536,0.12675374822412677,,,,,,,,,,,,,100.0,
plot_curve,8.555183946488294,0.1810887758185485,0.09752173697173097,0.12682627984425862,,,,,,,,,,,,,100.0,
plot_curve,8.602006688963211,0.18148867514909287,0.09769083801172146,0.12690062854379197,,,,,,,,,,,,,100.0,
plot_curve,8.648829431438127,0.18189071424064868,0.09786090878910278,0.12697682952157846,,,,,,,,,,,,,100.0,
plot_curve,8.695652173913043,0.18229491612597754,0.09803195908695095,0.1270549179764699,,,,,,,,,,,,,100.0,
plot_curve,8.742474916387959,0.182701303837841,0.09820399868834197,0.12713492910731794,,,,,,,,,,,,,100.0,
plot_curve,8.789297658862875,0.18310990040900066,0.09837703737635184,0.12721689811297432,,,,,,,,,,,,,100.0,
plot_curve,8.836120401337793,0.1835207288722181,0.09855108493405657,0.1273008601922908,,,,,,,,,,,,,100.0,
plot_curve,8.882943143812708,0.18393381226025485,0.09872615114453212,0.12738685054411905,,,,,,,,,,,,,100.0,
plot_curve,8.929765886287626,0.1843491736058725,0.09890224579085452,0.12747490436731082,,,,,,,,,,,,,100.0,
plot_curve,8.976588628762542,0.18476683594183257,0.09907937865609975,0.12756505686071784,,,,,,,,,,,,,100.0,
plot_curve,9.023411371237458,0.18518682230089667,0.09925755952334384,0.12765734322319178,,,,,,,,,,,,,100.0,
plot_curve,9.070234113712374,0.18560915571582642,0.09943679817566274,0.12775179865358444,,,,,,,,,,,,,100.0,
plot_curve,9.11705685618729,0.1860338592193833,0.09961710439613247,0.12784845835074746,,,,,,,,,,,,,100.0,
plot_curve,9.163879598662206,0.18646095584432892,0.09979848796782906,0.12794735751353262,,,,,,,,,,,,,100.0,
plot_curve,9.210702341137123,0.1868904686234249,0.09998095867382846,0.1280485313407916,,,,,,,,,,,,,100.0,
plot_curve,9.25752508361204,0.18732242058943271,0.10016452629720668,0.1281520150313762,,,,,,,,,,,,,100.0,
plot_curve,9.304347826086957,0.187756834775114,0.10034920062103975,0.12825784378413804,,,,,,,,,,,,,100.0,
plot_curve,9.351170568561873,0.18819373421323032,0.10053499142840362,0.1283660527979289,,,,,,,,,,,,,100.0,
plot_curve,9.397993311036789,0.18863314193654324,0.10072190850237431,0.1284766772716005,,,,,,,,,,,,,100.0,
plot_curve,9.444816053511705,0.18907508097781428,0.10090996162602783,0.12858975240400455,,,,,,,,,,,,,100.0,
plot_curve,9.49163879598662,0.18951957436980507,0.10109916058244016,0.12870531339399274,,,,,,,,,,,,,100.0,
plot_curve,9.538461538461538,0.18996664514527717,0.10128951515468732,0.12882339544041688,,,,,,,,,,,,,100.0,
plot_curve,9.585284280936454,0.19041631633699213,0.10148103512584528,0.1289440337421286,,,,,,,,,,,,,100.0,
plot_curve,9.632107023411372,0.19086861097771157,0.10167373027899004,0.12906726349797965,,,,,,,,,,,,,100.0,
plot_curve,9.678929765886288,0.19132355210019697,0.10186761039719763,0.12919311990682178,,,,,,,,,,,,,100.0,
plot_curve,9.725752508361204,0.19178116273720996,0.102062685263544,0.12932163816750666,,,,,,,,,,,,,100.0,
plot_curve,9.77257525083612,0.19224146592151212,0.1022589646611052,0.12945285347888608,,,,,,,,,,,,,100.0,
plot_curve,9.819397993311036,0.19270448468586499,0.1024564583729572,0.12958680103981168,,,,,,,,,,,,,100.0,
plot_curve,9.866220735785951,0.19317024206303013,0.102655176182176,0.12972351604913526,,,,,,,,,,,,,100.0,
plot_curve,9.91304347826087,0.19363876108576916,0.10285512787183759,0.1298630337057085,,,,,,,,,,,,,100.0,
plot_curve,9.959866220735785,0.19411006478684362,0.10305632322501798,0.13000538920838314,,,,,,,,,,,,,100.0,
plot_curve,10.006688963210701,0.19458417619901508,0.10325877202479317,0.13015061775601086,,,,,,,,,,,,,100.0,
plot_curve,10.053511705685619,0.19506111835504514,0.10346248405423916,0.13029875454744344,,,,,,,,,,,,,100.0,
plot_curve,10.100334448160535,0.19554091428769527,0.10366746909643193,0.13044983478153258,,,,,,,,,,,,,100.0,
plot_curve,10.14715719063545,0.19602358702972716,0.10387373693444749,0.13060389365712996,,,,,,,,,,,,,100.0,
plot_curve,10.193979933110366,0.1965091596139023,0.10408129735136183,0.13076096637308735,,,,,,,,,,,,,100.0,
plot_curve,10.240802675585284,0.19699765507298234,0.10429016013025097,0.13092108812825645,,,,,,,,,,,,,100.0,
plot_curve,10.2876254180602,0.19748909643972876,0.10450033505419089,0.13108429412148903,,,,,,,,,,,,,100.0,
plot_curve,10.334448160535116,0.19798350674690318,0.10471183190625757,0.13125061955163672,,,,,,,,,,,,,100.0,
plot_curve,10.381270903010034,0.19848090902726717,0.10492466046952706,0.13142009961755133,,,,,,,,,,,,,100.0,
plot_curve,10.42809364548495,0.19898132631358229,0.10513883052707532,0.13159276951808452,,,,,,,,,,,,,100.0,
plot_curve,10.474916387959865,0.19948478163861008,0.10535435186197833,0.13176866445208807,,,,,,,,,,,,,100.0,
plot_curve,10.521739130434781,0.19999129803511217,0.10557123425731213,0.13194781961841362,,,,,,,,,,,,,100.0,
plot_curve,10.568561872909699,0.2005008985358501,0.10578948749615272,0.13213027021591298,,,,,,,,,,,,,100.0,
plot_curve,10.615384615384615,0.20101360617358544,0.10600912136157606,0.1323160514434378,,,,,,,,,,,,,100.0,
plot_curve,10.66220735785953,0.20152944398107975,0.10623014563665817,0.13250519849983985,,,,,,,,,,,,,100.0,
plot_curve,10.709030100334447,0.2020484349910946,0.10645257010447504,0.13269774658397082,,,,,,,,,,,,,100.0,
plot_curve,10.755852842809364,0.2025706022363916,0.10667640454810268,0.13289373089468245,,,,,,,,,,,,,100.0,
plot_curve,10.80267558528428,0.20309596874973224,0.10690165875061708,0.13309318663082648,,,,,,,,,,,,,100.0,
plot_curve,10.849498327759196,0.20362455756387818,0.10712834249509423,0.13329614899125458,,,,,,,,,,,,,100.0,
plot_curve,10.896321070234112,0.20415639171159095,0.10735646556461015,0.13350265317481852,,,,,,,,,,,,,100.0,
plot_curve,10.94314381270903,0.20469149422563213,0.10758603774224082,0.13371273438036999,,,,,,,,,,,,,100.0,
plot_curve,10.989966555183946,0.20522988813876325,0.10781706881106223,0.13392642780676073,,,,,,,,,,,,,100.0,
plot_curve,11.036789297658862,0.20577159648374593,0.1080495685541504,0.13414376865284244,,,,,,,,,,,,,100.0,
plot_curve,11.08361204013378,0.2063166422933417,0.10828354675458135,0.13436479211746688,,,,,,,,,,,,,100.0,
plot_curve,11.130434782608695,0.20686504860031216,0.108519013195431,0.13458953339948573,,,,,,,,,,,,,100.0,
plot_curve,11.177257525083611,0.20741683843741887,0.10875597765977543,0.13481802769775075,,,,,,,,,,,,,100.0,
plot_curve,11.224080267558527,0.20797203483742338,0.10899444993069057,0.1350503102111136,,,,,,,,,,,,,100.0,
plot_curve,11.270903010033445,0.20853066083308733,0.1092344397912525,0.1352864161384261,,,,,,,,,,,,,100.0,
plot_curve,11.31772575250836,0.2090927394571722,0.10947595702453713,0.13552638067853987,,,,,,,,,,,,,100.0,
plot_curve,11.364548494983277,0.20965829374243958,0.1097190114136205,0.13577023903030672,,,,,,,,,,,,,100.0,
plot_curve,11.411371237458193,0.2102273467216511,0.1099636127415786,0.13601802639257826,,,,,,,,,,,,,100.0,
plot_curve,11.45819397993311,0.2107999214275683,0.11020977079148747,0.13626977796420633,,,,,,,,,,,,,100.0,
plot_curve,11.505016722408026,0.2113760408929527,0.11045749534642305,0.1365255289440426,,,,,,,,,,,,,100.0,
plot_curve,11.551839464882942,0.2119557281505659,0.11070679618946135,0.13678531453093878,,,,,,,,,,,,,100.0,
plot_curve,11.598662207357858,0.21253900623316951,0.11095768310367837,0.1370491699237466,,,,,,,,,,,,,100.0,
plot_curve,11.645484949832776,0.21312589817352506,0.11121016587215014,0.13731713032131782,,,,,,,,,,,,,100.0,
plot_curve,11.692307692307692,0.21371642700439414,0.11146425427795262,0.13758923092250408,,,,,,,,,,,,,100.0,
plot_curve,11.739130434782608,0.21431061575853827,0.11171995810416183,0.13786550692615718,,,,,,,,,,,,,100.0,
plot_curve,11.785953177257525,0.2149084874687191,0.11197728713385376,0.1381459935311288,,,,,,,,,,,,,100.0,
plot_curve,11.832775919732441,0.21551006516769816,0.11223625115010438,0.13843072593627068,,,,,,,,,,,,,100.0,
plot_curve,11.879598662207357,0.21611537188823698,0.11249685993598975,0.13871973934043452,,,,,,,,,,,,,100.0,
plot_curve,11.926421404682273,0.2167244306630972,0.11275912327458582,0.13901306894247203,,,,,,,,,,,,,100.0,
plot_curve,11.97324414715719,0.21733726452504037,0.1130230509489686,0.139310749941235,,,,,,,,,,,,,100.0,
plot_curve,12.020066889632107,0.217953896506828,0.11328865274221409,0.1396128175355751,,,,,,,,,,,,,100.0,
plot_curve,12.066889632107022,0.21857434964122174,0.11355593843739828,0.13991930692434407,,,,,,,,,,,,,100.0,
plot_curve,12.113712374581938,0.21919864696098312,0.11382491781759718,0.1402302533063936,,,,,,,,,,,,,100.0,
plot_curve,12.160535117056856,0.21982681149887373,0.11409560066588681,0.14054569188057545,,,,,,,,,,,,,100.0,
plot_curve,12.207357859531772,0.22045886628765513,0.11436799676534311,0.14086565784574132,,,,,,,,,,,,,100.0,
plot_curve,12.254180602006688,0.22109483436008887,0.11464211589904211,0.14119018640074293,,,,,,,,,,,,,100.0,
plot_curve,12.301003344481604,0.22173473874893654,0.11491796785005981,0.14151931274443202,,,,,,,,,,,,,100.0,
plot_curve,12.347826086956522,0.22237860248695973,0.11519556240147222,0.14185307207566028,,,,,,,,,,,,,100.0,
plot_curve,12.394648829431437,0.22302644860691995,0.11547490933635532,0.14219149959327948,,,,,,,,,,,,,100.0,
plot_curve,12.441471571906353,0.22367830014157886,0.1157560184377851,0.1425346304961413,,,,,,,,,,,,,100.0,
plot_curve,12.488294314381271,0.22433418012369793,0.11603889948883758,0.1428824999830975,,,,,,,,,,,,,100.0,
plot_curve,12.535117056856187,0.2249941115860388,0.11632356227258875,0.1432351432529997,,,,,,,,,,,,,100.0,
plot_curve,12.581939799331103,0.225658117561363,0.11661001657211459,0.14359259550469974,,,,,,,,,,,,,100.0,
plot_curve,12.628762541806019,0.2263262210824321,0.11689827217049112,0.14395489193704933,,,,,,,,,,,,,100.0,
plot_curve,12.675585284280936,0.22699844518200776,0.11718833885079433,0.1443220677489001,,,,,,,,,,,,,100.0,
plot_curve,12.722408026755852,0.2276748128928514,0.11748022639610023,0.1446941581391039,,,,,,,,,,,,,100.0,
plot_curve,12.769230769230768,0.22835534724772472,0.11777394458948479,0.14507119830651233,,,,,,,,,,,,,100.0,
plot_curve,12.816053511705684,0.2290400712793892,0.11806950321402404,0.14545322344997721,,,,,,,,,,,,,100.0,
plot_curve,12.862876254180602,0.2297290080206065,0.11836691205279397,0.14584026876835018,,,,,,,,,,,,,100.0,
plot_curve,12.909698996655518,0.2304221805041381,0.11866618088887056,0.14623236946048304,,,,,,,,,,,,,100.0,
plot_curve,12.956521739130434,0.2311196117627456,0.11896731950532982,0.14662956072522743,,,,,,,,,,,,,100.0,
plot_curve,13.00334448160535,0.2318213248291906,0.11927033768524775,0.14703187776143511,,,,,,,,,,,,,100.0,
plot_curve,13.050167224080267,0.23252734273623463,0.11957524521170035,0.14743935576795783,,,,,,,,,,,,,100.0,
plot_curve,13.096989966555183,0.23323768851663929,0.1198820518677636,0.1478520299436473,,,,,,,,,,,,,100.0,
plot_curve,13.1438127090301,0.23395238520316608,0.12019076743651352,0.14826993548735518,,,,,,,,,,,,,100.0,
plot_curve,13.190635451505015,0.23467145582857668,0.12050140170102609,0.14869310759793325,,,,,,,,,,,,,100.0,
plot_curve,13.237458193979933,0.23539492342563262,0.12081396444437734,0.14912158147423327,,,,,,,,,,,,,100.0,
plot_curve,13.284280936454849,0.23612281102709543,0.12112846544964323,0.14955539231510684,,,,,,,,,,,,,100.0,
plot_curve,13.331103678929765,0.23685514166572672,0.12144491449989978,0.1499945753194058,,,,,,,,,,,,,100.0,
plot_curve,13.377926421404682,0.23759193837428808,0.12176332137822297,0.1504391656859818,,,,,,,,,,,,,100.0,
plot_curve,13.424749163879598,0.23833322418554098,0.12208369586768883,0.1508891986136866,,,,,,,,,,,,,100.0,
plot_curve,13.471571906354514,0.23907902213224708,0.12240604775137331,0.1513447093013719,,,,,,,,,,,,,100.0,
plot_curve,13.51839464882943,0.2398293552471679,0.12273038681235246,0.15180573294788946,,,,,,,,,,,,,100.0,
plot_curve,13.565217391304348,0.2405842465630651,0.12305672283370225,0.15227230475209094,,,,,,,,,,,,,100.0,
plot_curve,13.612040133779264,0.24134371911270014,0.12338506559849868,0.1527444599128281,,,,,,,,,,,,,100.0,
plot_curve,13.65886287625418,0.24210779592883463,0.12371542488981774,0.15322223362895265,,,,,,,,,,,,,100.0,
plot_curve,13.705685618729095,0.24287650004423017,0.12404781049073543,0.15370566109931633,,,,,,,,,,,,,100.0,
plot_curve,13.752508361204013,0.24364985449164833,0.12438223218432778,0.15419477752277083,,,,,,,,,,,,,100.0,
plot_curve,13.799331103678929,0.2444278823038506,0.12471869975367077,0.1546896180981679,,,,,,,,,,,,,100.0,
plot_curve,13.846153846153845,0.24521060651359866,0.12505722298184035,0.15519021802435923,,,,,,,,,,,,,100.0,
plot_curve,13.89297658862876,0.245998050153654,0.1253978116519126,0.15569661250019656,,,,,,,,,,,,,100.0,
plot_curve,13.939799331103679,0.2467902362567782,0.12574047554696346,0.15620883672453167,,,,,,,,,,,,,100.0,
plot_curve,13.986622073578594,0.24758718785573286,0.12608522445006898,0.15672692589621617,,,,,,,,,,,,,100.0,
plot_curve,14.03344481605351,0.2483889279832795,0.12643206814430508,0.15725091521410187,,,,,,,,,,,,,100.0,
plot_curve,14.080267558528428,0.2491954796721798,0.1267810164127478,0.15778083987704045,,,,,,,,,,,,,100.0,
plot_curve,14.127090301003344,0.2500068659551952,0.12713207903847318,0.15831673508388364,,,,,,,,,,,,,100.0,
plot_curve,14.17391304347826,0.2508231098650873,0.12748526580455713,0.15885863603348316,,,,,,,,,,,,,100.0,
plot_curve,14.220735785953176,0.25164423443461775,0.12784058649407573,0.1594065779246907,,,,,,,,,,,,,100.0,
plot_curve,14.267558528428093,0.2524702626965481,0.12819805089010494,0.1599605959563581,,,,,,,,,,,,,100.0,
plot_curve,14.31438127090301,0.25330121768363983,0.12855766877572075,0.1605207253273369,,,,,,,,,,,,,100.0,
plot_curve,14.361204013377925,0.25413712242865455,0.12891944993399918,0.16108700123647895,,,,,,,,,,,,,100.0,
plot_curve,14.408026755852841,0.2549779999643539,0.1292834041480162,0.16165945888263594,,,,,,,,,,,,,100.0,
plot_curve,14.454849498327759,0.2558238733234993,0.12964954120084785,0.16223813346465965,,,,,,,,,,,,,100.0,
plot_curve,14.501672240802675,0.25667476553885255,0.1300178708755701,0.16282306018140166,,,,,,,,,,,,,100.0,
plot_curve,14.54849498327759,0.257530699643175,0.13038840295525894,0.16341427423171384,,,,,,,,,,,,,100.0,
plot_curve,14.595317725752507,0.2583916986692283,0.13076114722299037,0.1640118108144478,,,,,,,,,,,,,100.0,
plot_curve,14.642140468227424,0.25925778564977403,0.13113611346184043,0.16461570512845533,,,,,,,,,,,,,100.0,
plot_curve,14.68896321070234,0.2601289836175738,0.13151331145488507,0.16522599237258812,,,,,,,,,,,,,100.0,
plot_curve,14.735785953177256,0.2610053156053891,0.13189275098520029,0.16584270774569793,,,,,,,,,,,,,100.0,
plot_curve,14.782608695652174,0.2618868046459815,0.13227444183586212,0.1664658864466364,,,,,,,,,,,,,100.0,
plot_curve,14.82943143812709,0.2627734737721127,0.13265839378994654,0.16709556367425535,,,,,,,,,,,,,100.0,
plot_curve,14.876254180602006,0.26366534601654407,0.13304461663052955,0.1677317746274064,,,,,,,,,,,,,100.0,
plot_curve,14.923076923076922,0.2645624444120373,0.13343312014068714,0.16837455450494138,,,,,,,,,,,,,100.0,
plot_curve,14.96989966555184,0.26546479199135403,0.1338239141034953,0.16902393850571198,,,,,,,,,,,,,100.0,
plot_curve,15.016722408026755,0.2663724117872557,0.13421700830203007,0.16967996182856981,,,,,,,,,,,,,100.0,
plot_curve,15.063545150501671,0.2672853268325039,0.1346124125193674,0.17034265967236678,,,,,,,,,,,,,100.0,
plot_curve,15.110367892976587,0.2682035601598602,0.1350101365385833,0.17101206723595444,,,,,,,,,,,,,100.0,
plot_curve,15.157190635451505,0.2691271348020863,0.1354101901427538,0.17168821971818465,,,,,,,,,,,,,100.0,
plot_curve,15.20401337792642,0.2700560737919435,0.13581258311495487,0.172371152317909,,,,,,,,,,,,,100.0,
plot_curve,15.250836120401337,0.27099040016219367,0.1362173252382625,0.17306090023397933,,,,,,,,,,,,,100.0,
plot_curve,15.297658862876252,0.2719301369455982,0.1366244262957527,0.17375749866524726,,,,,,,,,,,,,100.0,
plot_curve,15.34448160535117,0.2728753071749187,0.13703389607050148,0.17446098281056466,,,,,,,,,,,,,100.0,
plot_curve,15.391304347826086,0.27382593388291676,0.13744574434558482,0.17517138786878306,,,,,,,,,,,,,100.0,
plot_curve,15.438127090301002,0.2747820401023539,0.13785998090407872,0.17588874903875432,,,,,,,,,,,,,100.0,
plot_curve,15.484949832775918,0.2757436488659918,0.13827661552905918,0.17661310151933007,,,,,,,,,,,,,100.0,
plot_curve,15.531772575250836,0.27671078320659187,0.13869565800360223,0.17734448050936213,,,,,,,,,,,,,100.0,
plot_curve,15.578595317725751,0.2776834661569158,0.1391171181107838,0.17808292120770214,,,,,,,,,,,,,100.0,
plot_curve,15.625418060200667,0.2786617207497251,0.13954100563367994,0.17882845881320186,,,,,,,,,,,,,100.0,
plot_curve,15.672240802675585,0.27964557001778145,0.13996733035536665,0.17958112852471303,,,,,,,,,,,,,100.0,
plot_curve,15.719063545150501,0.28063503699384623,0.1403961020589199,0.18034096554108728,,,,,,,,,,,,,100.0,
plot_curve,15.765886287625417,0.28163014471068115,0.1408273305274157,0.18110800506117644,,,,,,,,,,,,,100.0,
plot_curve,15.812709030100333,0.28263091620104774,0.14126102554393005,0.18188228228383216,,,,,,,,,,,,,100.0,
plot_curve,15.85953177257525,0.2836373744977076,0.14169719689153895,0.18266383240790623,,,,,,,,,,,,,100.0,
plot_curve,15.906354515050166,0.28464954263342224,0.14213585435331838,0.1834526906322503,,,,,,,,,,,,,100.0,
plot_curve,15.953177257525082,0.28566744364095326,0.14257700771234433,0.18424889215571616,,,,,,,,,,,,,100.0,
plot_curve,16.0,0.2866911005530623,0.1430206667516929,0.18505247217715548,,,,,,,,,,,,,100.0,
plot_curve,2.0,0.13072370636648892,0.07897907842553462,0.11486371754654268,,,,,,,,,,,,,90.0,
plot_curve,2.0468227424749164,0.13103922742308388,0.07911193227020222,0.1149429761010912,,,,,,,,,,,,,90.0,
plot_curve,2.0936454849498327,0.13135393851278418,0.07924432833518744,0.11502096490237602,,,,,,,,,,,,,90.0,
plot_curve,2.140468227424749,0.13166785909222448,0.0793762766243033,0.1150977010104696,,,,,,,,,,,,,90.0,
plot_curve,2.1872909698996654,0.13198100861803938,0.07950778714136278,0.11517320148544426,,,,,,,,,,,,,90.0,
plot_curve,2.234113712374582,0.1322934065468635,0.07963886989017888,0.11524748338737244,,,,,,,,,,,,,90.0,
plot_curve,2.280936454849498,0.13260507233533145,0.07976953487456459,0.11532056377632653,,,,,,,,,,,,,90.0,
plot_curve,2.327759197324415,0.13291602544007786,0.07989979209833294,0.11539245971237892,,,,,,,,,,,,,90.0,
plot_curve,2.374581939799331,0.1332262853177373,0.08002965156529689,0.11546318825560202,,,,,,,,,,,,,90.0,
plot_curve,2.4214046822742477,0.13353587142494444,0.08015912327926947,0.1155327664660682,,,,,,,,,,,,,90.0,
plot_curve,2.468227424749164,0.1338448032183339,0.08028821724406365,0.1156012114038499,,,,,,,,,,,,,90.0,
plot_curve,2.5150501672240804,0.13415310015454024,0.08041694346349244,0.11566854012901946,,,,,,,,,,,,,90.0,
plot_curve,2.5618729096989967,0.13446078169019812,0.08054531194136885,0.11573476970164932,,,,,,,,,,,,,90.0,
plot_curve,2.608695652173913,0.13476786728194215,0.08067333268150588,0.11579991718181187,,,,,,,,,,,,,90.0,
plot_curve,2.6555183946488294,0.13507437638640696,0.0808010156877165,0.1158639996295795,,,,,,,,,,,,,90.0,
plot_curve,2.702341137123746,0.13538032846022713,0.08092837096381374,0.11592703410502458,,,,,,,,,,,,,90.0,
plot_curve,2.749163879598662,0.13568574296003733,0.08105540851361057,0.11598903766821955,,,,,,,,,,,,,90.0,
plot_curve,2.7959866220735785,0.13599063934247213,0.08118213834092,0.1160500273792368,,,,,,,,,,,,,90.0,
plot_curve,2.842809364548495,0.13629503706416615,0.08130857044955504,0.11611002029814871,,,,,,,,,,,,,90.0,
plot_curve,2.8896321070234112,0.13659895558175403,0.08143471484332869,0.11616903348502766,,,,,,,,,,,,,90.0,
plot_curve,2.9364548494983276,0.13690241435187037,0.08156058152605392,0.1162270839999461,,,,,,,,,,,,,90.0,
plot_curve,2.983277591973244,0.1372054328311498,0.08168618050154375,0.11628418890297637,,,,,,,,,,,,,90.0,
plot_curve,3.0301003344481607,0.13750803047622692,0.08181152177361119,0.1163403652541909,,,,,,,,,,,,,90.0,
plot_curve,3.0769230769230766,0.13781022674373636,0.0819366153460692,0.1163956301136621,,,,,,,,,,,,,90.0,
plot_curve,3.1237458193979935,0.13811204109031275,0.08206147122273082,0.11645000054146232,,,,,,,,,,,,,90.0,
plot_curve,3.1705685618729094,0.13841349297259065,0.08218609940740901,0.11650349359766397,,,,,,,,,,,,,90.0,
plot_curve,3.217391304347826,0.13871460184720474,0.0823105099039168,0.11655612634233949,,,,,,,,,,,,,90.0,
plot_curve,3.264214046822742,0.13901538717078962,0.08243471271606717,0.11660791583556122,,,,,,,,,,,,,90.0,
plot_curve,3.311036789297659,0.1393158683999799,0.08255871784767313,0.1166588791374016,,,,,,,,,,,,,90.0,
plot_curve,3.3578595317725752,0.1396160649914102,0.08268253530254768,0.11670903330793299,,,,,,,,,,,,,90.0,
plot_curve,3.4046822742474916,0.13991599640171512,0.0828061750845038,0.11675839540722781,,,,,,,,,,,,,90.0,
plot_curve,3.451505016722408,0.1402156820875293,0.0829296471973545,0.11680698249535845,,,,,,,,,,,,,90.0,
plot_curve,3.4983277591973243,0.14051514150548733,0.08305296164491278,0.1168548116323973,,,,,,,,,,,,,90.0,
plot_curve,3.5451505016722407,0.14081439411222385,0.08317612843099165,0.11690189987841677,,,,,,,,,,,,,90.0,
plot_curve,3.591973244147157,0.14111345936437347,0.08329915755940408,0.11694826429348926,,,,,,,,,,,,,90.0,
plot_curve,3.6387959866220734,0.1414123567185708,0.08342205903396308,0.11699392193768715,,,,,,,,,,,,,90.0,
plot_curve,3.6856187290969897,0.14171110563145048,0.08354484285848165,0.11703888987108284,,,,,,,,,,,,,90.0,
plot_curve,3.7324414715719065,0.1420097255596471,0.0836675190367728,0.11708318515374873,,,,,,,,,,,,,90.0,
plot_curve,3.7792642140468224,0.1423082359597953,0.08379009757264952,0.11712682484575722,,,,,,,,,,,,,90.0,
plot_curve,3.8260869565217392,0.14260665628852967,0.0839125884699248,0.11716982600718069,,,,,,,,,,,,,90.0,
plot_curve,3.872909698996655,0.14290500600248485,0.08403500173241166,0.11721220569809156,,,,,,,,,,,,,90.0,
plot_curve,3.919732441471572,0.14320330455829544,0.08415734736392307,0.11725398097856221,,,,,,,,,,,,,90.0,
plot_curve,3.966555183946488,0.14350157141259606,0.08427963536827204,0.11729516890866505,,,,,,,,,,,,,90.0,
plot_curve,4.013377926421405,0.14379982602202135,0.08440187574927158,0.11733578654847246,,,,,,,,,,,,,90.0,
plot_curve,4.0602006688963215,0.14409808784320588,0.08452407851073468,0.11737585095805686,,,,,,,,,,,,,90.0,
plot_curve,4.107023411371237,0.14439637633278432,0.08464625365647432,0.11741537919749062,,,,,,,,,,,,,90.0,
plot_curve,4.153846153846153,0.14469471094739123,0.08476841119030352,0.11745438832684614,,,,,,,,,,,,,90.0,
plot_curve,4.20066889632107,0.14499311114366129,0.0848905611160353,0.11749289540619584,,,,,,,,,,,,,90.0,
plot_curve,4.247491638795987,0.14529159637822908,0.0850127134374826,0.11753091749561209,,,,,,,,,,,,,90.0,
plot_curve,4.294314381270903,0.1455901861077292,0.08513487815845847,0.1175684716551673,,,,,,,,,,,,,90.0,
plot_curve,4.341137123745819,0.1458888997887963,0.08525706528277588,0.11760557494493387,,,,,,,,,,,,,90.0,
plot_curve,4.3879598662207355,0.14618775687806498,0.08537928481424784,0.1176422444249842,,,,,,,,,,,,,90.0,
plot_curve,4.434782608695652,0.14648677683216987,0.08550154675668734,0.11767849715539067,,,,,,,,,,,,,90.0,
plot_curve,4.481605351170568,0.14678597910774557,0.08562386111390738,0.11771435019622567,,,,,,,,,,,,,90.0,
plot_curve,4.528428093645484,0.1470853831614267,0.08574623788972098,0.11774982060756162,,,,,,,,,,,,,90.0,
plot_curve,4.575250836120401,0.1473850084498479,0.08586868708794111,0.11778492544947092,,,,,,,,,,,,,90.0,
plot_curve,4.622073578595318,0.14768487442964376,0.08599121871238077,0.11781968178202594,,,,,,,,,,,,,90.0,
plot_curve,4.668896321070234,0.1479850005574489,0.086113842766853,0.11785410666529908,,,,,,,,,,,,,90.0,
plot_curve,4.7157190635451505,0.14828540628989795,0.08623656925517073,0.11788821715936276,,,,,,,,,,,,,90.0,
plot_curve,4.762541806020067,0.1485861110836255,0.08635940818114701,0.11792203032428937,,,,,,,,,,,,,90.0,
plot_curve,4.809364548494983,0.14888713439526619,0.08648236954859483,0.11795556322015129,,,,,,,,,,,,,90.0,
plot_curve,4.856187290969899,0.14918849568145465,0.08660546336132716,0.11798883290702092,,,,,,,,,,,,,90.0,
plot_curve,4.903010033444816,0.14949021439882546,0.08672869962315703,0.11802185644497068,,,,,,,,,,,,,90.0,
plot_curve,4.949832775919733,0.14979231000401327,0.08685208833789744,0.11805465089407294,,,,,,,,,,,,,90.0,
plot_curve,4.996655518394649,0.15009480195365266,0.08697563950936137,0.1180872333144001,,,,,,,,,,,,,90.0,
plot_curve,5.0434782608695645,0.15039770970437827,0.08709936314136181,0.11811962076602457,,,,,,,,,,,,,90.0,
plot_curve,5.090301003344481,0.15070105271282475,0.08722326923771179,0.11815183030901874,,,,,,,,,,,,,90.0,
plot_curve,5.137123745819398,0.15100485043562667,0.08734736780222428,0.11818387900345499,,,,,,,,,,,,,90.0,
plot_curve,5.183946488294314,0.15130912232941862,0.0874716688387123,0.11821578390940575,,,,,,,,,,,,,90.0,
plot_curve,5.23076923076923,0.1516138878508353,0.08759618235098883,0.1182475620869434,,,,,,,,,,,,,90.0,
plot_curve,5.277591973244147,0.15191916645651127,0.08772091834286688,0.11827923059614032,,,,,,,,,,,,,90.0,
plot_curve,5.3244147157190636,0.15222497760308115,0.08784588681815944,0.11831080649706893,,,,,,,,,,,,,90.0,
plot_curve,5.3712374581939795,0.15253134074717958,0.08797109778067952,0.11834230684980161,,,,,,,,,,,,,90.0,
plot_curve,5.418060200668896,0.15283827534544114,0.08809656123424012,0.11837374871441078,,,,,,,,,,,,,90.0,
plot_curve,5.464882943143813,0.1531458008545005,0.08822228718265421,0.11840514915096881,,,,,,,,,,,,,90.0,
plot_curve,5.511705685618729,0.15345393673099222,0.08834828562973482,0.11843652521954812,,,,,,,,,,,,,90.0,
plot_curve,5.558528428093645,0.15376270243155096,0.08847456657929492,0.11846789398022108,,,,,,,,,,,,,90.0,
plot_curve,5.605351170568562,0.1540721174128113,0.08860114003514755,0.1184992724930601,,,,,,,,,,,,,90.0,
plot_curve,5.6521739130434785,0.15438220113140788,0.08872801600110566,0.11853067781813759,,,,,,,,,,,,,90.0,
plot_curve,5.698996655518394,0.15469297304397533,0.0888552044809823,0.11856212701552592,,,,,,,,,,,,,90.0,
plot_curve,5.74581939799331,0.15500445260714824,0.08898271547859042,0.1185936371452975,,,,,,,,,,,,,90.0,
plot_curve,5.792642140468227,0.15531665927756125,0.08911055899774305,0.11862522526752473,,,,,,,,,,,,,90.0,
plot_curve,5.839464882943144,0.15562961251184895,0.08923874504225317,0.11865690844228001,,,,,,,,,,,,,90.0,
plot_curve,5.88628762541806,0.15594333176664596,0.08936728361593378,0.11868870372963572,,,,,,,,,,,,,90.0,
plot_curve,5.933110367892976,0.15625783649858693,0.08949618472259788,0.11872062818966428,,,,,,,,,,,,,90.0,
plot_curve,5.9799331103678925,0.15657314616430643,0.08962545836605848,0.11875269888243806,,,,,,,,,,,,,90.0,
plot_curve,6.026755852842809,0.1568892802204391,0.08975511455012858,0.11878493286802948,,,,,,,,,,,,,90.0,
plot_curve,6.073578595317725,0.15720625812361957,0.08988516327862116,0.11881734720651091,,,,,,,,,,,,,90.0,
plot_curve,6.120401337792642,0.15752409933048245,0.09001561455534923,0.11884995895795478,,,,,,,,,,,,,90.0,
plot_curve,6.167224080267558,0.15784282329766233,0.09014647838412579,0.11888278518243346,,,,,,,,,,,,,90.0,
plot_curve,6.214046822742475,0.15816244948179387,0.09027776476876381,0.11891584294001936,,,,,,,,,,,,,90.0,
plot_curve,6.260869565217391,0.15848299733951166,0.09040948371307633,0.11894914929078487,,,,,,,,,,,,,90.0,
plot_curve,6.3076923076923075,0.1588044863274503,0.09054164522087635,0.11898272129480239,,,,,,,,,,,,,90.0,
plot_curve,6.354515050167223,0.15912693590224442,0.09067425929597682,0.11901657601214431,,,,,,,,,,,,,90.0,
plot_curve,6.40133779264214,0.1594503655205287,0.09080733594219077,0.11905073050288303,,,,,,,,,,,,,90.0,
plot_curve,6.448160535117056,0.15977479463893762,0.09094088516333121,0.11908520182709095,,,,,,,,,,,,,90.0,
plot_curve,6.494983277591973,0.16010024271410594,0.09107491696321111,0.11912000704484048,,,,,,,,,,,,,90.0,
plot_curve,6.54180602006689,0.1604267292026682,0.0912094413456435,0.11915516321620398,,,,,,,,,,,,,90.0,
plot_curve,6.588628762541806,0.16075427356125901,0.09134446831444135,0.11919068740125388,,,,,,,,,,,,,90.0,
plot_curve,6.635451505016722,0.16108289524651304,0.09148000787341767,0.11922659666006255,,,,,,,,,,,,,90.0,
plot_curve,6.682274247491638,0.16141261371506485,0.09161607002638546,0.11926290805270241,,,,,,,,,,,,,90.0,
plot_curve,6.729096989966555,0.1617434484235491,0.09175266477715771,0.11929963863924586,,,,,,,,,,,,,90.0,
plot_curve,6.775919732441471,0.16207541882860035,0.09188980212954742,0.11933680547976527,,,,,,,,,,,,,90.0,
plot_curve,6.822742474916388,0.1624085443868533,0.0920274920873676,0.11937442563433305,,,,,,,,,,,,,90.0,
plot_curve,6.869565217391304,0.16274284455494248,0.09216574465443125,0.11941251616302159,,,,,,,,,,,,,90.0,
plot_curve,6.916387959866221,0.16307833878950256,0.09230456983455135,0.11945109412590331,,,,,,,,,,,,,90.0,
plot_curve,6.9632107023411365,0.16341504654716815,0.09244397763154091,0.11949017658305058,,,,,,,,,,,,,90.0,
plot_curve,7.010033444816053,0.16375298728457388,0.09258397804921292,0.11952978059453581,,,,,,,,,,,,,90.0,
plot_curve,7.056856187290969,0.16409218045835433,0.0927245810913804,0.1195699232204314,,,,,,,,,,,,,90.0,
plot_curve,7.103678929765886,0.16443264552514414,0.09286579676185633,0.11961062152080973,,,,,,,,,,,,,90.0,
plot_curve,7.150501672240802,0.16477440194157794,0.0930076350644537,0.11965189255574321,,,,,,,,,,,,,90.0,
plot_curve,7.197324414715719,0.1651174691642903,0.09315010600298552,0.11969375338530423,,,,,,,,,,,,,90.0,
plot_curve,7.2441471571906355,0.16546186664991586,0.0932932195812648,0.11973622106956519,,,,,,,,,,,,,90.0,
plot_curve,7.290969899665551,0.16580761385508927,0.09343698580310453,0.11977931266859848,,,,,,,,,,,,,90.0,
plot_curve,7.337792642140468,0.16615473023644511,0.09358141467231769,0.11982304524247651,,,,,,,,,,,,,90.0,
plot_curve,7.384615384615384,0.166503235250618,0.0937265161927173,0.11986743585127167,,,,,,,,,,,,,90.0,
plot_curve,7.431438127090301,0.16685314835424253,0.09387230036811635,0.11991250155505635,,,,,,,,,,,,,90.0,
plot_curve,7.478260869565217,0.1672044890039534,0.09401877720232783,0.11995825941390295,,,,,,,,,,,,,90.0,
plot_curve,7.525083612040134,0.16755727665638515,0.09416595669916476,0.12000472648788388,,,,,,,,,,,,,90.0,
plot_curve,7.57190635451505,0.16791153076817242,0.09431384886244012,0.12005191983707152,,,,,,,,,,,,,90.0,
plot_curve,7.618729096989966,0.16826727079594983,0.09446246369596693,0.12009985652153826,,,,,,,,,,,,,90.0,
plot_curve,7.665551839464882,0.168624516196352,0.09461181120355816,0.12014855360135651,,,,,,,,,,,,,90.0,
plot_curve,7.712374581939799,0.16898328642601357,0.09476190138902683,0.12019802813659868,,,,,,,,,,,,,90.0,
plot_curve,7.759197324414715,0.16934360094156908,0.09491274425618593,0.12024829718733714,,,,,,,,,,,,,90.0,
plot_curve,7.806020066889632,0.16970547919965323,0.09506434980884845,0.12029937781364429,,,,,,,,,,,,,90.0,
plot_curve,7.852842809364548,0.1700689406569006,0.09521672805082741,0.12035128707559255,,,,,,,,,,,,,90.0,
plot_curve,7.8996655518394645,0.17043400476994577,0.09536988898593579,0.12040404203325429,,,,,,,,,,,,,90.0,
plot_curve,7.94648829431438,0.17080069099542344,0.09552384261798659,0.12045765974670192,,,,,,,,,,,,,90.0,
plot_curve,7.993311036789297,0.17116901878996815,0.09567859895079281,0.12051215727600784,,,,,,,,,,,,,90.0,
plot_curve,8.040133779264213,0.17153900761021457,0.09583416798816746,0.12056755168124443,,,,,,,,,,,,,90.0,
plot_curve,8.086956521739129,0.1719106769127973,0.09599055973392352,0.1206238600224841,,,,,,,,,,,,,90.0,
plot_curve,8.133779264214047,0.17228404615435094,0.096147784191874,0.12068109935979925,,,,,,,,,,,,,90.0,
plot_curve,8.180602006688963,0.17265913479151013,0.0963058513658319,0.12073928675326226,,,,,,,,,,,,,90.0,
plot_curve,8.22742474916388,0.17303596228090948,0.09646477125961023,0.12079843926294553,,,,,,,,,,,,,90.0,
plot_curve,8.274247491638796,0.1734145480791836,0.09662455387702194,0.12085857394892148,,,,,,,,,,,,,90.0,
plot_curve,8.321070234113712,0.1737949116429671,0.09678520922188008,0.12091970787126248,,,,,,,,,,,,,90.0,
plot_curve,8.367892976588628,0.1741770724288946,0.09694674729799763,0.12098185809004093,,,,,,,,,,,,,90.0,
plot_curve,8.414715719063544,0.17456104989360074,0.09710917810918757,0.12104504166532924,,,,,,,,,,,,,90.0,
plot_curve,8.46153846153846,0.1749468634937201,0.09727251165926293,0.1211092756571998,,,,,,,,,,,,,90.0,
plot_curve,8.508361204013378,0.17533453268588733,0.0974367579520367,0.121174577125725,,,,,,,,,,,,,90.0,
plot_curve,8.555183946488294,0.17572407692673706,0.09760192699132186,0.12124096313097725,,,,,,,,,,,,,90.0,
plot_curve,8.602006688963211,0.17611551567290384,0.09776802878093144,0.12130845073302893,,,,,,,,,,,,,90.0,
plot_curve,8.648829431438127,0.17650886838102237,0.09793507332467839,0.12137705699195245,,,,,,,,,,,,,90.0,
plot_curve,8.695652173913043,0.17690415450772717,0.09810307062637576,0.12144679896782021,,,,,,,,,,,,,90.0,
plot_curve,8.742474916387959,0.17730139350965293,0.0982720306898365,0.12151769372070458,,,,,,,,,,,,,90.0,
plot_curve,8.789297658862875,0.17770060484343425,0.09844196351887366,0.12158975831067798,,,,,,,,,,,,,90.0,
plot_curve,8.836120401337793,0.17810180796570577,0.09861287911730021,0.1216630097978128,,,,,,,,,,,,,90.0,
plot_curve,8.882943143812708,0.17850502233310206,0.09878478748892916,0.12173746524218144,,,,,,,,,,,,,90.0,
plot_curve,8.929765886287626,0.17891026740225774,0.09895769863757349,0.1218131417038563,,,,,,,,,,,,,90.0,
plot_curve,8.976588628762542,0.17931756262980747,0.0991316225670462,0.12189005624290977,,,,,,,,,,,,,90.0,
plot_curve,9.023411371237458,0.17972692747238583,0.0993065692811603,0.12196822591941424,,,,,,,,,,,,,90.0,
plot_curve,9.070234113712374,0.18013838138662744,0.0994825487837288,0.12204766779344212,,,,,,,,,,,,,90.0,
plot_curve,9.11705685618729,0.18055194382916692,0.09965957107856466,0.1221283989250658,,,,,,,,,,,,,90.0,
plot_curve,9.163879598662206,0.18096763425663892,0.0998376461694809,0.12221043637435766,,,,,,,,,,,,,90.0,
plot_curve,9.210702341137123,0.18138547212567802,0.10001678406029055,0.12229379720139014,,,,,,,,,,,,,90.0,
plot_curve,9.25752508361204,0.18180547689291882,0.10019699475480656,0.1223784984662356,,,,,,,,,,,,,90.0,
plot_curve,9.304347826086957,0.18222766801499599,0.10037828825684196,0.12246455722896643,,,,,,,,,,,,,90.0,
plot_curve,9.351170568561873,0.18265206494854408,0.10056067457020972,0.12255199054965506,,,,,,,,,,,,,90.0,
plot_curve,9.397993311036789,0.18307868715019776,0.10074416369872286,0.12264081548837387,,,,,,,,,,,,,90.0,
plot_curve,9.444816053511705,0.18350755407659164,0.10092876564619435,0.12273104910519525,,,,,,,,,,,,,90.0,
plot_curve,9.49163879598662,0.18393868518436035,0.10111449041643723,0.12282270846019161,,,,,,,,,,,,,90.0,
plot_curve,9.538461538461538,0.18437209993013848,0.10130134801326449,0.12291581061343533,,,,,,,,,,,,,90.0,
plot_curve,9.585284280936454,0.1848078177705606,0.1014893484404891,0.12301037262499881,,,,,,,,,,,,,90.0,
plot_curve,9.632107023411372,0.1852458581622614,0.10167850170192408,0.12310641155495447,,,,,,,,,,,,,90.0,
plot_curve,9.678929765886288,0.18568624056187552,0.10186881780138243,0.12320394446337467,,,,,,,,,,,,,90.0,
plot_curve,9.725752508361204,0.18612898442603748,0.10206030674267713,0.12330298841033184,,,,,,,,,,,,,90.0,
plot_curve,9.77257525083612,0.18657410921138196,0.10225297852962119,0.12340356045589836,,,,,,,,,,,,,90.0,
plot_curve,9.819397993311036,0.18702163437454355,0.10244684316602762,0.12350567766014661,,,,,,,,,,,,,90.0,
plot_curve,9.866220735785951,0.18747157937215692,0.1026419106557094,0.12360935708314902,,,,,,,,,,,,,90.0,
plot_curve,9.91304347826087,0.18792396366085665,0.10283819100247954,0.12371461578497797,,,,,,,,,,,,,90.0,
plot_curve,9.959866220735785,0.18837880669727733,0.10303569421015103,0.12382147082570585,,,,,,,,,,,,,90.0,
plot_curve,10.006688963210701,0.1888361279380536,0.10323443028253687,0.12392993926540508,,,,,,,,,,,,,90.0,
plot_curve,10.053511705685619,0.1892959468398201,0.10343440922345008,0.12404003816414803,,,,,,,,,,,,,90.0,
plot_curve,10.100334448160535,0.18975828285921142,0.10363564103670361,0.12415178458200711,,,,,,,,,,,,,90.0,
plot_curve,10.14715719063545,0.19022315545286217,0.10383813572611052,0.12426519557905472,,,,,,,,,,,,,90.0,
plot_curve,10.193979933110366,0.190690584077407,0.10404190329548374,0.12438028821536323,,,,,,,,,,,,,90.0,
plot_curve,10.240802675585284,0.19116058818948048,0.10424695374863632,0.12449707955100509,,,,,,,,,,,,,90.0,
plot_curve,10.2876254180602,0.19163318724571726,0.10445329708938125,0.12461558664605264,,,,,,,,,,,,,90.0,
plot_curve,10.334448160535116,0.19210840070275195,0.10466094332153153,0.1247358265605783,,,,,,,,,,,,,90.0,
plot_curve,10.381270903010034,0.19258624801721919,0.10486990244890014,0.12485781635465447,,,,,,,,,,,,,90.0,
plot_curve,10.42809364548495,0.19306674864575354,0.10508018447530007,0.12498157308835355,,,,,,,,,,,,,90.0,
plot_curve,10.474916387959865,0.19354992204498966,0.10529179940454436,0.1251071138217479,,,,,,,,,,,,,90.0,
plot_curve,10.521739130434781,0.19403578767156215,0.10550475724044597,0.12523445561490998,,,,,,,,,,,,,90.0,
plot_curve,10.568561872909699,0.19452436498210565,0.10571906798681792,0.12536361552791214,,,,,,,,,,,,,90.0,
plot_curve,10.615384615384615,0.19501567343325477,0.10593474164747319,0.12549461062082679,,,,,,,,,,,,,90.0,
plot_curve,10.66220735785953,0.19550973248164408,0.1061517882262248,0.12562745795372635,,,,,,,,,,,,,90.0,
plot_curve,10.709030100334447,0.19600656158390822,0.10637021772688574,0.12576217458668315,,,,,,,,,,,,,90.0,
plot_curve,10.755852842809364,0.19650618019668187,0.106590040153269,0.12589877757976964,,,,,,,,,,,,,90.0,
plot_curve,10.80267558528428,0.19700860777659956,0.10681126550918758,0.12603728399305822,,,,,,,,,,,,,90.0,
plot_curve,10.849498327759196,0.19751386378029595,0.10703390379845448,0.12617771088662127,,,,,,,,,,,,,90.0,
plot_curve,10.896321070234112,0.19802196766440566,0.10725796502488272,0.1263200753205312,,,,,,,,,,,,,90.0,
plot_curve,10.94314381270903,0.19853293888556334,0.10748345919228527,0.12646439435486034,,,,,,,,,,,,,90.0,
plot_curve,10.989966555183946,0.1990467969004035,0.10771039630447515,0.1266106850496812,,,,,,,,,,,,,90.0,
plot_curve,11.036789297658862,0.19956356116556084,0.10793878636526533,0.1267589644650661,,,,,,,,,,,,,90.0,
plot_curve,11.08361204013378,0.20008325113766995,0.10816863937846885,0.12690924966108744,,,,,,,,,,,,,90.0,
plot_curve,11.130434782608695,0.20060588627336545,0.10839996534789866,0.12706155769781763,,,,,,,,,,,,,90.0,
plot_curve,11.177257525083611,0.20113148602928196,0.10863277427736778,0.12721590563532909,,,,,,,,,,,,,90.0,
plot_curve,11.224080267558527,0.2016600698620541,0.10886707617068922,0.1273723105336942,,,,,,,,,,,,,90.0,
plot_curve,11.270903010033445,0.2021916572283165,0.10910288103167597,0.12753078945298532,,,,,,,,,,,,,90.0,
plot_curve,11.31772575250836,0.20272626758470375,0.10934019886414101,0.1276913594532749,,,,,,,,,,,,,90.0,
plot_curve,11.364548494983277,0.20326392038785046,0.10957903967189736,0.1278540375946353,,,,,,,,,,,,,90.0,
plot_curve,11.411371237458193,0.20380463509439128,0.10981941345875804,0.12801884093713892,,,,,,,,,,,,,90.0,
plot_curve,11.45819397993311,0.20434843116096085,0.11006133022853601,0.1281857865408582,,,,,,,,,,,,,90.0,
plot_curve,11.505016722408026,0.2048953280441937,0.11030479998504426,0.12835489146586548,,,,,,,,,,,,,90.0,
plot_curve,11.551839464882942,0.2054453452007245,0.11054983273209582,0.12852617277223316,,,,,,,,,,,,,90.0,
plot_curve,11.598662207357858,0.20599850208718784,0.11079643847350368,0.12869964752003368,,,,,,,,,,,,,90.0,
plot_curve,11.645484949832776,0.20655481816021842,0.11104462721308084,0.12887533276933943,,,,,,,,,,,,,90.0,
plot_curve,11.692307692307692,0.20711431287645074,0.1112944089546403,0.12905324558022277,,,,,,,,,,,,,90.0,
plot_curve,11.739130434782608,0.20767700569251948,0.11154579370199502,0.1292334030127561,,,,,,,,,,,,,90.0,
plot_curve,11.785953177257525,0.2082429160650593,0.11179879145895807,0.12941582212701186,,,,,,,,,,,,,90.0,
plot_curve,11.832775919732441,0.2088120634507047,0.1120534122293424,0.1296005199830624,,,,,,,,,,,,,90.0,
plot_curve,11.879598662207357,0.20938446730609037,0.11230966601696099,0.12978751364098015,,,,,,,,,,,,,90.0,
plot_curve,11.926421404682273,0.20996014708785093,0.11256756282562688,0.1299768201608375,,,,,,,,,,,,,90.0,
plot_curve,11.97324414715719,0.210539122252621,0.11282711265915307,0.13016845660270682,,,,,,,,,,,,,90.0,
plot_curve,12.020066889632107,0.21112141225703515,0.11308832552135253,0.13036244002666053,,,,,,,,,,,,,90.0,
plot_curve,12.066889632107022,0.21170703655772805,0.11335121141603827,0.130558787492771,,,,,,,,,,,,,90.0,
plot_curve,12.113712374581938,0.21229601461133427,0.11361578034702328,0.1307575160611107,,,,,,,,,,,,,90.0,
plot_curve,12.160535117056856,0.21288836587448848,0.1138820423181206,0.13095864279175193,,,,,,,,,,,,,90.0,
plot_curve,12.207357859531772,0.21348410980382526,0.11415000733314318,0.13116218474476715,,,,,,,,,,,,,90.0,
plot_curve,12.254180602006688,0.21408326585597923,0.11441968539590402,0.13136815898022872,,,,,,,,,,,,,90.0,
plot_curve,12.301003344481604,0.214685853487585,0.11469108651021614,0.13157658255820906,,,,,,,,,,,,,90.0,
plot_curve,12.347826086956522,0.21529189215527725,0.11496422067989254,0.13178747253878056,,,,,,,,,,,,,90.0,
plot_curve,12.394648829431437,0.2159014013156905,0.1152390979087462,0.13200084598201564,,,,,,,,,,,,,90.0,
plot_curve,12.441471571906353,0.2165144004254594,0.11551572820059013,0.13221671994798664,,,,,,,,,,,,,90.0,
plot_curve,12.488294314381271,0.21713090894121864,0.11579412155923734,0.13243511149676604,,,,,,,,,,,,,90.0,
plot_curve,12.535117056856187,0.21775094631960273,0.11607428798850078,0.13265603768842613,,,,,,,,,,,,,90.0,
plot_curve,12.581939799331103,0.21837453201724633,0.11635623749219351,0.1328795155830394,,,,,,,,,,,,,90.0,
plot_curve,12.628762541806019,0.21900168549078403,0.11663998007412849,0.13310556224067818,,,,,,,,,,,,,90.0,
plot_curve,12.675585284280936,0.21963242619685053,0.11692552573811876,0.13333419472141492,,,,,,,,,,,,,90.0,
plot_curve,12.722408026755852,0.22026677359208038,0.11721288448797726,0.13356543008532198,,,,,,,,,,,,,90.0,
plot_curve,12.769230769230768,0.2209047471331082,0.117502066327517,0.1337992853924718,,,,,,,,,,,,,90.0,
plot_curve,12.816053511705684,0.2215463662765686,0.11779308126055102,0.1340357777029367,,,,,,,,,,,,,90.0,
plot_curve,12.862876254180602,0.22219165047909628,0.11808593929089231,0.13427492407678915,,,,,,,,,,,,,90.0,
plot_curve,12.909698996655518,0.22284061919732573,0.11838065042235382,0.1345167415741015,,,,,,,,,,,,,90.0,
plot_curve,12.956521739130434,0.22349329188789163,0.11867722465874858,0.1347612472549462,,,,,,,,,,,,,90.0,
plot_curve,13.00334448160535,0.22414968800742857,0.11897567200388962,0.13500845817939558,,,,,,,,,,,,,90.0,
plot_curve,13.050167224080267,0.22480982701257124,0.11927600246158988,0.13525839140752208,,,,,,,,,,,,,90.0,
plot_curve,13.096989966555183,0.22547372835995422,0.1195782260356624,0.13551106399939808,,,,,,,,,,,,,90.0,
plot_curve,13.1438127090301,0.22614141150621206,0.11988235272992014,0.135766493015096,,,,,,,,,,,,,90.0,
plot_curve,13.190635451505015,0.22681289590797943,0.12018839254817615,0.1360246955146882,,,,,,,,,,,,,90.0,
plot_curve,13.237458193979933,0.227488201021891,0.12049635549424338,0.1362856885582471,,,,,,,,,,,,,90.0,
plot_curve,13.284280936454849,0.2281673463045813,0.12080625157193486,0.1365494892058451,,,,,,,,,,,,,90.0,
plot_curve,13.331103678929765,0.22885035121268496,0.12111809078506355,0.13681611451755454,,,,,,,,,,,,,90.0,
plot_curve,13.377926421404682,0.22953723520283664,0.12143188313744252,0.1370855815534479,,,,,,,,,,,,,90.0,
plot_curve,13.424749163879598,0.23022801773167095,0.12174763863288471,0.13735790737359757,,,,,,,,,,,,,90.0,
plot_curve,13.471571906354514,0.23092271825582245,0.12206536727520312,0.13763310903807588,,,,,,,,,,,,,90.0,
plot_curve,13.51839464882943,0.2316213562319258,0.12238507906821075,0.13791120360695527,,,,,,,,,,,,,90.0,
plot_curve,13.565217391304348,0.23232395111661563,0.12270678401572063,0.13819220814030814,,,,,,,,,,,,,90.0,
plot_curve,13.612040133779264,0.23303052236652655,0.12303049212154574,0.13847613969820688,,,,,,,,,,,,,90.0,
plot_curve,13.65886287625418,0.23374108943829316,0.12335621338949906,0.13876301534072388,,,,,,,,,,,,,90.0,
plot_curve,13.705685618729095,0.23445567178855006,0.12368395782339361,0.1390528521279315,,,,,,,,,,,,,90.0,
plot_curve,13.752508361204013,0.23517428887393194,0.12401373542704239,0.13934566711990223,,,,,,,,,,,,,90.0,
plot_curve,13.799331103678929,0.2358969601510733,0.12434555620425838,0.1396414773767084,,,,,,,,,,,,,90.0,
plot_curve,13.846153846153845,0.23662370507660888,0.1246794301588546,0.1399402999584224,,,,,,,,,,,,,90.0,
plot_curve,13.89297658862876,0.23735454310717324,0.12501536729464402,0.14024215192511666,,,,,,,,,,,,,90.0,
plot_curve,13.939799331103679,0.23808949369940097,0.1253533776154397,0.14054705033686357,,,,,,,,,,,,,90.0,
plot_curve,13.986622073578594,0.2388285763099267,0.12569347112505452,0.1408550122537355,,,,,,,,,,,,,90.0,
plot_curve,14.03344481605351,0.2395718103953851,0.1260356578273016,0.14116605473580487,,,,,,,,,,,,,90.0,
plot_curve,14.080267558528428,0.24031921541241075,0.1263799477259939,0.14148019484314409,,,,,,,,,,,,,90.0,
plot_curve,14.127090301003344,0.24107081081763826,0.1267263508249444,0.14179744963582552,,,,,,,,,,,,,90.0,
plot_curve,14.17391304347826,0.24182661606770223,0.12707487712796608,0.1421178361739216,,,,,,,,,,,,,90.0,
plot_curve,14.220735785953176,0.2425866506192373,0.12742553663887202,0.14244137151750466,,,,,,,,,,,,,90.0,
plot_curve,14.267558528428093,0.2433509339288781,0.12777833936147515,0.14276807272664718,,,,,,,,,,,,,90.0,
plot_curve,14.31438127090301,0.2441194854532592,0.12813329529958845,0.1430979568614215,,,,,,,,,,,,,90.0,
plot_curve,14.361204013377925,0.24489232464901528,0.12849041445702494,0.14343104098190002,,,,,,,,,,,,,90.0,
plot_curve,14.408026755852841,0.2456694709727809,0.12884970683759767,0.14376734214815515,,,,,,,,,,,,,90.0,
plot_curve,14.454849498327759,0.24645094388119074,0.1292111824451196,0.1441068774202593,,,,,,,,,,,,,90.0,
plot_curve,14.501672240802675,0.24723676283087934,0.1295748512834037,0.14444966385828484,,,,,,,,,,,,,90.0,
plot_curve,14.54849498327759,0.24802694727848137,0.129940723356263,0.14479571852230416,,,,,,,,,,,,,90.0,
plot_curve,14.595317725752507,0.24882151668063143,0.1303088086675105,0.1451450584723897,,,,,,,,,,,,,90.0,
plot_curve,14.642140468227424,0.24962049049396415,0.1306791172209592,0.14549770076861385,,,,,,,,,,,,,90.0,
plot_curve,14.68896321070234,0.2504238881751141,0.13105165902042207,0.14585366247104894,,,,,,,,,,,,,90.0,
plot_curve,14.735785953177256,0.25123172918071596,0.13142644406971216,0.1462129606397674,,,,,,,,,,,,,90.0,
plot_curve,14.782608695652174,0.25204403296740435,0.13180348237264242,0.1465756123348417,,,,,,,,,,,,,90.0,
plot_curve,14.82943143812709,0.2528608189918138,0.13218278393302585,0.14694163461634416,,,,,,,,,,,,,90.0,
plot_curve,14.876254180602006,0.253682106710579,0.13256435875467548,0.14731104454434718,,,,,,,,,,,,,90.0,
plot_curve,14.923076923076922,0.25450791558033453,0.1329482168414043,0.14768385917892318,,,,,,,,,,,,,90.0,
plot_curve,14.96989966555184,0.25533826505771506,0.13333436819702527,0.14806009558014455,,,,,,,,,,,,,90.0,
plot_curve,15.016722408026755,0.2561731745993552,0.13372282282535145,0.14843977080808365,,,,,,,,,,,,,90.0,
plot_curve,15.063545150501671,0.25701266366188946,0.13411359073019577,0.14882290192281294,,,,,,,,,,,,,90.0,
plot_curve,15.110367892976587,0.25785675170195255,0.1345066819153713,0.14920950598440474,,,,,,,,,,,,,90.0,
plot_curve,15.157190635451505,0.2587054581761791,0.134902106384691,0.14959960005293158,,,,,,,,,,,,,90.0,
plot_curve,15.20401337792642,0.25955880254120367,0.13529987414196787,0.1499932011884657,,,,,,,,,,,,,90.0,
plot_curve,15.250836120401337,0.260416804253661,0.1356999951910149,0.15039032645107958,,,,,,,,,,,,,90.0,
plot_curve,15.297658862876252,0.26127948277018553,0.13610247953564508,0.1507909929008456,,,,,,,,,,,,,90.0,
plot_curve,15.34448160535117,0.26214685754741196,0.13650733717967145,0.15119521759783616,,,,,,,,,,,,,90.0,
plot_curve,15.391304347826086,0.2630189480419749,0.136914578126907,0.15160301760212366,,,,,,,,,,,,,90.0,
plot_curve,15.438127090301002,0.263895773710509,0.1373242123811647,0.1520144099737805,,,,,,,,,,,,,90.0,
plot_curve,15.484949832775918,0.26477735400964886,0.13773624994625755,0.15242941177287905,,,,,,,,,,,,,90.0,
plot_curve,15.531772575250836,0.26566370839602904,0.13815070082599862,0.15284804005949174,,,,,,,,,,,,,90.0,
plot_curve,15.578595317725751,0.26655485632628423,0.13856757502420075,0.15327031189369095,,,,,,,,,,,,,90.0,
plot_curve,15.625418060200667,0.267450817257049,0.1389868825446771,0.15369624433554907,,,,,,,,,,,,,90.0,
plot_curve,15.672240802675585,0.26835161064495805,0.1394086333912406,0.1541258544451385,,,,,,,,,,,,,90.0,
plot_curve,15.719063545150501,0.26925725594664585,0.13983283756770426,0.15455915928253167,,,,,,,,,,,,,90.0,
plot_curve,15.765886287625417,0.27016777261874714,0.14025950507788104,0.1549961759078009,,,,,,,,,,,,,90.0,
plot_curve,15.812709030100333,0.2710831801178965,0.140688645925584,0.15543692138101864,,,,,,,,,,,,,90.0,
plot_curve,15.85953177257525,0.27200349790072853,0.14112027011462613,0.1558814127622573,,,,,,,,,,,,,90.0,
plot_curve,15.906354515050166,0.2729287454238779,0.14155438764882036,0.15632966711158924,,,,,,,,,,,,,90.0,
plot_curve,15.953177257525082,0.27385894214397916,0.14199100853197977,0.1567817014890869,,,,,,,,,,,,,90.0,
plot_curve,16.0,0.274794107517667,0.14243014276791732,0.15723753295482265,,,,,,,,,,,,,90.0,
