dataKind,lambda,DPKI_upper_bound,DPKI_lower_bound,DPKI_experimental,epsilon,lambdaTotalMeasured,pManageMeasured,gammaOnChainMeasured,qManageMeasured,muModelOffchainAuthMeasured,lambdaBlockMeasured,lambdaBlockHeightMeasured,lambdaBlockTxConfirmMeanMs,serviceCAs,calibrationScope,runDir,meanBlockMs,configuredLambdaBlock
measured_point,2.0,0.0971631425671936,0.07331311964799023,0.08697704898569471,0.1,1.9509517081705576,0.1,0.19753086419753085,0.3,17.593234668495576,16.639262820452405,23.15399153840348,58.89683999674661,4.0,Fig6 epsilon measured parameters,C:\Users\admin\Desktop\Blockchain_based DPKI platform\DPKI-and-DID-platform-Lenovo\chain33-dpki-real-experiment\outputs\real_sweeps\lambda_experiment\scout_stable_three_lambdap_100_40_30_r200_blockms_30_lambda_2_r200,30.0,33.333333333333336
measured_point,4.0,0.10287780399557142,0.07624534851583523,0.08739832907893184,0.1,3.9274334599917036,0.1,0.19753086419753085,0.3,17.762014102957604,16.783033930211246,23.618099416293422,58.39230285031455,4.0,Fig6 epsilon measured parameters,C:\Users\admin\Desktop\Blockchain_based DPKI platform\DPKI-and-DID-platform-Lenovo\chain33-dpki-real-experiment\outputs\real_sweeps\lambda_experiment\scout_stable_three_lambdap_100_40_30_r200_blockms_30_lambda_4_r200,30.0,33.333333333333336
measured_point,6.0,0.11229195974948179,0.08398301375037297,0.08539976499319077,0.1,6.143235304784839,0.1,0.19753086419753085,0.3,17.23782361241917,18.178649807420886,24.324087047088227,53.90939428295408,4.0,Fig6 epsilon measured parameters,C:\Users\admin\Desktop\Blockchain_based DPKI platform\DPKI-and-DID-platform-Lenovo\chain33-dpki-real-experiment\outputs\real_sweeps\lambda_experiment\scout_stable_three_lambdap_100_40_30_r200_blockms_30_lambda_6_r200,30.0,33.333333333333336
measured_point,8.0,0.12960094183207674,0.09414092582118286,0.08839338103328442,0.1,8.660009787434987,0.1,0.19753086419753085,0.3,16.824176989523817,17.06935582787436,22.42835276621165,57.41282857315881,4.0,Fig6 epsilon measured parameters,C:\Users\admin\Desktop\Blockchain_based DPKI platform\DPKI-and-DID-platform-Lenovo\chain33-dpki-real-experiment\outputs\real_sweeps\lambda_experiment\scout_stable_three_lambdap_100_40_30_r200_blockms_30_lambda_8_r200,30.0,33.333333333333336
measured_point,10.0,0.13106745041723233,0.09482637293713064,0.08586105361796395,0.1,9.909081824006083,0.1,0.19753086419753085,0.3,17.32093408616777,17.71756812092403,24.084366113796598,55.31233142784664,4.0,Fig6 epsilon measured parameters,C:\Users\admin\Desktop\Blockchain_based DPKI platform\DPKI-and-DID-platform-Lenovo\chain33-dpki-real-experiment\outputs\real_sweeps\lambda_experiment\scout_stable_three_lambdap_100_40_30_r200_blockms_30_lambda_10_r200,30.0,33.333333333333336
measured_point,12.0,0.1426195656450286,0.10461082409129255,0.08403629150390898,0.1,12.580278590658178,0.1,0.19753086419753085,0.3,17.455134562412738,19.75948671966945,25.489023615462536,49.596430003643036,4.0,Fig6 epsilon measured parameters,C:\Users\admin\Desktop\Blockchain_based DPKI platform\DPKI-and-DID-platform-Lenovo\chain33-dpki-real-experiment\outputs\real_sweeps\lambda_experiment\scout_stable_three_lambdap_100_40_30_r200_blockms_30_lambda_12_r200,30.0,33.333333333333336
measured_point,14.0,0.14346566576575093,0.10345435886054916,0.08634298057338485,0.1,11.875357879495704,0.1,0.19753086419753085,0.3,17.230909819178407,18.14537689751739,23.59586842964377,54.00824714388166,4.0,Fig6 epsilon measured parameters,C:\Users\admin\Desktop\Blockchain_based DPKI platform\DPKI-and-DID-platform-Lenovo\chain33-dpki-real-experiment\outputs\real_sweeps\lambda_experiment\scout_stable_three_lambdap_100_40_30_r200_blockms_30_lambda_14_r200,30.0,33.333333333333336
measured_point,16.0,0.19259268856498357,0.13554661567063164,0.08727299627215161,0.1,16.482123595355485,0.1,0.19753086419753085,0.3,16.975026284493286,17.62478527636466,24.1864752930151,55.603514291558945,4.0,Fig6 epsilon measured parameters,C:\Users\admin\Desktop\Blockchain_based DPKI platform\DPKI-and-DID-platform-Lenovo\chain33-dpki-real-experiment\outputs\real_sweeps\lambda_experiment\scout_stable_three_lambdap_100_40_30_r200_blockms_30_lambda_16_r200,30.0,33.333333333333336
measured_point,18.0,0.24090530221597956,0.16980893858157195,0.08812418496327205,0.1,19.02847934186937,0.1,0.19753086419753085,0.3,16.738742616339593,17.87811063617195,24.27839404162168,54.81563572032111,4.0,Fig6 epsilon measured parameters,C:\Users\admin\Desktop\Blockchain_based DPKI platform\DPKI-and-DID-platform-Lenovo\chain33-dpki-real-experiment\outputs\real_sweeps\lambda_experiment\scout_stable_three_lambdap_100_40_30_r200_blockms_30_lambda_18_r200,30.0,33.333333333333336
measured_point,20.0,0.23033187723771664,0.15831942099213744,0.08635576794086633,0.1,20.23595836682455,0.1,0.19753086419753085,0.3,17.857870910307728,17.550396051682274,24.124872053364616,55.839195714678084,4.0,Fig6 epsilon measured parameters,C:\Users\admin\Desktop\Blockchain_based DPKI platform\DPKI-and-DID-platform-Lenovo\chain33-dpki-real-experiment\outputs\real_sweeps\lambda_experiment\scout_stable_three_lambdap_100_40_30_r200_blockms_30_lambda_20_r200,30.0,33.333333333333336
measured_point,2.0,0.10128473109890795,0.07535564070432609,0.09068036099910737,0.1,2.0688876114879124,0.1,0.19753086419753085,0.3,17.185389129939434,15.465803745002239,17.634388707042387,63.365604281425476,4.0,Fig6 epsilon measured parameters,C:\Users\admin\Desktop\Blockchain_based DPKI platform\DPKI-and-DID-platform-Lenovo\chain33-dpki-real-experiment\outputs\real_sweeps\lambda_experiment\scout_stable_three_lambdap_100_40_30_r200_blockms_40_lambda_2_r200,40.0,25.0
measured_point,4.0,0.10198760513727018,0.07544152886607275,0.0852738835155964,0.1,4.082013600690054,0.1,0.19753086419753085,0.3,17.998729808720164,16.939136963804668,18.69487268653498,57.85418714625495,4.0,Fig6 epsilon measured parameters,C:\Users\admin\Desktop\Blockchain_based DPKI platform\DPKI-and-DID-platform-Lenovo\chain33-dpki-real-experiment\outputs\real_sweeps\lambda_experiment\scout_stable_three_lambdap_100_40_30_r200_blockms_40_lambda_4_r200,40.0,25.0
measured_point,6.0,0.12244875402685196,0.08476453657922273,0.09302630279338808,0.1,6.233469237014538,0.1,0.19753086419753085,0.3,17.14388968669546,13.757809486732084,18.52728864718013,71.23227000236511,4.0,Fig6 epsilon measured parameters,C:\Users\admin\Desktop\Blockchain_based DPKI platform\DPKI-and-DID-platform-Lenovo\chain33-dpki-real-experiment\outputs\real_sweeps\lambda_experiment\scout_stable_three_lambdap_100_40_30_r200_blockms_40_lambda_6_r200,40.0,25.0
measured_point,8.0,0.1305505658805226,0.08978619004727124,0.09110735550732971,0.1,8.346987266882312,0.1,0.19753086419753085,0.3,17.29973379597302,14.365569439757348,18.64024888868353,68.21866714784078,4.0,Fig6 epsilon measured parameters,C:\Users\admin\Desktop\Blockchain_based DPKI platform\DPKI-and-DID-platform-Lenovo\chain33-dpki-real-experiment\outputs\real_sweeps\lambda_experiment\scout_stable_three_lambdap_100_40_30_r200_blockms_40_lambda_8_r200,40.0,25.0
measured_point,10.0,0.14799543184266556,0.09920575095955828,0.0916497617196936,0.1,10.849182236681504,0.1,0.19753086419753085,0.3,17.217993444737353,13.9796222746482,18.291531992090906,70.10203714711325,4.0,Fig6 epsilon measured parameters,C:\Users\admin\Desktop\Blockchain_based DPKI platform\DPKI-and-DID-platform-Lenovo\chain33-dpki-real-experiment\outputs\real_sweeps\lambda_experiment\scout_stable_three_lambdap_100_40_30_r200_blockms_40_lambda_10_r200,40.0,25.0
measured_point,12.0,0.1532205434572651,0.10247399223924002,0.09543305295137895,0.1,11.546564988998142,0.1,0.19753086419753085,0.3,17.17794984358263,14.050004252678935,18.45624737485912,69.75086856739861,4.0,Fig6 epsilon measured parameters,C:\Users\admin\Desktop\Blockchain_based DPKI platform\DPKI-and-DID-platform-Lenovo\chain33-dpki-real-experiment\outputs\real_sweeps\lambda_experiment\scout_stable_three_lambdap_100_40_30_r200_blockms_40_lambda_12_r200,40.0,25.0
measured_point,14.0,0.15844445511610608,0.10586672205054866,0.09312271494184426,0.1,12.523925612454054,0.1,0.19753086419753085,0.3,17.29436865692764,14.337527039068078,18.31547002231153,68.35209428582873,4.0,Fig6 epsilon measured parameters,C:\Users\admin\Desktop\Blockchain_based DPKI platform\DPKI-and-DID-platform-Lenovo\chain33-dpki-real-experiment\outputs\real_sweeps\lambda_experiment\scout_stable_three_lambdap_100_40_30_r200_blockms_40_lambda_14_r200,40.0,25.0
measured_point,16.0,0.20802624049989932,0.14075159841733498,0.09333798874665969,0.1,17.195072117389852,0.1,0.19753086419753085,0.3,17.054589485129995,15.691624714087668,19.67867853473514,62.453698572090694,4.0,Fig6 epsilon measured parameters,C:\Users\admin\Desktop\Blockchain_based DPKI platform\DPKI-and-DID-platform-Lenovo\chain33-dpki-real-experiment\outputs\real_sweeps\lambda_experiment\scout_stable_three_lambdap_100_40_30_r200_blockms_40_lambda_16_r200,40.0,25.0
measured_point,18.0,0.25079072238055633,0.16197348018502924,0.09622006462724479,0.1,19.67950716497695,0.1,0.19753086419753085,0.3,17.39993518018709,14.181799381281856,18.657890433428964,69.10265571049281,4.0,Fig6 epsilon measured parameters,C:\Users\admin\Desktop\Blockchain_based DPKI platform\DPKI-and-DID-platform-Lenovo\chain33-dpki-real-experiment\outputs\real_sweeps\lambda_experiment\scout_stable_three_lambdap_100_40_30_r200_blockms_40_lambda_18_r200,40.0,25.0
measured_point,20.0,0.2256672994210789,0.1488523751190039,0.09145173983002827,0.1,18.60546436229348,0.1,0.19753086419753085,0.3,17.395259064969533,14.958224796205709,18.36432519590357,65.5157957145146,4.0,Fig6 epsilon measured parameters,C:\Users\admin\Desktop\Blockchain_based DPKI platform\DPKI-and-DID-platform-Lenovo\chain33-dpki-real-experiment\outputs\real_sweeps\lambda_experiment\scout_stable_three_lambdap_100_40_30_r200_blockms_40_lambda_20_r200,40.0,25.0
measured_point,2.0,0.12209704614801954,0.07645524011973358,0.1074138222917061,0.1,2.1185875656913855,0.1,0.19753086419753085,0.3,16.970415344684252,8.8291483601061,8.086301024373624,110.9959828547069,4.0,Fig6 epsilon measured parameters,C:\Users\admin\Desktop\Blockchain_based DPKI platform\DPKI-and-DID-platform-Lenovo\chain33-dpki-real-experiment\outputs\real_sweeps\lambda_experiment\scout_stable_three_lambdap_100_40_30_r200_blockms_100_lambda_2_r200,100.0,10.0
measured_point,4.0,0.14243447031667386,0.07823449193084378,0.11695969547904753,0.1,4.215806400170727,0.1,0.19753086419753085,0.3,17.474306484376523,7.111854154017556,8.436872818331832,137.79810142006193,4.0,Fig6 epsilon measured parameters,C:\Users\admin\Desktop\Blockchain_based DPKI platform\DPKI-and-DID-platform-Lenovo\chain33-dpki-real-experiment\outputs\real_sweeps\lambda_experiment\scout_stable_three_lambdap_100_40_30_r200_blockms_100_lambda_4_r200,100.0,10.0
measured_point,6.0,0.15173415005016755,0.08253380472019302,0.11737210781366952,0.1,6.217051277910773,0.1,0.19753086419753085,0.3,17.525456264347728,7.424126402371568,8.17778816782049,132.00206285374506,4.0,Fig6 epsilon measured parameters,C:\Users\admin\Desktop\Blockchain_based DPKI platform\DPKI-and-DID-platform-Lenovo\chain33-dpki-real-experiment\outputs\real_sweeps\lambda_experiment\scout_stable_three_lambdap_100_40_30_r200_blockms_100_lambda_6_r200,100.0,10.0
measured_point,8.0,0.1750145236988399,0.08841828832039517,0.1322891102627564,0.1,8.386156117643745,0.1,0.19753086419753085,0.3,17.525850121580497,6.734889460663755,8.451152083437897,145.51092571360724,4.0,Fig6 epsilon measured parameters,C:\Users\admin\Desktop\Blockchain_based DPKI platform\DPKI-and-DID-platform-Lenovo\chain33-dpki-real-experiment\outputs\real_sweeps\lambda_experiment\scout_stable_three_lambdap_100_40_30_r200_blockms_100_lambda_8_r200,100.0,10.0
measured_point,10.0,0.16455031483792615,0.09343316289120787,0.11288063384165589,0.1,9.126229606114945,0.1,0.19753086419753085,0.3,17.13923402004837,8.667525838559099,9.086737958519237,113.0657142826489,4.0,Fig6 epsilon measured parameters,C:\Users\admin\Desktop\Blockchain_based DPKI platform\DPKI-and-DID-platform-Lenovo\chain33-dpki-real-experiment\outputs\real_sweeps\lambda_experiment\scout_stable_three_lambdap_100_40_30_r200_blockms_100_lambda_10_r200,100.0,10.0
measured_point,12.0,0.20780878377663836,0.10683213427464221,0.14900183692622818,0.1,12.622035045551556,0.1,0.19753086419753085,0.3,17.243585073121626,7.529041136464599,8.017678372118773,130.1626571348735,4.0,Fig6 epsilon measured parameters,C:\Users\admin\Desktop\Blockchain_based DPKI platform\DPKI-and-DID-platform-Lenovo\chain33-dpki-real-experiment\outputs\real_sweeps\lambda_experiment\scout_stable_three_lambdap_100_40_30_r200_blockms_100_lambda_12_r200,100.0,10.0
measured_point,14.0,0.23384106822060557,0.12057529795729306,0.14478436397410138,0.1,15.305634680971492,0.1,0.19753086419753085,0.3,17.384534268881172,7.939638195001327,8.346035553917222,123.43131713696889,4.0,Fig6 epsilon measured parameters,C:\Users\admin\Desktop\Blockchain_based DPKI platform\DPKI-and-DID-platform-Lenovo\chain33-dpki-real-experiment\outputs\real_sweeps\lambda_experiment\scout_stable_three_lambdap_100_40_30_r200_blockms_100_lambda_14_r200,100.0,10.0
measured_point,16.0,0.2340279751400831,0.11798691753933249,0.16073001227306175,0.1,14.56630239039129,0.1,0.19753086419753085,0.3,17.208483721798522,7.447385739902545,9.121840729561514,131.58979999508176,4.0,Fig6 epsilon measured parameters,C:\Users\admin\Desktop\Blockchain_based DPKI platform\DPKI-and-DID-platform-Lenovo\chain33-dpki-real-experiment\outputs\real_sweeps\lambda_experiment\scout_stable_three_lambdap_100_40_30_r200_blockms_100_lambda_16_r200,100.0,10.0
measured_point,18.0,0.29266984376223937,0.14338919778392709,0.16582150495702222,0.1,17.75891974720781,0.1,0.19753086419753085,0.3,17.214823506662746,7.298396892776507,7.9963758275539965,134.27606286661967,4.0,Fig6 epsilon measured parameters,C:\Users\admin\Desktop\Blockchain_based DPKI platform\DPKI-and-DID-platform-Lenovo\chain33-dpki-real-experiment\outputs\real_sweeps\lambda_experiment\scout_stable_three_lambdap_100_40_30_r200_blockms_100_lambda_18_r200,100.0,10.0
measured_point,20.0,0.3847145205446024,0.19141488073839116,0.21868473275348968,0.1,21.002694563193586,0.1,0.19753086419753085,0.3,17.141899234188337,7.640952659798853,8.827374357173728,128.25625856263298,4.0,Fig6 epsilon measured parameters,C:\Users\admin\Desktop\Blockchain_based DPKI platform\DPKI-and-DID-platform-Lenovo\chain33-dpki-real-experiment\outputs\real_sweeps\lambda_experiment\scout_stable_three_lambdap_100_40_30_r200_blockms_100_lambda_20_r200,100.0,10.0
plot_curve,2.0,0.11915327109347931,0.07326136755329207,0.10666574825606881,,,,,,,,,,,,,100.0,
plot_curve,2.060200668896321,0.12003396655070839,0.07355612037869819,0.10698342220225693,,,,,,,,,,,,,100.0,
plot_curve,2.120401337792642,0.12090316875259437,0.07384664793298056,0.10729681798703004,,,,,,,,,,,,,100.0,
plot_curve,2.180602006688963,0.12176099226045678,0.07413299828980394,0.10760598095318706,,,,,,,,,,,,,100.0,
plot_curve,2.240802675585284,0.12260755163561511,0.0744152195228331,0.10791095644352687,,,,,,,,,,,,,100.0,
plot_curve,2.3010033444816056,0.12344296143938886,0.0746933597057328,0.10821178980084836,,,,,,,,,,,,,100.0,
plot_curve,2.361204013377926,0.12426733623309752,0.0749674669121678,0.10850852636795041,,,,,,,,,,,,,100.0,
plot_curve,2.4214046822742477,0.1250807905780606,0.07523758921580284,0.10880121148763193,,,,,,,,,,,,,100.0,
plot_curve,2.4816053511705687,0.12588343903559754,0.07550377469030269,0.1090898905026918,,,,,,,,,,,,,100.0,
plot_curve,2.5418060200668897,0.12667539616702791,0.0757660714093321,0.1093746087559289,,,,,,,,,,,,,100.0,
plot_curve,2.6020066889632107,0.12745677653367116,0.07602452744655584,0.10965541159014214,,,,,,,,,,,,,100.0,
plot_curve,2.6622073578595318,0.1282276946968468,0.07627919087563867,0.1099323443481304,,,,,,,,,,,,,100.0,
plot_curve,2.722408026755853,0.12898826521787435,0.07653010977024532,0.11020545237269258,,,,,,,,,,,,,100.0,
plot_curve,2.782608695652174,0.12973860265807327,0.0767773322040406,0.11047478100662755,,,,,,,,,,,,,100.0,
plot_curve,2.842809364548495,0.13047882157876306,0.07702090625068922,0.11074037559273422,,,,,,,,,,,,,100.0,
plot_curve,2.903010033444816,0.13120903654126326,0.07726087998385597,0.11100228147381147,,,,,,,,,,,,,100.0,
plot_curve,2.9632107023411374,0.13192936210689332,0.07749730147720559,0.11126054399265821,,,,,,,,,,,,,100.0,
plot_curve,3.023411371237458,0.1326399128369727,0.07773021880440284,0.1115152084920733,,,,,,,,,,,,,100.0,
plot_curve,3.0836120401337794,0.133340803292821,0.07795968003911248,0.11176632031485566,,,,,,,,,,,,,100.0,
plot_curve,3.1438127090301005,0.13403214803575764,0.07818573325499928,0.11201392480380416,,,,,,,,,,,,,100.0,
plot_curve,3.2040133779264215,0.13471406162710214,0.07840842652572798,0.1122580673017177,,,,,,,,,,,,,100.0,
plot_curve,3.2642140468227425,0.135386658628174,0.07862780792496335,0.11249879315139516,,,,,,,,,,,,,100.0,
plot_curve,3.3244147157190636,0.1360500536002927,0.07884392552637014,0.11273614769563545,,,,,,,,,,,,,100.0,
plot_curve,3.3846153846153846,0.13670436110477774,0.07905682740361311,0.11297017627723745,,,,,,,,,,,,,100.0,
plot_curve,3.4448160535117056,0.13734969570294864,0.07926656163035703,0.11320092423900004,,,,,,,,,,,,,100.0,
plot_curve,3.505016722408027,0.13798617195612484,0.07947317628026665,0.11342843692372213,,,,,,,,,,,,,100.0,
plot_curve,3.5652173913043477,0.1386139044256259,0.07967671942700671,0.1136527596742026,,,,,,,,,,,,,100.0,
plot_curve,3.625418060200669,0.1392330076727713,0.07987723914424201,0.11387393783324035,,,,,,,,,,,,,100.0,
plot_curve,3.6856187290969897,0.1398435962588805,0.08007478350563726,0.11409201674363424,,,,,,,,,,,,,100.0,
plot_curve,3.745819397993311,0.14044578474527303,0.08026940058485726,0.11430704174818321,,,,,,,,,,,,,100.0,
plot_curve,3.8060200668896322,0.14103968769326838,0.08046113845556677,0.11451905818968611,,,,,,,,,,,,,100.0,
plot_curve,3.8662207357859533,0.14162541966418607,0.0806500451914305,0.11472811141094184,,,,,,,,,,,,,100.0,
plot_curve,3.9264214046822743,0.14220309521934554,0.08083616886611324,0.11493424675474931,,,,,,,,,,,,,100.0,
plot_curve,3.9866220735785953,0.14277282892006632,0.08101955755327975,0.11513750956390738,,,,,,,,,,,,,100.0,
plot_curve,4.046822742474916,0.14333473532766788,0.08120025932659479,0.11533794518121496,,,,,,,,,,,,,100.0,
plot_curve,4.107023411371237,0.14388892900346978,0.08137832225972311,0.11553559894947094,,,,,,,,,,,,,100.0,
plot_curve,4.167224080267559,0.14443552450879146,0.08155379442632947,0.11573051621147422,,,,,,,,,,,,,100.0,
plot_curve,4.2274247491638794,0.14497463640495242,0.08172672390007862,0.11592274231002367,,,,,,,,,,,,,100.0,
plot_curve,4.287625418060201,0.1455063792532722,0.08189715875463534,0.11611232258791818,,,,,,,,,,,,,100.0,
plot_curve,4.3478260869565215,0.14603086761507023,0.08206514706366437,0.11629930238795666,,,,,,,,,,,,,100.0,
plot_curve,4.408026755852843,0.14654821605166604,0.08223073690083048,0.11648372705293798,,,,,,,,,,,,,100.0,
plot_curve,4.4682274247491645,0.14705853912437913,0.08239397633979842,0.11666564192566106,,,,,,,,,,,,,100.0,
plot_curve,4.528428093645485,0.147561951394529,0.08255491345423294,0.11684509234892476,,,,,,,,,,,,,100.0,
plot_curve,4.588628762541806,0.14805856742343512,0.08271359631779882,0.11702212366552797,,,,,,,,,,,,,100.0,
plot_curve,4.648829431438127,0.14854850177241702,0.0828700730041608,0.11719678121826961,,,,,,,,,,,,,100.0,
plot_curve,4.709030100334449,0.1490318690027942,0.08302439158698365,0.11736911034994855,,,,,,,,,,,,,100.0,
plot_curve,4.769230769230769,0.1495087836758861,0.08317660013993212,0.11753915640336368,,,,,,,,,,,,,100.0,
plot_curve,4.82943143812709,0.14997936035301226,0.08332674673667097,0.1177069647213139,,,,,,,,,,,,,100.0,
plot_curve,4.889632107023411,0.1504437135954922,0.08347487945086496,0.1178725806465981,,,,,,,,,,,,,100.0,
plot_curve,4.949832775919733,0.15090195796464534,0.08362104635617885,0.11803604952201516,,,,,,,,,,,,,100.0,
plot_curve,5.010033444816054,0.15135420802179123,0.0837652955262774,0.11819741669036397,,,,,,,,,,,,,100.0,
plot_curve,5.070234113712375,0.1518005783282494,0.08390767503482538,0.11835672749444344,,,,,,,,,,,,,100.0,
plot_curve,5.130434782608695,0.15224118344533924,0.08404823295548751,0.11851402727705243,,,,,,,,,,,,,100.0,
plot_curve,5.190635451505017,0.15267613793438034,0.08418701736192857,0.11866936138098988,,,,,,,,,,,,,100.0,
plot_curve,5.250836120401338,0.15310555635669215,0.08432407632781333,0.11882277514905462,,,,,,,,,,,,,100.0,
plot_curve,5.311036789297659,0.15352955327359422,0.08445945792680655,0.11897431392404557,,,,,,,,,,,,,100.0,
plot_curve,5.3712374581939795,0.153948243246406,0.08459321023257296,0.11912402304876163,,,,,,,,,,,,,100.0,
plot_curve,5.431438127090301,0.15436174083644696,0.08472538131877733,0.11927194786600169,,,,,,,,,,,,,100.0,
plot_curve,5.491638795986622,0.15477016060503665,0.08485601925908444,0.11941813371856462,,,,,,,,,,,,,100.0,
plot_curve,5.551839464882944,0.15517361711349453,0.08498517212715903,0.11956262594924932,,,,,,,,,,,,,100.0,
plot_curve,5.6120401337792645,0.15557222492314013,0.08511288799666585,0.11970546990085469,,,,,,,,,,,,,100.0,
plot_curve,5.672240802675585,0.15596609859529292,0.08523921494126967,0.11984671091617961,,,,,,,,,,,,,100.0,
plot_curve,5.7324414715719065,0.15635535269127243,0.08536420103463524,0.11998639433802298,,,,,,,,,,,,,100.0,
plot_curve,5.792642140468228,0.1567401017723981,0.08548789435042733,0.12012456550918368,,,,,,,,,,,,,100.0,
plot_curve,5.852842809364549,0.15712046039998945,0.0856103429623107,0.12026126977246061,,,,,,,,,,,,,100.0,
plot_curve,5.913043478260869,0.15749654313536599,0.08573159494395009,0.12039655247065265,,,,,,,,,,,,,100.0,
plot_curve,5.973244147157191,0.15786846453984724,0.08585169836901027,0.1205304589465587,,,,,,,,,,,,,100.0,
plot_curve,6.033444816053512,0.15823633917475266,0.085970701311156,0.12066303454297765,,,,,,,,,,,,,100.0,
plot_curve,6.093645484949833,0.15860028160140172,0.08608865184405204,0.12079432460270838,,,,,,,,,,,,,100.0,
plot_curve,6.153846153846154,0.15896040638111397,0.08620559804136314,0.1209243744685498,,,,,,,,,,,,,100.0,
plot_curve,6.214046822742475,0.15931682807520886,0.08632158797675407,0.12105322948330077,,,,,,,,,,,,,100.0,
plot_curve,6.274247491638796,0.15966966124500592,0.08643666972388957,0.12118093498976022,,,,,,,,,,,,,100.0,
plot_curve,6.334448160535117,0.16001902045182465,0.0865508913564344,0.12130753633072701,,,,,,,,,,,,,100.0,
plot_curve,6.394648829431438,0.16036502025698451,0.08666430094805334,0.12143307884900005,,,,,,,,,,,,,100.0,
plot_curve,6.454849498327759,0.16070777522180504,0.08677694657241114,0.12155760788737821,,,,,,,,,,,,,100.0,
plot_curve,6.51505016722408,0.1610473999076057,0.08688887630317256,0.12168116878866041,,,,,,,,,,,,,100.0,
plot_curve,6.575250836120402,0.161384008875706,0.08700013821400233,0.1218038068956455,,,,,,,,,,,,,100.0,
plot_curve,6.635451505016722,0.16171771668742546,0.08711078037856525,0.1219255675511324,,,,,,,,,,,,,100.0,
plot_curve,6.695652173913044,0.16204863790408353,0.08722085087052604,0.12204649609792001,,,,,,,,,,,,,100.0,
plot_curve,6.7558528428093645,0.1623768870869997,0.0873303977635495,0.12216663787880719,,,,,,,,,,,,,100.0,
plot_curve,6.816053511705686,0.16270257879749356,0.08743946913130035,0.12228603823659286,,,,,,,,,,,,,100.0,
plot_curve,6.8762541806020065,0.1630258275968845,0.08754811304744337,0.12240474251407588,,,,,,,,,,,,,100.0,
plot_curve,6.936454849498328,0.16334674804649207,0.0876563775856433,0.12252279605405515,,,,,,,,,,,,,100.0,
plot_curve,6.996655518394649,0.16366545470763577,0.08776431081956493,0.12264024419932959,,,,,,,,,,,,,100.0,
plot_curve,7.05685618729097,0.16398206214163505,0.08787196082287298,0.12275713229269805,,,,,,,,,,,,,100.0,
plot_curve,7.117056856187291,0.16429668490980945,0.08797937566923224,0.12287350567695945,,,,,,,,,,,,,100.0,
plot_curve,7.177257525083612,0.16460943757347846,0.08808660343230745,0.12298940969491268,,,,,,,,,,,,,100.0,
plot_curve,7.237458193979934,0.16492043469396156,0.08819369218576337,0.1231048896893566,,,,,,,,,,,,,100.0,
plot_curve,7.297658862876254,0.16522979083257822,0.08830069000326476,0.12321999100309013,,,,,,,,,,,,,100.0,
plot_curve,7.357859531772576,0.16553762055064802,0.08840764495847639,0.12333475897891215,,,,,,,,,,,,,100.0,
plot_curve,7.418060200668896,0.16584403840949036,0.088514605125063,0.12344923895962154,,,,,,,,,,,,,100.0,
plot_curve,7.478260869565218,0.16614915897042482,0.08862161857668935,0.12356347628801723,,,,,,,,,,,,,100.0,
plot_curve,7.538461538461538,0.16645309679477086,0.08872873338702023,0.12367751630689805,,,,,,,,,,,,,100.0,
plot_curve,7.59866220735786,0.16675596644384796,0.08883599762972033,0.12379140435906294,,,,,,,,,,,,,100.0,
plot_curve,7.65886287625418,0.16705788247897563,0.08894345937845449,0.12390518578731077,,,,,,,,,,,,,100.0,
plot_curve,7.719063545150502,0.1673589594614734,0.08905116670688741,0.12401890593444045,,,,,,,,,,,,,100.0,
plot_curve,7.7792642140468224,0.16765931195266068,0.08915916768868387,0.12413261014325085,,,,,,,,,,,,,100.0,
plot_curve,7.839464882943144,0.16795905451385704,0.08926751039750863,0.12424634375654085,,,,,,,,,,,,,100.0,
plot_curve,7.899665551839465,0.16825830170638195,0.08937624290702645,0.12436015211710935,,,,,,,,,,,,,100.0,
plot_curve,7.959866220735786,0.1685571680915549,0.08948541329090207,0.12447408056775527,,,,,,,,,,,,,100.0,
plot_curve,8.020066889632108,0.16885576823069545,0.08959506962280028,0.12458817445127748,,,,,,,,,,,,,100.0,
plot_curve,8.080267558528428,0.169154216685123,0.0897052599763858,0.12470247911047486,,,,,,,,,,,,,100.0,
plot_curve,8.14046822742475,0.16945262801615713,0.08981603242532342,0.12481703988814632,,,,,,,,,,,,,100.0,
plot_curve,8.20066889632107,0.16975111678511726,0.08992743504327788,0.12493190212709072,,,,,,,,,,,,,100.0,
plot_curve,8.26086956521739,0.17004979755332292,0.09003951590391393,0.12504711117010697,,,,,,,,,,,,,100.0,
plot_curve,8.321070234113712,0.17034878488209362,0.09015232308089637,0.125162712359994,,,,,,,,,,,,,100.0,
plot_curve,8.381270903010034,0.17064819333274883,0.09026590464788992,0.12527875103955063,,,,,,,,,,,,,100.0,
plot_curve,8.441471571906355,0.17094813746660809,0.09038030867855934,0.1253952725515758,,,,,,,,,,,,,100.0,
plot_curve,8.501672240802677,0.17124873184499087,0.09049558324656941,0.12551232223886838,,,,,,,,,,,,,100.0,
plot_curve,8.561872909698998,0.17155009102921664,0.09061177642558486,0.12562994544422723,,,,,,,,,,,,,100.0,
plot_curve,8.622073578595318,0.17185232958060492,0.09072893628927046,0.1257481875104513,,,,,,,,,,,,,100.0,
plot_curve,8.68227424749164,0.17215556206047522,0.090847110911291,0.12586709378033945,,,,,,,,,,,,,100.0,
plot_curve,8.742474916387959,0.172459903030147,0.09096634836531119,0.1259867095966906,,,,,,,,,,,,,100.0,
plot_curve,8.80267558528428,0.1727654670509398,0.09108669672499581,0.12610708030230358,,,,,,,,,,,,,100.0,
plot_curve,8.862876254180602,0.17307236868417308,0.09120820406400963,0.12622825123997733,,,,,,,,,,,,,100.0,
plot_curve,8.923076923076923,0.17338072249116637,0.09133091845601739,0.12635026775251074,,,,,,,,,,,,,100.0,
plot_curve,8.983277591973245,0.1736906430332391,0.09145488797468385,0.12647317518270268,,,,,,,,,,,,,100.0,
plot_curve,9.043478260869566,0.17400224487171087,0.09158016069367376,0.12659701887335206,,,,,,,,,,,,,100.0,
plot_curve,9.103678929765888,0.1743156425679011,0.0917067846866519,0.12672184416725774,,,,,,,,,,,,,100.0,
plot_curve,9.163879598662207,0.17463095068312928,0.09183480802728303,0.12684769640721863,,,,,,,,,,,,,100.0,
plot_curve,9.224080267558529,0.17494828377871496,0.09196427878923187,0.12697462093603362,,,,,,,,,,,,,100.0,
plot_curve,9.284280936454849,0.17526775641597758,0.09209524504616323,0.12710266309650162,,,,,,,,,,,,,100.0,
plot_curve,9.34448160535117,0.17558948315623665,0.09222775487174183,0.1272318682314215,,,,,,,,,,,,,100.0,
plot_curve,9.404682274247492,0.17591357856081172,0.09236185633963245,0.12736228168359212,,,,,,,,,,,,,100.0,
plot_curve,9.464882943143813,0.17624015719102223,0.09249759752349984,0.12749394879581244,,,,,,,,,,,,,100.0,
plot_curve,9.525083612040135,0.1765693336081877,0.09263502649700875,0.1276269149108813,,,,,,,,,,,,,100.0,
plot_curve,9.585284280936456,0.1769012223736276,0.09277419133382395,0.1277612253715976,,,,,,,,,,,,,100.0,
plot_curve,9.645484949832776,0.17723593804866145,0.09291514010761019,0.12789692552076024,,,,,,,,,,,,,100.0,
plot_curve,9.705685618729097,0.17757359519460875,0.09305792089203224,0.1280340607011681,,,,,,,,,,,,,100.0,
plot_curve,9.765886287625419,0.17791430837278896,0.09320258176075484,0.1281726762556201,,,,,,,,,,,,,100.0,
plot_curve,9.826086956521738,0.17825819214452165,0.09334917078744277,0.1283128175269151,,,,,,,,,,,,,100.0,
plot_curve,9.88628762541806,0.17860536107112623,0.09349773604576077,0.12845452985785197,,,,,,,,,,,,,100.0,
plot_curve,9.946488294314381,0.17895592971392227,0.09364832560937361,0.12859785859122963,,,,,,,,,,,,,100.0,
plot_curve,10.006688963210703,0.17931001263422916,0.09380098755194605,0.128742849069847,,,,,,,,,,,,,100.0,
plot_curve,10.066889632107024,0.17966772439336653,0.09395576994714284,0.12888954663650293,,,,,,,,,,,,,100.0,
plot_curve,10.127090301003344,0.1800291795526538,0.09411272086862874,0.1290379966339963,,,,,,,,,,,,,100.0,
plot_curve,10.187290969899665,0.18039449267341046,0.0942718883900685,0.12918824440512602,,,,,,,,,,,,,100.0,
plot_curve,10.247491638795987,0.18076377831695606,0.0944333205851269,0.129340335292691,,,,,,,,,,,,,100.0,
plot_curve,10.307692307692308,0.18113715104461003,0.09459706552746869,0.12949431463949013,,,,,,,,,,,,,100.0,
plot_curve,10.36789297658863,0.18151472541769192,0.09476317129075862,0.12965022778832225,,,,,,,,,,,,,100.0,
plot_curve,10.42809364548495,0.18189661599752116,0.09493168594866144,0.12980812008198628,,,,,,,,,,,,,100.0,
plot_curve,10.488294314381271,0.1822829373454173,0.09510265757484193,0.12996803686328115,,,,,,,,,,,,,100.0,
plot_curve,10.548494983277592,0.18267380402269986,0.09527613424296483,0.13013002347500569,,,,,,,,,,,,,100.0,
plot_curve,10.608695652173914,0.1830693305906883,0.09545216402669492,0.13029412525995882,,,,,,,,,,,,,100.0,
plot_curve,10.668896321070234,0.1834696316107021,0.09563079499969693,0.13046038756093942,,,,,,,,,,,,,100.0,
plot_curve,10.729096989966555,0.18387482164406077,0.09581207523563565,0.1306288557207464,,,,,,,,,,,,,100.0,
plot_curve,10.789297658862877,0.1842850152520838,0.0959960528081758,0.13079957508217863,,,,,,,,,,,,,100.0,
plot_curve,10.849498327759198,0.18470032699609074,0.0961827757909822,0.130972590988035,,,,,,,,,,,,,100.0,
plot_curve,10.909698996655518,0.18512087143740102,0.09637229225771954,0.1311479487811144,,,,,,,,,,,,,100.0,
plot_curve,10.96989966555184,0.18554676313733415,0.0965646502820526,0.13132569380421574,,,,,,,,,,,,,100.0,
plot_curve,11.03010033444816,0.18597811665720965,0.09675989793764617,0.1315058714001379,,,,,,,,,,,,,100.0,
plot_curve,11.090301003344482,0.186415046558347,0.09695808329816497,0.1316885269116798,,,,,,,,,,,,,100.0,
plot_curve,11.150501672240804,0.1868576674020657,0.09715925443727376,0.13187370568164025,,,,,,,,,,,,,100.0,
plot_curve,11.210702341137123,0.1873060937496852,0.09736345942863732,0.1320614530528182,,,,,,,,,,,,,100.0,
plot_curve,11.270903010033445,0.1877604401625251,0.0975707463459204,0.13225181436801256,,,,,,,,,,,,,100.0,
plot_curve,11.331103678929766,0.1882208212019048,0.09778116326278775,0.13244483497002218,,,,,,,,,,,,,100.0,
plot_curve,11.391304347826088,0.18868735142914383,0.09799475825290416,0.13264056020164594,,,,,,,,,,,,,100.0,
plot_curve,11.451505016722408,0.1891601454055617,0.09821157938993433,0.1328390354056828,,,,,,,,,,,,,100.0,
plot_curve,11.511705685618729,0.18963931769247788,0.09843167474754307,0.13304030592493157,,,,,,,,,,,,,100.0,
plot_curve,11.57190635451505,0.1901249828512119,0.09865509239939513,0.13324441710219118,,,,,,,,,,,,,100.0,
plot_curve,11.632107023411372,0.19061725544308328,0.09888188041915522,0.13345141428026053,,,,,,,,,,,,,100.0,
plot_curve,11.692307692307693,0.1911162500294114,0.09911208688048817,0.13366134280193848,,,,,,,,,,,,,100.0,
plot_curve,11.752508361204013,0.19162208117151583,0.09934575985705868,0.13387424801002396,,,,,,,,,,,,,100.0,
plot_curve,11.812709030100335,0.19213486343071612,0.09958294742253154,0.1340901752473158,,,,,,,,,,,,,100.0,
plot_curve,11.872909698996656,0.19265471136833162,0.09982369765057153,0.13430916985661295,,,,,,,,,,,,,100.0,
plot_curve,11.933110367892978,0.193181739545682,0.10006805861484336,0.13453127718071428,,,,,,,,,,,,,100.0,
plot_curve,11.993311036789297,0.19371606252408663,0.1003160783890118,0.1347565425624187,,,,,,,,,,,,,100.0,
plot_curve,12.053511705685619,0.19425779486486508,0.10056780504674162,0.13498501134452506,,,,,,,,,,,,,100.0,
plot_curve,12.11371237458194,0.19480705112933683,0.10082328666169757,0.13521672886983227,,,,,,,,,,,,,100.0,
plot_curve,12.173913043478262,0.19536394587882133,0.10108257130754442,0.13545174048113923,,,,,,,,,,,,,100.0,
plot_curve,12.234113712374581,0.19592859367463808,0.10134570705794692,0.13569009152124478,,,,,,,,,,,,,100.0,
plot_curve,12.294314381270903,0.19650110907810664,0.10161274198656983,0.1359318273329479,,,,,,,,,,,,,100.0,
plot_curve,12.354515050167224,0.19708160665054647,0.10188372416707789,0.13617699325904745,,,,,,,,,,,,,100.0,
plot_curve,12.414715719063546,0.19767020095327703,0.1021587016731359,0.13642563464234225,,,,,,,,,,,,,100.0,
plot_curve,12.474916387959867,0.19826700654761792,0.10243772257840858,0.13667779682563128,,,,,,,,,,,,,100.0,
plot_curve,12.535117056856187,0.1988721379948885,0.1027208349565607,0.13693352515171336,,,,,,,,,,,,,100.0,
plot_curve,12.595317725752508,0.1994857098564084,0.10300808688125704,0.13719286496338745,,,,,,,,,,,,,100.0,
plot_curve,12.65551839464883,0.20010783669349702,0.10329952642616232,0.1374558616034524,,,,,,,,,,,,,100.0,
plot_curve,12.715719063545151,0.20073863306747391,0.10359520166494132,0.1377225604147071,,,,,,,,,,,,,100.0,
plot_curve,12.775919732441471,0.20137821353965846,0.1038951606712588,0.13799300673995046,,,,,,,,,,,,,100.0,
plot_curve,12.836120401337793,0.20202669267137036,0.1041994515187795,0.13826724592198136,,,,,,,,,,,,,100.0,
plot_curve,12.896321070234114,0.20268418502392888,0.10450812228116821,0.13854532330359867,,,,,,,,,,,,,100.0,
plot_curve,12.956521739130435,0.20335080515865372,0.10482122103208967,0.13882728422760132,,,,,,,,,,,,,100.0,
plot_curve,13.016722408026757,0.20402666763686428,0.10513879584520863,0.13911317403678816,,,,,,,,,,,,,100.0,
plot_curve,13.076923076923077,0.20471188701988002,0.10546089479418985,0.1394030380739581,,,,,,,,,,,,,100.0,
plot_curve,13.137123745819398,0.2054065778690205,0.10578756595269811,0.13969692168191006,,,,,,,,,,,,,100.0,
plot_curve,13.19732441471572,0.2061108547456052,0.10611885739439816,0.13999487020344287,,,,,,,,,,,,,100.0,
plot_curve,13.257525083612041,0.20682483221095366,0.10645481719295474,0.14029692898135548,,,,,,,,,,,,,100.0,
plot_curve,13.31772575250836,0.20754862482638525,0.10679549342203262,0.14060314335844673,,,,,,,,,,,,,100.0,
plot_curve,13.377926421404682,0.20828234715321955,0.10714093415529655,0.14091355867751554,,,,,,,,,,,,,100.0,
plot_curve,13.438127090301004,0.20902611375277608,0.10749118746641131,0.14122822028136078,,,,,,,,,,,,,100.0,
plot_curve,13.498327759197325,0.2097800391863743,0.10784630142904163,0.1415471735127814,,,,,,,,,,,,,100.0,
plot_curve,13.558528428093645,0.21054423801533373,0.1082063241168523,0.14187046371457623,,,,,,,,,,,,,100.0,
plot_curve,13.618729096989966,0.21131882480097383,0.10857130360350806,0.14219813622954416,,,,,,,,,,,,,100.0,
plot_curve,13.678929765886288,0.21210391410461413,0.10894128796267365,0.1425302364004841,,,,,,,,,,,,,100.0,
plot_curve,13.73913043478261,0.21289962048757413,0.10931632526801385,0.14286680957019493,,,,,,,,,,,,,100.0,
plot_curve,13.79933110367893,0.21370605851117322,0.10969646359319343,0.14320790108147557,,,,,,,,,,,,,100.0,
plot_curve,13.85953177257525,0.21452334273673107,0.11008175101187712,0.14355355627712488,,,,,,,,,,,,,100.0,
plot_curve,13.919732441471572,0.21535158772556703,0.11047223559772973,0.14390382049994177,,,,,,,,,,,,,100.0,
plot_curve,13.979933110367893,0.2161909080390007,0.11086796542441596,0.1442587390927251,,,,,,,,,,,,,100.0,
plot_curve,14.040133779264215,0.21704141823835155,0.11126898856560058,0.14461835739827378,,,,,,,,,,,,,100.0,
plot_curve,14.100334448160535,0.21790323288493899,0.11167535309494833,0.14498272075938673,,,,,,,,,,,,,100.0,
plot_curve,14.160535117056856,0.21877646654008265,0.11208710708612404,0.14535187451886278,,,,,,,,,,,,,100.0,
plot_curve,14.220735785953178,0.21966123376510194,0.11250429861279242,0.14572586401950088,,,,,,,,,,,,,100.0,
plot_curve,14.280936454849499,0.22055764912131634,0.11292697574861822,0.1461047346040999,,,,,,,,,,,,,100.0,
plot_curve,14.34113712374582,0.22146582717004543,0.11335518656726624,0.14648853161545866,,,,,,,,,,,,,100.0,
plot_curve,14.40133779264214,0.2223858824726086,0.11378897914240116,0.14687730039637617,,,,,,,,,,,,,100.0,
plot_curve,14.461538461538462,0.22331792959032548,0.1142284015476878,0.14727108628965127,,,,,,,,,,,,,100.0,
plot_curve,14.521739130434783,0.22426208308451548,0.11467350185679093,0.1476699346380828,,,,,,,,,,,,,100.0,
plot_curve,14.581939799331105,0.22521845751649808,0.11512432814337527,0.14807389078446975,,,,,,,,,,,,,100.0,
plot_curve,14.642140468227424,0.2261871674475928,0.1155809284811056,0.14848300007161092,,,,,,,,,,,,,100.0,
plot_curve,14.702341137123746,0.22716832743911913,0.11604335094364666,0.1488973078423053,,,,,,,,,,,,,100.0,
plot_curve,14.762541806020067,0.22816205205239662,0.11651164360466323,0.14931685943935163,,,,,,,,,,,,,100.0,
plot_curve,14.822742474916389,0.22916845584874465,0.11698585453782004,0.14974170020554894,,,,,,,,,,,,,100.0,
plot_curve,14.88294314381271,0.23018765338948285,0.11746603181678188,0.15017187548369607,,,,,,,,,,,,,100.0,
plot_curve,14.94314381270903,0.2312197592359306,0.11795222351521348,0.15060743061659188,,,,,,,,,,,,,100.0,
plot_curve,15.003344481605351,0.2322648879494075,0.11844447770677963,0.15104841094703533,,,,,,,,,,,,,100.0,
plot_curve,15.063545150501673,0.23332315409123303,0.11894284246514505,0.15149486181782523,,,,,,,,,,,,,100.0,
plot_curve,15.123745819397994,0.2343946722227266,0.11944736586397454,0.15194682857176056,,,,,,,,,,,,,100.0,
plot_curve,15.183946488294314,0.23547955690520775,0.1199580959769328,0.15240435655164014,,,,,,,,,,,,,100.0,
plot_curve,15.244147157190636,0.23657792269999603,0.12047508087768466,0.15286749110026288,,,,,,,,,,,,,100.0,
plot_curve,15.304347826086957,0.23768988416841083,0.12099836863989485,0.15333627756042767,,,,,,,,,,,,,100.0,
plot_curve,15.364548494983278,0.23881555587177175,0.12152800733722809,0.15381076127493343,,,,,,,,,,,,,100.0,
plot_curve,15.424749163879598,0.2399550523713982,0.12206404504334918,0.154290987586579,,,,,,,,,,,,,100.0,
plot_curve,15.48494983277592,0.24110848822860975,0.12260652983192288,0.1547770018381633,,,,,,,,,,,,,100.0,
plot_curve,15.545150501672241,0.2422759780047259,0.12315550977661394,0.1552688493724852,,,,,,,,,,,,,100.0,
plot_curve,15.605351170568563,0.2434576362610661,0.1237110329510871,0.15576657553234363,,,,,,,,,,,,,100.0,
plot_curve,15.665551839464884,0.24465357755894984,0.12427314742900714,0.15627022566053744,,,,,,,,,,,,,100.0,
plot_curve,15.725752508361204,0.2458639164596966,0.12484190128403883,0.15677984509986556,,,,,,,,,,,,,100.0,
plot_curve,15.785953177257525,0.24708876752462594,0.12541734258984685,0.15729547919312686,,,,,,,,,,,,,100.0,
plot_curve,15.846153846153847,0.2483282453150573,0.12599951942009607,0.15781717328312023,,,,,,,,,,,,,100.0,
plot_curve,15.906354515050168,0.24958246439231024,0.1265884798484512,0.15834497271264455,,,,,,,,,,,,,100.0,
plot_curve,15.966555183946488,0.2508515393177042,0.12718427194857693,0.15887892282449873,,,,,,,,,,,,,100.0,
plot_curve,16.02675585284281,0.25213558465255875,0.12778694379413816,0.15941906896148167,,,,,,,,,,,,,100.0,
plot_curve,16.086956521739133,0.2534347149581933,0.12839654345879956,0.1599654564663922,,,,,,,,,,,,,100.0,
plot_curve,16.147157190635454,0.2547490447959273,0.12901311901622586,0.1605181306820293,,,,,,,,,,,,,100.0,
plot_curve,16.207357859531776,0.2560786887270804,0.12963671854008188,0.16107713695119175,,,,,,,,,,,,,100.0,
plot_curve,16.267558528428093,0.25742376131297195,0.13026739010403235,0.1616425206166785,,,,,,,,,,,,,100.0,
plot_curve,16.327759197324415,0.2587843771149216,0.130905181781742,0.16221432702128852,,,,,,,,,,,,,100.0,
plot_curve,16.387959866220736,0.2601606506942487,0.13155014164687567,0.1627926015078206,,,,,,,,,,,,,100.0,
plot_curve,16.448160535117058,0.2615526966122729,0.13220231777309807,0.16337738941907365,,,,,,,,,,,,,100.0,
plot_curve,16.508361204013376,0.2629606294303134,0.13286175823407392,0.1639687360978465,,,,,,,,,,,,,100.0,
plot_curve,16.568561872909697,0.2643845637096901,0.13352851110346806,0.1645666868869382,,,,,,,,,,,,,100.0,
plot_curve,16.62876254180602,0.2658246140117222,0.1342026244549452,0.16517128712914753,,,,,,,,,,,,,100.0,
plot_curve,16.68896321070234,0.2672808948977294,0.1348841463621701,0.16578258216727337,,,,,,,,,,,,,100.0,
plot_curve,16.74916387959866,0.26875352092903104,0.13557312489880752,0.16640061734411465,,,,,,,,,,,,,100.0,
plot_curve,16.809364548494983,0.27024260666694655,0.13626960813852224,0.16702543800247027,,,,,,,,,,,,,100.0,
plot_curve,16.869565217391305,0.2717482666727957,0.13697364415497898,0.16765708948513908,,,,,,,,,,,,,100.0,
plot_curve,16.929765886287626,0.2732706155078978,0.13768528102184252,0.16829561713492003,,,,,,,,,,,,,100.0,
plot_curve,16.989966555183948,0.27480976773357235,0.1384045668127776,0.16894106629461192,,,,,,,,,,,,,100.0,
plot_curve,17.05016722408027,0.2763658379111389,0.139131549601449,0.1695934823070137,,,,,,,,,,,,,100.0,
plot_curve,17.11036789297659,0.2779389406019168,0.13986627746152147,0.1702529105149243,,,,,,,,,,,,,100.0,
plot_curve,17.170568561872912,0.27952919036722573,0.1406087984666598,0.17091939626114253,,,,,,,,,,,,,100.0,
plot_curve,17.230769230769234,0.2811367017683851,0.14135916069052867,0.1715929848884673,,,,,,,,,,,,,100.0,
plot_curve,17.29096989966555,0.2827615893667144,0.1421174122067929,0.17227372173969752,,,,,,,,,,,,,100.0,
plot_curve,17.351170568561873,0.28440396772353316,0.14288360108911724,0.17296165215763204,,,,,,,,,,,,,100.0,
plot_curve,17.411371237458194,0.28606395140016094,0.14365777541116645,0.17365682148506986,,,,,,,,,,,,,100.0,
plot_curve,17.471571906354516,0.28774165495791715,0.14443998324660529,0.17435927506480978,,,,,,,,,,,,,100.0,
plot_curve,17.531772575250837,0.2894371929581213,0.14523027266909852,0.1750690582396507,,,,,,,,,,,,,100.0,
plot_curve,17.591973244147155,0.2911506799620927,0.14602869175231079,0.17578621635239147,,,,,,,,,,,,,100.0,
plot_curve,17.652173913043477,0.2928822305311512,0.14683528856990705,0.17651079474583106,,,,,,,,,,,,,100.0,
plot_curve,17.712374581939798,0.2946319592266161,0.14765011119555196,0.17724283876276836,,,,,,,,,,,,,100.0,
plot_curve,17.77257525083612,0.296399980609807,0.14847320770291028,0.17798239374600222,,,,,,,,,,,,,100.0,
plot_curve,17.83277591973244,0.2981864092420432,0.14930462616564677,0.17872950503833152,,,,,,,,,,,,,100.0,
plot_curve,17.892976588628763,0.2999913596846444,0.15014441465742617,0.1794842179825552,,,,,,,,,,,,,100.0,
plot_curve,17.953177257525084,0.30181494649893,0.1509926212519133,0.18024657792147208,,,,,,,,,,,,,100.0,
plot_curve,18.013377926421406,0.30365728424621946,0.15184929402277283,0.18101663019788114,,,,,,,,,,,,,100.0,
plot_curve,18.073578595317727,0.3055184874878324,0.1527144810436696,0.1817944201545812,,,,,,,,,,,,,100.0,
plot_curve,18.13377926421405,0.3073986707850882,0.15358823038826833,0.18257999313437115,,,,,,,,,,,,,100.0,
plot_curve,18.19397993311037,0.3092979486993063,0.15447059013023376,0.18337339448004997,,,,,,,,,,,,,100.0,
plot_curve,18.254180602006688,0.31121643579180636,0.1553616083432306,0.18417466953441639,,,,,,,,,,,,,100.0,
plot_curve,18.31438127090301,0.31315424662390784,0.15626133310092377,0.18498386364026942,,,,,,,,,,,,,100.0,
plot_curve,18.37458193979933,0.31511149575693015,0.15716981247697792,0.185801022140408,,,,,,,,,,,,,100.0,
plot_curve,18.434782608695652,0.3170882977521929,0.15808709454505782,0.1866261903776309,,,,,,,,,,,,,100.0,
plot_curve,18.494983277591974,0.3190847671710155,0.15901322737882825,0.18745941369473706,,,,,,,,,,,,,100.0,
plot_curve,18.555183946488295,0.3211010185747175,0.15994825905195392,0.18830073743452536,,,,,,,,,,,,,100.0,
plot_curve,18.615384615384617,0.3231371665246184,0.16089223763809968,0.18915020693979467,,,,,,,,,,,,,100.0,
plot_curve,18.67558528428094,0.32519332558203756,0.16184521121093018,0.190007867553344,,,,,,,,,,,,,100.0,
plot_curve,18.73578595317726,0.32726961030829466,0.16280722784411022,0.19087376461797206,,,,,,,,,,,,,100.0,
plot_curve,18.795986622073578,0.329366135264709,0.16377833561130453,0.19174794347647783,,,,,,,,,,,,,100.0,
plot_curve,18.8561872909699,0.33148301501260025,0.16475858258617795,0.19263044947166025,,,,,,,,,,,,,100.0,
plot_curve,18.91638795986622,0.3336203641132879,0.16574801684239518,0.19352132794631816,,,,,,,,,,,,,100.0,
plot_curve,18.976588628762542,0.33577829712809143,0.16674668645362098,0.19442062424325046,,,,,,,,,,,,,100.0,
plot_curve,19.036789297658864,0.33795692861833027,0.16775463949352012,0.19532838370525601,,,,,,,,,,,,,100.0,
plot_curve,19.096989966555185,0.34015637314532393,0.1687719240357574,0.19624465167513372,,,,,,,,,,,,,100.0,
plot_curve,19.157190635451506,0.34237674527039186,0.16979858815399748,0.1971694734956825,,,,,,,,,,,,,100.0,
plot_curve,19.217391304347828,0.3446181595548537,0.17083467992190518,0.19810289450970123,,,,,,,,,,,,,100.0,
plot_curve,19.277591973244146,0.34688073056002877,0.17188024741314523,0.19904496005998873,,,,,,,,,,,,,100.0,
plot_curve,19.337792642140467,0.3491645728472367,0.17293533870138242,0.19999571548934403,,,,,,,,,,,,,100.0,
plot_curve,19.39799331103679,0.351469800977797,0.17400000186028153,0.20095520614056592,,,,,,,,,,,,,100.0,
plot_curve,19.45819397993311,0.35379652951302915,0.17507428496350727,0.20192347735645333,,,,,,,,,,,,,100.0,
plot_curve,19.51839464882943,0.35614487301425257,0.17615823608472442,0.20290057447980514,,,,,,,,,,,,,100.0,
plot_curve,19.578595317725753,0.35851494604278683,0.1772519032975977,0.20388654285342023,,,,,,,,,,,,,100.0,
plot_curve,19.638795986622075,0.3609068631599514,0.17835533467579193,0.20488142782009752,,,,,,,,,,,,,100.0,
plot_curve,19.698996655518396,0.3633207389270657,0.1794685782929719,0.20588527472263585,,,,,,,,,,,,,100.0,
plot_curve,19.759197324414718,0.36575668790544935,0.1805916822228022,0.2068981289038342,,,,,,,,,,,,,100.0,
plot_curve,19.819397993311036,0.3682148246564217,0.18172469453894768,0.20792003570649126,,,,,,,,,,,,,100.0,
plot_curve,19.879598662207357,0.3706952637413023,0.18286766331507318,0.20895104047340615,,,,,,,,,,,,,100.0,
plot_curve,19.93979933110368,0.3731981197214108,0.1840206366248434,0.2099911885473777,,,,,,,,,,,,,100.0,
plot_curve,20.0,0.37572350715806657,0.18518366254192303,0.21104052527120476,,,,,,,,,,,,,100.0,
plot_curve,2.0,0.10103432645065512,0.076059596497044,0.08756057914796535,,,,,,,,,,,,,40.0,
plot_curve,2.060200668896321,0.10118413832138198,0.07605335358907207,0.08761652168726654,,,,,,,,,,,,,40.0,
plot_curve,2.120401337792642,0.10133648341795305,0.07604987071000452,0.08767219369914579,,,,,,,,,,,,,40.0,
plot_curve,2.180602006688963,0.10149135925018316,0.07604913977187172,0.08772759554449008,,,,,,,,,,,,,40.0,
plot_curve,2.240802675585284,0.10164876332788708,0.076051152686704,0.08778272758418638,,,,,,,,,,,,,40.0,
plot_curve,2.3010033444816056,0.10180869316087963,0.0760559013665317,0.0878375901791217,,,,,,,,,,,,,40.0,
plot_curve,2.361204013377926,0.1019711462589756,0.07606337772338519,0.08789218369018299,,,,,,,,,,,,,40.0,
plot_curve,2.4214046822742477,0.10213612013198979,0.0760735736692948,0.08794650847825726,,,,,,,,,,,,,40.0,
plot_curve,2.4816053511705687,0.10230361228973699,0.0760864811162909,0.08800056490423148,,,,,,,,,,,,,40.0,
plot_curve,2.5418060200668897,0.10247362024203202,0.07610209197640382,0.08805435332899264,,,,,,,,,,,,,40.0,
plot_curve,2.6020066889632107,0.10264614149868966,0.07612039816166391,0.08810787411342771,,,,,,,,,,,,,40.0,
plot_curve,2.6622073578595318,0.10282117356952471,0.07614139158410152,0.08816112761842369,,,,,,,,,,,,,40.0,
plot_curve,2.722408026755853,0.10299871396435198,0.07616506415574699,0.08821411420486756,,,,,,,,,,,,,40.0,
plot_curve,2.782608695652174,0.10317876019298626,0.07619140778863069,0.0882668342336463,,,,,,,,,,,,,40.0,
plot_curve,2.842809364548495,0.10336130976524237,0.07622041439478294,0.0883192880656469,,,,,,,,,,,,,40.0,
plot_curve,2.903010033444816,0.10354636019093508,0.0762520758862341,0.08837147606175633,,,,,,,,,,,,,40.0,
plot_curve,2.9632107023411374,0.10373390897987919,0.07628638417501453,0.08842339858286158,,,,,,,,,,,,,40.0,
plot_curve,3.023411371237458,0.10392395364188951,0.07632333117315457,0.08847505598984964,,,,,,,,,,,,,40.0,
plot_curve,3.0836120401337794,0.10411649168678086,0.07636290879268455,0.0885264486436075,,,,,,,,,,,,,40.0,
plot_curve,3.1438127090301005,0.104311520624368,0.07640510894563485,0.08857757690502213,,,,,,,,,,,,,40.0,
plot_curve,3.2040133779264215,0.10450903796446576,0.07644992354403579,0.0886284411349805,,,,,,,,,,,,,40.0,
plot_curve,3.2642140468227425,0.10470904121688891,0.07649734449991773,0.08867904169436963,,,,,,,,,,,,,40.0,
plot_curve,3.3244147157190636,0.10491152789145228,0.07654736372531101,0.08872937894407648,,,,,,,,,,,,,40.0,
plot_curve,3.3846153846153846,0.10511649549797064,0.076599973132246,0.08877945324498804,,,,,,,,,,,,,40.0,
plot_curve,3.4448160535117056,0.1053239415462588,0.07665516463275303,0.08882926495799127,,,,,,,,,,,,,40.0,
plot_curve,3.505016722408027,0.10553386354613158,0.07671293013886245,0.0888788144439732,,,,,,,,,,,,,40.0,
plot_curve,3.5652173913043477,0.10574625900740375,0.0767732615626046,0.08892810206382079,,,,,,,,,,,,,40.0,
plot_curve,3.625418060200669,0.10596112543989013,0.07683615081600983,0.088977128178421,,,,,,,,,,,,,40.0,
plot_curve,3.6856187290969897,0.10617846035340549,0.0769015898111085,0.08902589314866086,,,,,,,,,,,,,40.0,
plot_curve,3.745819397993311,0.10639826125776466,0.07696957045993097,0.08907439733542731,,,,,,,,,,,,,40.0,
plot_curve,3.8060200668896322,0.10662052566278242,0.07704008467450756,0.08912264109960737,,,,,,,,,,,,,40.0,
plot_curve,3.8662207357859533,0.10684525107827358,0.07711312436686862,0.089170624802088,,,,,,,,,,,,,40.0,
plot_curve,3.9264214046822743,0.10707243501405293,0.07718868144904452,0.08921834880375619,,,,,,,,,,,,,40.0,
plot_curve,3.9866220735785953,0.10730207497993528,0.07726674783306559,0.08926581346549893,,,,,,,,,,,,,40.0,
plot_curve,4.046822742474916,0.10753416848573542,0.07734731543096217,0.08931301914820318,,,,,,,,,,,,,40.0,
plot_curve,4.107023411371237,0.10776871304126816,0.07743037615476463,0.08935996621275596,,,,,,,,,,,,,40.0,
plot_curve,4.167224080267559,0.10800570615634827,0.0775159219165033,0.08940665502004423,,,,,,,,,,,,,40.0,
plot_curve,4.2274247491638794,0.10824514534079059,0.07760394462820855,0.08945308593095498,,,,,,,,,,,,,40.0,
plot_curve,4.287625418060201,0.1084870281044099,0.0776944362019107,0.08949925930637519,,,,,,,,,,,,,40.0,
plot_curve,4.3478260869565215,0.10873135195702098,0.07778738854964011,0.08954517550719185,,,,,,,,,,,,,40.0,
plot_curve,4.408026755852843,0.10897811440843866,0.07788279358342715,0.08959083489429193,,,,,,,,,,,,,40.0,
plot_curve,4.4682274247491645,0.10922731296847772,0.07798064321530213,0.08963623782856243,,,,,,,,,,,,,40.0,
plot_curve,4.528428093645485,0.10947894514695296,0.07808092935729541,0.08968138467089033,,,,,,,,,,,,,40.0,
plot_curve,4.588628762541806,0.1097330084536792,0.07818364392143735,0.0897262757821626,,,,,,,,,,,,,40.0,
plot_curve,4.648829431438127,0.1099895003984712,0.07828877881975829,0.08977091152326624,,,,,,,,,,,,,40.0,
plot_curve,4.709030100334449,0.11024841849114381,0.07839632596428858,0.08981529225508823,,,,,,,,,,,,,40.0,
plot_curve,4.769230769230769,0.11050976024151177,0.07850627726705858,0.08985941833851556,,,,,,,,,,,,,40.0,
plot_curve,4.82943143812709,0.11077352315938993,0.07861862464009861,0.0899032901344352,,,,,,,,,,,,,40.0,
plot_curve,4.889632107023411,0.11103970475459306,0.07873335999543904,0.08994690800373413,,,,,,,,,,,,,40.0,
plot_curve,4.949832775919733,0.11130830253693597,0.0788504752451102,0.08999027230729935,,,,,,,,,,,,,40.0,
plot_curve,5.010033444816054,0.11157931401623346,0.07896996230114246,0.09003338340601783,,,,,,,,,,,,,40.0,
plot_curve,5.070234113712375,0.11185273670230032,0.07909181307556615,0.09007624166077656,,,,,,,,,,,,,40.0,
plot_curve,5.130434782608695,0.11212856810495135,0.07921601948041163,0.09011884743246253,,,,,,,,,,,,,40.0,
plot_curve,5.190635451505017,0.11240680573400137,0.07934257342770924,0.09016120108196271,,,,,,,,,,,,,40.0,
plot_curve,5.250836120401338,0.11268744709926515,0.07947146682948933,0.09020330297016409,,,,,,,,,,,,,40.0,
plot_curve,5.311036789297659,0.11297048971055751,0.07960269159778224,0.09024515345795366,,,,,,,,,,,,,40.0,
plot_curve,5.3712374581939795,0.11325593107769323,0.07973623964461835,0.09028675290621839,,,,,,,,,,,,,40.0,
plot_curve,5.431438127090301,0.11354376871048713,0.07987210288202796,0.09032810167584528,,,,,,,,,,,,,40.0,
plot_curve,5.491638795986622,0.113834000118754,0.08001027322204145,0.0903692001277213,,,,,,,,,,,,,40.0,
plot_curve,5.551839464882944,0.11412662281230862,0.08015074257668917,0.09041004862273344,,,,,,,,,,,,,40.0,
plot_curve,5.6120401337792645,0.11442163430096582,0.08029350285800144,0.09045064752176869,,,,,,,,,,,,,40.0,
plot_curve,5.672240802675585,0.11471903209454037,0.08043854597800863,0.09049099718571402,,,,,,,,,,,,,40.0,
plot_curve,5.7324414715719065,0.11501881370284711,0.08058586384874108,0.09053109797545641,,,,,,,,,,,,,40.0,
plot_curve,5.792642140468228,0.1153209766357008,0.08073544838222917,0.09057095025188287,,,,,,,,,,,,,40.0,
plot_curve,5.852842809364549,0.11562551840291627,0.0808872914905032,0.09061055437588036,,,,,,,,,,,,,40.0,
plot_curve,5.913043478260869,0.11593243651430828,0.08104138508559353,0.09064991070833588,,,,,,,,,,,,,40.0,
plot_curve,5.973244147157191,0.11624172847969165,0.08119772107953052,0.09068901961013638,,,,,,,,,,,,,40.0,
plot_curve,6.033444816053512,0.11655339180888119,0.08135629138434451,0.0907278814421689,,,,,,,,,,,,,40.0,
plot_curve,6.093645484949833,0.11686742401169169,0.08151708791206586,0.09076649656532036,,,,,,,,,,,,,40.0,
plot_curve,6.153846153846154,0.11718382259793794,0.08168010257472491,0.0908048653404778,,,,,,,,,,,,,40.0,
plot_curve,6.214046822742475,0.11750258507743475,0.081845327284352,0.09084298812852816,,,,,,,,,,,,,40.0,
plot_curve,6.274247491638796,0.11782370895999691,0.08201275395297748,0.09088086529035845,,,,,,,,,,,,,40.0,
plot_curve,6.334448160535117,0.11814719175543922,0.08218237449263172,0.09091849718685564,,,,,,,,,,,,,40.0,
plot_curve,6.394648829431438,0.1184730309735765,0.08235418081534504,0.09095588417890674,,,,,,,,,,,,,40.0,
plot_curve,6.454849498327759,0.11880122412422353,0.0825281648331478,0.0909930266273987,,,,,,,,,,,,,40.0,
plot_curve,6.51505016722408,0.11913176871719511,0.08270431845807034,0.09102992489321851,,,,,,,,,,,,,40.0,
plot_curve,6.575250836120402,0.11946466226230604,0.08288263360214303,0.09106657933725316,,,,,,,,,,,,,40.0,
plot_curve,6.635451505016722,0.11979990226937112,0.0830631021773962,0.09110299032038964,,,,,,,,,,,,,40.0,
plot_curve,6.695652173913044,0.12013748624820514,0.08324571609586019,0.09113915820351493,,,,,,,,,,,,,40.0,
plot_curve,6.7558528428093645,0.12047741170862292,0.08343046726956536,0.091175083347516,,,,,,,,,,,,,40.0,
plot_curve,6.816053511705686,0.12081967616043923,0.08361734761054207,0.09121076611327987,,,,,,,,,,,,,40.0,
plot_curve,6.8762541806020065,0.1211642771134689,0.08380634903082064,0.09124620686169348,,,,,,,,,,,,,40.0,
plot_curve,6.936454849498328,0.12151121207752671,0.08399746344243143,0.09128140595364384,,,,,,,,,,,,,40.0,
plot_curve,6.996655518394649,0.12186047856242746,0.0841906827574048,0.09131636375001792,,,,,,,,,,,,,40.0,
plot_curve,7.05685618729097,0.12221207407798597,0.08438599888777108,0.09135108061170272,,,,,,,,,,,,,40.0,
plot_curve,7.117056856187291,0.122565996134017,0.08458340374556063,0.09138555689958519,,,,,,,,,,,,,40.0,
plot_curve,7.177257525083612,0.12292224224033538,0.08478288924280379,0.09141979297455236,,,,,,,,,,,,,40.0,
plot_curve,7.237458193979934,0.1232808099067559,0.08498444729153093,0.09145378919749118,,,,,,,,,,,,,40.0,
plot_curve,7.297658862876254,0.12364169664309335,0.08518806980377236,0.09148754592928865,,,,,,,,,,,,,40.0,
plot_curve,7.357859531772576,0.12400489995916256,0.08539374869155845,0.09152106353083174,,,,,,,,,,,,,40.0,
plot_curve,7.418060200668896,0.12437041736477829,0.08560147586691956,0.09155434236300745,,,,,,,,,,,,,40.0,
plot_curve,7.478260869565218,0.12473824636975535,0.085811243241886,0.09158738278670275,,,,,,,,,,,,,40.0,
plot_curve,7.538461538461538,0.12510838448390854,0.08602304272848817,0.09162018516280462,,,,,,,,,,,,,40.0,
plot_curve,7.59866220735786,0.1254808292170527,0.08623686623875637,0.09165274985220007,,,,,,,,,,,,,40.0,
plot_curve,7.65886287625418,0.12585557807900255,0.08645270568472097,0.09168507721577605,,,,,,,,,,,,,40.0,
plot_curve,7.719063545150502,0.12623262857957296,0.08667055297841231,0.09171716761441957,,,,,,,,,,,,,40.0,
plot_curve,7.7792642140468224,0.12661197822857867,0.08689040003186074,0.09174902140901761,,,,,,,,,,,,,40.0,
plot_curve,7.839464882943144,0.12699362453583454,0.08711223875709663,0.09178063896045713,,,,,,,,,,,,,40.0,
plot_curve,7.899665551839465,0.12737756501115532,0.0873360610661503,0.09181202062962515,,,,,,,,,,,,,40.0,
plot_curve,7.959866220735786,0.12776379716435585,0.08756185887105211,0.09184316677740861,,,,,,,,,,,,,40.0,
plot_curve,8.020066889632108,0.12815231850525088,0.0877896240838324,0.09187407776469454,,,,,,,,,,,,,40.0,
plot_curve,8.080267558528428,0.12854312654365527,0.08801934861652151,0.09190475395236988,,,,,,,,,,,,,40.0,
plot_curve,8.14046822742475,0.12893621878938374,0.08825102438114983,0.09193519570132165,,,,,,,,,,,,,40.0,
plot_curve,8.20066889632107,0.12933159275225115,0.08848464328974764,0.09196540337243682,,,,,,,,,,,,,40.0,
plot_curve,8.26086956521739,0.1297292459420723,0.08872019725434536,0.09199537732660237,,,,,,,,,,,,,40.0,
plot_curve,8.321070234113712,0.13012917586866196,0.0889576781869733,0.09202511792470529,,,,,,,,,,,,,40.0,
plot_curve,8.381270903010034,0.13053138004183495,0.0891970779996618,0.09205462552763255,,,,,,,,,,,,,40.0,
plot_curve,8.441471571906355,0.13093585597140606,0.08943838860444123,0.09208390049627115,,,,,,,,,,,,,40.0,
plot_curve,8.501672240802677,0.13134260116719007,0.08968160191334193,0.09211294319150806,,,,,,,,,,,,,40.0,
plot_curve,8.561872909698998,0.1317516131390018,0.08992670983839424,0.09214175397423027,,,,,,,,,,,,,40.0,
plot_curve,8.622073578595318,0.13216288939665605,0.0901737042916285,0.09217033320532476,,,,,,,,,,,,,40.0,
plot_curve,8.68227424749164,0.13257642744996762,0.0904225771850751,0.09219868124567854,,,,,,,,,,,,,40.0,
plot_curve,8.742474916387959,0.1329922248087513,0.09067332043076434,0.09222679845617855,,,,,,,,,,,,,40.0,
plot_curve,8.80267558528428,0.1334102789828219,0.0909259259407266,0.09225468519771181,,,,,,,,,,,,,40.0,
plot_curve,8.862876254180602,0.13383058748199422,0.09118038562699221,0.09228234183116528,,,,,,,,,,,,,40.0,
plot_curve,8.923076923076923,0.13425314781608305,0.09143669140159152,0.09230976871742595,,,,,,,,,,,,,40.0,
plot_curve,8.983277591973245,0.1346779574949032,0.09169483517655488,0.09233696621738081,,,,,,,,,,,,,40.0,
plot_curve,9.043478260869566,0.1351050140282694,0.09195480886391265,0.09236393469191684,,,,,,,,,,,,,40.0,
plot_curve,9.103678929765888,0.13553431492599657,0.09221660437569516,0.09239067450192102,,,,,,,,,,,,,40.0,
plot_curve,9.163879598662207,0.13596585769789943,0.09248021362393277,0.09241718600828035,,,,,,,,,,,,,40.0,
plot_curve,9.224080267558529,0.13639963985379278,0.09274562852065582,0.09244346957188178,,,,,,,,,,,,,40.0,
plot_curve,9.284280936454849,0.13683565890349145,0.09301284097789465,0.09246952555361232,,,,,,,,,,,,,40.0,
plot_curve,9.34448160535117,0.13727391235681022,0.09328184290767964,0.09249535431435896,,,,,,,,,,,,,40.0,
plot_curve,9.404682274247492,0.13771439772356392,0.09355262622204111,0.09252095621500867,,,,,,,,,,,,,40.0,
plot_curve,9.464882943143813,0.13815711251356727,0.09382518283300942,0.09254633161644842,,,,,,,,,,,,,40.0,
plot_curve,9.525083612040135,0.13860205423663519,0.09409950465261491,0.09257148087956521,,,,,,,,,,,,,40.0,
plot_curve,9.585284280936456,0.13904922040258236,0.09437558359288792,0.09259640436524604,,,,,,,,,,,,,40.0,
plot_curve,9.645484949832776,0.13949860852122362,0.0946534115658588,0.09262110243437786,,,,,,,,,,,,,40.0,
plot_curve,9.705685618729097,0.1399502161023738,0.09493298048355793,0.09264557544784767,,,,,,,,,,,,,40.0,
plot_curve,9.765886287625419,0.1404040406558477,0.09521428225801562,0.09266982376654247,,,,,,,,,,,,,40.0,
plot_curve,9.826086956521738,0.14086007969146006,0.09549730880126224,0.0926938477513492,,,,,,,,,,,,,40.0,
plot_curve,9.88628762541806,0.14131833071902572,0.09578205202532813,0.09271764776315489,,,,,,,,,,,,,40.0,
plot_curve,9.946488294314381,0.1417787912483595,0.09606850384224364,0.0927412241628465,,,,,,,,,,,,,40.0,
plot_curve,10.006688963210703,0.14224145878927616,0.09635665616403913,0.09276457731131102,,,,,,,,,,,,,40.0,
plot_curve,10.066889632107024,0.1427063308515905,0.0966465009027449,0.09278770756943543,,,,,,,,,,,,,40.0,
plot_curve,10.127090301003344,0.14317340494511732,0.09693802997039135,0.0928106152981067,,,,,,,,,,,,,40.0,
plot_curve,10.187290969899665,0.14364267857967147,0.09723123527900882,0.09283330085821186,,,,,,,,,,,,,40.0,
plot_curve,10.247491638795987,0.14411414926506771,0.09752610874062764,0.09285576461063784,,,,,,,,,,,,,40.0,
plot_curve,10.307692307692308,0.14458781451112082,0.09782264226727816,0.09287800691627164,,,,,,,,,,,,,40.0,
plot_curve,10.36789297658863,0.14506367182764562,0.09812082777099074,0.09290002813600026,,,,,,,,,,,,,40.0,
plot_curve,10.42809364548495,0.14554171872445687,0.09842065716379571,0.09292182863071068,,,,,,,,,,,,,40.0,
plot_curve,10.488294314381271,0.14602195271136947,0.09872212235772344,0.09294340876128987,,,,,,,,,,,,,40.0,
plot_curve,10.548494983277592,0.14650437129819813,0.09902521526480428,0.09296476888862482,,,,,,,,,,,,,40.0,
plot_curve,10.608695652173914,0.14698897199475766,0.09932992779706855,0.09298590937360252,,,,,,,,,,,,,40.0,
plot_curve,10.668896321070234,0.14747575231086288,0.09963625186654661,0.09300683057710994,,,,,,,,,,,,,40.0,
plot_curve,10.729096989966555,0.14796470975632858,0.09994417938526881,0.09302753286003407,,,,,,,,,,,,,40.0,
plot_curve,10.789297658862877,0.14845584184096958,0.1002537022652655,0.0930480165832619,,,,,,,,,,,,,40.0,
plot_curve,10.849498327759198,0.14894914607460064,0.10056481241856705,0.09306828210768041,,,,,,,,,,,,,40.0,
plot_curve,10.909698996655518,0.14944461996703656,0.10087750175720375,0.09308832979417658,,,,,,,,,,,,,40.0,
plot_curve,10.96989966555184,0.14994226102809216,0.10119176219320601,0.09310816000363739,,,,,,,,,,,,,40.0,
plot_curve,11.03010033444816,0.1504420667675823,0.10150758563860415,0.09312777309694983,,,,,,,,,,,,,40.0,
plot_curve,11.090301003344482,0.15094403469532167,0.10182496400542851,0.0931471694350009,,,,,,,,,,,,,40.0,
plot_curve,11.150501672240804,0.1514481623211251,0.10214388920570945,0.09316634937867754,,,,,,,,,,,,,40.0,
plot_curve,11.210702341137123,0.1519544471548074,0.10246435315147731,0.09318531328886678,,,,,,,,,,,,,40.0,
plot_curve,11.270903010033445,0.1524628867061834,0.10278634775476245,0.09320406152645558,,,,,,,,,,,,,40.0,
plot_curve,11.331103678929766,0.15297347848506787,0.1031098649275952,0.09322259445233093,,,,,,,,,,,,,40.0,
plot_curve,11.391304347826088,0.1534862200012756,0.10343489658200593,0.09324091242737981,,,,,,,,,,,,,40.0,
plot_curve,11.451505016722408,0.15400110876462142,0.10376143463002496,0.0932590158124892,,,,,,,,,,,,,40.0,
plot_curve,11.511705685618729,0.15451814228492006,0.10408947098368267,0.0932769049685461,,,,,,,,,,,,,40.0,
plot_curve,11.57190635451505,0.1550373180719864,0.10441899755500939,0.09329458025643747,,,,,,,,,,,,,40.0,
plot_curve,11.632107023411372,0.1555586336356352,0.10475000625603548,0.0933120420370503,,,,,,,,,,,,,40.0,
plot_curve,11.692307692307693,0.15608208648568128,0.10508248899879126,0.0933292906712716,,,,,,,,,,,,,40.0,
plot_curve,11.752508361204013,0.1566076741319394,0.10541643769530709,0.09334632651998832,,,,,,,,,,,,,40.0,
plot_curve,11.812709030100335,0.15713539408422442,0.10575184425761333,0.09336314994408747,,,,,,,,,,,,,40.0,
plot_curve,11.872909698996656,0.1576652438523511,0.10608870059774034,0.09337976130445601,,,,,,,,,,,,,40.0,
plot_curve,11.933110367892978,0.1581972209461342,0.10642699862771844,0.09339616096198093,,,,,,,,,,,,,40.0,
plot_curve,11.993311036789297,0.1587313228753886,0.10676673025957797,0.09341234927754921,,,,,,,,,,,,,40.0,
plot_curve,12.053511705685619,0.15926754714992902,0.10710788740534932,0.09342832661204786,,,,,,,,,,,,,40.0,
plot_curve,12.11371237458194,0.15980589127957034,0.1074504619770628,0.09344409332636384,,,,,,,,,,,,,40.0,
plot_curve,12.173913043478262,0.1603463527741273,0.10779444588674877,0.09345964978138413,,,,,,,,,,,,,40.0,
plot_curve,12.234113712374581,0.16088892914341468,0.1081398310464376,0.09347499633799573,,,,,,,,,,,,,40.0,
plot_curve,12.294314381270903,0.16143361789724736,0.1084866093681596,0.09349013335708561,,,,,,,,,,,,,40.0,
plot_curve,12.354515050167224,0.1619804165454401,0.10883477276394513,0.09350506119954077,,,,,,,,,,,,,40.0,
plot_curve,12.414715719063546,0.16252932259780767,0.10918431314582455,0.09351978022624818,,,,,,,,,,,,,40.0,
plot_curve,12.474916387959867,0.1630803335641649,0.10953522242582822,0.09353429079809483,,,,,,,,,,,,,40.0,
plot_curve,12.535117056856187,0.16363344695432658,0.10988749251598642,0.09354859327596769,,,,,,,,,,,,,40.0,
plot_curve,12.595317725752508,0.16418866027810752,0.11024111532832959,0.09356268802075376,,,,,,,,,,,,,40.0,
plot_curve,12.65551839464883,0.16474597104532251,0.11059608277488803,0.09357657539334002,,,,,,,,,,,,,40.0,
plot_curve,12.715719063545151,0.16530537676578635,0.11095238676769208,0.09359025575461344,,,,,,,,,,,,,40.0,
plot_curve,12.775919732441471,0.1658668749493138,0.1113100192187721,0.09360372946546103,,,,,,,,,,,,,40.0,
plot_curve,12.836120401337793,0.16643046310571974,0.11166897204015845,0.09361699688676975,,,,,,,,,,,,,40.0,
plot_curve,12.896321070234114,0.1669961387448189,0.11202923714388147,0.09363005837942659,,,,,,,,,,,,,40.0,
plot_curve,12.956521739130435,0.16756389937642613,0.1123908064419715,0.09364291430431854,,,,,,,,,,,,,40.0,
plot_curve,13.016722408026757,0.16813374251035618,0.11275367184645887,0.09365556502233258,,,,,,,,,,,,,40.0,
plot_curve,13.076923076923077,0.16870566565642386,0.11311782526937397,0.0936680108943557,,,,,,,,,,,,,40.0,
plot_curve,13.137123745819398,0.16927966632444402,0.11348325862274714,0.09368025228127486,,,,,,,,,,,,,40.0,
plot_curve,13.19732441471572,0.16985574202423143,0.11384996381860871,0.09369228954397707,,,,,,,,,,,,,40.0,
plot_curve,13.257525083612041,0.17043389026560085,0.114217932768989,0.09370412304334931,,,,,,,,,,,,,40.0,
plot_curve,13.31772575250836,0.17101410855836707,0.11458715738591843,0.09371575314027855,,,,,,,,,,,,,40.0,
plot_curve,13.377926421404682,0.17159639441234498,0.1149576295814273,0.09372718019565178,,,,,,,,,,,,,40.0,
plot_curve,13.438127090301004,0.17218074533734934,0.11532934126754596,0.09373840457035598,,,,,,,,,,,,,40.0,
plot_curve,13.498327759197325,0.17276715884319488,0.11570228435630478,0.09374942662527815,,,,,,,,,,,,,40.0,
plot_curve,13.558528428093645,0.17335563243969648,0.11607645075973408,0.09376024672130526,,,,,,,,,,,,,40.0,
plot_curve,13.618729096989966,0.17394616363666893,0.11645183238986423,0.09377086521932429,,,,,,,,,,,,,40.0,
plot_curve,13.678929765886288,0.174538749943927,0.11682842115872558,0.09378128248022223,,,,,,,,,,,,,40.0,
plot_curve,13.73913043478261,0.17513338887128552,0.11720620897834844,0.09379149886488607,,,,,,,,,,,,,40.0,
plot_curve,13.79933110367893,0.17573007792855924,0.11758518776076321,0.09380151473420278,,,,,,,,,,,,,40.0,
plot_curve,13.85953177257525,0.176328814625563,0.11796534941800019,0.09381133044905936,,,,,,,,,,,,,40.0,
plot_curve,13.919732441471572,0.1769295964721116,0.11834668586208977,0.09382094637034277,,,,,,,,,,,,,40.0,
plot_curve,13.979933110367893,0.1775324209780198,0.11872918900506227,0.09383036285894002,,,,,,,,,,,,,40.0,
plot_curve,14.040133779264215,0.17813728565310244,0.11911285075894806,0.09383958027573808,,,,,,,,,,,,,40.0,
plot_curve,14.100334448160535,0.17874418800717431,0.11949766303577745,0.09384859898162393,,,,,,,,,,,,,40.0,
plot_curve,14.160535117056856,0.17935312555005023,0.11988361774758084,0.09385741933748457,,,,,,,,,,,,,40.0,
plot_curve,14.220735785953178,0.17996409579154493,0.12027070680638854,0.09386604170420695,,,,,,,,,,,,,40.0,
plot_curve,14.280936454849499,0.18057709624147328,0.12065892212423092,0.09387446644267809,,,,,,,,,,,,,40.0,
plot_curve,14.34113712374582,0.18119212440965005,0.1210482556131383,0.09388269391378495,,,,,,,,,,,,,40.0,
plot_curve,14.40133779264214,0.18180917780589,0.12143869918514104,0.09389072447841454,,,,,,,,,,,,,40.0,
plot_curve,14.461538461538462,0.18242825394000803,0.1218302447522695,0.09389855849745382,,,,,,,,,,,,,40.0,
plot_curve,14.521739130434783,0.18304935032181885,0.12222288422655403,0.09390619633178977,,,,,,,,,,,,,40.0,
plot_curve,14.581939799331105,0.18367246446113727,0.12261660952002496,0.0939136383423094,,,,,,,,,,,,,40.0,
plot_curve,14.642140468227424,0.1842975938677781,0.12301141254471264,0.09392088488989966,,,,,,,,,,,,,40.0,
plot_curve,14.702341137123746,0.18492473605155618,0.12340728521264745,0.09392793633544756,,,,,,,,,,,,,40.0,
plot_curve,14.762541806020067,0.18555388852228627,0.12380421943585969,0.09393479303984008,,,,,,,,,,,,,40.0,
plot_curve,14.822742474916389,0.18618504878978318,0.12420220712637972,0.0939414553639642,,,,,,,,,,,,,40.0,
plot_curve,14.88294314381271,0.1868182143638617,0.12460124019623792,0.09394792366870688,,,,,,,,,,,,,40.0,
plot_curve,14.94314381270903,0.1874533827543366,0.1250013105574646,0.09395419831495515,,,,,,,,,,,,,40.0,
plot_curve,15.003344481605351,0.18809055147102274,0.12540241012209014,0.09396027966359596,,,,,,,,,,,,,40.0,
plot_curve,15.063545150501673,0.1887297180237349,0.12580453080214485,0.0939661680755163,,,,,,,,,,,,,40.0,
plot_curve,15.123745819397994,0.18937087992228785,0.12620766450965915,0.09397186391160317,,,,,,,,,,,,,40.0,
plot_curve,15.183946488294314,0.19001403467649639,0.12661180315666326,0.09397736753274354,,,,,,,,,,,,,40.0,
plot_curve,15.244147157190636,0.19065917979617536,0.12701693865518765,0.09398267929982437,,,,,,,,,,,,,40.0,
plot_curve,15.304347826086957,0.19130631279113952,0.12742306291726263,0.09398779957373268,,,,,,,,,,,,,40.0,
plot_curve,15.364548494983278,0.1919554311712037,0.12783016785491852,0.09399272871535545,,,,,,,,,,,,,40.0,
plot_curve,15.424749163879598,0.19260653244618267,0.12823824538018572,0.09399746708557966,,,,,,,,,,,,,40.0,
plot_curve,15.48494983277592,0.19325961412589124,0.1286472874050945,0.09400201504529226,,,,,,,,,,,,,40.0,
plot_curve,15.545150501672241,0.19391467372014423,0.1290572858416753,0.0940063729553803,,,,,,,,,,,,,40.0,
plot_curve,15.605351170568563,0.1945717087387564,0.12946823260195842,0.09401054117673069,,,,,,,,,,,,,40.0,
plot_curve,15.665551839464884,0.1952307166915426,0.1298801195979742,0.09401452007023046,,,,,,,,,,,,,40.0,
plot_curve,15.725752508361204,0.19589169508831755,0.130292938741753,0.0940183099967666,,,,,,,,,,,,,40.0,
plot_curve,15.785953177257525,0.19655464143889614,0.13070668194532514,0.09402191131722606,,,,,,,,,,,,,40.0,
plot_curve,15.846153846153847,0.19721955325309312,0.13112134112072102,0.09402532439249585,,,,,,,,,,,,,40.0,
plot_curve,15.906354515050168,0.1978864280407233,0.13153690817997096,0.09402854958346293,,,,,,,,,,,,,40.0,
plot_curve,15.966555183946488,0.19855526331160145,0.13195337503510532,0.09403158725101432,,,,,,,,,,,,,40.0,
plot_curve,16.02675585284281,0.19922605657554243,0.13237073359815443,0.09403443775603697,,,,,,,,,,,,,40.0,
plot_curve,16.086956521739133,0.19989880534236099,0.13278897578114865,0.09403710145941786,,,,,,,,,,,,,40.0,
plot_curve,16.147157190635454,0.20057350712187189,0.13320809349611834,0.094039578722044,,,,,,,,,,,,,40.0,
plot_curve,16.207357859531776,0.20125015942389007,0.1336280786550938,0.09404186990480237,,,,,,,,,,,,,40.0,
plot_curve,16.267558528428093,0.20192875975823016,0.13404892317010542,0.09404397536857995,,,,,,,,,,,,,40.0,
plot_curve,16.327759197324415,0.20260930563470705,0.13447061895318352,0.0940458954742637,,,,,,,,,,,,,40.0,
plot_curve,16.387959866220736,0.20329179456313556,0.13489315791635847,0.09404763058274063,,,,,,,,,,,,,40.0,
plot_curve,16.448160535117058,0.20397622405333043,0.13531653197166066,0.09404918105489772,,,,,,,,,,,,,40.0,
plot_curve,16.508361204013376,0.20466259161510647,0.13574073303112033,0.09405054725162194,,,,,,,,,,,,,40.0,
plot_curve,16.568561872909697,0.20535089475827853,0.13616575300676792,0.0940517295338003,,,,,,,,,,,,,40.0,
plot_curve,16.62876254180602,0.20604113099266136,0.13659158381063374,0.09405272826231977,,,,,,,,,,,,,40.0,
plot_curve,16.68896321070234,0.2067332978280698,0.13701821735474817,0.09405354379806731,,,,,,,,,,,,,40.0,
plot_curve,16.74916387959866,0.20742739277431857,0.13744564555114153,0.09405417650192995,,,,,,,,,,,,,40.0,
plot_curve,16.809364548494983,0.20812341334122259,0.13787386031184418,0.09405462673479463,,,,,,,,,,,,,40.0,
plot_curve,16.869565217391305,0.20882135703859653,0.13830285354888644,0.09405489485754835,,,,,,,,,,,,,40.0,
plot_curve,16.929765886287626,0.20952122137625528,0.1387326171742987,0.09405498123107811,,,,,,,,,,,,,40.0,
plot_curve,16.989966555183948,0.2102230038640136,0.13916314310011124,0.09405488621627087,,,,,,,,,,,,,40.0,
plot_curve,17.05016722408027,0.21092670201168626,0.13959442323835447,0.09405461017401362,,,,,,,,,,,,,40.0,
plot_curve,17.11036789297659,0.21163231332908816,0.14002644950105875,0.09405415346519336,,,,,,,,,,,,,40.0,
plot_curve,17.170568561872912,0.212339835326034,0.1404592138002544,0.09405351645069704,,,,,,,,,,,,,40.0,
plot_curve,17.230769230769234,0.2130492655123386,0.14089270804797172,0.09405269949141168,,,,,,,,,,,,,40.0,
plot_curve,17.29096989966555,0.21376060139781675,0.1413269241562411,0.09405170294822425,,,,,,,,,,,,,40.0,
plot_curve,17.351170568561873,0.21447384049228332,0.1417618540370929,0.09405052718202173,,,,,,,,,,,,,40.0,
plot_curve,17.411371237458194,0.21518898030555306,0.14219748960255751,0.0940491725536911,,,,,,,,,,,,,40.0,
plot_curve,17.471571906354516,0.21590601834744078,0.1426338227646652,0.09404763942411934,,,,,,,,,,,,,40.0,
plot_curve,17.531772575250837,0.21662495212776123,0.14307084543544635,0.09404592815419345,,,,,,,,,,,,,40.0,
plot_curve,17.591973244147155,0.21734577915632924,0.1435085495269313,0.0940440391048004,,,,,,,,,,,,,40.0,
plot_curve,17.652173913043477,0.21806849694295963,0.14394692695115038,0.09404197263682719,,,,,,,,,,,,,40.0,
plot_curve,17.712374581939798,0.21879310299746718,0.144385969620134,0.09403972911116079,,,,,,,,,,,,,40.0,
plot_curve,17.77257525083612,0.21951959482966676,0.14482566944591246,0.09403730888868819,,,,,,,,,,,,,40.0,
plot_curve,17.83277591973244,0.22024796994937307,0.1452660183405161,0.09403471233029637,,,,,,,,,,,,,40.0,
plot_curve,17.892976588628763,0.22097822586640087,0.14570700821597532,0.0940319397968723,,,,,,,,,,,,,40.0,
plot_curve,17.953177257525084,0.2217103600905651,0.1461486309843204,0.09402899164930298,,,,,,,,,,,,,40.0,
plot_curve,18.013377926421406,0.2224443701316805,0.14659087855758174,0.0940258682484754,,,,,,,,,,,,,40.0,
plot_curve,18.073578595317727,0.22318025349956183,0.14703374284778964,0.09402256995527654,,,,,,,,,,,,,40.0,
plot_curve,18.13377926421405,0.22391800770402392,0.14747721576697448,0.09401909713059337,,,,,,,,,,,,,40.0,
plot_curve,18.19397993311037,0.2246576302548816,0.14792128922716663,0.09401545013531289,,,,,,,,,,,,,40.0,
plot_curve,18.254180602006688,0.22539911866194956,0.14836595514039636,0.09401162933032206,,,,,,,,,,,,,40.0,
plot_curve,18.31438127090301,0.2261424704350427,0.14881120541869414,0.09400763507650789,,,,,,,,,,,,,40.0,
plot_curve,18.37458193979933,0.22688768308397583,0.14925703197409018,0.09400346773475735,,,,,,,,,,,,,40.0,
plot_curve,18.434782608695652,0.2276347541185637,0.14970342671861492,0.09399912766595743,,,,,,,,,,,,,40.0,
plot_curve,18.494983277591974,0.22838368104862117,0.15015038156429872,0.0939946152309951,,,,,,,,,,,,,40.0,
plot_curve,18.555183946488295,0.22913446138396293,0.15059788842317184,0.09398993079075738,,,,,,,,,,,,,40.0,
plot_curve,18.615384615384617,0.22988709263440382,0.15104593920726472,0.0939850747061312,,,,,,,,,,,,,40.0,
plot_curve,18.67558528428094,0.23064157230975874,0.15149452582860765,0.09398004733800358,,,,,,,,,,,,,40.0,
plot_curve,18.73578595317726,0.2313978979198424,0.15194364019923098,0.0939748490472615,,,,,,,,,,,,,40.0,
plot_curve,18.795986622073578,0.2321560669744695,0.15239327423116505,0.09396948019479193,,,,,,,,,,,,,40.0,
plot_curve,18.8561872909699,0.232916076983455,0.15284341983644031,0.09396394114148186,,,,,,,,,,,,,40.0,
plot_curve,18.91638795986622,0.2336779254566137,0.15329406892708697,0.09395823224821828,,,,,,,,,,,,,40.0,
plot_curve,18.976588628762542,0.23444160990376028,0.15374521341513547,0.09395235387588818,,,,,,,,,,,,,40.0,
plot_curve,19.036789297658864,0.23520712783470965,0.15419684521261612,0.09394630638537853,,,,,,,,,,,,,40.0,
plot_curve,19.096989966555185,0.23597447675927652,0.15464895623155925,0.0939400901375763,,,,,,,,,,,,,40.0,
plot_curve,19.157190635451506,0.23674365418727578,0.1551015383839952,0.0939337054933685,,,,,,,,,,,,,40.0,
plot_curve,19.217391304347828,0.2375146576285222,0.15555458358195443,0.09392715281364211,,,,,,,,,,,,,40.0,
plot_curve,19.277591973244146,0.23828748459283045,0.15600808373746716,0.09392043245928411,,,,,,,,,,,,,40.0,
plot_curve,19.337792642140467,0.23906213259001552,0.15646203076256376,0.09391354479118147,,,,,,,,,,,,,40.0,
plot_curve,19.39799331103679,0.23983859912989214,0.15691641656927463,0.09390649017022118,,,,,,,,,,,,,40.0,
plot_curve,19.45819397993311,0.24061688172227502,0.1573712330696301,0.09389926895729024,,,,,,,,,,,,,40.0,
plot_curve,19.51839464882943,0.24139697787697906,0.1578264721756605,0.09389188151327563,,,,,,,,,,,,,40.0,
plot_curve,19.578595317725753,0.24217888510381913,0.1582821257993962,0.09388432819906431,,,,,,,,,,,,,40.0,
plot_curve,19.638795986622075,0.24296260091260985,0.15873818585286753,0.09387660937554329,,,,,,,,,,,,,40.0,
plot_curve,19.698996655518396,0.2437481228131661,0.1591946442481048,0.09386872540359953,,,,,,,,,,,,,40.0,
plot_curve,19.759197324414718,0.24453544831530266,0.15965149289713843,0.09386067664412004,,,,,,,,,,,,,40.0,
plot_curve,19.819397993311036,0.24532457492883436,0.16010872371199875,0.09385246345799178,,,,,,,,,,,,,40.0,
plot_curve,19.879598662207357,0.24611550016357603,0.1605663286047161,0.09384408620610174,,,,,,,,,,,,,40.0,
plot_curve,19.93979933110368,0.24690822152934244,0.16102429948732078,0.09383554524933692,,,,,,,,,,,,,40.0,
plot_curve,20.0,0.24770273653594832,0.16148262827184323,0.09382684094858429,,,,,,,,,,,,,40.0,
plot_curve,2.0,0.09841279020387715,0.07395614574699638,0.08641641666331092,,,,,,,,,,,,,30.0,
plot_curve,2.060200668896321,0.098581750704642,0.0740655531541073,0.08641170253328757,,,,,,,,,,,,,30.0,
plot_curve,2.120401337792642,0.09875110595066859,0.07417528775537367,0.0864070619387713,,,,,,,,,,,,,30.0,
plot_curve,2.180602006688963,0.09892087430753273,0.0742853610010958,0.08640249467798784,,,,,,,,,,,,,30.0,
plot_curve,2.240802675585284,0.09909107414081024,0.07439578434157397,0.08639800054916294,,,,,,,,,,,,,30.0,
plot_curve,2.3010033444816056,0.09926172381607692,0.07450656922710851,0.08639357935052232,,,,,,,,,,,,,30.0,
plot_curve,2.361204013377926,0.09943284169890858,0.07461772710799972,0.08638923088029174,,,,,,,,,,,,,30.0,
plot_curve,2.4214046822742477,0.09960444615488102,0.07472926943454791,0.08638495493669694,,,,,,,,,,,,,30.0,
plot_curve,2.4816053511705687,0.09977655554957007,0.0748412076570534,0.08638075131796366,,,,,,,,,,,,,30.0,
plot_curve,2.5418060200668897,0.09994918824855153,0.07495355322581648,0.08637661982231765,,,,,,,,,,,,,30.0,
plot_curve,2.6020066889632107,0.10012236261740122,0.07506631759113748,0.08637256024798463,,,,,,,,,,,,,30.0,
plot_curve,2.6622073578595318,0.10029609702169492,0.07517951220331669,0.08636857239319037,,,,,,,,,,,,,30.0,
plot_curve,2.722408026755853,0.10047040982700846,0.07529314851265441,0.08636465605616062,,,,,,,,,,,,,30.0,
plot_curve,2.782608695652174,0.10064531939891765,0.07540723796945098,0.08636081103512108,,,,,,,,,,,,,30.0,
plot_curve,2.842809364548495,0.10082084410299828,0.07552179202400669,0.08635703712829754,,,,,,,,,,,,,30.0,
plot_curve,2.903010033444816,0.1009970023048262,0.07563682212662184,0.0863533341339157,,,,,,,,,,,,,30.0,
plot_curve,2.9632107023411374,0.10117381236997716,0.07575233972759676,0.08634970185020134,,,,,,,,,,,,,30.0,
plot_curve,3.023411371237458,0.10135129266402702,0.07586835627723174,0.08634614007538019,,,,,,,,,,,,,30.0,
plot_curve,3.0836120401337794,0.10152946155255158,0.0759848832258271,0.08634264860767797,,,,,,,,,,,,,30.0,
plot_curve,3.1438127090301005,0.10170833740112663,0.07610193202368315,0.08633922724532046,,,,,,,,,,,,,30.0,
plot_curve,3.2040133779264215,0.10188793857532799,0.07621951412110017,0.08633587578653339,,,,,,,,,,,,,30.0,
plot_curve,3.2642140468227425,0.10206828344073147,0.07633764096837851,0.08633259402954248,,,,,,,,,,,,,30.0,
plot_curve,3.3244147157190636,0.10224939036291289,0.07645632401581846,0.0863293817725735,,,,,,,,,,,,,30.0,
plot_curve,3.3846153846153846,0.10243127770744803,0.07657557471372033,0.0863262388138522,,,,,,,,,,,,,30.0,
plot_curve,3.4448160535117056,0.10261396383991273,0.07669540451238442,0.08632316495160428,,,,,,,,,,,,,30.0,
plot_curve,3.505016722408027,0.10279746712588277,0.07681582486211105,0.08632015998405553,,,,,,,,,,,,,30.0,
plot_curve,3.5652173913043477,0.10298180593093398,0.07693684721320053,0.08631722370943165,,,,,,,,,,,,,30.0,
plot_curve,3.625418060200669,0.10316699862064217,0.07705848301595315,0.08631435592595842,,,,,,,,,,,,,30.0,
plot_curve,3.6856187290969897,0.10335306356058314,0.07718074372066924,0.08631155643186157,,,,,,,,,,,,,30.0,
plot_curve,3.745819397993311,0.1035400191163327,0.07730364077764909,0.08630882502536684,,,,,,,,,,,,,30.0,
plot_curve,3.8060200668896322,0.10372788365346666,0.07742718563719303,0.08630616150469997,,,,,,,,,,,,,30.0,
plot_curve,3.8662207357859533,0.10391667553756084,0.07755138974960135,0.08630356566808671,,,,,,,,,,,,,30.0,
plot_curve,3.9264214046822743,0.10410641313419104,0.07767626456517436,0.08630103731375278,,,,,,,,,,,,,30.0,
plot_curve,3.9866220735785953,0.10429711480893307,0.07780182153421239,0.08629857623992397,,,,,,,,,,,,,30.0,
plot_curve,4.046822742474916,0.10448879892736272,0.07792807210701572,0.08629618224482598,,,,,,,,,,,,,30.0,
plot_curve,4.107023411371237,0.10468148385505584,0.07805502773388467,0.08629385512668457,,,,,,,,,,,,,30.0,
plot_curve,4.167224080267559,0.10487518795758821,0.07818269986511955,0.08629159468372548,,,,,,,,,,,,,30.0,
plot_curve,4.2274247491638794,0.10506992960053564,0.07831109995102067,0.08628940071417446,,,,,,,,,,,,,30.0,
plot_curve,4.287625418060201,0.10526572714947395,0.07844023944188834,0.08628727301625724,,,,,,,,,,,,,30.0,
plot_curve,4.3478260869565215,0.10546259896997894,0.07857012978802286,0.08628521138819957,,,,,,,,,,,,,30.0,
plot_curve,4.408026755852843,0.10566056342762642,0.07870078243972455,0.08628321562822719,,,,,,,,,,,,,30.0,
plot_curve,4.4682274247491645,0.10585963888799221,0.07883220884729371,0.08628128553456585,,,,,,,,,,,,,30.0,
plot_curve,4.528428093645485,0.10605984371665211,0.07896442046103064,0.08627942090544129,,,,,,,,,,,,,30.0,
plot_curve,4.588628762541806,0.10626119627918193,0.07909742873123567,0.08627762153907924,,,,,,,,,,,,,30.0,
plot_curve,4.648829431438127,0.10646371494115749,0.0792312451082091,0.08627588723370545,,,,,,,,,,,,,30.0,
plot_curve,4.709030100334449,0.10666741806815458,0.07936588104225123,0.08627421778754567,,,,,,,,,,,,,30.0,
plot_curve,4.769230769230769,0.106872324025749,0.07950134798366237,0.08627261299882565,,,,,,,,,,,,,30.0,
plot_curve,4.82943143812709,0.1070784511795166,0.07963765738274284,0.08627107266577111,,,,,,,,,,,,,30.0,
plot_curve,4.889632107023411,0.10728581789503318,0.07977482068979294,0.08626959658660781,,,,,,,,,,,,,30.0,
plot_curve,4.949832775919733,0.10749444253787452,0.07991284935511299,0.08626818455956148,,,,,,,,,,,,,30.0,
plot_curve,5.010033444816054,0.10770434347361643,0.08005175482900329,0.08626683638285787,,,,,,,,,,,,,30.0,
plot_curve,5.070234113712375,0.10791553906783476,0.08019154856176412,0.08626555185472272,,,,,,,,,,,,,30.0,
plot_curve,5.130434782608695,0.10812804768610527,0.08033224200369583,0.08626433077338179,,,,,,,,,,,,,30.0,
plot_curve,5.190635451505017,0.10834188769400381,0.08047384660509872,0.08626317293706079,,,,,,,,,,,,,30.0,
plot_curve,5.250836120401338,0.10855707745710617,0.0806163738162731,0.0862620781439855,,,,,,,,,,,,,30.0,
plot_curve,5.311036789297659,0.10877363534098816,0.08075983508751926,0.08626104619238163,,,,,,,,,,,,,30.0,
plot_curve,5.3712374581939795,0.10899157971122558,0.08090424186913753,0.08626007688047495,,,,,,,,,,,,,30.0,
plot_curve,5.431438127090301,0.10921092893339426,0.0810496056114282,0.08625917000649118,,,,,,,,,,,,,30.0,
plot_curve,5.491638795986622,0.10943170137307,0.08119593776469158,0.08625832536865606,,,,,,,,,,,,,30.0,
plot_curve,5.551839464882944,0.10965391539582861,0.08134324977922801,0.08625754276519536,,,,,,,,,,,,,30.0,
plot_curve,5.6120401337792645,0.10987758936724588,0.08149155310533775,0.0862568219943348,,,,,,,,,,,,,30.0,
plot_curve,5.672240802675585,0.11010274165289766,0.08164085919332115,0.08625616285430014,,,,,,,,,,,,,30.0,
plot_curve,5.7324414715719065,0.11032939061835972,0.08179117949347849,0.08625556514331711,,,,,,,,,,,,,30.0,
plot_curve,5.792642140468228,0.11055755462920788,0.0819425254561101,0.08625502865961146,,,,,,,,,,,,,30.0,
plot_curve,5.852842809364549,0.11078725205101797,0.08209490853151626,0.08625455320140893,,,,,,,,,,,,,30.0,
plot_curve,5.913043478260869,0.11101850124936577,0.08224834016999731,0.08625413856693526,,,,,,,,,,,,,30.0,
plot_curve,5.973244147157191,0.1112513205898271,0.08240283182185354,0.0862537845544162,,,,,,,,,,,,,30.0,
plot_curve,6.033444816053512,0.11148572843797779,0.08255839493738527,0.08625349096207748,,,,,,,,,,,,,30.0,
plot_curve,6.093645484949833,0.11172174315939362,0.0827150409668928,0.08625325758814484,,,,,,,,,,,,,30.0,
plot_curve,6.153846153846154,0.1119593831196504,0.08287278136067644,0.08625308423084405,,,,,,,,,,,,,30.0,
plot_curve,6.214046822742475,0.11219866668432396,0.08303162756903651,0.08625297068840082,,,,,,,,,,,,,30.0,
plot_curve,6.274247491638796,0.1124396122189901,0.08319159104227329,0.08625291675904093,,,,,,,,,,,,,30.0,
plot_curve,6.334448160535117,0.11268223808922462,0.08335268323068712,0.08625292224099008,,,,,,,,,,,,,30.0,
plot_curve,6.394648829431438,0.11292656266060333,0.0835149155845783,0.08625298693247405,,,,,,,,,,,,,30.0,
plot_curve,6.454849498327759,0.11317260429870206,0.08367829955424712,0.08625311063171856,,,,,,,,,,,,,30.0,
plot_curve,6.51505016722408,0.1134203813690966,0.0838428465899939,0.08625329313694936,,,,,,,,,,,,,30.0,
plot_curve,6.575250836120402,0.11366991223736275,0.08400856814211896,0.08625353424639219,,,,,,,,,,,,,30.0,
plot_curve,6.635451505016722,0.11392121526907635,0.0841754756609226,0.08625383375827281,,,,,,,,,,,,,30.0,
plot_curve,6.695652173913044,0.11417430882981319,0.08434358059670512,0.08625419147081693,,,,,,,,,,,,,30.0,
plot_curve,6.7558528428093645,0.11442921128514907,0.08451289439976684,0.08625460718225032,,,,,,,,,,,,,30.0,
plot_curve,6.816053511705686,0.11468594100065983,0.08468342852040807,0.08625508069079872,,,,,,,,,,,,,30.0,
plot_curve,6.8762541806020065,0.11494451634192125,0.08485519440892911,0.08625561179468785,,,,,,,,,,,,,30.0,
plot_curve,6.936454849498328,0.11520495567450914,0.08502820351563027,0.0862562002921435,,,,,,,,,,,,,30.0,
plot_curve,6.996655518394649,0.11546727736399934,0.08520246729081186,0.08625684598139136,,,,,,,,,,,,,30.0,
plot_curve,7.05685618729097,0.11573149977596761,0.0853779971847742,0.0862575486606572,,,,,,,,,,,,,30.0,
plot_curve,7.117056856187291,0.1159976412759898,0.08555480464781758,0.08625830812816675,,,,,,,,,,,,,30.0,
plot_curve,7.177257525083612,0.11626572022964171,0.0857329011302423,0.08625912418214576,,,,,,,,,,,,,30.0,
plot_curve,7.237458193979934,0.11653575500249914,0.08591229808234871,0.08625999662081998,,,,,,,,,,,,,30.0,
plot_curve,7.297658862876254,0.11680776396013791,0.08609300695443708,0.08626092524241516,,,,,,,,,,,,,30.0,
plot_curve,7.357859531772576,0.11708176546813381,0.08627503919680773,0.08626190984515701,,,,,,,,,,,,,30.0,
plot_curve,7.418060200668896,0.11735777789206268,0.08645840625976098,0.0862629502272713,,,,,,,,,,,,,30.0,
plot_curve,7.478260869565218,0.1176358195975003,0.08664311959359712,0.08626404618698377,,,,,,,,,,,,,30.0,
plot_curve,7.538461538461538,0.11791590895002249,0.08682919064861647,0.08626519752252015,,,,,,,,,,,,,30.0,
plot_curve,7.59866220735786,0.11819806431520508,0.08701663087511935,0.0862664040321062,,,,,,,,,,,,,30.0,
plot_curve,7.65886287625418,0.11848230405862384,0.08720545172340603,0.08626766551396764,,,,,,,,,,,,,30.0,
plot_curve,7.719063545150502,0.11876864654585459,0.08739566464377686,0.08626898176633023,,,,,,,,,,,,,30.0,
plot_curve,7.7792642140468224,0.11905711014247317,0.08758728108653212,0.08627035258741972,,,,,,,,,,,,,30.0,
plot_curve,7.839464882943144,0.11934771321405535,0.08778031250197214,0.08627177777546183,,,,,,,,,,,,,30.0,
plot_curve,7.899665551839465,0.11964047412617695,0.08797477034039722,0.08627325712868232,,,,,,,,,,,,,30.0,
plot_curve,7.959866220735786,0.1199354112444138,0.08817066605210766,0.08627479044530692,,,,,,,,,,,,,30.0,
plot_curve,8.020066889632108,0.1202325429343417,0.08836801108740377,0.08627637752356139,,,,,,,,,,,,,30.0,
plot_curve,8.080267558528428,0.12053188756153643,0.08856681689658588,0.08627801816167147,,,,,,,,,,,,,30.0,
plot_curve,8.14046822742475,0.12083346349157384,0.08876709492995427,0.08627971215786288,,,,,,,,,,,,,30.0,
plot_curve,8.20066889632107,0.12113728909002972,0.08896885663780926,0.08628145931036138,,,,,,,,,,,,,30.0,
plot_curve,8.26086956521739,0.12144338272247987,0.08917211347045116,0.08628325941739272,,,,,,,,,,,,,30.0,
plot_curve,8.321070234113712,0.12175176275450013,0.08937687687818029,0.08628511227718262,,,,,,,,,,,,,30.0,
plot_curve,8.381270903010034,0.12206244755166629,0.08958315831129694,0.08628701768795685,,,,,,,,,,,,,30.0,
plot_curve,8.441471571906355,0.12237545547955414,0.08979096922010144,0.08628897544794115,,,,,,,,,,,,,30.0,
plot_curve,8.501672240802677,0.12269080490373951,0.09000032105489406,0.08629098535536123,,,,,,,,,,,,,30.0,
plot_curve,8.561872909698998,0.12300851418979822,0.09021122526597514,0.08629304720844287,,,,,,,,,,,,,30.0,
plot_curve,8.622073578595318,0.12332860170330605,0.09042369330364498,0.08629516080541179,,,,,,,,,,,,,30.0,
plot_curve,8.68227424749164,0.12365108580983883,0.09063773661820389,0.08629732594449374,,,,,,,,,,,,,30.0,
plot_curve,8.742474916387959,0.12397598487497236,0.09085336665995218,0.08629954242391448,,,,,,,,,,,,,30.0,
plot_curve,8.80267558528428,0.12430331726428247,0.09107059487919016,0.08630181004189973,,,,,,,,,,,,,30.0,
plot_curve,8.862876254180602,0.12463310134334495,0.09128943272621813,0.08630412859667523,,,,,,,,,,,,,30.0,
plot_curve,8.923076923076923,0.1249653554777356,0.09150989165133641,0.08630649788646673,,,,,,,,,,,,,30.0,
plot_curve,8.983277591973245,0.12530009803303024,0.0917319831048453,0.08630891770949999,,,,,,,,,,,,,30.0,
plot_curve,9.043478260869566,0.1256373473748047,0.09195571853704511,0.08631138786400074,,,,,,,,,,,,,30.0,
plot_curve,9.103678929765888,0.12597712186863474,0.09218110939823615,0.0863139081481947,,,,,,,,,,,,,30.0,
plot_curve,9.163879598662207,0.12631943988009622,0.09240816713871872,0.08631647836030765,,,,,,,,,,,,,30.0,
plot_curve,9.224080267558529,0.12666431977476494,0.09263690320879314,0.08631909829856531,,,,,,,,,,,,,30.0,
plot_curve,9.284280936454849,0.12701177991821666,0.09286732905875972,0.08632176776119344,,,,,,,,,,,,,30.0,
plot_curve,9.34448160535117,0.12736183867602724,0.09309945613891875,0.08632448654641775,,,,,,,,,,,,,30.0,
plot_curve,9.404682274247492,0.1277145144137725,0.09333329589957057,0.08632725445246403,,,,,,,,,,,,,30.0,
plot_curve,9.464882943143813,0.1280698254970282,0.09356885979101545,0.08633007127755798,,,,,,,,,,,,,30.0,
plot_curve,9.525083612040135,0.1284277902913702,0.09380615926355373,0.08633293681992536,,,,,,,,,,,,,30.0,
plot_curve,9.585284280936456,0.12878842716237426,0.09404520576748572,0.08633585087779193,,,,,,,,,,,,,30.0,
plot_curve,9.645484949832776,0.1291517544756162,0.0942860107531117,0.0863388132493834,,,,,,,,,,,,,30.0,
plot_curve,9.705685618729097,0.12951779059667184,0.094528585670732,0.08634182373292554,,,,,,,,,,,,,30.0,
plot_curve,9.765886287625419,0.12988655389111703,0.09477294197064692,0.08634488212664408,,,,,,,,,,,,,30.0,
plot_curve,9.826086956521738,0.1302580627245275,0.09501909110315677,0.08634798822876476,,,,,,,,,,,,,30.0,
plot_curve,9.88628762541806,0.13063233546247913,0.09526704451856187,0.08635114183751333,,,,,,,,,,,,,30.0,
plot_curve,9.946488294314381,0.13100939047054766,0.09551681366716251,0.08635434275111553,,,,,,,,,,,,,30.0,
plot_curve,10.006688963210703,0.13138924611430897,0.09576840999925902,0.0863575907677971,,,,,,,,,,,,,30.0,
plot_curve,10.066889632107024,0.13177192075933883,0.09602184496515169,0.08636088568578379,,,,,,,,,,,,,30.0,
plot_curve,10.127090301003344,0.13215743277121306,0.09627713001514082,0.08636422730330134,,,,,,,,,,,,,30.0,
plot_curve,10.187290969899665,0.13254580051550746,0.09653427659952675,0.08636761541857549,,,,,,,,,,,,,30.0,
plot_curve,10.247491638795987,0.13293704235779785,0.09679329616860977,0.08637104982983197,,,,,,,,,,,,,30.0,
plot_curve,10.307692307692308,0.13333117666366,0.09705420017269017,0.08637453033529656,,,,,,,,,,,,,30.0,
plot_curve,10.36789297658863,0.13372822179866978,0.09731700006206831,0.08637805673319497,,,,,,,,,,,,,30.0,
plot_curve,10.42809364548495,0.13412819612840296,0.09758170728704443,0.08638162882175295,,,,,,,,,,,,,30.0,
plot_curve,10.488294314381271,0.13453111801843537,0.09784833329791891,0.08638524639919624,,,,,,,,,,,,,30.0,
plot_curve,10.548494983277592,0.13493700583434282,0.09811688954499201,0.0863889092637506,,,,,,,,,,,,,30.0,
plot_curve,10.608695652173914,0.1353458779417011,0.09838738747856404,0.08639261721364176,,,,,,,,,,,,,30.0,
plot_curve,10.668896321070234,0.13575775270608603,0.09865983854893534,0.08639637004709547,,,,,,,,,,,,,30.0,
plot_curve,10.729096989966555,0.13617264849307342,0.0989342542064062,0.08640016756233745,,,,,,,,,,,,,30.0,
plot_curve,10.789297658862877,0.13659058366823906,0.09921064590127691,0.08640400955759348,,,,,,,,,,,,,30.0,
plot_curve,10.849498327759198,0.1370115765971588,0.09948902508384781,0.08640789583108927,,,,,,,,,,,,,30.0,
plot_curve,10.909698996655518,0.1374356456454084,0.09976940320441918,0.08641182618105056,,,,,,,,,,,,,30.0,
plot_curve,10.96989966555184,0.1378628091785637,0.10005179171329137,0.08641580040570312,,,,,,,,,,,,,30.0,
plot_curve,11.03010033444816,0.1382930855622005,0.10033620206076466,0.0864198183032727,,,,,,,,,,,,,30.0,
plot_curve,11.090301003344482,0.13872649316189462,0.10062264569713934,0.08642387967198499,,,,,,,,,,,,,30.0,
plot_curve,11.150501672240804,0.13916305034322188,0.10091113407271575,0.08642798431006579,,,,,,,,,,,,,30.0,
plot_curve,11.210702341137123,0.13960277547175803,0.10120167863779418,0.08643213201574082,,,,,,,,,,,,,30.0,
plot_curve,11.270903010033445,0.14004568691307895,0.10149429084267496,0.08643632258723581,,,,,,,,,,,,,30.0,
plot_curve,11.331103678929766,0.14049180303276043,0.10178898213765838,0.08644055582277652,,,,,,,,,,,,,30.0,
plot_curve,11.391304347826088,0.14094114219637824,0.10208576397304475,0.08644483152058868,,,,,,,,,,,,,30.0,
plot_curve,11.451505016722408,0.1413937227695082,0.10238464779913439,0.08644914947889805,,,,,,,,,,,,,30.0,
plot_curve,11.511705685618729,0.14184956311772617,0.1026856450662276,0.08645350949593036,,,,,,,,,,,,,30.0,
plot_curve,11.57190635451505,0.14230868160660792,0.10298876722462467,0.08645791136991136,,,,,,,,,,,,,30.0,
plot_curve,11.632107023411372,0.1427710966017293,0.10329402572462595,0.08646235489906678,,,,,,,,,,,,,30.0,
plot_curve,11.692307692307693,0.14323682646866603,0.10360143201653171,0.08646683988162239,,,,,,,,,,,,,30.0,
plot_curve,11.752508361204013,0.143705889572994,0.10391099755064229,0.0864713661158039,,,,,,,,,,,,,30.0,
plot_curve,11.812709030100335,0.14417830428028897,0.10422273377725798,0.08647593339983707,,,,,,,,,,,,,30.0,
plot_curve,11.872909698996656,0.1446540889561268,0.1045366521466791,0.08648054153194763,,,,,,,,,,,,,30.0,
plot_curve,11.933110367892978,0.14513326196608325,0.10485276410920594,0.08648519031036135,,,,,,,,,,,,,30.0,
plot_curve,11.993311036789297,0.14561584167573416,0.10517108111513879,0.08648987953330395,,,,,,,,,,,,,30.0,
plot_curve,12.053511705685619,0.14610184645065533,0.10549161461477803,0.08649460899900117,,,,,,,,,,,,,30.0,
plot_curve,12.11371237458194,0.14659129465642257,0.1058143760584239,0.08649937850567878,,,,,,,,,,,,,30.0,
plot_curve,12.173913043478262,0.1470842046586117,0.10613937689637676,0.08650418785156248,,,,,,,,,,,,,30.0,
plot_curve,12.234113712374581,0.14758059482279848,0.10646662857893686,0.08650903683487805,,,,,,,,,,,,,30.0,
plot_curve,12.294314381270903,0.14808048351455877,0.10679614255640457,0.08651392525385122,,,,,,,,,,,,,30.0,
plot_curve,12.354515050167224,0.1485838890994684,0.10712793027908016,0.08651885290670774,,,,,,,,,,,,,30.0,
plot_curve,12.414715719063546,0.1490908299431031,0.10746200319726396,0.08652381959167334,,,,,,,,,,,,,30.0,
plot_curve,12.474916387959867,0.14960132441103874,0.10779837276125626,0.08652882510697375,,,,,,,,,,,,,30.0,
plot_curve,12.535117056856187,0.15011539086885112,0.10813705042135735,0.08653386925083476,,,,,,,,,,,,,30.0,
plot_curve,12.595317725752508,0.15063304768211602,0.10847804762786759,0.08653895182148207,,,,,,,,,,,,,30.0,
plot_curve,12.65551839464883,0.1511543132164093,0.10882137583108725,0.08654407261714143,,,,,,,,,,,,,30.0,
plot_curve,12.715719063545151,0.1516792058373067,0.10916704648131667,0.0865492314360386,,,,,,,,,,,,,30.0,
plot_curve,12.775919732441471,0.1522077439103841,0.10951507102885613,0.0865544280763993,,,,,,,,,,,,,30.0,
plot_curve,12.836120401337793,0.15273994580121728,0.10986546092400595,0.08655966233644931,,,,,,,,,,,,,30.0,
plot_curve,12.896321070234114,0.15327582987538205,0.11021822761706643,0.08656493401441433,,,,,,,,,,,,,30.0,
plot_curve,12.956521739130435,0.1538154144984542,0.1105733825583379,0.08657024290852011,,,,,,,,,,,,,30.0,
plot_curve,13.016722408026757,0.1543587180360096,0.11093093719812064,0.08657558881699243,,,,,,,,,,,,,30.0,
plot_curve,13.076923076923077,0.15490575885362395,0.11129090298671497,0.08658097153805698,,,,,,,,,,,,,30.0,
plot_curve,13.137123745819398,0.15545655531687316,0.1116532913744212,0.08658639086993955,,,,,,,,,,,,,30.0,
plot_curve,13.19732441471572,0.156011125791333,0.11201811381153966,0.08659184661086584,,,,,,,,,,,,,30.0,
plot_curve,13.257525083612041,0.1565694886425793,0.11238538174837062,0.08659733855906164,,,,,,,,,,,,,30.0,
plot_curve,13.31772575250836,0.1571316622361878,0.1127551066352144,0.08660286651275265,,,,,,,,,,,,,30.0,
plot_curve,13.377926421404682,0.1576976649377344,0.11312729992237133,0.08660843027016464,,,,,,,,,,,,,30.0,
plot_curve,13.438127090301004,0.1582675151127949,0.11350197306014172,0.08661402962952333,,,,,,,,,,,,,30.0,
plot_curve,13.498327759197325,0.15884123112694504,0.11387913749882583,0.0866196643890545,,,,,,,,,,,,,30.0,
plot_curve,13.558528428093645,0.15941883134576068,0.11425880468872401,0.08662533434698384,,,,,,,,,,,,,30.0,
plot_curve,13.618729096989966,0.16000033413481757,0.11464098608013656,0.08663103930153714,,,,,,,,,,,,,30.0,
plot_curve,13.678929765886288,0.16058575785969165,0.1150256931233638,0.08663677905094012,,,,,,,,,,,,,30.0,
plot_curve,13.73913043478261,0.1611751208859586,0.11541293726870602,0.08664255339341853,,,,,,,,,,,,,30.0,
plot_curve,13.79933110367893,0.1617684415791943,0.11580272996646354,0.0866483621271981,,,,,,,,,,,,,30.0,
plot_curve,13.85953177257525,0.16236573830497447,0.11619508266693665,0.0866542050505046,,,,,,,,,,,,,30.0,
plot_curve,13.919732441471572,0.16296702942887503,0.11659000682042567,0.08666008196156375,,,,,,,,,,,,,30.0,
plot_curve,13.979933110367893,0.16357233331647178,0.11698751387723091,0.08666599265860128,,,,,,,,,,,,,30.0,
plot_curve,14.040133779264215,0.16418166833334044,0.11738761528765271,0.08667193693984297,,,,,,,,,,,,,30.0,
plot_curve,14.100334448160535,0.16479505284505688,0.11779032250199131,0.08667791460351454,,,,,,,,,,,,,30.0,
plot_curve,14.160535117056856,0.16541250521719691,0.11819564697054707,0.08668392544784173,,,,,,,,,,,,,30.0,
plot_curve,14.220735785953178,0.16603404381533635,0.11860360014362029,0.0866899692710503,,,,,,,,,,,,,30.0,
plot_curve,14.280936454849499,0.16665968700505096,0.11901419347151126,0.08669604587136598,,,,,,,,,,,,,30.0,
plot_curve,14.34113712374582,0.1672894531519166,0.11942743840452033,0.0867021550470145,,,,,,,,,,,,,30.0,
plot_curve,14.40133779264214,0.16792336062150903,0.11984334639294775,0.08670829659622165,,,,,,,,,,,,,30.0,
plot_curve,14.461538461538462,0.16856142777940408,0.12026192888709387,0.08671447031721312,,,,,,,,,,,,,30.0,
plot_curve,14.521739130434783,0.16920367299117758,0.12068319733725899,0.08672067600821468,,,,,,,,,,,,,30.0,
plot_curve,14.581939799331105,0.16985011462240535,0.12110716319374343,0.08672691346745205,,,,,,,,,,,,,30.0,
plot_curve,14.642140468227424,0.17050077103866315,0.12153383790684744,0.08673318249315101,,,,,,,,,,,,,30.0,
plot_curve,14.702341137123746,0.1711556606055268,0.12196323292687142,0.08673948288353728,,,,,,,,,,,,,30.0,
plot_curve,14.762541806020067,0.17181480168857216,0.12239535970411561,0.08674581443683659,,,,,,,,,,,,,30.0,
plot_curve,14.822742474916389,0.17247821265337498,0.12283022968888034,0.08675217695127471,,,,,,,,,,,,,30.0,
plot_curve,14.88294314381271,0.1731459118655111,0.12326785433146592,0.08675857022507737,,,,,,,,,,,,,30.0,
plot_curve,14.94314381270903,0.17381791769055632,0.12370824508217265,0.08676499405647031,,,,,,,,,,,,,30.0,
plot_curve,15.003344481605351,0.17449424849408643,0.12415141339130085,0.08677144824367927,,,,,,,,,,,,,30.0,
plot_curve,15.063545150501673,0.17517492264167728,0.12459737070915083,0.08677793258493001,,,,,,,,,,,,,30.0,
plot_curve,15.123745819397994,0.17585995849890462,0.1250461284860229,0.08678444687844826,,,,,,,,,,,,,30.0,
plot_curve,15.183946488294314,0.17654937443134433,0.12549769817221734,0.08679099092245976,,,,,,,,,,,,,30.0,
plot_curve,15.244147157190636,0.17724318880457218,0.1259520912180345,0.08679756451519026,,,,,,,,,,,,,30.0,
plot_curve,15.304347826086957,0.177941419984164,0.12640931907377465,0.08680416745486551,,,,,,,,,,,,,30.0,
plot_curve,15.364548494983278,0.17864408633569556,0.1268693931897381,0.08681079953971123,,,,,,,,,,,,,30.0,
plot_curve,15.424749163879598,0.1793512062247427,0.1273323250162252,0.08681746056795318,,,,,,,,,,,,,30.0,
plot_curve,15.48494983277592,0.18006279801688124,0.12779812600353624,0.0868241503378171,,,,,,,,,,,,,30.0,
plot_curve,15.545150501672241,0.18077888007768694,0.12826680760197154,0.08683086864752873,,,,,,,,,,,,,30.0,
plot_curve,15.605351170568563,0.18149947077273568,0.12873838126183135,0.08683761529531381,,,,,,,,,,,,,30.0,
plot_curve,15.665551839464884,0.18222458846760323,0.12921285843341607,0.08684439007939809,,,,,,,,,,,,,30.0,
plot_curve,15.725752508361204,0.18295425152786535,0.1296902505670259,0.0868511927980073,,,,,,,,,,,,,30.0,
plot_curve,15.785953177257525,0.1836884783190979,0.13017056911296124,0.08685802324936721,,,,,,,,,,,,,30.0,
plot_curve,15.846153846153847,0.18442728720687673,0.13065382552152238,0.08686488123170355,,,,,,,,,,,,,30.0,
plot_curve,15.906354515050168,0.1851706965567776,0.13114003124300957,0.08687176654324205,,,,,,,,,,,,,30.0,
plot_curve,15.966555183946488,0.18591872473437632,0.1316291977277232,0.08687867898220845,,,,,,,,,,,,,30.0,
plot_curve,16.02675585284281,0.18667139010524872,0.13212133642596352,0.08688561834682852,,,,,,,,,,,,,30.0,
plot_curve,16.086956521739133,0.18742871103497058,0.13261645878803086,0.08689258443532798,,,,,,,,,,,,,30.0,
plot_curve,16.147157190635454,0.18819070588911774,0.13311457626422554,0.08689957704593258,,,,,,,,,,,,,30.0,
plot_curve,16.207357859531776,0.18895739303326597,0.13361570030484785,0.08690659597686806,,,,,,,,,,,,,30.0,
plot_curve,16.267558528428093,0.18972879083299107,0.13411984236019808,0.08691364102636016,,,,,,,,,,,,,30.0,
plot_curve,16.327759197324415,0.1905049176538689,0.13462701388057657,0.08692071199263464,,,,,,,,,,,,,30.0,
plot_curve,16.387959866220736,0.1912857918614753,0.13513722631628367,0.08692780867391722,,,,,,,,,,,,,30.0,
plot_curve,16.448160535117058,0.19207143182138597,0.1356504911176196,0.08693493086843367,,,,,,,,,,,,,30.0,
plot_curve,16.508361204013376,0.1928618558991768,0.13616681973488468,0.0869420783744097,,,,,,,,,,,,,30.0,
plot_curve,16.568561872909697,0.19365708246042357,0.1366862236183793,0.08694925099007107,,,,,,,,,,,,,30.0,
plot_curve,16.62876254180602,0.1944571298707021,0.1372087142184037,0.08695644851364354,,,,,,,,,,,,,30.0,
plot_curve,16.68896321070234,0.19526201649558822,0.1377343029852582,0.08696367074335282,,,,,,,,,,,,,30.0,
plot_curve,16.74916387959866,0.1960717607006577,0.13826300136924313,0.08697091747742466,,,,,,,,,,,,,30.0,
plot_curve,16.809364548494983,0.19688638085148638,0.13879482082065875,0.08697818851408483,,,,,,,,,,,,,30.0,
plot_curve,16.869565217391305,0.19770589531365007,0.13932977278980543,0.08698548365155905,,,,,,,,,,,,,30.0,
plot_curve,16.929765886287626,0.1985303224527245,0.13986786872698345,0.08699280268807305,,,,,,,,,,,,,30.0,
plot_curve,16.989966555183948,0.1993596806342856,0.14040912008249312,0.08700014542185261,,,,,,,,,,,,,30.0,
plot_curve,17.05016722408027,0.2001939882239091,0.14095353830663473,0.08700751165112343,,,,,,,,,,,,,30.0,
plot_curve,17.11036789297659,0.20103326358717083,0.1415011348497086,0.08701490117411129,,,,,,,,,,,,,30.0,
plot_curve,17.170568561872912,0.2018775250896466,0.14205192116201504,0.0870223137890419,,,,,,,,,,,,,30.0,
plot_curve,17.230769230769234,0.20272679109691225,0.14260590869385437,0.08702974929414105,,,,,,,,,,,,,30.0,
plot_curve,17.29096989966555,0.20358107997454344,0.14316310889552689,0.08703720748763442,,,,,,,,,,,,,30.0,
plot_curve,17.351170568561873,0.2044404100881162,0.1437235332173329,0.08704468816774781,,,,,,,,,,,,,30.0,
plot_curve,17.411371237458194,0.20530479980320623,0.14428719310957272,0.08705219113270693,,,,,,,,,,,,,30.0,
plot_curve,17.471571906354516,0.20617426748538933,0.14485410002254667,0.08705971618073753,,,,,,,,,,,,,30.0,
plot_curve,17.531772575250837,0.20704883150024134,0.14542426540655504,0.08706726311006537,,,,,,,,,,,,,30.0,
plot_curve,17.591973244147155,0.20792851021333802,0.1459977007118981,0.08707483171891615,,,,,,,,,,,,,30.0,
plot_curve,17.652173913043477,0.20881332199025524,0.14657441738887628,0.08708242180551566,,,,,,,,,,,,,30.0,
plot_curve,17.712374581939798,0.20970328519656875,0.14715442688778974,0.08709003316808961,,,,,,,,,,,,,30.0,
plot_curve,17.77257525083612,0.21059841819785444,0.1477377406589389,0.08709766560486376,,,,,,,,,,,,,30.0,
plot_curve,17.83277591973244,0.21149873935968805,0.148324370152624,0.08710531891406385,,,,,,,,,,,,,30.0,
plot_curve,17.892976588628763,0.21240426704764542,0.1489143268191454,0.08711299289391562,,,,,,,,,,,,,30.0,
plot_curve,17.953177257525084,0.21331501962730234,0.14950762210880336,0.08712068734264482,,,,,,,,,,,,,30.0,
plot_curve,18.013377926421406,0.21423101546423462,0.15010426747189826,0.08712840205847718,,,,,,,,,,,,,30.0,
plot_curve,18.073578595317727,0.21515227292401812,0.1507042743587303,0.08713613683963845,,,,,,,,,,,,,30.0,
plot_curve,18.13377926421405,0.21607881037222856,0.1513076542195999,0.08714389148435436,,,,,,,,,,,,,30.0,
plot_curve,18.19397993311037,0.21701064617444182,0.1519144185048073,0.08715166579085068,,,,,,,,,,,,,30.0,
plot_curve,18.254180602006688,0.21794779869623362,0.15252457866465277,0.08715945955735314,,,,,,,,,,,,,30.0,
plot_curve,18.31438127090301,0.2188902863031799,0.15313814614943672,0.08716727258208748,,,,,,,,,,,,,30.0,
plot_curve,18.37458193979933,0.21983812736085637,0.15375513240945943,0.08717510466327943,,,,,,,,,,,,,30.0,
plot_curve,18.434782608695652,0.2207913402348389,0.1543755488950212,0.08718295559915476,,,,,,,,,,,,,30.0,
plot_curve,18.494983277591974,0.22174994329070327,0.1549994070564223,0.0871908251879392,,,,,,,,,,,,,30.0,
plot_curve,18.555183946488295,0.2227139548940253,0.15562671834396308,0.0871987132278585,,,,,,,,,,,,,30.0,
plot_curve,18.615384615384617,0.2236833934103808,0.15625749420794385,0.08720661951713837,,,,,,,,,,,,,30.0,
plot_curve,18.67558528428094,0.2246582772053455,0.1568917460986649,0.0872145438540046,,,,,,,,,,,,,30.0,
plot_curve,18.73578595317726,0.22563862464449536,0.15752948546642653,0.0872224860366829,,,,,,,,,,,,,30.0,
plot_curve,18.795986622073578,0.226624454093406,0.15817072376152905,0.08723044586339901,,,,,,,,,,,,,30.0,
plot_curve,18.8561872909699,0.22761578391765344,0.1588154724342728,0.0872384231323787,,,,,,,,,,,,,30.0,
plot_curve,18.91638795986622,0.22861263248281335,0.15946374293495807,0.0872464176418477,,,,,,,,,,,,,30.0,
plot_curve,18.976588628762542,0.2296150181544616,0.16011554671388517,0.08725442919003175,,,,,,,,,,,,,30.0,
plot_curve,19.036789297658864,0.23062295929817395,0.16077089522135443,0.0872624575751566,,,,,,,,,,,,,30.0,
plot_curve,19.096989966555185,0.23163647427952622,0.1614297999076661,0.08727050259544798,,,,,,,,,,,,,30.0,
plot_curve,19.157190635451506,0.23265558146409426,0.16209227222312056,0.08727856404913165,,,,,,,,,,,,,30.0,
plot_curve,19.217391304347828,0.23368029921745384,0.16275832361801806,0.08728664173443333,,,,,,,,,,,,,30.0,
plot_curve,19.277591973244146,0.23471064590518073,0.1634279655426589,0.08729473544957878,,,,,,,,,,,,,30.0,
plot_curve,19.337792642140467,0.23574663989285086,0.16410120944734347,0.08730284499279374,,,,,,,,,,,,,30.0,
plot_curve,19.39799331103679,0.23678829954603994,0.164778066782372,0.08731097016230395,,,,,,,,,,,,,30.0,
plot_curve,19.45819397993311,0.23783564323032383,0.16545854899804485,0.08731911075633515,,,,,,,,,,,,,30.0,
plot_curve,19.51839464882943,0.23888868931127832,0.1661426675446623,0.0873272665731131,,,,,,,,,,,,,30.0,
plot_curve,19.578595317725753,0.2399474561544792,0.16683043387252466,0.08733543741086351,,,,,,,,,,,,,30.0,
plot_curve,19.638795986622075,0.24101196212550233,0.16752185943193226,0.08734362306781215,,,,,,,,,,,,,30.0,
plot_curve,19.698996655518396,0.24208222558992343,0.1682169556731854,0.08735182334218476,,,,,,,,,,,,,30.0,
plot_curve,19.759197324414718,0.2431582649133184,0.16891573404658433,0.08736003803220709,,,,,,,,,,,,,30.0,
plot_curve,19.819397993311036,0.24424009846126296,0.16961820600242938,0.08736826693610486,,,,,,,,,,,,,30.0,
plot_curve,19.879598662207357,0.24532774459933301,0.17032438299102098,0.08737650985210381,,,,,,,,,,,,,30.0,
plot_curve,19.93979933110368,0.24642122169310435,0.17103427646265928,0.08738476657842971,,,,,,,,,,,,,30.0,
plot_curve,20.0,0.24752054810815277,0.1717478978676447,0.0873930369133083,,,,,,,,,,,,,30.0,
