mechanism,requestClass,index,latencyMs,gasUsed,gasLimit,txHash,inputBytes,rawTxBytes,receiptLogBytes
full-contract-onchain,intra-on-chain,0,249.45790004730225,357193,8000000,0x4e4e7f040f8982b32eb31fe84fc466a3e5d6f76e9a85fbffaa02252ed2b6eb40,676,780,160
full-contract-onchain,intra-on-chain,1,98.85749983787537,357193,8000000,0xeb26a0099ea7079b64ca03cebcd81577cfded8153050b06078e7a203198e9d25,676,780,160
full-contract-onchain,intra-on-chain,2,100.57399988174438,357177,8000000,0x374f9d108d34dc2c4f23f6b0ebef4ad1636e2637f24a7abf3bc75ef63572aed4,676,780,160
full-contract-onchain,intra-on-chain,3,86.1434998512268,357177,8000000,0x624c13a8b7cf646e3254e0a5a3d4ee02d4892c98a0e52f77ecfa13ace74a129b,676,780,160
full-contract-onchain,intra-on-chain,4,134.60060000419617,357208,8000000,0xd410fec1d3f38cdc81428153d1ac626b7b1a9e5daad88de0a5a59235a9e5af3c,676,780,160
full-contract-onchain,intra-on-chain,5,49.74460005760193,357215,8000000,0x7723350c811752e91077828f4a1292b2940a1ab023778618b65e8f0857c83269,676,780,160
full-contract-onchain,intra-on-chain,6,178.66119980812073,357193,8000000,0x3dc2d277d64549dc73b0cdd7b4088a660ae3ea741838bdd8cffa7a6302d7960e,676,780,160
full-contract-onchain,intra-on-chain,7,88.18770003318787,357230,8000000,0x13f6e7cb02e1262b4878bdb70d2504fae8cbf2b631db7c5905b878e6d6d9807d,676,780,160
full-contract-onchain,intra-on-chain,8,248.13930010795593,357199,8000000,0x638f2362badb9ec585e509e19968d5338568faa3a372c0567789c3450fb18118,676,780,160
full-contract-onchain,intra-on-chain,9,224.68280005455017,357215,8000000,0xca0a3d953277a8c45874ec6d9d662e0444cb0ef4d63c4082b6294d27ec5af888,676,780,160
full-contract-onchain,intra-on-chain,10,117.71209979057312,357208,8000000,0xcf22ccd4785de8c39bdcc356d78a12c8fba67ad01ff02ad55c7f8ade367a3235,676,780,160
full-contract-onchain,intra-on-chain,11,543.4953999519348,357193,8000000,0x47764e2441eedcdc66659240d1b87d7d4939eb34035b11af94f0d809fb72fe90,676,780,160
full-contract-onchain,intra-on-chain,12,204.0359001159668,357215,8000000,0xc8a759bf24b0aa90a11c77455535bb3402448e69e3d545a6c3dc165d6f2a03b1,676,780,160
full-contract-onchain,intra-on-chain,13,190.31100010871887,357208,8000000,0xf72e2880a1eb8226492960e65a2e56bcb4e3a7894b283f714d4ea151044e4423,676,780,160
full-contract-onchain,intra-on-chain,14,143.5971999168396,357208,8000000,0xa6f24ed82dc4c02035f5c34202c00a0889929d86546dda63de8ebbbbb7ed517e,676,780,160
full-contract-onchain,intra-on-chain,15,64.75329995155334,357230,8000000,0x15432d0281aeef9728c6d2651418a85b929e2fb9aba364ab627f22c9b2e1a4ad,676,780,160
full-contract-onchain,intra-on-chain,16,254.9553999900818,357208,8000000,0xf07607f9079ca2152dd890301379d6e323a7710a19500590cf4ded315d051487,676,780,160
full-contract-onchain,intra-on-chain,17,69.96919989585876,357208,8000000,0xf9e29804edf839e7e9f6e12de17ea9543a75fc09098d9a62f81d9088576461bf,676,780,160
full-contract-onchain,intra-on-chain,18,226.54320001602173,357230,8000000,0x87061abe8926c1ed5ae6f04806532c419ce0e77d950a37ebec34ac6441b31a3b,676,780,160
full-contract-onchain,intra-on-chain,19,644.2643001079559,357208,8000000,0x934a2bf6dd596076355257fd7426ab42d0634b5971a258f4d80ffb4ed6afd317,676,780,160
full-contract-onchain,intra-on-chain,20,112.54929995536804,357199,8000000,0x71d5b094fc8956233a291141b12d9b740a078fffd92797bb7bd7e503bf4273cb,676,780,160
full-contract-onchain,intra-on-chain,21,84.74959993362427,357193,8000000,0xf98c49381d7c503fda030e9897d3f605171726f9fa4ecccec1d476282adda0f3,676,780,160
full-contract-onchain,intra-on-chain,22,197.26660013198853,357230,8000000,0x099fb8d94d9ab4a5c5973f789249d625684038edb56b37e3d709b3a59f70b33e,676,780,160
full-contract-onchain,intra-on-chain,23,129.5698001384735,357193,8000000,0xf9d54fc0770c20c6a347d6dd006ee2dc23328cc7cf50460da617855af9e40c1d,676,780,160
full-contract-onchain,intra-on-chain,24,113.94949984550476,357230,8000000,0x4b65fa60497e0b405524e8ba72756d082dc74620ae4778e2a4613e64e53bda9b,676,780,160
full-contract-onchain,intra-on-chain,25,85.98189997673035,357230,8000000,0x7a567474d221db423e05afdae535bc95518b250ce4852cac8e60cf4ac6362088,676,780,160
full-contract-onchain,intra-on-chain,26,132.4792001247406,357230,8000000,0x6281d7a2058e4e8d49529aeda39300a781e289a94aa32f15b2be0f633c141bca,676,780,160
full-contract-onchain,intra-on-chain,27,286.12430000305176,357230,8000000,0xc6c3f2744e257dc247f163a255abfea49e918f3540b9f9769898701f96652669,676,780,160
full-contract-onchain,intra-on-chain,28,211.34150004386902,357208,8000000,0x73ead0c0a0f1be93eb234be0c4db77d5032388e9b3e806b8245ef2dbf76fa357,676,780,160
full-contract-onchain,intra-on-chain,29,98.79540014266968,357193,8000000,0xac0820fb5f926c31cdf349e9b7a0c0a4b42aacdec230f6ccacb83c5a558aa44b,676,780,160
full-contract-onchain,intra-on-chain,30,126.92549991607666,357215,8000000,0x5ba9fb27051e434b54220272ac82bc4453727ef863557f5df546502b8cbfab6c,676,780,160
full-contract-onchain,intra-on-chain,31,363.1026999950409,357193,8000000,0x8f229599f6d4c0d7c8a480090d226d186431275dc2e51a8dc09b56c77821fcc4,676,780,160
full-contract-onchain,intra-on-chain,32,243.43880009651184,357193,8000000,0xfb5e5249c10aded235f34620ca6e32acdb6432fe7b89a246d0e2188656030209,676,780,160
full-contract-onchain,intra-on-chain,33,54.178800106048584,357230,8000000,0x15a9a1187a028b7c4d4507b824563bea9e1a68199380a35ec26221024125007b,676,780,160
full-contract-onchain,intra-on-chain,34,236.35520005226135,357230,8000000,0x488757adf691c1f836440ecf8f350183d344eeee912412d25be0a105aaa217bb,676,780,160
full-contract-onchain,intra-on-chain,35,143.0271999835968,357215,8000000,0x4232989faaff20ef3bb8190bd8ebfc11aa992407f9e5bf10d114d0eec8aa9c6e,676,780,160
full-contract-onchain,intra-on-chain,36,98.65749979019165,357215,8000000,0xfe2ee6f20e295bdb8cada850007b2bb00805caa4c9ba3b0bbe9e37e251339b9b,676,780,160
full-contract-onchain,intra-on-chain,37,52.411099910736084,357208,8000000,0x5c42f492586a342d25d1a1ddb1c7c09f15a0f7e55630162b20ebdd241204282e,676,780,160
full-contract-onchain,intra-on-chain,38,129.19169998168945,357230,8000000,0x24e82e82b4252bb3754062fbc7d7d18d02d412a48a464b5e9b988e6c95455a6c,676,780,160
full-contract-onchain,intra-on-chain,39,84.97320008277893,357199,8000000,0xbe5ebe1be1fc0f94e1b8a03c89c1550a72845837e8fd99128e05abf70db86bf1,676,780,160
full-contract-onchain,intra-on-chain,40,1107.6157999038696,357230,8000000,0xe331199d5196e4b5abed9f5e5ae19102243903778b7f764973c1bc96d3092e9a,676,780,160
full-contract-onchain,intra-on-chain,41,147.54850006103516,357230,8000000,0x3662c0892ea07dcda38e2067bd8584afd42f88d4b36e878f1759364effcc98db,676,780,160
full-contract-onchain,intra-on-chain,42,37.94470000267029,357199,8000000,0xaa54eeee14e8cfd78189055d5b9de35195c83a5787d113e0ec5443bbeff07b50,676,780,160
full-contract-onchain,intra-on-chain,43,148.42050004005432,357177,8000000,0x6876c9e3bffc0a6d5d6a4719751ea44e2ca89b1869716101b7a7c3c45b8cb410,676,780,160
full-contract-onchain,intra-on-chain,44,116.87549996376038,357208,8000000,0xf798f0be8e22a620722313bcfe0cd40e24091317d24380fe36e52f94e3a050e6,676,780,160
full-contract-onchain,intra-on-chain,45,1382.605299949646,357208,8000000,0x45fea52026186a458cfe8d06c668eb067c62cf836cb314b257909147d772c5ca,676,780,160
full-contract-onchain,intra-on-chain,46,346.507600069046,357230,8000000,0xb578406dd84c0ac97386e785c4a36684b33fe54bbe172a703a3b2383d080b655,676,780,160
full-contract-onchain,intra-on-chain,47,486.94370007514954,357230,8000000,0xed86ecd8dad44310c6d274d88ae25bbce40287e3f33a06bb421a693fd0f7c16c,676,780,160
full-contract-onchain,intra-on-chain,48,147.60660004615784,357230,8000000,0x985b59d5f85e103db7336b7e65790333ccb749bb80fe406bef13f7fd487a0759,676,780,160
full-contract-onchain,intra-on-chain,49,379.00340008735657,357215,8000000,0xf267978a1edae9d95d2ceefe91dd4314fb7713ae32b42b1f2e839ae5f64be39e,676,780,160
full-contract-onchain,intra-on-chain,50,208.00959992408752,357230,8000000,0xcca8ba253f92d3ba712f971bbc23903a43243d760715144dfdca40fd5942b63a,676,780,160
full-contract-onchain,intra-on-chain,51,828.6178998947144,357230,8000000,0xcae8dcda7ce5299e8e55b00348d0b1d649075c9e87126898ad7fa8dbe8f27993,676,780,160
full-contract-onchain,intra-on-chain,52,406.2886002063751,357230,8000000,0xb93c42a5cdd1a7bf044684dd44b39e4bab3e5f0b079ff2acc58160899bc963c2,676,780,160
full-contract-onchain,intra-on-chain,53,396.39020013809204,357215,8000000,0x8cab1a8e508870191251ed908ba240fcf97be3c2f672979ac94aee0135d47c87,676,780,160
full-contract-onchain,intra-on-chain,54,411.13489985466003,357208,8000000,0x0b58f8dab6ff1fb16c208976c03c96a12436acaa7472ec01d5fd0a94b104ecd7,676,780,160
full-contract-onchain,intra-on-chain,55,570.1143000125885,357208,8000000,0x50cb8c57b20a2ec93a7918b4022d9853da19c5bf0af3ce7b8eb12f0cdb3e411a,676,780,160
full-contract-onchain,intra-on-chain,56,255.8863000869751,357208,8000000,0xfd347a228c4e845b01370ccd22f9faf7ce25d8c4a80d2cfd534e11fa63bc65f9,676,780,160
full-contract-onchain,intra-on-chain,57,111.7901999950409,357193,8000000,0xe7ff9d2a147f4dcf1bc0e4f778fd619d35f80671eedcca1c8814958fb11a0240,676,780,160
full-contract-onchain,intra-on-chain,58,147.24729990959167,357193,8000000,0xbd46864db2d8b9247e968c36a609e73cd14d5ac653fc16cfd4ba2768736a3b79,676,780,160
full-contract-onchain,intra-on-chain,59,181.15859985351562,357230,8000000,0x150227673cefbbab3b781efd201abd532a2f1763aa87ef9182a1b55f35a2fa88,676,780,160
full-contract-onchain,intra-on-chain,60,300.19509983062744,357208,8000000,0x73117fe4ddf0b38f9e778f950665c5ac789fe57f838ed6093d701ff11c12fa43,676,780,160
full-contract-onchain,intra-on-chain,61,174.64469981193542,357208,8000000,0x5ca08080d7d93256240bf0b8d9a9fa191c9a2288be2cda72cb9519d805bf6f78,676,780,160
full-contract-onchain,intra-on-chain,62,147.8677999973297,357208,8000000,0x334646266b15a40f90bfafda5497f87e61e1ae36430b5ad1fa6f01ecca64d930,676,780,160
full-contract-onchain,intra-on-chain,63,71.174800157547,357208,8000000,0x14a63b1e78c69cc0e1f849b584c4c356b6f37718157762c5725d07d86532f095,676,780,160
full-contract-onchain,intra-on-chain,64,148.0590000152588,357230,8000000,0xd4e8fb11b7395d4f3f9cc78dd2c69c8cb093c76cea284d4eedf562bf52daed9b,676,780,160
full-contract-onchain,intra-on-chain,65,52.34809994697571,357215,8000000,0x01b881f18c1f8b68db9fb3bbd245c3916ced5450ea0378725ed85f0d2a34685c,676,780,160
full-contract-onchain,intra-on-chain,66,546.1684999465942,357208,8000000,0x3d850b27762d4ae778c01df6423825d9c73c7f5304f5ac6f4a59611a919712cc,676,780,160
full-contract-onchain,intra-on-chain,67,284.37950015068054,357193,8000000,0x28c82a90eeda82e0894ca64acadde961cf60fd6e9f0b4f671006561293df4ad9,676,780,160
full-contract-onchain,intra-on-chain,68,54.81340003013611,357230,8000000,0xf2a20c593248c16ebb1f35418229406fab173a65672743344af9f5c4927ef41e,676,780,160
full-contract-onchain,intra-on-chain,69,118.42599987983704,357193,8000000,0xb2c774aac3480637aef9bbc3c979c577e6cea8c17727d35cef71fa60b05a08e5,676,780,160
full-contract-onchain,intra-on-chain,70,147.05189990997314,357230,8000000,0x66da2af6cc19ef7714a61d634200aa1fbd568cfdd6bd6362a96efc8dfed64abc,676,780,160
full-contract-onchain,intra-on-chain,71,380.6614000797272,357230,8000000,0xac28380d05e24427bc2b332b8af6f94cf5b8caebbe3f0e81f05a8b9c618a8644,676,780,160
full-contract-onchain,intra-on-chain,72,69.84569978713989,357230,8000000,0xdc07ae580dbb61ab86a700a5248149c50f7ec68d69ff9fa246f919b2d0e35119,676,780,160
full-contract-onchain,intra-on-chain,73,213.76600003242493,357193,8000000,0x116959a80275ab29fa4c9902db04a0d7d9577e6472d183d14734b3fb4a237755,676,780,160
full-contract-onchain,intra-on-chain,74,132.13609981536865,357230,8000000,0x771e122e8d5e4c7bd7c0fc5590e66d9e686ad176953dfd3d744a72c2fa6350a8,676,779,160
full-contract-onchain,intra-on-chain,75,83.89289999008179,357193,8000000,0x19399ca2f9b81b1162cfb6ef18c341eb5602ca644b9a8c68659a4d86f4a2b906,676,780,160
full-contract-onchain,intra-on-chain,76,592.7358000278473,357208,8000000,0xea73e6b033d2792b8f8879c046ca87b8cdd98ab4df6b17d7e63db09518ded20c,676,780,160
full-contract-onchain,intra-on-chain,77,125.60119986534119,357193,8000000,0x9cfb75e7dbdbc322df94b2cc47cf1296e84fd4beca5f1294ffd6175d1cf1f803,676,780,160
full-contract-onchain,intra-on-chain,78,83.12769985198975,357193,8000000,0x8e33f077989bed365b666c566ea72c31d4795554897071f9db3bbe0d3530340a,676,780,160
full-contract-onchain,intra-on-chain,79,771.2161998748779,357177,8000000,0x3f92b6b3c6dfaeb32ddefe14e0015c66055ae42ce467bfa618e4e9f093feb6f1,676,780,160
full-contract-onchain,intra-on-chain,80,131.36899995803833,357208,8000000,0x03c32affd8215b6739388e0aa3c61795881fa8575da5b6d663baea73ebb76948,676,780,160
full-contract-onchain,intra-on-chain,81,241.40490007400513,357208,8000000,0xd52586d351183b2cf24d78b88b1658e0aa1b6872137c6b5b7f6cc59ee345766b,676,780,160
full-contract-onchain,intra-on-chain,82,130.7063000202179,357230,8000000,0x7fd1c8704f1e39ae2e83ff361a490c092e83930a252a290e345087b9908271ae,676,780,160
full-contract-onchain,intra-on-chain,83,133.18270015716553,357177,8000000,0x0d3406c7b08d6f747e7bc77dd7c07a9bbdf6bd1eecd6e993dde8852281cff7d5,676,780,160
full-contract-onchain,intra-on-chain,84,129.97130012512207,357208,8000000,0x98b52d96dd707953620aa7037bafb3d6f4288a85a92ab83d9dd5410861aaa42c,676,780,160
full-contract-onchain,intra-on-chain,85,161.75480008125305,357215,8000000,0xaa045aa3cf05c49510336a1b81ca897a0ac19640cfc25062c7cc75318b6c3956,676,780,160
full-contract-onchain,intra-on-chain,86,145.2104001045227,357177,8000000,0xfc0dcea3f515730f53e8b5b96449a804abce19b2d3a880492435a40a1aedfe9b,676,780,160
full-contract-onchain,intra-on-chain,87,132.4498999118805,357230,8000000,0x4acf5881a3837ba1e7c474d0c039a045a7214209660e3964a9a12308b9b8e73f,676,780,160
full-contract-onchain,intra-on-chain,88,398.1419999599457,357208,8000000,0x2cb47bff5cbecdb5fb1cd8d51866804fd708a2b4ff83b4914b32a27676ab983f,676,780,160
full-contract-onchain,intra-on-chain,89,83.55830001831055,357230,8000000,0x6d71f0aedbf828080c02fb59967da527333cf73138e9279bf80c2bee3d5340b3,676,780,160
full-contract-onchain,intra-on-chain,90,71.78349995613098,357208,8000000,0xa8664b288997564f7559dde4a440a4bbb5d661ff4cc4f627bbea92b030c3fe26,676,780,160
full-contract-onchain,intra-on-chain,91,204.91589999198914,357208,8000000,0xcc896043304e327c70e52eb311c9809006590d977feef4465e348e0fe41ab12b,676,780,160
full-contract-onchain,intra-on-chain,92,275.5747001171112,357215,8000000,0x0bdaf8a5a8d893716fea578020c64255c17e61e5160b5e158e425acad4f70f38,676,780,160
full-contract-onchain,intra-on-chain,93,349.7025001049042,357215,8000000,0xe2236c7a0d84462027a3f1870b85d28305d780344dc0f22d71076234d6ab58ff,676,780,160
full-contract-onchain,intra-on-chain,94,274.86450004577637,357208,8000000,0xf30301211306106f0c5acb765105f4d71c74a549a6c799d47efb9e2c9e193df7,676,780,160
full-contract-onchain,intra-on-chain,95,67.59700012207031,357177,8000000,0x809f0237d5f8e52f47a4f22137051280c725c069265d77c516f1802022575439,676,780,160
full-contract-onchain,intra-on-chain,96,268.9868998527527,357215,8000000,0xb6cb0784053be7eaec06bdde66caa258e33de348720af31f16e77af43a9dad57,676,780,160
full-contract-onchain,intra-on-chain,97,253.1372001171112,357215,8000000,0x70654c93a93dfc6efef5731442fd4047eb2e3972aa65a9d31402b1796a231e70,676,780,160
full-contract-onchain,intra-on-chain,98,117.55310010910034,357193,8000000,0xd1c69996cfb58530dc875cd1ed43ffe05c1300a387d7a0c66cc275dc8230b249,676,780,160
full-contract-onchain,intra-on-chain,99,128.56040000915527,357199,8000000,0x949d51f258bffe8d03ac2928d881381ba354365051788e9805699b797632e733,676,780,160
full-contract-onchain,intra-on-chain,100,208.38669991493225,357230,8000000,0x012d53a95bc8f89cffc65afb281790ac7356f84617cfbd5b8a78df897b27e860,676,780,160
full-contract-onchain,intra-on-chain,101,179.83060002326965,357230,8000000,0x82c440378af5c0e6b015bf47134cfaf3796d2e63adab823e6092b53a6f3db660,676,780,160
full-contract-onchain,intra-on-chain,102,202.17189979553223,357208,8000000,0x1f817b7362c3bdaf169f57a4e30af5a7ac0a638816768ee03e6b5d347f250764,676,780,160
full-contract-onchain,intra-on-chain,103,100.21749997138977,357215,8000000,0x56c9b67a0a28e4b9041c0f6eb4d774f5f56ca8f5f7dd61320df1075103eee8e9,676,780,160
full-contract-onchain,intra-on-chain,104,72.42580008506775,357199,8000000,0x159bffac097f9a4889857bbfc4abab068ef77315974a504639542a7f31b3a9d6,676,780,160
full-contract-onchain,intra-on-chain,105,593.7875001430511,357230,8000000,0x663577b14d08ab3bfbd03dd6d30620e1077e48b0b8bc0ea7ca50de290bebbf85,676,780,160
full-contract-onchain,intra-on-chain,106,99.81049990653992,357193,8000000,0x96e4d3b5b4519ee9a5d6d8d906348b11d0afff53eb51674e8580ccdce4faecd8,676,780,160
full-contract-onchain,intra-on-chain,107,257.02409982681274,357230,8000000,0xf111cf90a2a4b19fe649684d9368d4568827823ec0aa982df49eeaf8a6a84df9,676,780,160
full-contract-onchain,intra-on-chain,108,717.8788001537323,357215,8000000,0x7a94f41d953bb29bd59a1222e5cdf8720acd966d193723eaa17a454258ea8ac2,676,780,160
full-contract-onchain,intra-on-chain,109,54.45180010795593,357215,8000000,0xb586143eb23d5b4ec0e1a7a03cf3921ea1a6c1bb687a7a8764575fd423f4bb25,676,779,160
full-contract-onchain,intra-on-chain,110,407.9930000305176,357208,8000000,0xcf7165545761c2c26329ccce4d5db6f9ad6b2f192feae091a976d312bd1a2d1e,676,780,160
full-contract-onchain,intra-on-chain,111,362.2427999973297,357208,8000000,0x8892de1fd35fdd5b113f6f00d94c6b2320724e3061df9dc8247ff962b7072df1,676,780,160
full-contract-onchain,intra-on-chain,112,288.71539998054504,357208,8000000,0xb640b96ee5b7553e7c9a9034ae6f2d8be9b5d74fd89f7b8b8f3f5bf45536f954,676,780,160
full-contract-onchain,intra-on-chain,113,253.36789989471436,357230,8000000,0x8f5eaa33cbcda961f312222a187310dc040a7f3cd0a55f5754928e898097f9ca,676,780,160
full-contract-onchain,intra-on-chain,114,485.59450006484985,357230,8000000,0xca93d0a937e53140798f10e857af1a182bddb1fc4c9a3819add5c7584087b012,676,780,160
full-contract-onchain,intra-on-chain,115,97.41480016708374,357193,8000000,0xd4c48e0e2faa404696edcb49c0df121e8d50174b61620bfecce6c73840067b63,676,780,160
full-contract-onchain,intra-on-chain,116,529.4542999267578,357193,8000000,0x6b66bb465c0dc2faa6ebf55117eb50a5962aeafddd32aab16edd164b99156589,676,780,160
full-contract-onchain,intra-on-chain,117,255.6396999359131,357193,8000000,0x10426c101ac1d6bae07f2131fccc5d8fad15ab606b7adb84f96b1250109592e6,676,780,160
full-contract-onchain,intra-on-chain,118,147.29209995269775,357230,8000000,0x2bcdd90380e9fe3b7db3b748983d4c164237e705f0d20033a93dc25a9ab06dd7,676,780,160
full-contract-onchain,intra-on-chain,119,103.0543999671936,357208,8000000,0xf77277f4f7ee8bb865635f642dcbe900ba335fa10297ef0b7b17448cff26502e,676,780,160
full-contract-onchain,intra-on-chain,120,788.0898001194,357215,8000000,0x67eed038e2866e94c67ed16cee293cc3fa6e995c06b7da61d729af52e26ce6a7,676,780,160
full-contract-onchain,intra-on-chain,121,164.79350018501282,357208,8000000,0x9685a2767e2971df3741b32e1c8a76cdfcc628805e5c93ade8e86e7789644b91,676,780,160
full-contract-onchain,intra-on-chain,122,585.1172997951508,357215,8000000,0x2e34e9b7539c981221d5221c3a3098aeb474377f399daa069719d9631621a9d0,676,780,160
full-contract-onchain,intra-on-chain,123,318.33259987831116,357177,8000000,0x7b4a65f34856d9b4bd914aaefa91074f4e694055f04e88ba011929f5879820ec,676,780,160
full-contract-onchain,intra-on-chain,124,66.96600008010864,357215,8000000,0x4c82ffad66af9e1449c2a88af15a8bafd00508496081a8075d0a917b384e4826,676,781,160
full-contract-onchain,intra-on-chain,125,296.44630002975464,357193,8000000,0x3aad23ba82c659f0cd0bae112df0c899939185d68bc66d521e949970953092f9,676,781,160
full-contract-onchain,intra-on-chain,126,102.38559985160828,357230,8000000,0xbd59e49a9cb8a5288d139d5494fb7ea079491b3f3bfe08b154effff564accecc,676,780,160
full-contract-onchain,intra-on-chain,127,101.7966001033783,357193,8000000,0xf7a9d1511e714fad0ff38449a596234893cd0117adcfb843dce5369e088dd8cf,676,781,160
full-contract-onchain,intra-on-chain,128,299.5918998718262,357208,8000000,0x0631796b92d0bad7a38e36817377088a7b79e35daf66ce94e44516514bcab106,676,781,160
full-contract-onchain,intra-on-chain,129,51.46799993515015,357215,8000000,0x9f0f69fa72c7965503aef8dc2c2866c5be812c2396db1c17c9976c9fe4475968,676,781,160
full-contract-onchain,intra-on-chain,130,164.42549991607666,357230,8000000,0x416a169fa79cf329f28da1a6068691abd9768d1c2209305d1574d6a05164f163,676,781,160
full-contract-onchain,intra-on-chain,131,551.8507001399994,357208,8000000,0x85a0881318447b7d54dca31f0b817fe0a52450f7e76f192a98a271a97ef005d1,676,781,160
full-contract-onchain,intra-on-chain,132,825.4995999336243,357215,8000000,0x69c93d9aedb5af9d0e7daa773fbddc852c6109616165d9c497f4865ffd36a732,676,781,160
full-contract-onchain,intra-on-chain,133,427.62660002708435,357215,8000000,0xc7e6d72d5f1f942d90e29c6cac4c8a98aebe0319cf8a086128a19a690a0f8dd0,676,781,160
full-contract-onchain,intra-on-chain,134,243.13670015335083,357208,8000000,0x2c2a4b966429e7c2eecc46e169e4300e6261ecca21e1c712499ddb673c48a1da,676,781,160
full-contract-onchain,intra-on-chain,135,85.54970002174377,357230,8000000,0x3399989e948d071c2298dcef8c85ccdd7d13a821210ec84529fec85bf7dd8be3,676,781,160
full-contract-onchain,intra-on-chain,136,223.2061002254486,357215,8000000,0x84662a69e3c4913b6429cd002a8cbdb38fff3393b05adc16418b9cef1e66f9bb,676,781,160
full-contract-onchain,intra-on-chain,137,37.19849991798401,357230,8000000,0xed3927cd55e03855a9874e0b75a026843fac9bf5f6b99e0e447eadabb4baf7dd,676,781,160
full-contract-onchain,intra-on-chain,138,469.59800004959106,357230,8000000,0xbcab4ce1a846ba9230d61e126f347725bf746483d26a69ea6abb2a3c995c5a31,676,781,160
full-contract-onchain,intra-on-chain,139,253.32130002975464,357230,8000000,0x281f108aea892409851db1a74ecb94d129511e650a9c70522d2bb7a2da173c5a,676,781,160
full-contract-onchain,intra-on-chain,140,600.1521999835968,357208,8000000,0xf6739fa8d45f5fda6397893f526e3a279e1366dd0410716ed23536a92df8863b,676,781,160
full-contract-onchain,intra-on-chain,141,318.36960005760193,357177,8000000,0xbf5ee9bb7406a11cbf5c62ab47385cc6d1c03cdf94d8a10bde71cddcc864f10d,676,781,160
full-contract-onchain,intra-on-chain,142,457.8819999694824,357193,8000000,0x4e91cfa669f9fccb41a245adb0425b8dd7fb9e90b5ba812ede58213b2e928ba9,676,781,160
full-contract-onchain,intra-on-chain,143,54.18190002441406,357230,8000000,0xb2a038313d0ae49f33bfe3635ff0ccf1b056155a774a421a41751eb885bb3fd2,676,781,160
full-contract-onchain,intra-on-chain,144,367.5003001689911,357208,8000000,0x771172bf625baee7790b02d2494102c4a9f7acfcfb4b49d27bf4fec24b4f6ec0,676,781,160
full-contract-onchain,intra-on-chain,145,443.95500016212463,357193,8000000,0x4b05c05aeeab045e9e5032d78327bf535710c1a5748436d2183c7e4d7b526b68,676,781,160
full-contract-onchain,intra-on-chain,146,101.93929982185364,357230,8000000,0x9102346e6ce00b33161345718e8bb253f1151e8c627dccb20b6a5c62f8e42369,676,781,160
full-contract-onchain,intra-on-chain,147,179.3850998878479,357230,8000000,0x04af9bb4b35dc123f1ebce7fb8d30573a5a608d0b752d57e7682b2c2c7d424de,676,781,160
full-contract-onchain,intra-on-chain,148,42.09319996833801,357230,8000000,0xf55002191d431a3f9ce3aa73d0092192c15185a7d4d7ea381b370b0680639abc,676,781,160
full-contract-onchain,intra-on-chain,149,279.4332001209259,357208,8000000,0x4fae6c99b14c7a169202edf0c1aa3a86e08ce3cf67cbf165a87317540221bacf,676,781,160
full-contract-onchain,intra-on-chain,150,651.1079001426697,357230,8000000,0xeb4eefdbdb2aeaaaa8af043627fc1c2dc067d5999617d1509fd7d2b6cff7ddcb,676,781,160
full-contract-onchain,intra-on-chain,151,306.7301001548767,357208,8000000,0x8ce0cf23e93e46a9c5b87709029bbff21722c59476309e54050fe8ccf9fbc76f,676,781,160
full-contract-onchain,intra-on-chain,152,118.25280022621155,357215,8000000,0xe5ed91542fdf5d3b1849235262cedb21d5eddf594e8ea3101243cf444274384b,676,781,160
full-contract-onchain,intra-on-chain,153,83.31560015678406,357230,8000000,0x3f89154593cfd14123aac1987ae1f0bde1066ebcf1f3c848ceebd2a32aa1cdc2,676,781,160
full-contract-onchain,intra-on-chain,154,157.61849999427795,357208,8000000,0x247f4a0131f174ddb5fe8052b436e610034f39980d9d630734eccc4e233ab6c8,676,781,160
full-contract-onchain,intra-on-chain,155,132.00859999656677,357230,8000000,0x42696bcd87e442754f98f1034453a1f59265ac94fbd9a8b5bfb84235fbc27115,676,781,160
full-contract-onchain,intra-on-chain,156,582.2139000892639,357230,8000000,0x91a9ead80f125c6ab7eaad71464845a95e94dbb3c137ec1da5946d933647b491,676,781,160
full-contract-onchain,intra-on-chain,157,172.72869992256165,357230,8000000,0x3f77c0b566076041386d8a030837f862693b9ddb5a7b1e45c941580900057504,676,781,160
full-contract-onchain,intra-on-chain,158,67.83899998664856,357230,8000000,0x6af78bf7bc426560459d59314bab44d42cec4d73925b8ca8b84ad0ea6a078a33,676,781,160
full-contract-onchain,intra-on-chain,159,143.7489001750946,357193,8000000,0x38b5968ee850d5ccc0d2fd769e53d03a41d8730cf7b4f79739d4a41b46b7e07f,676,781,160
full-contract-onchain,intra-on-chain,160,72.29499983787537,357193,8000000,0xc03a43883edab902b32ce9b46d256fe657bea1db8deae53d40172204b16f0b39,676,781,160
full-contract-onchain,intra-on-chain,161,535.8933999538422,357215,8000000,0x34980826a47e8fc442abba744f0403bc5c6df6fa78861c0b37e659c20e327e14,676,781,160
full-contract-onchain,intra-on-chain,162,189.773099899292,357215,8000000,0x3ce40d28e733b6a3516cea7f18d454147cdc099168dc3113fb5b072251c8bb88,676,781,160
full-contract-onchain,intra-on-chain,163,412.09479999542236,357208,8000000,0x70b0e272945b2063182bb3aa7e390990cf77bce3695d473f56ffc5812379641b,676,781,160
full-contract-onchain,intra-on-chain,164,49.93879985809326,357208,8000000,0x3cfef76a1185fad2a260f2b53de1f05a559f8fc237868e4eee9206ff2f5ee1f8,676,781,160
full-contract-onchain,intra-on-chain,165,282.65380001068115,357193,8000000,0x551280572c3932ea894fc7bb19a79ed9b52a0e2ed7ad40275970e50ad5188362,676,781,160
full-contract-onchain,intra-on-chain,166,108.94670009613037,357215,8000000,0x772299b55de7b3644ca28a3cd616d6d09ea7f86d424e29292071922b6a889eda,676,781,160
full-contract-onchain,intra-on-chain,167,252.69319987297058,357208,8000000,0x90597d3265f49225b1c48ac18bd42032fd918d92509cbd1644883de7db00c602,676,781,160
full-contract-onchain,intra-on-chain,168,117.34890007972717,357215,8000000,0xc582af3c9a8f1e2bb5df04b18514d6a99d7d16ad83720213c1b9d37cf04394ca,676,781,160
full-contract-onchain,intra-on-chain,169,717.1797001361847,357177,8000000,0x86ca10df23f4d47abe2f5a794e693b002516215376e11420f7c89f2ab56c3a05,676,781,160
full-contract-onchain,intra-on-chain,170,25.026700019836426,357193,8000000,0xb85d78ee55dd958a97623ce18514d2a22f557adb878959114ee3f03a5c19355d,676,781,160
full-contract-onchain,intra-on-chain,171,505.0555999279022,357199,8000000,0x32fbf0490e33a2e6c1333a5e3d3624dfeb62e74b952a6e0f39f47072ab2f0b35,676,781,160
full-contract-onchain,intra-on-chain,172,334.32620000839233,357230,8000000,0x9483e4afb3495d7e84ad1ec1c514e3557c2f4e03b6151f83fe14a04a4bf51dca,676,781,160
full-contract-onchain,intra-on-chain,173,695.4004998207092,357193,8000000,0x855b2ad1d91e9a38244623fb0c017692125a808af911e1333616eec3d8cf9b66,676,781,160
full-contract-onchain,intra-on-chain,174,228.25480008125305,357208,8000000,0x26090fe428f04115f66d2f2aee14acd0b41aa8ef05b3de0b908494b414602e34,676,781,160
full-contract-onchain,intra-on-chain,175,178.76950001716614,357177,8000000,0x48f5e6e47989a86de6084d68a61bb308d8a414869f63fd627bd2c5eb480ea44e,676,781,160
full-contract-onchain,intra-on-chain,176,254.99520015716553,357230,8000000,0xe655f53c17838aca3752718125ca64b29997e5ce4a02eea284d4b857bed37534,676,781,160
full-contract-onchain,intra-on-chain,177,39.94120001792908,357230,8000000,0x8f976fddf9a3e6b72d7c75ab154e31a9e024150f4586d8cd31f056703870e669,676,781,160
full-contract-onchain,intra-on-chain,178,132.1579999923706,357230,8000000,0x626466c2c447c463700dcc4deccf475cf4adc6d121c181e10a077629b66a6c5c,676,781,160
full-contract-onchain,intra-on-chain,179,193.25079989433289,357230,8000000,0x0dcf0fb9f0815e5f6de7722a1746cf0e6cc5ad2b4d09581f5b217f3ec6bc04a8,676,781,160
full-contract-onchain,intra-on-chain,180,327.1302001476288,357230,8000000,0xef49122c78d14d867f1da3ad231029024682941507bf64641af8c813859d36cd,676,781,160
full-contract-onchain,intra-on-chain,181,101.12809991836548,357208,8000000,0xeac976108ba5bcf3df94a85f443f433044ad53f15b4126275082722f78468608,676,781,160
full-contract-onchain,intra-on-chain,182,414.11820006370544,357215,8000000,0x63194c1c2b23042e7eb3cdbc1e94e1b7f88342cdb33a830be25fcc52b279f4ef,676,781,160
full-contract-onchain,intra-on-chain,183,54.95599985122681,357199,8000000,0x6b2dba6f1067cc0031c21bdc304cb05c7c08eac741df4ff5ac9e3a78515c89d6,676,781,160
full-contract-onchain,intra-on-chain,184,196.90369987487793,357208,8000000,0xea4ea52b1ecf1c407a3d4ab02a359cfa9233dfe7e485c221b7a0f2a969912cff,676,781,160
full-contract-onchain,intra-on-chain,185,251.7292001247406,357199,8000000,0x44007ad4f7066495da77922b916b5ca406baf77248dbf50370c69f8fa25e30f6,676,781,160
full-contract-onchain,intra-on-chain,186,492.7767000198364,357177,8000000,0x6adfbf9a4077ebe8c7cd1da1a2652cf3e35aadab912a436b8f1e8f32852c3a5e,676,781,160
full-contract-onchain,intra-on-chain,187,56.11959981918335,357208,8000000,0x9c4c5c013dd43747c10092559c9b9a47ed3a643b42042d8c9a794dd1aef29f7a,676,781,160
full-contract-onchain,intra-on-chain,188,191.80370020866394,357184,8000000,0x8acd8ae30c61020dfd0a24a24601fcdfbb9e10d20fb25511e43e0198fdde57d7,676,781,160
full-contract-onchain,intra-on-chain,189,55.8497998714447,357177,8000000,0xe2b8d6b059f9ba38de40e5c4575d701c2c327a8344c302e85e04f92ece365db1,676,781,160
full-contract-onchain,intra-on-chain,190,173.70190000534058,357230,8000000,0x857d65cf8c32e246714b57034116724e8f1209cd859a9ca85a10e60529b08ecd,676,781,160
full-contract-onchain,intra-on-chain,191,254.78949999809265,357230,8000000,0x733c57b111a5ed3bf6002d5c7bea0db17520542d194cfa1d76838df152ac50b1,676,781,160
full-contract-onchain,intra-on-chain,192,226.5541000366211,357230,8000000,0x43b33ef52fd0b1f57257d71a55369bdcbbd44860680f6396321acaa87d8e076f,676,781,160
full-contract-onchain,intra-on-chain,193,241.30309987068176,357199,8000000,0x534bb5e82df1468f2447b591743e3140c2215ebab485132f0ef98f84adedcc88,676,781,160
full-contract-onchain,intra-on-chain,194,54.09340000152588,357230,8000000,0xa0be43c88b7f2d579d795ba1169312787aebc11c447dccd7bd417e2e72b6c038,676,781,160
full-contract-onchain,intra-on-chain,195,211.0369999408722,357230,8000000,0x11e0dcee1cba7bfa74546ad36e35332feebe2b317c150527bbea5d24bedf8116,676,781,160
full-contract-onchain,intra-on-chain,196,405.5656998157501,357193,8000000,0x4557ae37f149ef8f5d9e9d5f27ccb7879ba7b697041bfa8dc263cddccf82dd9c,676,781,160
full-contract-onchain,intra-on-chain,197,450.81229996681213,357215,8000000,0x23ce4cbccf50f185803d6f203dcfc989268b5e027686fffa5b9251b513b4fb14,676,781,160
full-contract-onchain,intra-on-chain,198,69.68500018119812,357208,8000000,0x0aa1fc9bef92ca62c3b3cc36464149a9af3dca2cf5d8e865c78130af27af4deb,676,781,160
full-contract-onchain,intra-on-chain,199,207.71449995040894,357230,8000000,0xb7d602be4533c83ae7c5560808caa1c777654ebdf283472f9ffdcdeaa9dd2ff6,676,781,160
full-contract-onchain,intra-on-chain,200,115.43450021743774,357193,8000000,0x15ff03337e84217fc38e5d8a88b16f2a41ca9f5d47fa612eac2e018eddacb054,676,781,160
full-contract-onchain,intra-on-chain,201,378.9551999568939,357193,8000000,0x8ba379fd3143c1b7ec26efc9cec8e83c212d7c905532ee0c1c518f6e6bc58d53,676,781,160
full-contract-onchain,intra-on-chain,202,37.6667001247406,357230,8000000,0x92d52d05df50a7aeec19dd0b97b82e9f976ad624d68838bce343baed4f9dfb7b,676,781,160
full-contract-onchain,intra-on-chain,203,205.98149991035461,357193,8000000,0xfcf62b442407c7571f344bd046c143286130aa048c3deeaa055081422f9382d8,676,781,160
full-contract-onchain,intra-on-chain,204,158.83870005607605,357230,8000000,0xca0248f812bfe0257a3b1fea280840d3aca61880d1c2f59ddbd306ad7bb2f9e1,676,781,160
full-contract-onchain,intra-on-chain,205,86.53610014915466,357215,8000000,0x1affd6bbf29ff017cd3faaab948c773e797aa5f4ef8ac5948dbcf0ca26db3546,676,781,160
full-contract-onchain,intra-on-chain,206,319.0724000930786,357162,8000000,0xb892376654265f5b8d97fc95a6d060c829e1ab009625717627e3e9d9f3dfb3f6,676,781,160
full-contract-onchain,intra-on-chain,207,85.41919994354248,357215,8000000,0x007f90c477e16bfdd7f5771202ce2f229d06c3438acd3905474efd4ba9252337,676,781,160
full-contract-onchain,intra-on-chain,208,718.0066001415253,357208,8000000,0x4c64023ce1e47907cd2c2b5946a76f7957b3ff06fe00920a02dc54a24b407ef0,676,781,160
full-contract-onchain,intra-on-chain,209,331.5153999328613,357199,8000000,0xa199d88c35cb8531a867da77a89e051e9202948db03352b8395ffadf4282e96e,676,781,160
full-contract-onchain,intra-on-chain,210,504.9716000556946,357230,8000000,0xa7d21e2562dc5ef6c853ef75c32da2519087b99dad0533dbf3611cbc0f9646ff,676,781,160
full-contract-onchain,intra-on-chain,211,222.6412000656128,357230,8000000,0x0e7bd0b6a03f52e6dbf0c6373dfc0a6e14d296e4c212d18437b921a21751f5cf,676,781,160
full-contract-onchain,intra-on-chain,212,86.60439991950989,357230,8000000,0x535775a5730158755acbcca3cc1e75c7a491cdef4e2e708d6c8dccc5aa813278,676,781,160
full-contract-onchain,intra-on-chain,213,487.06870007514954,357230,8000000,0x8823068b2d3a7dec803e4207fa642051590b5147e5b08474146264772f443bb6,676,781,160
full-contract-onchain,intra-on-chain,214,444.748300075531,357215,8000000,0xb38eb943f168a481bddff74b6cad8e170d4c6179e110665e9609aee7163b2190,676,781,160
full-contract-onchain,intra-on-chain,215,209.48880004882812,357193,8000000,0x31a0b09c9c5a5a4923009fbda5798bc98eea196b4f5bfedd7bc42b285ee42b40,676,781,160
full-contract-onchain,intra-on-chain,216,130.36179995536804,357215,8000000,0x2cef66339cfbe061393a286cd886da784c7ab6472ba2ff2bdeb3d1f3de8a8124,676,781,160
full-contract-onchain,intra-on-chain,217,224.2616000175476,357215,8000000,0xa5e0bc0b8294ad35c528279ff43ea40eb80ce6e64116b8ee3ec9b8728e8dc5a6,676,781,160
full-contract-onchain,intra-on-chain,218,130.8724000453949,357193,8000000,0x910c3e51bd2b231b0d9425ce3cdfe64d454f5e6fd36e4a4d7cfbc7cef65998b4,676,781,160
full-contract-onchain,intra-on-chain,219,210.79470014572144,357230,8000000,0xcfd0e1962f0f687ea0ed31bd44eedc699e3775ee608713a784cbcd56e0af1ea1,676,781,160
full-contract-onchain,intra-on-chain,220,128.12979984283447,357230,8000000,0x87796abd248f2af52dced1f8e2091365802d3021a78ec2dcf4d1f0b13c21c55e,676,781,160
full-contract-onchain,intra-on-chain,221,67.27310013771057,357215,8000000,0xd621fd807089f8ac3fa7a1611b59e7c0fc8093b503662586ee005b3dcf737960,676,781,160
full-contract-onchain,intra-on-chain,222,396.5920000076294,357230,8000000,0x32faef3c2e1576ca47b84e710d414fe5b3cfb8b7fec0f323e8c79a8dfc3269b5,676,780,160
full-contract-onchain,intra-on-chain,223,53.35980010032654,357230,8000000,0x2b4b1e92f35d489372f653a8c490216f02c82a85d9179da823c7b84850fe8ab4,676,781,160
full-contract-onchain,intra-on-chain,224,99.88650012016296,357193,8000000,0xfe8e1efba4eec8d95b6e94670ba6b568e042708ea493d5e5d1659abf46fcb751,676,781,160
full-contract-onchain,intra-on-chain,225,85.1859998703003,357208,8000000,0x3316b2a61f8c7f778713fad7915804abe9122fdc0740369e83432bb6cb08c711,676,781,160
full-contract-onchain,intra-on-chain,226,255.041100025177,357193,8000000,0x6b670aa6c77ee590d3ce745b6e663debc1f4a25397519f5b553b05af678fd282,676,781,160
full-contract-onchain,intra-on-chain,227,163.52640008926392,357230,8000000,0x35faab71c5b41c79927b1eef891935a87ebb0c79f38ca30d694a166dc342928e,676,781,160
full-contract-onchain,intra-on-chain,228,52.75539994239807,357193,8000000,0xb2aff8706a2dcc2a1bbdd0ad32695c323e4484beb449fbaca8518ce20253398f,676,781,160
full-contract-onchain,intra-on-chain,229,345.50880002975464,357215,8000000,0x2e2861da0ee728e9fafab370fa771a6550de7e85482cfce66783da6c82d89aee,676,781,160
full-contract-onchain,intra-on-chain,230,159.67739987373352,357230,8000000,0x2ccc87174f9b204d5924c08cc39e2a0839f9d1f0b32e24d0a6e8ad5087fbe0f2,676,781,160
full-contract-onchain,intra-on-chain,231,459.13240003585815,357208,8000000,0x7fd5403df5c5c07da0272930f661697f626a962066941b16dbe5e4667c6076e4,676,781,160
full-contract-onchain,intra-on-chain,232,177.06719994544983,357230,8000000,0x54842adc95bef8ba91125cb1d06cb1daeb217f2cf841fc925f55b3907d2e0700,676,781,160
full-contract-onchain,intra-on-chain,233,131.07800006866455,357193,8000000,0x5c953a2dcb91e6e97cd2f44c49398d49e99404935adb291ddb49fe6a50e5144e,676,781,160
full-contract-onchain,intra-on-chain,234,424.343199968338,357215,8000000,0xd6e04a6ee2d94381ff85f4454dc251dab2c8adbaf132d30e8ae24c8d65538eb1,676,781,160
full-contract-onchain,intra-on-chain,235,470.9926998615265,357208,8000000,0x9da3951a87bd81e77e6e83bcdc985b249dd5faf825aeaaa1c99493fe6085f186,676,781,160
full-contract-onchain,intra-on-chain,236,159.69449996948242,357208,8000000,0x2b0c36ebc2721138cc5910c1b68b246e7d740199a15cdf65ea8e98bc577e9464,676,781,160
full-contract-onchain,intra-on-chain,237,100.65630006790161,357215,8000000,0xfd3c70514ec81d058239a2af4d74155f058cfa2718fa3798ae4f9ffb59c83fc5,676,781,160
full-contract-onchain,intra-on-chain,238,53.56749987602234,357199,8000000,0xdefff526d3a5cc8ef364278486de87a141d7dbdba96b50d379e7a6c4703706f7,676,781,160
full-contract-onchain,intra-on-chain,239,287.35890007019043,357230,8000000,0xd295ffcf0b1a5591b9288c6def4639e84ae394fa3372f11759e426528ea6fb87,676,781,160
full-contract-onchain,intra-on-chain,240,120.16110014915466,357193,8000000,0x1ae696ce44bdf77a45ebc364b5048213f317db2a7ed955bfabfa10fc972b8d31,676,781,160
full-contract-onchain,intra-on-chain,241,209.49309992790222,357193,8000000,0xd0866117d7438fce00abf68641025f7ec6aa0f219f410a39c890023482edefb8,676,781,160
full-contract-onchain,intra-on-chain,242,640.9400000572205,357230,8000000,0xf3dc35a8c745d091c01dad8340023f9e8d68dd0be61d6033859feafaf857cdbe,676,781,160
full-contract-onchain,intra-on-chain,243,73.77509999275208,357146,8000000,0x578dd3ea37f0aaa2c6abbb9cc7827af9891e6d2c4c78527af6b25877378d8280,676,781,160
full-contract-onchain,intra-on-chain,244,505.2475998401642,357193,8000000,0x32e37831c86e2758c2cc8c36a913fa0c8a38ad2d0f577f67e061a0b26576c810,676,781,160
full-contract-onchain,intra-on-chain,245,689.3363997936249,357208,8000000,0xfe971cd6fcd783c18bd0c5759615e097f2025d2b6fa8ee0897956801c0999a82,676,781,160
full-contract-onchain,intra-on-chain,246,269.96399998664856,357208,8000000,0xd45c87e8bde9000d8e2adbf9634e42d4c299f0cd188032c9a6081208a2f5a36e,676,781,160
full-contract-onchain,intra-on-chain,247,211.2470998764038,357215,8000000,0x8f6f21e7c112a192160476eddd37ab9465f86f93dc2e80c3fd59287fc449cba0,676,781,160
full-contract-onchain,intra-on-chain,248,55.597400188446045,357230,8000000,0x114bd635a853fcea365b512f04b998fe7f36255ba1f276c5ff19479cc60dfa59,676,781,160
full-contract-onchain,intra-on-chain,249,161.4646999835968,357208,8000000,0x080941f654e7d868abcf9bd766c156f2e211d7db2aa474558fbea4601aebc519,676,781,160
full-contract-onchain,intra-on-chain,250,101.31879997253418,357215,8000000,0xf8413b6aad79d24fa7bebc9df4a387ed6f665aca60a653202389981e474e369e,676,781,160
full-contract-onchain,intra-on-chain,251,41.54010009765625,357199,8000000,0xf7c6c4d2de0f0be82624e92a81b7040a27107c1336a6ce7881a69c96c8a161c7,676,781,160
full-contract-onchain,intra-on-chain,252,561.3731999397278,357208,8000000,0x7f27df35e4616c6119169da40fab658af2cd434899a6aef1cf606e5d3c0cc707,676,781,160
full-contract-onchain,intra-on-chain,253,321.1726999282837,357230,8000000,0x1a21e8bd995281ab184776ddaa71a5b3b3e4766f17bc3220a1d20323f5bd45a0,676,781,160
full-contract-onchain,intra-on-chain,254,211.69489979743958,357208,8000000,0x75fc52a62a8c91b7619186f0a031a0ee9e723dd98508af5768ae7ea0b1027909,676,781,160
full-contract-onchain,intra-on-chain,255,241.28549981117249,357230,8000000,0x512d1afe0bf83add4b726fd96e7c64ade9862810e29f64a446a21b2494d6e6bd,676,781,160
full-contract-onchain,intra-on-chain,256,1065.1136000156403,357215,8000000,0x88d2c97e29d5c90886bbad1374e602506a52c4d64cc27bc9e3c4eeafe6457910,676,781,160
full-contract-onchain,intra-on-chain,257,177.4283001422882,357230,8000000,0xe0ba51d142be7fca28281b3de7765d2d5afb2d0bb166b5144e8c92cded7c09ad,676,781,160
full-contract-onchain,intra-on-chain,258,206.61070013046265,357208,8000000,0xf5c24ef6392c3730aea3b1ece01a291e57d878d9be67e6163c213fc2cf45203b,676,781,160
full-contract-onchain,intra-on-chain,259,118.60609984397888,357230,8000000,0x9b2f859bda55626f966861a808707233bbdec6ba817d90f7d505bcdf56316e78,676,781,160
full-contract-onchain,intra-on-chain,260,37.679500102996826,357230,8000000,0x55e74cbdb32578a0942130d7a9b95908e04ed8f6541fee221673ba55911b764c,676,781,160
full-contract-onchain,intra-on-chain,261,364.94350004196167,357208,8000000,0x2965e9214d95c8c54e129647f54792a1b2c0188a73940dfad505873dfd0c0e38,676,781,160
full-contract-onchain,intra-on-chain,262,207.25239992141724,357215,8000000,0x336af881ef5ce678e1f51dcb3acf7997522a4b95f592c0bded9211157b6d838b,676,781,160
full-contract-onchain,intra-on-chain,263,34.91980004310608,357230,8000000,0xe0f4fb1f5c47767e0e4c6658affcac7dca3169f9b868a99c0f0915389db759c2,676,781,160
full-contract-onchain,intra-on-chain,264,98.64070010185242,357177,8000000,0xef9a23a533ab0e8b207853e086e3bebbf6606ff19d8efe39424bec1df40d9ea8,676,781,160
full-contract-onchain,intra-on-chain,265,144.14010000228882,357208,8000000,0x4f7748f1863b4aa451c5933665f6890e87a1e8dd2b33aba74f0020e8c764330d,676,781,160
full-contract-onchain,intra-on-chain,266,103.88240003585815,357230,8000000,0x5418c2fe1cea7042d32e708b4daea6beca26a85b8a0e889c94f3becc0f4e9e9a,676,781,160
full-contract-onchain,intra-on-chain,267,333.5599000453949,357193,8000000,0x8ff86f49378a78902e4ff7c6c4598e58ccd52be948207e6cc9eda79de7345f94,676,781,160
full-contract-onchain,intra-on-chain,268,42.19140005111694,357208,8000000,0xb40aaa23c7e69c20df7d0c1bbb0bc49d535b37633c8b7740cb59373383e6454c,676,781,160
full-contract-onchain,intra-on-chain,269,144.2970998287201,357230,8000000,0xf0c74776343d5de92f67b3c574135e619e9f2cfa0e08b7c9752598d3982b21fa,676,781,160
full-contract-onchain,intra-on-chain,270,241.231999874115,357230,8000000,0x83e64c60922c1449fa0f1cbade60a740c75ab69ff7fb55a4d798fd3a4872336f,676,781,160
full-contract-onchain,intra-on-chain,271,429.36699986457825,357208,8000000,0xcce04c0f18f21463176bee1650daa2c07f2d6f4271419513631aa49a3d3c623b,676,781,160
full-contract-onchain,intra-on-chain,272,50.44950008392334,357230,8000000,0x9805e3e63458fc356cdf3e5856735491b0667fa03caa528a331fd6590fad1e09,676,781,160
full-contract-onchain,intra-on-chain,273,342.88070011138916,357208,8000000,0xc64528749c361bca327eb644519acaf81abe783e97b4859d11290f80f991a584,676,781,160
full-contract-onchain,intra-on-chain,274,160.2901999950409,357208,8000000,0x4919b4a5f4c3dbb5534e109b74852c69424a40c16be0b46d5a22f994405678c3,676,781,160
full-contract-onchain,intra-on-chain,275,56.74620008468628,357177,8000000,0xce8acd2cb64957bbab770cf67028483e544641e74996e6e6f0d985dc5d2c427f,676,781,160
full-contract-onchain,intra-on-chain,276,116.5518000125885,357230,8000000,0xd2b489c9b90841681fd73855adbac77e36c8e1eeead59a1f7651011b062bf4eb,676,781,160
full-contract-onchain,intra-on-chain,277,131.63760018348694,357215,8000000,0x26be426d50438b75e5faf978845fcb47d670921b826df064485e370d56b68124,676,781,160
full-contract-onchain,intra-on-chain,278,164.3585000038147,357215,8000000,0xbf52a0552f860d5c0682ae0a3a6a804a309bede9194b3ad69f86bc3d7457f66e,676,781,160
full-contract-onchain,intra-on-chain,279,329.9314000606537,357230,8000000,0x5d595077993484dbce4d64a9a7af5d9ea1fdc4525ab221957c54b4411b5624f4,676,781,160
full-contract-onchain,intra-on-chain,280,69.47680020332336,357193,8000000,0x8f760da8747cce0ebaf2fac4ff427014440291dae5d178564e1bf3c3fe1a31f7,676,781,160
full-contract-onchain,intra-on-chain,281,141.37639999389648,357208,8000000,0x52373390adef4037f019717b263e9509aa143f3ac6049d85caed2d3cde6be972,676,781,160
full-contract-onchain,intra-on-chain,282,57.3189001083374,357230,8000000,0x7f58e710c05c23c6ddac60a6160f43ee00660632e06fba1a4b5248f38f72ccd8,676,781,160
full-contract-onchain,intra-on-chain,283,143.21429991722107,357230,8000000,0x5ca357e8ed0f7df7f6df9d101a61095c57ab63eca1ea4fdee6bdd46aba0ba627,676,781,160
full-contract-onchain,intra-on-chain,284,364.0613000392914,357208,8000000,0xf6bd3d5e0f27bb2667e42abd2a83f4c284d8e0f11be3bf811429b10145d1e227,676,781,160
full-contract-onchain,intra-on-chain,285,147.62930011749268,357208,8000000,0xed812ede1e65aec71f6dc5ce58f31b9c8caa31b05416d04cb6fb9294a9529176,676,781,160
full-contract-onchain,intra-on-chain,286,379.7657001018524,357230,8000000,0x62b17e03ca41d33a81188329075c96b987eaef5edc5d3afa6e347d69c409c9f8,676,781,160
full-contract-onchain,intra-on-chain,287,271.2504999637604,357208,8000000,0x2de009b2f819aab26d866d81c7b7280a3f95598d1f569f5fa5682ac34a4005e4,676,781,160
full-contract-onchain,intra-on-chain,288,425.72899985313416,357208,8000000,0xb8a536399efe573e70ab14d03cf194d175e67eb933bf4b4ec743e39ddd0ad3fa,676,781,160
full-contract-onchain,intra-on-chain,289,28.450700044631958,357208,8000000,0x9c295d13822bc1f4cfff66577112a8368cb329e5fc98559ccdd976fdd2e186a0,676,781,160
full-contract-onchain,intra-on-chain,290,171.4028000831604,357215,8000000,0xcf26e7cc3b0a39c316aa6665669b0f626cbfa1383635185869999d95a47cd4ae,676,781,160
full-contract-onchain,intra-on-chain,291,180.5343999862671,357208,8000000,0x5040b662fda56e26af735618de089627f1ac7cd98991502d19f8fc3f4712c18d,676,781,160
full-contract-onchain,intra-on-chain,292,127.44429993629456,357193,8000000,0xa6e7143feff88ebc0f4f9eb135e9b1f52d769c41c4d16db0bfe4e9f8ac9cf83c,676,781,160
full-contract-onchain,intra-on-chain,293,72.94549989700317,357193,8000000,0x76e749ab4a01a7fcec44e2c9ccc167b8f9879eac6d7555b7aede84e3467ab895,676,781,160
full-contract-onchain,intra-on-chain,294,67.2435998916626,357208,8000000,0xc8df52bdd5f50596ed9137ec2990e3074e8743201a900d92397267ff320ed17d,676,781,160
full-contract-onchain,intra-on-chain,295,390.36879992485046,357208,8000000,0x34f74f840b04cbe539f1fd0f6f583289af7dc8c99b333bf0911cc022983ee1b7,676,781,160
full-contract-onchain,intra-on-chain,296,201.46230006217957,357193,8000000,0x8b798af505d3ba67b442ca3aaca2f7b281f8a8768fe402e97ff26a0b22e446b4,676,781,160
full-contract-onchain,intra-on-chain,297,84.16149997711182,357177,8000000,0xd65686e74c1a4ece73a21f6a7395cf09861cb2cecfeb72a20463a1dd134592a4,676,781,160
full-contract-onchain,intra-on-chain,298,86.72360014915466,357230,8000000,0xb9ee85d4cec76863cb2cbcf14e07a2c4f2c7730473abcec010d9dcfb22437640,676,781,160
full-contract-onchain,intra-on-chain,299,131.9711000919342,357177,8000000,0x8663f1ece29a130e2bf1e5177f33014c93368232454dc8950f9af967aa04af42,676,781,160
full-contract-onchain,intra-on-chain,300,96.71560001373291,357193,8000000,0x81acb1ecb4ae3da9fe4ba72e1d3c0fe6459cc5d39a257b8c94f9710a6e75ee29,676,781,160
full-contract-onchain,intra-on-chain,301,148.9061999320984,357193,8000000,0xb61f0b09e2d9ff226024bbf9f1e91ee02b28853fdc463a18191b823f4628283d,676,781,160
full-contract-onchain,intra-on-chain,302,176.97429990768433,357208,8000000,0x024d537985760fe1c74cd7cd25578967dd7bd5f264b3edf80039b48526402f70,676,781,160
full-contract-onchain,intra-on-chain,303,194.6110999584198,357230,8000000,0xf1f9a50722e11fd3b9b43e63585a8ad65869d5784fedd0610c5e337da5dad5c4,676,781,160
full-contract-onchain,intra-on-chain,304,113.61560010910034,357230,8000000,0x66bfbdd77c73eccca3601ceef2f9c92a48173b521754ab6e520f58257b01c253,676,781,160
full-contract-onchain,intra-on-chain,305,257.59739995002747,357215,8000000,0x42206422f69728d00902b3843c6cdce82bba5813b31a8bd774b7987145e58111,676,781,160
full-contract-onchain,intra-on-chain,306,284.76290011405945,357193,8000000,0x6d7b91c5e2492b83a7391352e3b265bf81206114a14b18116b51d94a7b157a40,676,781,160
full-contract-onchain,intra-on-chain,307,53.67479991912842,357193,8000000,0x4012b2b9482ff7d6754a5f4b3549e998150ef0ee72d408bddefaaef21aac6353,676,781,160
full-contract-onchain,intra-on-chain,308,114.63840007781982,357208,8000000,0xe1d15f8f26f2fe8175548ac52fd17bfd38c0d7349d4514a7471f3212513c5d0f,676,781,160
full-contract-onchain,intra-on-chain,309,209.5372998714447,357208,8000000,0x82066ed3d46573f641aaae3c603d7f60871beee7239b74f055d1e6dd75940b29,676,781,160
full-contract-onchain,intra-on-chain,310,57.66160011291504,357193,8000000,0xcc78504e53ac749f2a80605db46cbbd6a166dcf36c614acce9eaa880d5e1687d,676,781,160
full-contract-onchain,intra-on-chain,311,192.31949996948242,357199,8000000,0x6296ed3c6dc153b01cfbfa008a75c5c083b72cfaac0d7af0283193b6dd491be5,676,781,160
full-contract-onchain,intra-on-chain,312,41.66860008239746,357230,8000000,0xc3798a21a760b46877390bbcbc683e56c0831d01b9f59b2976a98705fe8ed44a,676,781,160
full-contract-onchain,intra-on-chain,313,218.9800000190735,357208,8000000,0x8141ff32edf64f1e91dfbf5ad68a913761377038b9486e35d0bb59c79ca10062,676,781,160
full-contract-onchain,intra-on-chain,314,133.450199842453,357230,8000000,0x9edb75ebe63dcfba689801e62c6be4dc8d81760559018bb0d3bb090f96faa192,676,781,160
full-contract-onchain,intra-on-chain,315,131.36059999465942,357208,8000000,0xa741cf27cf3560f0e6c820fd02306d4c9978cd9d0475563da3e624c93bc71764,676,781,160
full-contract-onchain,intra-on-chain,316,252.79999995231628,357230,8000000,0x81405028c9c452e5a4bfa1ee16dc4b682fff17984cf83c7f2f9fb2e9504d8263,676,781,160
full-contract-onchain,intra-on-chain,317,352.20039987564087,357215,8000000,0xd83a2757ac5194585df11a63b90c91c5108ad7ac19f1e23e814a87091d927def,676,781,160
full-contract-onchain,intra-on-chain,318,165.08599996566772,357215,8000000,0xf25d2ce8e58457a371c654691350727e333eb5aa711da15d5e46087010645765,676,781,160
full-contract-onchain,intra-on-chain,319,51.06920003890991,357230,8000000,0xbdf94a56d6f2517b3b41428e5d59c3af4ef82e1cf61993d29f032f5c7b7d22df,676,781,160
full-contract-onchain,intra-on-chain,320,102.14540004730225,357208,8000000,0x1f30658c53c41f0bb277eebf281be0e247868007583109ad084e53e1af268d43,676,781,160
full-contract-onchain,intra-on-chain,321,300.5448999404907,357208,8000000,0xfa9f0351bea4c4fb13aa45d3c71390b849a2e4570d241dcb81e4e43c80a3b04c,676,781,160
full-contract-onchain,intra-on-chain,322,365.6875,357177,8000000,0xaf9a6d48ee1c64e80c503e30a3d5ae94f0fd64347fe0a3ab55026a0b07d36bd5,676,781,160
full-contract-onchain,intra-on-chain,323,287.1988000869751,357208,8000000,0x5afc2950d3544124828839ffd2a780cb273e7dd99cd7e1cbb3a437139617467f,676,781,160
full-contract-onchain,intra-on-chain,324,163.0524001121521,357208,8000000,0x2105a35ef1dc6c72fe0be14f1c84043d1286295ddb21300445ebf7a68cb4bf7f,676,781,160
full-contract-onchain,intra-on-chain,325,68.68850016593933,357230,8000000,0xd8ec2ab46c494e12ce0be511b2db276223c4723544b51bd89111129f052d68f1,676,781,160
full-contract-onchain,intra-on-chain,326,101.58550000190735,357230,8000000,0x98e68e25fbe178f4d342c4a533525fc6996215c09fb79b7fa56e69219ba126fa,676,781,160
full-contract-onchain,intra-on-chain,327,564.127799987793,357208,8000000,0xe6c85610e35b19cc1833f6fa4f51c952b45be9b0d0bef4e8f2397bf72055fc6a,676,781,160
full-contract-onchain,intra-on-chain,328,126.54050016403198,357230,8000000,0xa7647c3a284503572505496916cc21fb384081b9c4a0ebd3cfccc27cfe9f285d,676,781,160
full-contract-onchain,intra-on-chain,329,83.83759999275208,357215,8000000,0x859b289457b2f1f77381a060b9762a3698cde40f73fdf1fac12869bf8b28ea69,676,781,160
full-contract-onchain,intra-on-chain,330,314.1747000217438,357215,8000000,0x8d6a2a4a01e4e2b17ec626bfb46f7f21d2298fcefc3bb2e57d64c0621665da3e,676,781,160
full-contract-onchain,intra-on-chain,331,222.30250000953674,357230,8000000,0x450cb9d3c5ed08f1f3167660562bf0f0e6e933c2810944b3168a8af5fce909c5,676,781,160
full-contract-onchain,intra-on-chain,332,443.83470010757446,357230,8000000,0x7c579e32b6c99b76b569a47daf2f1a469d81e7afa06c8120c5df54d2cf58b43a,676,781,160
full-contract-onchain,intra-on-chain,333,162.23479986190796,357177,8000000,0xf1ba92dbbcee401f62af01534b13d628fffefc5a10692cdf485cade473a263a5,676,781,160
full-contract-onchain,intra-on-chain,334,104.81559991836548,357193,8000000,0x73f93a336117fba96caebaa177799da32bad1c239267ef50a61d452ca1ffa8ae,676,781,160
full-contract-onchain,intra-on-chain,335,143.21420001983643,357208,8000000,0x9f7edab675b6129be6fb3de8be73e0c5a1b95449739c250b81143956c3c236d6,676,781,160
full-contract-onchain,intra-on-chain,336,55.39070010185242,357215,8000000,0xbdabab9f9ac1f8911a1de76c9cf5c2677f36dd3400bd68e84f0e15170e32db4e,676,781,160
full-contract-onchain,intra-on-chain,337,176.2441999912262,357208,8000000,0x949b79c8951f16974d04b7ffc3d551a4e33f165ffbaf61232eb1c3fb81ea7be2,676,781,160
full-contract-onchain,intra-on-chain,338,254.20700001716614,357208,8000000,0xae4eacbe65afff3778ad6dea6279d998904a6fad29fe5d13035c0cd19f817cf9,676,781,160
full-contract-onchain,intra-on-chain,339,347.6306998729706,357230,8000000,0x205f60b8c946a2fe38567b70472915c58f921363c2807f177d257870b6166c2a,676,781,160
full-contract-onchain,intra-on-chain,340,483.85369992256165,357230,8000000,0xd16abfd8f65399595c55aaa13553cefa725b0223ca54ba8517914b8d57e28072,676,781,160
full-contract-onchain,intra-on-chain,341,383.1461000442505,357208,8000000,0xa605f7d0b840ec6606c97959c79202ba9eaa94a634303c2d36488cfbe84fda61,676,781,160
full-contract-onchain,intra-on-chain,342,209.541100025177,357230,8000000,0xcd9f1c856f5ff49043498512267641c2427b40ed29293728d01dc4eae3573bc1,676,781,160
full-contract-onchain,intra-on-chain,343,66.8313000202179,357193,8000000,0x73c1e64d340b55cc88b8ecc11dc4ded6fc21d187c7979f1599f11ece5b93fc1e,676,781,160
full-contract-onchain,intra-on-chain,344,145.95729994773865,357208,8000000,0x465a9883a40472f151255779b15e88d72511aa6f0ecda8c133195ae8bc8c59d5,676,781,160
full-contract-onchain,intra-on-chain,345,519.1402997970581,357208,8000000,0x4a9bc7ae8cde33015ab8ac61e9684723c5deae4149b90f823ca1b68b76f7fb59,676,781,160
full-contract-onchain,intra-on-chain,346,181.62870001792908,357230,8000000,0xdb1e3b79bcde19c0d614b32e35942ea11020cd4c6627d38123f9894926b4df44,676,781,160
full-contract-onchain,intra-on-chain,347,894.0343999862671,357208,8000000,0x6c598d8baa081bda794a2ca9b84cc7843d43adc80355e30c5a432f8e259351d6,676,781,160
full-contract-onchain,intra-on-chain,348,370.6831998825073,357208,8000000,0x78a6a2dce4805f464a2b3fed2337429265ff400268adad66a1dd9cd24f45fbd6,676,781,160
full-contract-onchain,intra-on-chain,349,286.91310000419617,357230,8000000,0x81ae129419d9aa94610d1287850bbfda232ae9dac73fc8e2c132712af804a06b,676,781,160
full-contract-onchain,intra-on-chain,350,72.21449995040894,357199,8000000,0x56db3d45158b280bc3e96c94de657f9777a43ba922f0ee8ff072f508471b96a4,676,781,160
full-contract-onchain,intra-on-chain,351,520.4628999233246,357230,8000000,0xbea53986bf24bbd664217903102c12e8d29d3cb8b334d85679f59ce769382b73,676,781,160
full-contract-onchain,intra-on-chain,352,115.00630021095276,357199,8000000,0x923f53995102a5b4f78ea095e1615ab984a6b73ba0beb8c6bfb78d11e8626d79,676,781,160
full-contract-onchain,intra-on-chain,353,255.72000002861023,357208,8000000,0xdb1f3721e01b68b4585de25cd10e96161ae4b0cc5934d231b77da1a8dc933ae5,676,781,160
full-contract-onchain,intra-on-chain,354,389.9825999736786,357193,8000000,0xb95485c90c3d442293cca40bbac5e8837c67aa5da5d523f9724c288ec09280bf,676,781,160
full-contract-onchain,intra-on-chain,355,178.74610018730164,357193,8000000,0xfd1ef4ac4d2366fda05a997a8151c2749ca9048a379c87bbf9d06cc17bfe10b5,676,781,160
full-contract-onchain,intra-on-chain,356,686.2019000053406,357177,8000000,0xc53d9427bf61b6e1e682c8c16ac5c330f5aad42ec8f23e1c66007fa1e374c1b3,676,781,160
full-contract-onchain,intra-on-chain,357,94.39450001716614,357208,8000000,0x8e45b33ea1eb62e65975313cb49e16ce83ec2466cb32efed5e4086bdfc18a981,676,781,160
full-contract-onchain,intra-on-chain,358,314.50620007514954,357208,8000000,0xf6d0b0e113aea115ddf0e0f917978b4e3e62369a808edc6608ecf395350257b0,676,781,160
full-contract-onchain,intra-on-chain,359,225.34400010108948,357177,8000000,0x329322a8ea818171ae35106b6adf64d2d08fd073de7292173f894e333741f1f8,676,781,160
full-contract-onchain,intra-on-chain,360,130.11990022659302,357208,8000000,0x3acc5f83df84237f9c70ae3eda2750a2341d3cb0f48518fa22f8ef5081fc64d1,676,781,160
full-contract-onchain,intra-on-chain,361,65.88350009918213,357193,8000000,0xc1549ccc4d4d1e4af037467be1c1e08fd12024f194cfcc61cafc3406c5f99255,676,781,160
full-contract-onchain,intra-on-chain,362,331.4848999977112,357193,8000000,0x313b2a67b5a885615650e685a4b3acf62d375325338c8bd336fefae7dfe61057,676,781,160
full-contract-onchain,intra-on-chain,363,643.5250999927521,357215,8000000,0x1f6ecaa27136ceecc4cec80cb3715fa089617e86d827adebdbeae980959309ee,676,781,160
full-contract-onchain,intra-on-chain,364,220.7920000553131,357230,8000000,0xec69308655a0d5385435cc251b15a2093a17199722964a90559dc55de5b817d6,676,781,160
full-contract-onchain,intra-on-chain,365,87.35139989852905,357215,8000000,0xd434984bc0a3f437f568d7df563253fe215f33775a9b3b855b96864b7ecfb6ed,676,781,160
full-contract-onchain,intra-on-chain,366,251.31089997291565,357193,8000000,0x0cbdea58b838241998d64cc36bfedae93d72acf8a0bca970921be6e9cc22ab7b,676,781,160
full-contract-onchain,intra-on-chain,367,296.13790011405945,357208,8000000,0x9bbaa02d77eca8eb1edcee95ebd3ee40bf3260a100941d8206a65de40eb21e5f,676,781,160
full-contract-onchain,intra-on-chain,368,131.95420002937317,357208,8000000,0x5760affe12cdfcbe7d152d7628dc9ba875109137823da37dafbf0387bfaad6cb,676,781,160
full-contract-onchain,intra-on-chain,369,177.69559979438782,357199,8000000,0x3836f5ae8a19de552845c1cf72c8c3886433bff1c90f8b7c2ce1c402d55f4ebb,676,781,160
full-contract-onchain,intra-on-chain,370,71.94419980049133,357215,8000000,0x9c395e215525634e1471aa258afb728af49b7df23a8dfe1117ae3559c5ea8717,676,781,160
full-contract-onchain,intra-on-chain,371,657.5885000228882,357208,8000000,0x62a7b67b97c28d905938c1a13731a4efdfd2e125aa251668acf6ec1503d1ce8b,676,781,160
full-contract-onchain,intra-on-chain,372,100.41829991340637,357184,8000000,0xa0c94baba71792f9db5cc4ea38cceac48cd70388321d0c4a3c94e919a76aa846,676,781,160
full-contract-onchain,intra-on-chain,373,99.90659999847412,357208,8000000,0x103a0908d936a87f26d035b96927fd6e0dbf52b9a77bdf1907296fe9cefb66ba,676,781,160
full-contract-onchain,intra-on-chain,374,69.4880998134613,357215,8000000,0xab82fe5b2e0fb08945d4e8e461e4ef63a38f72bd5b23b23b9db9482ad991d411,676,781,160
full-contract-onchain,intra-on-chain,375,116.51510000228882,357193,8000000,0x4d93a2cdce2cfc78c9a4492603ffc327beea1203c133a8964cbe672b608e3ebd,676,781,160
full-contract-onchain,intra-on-chain,376,100.61700010299683,357199,8000000,0x36e5b73cea675538d0c65567c8f49ccca78492c8ba48698056f61aa696b8754d,676,781,160
full-contract-onchain,intra-on-chain,377,771.0139000415802,357230,8000000,0x61988225b3416a6887cdc62378e47d7921c033bd0b9bc38576bbf848786eeae4,676,781,160
full-contract-onchain,intra-on-chain,378,196.00769996643066,357193,8000000,0xe4459da183fae18afd92d085af4ec232b6b8a3f215988c9d6fa4156c9292fe76,676,781,160
full-contract-onchain,intra-on-chain,379,146.19309997558594,357208,8000000,0x7e0e4fb3088c71006c2eee6e9d988d8ec9179fe5510a2505218d39d1498cfe02,676,781,160
full-contract-onchain,intra-on-chain,380,287.79100012779236,357230,8000000,0xae19a1a1793e47e0f66d8a9c12f580c43fc51db6fa5464e3586680c6f36e64e3,676,781,160
full-contract-onchain,intra-on-chain,381,50.78049993515015,357230,8000000,0xff6b0289d6e030659d2c6942519ad7ef8347c2f7d823619a153ab915a3bed34b,676,781,160
full-contract-onchain,intra-on-chain,382,226.2797999382019,357230,8000000,0x8daef99e5242a850308c6a532764166d4c46975fb3e0bbc18e35ea764ade954b,676,781,160
full-contract-onchain,intra-on-chain,383,179.22990012168884,357215,8000000,0xaf9ef6a2f7e95d6070360e466f023a098510c024c41666b42245905a7dfbb185,676,781,160
full-contract-onchain,intra-on-chain,384,334.44200015068054,357193,8000000,0xeb475f42f57bb2751b31030f39f9ae8ebf325a5e30ab968a169ebe342e4b729d,676,781,160
full-contract-onchain,intra-on-chain,385,177.90560007095337,357215,8000000,0xa25d3ac8f855bb0011e8849f53c9938e6407b6183afff521e6e48db7ea891193,676,781,160
full-contract-onchain,intra-on-chain,386,333.78810000419617,357177,8000000,0x56e5e2970f8c314022dbac838201a011726662221083efa0c8b6a011228125de,676,781,160
full-contract-onchain,intra-on-chain,387,51.08619999885559,357230,8000000,0x2c7fa33c48f7a5671b36e23c86d0ab0b66e31b37de67ce922d8407994c3fb741,676,781,160
full-contract-onchain,intra-on-chain,388,733.6335999965668,357208,8000000,0xd0dd33b5c43b845d2206072a203ecf6076faa4843f249bee1c0d13e8cd94dadb,676,781,160
full-contract-onchain,intra-on-chain,389,225.9883999824524,357215,8000000,0x36699b8f1780b22ccd741de8640b227ef3a22bb0063515dc15c711aa6cf547cc,676,781,160
full-contract-onchain,intra-on-chain,390,130.75309991836548,357199,8000000,0x081b1ed0313e1c3e22e7ebbb47e652b4503c93faad4f1fd066040da24b7e5d90,676,781,160
full-contract-onchain,intra-on-chain,391,601.2181000709534,357177,8000000,0xb11e33764526d5cc097bf3aeb066252edd81e30b44d156c9c21ba5c7ea868042,676,781,160
full-contract-onchain,intra-on-chain,392,127.2985999584198,357208,8000000,0x59f12eb4805b0c93b99fcf313761c11683430c843d386646cd8aafaf4f2c4e9f,676,781,160
full-contract-onchain,intra-on-chain,393,86.10780000686646,357208,8000000,0x9027fc71667b42617d8e5f39a6dadda92b0750bb3db7cf5277b0a5870efcc022,676,781,160
full-contract-onchain,intra-on-chain,394,489.0430998802185,357208,8000000,0x2377a5db5edb291ee64ec9106e7f614c42d4dece0821b288f91a235714a6ded1,676,781,160
full-contract-onchain,intra-on-chain,395,37.354300022125244,357193,8000000,0x5a5706a73d883fd17c6a866badedcf68cbc559516c95816ccc203f5b6d4f194d,676,781,160
full-contract-onchain,intra-on-chain,396,176.74140000343323,357208,8000000,0x05b4bb2f615930fc1968815d16a7edc8609f5d6dc0142e149c1f937927010a28,676,781,160
full-contract-onchain,intra-on-chain,397,254.97319984436035,357230,8000000,0x51949a7aa2a881d9e78bf1a8fb5c1fb19d8c8c6ad8dfdc902bf7dc78f4ddeff2,676,781,160
full-contract-onchain,intra-on-chain,398,345.59529995918274,357230,8000000,0xe6342d3a10f82c3c76522de8a4988d3b1c391c9658a96d50685e7b75bf9e82c5,676,781,160
full-contract-onchain,intra-on-chain,399,85.5935001373291,357230,8000000,0xbc992bf65f3403703c22e3d7de146839a9ed6e9fe5107f87b5d6b68beba62333,676,781,160
full-contract-onchain,intra-on-chain,400,117.00799989700317,357193,8000000,0x5db0abfe2d4c8ae40472006e833890285047242f9fffc6fb7a4fd864b3252fcd,676,781,160
full-contract-onchain,intra-on-chain,401,86.5742998123169,357208,8000000,0xdcc1fa9e059fea33397fab344bcf1e441269fe3890c7ed5b870d7f3a10db1b9b,676,781,160
full-contract-onchain,intra-on-chain,402,84.95099997520447,357208,8000000,0xd0c9266843176b66a76e98650c585f274e512d60f1493c37497c832d97dfbb0a,676,781,160
full-contract-onchain,intra-on-chain,403,145.2422001361847,357215,8000000,0xebf5c52db6702db16bf696b7ffd87da8d204184362feaa496fd2ebe437750f7d,676,781,160
full-contract-onchain,intra-on-chain,404,161.86300015449524,357230,8000000,0x82f84dc3c47dc63a6a6cfa394fc84101124c9e3d0d1c9e862dc5a35857763440,676,781,160
full-contract-onchain,intra-on-chain,405,117.11080002784729,357193,8000000,0x809ea5272d096ad740dbc620d5dc1ed9d532c8e34ba2a9104e29efe091d10d43,676,781,160
full-contract-onchain,intra-on-chain,406,83.72990012168884,357230,8000000,0x25c2d7b33b77f948e0ed36947a079adef70de3f61df0ee09e0f38a991980a9e6,676,781,160
full-contract-onchain,intra-on-chain,407,84.67549991607666,357208,8000000,0xea37e637774f4b696cca36b7fc3db4a8988a6a0ab66b5909b7a96a5036aeeaa1,676,781,160
full-contract-onchain,intra-on-chain,408,195.91430020332336,357208,8000000,0xba5fd6dd7160def61b24b40199172d17bfbdc4b34e896e2ec4f0505f8c8044f5,676,781,160
full-contract-onchain,intra-on-chain,409,41.76100015640259,357230,8000000,0x223a966d015b48030ddec477b24fa3c0356649e46d192c162d200eeec2fbb6ff,676,781,160
full-contract-onchain,intra-on-chain,410,609.5036001205444,357193,8000000,0x566de60fb8cfb0d4f9108d7052511516f8c6466215387b336618e3d6834faad3,676,781,160
full-contract-onchain,intra-on-chain,411,178.65400004386902,357208,8000000,0xa63f5d539897d8cff49d72585bfd004e8da5eefda6124e2bd5174a422000ffc7,676,781,160
full-contract-onchain,intra-on-chain,412,54.66310000419617,357230,8000000,0x5de2825b748466bf28b0b8d459c4bb2e579b1319224cbd81813a29ef2f123124,676,781,160
full-contract-onchain,intra-on-chain,413,754.8917999267578,357208,8000000,0xc6862dbbb2e80721f8445b21b666a80bcd89f37ec88d66e1ed2e2a4b48e38ab8,676,781,160
full-contract-onchain,intra-on-chain,414,23.770999908447266,357230,8000000,0x8b9516056a6148d8dc16f907a25c37a72a05c3d943375e9a945c4bb5c4d68e40,676,781,160
full-contract-onchain,intra-on-chain,415,300.37140011787415,357215,8000000,0x82bd49acf75e60867cfae616c15361a90a5c2b35e6d24f201afe663dca9d2dc2,676,781,160
full-contract-onchain,intra-on-chain,416,304.2574999332428,357230,8000000,0x985a487609ee913ba11288de3997c2a970dd6c41503841adf6ccbb39d091ab4e,676,781,160
full-contract-onchain,intra-on-chain,417,145.59539985656738,357230,8000000,0x9f2aed1c6aacf06a14eec5707843135c4e0fa1587716fef110285d1b7dc40421,676,781,160
full-contract-onchain,intra-on-chain,418,195.21099996566772,357215,8000000,0x9ee1a9fe7aa4fb501e493e704729aa2ead1e28c99870a47bb379bb4a37c6afcc,676,781,160
full-contract-onchain,intra-on-chain,419,87.45280003547668,357215,8000000,0x7e739320cf6fa1b7fd8d2ab398cd388f70f06a91516b414dec5e5ef32537f07f,676,781,160
full-contract-onchain,intra-on-chain,420,53.58990001678467,357215,8000000,0x132bcd4d2957500c74be72d4f44bb55322a4f952157a3715a08ff65b8f71e411,676,781,160
full-contract-onchain,intra-on-chain,421,397.04790019989014,357199,8000000,0x1827e2de04a1537f8a9fd766a906585b522072e9d9493d8f3620c854a9898426,676,781,160
full-contract-onchain,intra-on-chain,422,920.5945000648499,357230,8000000,0xf26b40c24145b8f65800bfe7a77de856322419759e8cb4bf2221ac5a9d07ac43,676,781,160
full-contract-onchain,intra-on-chain,423,165.43370008468628,357208,8000000,0x387e3b854910234e41b3b9744950865c7da242cb4b6c9a7b23ccfb246cfc41de,676,781,160
full-contract-onchain,intra-on-chain,424,348.6170001029968,357230,8000000,0xd3c11b0c25b0e1ef548c6c5ef9311d2fa8a047499cf9fb188e91edd5bf3dbac9,676,781,160
full-contract-onchain,intra-on-chain,425,147.323499917984,357230,8000000,0x0d07461447df861f8a46a744dc3f858b771b017535ad3c4a45105622d91b8fbd,676,781,160
full-contract-onchain,intra-on-chain,426,491.64909982681274,357215,8000000,0x273f97b315bea4391bda02c1fece7803a94ab83cd408874c8355a0a5670f89e3,676,781,160
full-contract-onchain,intra-on-chain,427,146.5061001777649,357193,8000000,0x3348ea3f52919241c33cc218a4969afda6a5d28c855634332540e7443106d949,676,781,160
full-contract-onchain,intra-on-chain,428,360.2256999015808,357215,8000000,0x448296cb52f4386c94dc128f9bfb18d0e0fda412a607f06a04ad15cbd4584e03,676,781,160
full-contract-onchain,intra-on-chain,429,291.1465001106262,357230,8000000,0x8221036295a7fb8f93d4f1641d0897576b0d3d1fda1140e63ec5cf2d4d19ec47,676,781,160
full-contract-onchain,intra-on-chain,430,317.2047998905182,357193,8000000,0xb6408c782a63bb3c354d09156e7cf070d7f8be8454c74f51f4a733315c44ccbb,676,781,160
full-contract-onchain,intra-on-chain,431,286.06500005722046,357208,8000000,0x21a497c4faebac8addd642f739d7a7d829c121268e95e9a7439f647417d11439,676,781,160
full-contract-onchain,intra-on-chain,432,193.98540019989014,357208,8000000,0xb218684b71725ef3303448e88e205657669fea458435471975bf783921926e80,676,781,160
full-contract-onchain,intra-on-chain,433,410.9356999397278,357177,8000000,0xf5be26ee723f72e52e9651bfd6c0376a187b7989746a89c45c0e1995c8cbe0ee,676,781,160
full-contract-onchain,intra-on-chain,434,195.63069987297058,357193,8000000,0x3ba6d03384b1263ac904d018bdda3b4211c31e77c811a02a3964e3705dda0235,676,781,160
full-contract-onchain,intra-on-chain,435,55.31949996948242,357230,8000000,0xf87230b54a283e3e3f976c2c9915a105ec79908510110a95b07d77bf7445b48d,676,781,160
full-contract-onchain,intra-on-chain,436,104.1363000869751,357215,8000000,0x616c28730d2ae1eb3f46841c31e14a3369ad9822d68dc88304b615ee54852104,676,781,160
full-contract-onchain,intra-on-chain,437,163.93370008468628,357208,8000000,0x71ffde9b349bc476e8e3c2f81a417445c48044b04b9dd58daeee0a0bdad898d2,676,781,160
full-contract-onchain,intra-on-chain,438,427.2885000705719,357193,8000000,0x0b9fc92f0363838520fad4e5c8958fe3e63679fc7cdbf0cfe6308dbfadab46e2,676,781,160
full-contract-onchain,intra-on-chain,439,286.6739001274109,357193,8000000,0x20156dcdd1e4e43387d22ab434af0b8ff3e56acc53ae01d9a9cbbe201e49ac89,676,781,160
full-contract-onchain,intra-on-chain,440,522.1577000617981,357230,8000000,0xded17a9a70fc8cfc0990b2e321e2a86ccb1f05e3f83cd31f968ab910b32df883,676,781,160
full-contract-onchain,intra-on-chain,441,99.21810007095337,357193,8000000,0x5d65537ada82b12affd78883bed4577f1dfc81f5286aa88faab8fc8d46f38827,676,781,160
full-contract-onchain,intra-on-chain,442,117.54439997673035,357230,8000000,0x3c939557d5402ea4ea2b72a2f872eeb0963ccee0d75d238c5da51c76c3db2bc9,676,781,160
full-contract-onchain,intra-on-chain,443,785.6680998802185,357230,8000000,0x32b05bfa9cd50755cdd1437df2aa0302e0bd178faea8014d7dc23b3d3879b1af,676,781,160
full-contract-onchain,intra-on-chain,444,180.06879997253418,357199,8000000,0x25e97c1c67e7732226e28b24c4cd126e9c0a9296ed2c64adc1883138a703e4da,676,781,160
full-contract-onchain,intra-on-chain,445,149.30569982528687,357230,8000000,0x2d08f780626a73522db643bd4726c429b953e7e57ac2b49b183b110061c869a1,676,781,160
full-contract-onchain,intra-on-chain,446,179.86470007896423,357193,8000000,0xc9a8060f44af632ee38b41b7d940f1c484f18d4a6849016d7a53aa9eeb55b707,676,781,160
full-contract-onchain,intra-on-chain,447,379.23269987106323,357177,8000000,0xd684012aa5a14cccb18b31799f5dbc92a60969f560b075934849dac85d27f2a6,676,781,160
full-contract-onchain,intra-on-chain,448,202.82620000839233,357208,8000000,0x92ba24b645bf54e938fa6edcd2f3486b32b79f55d9ad5ba043f8467711828337,676,781,160
full-contract-onchain,intra-on-chain,449,116.27830004692078,357215,8000000,0xbdd1765aa93bfe68a76eef1f0ab810b8d88e61c6236cf9df7a5cfabeea3716e2,676,781,160
full-contract-onchain,intra-on-chain,450,69.49979996681213,357230,8000000,0x8c62661a44ad4e743147db3f0a9dfadc02b32b47991458ab06798ccb9103db33,676,781,160
full-contract-onchain,intra-on-chain,451,439.7674000263214,357208,8000000,0x2978df5357a00172304d9322848fc8653e7d33ecd5ed95e5f648ab8457340a4b,676,781,160
full-contract-onchain,intra-on-chain,452,147.61629986763,357230,8000000,0xf9d9c8337103f74bcd03487f918659bc7808fa1a0d8d51aa0af00c62c94b5f1d,676,781,160
full-contract-onchain,intra-on-chain,453,52.528599977493286,357208,8000000,0x1d6281f2db9bfe7c3e72c848cf2b6e53a01288ac2b4430b80dbc0741ec9c69af,676,781,160
full-contract-onchain,intra-on-chain,454,917.3416001796722,357208,8000000,0xb17188ce6b3fd9b85c5f3fd93efaaf98ae14bf55af4217f2b10b4d1fecfedf09,676,781,160
full-contract-onchain,intra-on-chain,455,815.9221999645233,357230,8000000,0x9d86794c47a7927b702ad1a289480c27356942aee4639c84cc9757334eec3909,676,781,160
full-contract-onchain,intra-on-chain,456,162.2866997718811,357230,8000000,0xb865bd5fddb77be18b230ed2e2e9bf1985b4234d237d7db073bd7e3028a637c5,676,781,160
full-contract-onchain,intra-on-chain,457,176.97500014305115,357208,8000000,0xa8ee5240a358a3cd14429ac6784e45af611de5ba658cc01137a097dc9230bd56,676,781,160
full-contract-onchain,intra-on-chain,458,244.33820009231567,357199,8000000,0x1a9b4230d8a08af3e14d5ea74b7e5e7d720156e3c792e69229a5b9ccf64f32c6,676,781,160
full-contract-onchain,intra-on-chain,459,104.63120007514954,357215,8000000,0x656d25364f16d3c42137122cc134ccd5062ab86f99645a80bee19eb54ccaf0e8,676,781,160
full-contract-onchain,intra-on-chain,460,67.68579983711243,357208,8000000,0xdec0ad9cdba7891ae8d594b36b1c1777e55d2f190fb2c2661b799c1a86d60d3f,676,781,160
full-contract-onchain,intra-on-chain,461,103.30169987678528,357208,8000000,0x9abedeb913f07e032e09b750752a789e3b5a403b2ce5a88db71b4dc5a0b6e73c,676,781,160
full-contract-onchain,intra-on-chain,462,131.97680020332336,357215,8000000,0x4e8440d0eada84826b11595e4289c7ff54359a28e498a1d88439bb4729bf028e,676,781,160
full-contract-onchain,intra-on-chain,463,142.24580001831055,357230,8000000,0xcbc635a8e66a1d03b61b6a440956f16722b197d21ed2a8f124beae1df120a2d6,676,781,160
full-contract-onchain,intra-on-chain,464,404.72409987449646,357230,8000000,0x7c52f404a1504ab93e6c426705b28abd9297f853631418edc5203a68e4d438ab,676,781,160
full-contract-onchain,intra-on-chain,465,838.7797999382019,357193,8000000,0xc0156dad8adc991e9954e8b1c31390b567759069b1280ede6695aa55ed2ca9bf,676,781,160
full-contract-onchain,intra-on-chain,466,208.08809995651245,357208,8000000,0xdff611b6c11aba212e5cc8cc089dc6994e53d848c18275ad5df9e3d1b71e01bd,676,781,160
full-contract-onchain,intra-on-chain,467,69.09909987449646,357230,8000000,0x2a292ec0819b7ca419d2249c357815cc0c3f06962e56d98487a9563b4b39bd1e,676,781,160
full-contract-onchain,intra-on-chain,468,191.8568000793457,357193,8000000,0x26cac7cb0be57f0f2c24ff117746a592e74d2546fdf69cc80071ab9af6c0b2d9,676,781,160
full-contract-onchain,intra-on-chain,469,257.5443000793457,357208,8000000,0x02967ca6867f92eb260347ca48ce0d5e4674bdd4ac72a3a299c109fc416abf93,676,781,160
full-contract-onchain,intra-on-chain,470,399.8036000728607,357208,8000000,0x1f044c72d91ff671fdb20cfce334caca2e93bde7f5cfb53e78f939e1691b9738,676,781,160
full-contract-onchain,intra-on-chain,471,54.63670015335083,357230,8000000,0x710aacb4757b61012f08198ce11ed34ae8cb7928704b626f0f7e027c31402ea9,676,781,160
full-contract-onchain,intra-on-chain,472,161.594300031662,357230,8000000,0x4729621a023cd78916c4f681aa8e6876d01997ba03fa3175f11c28ba802eadbd,676,781,160
full-contract-onchain,intra-on-chain,473,757.7476999759674,357208,8000000,0x6741acd4d72d1fef2b848c64c30c13c77a5ce93a8921cd4cfda0d60af1fbf453,676,781,160
full-contract-onchain,intra-on-chain,474,208.05159997940063,357230,8000000,0x7361a1447b14b04409db6b6fd6cea5ba3658321a0a5dbba5366af4acdf6f6651,676,781,160
full-contract-onchain,intra-on-chain,475,57.124799966812134,357193,8000000,0x3fba23e12b553778df4ec4dc0e981701826d04fe30640ee8c2203663891438f3,676,781,160
full-contract-onchain,intra-on-chain,476,409.75,357208,8000000,0xe010033a4dc262c7361e2ec88b2e709aa84f291750fb1812b09d9dab67516e76,676,781,160
full-contract-onchain,intra-on-chain,477,268.40899991989136,357215,8000000,0xc0fe1dd2a065cd9ae3bde368fa48beb32593b1071ee784ffb5d79151252528da,676,781,160
full-contract-onchain,intra-on-chain,478,298.2239000797272,357193,8000000,0x6015a0ebd9512eb6093ee89d8647f3478f06de39d10578e2008481fca372e955,676,781,160
full-contract-onchain,intra-on-chain,479,457.3996000289917,357193,8000000,0xddef703c659b927727ed7fb35268ad4a2ee72512308d6973a23bf30037d03e02,676,781,160
full-contract-onchain,intra-on-chain,480,177.07469987869263,357177,8000000,0xb0dd3b7dcfb48f85c17ce9da9381448e8e04b76cdd6b7bd279c407ca142ddd5d,676,781,160
full-contract-onchain,intra-on-chain,481,611.5392999649048,357208,8000000,0x0a11a4746b4955fb3fb4e2eee60fbb9c7177a928ebcb554355c0617ed398941b,676,781,160
full-contract-onchain,intra-on-chain,482,301.9695999622345,357230,8000000,0x9071da3dff16af01aa991c1e0c952aa3642c62e1986d3c18a50e3fb23262b12f,676,781,160
full-contract-onchain,intra-on-chain,483,567.7671999931335,357199,8000000,0x0f47b34ad79d74711e99822334ae85d4188897bf56725d8be7ea9dee0015439a,676,781,160
full-contract-onchain,intra-on-chain,484,291.66799998283386,357230,8000000,0x2595cbbaf96a5be14f9c73c3edaf6aa20dcf346218b18773142dc3752fd49eb5,676,781,160
full-contract-onchain,intra-on-chain,485,334.6812000274658,357230,8000000,0xd3b7d06d64607e46db64798f87ca97c02e9d8f56d4c6952d36ef08de08acc1ae,676,781,160
full-contract-onchain,intra-on-chain,486,86.77850008010864,357208,8000000,0x8f156a8538d3ef6f7d6132ec4a9470a1d35b792022adaf1aac07eabe07151279,676,781,160
full-contract-onchain,intra-on-chain,487,66.84430003166199,357230,8000000,0xb5e2abb9722c266e0806574b0e350db2fad7c57860a37f928cb645a2eae7655e,676,781,160
full-contract-onchain,intra-on-chain,488,163.46199989318848,357208,8000000,0x517a5043b1d8e5e4e224765c3abc1e0a9355086e58971a353379ca6e2e354d5a,676,781,160
full-contract-onchain,intra-on-chain,489,148.3076000213623,357193,8000000,0x224a63d840ed4991c0ea67709dd923ad47ba853641cdcbfdcd9c2500e36414bf,676,781,160
full-contract-onchain,intra-on-chain,490,119.66240000724792,357208,8000000,0xc621b0b39062522fdd5da5cf0f38df6e11dbb59be3cf76cc6d0e07e9159baaf9,676,781,160
full-contract-onchain,intra-on-chain,491,206.22460007667542,357193,8000000,0xf41c70941e480fcf43dca7984f1170178749959f432ec01732edc0b626e65faf,676,781,160
full-contract-onchain,intra-on-chain,492,134.1051001548767,357215,8000000,0x753a96506edb69cb5a64b05debf680f34aa91fd49de723a78e59e50be71dc05e,676,781,160
full-contract-onchain,intra-on-chain,493,147.3041000366211,357208,8000000,0x3a73cdeb89a38f3fb46c2c1c741454242567f677c8906205b108d39587831357,676,781,160
full-contract-onchain,intra-on-chain,494,268.0135998725891,357208,8000000,0x3db26c4e267f91729d8fc8c84fd6eca4b7dce036f63d69339401a0008f8e4bde,676,781,160
full-contract-onchain,intra-on-chain,495,608.7880001068115,357193,8000000,0x2e8a0afa425729e82f96accfc48830de85cec32e5ddb0b33435f296e1c330e55,676,781,160
full-contract-onchain,intra-on-chain,496,195.3849000930786,357208,8000000,0x2ee3ddab8a1501f1e62e2008f027d1344d77c5beac2b5e3a873e22879632aba3,676,781,160
full-contract-onchain,intra-on-chain,497,57.39610004425049,357208,8000000,0x4a1084b29a51de4e6d70f34ebd43078cb457d2749ef869d3e33bcf379113c87c,676,781,160
full-contract-onchain,intra-on-chain,498,335.0664999485016,357215,8000000,0xe06347f19534926b633579507fe9bb3f9fdf1854d29656f3431475bdfaf6eb0f,676,781,160
full-contract-onchain,intra-on-chain,499,81.90930008888245,357193,8000000,0xd28849b8a63d63459c2a6b509c53df4c8c2c7ea380441e6cb836e90f9a06ea38,676,781,160
full-contract-onchain,cross-on-chain,0,71.07720017433167,363272,8000000,0x84c29656623221fff27052bf5895261f26b427eb687ef156303f0895829c67d1,740,845,160
full-contract-onchain,cross-on-chain,1,145.3033001422882,363294,8000000,0x32e29f4f0addce9599911751683f53a6b3024d3aeeda36b1d73d9b859bf2b0f2,740,845,160
full-contract-onchain,cross-on-chain,2,239.39910006523132,363278,8000000,0xa0d67d998772b6d72068301f853f9aad8b24548f4508beecbcc9b40fb9a4ed1c,740,845,160
full-contract-onchain,cross-on-chain,3,240.1733000278473,363278,8000000,0xcc8552459205567eaf48095038bd3c8dee1169cd5e3fe6e484a9705b7b32a380,740,845,160
full-contract-onchain,cross-on-chain,4,112.73830008506775,363294,8000000,0xad9bad49ac9895f2bfb5e52858c21e301f6a4db14491c7aac5f1ff940d53b197,740,845,160
full-contract-onchain,cross-on-chain,5,114.50230002403259,363272,8000000,0x69eba82cf1bb38329d03553cff5cfd1ccca144d7f392ff56b6fe44b6446d631f,740,845,160
full-contract-onchain,cross-on-chain,6,894.9121999740601,363278,8000000,0x8071d634a5259575c6e0f5698108154b7ab76c3f41236ed2508bb6fde5e4907d,740,845,160
full-contract-onchain,cross-on-chain,7,487.54559993743896,363256,8000000,0x0e8e3b40a063d78d604210b7857d1f0131ebb01aa81559920aaf21d8603aaa8b,740,845,160
full-contract-onchain,cross-on-chain,8,104.53150010108948,363256,8000000,0x8d9762371b1cd06a62ef530aa868ecc5814e1da3268e8b8aecb767fdc650ddb9,740,845,160
full-contract-onchain,cross-on-chain,9,86.60809993743896,363294,8000000,0xa617ebb88458fa06c5ab4a84ca26fa8e58e7190da50b32e005ed1bd0128764ae,740,845,160
full-contract-onchain,cross-on-chain,10,578.5755000114441,363272,8000000,0x056b047396d4679726f110bb4f647c0022dd6d5382d5af5d1139338edc3e7c09,740,845,160
full-contract-onchain,cross-on-chain,11,348.6077001094818,363294,8000000,0x414ee272da95e2656629b871043b3ecaa0f00faf69adbdb15e3d04629a6e6cc3,740,845,160
full-contract-onchain,cross-on-chain,12,568.8929998874664,363294,8000000,0x95bfada546551a0251ef91d66523f37d1c2a9deebc33fb130dae8609687d66d2,740,845,160
full-contract-onchain,cross-on-chain,13,190.35339999198914,363294,8000000,0xe18c1bb4c8c6d88a10dce3458dd97be3cf30f409364523342ce7c235c9393789,740,845,160
full-contract-onchain,cross-on-chain,14,1035.4814999103546,363256,8000000,0x9f8493d7bd1da202d526f5a316ef18cb99abe6347edaa8d15ef0badcf920cbe8,740,845,160
full-contract-onchain,cross-on-chain,15,256.73950004577637,363272,8000000,0x429693ab3c3af4d105464f071763c3930131f2a6b2a6446d6ea846eb149b4874,740,845,160
full-contract-onchain,cross-on-chain,16,1026.5285999774933,363256,8000000,0x83a8215588bc6947e08b681dfe42ba169224d47ce9323409de87075f3adfb660,740,845,160
full-contract-onchain,cross-on-chain,17,1002.7832999229431,363256,8000000,0x06bcebb27f1f1fcd59389ccf56714ac5dcc5556bd4e12b15a9a5f99a6577a0da,740,845,160
full-contract-onchain,cross-on-chain,18,85.99500012397766,363256,8000000,0x95976eea696d109ba165a05edadf093928acf3e2dbcefe01142de4599bd3d060,740,845,160
full-contract-onchain,cross-on-chain,19,117.58780002593994,363256,8000000,0xb70ed1aee2701862395bedb432b5ca8d024415f6c18d4316e4d5a8a3605488f0,740,845,160
full-contract-onchain,cross-on-chain,20,331.0325999259949,363272,8000000,0xa22c8892394f4ce9370b100931605b88ec99432627a92326e7694fe5aef7028d,740,845,160
full-contract-onchain,cross-on-chain,21,103.97140002250671,363294,8000000,0x4b7eb4e97a781c2284b502f53bd9767f7eb84abfbfe093c4ad0afd33112bc29b,740,845,160
full-contract-onchain,cross-on-chain,22,97.48900008201599,363256,8000000,0x10e400a977f68c057c97af22c4b01ea8b271e6fad66da49a5f3137850d66b086,740,845,160
full-contract-onchain,cross-on-chain,23,549.9921998977661,363294,8000000,0x149d1d5024c5d9a85b623620ed920dead0e95003ca3495ae40b0f875f7e2bd26,740,845,160
full-contract-onchain,cross-on-chain,24,258.5296001434326,363272,8000000,0x69a14d7784a7f564a45673e721369c086e9e548f0680489256f38828dfd2d0ac,740,845,160
full-contract-onchain,cross-on-chain,25,897.225499868393,363278,8000000,0x64751d9e057da4e6b1a5ff55da87b55151a4e35cecfe3078a5c70faea0f041e7,740,845,160
full-contract-onchain,cross-on-chain,26,146.64619994163513,363278,8000000,0x7c383785b0c89307fe6dd26b8f9c11dc51c7ec0cf7aa70eefe320770427945d0,740,845,160
full-contract-onchain,cross-on-chain,27,456.3770000934601,363272,8000000,0xef3d73da2ad2e330c969e8778ef0b8f304b801c3604528b1f93e471006f95d0c,740,845,160
full-contract-onchain,cross-on-chain,28,117.56879997253418,363256,8000000,0x1d97cdd1ed04f3541d07f808c6f111696229a872720a32f217b0bb8c09cb4edc,740,845,160
full-contract-onchain,cross-on-chain,29,88.43509984016418,363256,8000000,0xf351387cf024b4dd6940b9897ae916ace87a7b9214220a5ec45fef177fef6308,740,845,160
full-contract-onchain,cross-on-chain,30,445.05830001831055,363256,8000000,0x736b1692114b0615b7fc6fd5711fdd66118ecea684c6799c49348e596c663950,740,845,160
full-contract-onchain,cross-on-chain,31,87.18420004844666,363294,8000000,0x6acc2d206c077510d21ed7b4d23f2bdb20420a2607041523f37cce96f3a973e5,740,845,160
full-contract-onchain,cross-on-chain,32,94.7480001449585,363294,8000000,0x306baf3444ec44d2e4af624820340870d73f630ef3d37617e1a6a53e392a978b,740,845,160
full-contract-onchain,cross-on-chain,33,1051.6654000282288,363272,8000000,0x685b55bb08c83f5fa4aab66530e1687d035219a8db8eb1fcd3e809d5e9ea3b61,740,845,160
full-contract-onchain,cross-on-chain,34,145.9184000492096,363256,8000000,0x3a6aed6870a82265d774a9bc7ec629f2037ff9b964b59860f831ab5ad76a9490,740,845,160
full-contract-onchain,cross-on-chain,35,612.6426999568939,363294,8000000,0x7e38066b6f64ae8fa99da156cc6f3d090bd28348213b87fa193f34aafd87a351,740,845,160
full-contract-onchain,cross-on-chain,36,73.39720010757446,363272,8000000,0x4a9dfb1bd2d89361cf1b2538ec43f8aaf2e8817761c1f5bc032a4e8915416125,740,845,160
full-contract-onchain,cross-on-chain,37,112.23079991340637,363247,8000000,0x320f9ddba346ad4c23d8f1b87184c60aca5eade72b0a7df91bf3d1bb03de7fc6,740,845,160
full-contract-onchain,cross-on-chain,38,346.9395000934601,363256,8000000,0xba40048e125bd1bb84e530fe381f57c9e7d979ccff9cacc5b3586decdf28d6c4,740,845,160
full-contract-onchain,cross-on-chain,39,2024.371099948883,363294,8000000,0x9e5f418b16cb3f67cc5d7fc3f66a45b956fdaa836d05e78b0711497132e5c6ff,740,845,160
full-contract-onchain,cross-on-chain,40,50.196800231933594,363272,8000000,0x0d43ddec0c641e236f60980498d63ac9af1d987a6072d3028eae079a83ecc586,740,845,160
full-contract-onchain,cross-on-chain,41,1295.9833998680115,363278,8000000,0x0f7baeecd985555a900cd28c54c17c4058cf1a61adea80f424de251b01196601,740,845,160
full-contract-onchain,cross-on-chain,42,55.753299951553345,363272,8000000,0x9ffb9bd474a2cc8de116e9cad9b2104a4999e0400076cb40bae056e4c2f96bfe,740,845,160
full-contract-onchain,cross-on-chain,43,595.7311000823975,363278,8000000,0x64b83f442bce992064e3372c7d67140f303bc8b7e5d6bd9b65ed743d719b5df4,740,845,160
full-contract-onchain,cross-on-chain,44,120.18970012664795,363256,8000000,0xdeae0bab38e6c22565ea98e61671a4f55333858bb61b3171d18c128b723a6d74,740,845,160
full-contract-onchain,cross-on-chain,45,458.01410007476807,363294,8000000,0xa5dc8663f9909074a26d3e34223f2dae5770088e234c201efe4dfa345031cb2c,740,845,160
full-contract-onchain,cross-on-chain,46,733.1366999149323,363272,8000000,0xf21ef6222dee8350407c4892189b690778d570a6721a50250b5536b7426ca7c0,740,845,160
full-contract-onchain,cross-on-chain,47,101.94090008735657,363278,8000000,0x1193bc46673c97d2b30bdd909f73e4aa6d863cf0c36fa7fafe8ca3c70fb12979,740,845,160
full-contract-onchain,cross-on-chain,48,548.0594000816345,363294,8000000,0x5c5876a1f47cd937f9e883083bfa129099153e4c067bbd8864ec923f50b15656,740,845,160
full-contract-onchain,cross-on-chain,49,64.24729990959167,363278,8000000,0xc0e00c3b78b6071a5a2907a9d08feb3ce99a044480d6365cef5f1f97753e6513,740,845,160
full-contract-onchain,cross-on-chain,50,130.2992000579834,363262,8000000,0x52c889704b389626a1c7a0db757ab72a32bd072ff1bb30a154e1fd961c549ec5,740,845,160
full-contract-onchain,cross-on-chain,51,1037.2725999355316,363278,8000000,0xe5f6fc4ad0ba879747049ac84ebda4c80630e4ee8693fc09564e0869677b5914,740,845,160
full-contract-onchain,cross-on-chain,52,800.3467998504639,363294,8000000,0x6ae396f2836828da1144b71f87a08704879070a92b6b312389be64579fa22a78,740,845,160
full-contract-onchain,cross-on-chain,53,569.558599948883,363272,8000000,0xab8ec988237e8ae475403517fa8ff0de127ab8df3fb227e91bed1d4d3239e72d,740,845,160
full-contract-onchain,cross-on-chain,54,408.63270020484924,363294,8000000,0xa0a1550d8141a7908316d34e998a52f141c915b6181fe0ba006ba49080613f4c,740,845,160
full-contract-onchain,cross-on-chain,55,763.3559999465942,363294,8000000,0xd47eec33e4293cb6910ead6959d2dcbd6e983b58e276c016eb5151f3f34d9233,740,845,160
full-contract-onchain,cross-on-chain,56,114.51929998397827,363240,8000000,0x7fa015380f35e3e2677037e20e1b2941d5c9bf747e993b74c39edb8387e9a043,740,845,160
full-contract-onchain,cross-on-chain,57,547.7876999378204,363272,8000000,0xc1a1b693a58816bb8bb74354fdfcf28d070a281eaeb340a62be34eca414e3a24,740,845,160
full-contract-onchain,cross-on-chain,58,144.65689992904663,363240,8000000,0x1a3acf6b99a0259278a2aea3bb13751162ecab876b87066ab1b55d40e4962efd,740,845,160
full-contract-onchain,cross-on-chain,59,360.0117998123169,363294,8000000,0x9d63edbc10048e90a77c2ad22ca05b0b5ccc95afed4508ca67e769aa8baf3bac,740,845,160
full-contract-onchain,cross-on-chain,60,115.84319996833801,363294,8000000,0x3c5ec5f813e207b76e05ce25d8bd0dd599e2ca38378506213defd0a197de0f4c,740,845,160
full-contract-onchain,cross-on-chain,61,131.04100012779236,363294,8000000,0xf27717e5eaec6d7c44ceed9537d98618bca633f82847a02bcefd307612010734,740,845,160
full-contract-onchain,cross-on-chain,62,394.8076000213623,363272,8000000,0x05a0a44d39f63155b20602d8dbc4757c7dedc90b53f3be04b608472212af66c6,740,845,160
full-contract-onchain,cross-on-chain,63,595.0974998474121,363294,8000000,0x5eb405964a8fd81fbd43b80e848e2fcf662e91922cdcd3d743c5427ec79e1400,740,845,160
full-contract-onchain,cross-on-chain,64,161.8206000328064,363240,8000000,0x0b60200dc666e1830731040a6781242f7b2f56ba5ce9a01ce67171e5d7be960b,740,845,160
full-contract-onchain,cross-on-chain,65,321.6638000011444,363240,8000000,0x967eabedf54d4cfb87b4666d472bd496edabe7c0c3266f4b96dc0ef78218e5e7,740,845,160
full-contract-onchain,cross-on-chain,66,332.4830000400543,363294,8000000,0xb8fcf98c242cb78c9dee4f1a1958e3af390f3229f17057f03bdcbf697006cea8,740,845,160
full-contract-onchain,cross-on-chain,67,55.61590003967285,363278,8000000,0x05a8a2761beb855d13cd25ed54bacbe398831e50213e0e805c32bb86230a6ee6,740,845,160
full-contract-onchain,cross-on-chain,68,195.45410013198853,363262,8000000,0xf1d8bd84b3d2dacdd5c72cb7d04d66b216d85f814e887093044d668b9333ba11,740,844,160
full-contract-onchain,cross-on-chain,69,82.25929999351501,363256,8000000,0xfcb0db424878fe445ae1b3038f8111ef81a2c9a7413eea132eb2c3eb1437a4d7,740,845,160
full-contract-onchain,cross-on-chain,70,394.56150007247925,363294,8000000,0x4c49984bdfafbab049a1ce083921ac0cb51cc08aff9d6f51ca35e7442bee4aa8,740,845,160
full-contract-onchain,cross-on-chain,71,390.34910011291504,363256,8000000,0x9472cddb8462785b9ac41d7a6923cb55a134bd88243a84f17e3fd6e388a20290,740,845,160
full-contract-onchain,cross-on-chain,72,130.51769995689392,363256,8000000,0xee7290be7192ca5d07e09b0aab7450e05b57b2302a48f0a847db9bcdc9e0a8f1,740,845,160
full-contract-onchain,cross-on-chain,73,130.9079999923706,363272,8000000,0x604b4827d7986b5a28b506ceb8742f70bbcb884cf58aa05ee4264907032e30af,740,845,160
full-contract-onchain,cross-on-chain,74,193.8940999507904,363272,8000000,0xf547aa061732d31869bda48f8c7e873ebf595fcf4ab80dad2637e3095ef00c9d,740,845,160
full-contract-onchain,cross-on-chain,75,565.024500131607,363278,8000000,0x5d069f999f49197a2b4d6c5118383a33eef874c5c4d38eb8371e3dfbe33eeae7,740,845,160
full-contract-onchain,cross-on-chain,76,97.48709988594055,363278,8000000,0xa3617a2c7e239d423a6d4cfe195a7f35d9ac78ba33c0b924f268d1d610a9de1f,740,845,160
full-contract-onchain,cross-on-chain,77,101.38549995422363,363278,8000000,0x5e181ae43edb31b73cdc97a61b39790f8a6fdd377dabe9228abe2505d75bb6a8,740,845,160
full-contract-onchain,cross-on-chain,78,256.77300000190735,363272,8000000,0xe4db57c0690945e575252b1407d141a1420d7df4dbc6c1092be2f32f6b82d017,740,845,160
full-contract-onchain,cross-on-chain,79,407.7265999317169,363294,8000000,0xaa09ee0699acabd79509a3c7ac58ae0202752f675a11659686e229ca39225841,740,845,160
full-contract-onchain,cross-on-chain,80,253.76279997825623,363278,8000000,0xd83bf75a7a75418e8a6977d45fee9a889a7061cceb2c1dbb291a59cd2750b208,740,845,160
full-contract-onchain,cross-on-chain,81,163.3052999973297,363294,8000000,0xa465bedab8d9200bf1a627ba1d8e1f77e09a416d963eaf2c3a61f4477fa77445,740,845,160
full-contract-onchain,cross-on-chain,82,608.9214000701904,363294,8000000,0xfe09f4b648770de59b72cd785d5039a309f96a8b52398377ba3b8ffe972587fe,740,845,160
full-contract-onchain,cross-on-chain,83,81.65440011024475,363272,8000000,0x175ae376bcdc0efdfde7b1973029daced3de79202c3cdb09f719da48184eb48b,740,845,160
full-contract-onchain,cross-on-chain,84,764.6403000354767,363272,8000000,0x9ee2e89c9954b9795f93d7a2462010897b7b1f362f0487bb2f26ef00fb034226,740,845,160
full-contract-onchain,cross-on-chain,85,285.5626001358032,363294,8000000,0x226e0acbd0b629e978a294e6e6b3cb0991194a8bc8cd24a199d7a55a6db9fb5d,740,845,160
full-contract-onchain,cross-on-chain,86,286.18709993362427,363294,8000000,0xf03a6f56a441e9b6e005362b4802d8ee091100c3f9c51ff242d7962856544f1c,740,845,160
full-contract-onchain,cross-on-chain,87,440.23969984054565,363294,8000000,0x0db4ae505e6b7edab649fbff367a95749206878d838d45de621973c08bc1af4f,740,845,160
full-contract-onchain,cross-on-chain,88,133.2059998512268,363272,8000000,0xb1ed577503b6e1e79c99b84a0943c828a6f6bbe405149b0a8f0b73261a09945d,740,845,160
full-contract-onchain,cross-on-chain,89,422.82829999923706,363272,8000000,0x1602d6df47c9b63169646e6e44f44a61d4bcdd81999bb4c09e0d1c4096592a0d,740,845,160
full-contract-onchain,cross-on-chain,90,239.53380012512207,363262,8000000,0x2a9f9c0bc3dd780888271f8ff1c362c31cb540fd72e9c176c862198b3f1dc21e,740,845,160
full-contract-onchain,cross-on-chain,91,317.14019989967346,363272,8000000,0x3e26ab6584f06a13c9d582f8f4d9ffd92be0e249b54b635e57d10e08fadc7ce2,740,845,160
full-contract-onchain,cross-on-chain,92,597.4646999835968,363294,8000000,0xa481bcf36c0db494b5a068d1bc28d01b74495fc4fabaf858543127a6dfddd86b,740,845,160
full-contract-onchain,cross-on-chain,93,87.80999994277954,363294,8000000,0xcdb50669c5d06259b814b65ee54d06b15494460d1b162c02b0c054bea39aae88,740,845,160
full-contract-onchain,cross-on-chain,94,266.74460005760193,363256,8000000,0x71fd3ec4a3e17efa0ffa1b1c43e7db14b226cced09831ea544351d1f8e1c988b,740,845,160
full-contract-onchain,cross-on-chain,95,455.02860021591187,363272,8000000,0x4f5cdfee617b916200f477a35cd93be43e9a0faa83b08bee2c234d95992a08e8,740,845,160
full-contract-onchain,cross-on-chain,96,128.27340006828308,363294,8000000,0x54dcdbdbddaeb633486563cfbb6f30bdf8080639eb7d5cee33c180f0ce43822e,740,845,160
full-contract-onchain,cross-on-chain,97,399.93759989738464,363294,8000000,0xaf7c4e54e6153e7fed4351bad6ef0f11cf4110e029b8a35ff2acdc65c1d4bcee,740,845,160
full-contract-onchain,cross-on-chain,98,252.51340007781982,363294,8000000,0xb2f1aaac5b0c1bb1ac7b0cd9d74cdd9e93c316b58bce0b3557c8adc9ae719583,740,845,160
full-contract-onchain,cross-on-chain,99,1356.063400030136,363294,8000000,0x3821d7bfdb014dc809afe06ef70d4acb9df05503322a4c29c167f6750cf0ce7e,740,845,160
full-contract-onchain,cross-on-chain,100,783.9026000499725,363294,8000000,0x9ec3134311684bb15c59e63b8477fe3594fdd4a06d42194589fdd8d069234192,740,845,160
full-contract-onchain,cross-on-chain,101,175.50160002708435,363294,8000000,0x5f81e9a4a1524d3358bae3fc109480f19506f80ad49624c28ec976475bb10839,740,845,160
full-contract-onchain,cross-on-chain,102,661.7504999637604,363294,8000000,0x67d73ead84721dc414b5d86f7996d00fc644ecc4fd91d87b70c18c36473cf2b4,740,845,160
full-contract-onchain,cross-on-chain,103,115.50349998474121,363240,8000000,0x1d3793c6c95344a74cc81cde269492482709963023d0350af87600d5006c5baf,740,845,160
full-contract-onchain,cross-on-chain,104,654.666699886322,363256,8000000,0x4c9304f228727b4fdef06f2e662107d700d85259513249cdc480ed1f792d3550,740,845,160
full-contract-onchain,cross-on-chain,105,288.0711998939514,363256,8000000,0x1074b9d77662753b10de0b50e38ec6b23263eaae62cce7c7c5dc09bc75c48024,740,845,160
full-contract-onchain,cross-on-chain,106,129.49870014190674,363294,8000000,0xa9e259ca31ab91580ea80bcc20820d1086a66582d287769e2b674847282abcd3,740,845,160
full-contract-onchain,cross-on-chain,107,116.7046000957489,363278,8000000,0x17a2a565aae4b09d6e6492e9efc93e0aed38d8cd9f826c2de5796b03399865a6,740,845,160
full-contract-onchain,cross-on-chain,108,520.599100112915,363272,8000000,0x3184ba1177db663468e5175c08136cb92f3c804ce05bcda2923d67434b076662,740,845,160
full-contract-onchain,cross-on-chain,109,68.48690009117126,363278,8000000,0x4a41580cc167e9a2013aa93a8ec08dbe4b6c80d8a947844dea53d58557836fda,740,845,160
full-contract-onchain,cross-on-chain,110,40.01870012283325,363278,8000000,0x99ca1c5f97a6b085654a6d3ae69c591434616234b66fd6e19e9d0da4d27517c0,740,845,160
full-contract-onchain,cross-on-chain,111,126.38529992103577,363256,8000000,0xa4aceff966cb63ac150e27b527a52fdda7c6207556e6f1da35e138b4bd3e23ce,740,845,160
full-contract-onchain,cross-on-chain,112,984.7409999370575,363256,8000000,0x4316dff0a088f9dd54e1b62003d963abc0eb01bb0383c3ccf38955cb09f363a4,740,845,160
full-contract-onchain,cross-on-chain,113,228.6586000919342,363240,8000000,0xc7b7de3ed50d4827bef55b2f511e015252b2788bfa0498e0bba59f8672f36a26,740,845,160
full-contract-onchain,cross-on-chain,114,117.31729984283447,363272,8000000,0xa92895d55a51d26a3af4ffd57056c5559614a355d13a9e432e0b0d24885ad507,740,845,160
full-contract-onchain,cross-on-chain,115,777.1245000362396,363294,8000000,0xa1f5dbe4a1dada39cc976f506501abb109a7887758b7ae9ef40ae4d870e5d43f,740,845,160
full-contract-onchain,cross-on-chain,116,53.93959999084473,363240,8000000,0xf0005fca553f1378a2fdf6a06fea9cfcd0126e571a41a791cc1b46388fffa8c9,740,845,160
full-contract-onchain,cross-on-chain,117,520.9602999687195,363262,8000000,0x0a03116df4da007edd390d4d5b8d1b90dc09a492436ad34a7e34276960b670b4,740,845,160
full-contract-onchain,cross-on-chain,118,161.67110013961792,363240,8000000,0x9ecbbfb81d741fb4ca79d7efd2d2006670adb1e933f5fcf815543a9a96838eb6,740,845,160
full-contract-onchain,cross-on-chain,119,116.36479997634888,363294,8000000,0x0de5e96b07dbe56bb0da8edeaf5e52e1b090e086182625da9ea371ff8882ef14,740,845,160
full-contract-onchain,cross-on-chain,120,553.6180999279022,363272,8000000,0xec08c89850db202008c24c7793e1ae3d2036108a106be11bda93c89700804381,740,845,160
full-contract-onchain,cross-on-chain,121,69.200199842453,363272,8000000,0x688fd349832eb95389ba33cd10856424248c342ac71fcd6b8a13f363445f7814,740,845,160
full-contract-onchain,cross-on-chain,122,300.01579999923706,363256,8000000,0x4054a844218a3df5ab75bae5b423b9b0a3a603edba73b4fb61a5ac7e8af175b1,740,845,160
full-contract-onchain,cross-on-chain,123,99.95709991455078,363294,8000000,0x86bc03a927116e16e05be2d2afca12d8dc86e4fb042599a21cdb25dc0ad1af43,740,845,160
full-contract-onchain,cross-on-chain,124,130.9465000629425,363294,8000000,0xec02e525bf2687668527a0028dd69b2276f5dead1f9bed1e747d7a1c09ed2f71,740,845,160
full-contract-onchain,cross-on-chain,125,519.5421001911163,363278,8000000,0x6862d5a46251d754927d82e216001426b831658879158eb2384b9a48a8b6d810,740,845,160
full-contract-onchain,cross-on-chain,126,67.8938000202179,363278,8000000,0x887ef5a0eea396d7587191180f38cd851fbc26ddaf2659f392f96030ffbec19d,740,845,160
full-contract-onchain,cross-on-chain,127,365.19479990005493,363278,8000000,0xdd43bcc4ccdfbefec6039bd9f87eea39102cb4181f7898257fa1f5a465044329,740,845,160
full-contract-onchain,cross-on-chain,128,488.632600069046,363278,8000000,0x5085ba345043d5bc4675d19e675d0cfc4f28c375b92039b36ef613cad90cc0e5,740,845,160
full-contract-onchain,cross-on-chain,129,101.29390001296997,363294,8000000,0xb9f6c9a8b0c7ba8587c03ea1c530701fcc04dd85f32bb8913f00dd082e4f6687,740,845,160
full-contract-onchain,cross-on-chain,130,177.2202000617981,363272,8000000,0xd76d5db84a43e92a78ecfda2c5d36b5be11c071e69a849e76c6c99c4ca01fada,740,845,160
full-contract-onchain,cross-on-chain,131,366.3087999820709,363294,8000000,0x94560df91bb637401dfb0c098f6c17a1e929f715c145f174c3c52f7a70448d89,740,845,160
full-contract-onchain,cross-on-chain,132,160.77439999580383,363256,8000000,0xb223322f5cbc80d8861d6e59127add001071e2e5c58a4a6a480b3fa0813237bf,740,845,160
full-contract-onchain,cross-on-chain,133,53.2878999710083,363272,8000000,0xdeba2430fc55f3e0be1d17c2134445a2a638ee50b5fe65f157acad8593a72129,740,845,160
full-contract-onchain,cross-on-chain,134,548.4158999919891,363294,8000000,0x7ddd557118a79c618bb52403b4c4aadf616de72bec2ef1faefe165c6010a0b3f,740,845,160
full-contract-onchain,cross-on-chain,135,580.670000076294,363272,8000000,0x15c3383e0c04b444a9fa0c1ffa3f949bd98f2c440c3bc477971a65f24972b079,740,845,160
full-contract-onchain,cross-on-chain,136,66.8150999546051,363272,8000000,0xf28dd45caf8523098d62aad3d0741f61aa5609477b1d9240bf4e7b5d7b7bbf1d,740,845,160
full-contract-onchain,cross-on-chain,137,550.0048999786377,363256,8000000,0x83351e44d047dcb28f5ef049af6a792e5f2796d7c8b51a4e8a7d80a0cb9317d0,740,845,160
full-contract-onchain,cross-on-chain,138,596.0989999771118,363272,8000000,0x34b3b92e33be6cfb6727cdbba87e59af53128f1af8d3e7793e77beb2e5c91c04,740,845,160
full-contract-onchain,cross-on-chain,139,100.53760004043579,363272,8000000,0xd62e37744dc30426fcaa3ef2beac2402b0bdf2395ef8dc7e8aa2a1f90acb59ce,740,845,160
full-contract-onchain,cross-on-chain,140,439.54560017585754,363272,8000000,0x2d0a90252814792ace1f41b666bd8e0edd6f745fe6922245a121f5d00b58037b,740,845,160
full-contract-onchain,cross-on-chain,141,102.19519996643066,363294,8000000,0x8bf55fe5c5fdbbdf5862368740202bba089b7eb20d7826daf6fa07f5ec149d5a,740,845,160
full-contract-onchain,cross-on-chain,142,741.5069000720978,363294,8000000,0x4e6f4d7cb36da8ca9801905d4a67621665b2ea9f9e5391de8000040d31646d31,740,845,160
full-contract-onchain,cross-on-chain,143,283.23529982566833,363294,8000000,0x6f4806f6eefb4e9c700649c2c52efa865e07fe9c18a03cb9c3472ee1bddce396,740,845,160
full-contract-onchain,cross-on-chain,144,101.34820008277893,363272,8000000,0xe91d85913eb15559cadbad7a3fcf8e6ffa46327a12b0c164262b1f6e7a91adbc,740,845,160
full-contract-onchain,cross-on-chain,145,193.60369992256165,363256,8000000,0xa3e195b2a4e7fc7760366c6e4c930b1043205923bd5fec18937877c5439f7f10,740,845,160
full-contract-onchain,cross-on-chain,146,504.16039991378784,363294,8000000,0xd4007f2d3ffdfdb0fc6db552e6b4f0f9f426f3eaf1d51d9b3de628f16744d4de,740,845,160
full-contract-onchain,cross-on-chain,147,718.074099779129,363294,8000000,0x8c35bbc00d85855fb3366e617a6533d036c60aa2d35d8c972b490622a8222108,740,845,160
full-contract-onchain,cross-on-chain,148,237.9126000404358,363272,8000000,0x68073751c950069fbd4f39dd5b6a829298241c722f8621f05d1421329d9d4c29,740,845,160
full-contract-onchain,cross-on-chain,149,472.05419993400574,363256,8000000,0xd99985c3bcbdf4b8f703ea410cf66994bb8208bd104023e18a87b8eb14bc0e67,740,845,160
full-contract-onchain,cross-on-chain,150,113.66939997673035,363294,8000000,0x829039cf99cf48dd48a0b182b93d692c6dc7734cd6cd2f0bd9422253df4711dd,740,845,160
full-contract-onchain,cross-on-chain,151,273.2558000087738,363294,8000000,0xafe573eb7657c8be931fc387caa768cf70c778ff518e3acb72547face3aba41f,740,845,160
full-contract-onchain,cross-on-chain,152,814.0709998607635,363294,8000000,0x55eb8b39e6b8dfee40adf024eeebfad8a6ac98a6e50bb403edd3939af66c2d15,740,845,160
full-contract-onchain,cross-on-chain,153,532.2002999782562,363240,8000000,0xf783e126ed1bc5deae30d70f4b391fd9e9a6698382f0f52a99d8584983d69a13,740,845,160
full-contract-onchain,cross-on-chain,154,114.69510006904602,363272,8000000,0x1994b96d63a7c507bad02f17452634e99eb5a1feac2080e2422ca2c8dbc460d8,740,845,160
full-contract-onchain,cross-on-chain,155,287.2353000640869,363294,8000000,0xc113c878e60fd9a91b80fe9eac323b0defec0c7a18eff75b475dad1e1ca73e98,740,845,160
full-contract-onchain,cross-on-chain,156,728.191400051117,363256,8000000,0x6c2f5018cce565093cd435ff8847e0e47f7f90b754ce09d77a857b4ec774945b,740,845,160
full-contract-onchain,cross-on-chain,157,206.8677999973297,363256,8000000,0x8dd85193e5d616a379a7dfae499206382edbd8d4945a3124f5492670b9870c26,740,845,160
full-contract-onchain,cross-on-chain,158,253.07159996032715,363278,8000000,0x55905bc1f2174b65e26680b4111099ca6bc08029e980e7b2a2cde63c206afa1c,740,845,160
full-contract-onchain,cross-on-chain,159,575.3331999778748,363278,8000000,0x47c34d437888b169aa8c669ce7ecdbdd8a0f21b6dd5dbae1e9828543e535b53e,740,845,160
full-contract-onchain,cross-on-chain,160,72.10500001907349,363262,8000000,0xb9a794350914861f84f10a11b2c8a1e6208b0c5cf80a284b5dac4b03911f08ce,740,845,160
full-contract-onchain,cross-on-chain,161,209.1399998664856,363278,8000000,0x01391fba7713c82d8e5d574e8b148a4747cec520fe059351ddd0093d4464bf97,740,845,160
full-contract-onchain,cross-on-chain,162,120.78629994392395,363256,8000000,0xaf02d9f2b50cd24e7412ce137d2b8ae6a273d08f7b2d1adf3d30deb34e32aee4,740,845,160
full-contract-onchain,cross-on-chain,163,99.4439001083374,363294,8000000,0x4a5290c59b3f1bb143f8a22251c523017fd780fc68b9c0deeee78b133e999413,740,845,160
full-contract-onchain,cross-on-chain,164,102.72620010375977,363294,8000000,0x559716c40f7d5d683ed5c53313714c5b5845b91cea2478d4370a76b02e2f0c28,740,845,160
full-contract-onchain,cross-on-chain,165,221.9563000202179,363272,8000000,0x04edd08a670e339765b6786db31111281eb2b1d3f76d4885d343167f994bc9e5,740,845,160
full-contract-onchain,cross-on-chain,166,350.1799998283386,363294,8000000,0xedc7364b8d56326b5e18ce3e5b323c0684a92e8f4b90bc1501007d0656d0479c,740,844,160
full-contract-onchain,cross-on-chain,167,301.1921000480652,363272,8000000,0x859837d40c2b53da57e701c2f7a2e1f4b1eaa6e54a7ff269c1162a3930952c6e,740,845,160
full-contract-onchain,cross-on-chain,168,112.97670006752014,363262,8000000,0xaa63a6b09c22b5a1b3ba50403b5f92de1be4035de78bba6fa38dd7cb11915f9b,740,845,160
full-contract-onchain,cross-on-chain,169,177.65260004997253,363256,8000000,0x80f5953900911c964773debef41600f16aa4eb717ce78c80cf0ba754e32b6a84,740,845,160
full-contract-onchain,cross-on-chain,170,459.84789991378784,363256,8000000,0xb6638211300e2391233463355d0473fa26683c4857ab21d7d8cee40be47b8586,740,845,160
full-contract-onchain,cross-on-chain,171,571.1733000278473,363262,8000000,0xd09ac4e6e31f5d0218c3b30da9e7ec40cd245b8b447b5c527c3bfb49619a63b8,740,845,160
full-contract-onchain,cross-on-chain,172,159.29419994354248,363272,8000000,0x5c46250eb991585a5252ddd07e6addaf7fbc45406297934bd716aee6932053b6,740,845,160
full-contract-onchain,cross-on-chain,173,176.68869996070862,363272,8000000,0xf2f6e499a19124d027119864d3991d09c8aac2c8db212fbf242bcf0b3a7af7a2,740,845,160
full-contract-onchain,cross-on-chain,174,255.82219982147217,363294,8000000,0x74db2040914b7eee08c311fedf3d37e17576a6eed9689afbfbd2b629b603f559,740,845,160
full-contract-onchain,cross-on-chain,175,408.4677999019623,363272,8000000,0xb976e292a45c81693976257d56d7e4057295acdfef0918e7f1197edc9e859e54,740,845,160
full-contract-onchain,cross-on-chain,176,595.3467998504639,363272,8000000,0xdb5b95cfb5156ea1675d7235244d14b8501829fc44c75d91b4fa0cca03c12d3b,740,845,160
full-contract-onchain,cross-on-chain,177,578.8216998577118,363256,8000000,0xfceb07d2f0fed5a2defae34ca805069996cd0b8d0ad113309cdd33d5a491eea6,740,845,160
full-contract-onchain,cross-on-chain,178,79.9637999534607,363294,8000000,0x5dfdf4134f4de90d66ea04532408d31a854e22156b4e81a21bed990369dfb22b,740,845,160
full-contract-onchain,cross-on-chain,179,161.27939987182617,363272,8000000,0xda3acbcc97d3e57572e5435b3f06000357e01114a2d5e4df2cf8ae31f89d486a,740,845,160
full-contract-onchain,cross-on-chain,180,908.4242000579834,363272,8000000,0xa4eb6c28221d4944e25b96e08989802f541a62bd4a80f40f6423dcadf707d217,740,845,160
full-contract-onchain,cross-on-chain,181,86.54290008544922,363256,8000000,0xb8dbbf718ef1ff0543962164b508f02f33105da830c9be149f4f6178ff14e061,740,845,160
full-contract-onchain,cross-on-chain,182,160.08699989318848,363294,8000000,0x8bd1dfab6846c5e87797c13681cad2818bd62ef89f5934c5143af6288016e2b7,740,845,160
full-contract-onchain,cross-on-chain,183,262.5327000617981,363294,8000000,0xbae4c4f7c304aa6aa4b80dc0d8536b292189a500d22406b61b96ca830bc6390f,740,845,160
full-contract-onchain,cross-on-chain,184,136.77100014686584,363256,8000000,0x3cc0dad10e55afcda927c8df2c572176bb1a155d5511a48dd1cbbdefbbfa6ebf,740,845,160
full-contract-onchain,cross-on-chain,185,1012.1654000282288,363256,8000000,0x2bccdf5455cd3cdfabac48d297870e496ecbdc0264539bbed2a41c224b1960e5,740,845,160
full-contract-onchain,cross-on-chain,186,162.02720022201538,363256,8000000,0xb92c3abfe37500923d06438ac9b3c917b5797952d12b02ec24b583e4905d5d65,740,845,160
full-contract-onchain,cross-on-chain,187,593.4846999645233,363278,8000000,0x000d126d4ac06d2cfd062be5d14bca551342778e23889e99df8db22e506b44c9,740,845,160
full-contract-onchain,cross-on-chain,188,317.93570017814636,363278,8000000,0x92929c57988be90fc9c250ef351b39d11e2ff47ec372b6066bc2e9d455c88927,740,845,160
full-contract-onchain,cross-on-chain,189,84.1761999130249,363294,8000000,0x7aa399d230a4bc9ad615bfa4cac0a8638786a9f830c7acf8390cd4b5fce1f486,740,845,160
full-contract-onchain,cross-on-chain,190,424.6011002063751,363272,8000000,0x56294ea90c5ee3a5803fbb6eba6bf87aea298e408170716bc2d4e251b762ab08,740,845,160
full-contract-onchain,cross-on-chain,191,331.82400012016296,363294,8000000,0xdcb0cabfdd9908beb6b605d439ead6c373d481904ad58090a3b3090e151c6b70,740,845,160
full-contract-onchain,cross-on-chain,192,130.6560001373291,363262,8000000,0xbfeab839bc1f7aea4d97707b75a9209a0f3e05373c71253a7f4839fd4622ef6e,740,845,160
full-contract-onchain,cross-on-chain,193,48.894999980926514,363256,8000000,0xba7285998d4976d56a2084604b74082e4594b9f19e318e8ca7eee0987654247a,740,845,160
full-contract-onchain,cross-on-chain,194,100.00950002670288,363272,8000000,0x413c3f4bbf532e937ad27303f475123351c2b01e8b162bc97456409ad283aebc,740,845,160
full-contract-onchain,cross-on-chain,195,284.5896999835968,363256,8000000,0x3fb8d61345734228eb0702346bdaf5b667e1e13ef227e44fb17029fcabe5d135,740,845,160
full-contract-onchain,cross-on-chain,196,226.53859996795654,363294,8000000,0x75f08800ce464238ec3005fa32ea26e6b3496f7d84a4f291e90ad205e9453a98,740,845,160
full-contract-onchain,cross-on-chain,197,581.1240000724792,363294,8000000,0x3f210f5eb72b701809f5f049d849aa1f0e5d9d6d9e9b1d8f0cddf4e0cf8ed149,740,845,160
full-contract-onchain,cross-on-chain,198,53.630900144577026,363278,8000000,0x90bb20928e19196e9437c3767e6c2d9a58c90a62631e000aed2a84c3a770af6c,740,845,160
full-contract-onchain,cross-on-chain,199,365.4035999774933,363272,8000000,0x549161a48673a5638b091219678dd28a9dfe7f87688121051925dfde797cfd7b,740,845,160
full-contract-onchain,cross-on-chain,200,149.8684000968933,363294,8000000,0x612995ef7a80663cf871dc0aaa8be93d22612523e4c4a0c5bb932472147690d2,740,845,160
full-contract-onchain,cross-on-chain,201,83.04679989814758,363272,8000000,0x194f1929ebebbb5d7b8718f52f6fe7f15a5ceea8f82071d1773a6624b3b1c17e,740,845,160
full-contract-onchain,cross-on-chain,202,83.9954001903534,363272,8000000,0x7d2df3525b81f9fa5e7010a362867a22bb08c4230125b8c8fc77c10069c24401,740,845,160
full-contract-onchain,cross-on-chain,203,834.8197000026703,363272,8000000,0x6ed7530fbd9e28c21fc6eee4d926c4d9b01e18b6d7b5cc8aa3baeef2f3eb6c98,740,845,160
full-contract-onchain,cross-on-chain,204,256.15880012512207,363272,8000000,0x68d16ad7a4ab834081a9086d0224683f0bc34b6f250dbbef7078c1658040b1fc,740,845,160
full-contract-onchain,cross-on-chain,205,53.900099992752075,363294,8000000,0x9f682e9ef3bfb592192c609944edf5af3b65db5825fbfa81c0c9f936a61e9955,740,845,160
full-contract-onchain,cross-on-chain,206,267.2976999282837,363294,8000000,0xf2af0a00a8844b09d330bff1c6c8c2a2eeed59a06e5ed015d7202ce1459e769e,740,845,160
full-contract-onchain,cross-on-chain,207,65.69180011749268,363294,8000000,0xa1c364a6b6211a33ad310d7dcfe452f8aeae1644569ed5bc6ff7cdbb3fc943df,740,845,160
full-contract-onchain,cross-on-chain,208,391.6371998786926,363294,8000000,0xbbad6a600f1aef093a0f3d557244b1f5b796ea7204ca8c3933d48537d5a3818e,740,845,160
full-contract-onchain,cross-on-chain,209,440.7351999282837,363256,8000000,0x9f27ec368265f57552096048dd7b3ff0cf2452283e04921fc5132434274d7b21,740,845,160
full-contract-onchain,cross-on-chain,210,84.76950001716614,363294,8000000,0x94881dc3709435a6030a46ba8eeefb06eff18be374e44b03622b2e4c75552697,740,845,160
full-contract-onchain,cross-on-chain,211,66.92030000686646,363278,8000000,0xa14e832dc1dd9af7a531bbd544184be98adceeee8a328986b8e9512da3a100c4,740,845,160
full-contract-onchain,cross-on-chain,212,271.6587998867035,363294,8000000,0x35f7d752343d60f70f80c12f731fa72b87c30400e8b0b1c67e53398d0cb0f0e0,740,845,160
full-contract-onchain,cross-on-chain,213,87.59680008888245,363294,8000000,0x639d5d1ba5f717aaf65f59b9977d02b2f64140b7177000ed06ca20783570c6eb,740,845,160
full-contract-onchain,cross-on-chain,214,288.2573001384735,363272,8000000,0x1fafbfbd526a3ab138c01cb9a819701e0af475ea8810fd38ded4ad3ff4a7295d,740,845,160
full-contract-onchain,cross-on-chain,215,132.14599990844727,363240,8000000,0xa8cd6569d1b8df5e37bcdefb123b03cee86016c8b6793a3e96de69c0b543f1e6,740,845,160
full-contract-onchain,cross-on-chain,216,100.51939988136292,363240,8000000,0x51eeaecc9056b4401cf7c67a3f0c00645fa4cfbf0cf6cbc5a0ce84714be4b7fa,740,845,160
full-contract-onchain,cross-on-chain,217,87.57929992675781,363278,8000000,0xa13905d7440076a93b376f8932f4d7556f33db23ab0e81a9d49c7df9eea481bb,740,845,160
full-contract-onchain,cross-on-chain,218,723.0657000541687,363278,8000000,0x0fafee89b10e95270f230e956d9db98a0e233811ccca00b91f1f02db6709fe6b,740,845,160
full-contract-onchain,cross-on-chain,219,70.88549995422363,363256,8000000,0x3053033144122a74fc1bc1f972ed8ee3afa6941d12aa2491e44c240d6febb02f,740,845,160
full-contract-onchain,cross-on-chain,220,266.9157998561859,363294,8000000,0x244dbfbb483100d878dd1bf63037576e92ee079e318745003c9fd7b903a20e83,740,845,160
full-contract-onchain,cross-on-chain,221,56.800699949264526,363278,8000000,0x459b34e805f2d6c6c7589858cdff77908a6d9c7f9b7d698cf96f083d88a44c2d,740,845,160
full-contract-onchain,cross-on-chain,222,226.16110014915466,363256,8000000,0x50be2af86d7aa0480de175f1225d1d64f3af8b1cd32958b9e36ef8218fc75902,740,845,160
full-contract-onchain,cross-on-chain,223,177.59850001335144,363278,8000000,0x9c6ba1f76d1cb2943ef2c5be3c4467fde7f7c8e972712fa9fa05e8d5c9b2c5ef,740,845,160
full-contract-onchain,cross-on-chain,224,222.8685998916626,363262,8000000,0x295f957e38aa2d44033ca1749a8358a0abef90beca0a39e5f2a2efeb03b47a80,740,845,160
full-contract-onchain,cross-on-chain,225,198.15059995651245,363294,8000000,0xb560377aa3d2bf8b587f65b73611e0f2de4d27fffe3ce68f22bbf7b369b6a5bc,740,845,160
full-contract-onchain,cross-on-chain,226,553.2295999526978,363272,8000000,0x81196f9f895c2654fba88a3ba8909f66bc4a0dcc363934ecd24506b00db1c73b,740,845,160
full-contract-onchain,cross-on-chain,227,197.56780004501343,363278,8000000,0xb9baba15e4dfaf6170ed6cec3daf750b109de03c4c39513ec424225dee20ae88,740,845,160
full-contract-onchain,cross-on-chain,228,469.2255001068115,363294,8000000,0x4c7597141ed5ef993af798fcbd2423345cf32a36d95f836c1eeca2d204b4d4b3,740,845,160
full-contract-onchain,cross-on-chain,229,147.06319999694824,363278,8000000,0xe4443b5b36cf1a24c1e2ba75000344973851b784fa9661f37ccc61abff244c7d,740,845,160
full-contract-onchain,cross-on-chain,230,148.5944001674652,363278,8000000,0x85ac34da533e0731851747d67d7e8c46f9ea365ab07285a90523ba309d554eed,740,845,160
full-contract-onchain,cross-on-chain,231,227.00460004806519,363256,8000000,0x337c11acbda9805e721bca14dd59824396af470dc757d1f572e9895443b7b34c,740,845,160
full-contract-onchain,cross-on-chain,232,68.93190002441406,363272,8000000,0x02b24bc3fe1eed0eb4d2e8de80b6e67a17007c90aec2923ebdbedeb784419176,740,845,160
full-contract-onchain,cross-on-chain,233,344.4108998775482,363272,8000000,0xf68f6bfabdf2dc69f57aaf399fae6d13472b03b4d585730382256bc15b6f0b06,740,845,160
full-contract-onchain,cross-on-chain,234,472.324599981308,363294,8000000,0xdf7a85f2f41e8379bd9597449c492e7ecea18b51883afd252ae8b371b577ce78,740,845,160
full-contract-onchain,cross-on-chain,235,249.88650012016296,363294,8000000,0x1ac58b9fd6da5b1c657de38b4077f799da173eed7a7c418e28dd8d86b75ead86,740,845,160
full-contract-onchain,cross-on-chain,236,260.90989995002747,363278,8000000,0x1f5d1552f748576f723404d6f31d2802dc062ac1b4f1a1168096093057d08e0a,740,845,160
full-contract-onchain,cross-on-chain,237,115.39300012588501,363256,8000000,0x9ff1d2ac6a2cf696bf777e24c47ae5b91568a3036b0793ccd685eaf5f895e57d,740,845,160
full-contract-onchain,cross-on-chain,238,85.84800004959106,363278,8000000,0xc32edf458d3c48a5ac914e8fa0defad59583fa6a45666b8b61b56d6d14e635ae,740,844,160
full-contract-onchain,cross-on-chain,239,83.90299987792969,363294,8000000,0x80e279690aed59dcec4ca3483ce6a68ae33e1d9b1c2a80d9894f4cd3178677d5,740,845,160
full-contract-onchain,cross-on-chain,240,113.16970014572144,363272,8000000,0x654083318a2e14d71962be0fd8d42d454ef46cea348dd4241d884170c80c16e0,740,845,160
full-contract-onchain,cross-on-chain,241,177.0741000175476,363272,8000000,0xe75a61e4c87a1b4c32b7084b0c73cf16533472c9b888ef434298402fc76cba45,740,845,160
full-contract-onchain,cross-on-chain,242,298.33399987220764,363294,8000000,0x9d0fa03989b517e0d861d88e0215635d69888d6a77aea0c0d09019ee1b852b29,740,845,160
full-contract-onchain,cross-on-chain,243,661.1373999118805,363294,8000000,0x13f2d5d65cf0b429c6189f71ebe5a06f1894dc6d600fb48a518790400ac5c003,740,845,160
full-contract-onchain,cross-on-chain,244,507.3266999721527,363272,8000000,0x4d36ea259e033a40087f75b79d8276b341722107845d3aa168c09773d53e146f,740,845,160
full-contract-onchain,cross-on-chain,245,412.89079999923706,363294,8000000,0x1a6ce9683c525ca889850f3bbd41db9174215dc16d4d47a6ed9dc59f87742780,740,845,160
full-contract-onchain,cross-on-chain,246,176.1220998764038,363256,8000000,0x620daaa7664c7038c23b023cf15d50ccc4c9b93e866e2454c0c2a9be30ec1e3e,740,845,160
full-contract-onchain,cross-on-chain,247,471.5710999965668,363256,8000000,0x8d30c448e983c915b2b53a13eeb2b51e758d98d9b76a3fb0dd7acfcae8cad378,740,845,160
full-contract-onchain,cross-on-chain,248,162.0757999420166,363294,8000000,0x4179ce2e163458e5a9d941a8671f50780861c634be6160e99ff1fc0a33962170,740,845,160
full-contract-onchain,cross-on-chain,249,136.3840000629425,363294,8000000,0xd47f880e0d5cf4cb2906066ded572317b3c772c9b7f5868db97f634e06d62ae1,740,845,160
full-contract-onchain,cross-on-chain,250,1638.7788999080658,363294,8000000,0x3b44fd0e2bde46e31265c9251da91e275950d4d6b96cbd66bbaa08116dbfaf0d,740,845,160
full-contract-onchain,cross-on-chain,251,157.87549996376038,363278,8000000,0x8a1216ef31becc21adb6dbbfbd85f39ff599f11787e960dcfa38868c630bb685,740,845,160
full-contract-onchain,cross-on-chain,252,676.847400188446,363272,8000000,0x46787095ca6f4da4d56bd3b286f44f5cc3362c965b6655e8784f2925a8be8b32,740,845,160
full-contract-onchain,cross-on-chain,253,703.9252998828888,363272,8000000,0x34eab6934f806a4ca9203d0a0fd61342f75532ca9a0af44d8b87604605073834,740,845,160
full-contract-onchain,cross-on-chain,254,223.81680011749268,363256,8000000,0x3610718d8793d44c89b0709c4c0f05d2eb91bcec3b4f797ebc624dd71ed86d78,740,845,160
full-contract-onchain,cross-on-chain,255,113.85050010681152,363294,8000000,0xde76d219a8ec8f7588f5256a8b5c0b7fce28fd8053879abe4252ffe0dedbbbf6,740,845,160
full-contract-onchain,cross-on-chain,256,221.64590001106262,363278,8000000,0x5a2f7f1f0f0d7fdf4ed8975634df449f3ba0b2d875e7774231484507a92a3590,740,845,160
full-contract-onchain,cross-on-chain,257,844.4753999710083,363294,8000000,0xca5be5d00004f23e43e8f15ea084f49f0b48ae1e9f64b64eb4388c8c922b39df,740,845,160
full-contract-onchain,cross-on-chain,258,379.5643000602722,363272,8000000,0xc13539736f3de70969c83f98fa0315b09091e989db1c5c22545198f7d4895be1,740,845,160
full-contract-onchain,cross-on-chain,259,221.10189986228943,363294,8000000,0x937ff7de07de15fdb5e82fc38469e6b1efd38890cb24d2dfd539d519b0e41415,740,845,160
full-contract-onchain,cross-on-chain,260,103.59470009803772,363294,8000000,0xcf2645e6c756cb923b59508393ca9258204065c1210d669650b8f116b90caa7c,740,845,160
full-contract-onchain,cross-on-chain,261,175.0485999584198,363272,8000000,0x7058e8c40c5cb4a14201e71e2c430aa859fc80e7854272a35abfd71ddad94701,740,845,160
full-contract-onchain,cross-on-chain,262,301.8468999862671,363294,8000000,0xe576f92db547b354b438de41ad1976dabc507977b9e63ff8e12e72d09e425c7d,740,845,160
full-contract-onchain,cross-on-chain,263,382.1064999103546,363272,8000000,0x52772c66fbab6255f5447d83f9c74fbf70c4ce5aed8ede57921467a125e63bd5,740,845,160
full-contract-onchain,cross-on-chain,264,128.71070003509521,363278,8000000,0x0939a1a6d2a65f4479ef7c72a00c7129f22127bf97857ee1dfb2361fe64e340c,740,845,160
full-contract-onchain,cross-on-chain,265,99.95319986343384,363294,8000000,0x18b65bd143e4309276cb2a4d0c4de6b0771be9b8e3cfe3f5cf5da39398faee91,740,845,160
full-contract-onchain,cross-on-chain,266,130.53399991989136,363256,8000000,0x7d4491f441782db57d45a0112e131b3141a7943fb3d2edd5b03ca375d25c75f4,740,845,160
full-contract-onchain,cross-on-chain,267,410.47149991989136,363272,8000000,0xe4956460b0d52301b13a81142f0884bbf6d879d87dbd349d866afd29ec089a9d,740,845,160
full-contract-onchain,cross-on-chain,268,668.8271000385284,363278,8000000,0x1af5e4a492d591264718b883997f743a997ee91c301e515d39664f7e64df4189,740,845,160
full-contract-onchain,cross-on-chain,269,116.63989996910095,363294,8000000,0x54c2712f5edb704a32230f45ed3d31ab26348fe29008b613e6f592000a12108d,740,845,160
full-contract-onchain,cross-on-chain,270,129.01380014419556,363240,8000000,0x4db46d678e0a7f01982a027e50a6ac71dc3d4795bef0d3248e55d0a98f33a874,740,845,160
full-contract-onchain,cross-on-chain,271,611.5539000034332,363294,8000000,0x752ae363d99d5dc93f784122e5ea3f5412b87df15888b4b76d4e97567a9c3d60,740,845,160
full-contract-onchain,cross-on-chain,272,281.6895000934601,363294,8000000,0x7fb4dfef220c09202aaed799af812714b2a00e6ef4425bbd56a9e39e7ccaf4ee,740,845,160
full-contract-onchain,cross-on-chain,273,241.9449999332428,363294,8000000,0x2f5760071944495555ed1669ba2a262d8fad20ae33f158b11588a51fbfe0dbeb,740,845,160
full-contract-onchain,cross-on-chain,274,430.1108000278473,363256,8000000,0x06eb571c551198adad6b2dfbeb1779399230cda4cb51761b9082cf94f794632f,740,845,160
full-contract-onchain,cross-on-chain,275,564.0406000614166,363294,8000000,0x09d8362f69c72c90403d8976104b0a83569ce0c5aa78d42c02c6564814ee1371,740,845,160
full-contract-onchain,cross-on-chain,276,65.71720004081726,363294,8000000,0xba4710e1f969200c1e9dc5fa4207e1a5b16f3ca96a3807a3c3b5d99b90af3009,740,845,160
full-contract-onchain,cross-on-chain,277,175.68829989433289,363262,8000000,0xc16190bf6cd6c4d38f1b89ae52fb76f469530e396a6baebeae28142baf11f6d2,740,845,160
full-contract-onchain,cross-on-chain,278,160.79310011863708,363272,8000000,0x6a9470f0acf97b1122a6560f236723d3d86f131af136da1fd8cfa31b45c59acf,740,845,160
full-contract-onchain,cross-on-chain,279,909.1538999080658,363294,8000000,0x9644125396b283ab6fd90c0fc114e4c178bdd97db087740162b7e4101458ba26,740,845,160
full-contract-onchain,cross-on-chain,280,144.56699991226196,363278,8000000,0xcea073533bb9bd3277a719caf711e7e664b3fc1d4cc6addb308eb5d005ca8c2a,740,845,160
full-contract-onchain,cross-on-chain,281,71.89030003547668,363272,8000000,0x692ce98f916e983b5b96dc70022faefb711db8920ab83a59abef7cd241b7836a,740,845,160
full-contract-onchain,cross-on-chain,282,365.6310999393463,363272,8000000,0xf6bd02f23bb624c5b3707c6641ea664ace42095fc6157dc62b21b617e1874459,740,845,160
full-contract-onchain,cross-on-chain,283,238.15720009803772,363278,8000000,0xd7e7fb7855df4acb48390dd37929fdf034c3fbb3e3ec7675d867cccc141b9e69,740,845,160
full-contract-onchain,cross-on-chain,284,179.08910012245178,363278,8000000,0x882244a8972f3c06e35181a9289ba2b70883a77048ecde2f9a4acbca5c03451f,740,845,160
full-contract-onchain,cross-on-chain,285,210.58799982070923,363272,8000000,0xbc39a3eb5d08528c0f7d710c71a496dc76efaeeaac567b66ec789e307aadc0a9,740,845,160
full-contract-onchain,cross-on-chain,286,375.78719997406006,363272,8000000,0x53b14e60f263dadf3cd94fcb7f0fb65778bc11cbcf018045a192fd16a222d74c,740,845,160
full-contract-onchain,cross-on-chain,287,920.2973001003265,363294,8000000,0x82e212d6955910d968582e6f271ec329f71ebdd5816cc33c9aadcf69da98b070,740,845,160
full-contract-onchain,cross-on-chain,288,271.52679991722107,363294,8000000,0x2641accf1f3d122baa25a3b7b082d3b52c4199e96513e31e6da55804a675f4aa,740,845,160
full-contract-onchain,cross-on-chain,289,179.1917998790741,363272,8000000,0x06d0beb8c2575693444b17602ad6bf25bb7e27a50b2351dbe8d000c4095e66e8,740,845,160
full-contract-onchain,cross-on-chain,290,180.2311999797821,363272,8000000,0x4c84bc7ca6493bf84b332cc9dee83e44b25a7775d81f25acb1ef99c3ee761f39,740,845,160
full-contract-onchain,cross-on-chain,291,206.0285999774933,363272,8000000,0x381df30cc4d753558d44ad065b5ea83c96feedfa90237ceac6a4a406610941a2,740,845,160
full-contract-onchain,cross-on-chain,292,172.1775999069214,363262,8000000,0x325d0bc6fd4cdfddaa4dddaf59db8b6268a2dcd0b8daaf77b6f390c9a7c64ea8,740,845,160
full-contract-onchain,cross-on-chain,293,115.69869995117188,363294,8000000,0x325aeb2aabddc8f666f30f7d884c6b4212cf7f8ec3f351dcc4bc5a2fa694ee86,740,845,160
full-contract-onchain,cross-on-chain,294,146.66999983787537,363240,8000000,0xe8af281dc8acddca16bb2b93a1426cbe2109537e20b572dfbc26891464917e8b,740,845,160
full-contract-onchain,cross-on-chain,295,283.0545001029968,363294,8000000,0x3599c3490c06d85dafa8745fe6af766315ec5df53eec2d372ca77ba68a10c4d0,740,845,160
full-contract-onchain,cross-on-chain,296,81.2416000366211,363294,8000000,0x2161e0bcc7aa545c5f4e477e2694478038d02d9e950bdca5652d4fe69b5138e5,740,845,160
full-contract-onchain,cross-on-chain,297,81.35130000114441,363272,8000000,0xf5868cfe9fb498ef80c63c2c7188ee324782d60e677caddf81b5e5ce1138dcfb,740,845,160
full-contract-onchain,cross-on-chain,298,345.2601001262665,363294,8000000,0x003a11fb82daba0ef281a10f92656b25e72b311559d71a74c507639be0e78012,740,845,160
full-contract-onchain,cross-on-chain,299,860.6426000595093,363256,8000000,0x18fecf38e6bea4150feabb995625ffc648ee6b581214fe7c541a7dfe47918491,740,845,160
full-contract-onchain,cross-on-chain,300,135.64740014076233,363272,8000000,0x10df27ef10c9274313a79dd04125ec6d44039a1a48c454993d0a6f1504026c63,740,845,160
full-contract-onchain,cross-on-chain,301,182.16790008544922,363272,8000000,0x82ed16070a02bce6e8b504049dff9c3015544af8f586250475a2453a4a9c64fc,740,845,160
full-contract-onchain,cross-on-chain,302,114.52730011940002,363294,8000000,0xb2451c71a7d78afe2f0d32078ba2c1ae05cd66d1b21e8326670820ee9cdbbc7c,740,845,160
full-contract-onchain,cross-on-chain,303,193.75479984283447,363272,8000000,0x0eeca78208aef6eeb84d8674fa9a5ba6e9b3a3261461dc95be328ab57c7581b7,740,845,160
full-contract-onchain,cross-on-chain,304,692.3829998970032,363278,8000000,0x6ca8982fa97e0549e4c633f9052529e1f93c6b5901ce8fbc5077a1aee5c8b51b,740,845,160
full-contract-onchain,cross-on-chain,305,161.49670004844666,363294,8000000,0xe80326d4777eaaecb6e4b19c5f3ab90c053613ca3ee08794f1ce4e50bd5ffcdc,740,845,160
full-contract-onchain,cross-on-chain,306,285.17829990386963,363272,8000000,0x639aad29024ca4bcbeadfb3abefd7b2f3163fb613d5ea4076293d023e8685464,740,845,160
full-contract-onchain,cross-on-chain,307,140.14680004119873,363278,8000000,0x9c7d8ac62b6f03f06b2a3b932cc7512cbe5bf5c1c11cfd4649fb963da355b153,740,845,160
full-contract-onchain,cross-on-chain,308,551.864599943161,363272,8000000,0xe9f72de436b04a476068080c7851d22462a1b4bea3fc78f7116aacdd5d0786bb,740,845,160
full-contract-onchain,cross-on-chain,309,229.78279995918274,363294,8000000,0x00dcb59d77cbc70b9bbb23a8ee83672d3d0da3e5612795ce89bbf502cbd391d6,740,845,160
full-contract-onchain,cross-on-chain,310,751.6108000278473,363294,8000000,0x9a766efb8885ed785eb20fda14bbfdff92278a0ed85350a8acc69c82d87e3411,740,845,160
full-contract-onchain,cross-on-chain,311,365.5829999446869,363256,8000000,0x451d782483db43a57096929433ad4305001d7522a69bbe9951827b38227a76fc,740,845,160
full-contract-onchain,cross-on-chain,312,149.54390001296997,363256,8000000,0xaff2ea0a1307f6c093617ab07c1cb08759ca5aaa09e8d12bc4d15125822a0e5f,740,845,160
full-contract-onchain,cross-on-chain,313,50.07669997215271,363272,8000000,0xc8d49a0ea46cc16c3c2e8823c0ffe82e29242e13494a775281c10d53f69fdd80,740,845,160
full-contract-onchain,cross-on-chain,314,159.62719988822937,363278,8000000,0x7e6cc341fde04ade0edada350f642c6f80be3fb314a3f1b13dae64d1d4a05788,740,845,160
full-contract-onchain,cross-on-chain,315,444.8320999145508,363256,8000000,0xa138d8c6f78d71af5e04760a5b0a1601568a58de9464394da8bcc59b600b6ddc,740,845,160
full-contract-onchain,cross-on-chain,316,151.26939988136292,363294,8000000,0x191b3cdb7efd4dfe482359353c14873232d6f08f5096eb7affc127bd6044d181,740,845,160
full-contract-onchain,cross-on-chain,317,97.12069988250732,363272,8000000,0x7d74586458cadb334ed1fead9154b581409958f84006dd51c42160a859f2105e,740,845,160
full-contract-onchain,cross-on-chain,318,56.45069980621338,363262,8000000,0x0f3e817fac0a9efcc3b3f96f8749e21af4fa157be5f08c946214ce4ab1d948e9,740,845,160
full-contract-onchain,cross-on-chain,319,984.5845000743866,363294,8000000,0xb509bbbb94adc1eeb07029d6b5d5c415dfa37dbd355a62be5c325944906c3924,740,845,160
full-contract-onchain,cross-on-chain,320,39.23860001564026,363256,8000000,0x755be765af53daaacd1a9e459bc92bea74ae81bf3b7c670df434479d98ff3175,740,845,160
full-contract-onchain,cross-on-chain,321,164.56410002708435,363278,8000000,0x33901abab0e521130a8825913a22285917cd29191860141c1defad7c46b2d07e,740,845,160
full-contract-onchain,cross-on-chain,322,191.44260001182556,363294,8000000,0xb07a3ce7271fb09c46d787f5794ce86d069dfc61129959543a35f3a52cc60c24,740,845,160
full-contract-onchain,cross-on-chain,323,69.17770004272461,363240,8000000,0xae04267982bb7079bcbe1234eb9c387ae16fb02fe5e14dd193d3d5bf8ee2b47d,740,845,160
full-contract-onchain,cross-on-chain,324,116.63470005989075,363278,8000000,0x94531e5cf23a0cc7f8e8ac6db0d8b2262921829077f7f3dfe341b2a640b6676a,740,845,160
full-contract-onchain,cross-on-chain,325,85.98390007019043,363272,8000000,0x99b3e365c2a184160575dafdec60a7fdc54e11e8078f793fc19faa0ddee6240c,740,845,160
full-contract-onchain,cross-on-chain,326,179.40369987487793,363278,8000000,0x706ab7dba67b8b64c4cd966eee49e6825ff1d61672653332539263f167c6d284,740,845,160
full-contract-onchain,cross-on-chain,327,363.74910020828247,363272,8000000,0xdb0b392e26562ce7207ef77d83aae3994fee91365a1b22888b23f6db2ebf1abb,740,845,160
full-contract-onchain,cross-on-chain,328,103.3225998878479,363256,8000000,0x44d500738f85ef389c703309a499a44c91e4f949498ec5acc0da3f772b33f2fd,740,845,160
full-contract-onchain,cross-on-chain,329,49.00419998168945,363256,8000000,0x67f2d57b35cb089c4dbdc9d1472fe6019566eea5cf2d215714df828faa6d690f,740,845,160
full-contract-onchain,cross-on-chain,330,458.5752999782562,363256,8000000,0xb97b77b17281f8a734f4ac82746ed075542db7a8547671a0608e4260e8441109,740,845,160
full-contract-onchain,cross-on-chain,331,67.25740003585815,363272,8000000,0x49aea054a26cda359374c85a732c833540e978ecc9cb1e6920d8b104116241b2,740,845,160
full-contract-onchain,cross-on-chain,332,51.08680009841919,363294,8000000,0x287221356e19cd62c6ecbd1427bf5641830201a26b3f4b4cd0e103bd635c370d,740,845,160
full-contract-onchain,cross-on-chain,333,66.25300002098083,363278,8000000,0x5278cad3faa7d4a8bb1fec0f6a16df20e7eacc517530805412c286beafa10895,740,845,160
full-contract-onchain,cross-on-chain,334,190.6814000606537,363294,8000000,0x689d79c7043ee1416223a00b7e091d0061e9457eb01e42db48d4574027322170,740,845,160
full-contract-onchain,cross-on-chain,335,144.4112000465393,363294,8000000,0x96972e41678bc20f3c6b3aa597214a67272608faeb58583ad95785d4d2258c96,740,845,160
full-contract-onchain,cross-on-chain,336,165.53670001029968,363256,8000000,0xc821e340fe4e0fa0c0ee920a063d9b1106a6bc3c51891016d77f7eaea13edf02,740,845,160
full-contract-onchain,cross-on-chain,337,176.31089997291565,363272,8000000,0xea6f737909bfc6c702f72283d1595dd3af66c64841c73e7c2e6c3efb1d2db7c0,740,845,160
full-contract-onchain,cross-on-chain,338,54.99690008163452,363294,8000000,0x1e418b094919495112b4074fa0c2eafc43e6902dbe11a47651ca4d0a71a17e5f,740,845,160
full-contract-onchain,cross-on-chain,339,94.77059984207153,363272,8000000,0xb33aafa6b3b4a844f1be1893333005cb587fe12bea9fd7f7d53799c705b5d6e5,740,845,160
full-contract-onchain,cross-on-chain,340,267.43070006370544,363278,8000000,0xafb2f5b6ad581705e7db10fd75e17a1a0aa1d2471c4d33b46ea057677077d7ef,740,845,160
full-contract-onchain,cross-on-chain,341,1152.9549000263214,363272,8000000,0x05324a602795da552a8e3f398d0659c1123d0a19be924653f93d4233368b3c93,740,845,160
full-contract-onchain,cross-on-chain,342,175.89480018615723,363272,8000000,0x418211141df58b763eb8683e0ca3c28aad969464b1e11ab7007472ed840a47aa,740,845,160
full-contract-onchain,cross-on-chain,343,469.91630005836487,363278,8000000,0xe7ad49ca2378cf39bb93d734f7f2f71003140922e3eaf89c513c262335347917,740,845,160
full-contract-onchain,cross-on-chain,344,365.96810007095337,363294,8000000,0x6ce70e22ae5919113b5139dded7394edce7a034073dd38eca2b7f8b5d8045ce0,740,845,160
full-contract-onchain,cross-on-chain,345,476.07400012016296,363240,8000000,0x6458641a992de9e31651e2f12c3c7aeb4b595482133c5b1ba3abbf2a864743c3,740,845,160
full-contract-onchain,cross-on-chain,346,127.48049998283386,363272,8000000,0xee2c47e3d0157008d07c5a9b17f748bbfb75675f17d498d7c11248d4154bc090,740,845,160
full-contract-onchain,cross-on-chain,347,238.70620012283325,363294,8000000,0x04ff049b9e2c3e0681ba2e180662f1817e1c1b19bcdd0e3f60d4b0b415156754,740,845,160
full-contract-onchain,cross-on-chain,348,300.35610008239746,363240,8000000,0x6a61593a3f7992459d7eeb61b56441a44d415265a1857000aab4bdf3fc98b323,740,845,160
full-contract-onchain,cross-on-chain,349,87.22160005569458,363294,8000000,0xb99ad4ca893e62f55eb44512199ad46675a366ab7ac10fb12f8446334798c83f,740,845,160
full-contract-onchain,cross-on-chain,350,82.52250003814697,363272,8000000,0x4d32e0c64689f20bb23aa78d0fede1d15b9d520997d6897f0287926c0bff36d3,740,845,160
full-contract-onchain,cross-on-chain,351,206.0425000190735,363272,8000000,0x88b64a8b332fc984328a2bbf4ecbfa9ff3a597833ec692cbd860ac22d232a4cb,740,845,160
full-contract-onchain,cross-on-chain,352,57.5945999622345,363278,8000000,0x048c77136761b3bbbaca5863352bb9b5652ccbff6b5c0dc5f60882f6f0dc0595,740,845,160
full-contract-onchain,cross-on-chain,353,161.91690015792847,363294,8000000,0x7e14799e68644a4f7cc0cf0c6485fb01cb1a8d12d8b1660017d409b1e54f09ab,740,845,160
full-contract-onchain,cross-on-chain,354,130.30309987068176,363272,8000000,0xb53ad59ba21c989f43cc5df0ec8ae9f84df7de924df68d15630a6ab0d5e41bac,740,845,160
full-contract-onchain,cross-on-chain,355,566.4799997806549,363256,8000000,0x6992237e09eee7702b1960798b5767e2c9e5b91229ff5d0b11806c120956bac6,740,845,160
full-contract-onchain,cross-on-chain,356,131.19310021400452,363272,8000000,0x77b2c3bcc22af76e5a2d801271aa9f84ceeb353805dc55ac81d912ce098e668a,740,845,160
full-contract-onchain,cross-on-chain,357,255.75600004196167,363272,8000000,0x895206fadf3a9bc5b608da3044358231caf0c3bd3f69ca1f2c7ff1dd3e9117c3,740,845,160
full-contract-onchain,cross-on-chain,358,237.98950004577637,363272,8000000,0x51c01a6ac80540689c6134db55568eed64a5ad7cb6c369121780aabdf0b58eab,740,845,160
full-contract-onchain,cross-on-chain,359,256.83240008354187,363272,8000000,0xc5cf58d6bb67a0b95f3f40fa99c859402fb618d4237c138dcce575910c77ae33,740,845,160
full-contract-onchain,cross-on-chain,360,22.3996000289917,363294,8000000,0x39e92172240f99048adc317286b8019f9596036fedcbaab02e1e0aa77c05fe55,740,845,160
full-contract-onchain,cross-on-chain,361,266.6879999637604,363256,8000000,0x3fe015e7b64d67290f86f829e87b7ab9cbaabb5fba3cc90c7464ec879380da64,740,845,160
full-contract-onchain,cross-on-chain,362,116.72160005569458,363294,8000000,0xfc2b24b2f0404aff3b99c645bc109e9cc03b10cc0e1b9aa2f6303fc9f51441f3,740,845,160
full-contract-onchain,cross-on-chain,363,69.30279994010925,363262,8000000,0xf150decf941e06a29de2569db83b8ab6634b31322b4c99666b28298748ad13d3,740,845,160
full-contract-onchain,cross-on-chain,364,97.7606999874115,363272,8000000,0xe74798c562d775a0b8ac90c29e2064d6a45133027a23a8cdfa1c3728bf5e20a2,740,845,160
full-contract-onchain,cross-on-chain,365,270.7043001651764,363294,8000000,0xc6133446191a51c15917c10ec8453c0e70d2feb0ed1fccde2462cf8ab72ede35,740,845,160
full-contract-onchain,cross-on-chain,366,95.1684000492096,363278,8000000,0x881b15c3cc31e57c78dd2973b23ed579a0d6405ae070b52d9ad0b424c7a21f4c,740,845,160
full-contract-onchain,cross-on-chain,367,149.9869999885559,363278,8000000,0xe58bef794675ba86967c1f5f4162c67002ef3d9cf45f1b598d03ea851c05c2f0,740,845,160
full-contract-onchain,cross-on-chain,368,99.95059990882874,363294,8000000,0x00af6753050a37452cf4b54f146df8274876ecf81fc785cd3d2b44875ef3415d,740,845,160
full-contract-onchain,cross-on-chain,369,164.49690008163452,363278,8000000,0x8ba9d70d6ab16d28f53fab82f35161edd572a5f0217ce9bcf6e4e786b66313f7,740,845,160
full-contract-onchain,cross-on-chain,370,685.7188999652863,363256,8000000,0x02137a3d59badc3c624fd37f3be6e1af41ef8dee1e321fc3b342c10cac621646,740,845,160
full-contract-onchain,cross-on-chain,371,60.59249997138977,363272,8000000,0x9fa4043fd2d8ecc99afb1a3b80d02807342e25cf9f89d7c61645cb9c2aa0a93d,740,845,160
full-contract-onchain,cross-on-chain,372,391.94400000572205,363240,8000000,0x8b10b8576a65cef1a3105c1ffbf8cd1be59db55d78c54f4533e94d6820689a93,740,845,160
full-contract-onchain,cross-on-chain,373,115.86269998550415,363278,8000000,0x8d60ef3cfba3088024d3b333451958c1514eaff057b75ce275076847d67d11b1,740,845,160
full-contract-onchain,cross-on-chain,374,57.08359980583191,363225,8000000,0x94fda64b8cc4740f69633f30b5dc1493ad7c07d36fb80a1766a04d3628eaa480,740,845,160
full-contract-onchain,cross-on-chain,375,133.9037001132965,363272,8000000,0x4d6cb1bdc2f9d29c78c875a3823d5643ac160274eaac260112b0bff50ec27e33,740,845,160
full-contract-onchain,cross-on-chain,376,79.94270014762878,363240,8000000,0x811a6e17b59f04bad00c0021bfcb01a3133012226cb993a16dcdddc2b74f461d,740,845,160
full-contract-onchain,cross-on-chain,377,163.51950001716614,363278,8000000,0x6925bb0bda0c62d7e6e0829c0bdfe0e99e709036220ba10b2fb9ce7bfc53bc2a,740,845,160
full-contract-onchain,cross-on-chain,378,118.5845000743866,363256,8000000,0x270ba9063115f8f8590fd56909e315b4096c4c304363c4927a52bc31debe1ef3,740,845,160
full-contract-onchain,cross-on-chain,379,220.29900002479553,363272,8000000,0x43ecff9772bb9ea7fc54234bfe7bae2c1ab554911437b750984324b66275aba4,740,845,160
full-contract-onchain,cross-on-chain,380,179.3157000541687,363272,8000000,0xf3357dbd027047846fc1fbb306561792d226706eafef158362df24dac1f96838,740,845,160
full-contract-onchain,cross-on-chain,381,97.35229992866516,363294,8000000,0x4225e7536b09f46bcd88ba5454b158df321d403ea6f689e8396292aaa2889d35,740,845,160
full-contract-onchain,cross-on-chain,382,319.91359996795654,363278,8000000,0x3d5bcb72e2f66006eb311e5886153a15c5669a4d29d7ab1b5c76361d58f4648d,740,845,160
full-contract-onchain,cross-on-chain,383,144.83960008621216,363272,8000000,0xd48a738e0285ffe6414a366c578949e438770b4767d4f434e7e5d80978ade1a9,740,845,160
full-contract-onchain,cross-on-chain,384,259.3278000354767,363256,8000000,0x26a5eea6b3963fc0b0d77e02273834ab37a6564c3f663e5b500c1df0eb60c4c3,740,845,160
full-contract-onchain,cross-on-chain,385,147.31319999694824,363272,8000000,0x7c62966757c61dd3f1da8f3e7396515dfa04bb53f8ef45651c6fbf90d2744aed,740,845,160
full-contract-onchain,cross-on-chain,386,298.28229999542236,363272,8000000,0x3952ac1c96c1dcb8923ca6dc296afed7941a1080d169ed2a3a48a6e987f1e721,740,845,160
full-contract-onchain,cross-on-chain,387,196.75999999046326,363294,8000000,0x3e4b18e31906bddf11d07787845f6122e0a46874963307282350bb03fd43aa75,740,845,160
full-contract-onchain,cross-on-chain,388,457.84909987449646,363240,8000000,0xd108ec83b70df642c06c7a7073df39a04fcd956a35c994d877a099b08e63abb4,740,845,160
full-contract-onchain,cross-on-chain,389,98.56889986991882,363294,8000000,0xa86700999fcba4445d0d3e66031241740b81278b066abaa2d7c3adc2048ad446,740,845,160
full-contract-onchain,cross-on-chain,390,195.30479979515076,363294,8000000,0x3103300cff4f2423df5aa9b0e888ba896b33598823c115ce9eb878737b5e44ac,740,845,160
full-contract-onchain,cross-on-chain,391,70.92089986801147,363294,8000000,0x3ee70727c9fe2a4b4e7d89cfb2103182e4818becbd2948adaa0d9c3df15bfb8f,740,845,160
full-contract-onchain,cross-on-chain,392,85.54710006713867,363272,8000000,0x2378116f4334be78708e4b3a981f7ffbd1e465a5d49b9e2729ffe9d93d076ae6,740,845,160
full-contract-onchain,cross-on-chain,393,132.40180015563965,363272,8000000,0x338f2d20386d7ba72035ceacfce5baf341dc8fd885b112e7c32135490ee38d1b,740,845,160
full-contract-onchain,cross-on-chain,394,109.80110001564026,363294,8000000,0x794392f6c4c62ed71a6cf4d9735b94d58b9ef995bc459eb513a8576589234cb0,740,845,160
full-contract-onchain,cross-on-chain,395,425.8014998435974,363272,8000000,0xc1fa09178f920e97d530569ed853cbbb225e9df7876d62e661533cf4f7fe32a8,740,845,160
full-contract-onchain,cross-on-chain,396,500.46290016174316,363272,8000000,0x7758143f7ebff056dbcc93d37974a414c420c58ae69cd3045ba722b85e0bd881,740,845,160
full-contract-onchain,cross-on-chain,397,304.34370017051697,363240,8000000,0xc3b7c094f1c91b0b03b0797247feb51c4fb63d3040bcfecfb4f83a3c7597441f,740,845,160
full-contract-onchain,cross-on-chain,398,111.73109984397888,363294,8000000,0xa3328fa43f7b4be456fbfb3c267ebb1f81af5144282840780467e2940cd4cb8b,740,845,160
full-contract-onchain,cross-on-chain,399,35.60060000419617,363278,8000000,0x01be4485701c9b3f7af00ae5b19583e44b6cb9eb4f20ea071a9ea3115afa9643,740,845,160
full-contract-onchain,cross-on-chain,400,534.1245000362396,363272,8000000,0xfc8631ac602f31cb32cd8cdbfd962f468d82a2c8a087a3d79be6b163dfb80347,740,845,160
full-contract-onchain,cross-on-chain,401,163.44809985160828,363272,8000000,0xd3705a09516981aa48b58b287ac3dc2960b0087c5e26b072132fc7cfb8228134,740,845,160
full-contract-onchain,cross-on-chain,402,315.9399998188019,363272,8000000,0xfc3ef67648f3b3ef12fc9892ce5613b884ae52b2bf04fb860e643df3f0f3ab5a,740,845,160
full-contract-onchain,cross-on-chain,403,162.28099989891052,363272,8000000,0xb9f16b3f7c2d6ccfc06d272055b95a51acc473da81b2b46f9ab80ffbf207575d,740,845,160
full-contract-onchain,cross-on-chain,404,38.436399936676025,363278,8000000,0x20edb815fbd7b19b03ca6d3510f0fc3d2f0582e5b69ba60a8b1a99ae14d11aef,740,845,160
full-contract-onchain,cross-on-chain,405,271.7244999408722,363294,8000000,0xb606fe4409394d4cc496d65b8e2048a9a9cd6f99807f31daec09ae700ee6c541,740,845,160
full-contract-onchain,cross-on-chain,406,161.0975000858307,363278,8000000,0x21fdef65044778bcb99eebb3b7f88c6edb3dc8909a7375b8054a54a5348108b0,740,845,160
full-contract-onchain,cross-on-chain,407,332.6626000404358,363294,8000000,0xff06509518740f6d889730cf38422e49b3f7208111c197f4bdbc8d823adf6965,740,845,160
full-contract-onchain,cross-on-chain,408,392.69200015068054,363240,8000000,0x3a02cd1aa37f079f95e804a2082270536dfa925da933dda19262230e439a910a,740,845,160
full-contract-onchain,cross-on-chain,409,295.466500043869,363294,8000000,0x370d77eb62e45a23f244b25f8a0ed557326c5a833a5c00a0c865041f926fc48a,740,845,160
full-contract-onchain,cross-on-chain,410,131.23539996147156,363294,8000000,0xdc93a3e1c89a1ffc8fdf5631d87999ade32ed3183229d043c3fe567af79e51a9,740,845,160
full-contract-onchain,cross-on-chain,411,162.64919996261597,363278,8000000,0xac102e4dda08f24fef862817d764459cbfe99fe16f22f6f9630a8e5261d4e795,740,845,160
full-contract-onchain,cross-on-chain,412,99.0132999420166,363294,8000000,0x3d5ac99005102dcac1ac2f03f9b67daf9b5d2b857d8a189d4c6cbe2bd63a30e9,740,845,160
full-contract-onchain,cross-on-chain,413,102.53189992904663,363256,8000000,0x4456a524c823adfd01876efb5d211ec7da8cdf6a4a9c79d785188e60971a26a6,740,845,160
full-contract-onchain,cross-on-chain,414,569.451299905777,363272,8000000,0x549b7c9c3762b4323233d06e2527dacae79b49f3dbac853c1b9dcd1efbc4a87f,740,845,160
full-contract-onchain,cross-on-chain,415,67.47979998588562,363278,8000000,0xbe6f06f75e8e7720330e686bc156687d27a3de39ead1a291d421dd1e9b4241db,740,845,160
full-contract-onchain,cross-on-chain,416,128.54839992523193,363278,8000000,0xe4bdece27de48662ec70425277b20b013c83f64dbdb654109f58ba34da5c4935,740,845,160
full-contract-onchain,cross-on-chain,417,180.29330015182495,363294,8000000,0x81e688d3d35b4f58c264cda5266e04de332f55642633a246488bfc168c7afd2d,740,845,160
full-contract-onchain,cross-on-chain,418,113.49460005760193,363272,8000000,0x76b2573ba15c92e8f8329b55f9dec0e78553e9e6a339dbc416f16f9625709924,740,845,160
full-contract-onchain,cross-on-chain,419,379.5122001171112,363294,8000000,0xcf8b120b33fcf0f12b1adce37fa9911e39e8bb147bea45dbdc8fa3a698803845,740,845,160
full-contract-onchain,cross-on-chain,420,133.79299998283386,363272,8000000,0xbe8770cbb90e2b5530afdfbf0b911bcafe297174d45a9693781840d3332d7e5c,740,845,160
full-contract-onchain,cross-on-chain,421,255.0596001148224,363272,8000000,0xd118b5d78afad04d378887693fb25166f0de01c3660f82c3b5b02fc3ce27b478,740,845,160
full-contract-onchain,cross-on-chain,422,82.82229995727539,363294,8000000,0x14a7f6d7f35495486fffe889a890aea6f5b91744e776b1c9cee29acdd95fd0de,740,845,160
full-contract-onchain,cross-on-chain,423,147.60669994354248,363272,8000000,0x7091f3d4887473e57d06166c38e48bf94abc44c217830fd050bd66eb8ceb3be1,740,845,160
full-contract-onchain,cross-on-chain,424,258.5414001941681,363278,8000000,0x6a26a4ab4bf80c610e3d7e7c209e21fee4d9379f7c6dde3c643c311f23e53892,740,845,160
full-contract-onchain,cross-on-chain,425,102.52219986915588,363294,8000000,0xb1e8d124ab14e33a8d8e9ed4df99bdfdade8f8021d0c461eac832ed91288e237,740,845,160
full-contract-onchain,cross-on-chain,426,83.03189992904663,363256,8000000,0x68fe5e4c24cfee438910a5d759876fc5309be793f1ca357a21f632916690c165,740,845,160
full-contract-onchain,cross-on-chain,427,110.29659986495972,363294,8000000,0xcbcc70d9a81f7ffc817c383c23d99ac6442c3b62b2a65b199966b26edf6d60cd,740,845,160
full-contract-onchain,cross-on-chain,428,489.69219994544983,363294,8000000,0x51a4effad6423a46925c6b46a6ed7a70febeb3cb2be028518055ede2ca95e1b7,740,845,160
full-contract-onchain,cross-on-chain,429,237.28929996490479,363262,8000000,0x6e488b3f4f27538c5455a1a88dce0bb2e4e490cb0ea379d29e9cc05a02fd0012,740,845,160
full-contract-onchain,cross-on-chain,430,162.54130005836487,363294,8000000,0xcd56a682764d85a508b36bd0037286924a4b88c0c682bb239d1b0f7cad40a789,740,845,160
full-contract-onchain,cross-on-chain,431,163.66970014572144,363294,8000000,0xcdfa433010f78af681f0c79a8192c30fcb738d458d2d6b8bfb1d75e5c12d064b,740,845,160
full-contract-onchain,cross-on-chain,432,223.4549000263214,363256,8000000,0xc6921606c171076126ed7b8add5791c1cd993ce80768965f59e86a266d9ab251,740,845,160
full-contract-onchain,cross-on-chain,433,427.4438998699188,363256,8000000,0x8c0feb6f36d2a1884930dc73053ea202682952f2dffc725950d32d45542ada84,740,845,160
full-contract-onchain,cross-on-chain,434,569.0342998504639,363278,8000000,0x44ee524cce9a46b8c696607ca792c04bec911bfccbb47609a2de2e2a35330f31,740,845,160
full-contract-onchain,cross-on-chain,435,163.5596001148224,363294,8000000,0x02080a0d5fe846da4b33ee87bc936cfea217500ee669d8aef82f483c6fbc240f,740,845,160
full-contract-onchain,cross-on-chain,436,237.38879990577698,363294,8000000,0xed0ea1b6a48f5e4574483428ff396a6dfa64c528c9b4fbb956d35eeebe16779e,740,845,160
full-contract-onchain,cross-on-chain,437,252.7451000213623,363262,8000000,0xd72ec4db392e6145eafdfab1850e660b5894fa6db893ff5723e77bd658e9908b,740,845,160
full-contract-onchain,cross-on-chain,438,67.98750019073486,363272,8000000,0xc20ed8c6c98960bba042b93f827395af02c4ea6c73299744a2f41ab0b562e069,740,845,160
full-contract-onchain,cross-on-chain,439,130.07080006599426,363294,8000000,0x8feec366ce6a5e7f5ab0cdc4763cb9cc90050cff19606887fa3690a388efc025,740,845,160
full-contract-onchain,cross-on-chain,440,71.27289986610413,363256,8000000,0x71f142d56850d87254df4d8f1eb1a1829789e7ea6a4f75215c195a5f80d6b98e,740,845,160
full-contract-onchain,cross-on-chain,441,192.91969990730286,363256,8000000,0x80cbadd82006ee71f3c1554d32eeb4fc82b33f664ed9b8d381bf5d824323afce,740,845,160
full-contract-onchain,cross-on-chain,442,718.9346001148224,363294,8000000,0x861474ac12107490c6f000c8939be6d1140c6639201ca44ba185656d36363110,740,845,160
full-contract-onchain,cross-on-chain,443,26.18659996986389,363272,8000000,0xb86b2cf12f18696a4090cc876a25bda4c343af988b2d385e88905bd1f2ccf98d,740,845,160
full-contract-onchain,cross-on-chain,444,765.9142999649048,363278,8000000,0x691a2b4e064df7dce231c9b6966048078032ecf0360cfca696c03ee014c5d4a9,740,845,160
full-contract-onchain,cross-on-chain,445,411.08799982070923,363256,8000000,0x7836f161809ace37442ebe8e38bd453d2193e1511cfdded3e716d410c17b68de,740,845,160
full-contract-onchain,cross-on-chain,446,147.12919998168945,363256,8000000,0x422c8ba773932123866b34c400179cd75c0adeb5d88378a5e5d33bd870f5f502,740,845,160
full-contract-onchain,cross-on-chain,447,54.42079997062683,363294,8000000,0xbfb2371c9875e2f4c1404e707f94b7ec39a599becec264a64359bb9cf9a8c944,740,845,160
full-contract-onchain,cross-on-chain,448,133.12680006027222,363294,8000000,0xe218d1e36f43da505f591eca2d2d5f85ee3d160f7f991408d6070606bda94c0a,740,845,160
full-contract-onchain,cross-on-chain,449,80.24650001525879,363256,8000000,0xd49ccd01e8316adf94faa2d4ba7838f9e21c8bd8530195c6c5de1c0d2c548de7,740,845,160
full-contract-onchain,cross-on-chain,450,179.5615999698639,363272,8000000,0xbc7a8ee43c06d9d116511c07e83f342c44e7f0268dd3f335ec15f2309587c84c,740,845,160
full-contract-onchain,cross-on-chain,451,53.331900119781494,363278,8000000,0x3ddfc6243ec61bd40fc2e9def316f7f06448666f15200dadd20aa4096fdf5076,740,845,160
full-contract-onchain,cross-on-chain,452,192.92400002479553,363294,8000000,0xb1d3273f2ab4dec22a02b20ce2f4837f055fae2f65fa304a6f02b032f85751db,740,845,160
full-contract-onchain,cross-on-chain,453,129.06850004196167,363294,8000000,0x9014a41d84f17d3e8219fcb8f32a7c17ffd8d0ae618fd038696b849e238de6ba,740,845,160
full-contract-onchain,cross-on-chain,454,161.2578001022339,363256,8000000,0x7d373de7100b696197eef57a7d42b8b7fbb7eb6e9969dce110b0483da7e6eb65,740,845,160
full-contract-onchain,cross-on-chain,455,67.55259990692139,363294,8000000,0xad3997625a6a3d0655ea78c4332824b8d4e1c82dfff6ab1d69ffa4ce83f3044a,740,845,160
full-contract-onchain,cross-on-chain,456,181.04879999160767,363272,8000000,0xbbc0b306c8c9688b4c9c3f04aa5d4beee914149cd60b060bb14a6991bf63a5e1,740,845,160
full-contract-onchain,cross-on-chain,457,783.4735999107361,363272,8000000,0x67639716a839e5a14f0e14f94bc8a06b7c9991123fedbebd721a25a3fdc31d76,740,845,160
full-contract-onchain,cross-on-chain,458,316.9632999897003,363278,8000000,0x3cb62eb6ba7bfda9909daa67aeaa613ea1b2a40cfbbe5c4e19cc84d23bd31931,740,845,160
full-contract-onchain,cross-on-chain,459,133.89879989624023,363294,8000000,0x7df16c0e2c5e22dead00a82968ee9168095a8051542ba894880fc626741982e4,740,845,160
full-contract-onchain,cross-on-chain,460,37.85159993171692,363256,8000000,0x34956cf5f7c6e6030a0d324360cff57db3d3e509b6edb5fb4405dbb5f03ea4c8,740,845,160
full-contract-onchain,cross-on-chain,461,161.35220003128052,363256,8000000,0x8d4a3fb528df00f39009fe512f81d30d656678cd3b7219509a19a684032626f5,740,845,160
full-contract-onchain,cross-on-chain,462,56.139100074768066,363272,8000000,0x82f16580a426d46a97399b2c37f4bb7c778f59eb3f1cb28dbfa4a2c0d153474f,740,845,160
full-contract-onchain,cross-on-chain,463,318.0764000415802,363294,8000000,0x297b537f9fb873858b24620be6e07afb00579678f01e5f1af1e79cf8abe97a30,740,845,160
full-contract-onchain,cross-on-chain,464,213.56640005111694,363294,8000000,0x5b0badbce78128cccc888490048e660122f09fa0a2870a911a2d06a20dace685,740,845,160
full-contract-onchain,cross-on-chain,465,134.68560004234314,363272,8000000,0xe43fcc6a5d796711020d69353eecdcbd4a610ef52fa2edac08cf5a91a8ac578b,740,845,160
full-contract-onchain,cross-on-chain,466,350.41009998321533,363294,8000000,0x53f082570bddb2cfc89fc5211732931f65c04cfdf3b156812235f846bf181a65,740,845,160
full-contract-onchain,cross-on-chain,467,140.38870000839233,363272,8000000,0xd875f7d2576c4d129d3b9a243d7f03f165acfa0b1dd5b4ef6c6e5d7ad17a72c8,740,845,160
full-contract-onchain,cross-on-chain,468,200.77940011024475,363294,8000000,0x3426246f42382ddfdc470635d0b8b2be017ae2e51381c36f5d969f5115c372b0,740,845,160
full-contract-onchain,cross-on-chain,469,142.70840001106262,363272,8000000,0xc1ae5aba14ad34c8df5d65a0a6c1349ca100687ec428c383fbe12d11368fdcd0,740,845,160
full-contract-onchain,cross-on-chain,470,201.89689993858337,363294,8000000,0x31c0f9a1e4e9eff8ab57c528b50c52be3a9309b1e158225fc40b932ffcf16308,740,845,160
full-contract-onchain,cross-on-chain,471,253.24029994010925,363256,8000000,0xc1de7a76f029c265e6abcb7abaea46805c52f004f9a376ed6501173af3ed8e26,740,845,160
full-contract-onchain,cross-on-chain,472,704.8619999885559,363256,8000000,0x7b4ec017dfd199700e267be7059190f1db3641e38adee429b5bc0f173481dd70,740,845,160
full-contract-onchain,cross-on-chain,473,282.02439999580383,363278,8000000,0x98708e482719d9c159acdd3d2e856303be054e31bd45f0ffda1dd4a57ba87f95,740,845,160
full-contract-onchain,cross-on-chain,474,674.9897999763489,363294,8000000,0x9df644fa9f69d8c67b75fe40a89ac8a5a4961f76e9559917b9af915f50b2d34c,740,845,160
full-contract-onchain,cross-on-chain,475,165.15910005569458,363278,8000000,0xf0a50ca5d11f02b33c484cb5e3edbf89078e75e8d883714446e805ebfcf8d918,740,845,160
full-contract-onchain,cross-on-chain,476,98.05460000038147,363272,8000000,0x9e2ec6dc5a40a684fa0916c8de996c40afad588c9914ed9374d6b0f60c17f39a,740,845,160
full-contract-onchain,cross-on-chain,477,365.1308000087738,363278,8000000,0x30309dca6063c95b75bb5642bc64ac30db47d8b437ffffd782d118996b0134a4,740,845,160
full-contract-onchain,cross-on-chain,478,320.5303997993469,363272,8000000,0x9bfb289b05b22e84a725bda488d4407437e938a5e9d6170f654ba73a2d415f2a,740,845,160
full-contract-onchain,cross-on-chain,479,222.60640001296997,363294,8000000,0x61c476bf6a83f3a51710b9218ea83bd226ff1698254e78b195a9926195f76704,740,845,160
full-contract-onchain,cross-on-chain,480,217.99029994010925,363278,8000000,0x7a3e0847a86576276328807f90b121ba0d03d1575eed2d5012b904c4072d7a6b,740,845,160
full-contract-onchain,cross-on-chain,481,118.98269987106323,363256,8000000,0xc2c51895090aa2edfae881015575abedd96bc8b89b2473f2a005c25080f1bdf0,740,845,160
full-contract-onchain,cross-on-chain,482,192.5204999446869,363272,8000000,0xdffa12f8bf446eec1bb1475fcab4dec1ca6e0631799cf64186b75b4849562866,740,845,160
full-contract-onchain,cross-on-chain,483,53.96309995651245,363272,8000000,0xec39e07a51b52b7bd3a3e76cfdad78cc68f9decb4b60d5046bfef874c04a1ef9,740,845,160
full-contract-onchain,cross-on-chain,484,270.7255001068115,363278,8000000,0xb2feacdfe0809d37611ad4be8048cdc283d6addd6da756d638da07a360d488aa,740,845,160
full-contract-onchain,cross-on-chain,485,103.29780006408691,363294,8000000,0x393750cf54a4c4a5fbc52b6a0f1d36dce0a8d52ff749ff3eb2ca0580b0bd2193,740,845,160
full-contract-onchain,cross-on-chain,486,336.76950001716614,363278,8000000,0x7c40643c2dab9119869facddcb24a1e1b64d920061ca09add2b6547329892557,740,845,160
full-contract-onchain,cross-on-chain,487,343.64219999313354,363294,8000000,0x2926c7aa40b87f8680100e68fcadf810d7847118961a5eeacd3a1f23c73b8be4,740,845,160
full-contract-onchain,cross-on-chain,488,54.125200033187866,363294,8000000,0x45606ebb1173f44fe1a79a195b866995b4a4e835318f448a7522e24d2cf2b37d,740,845,160
full-contract-onchain,cross-on-chain,489,1251.0199000835419,363294,8000000,0x27423c6e9fe2e115dc8e82c976f2a6b8aa9d2fe0bd1b64ae56b55817396604b8,740,845,160
full-contract-onchain,cross-on-chain,490,457.6986999511719,363294,8000000,0x093f202654cf89ab405f8bca7a763bdd65c6cac7c55a7d13b5a46c86449aa701,740,845,160
full-contract-onchain,cross-on-chain,491,398.5656998157501,363272,8000000,0x368d1bafbd2b24c35d8b2a48ab08dd871fb50c25485fc97c5cdd06f328eea467,740,845,160
full-contract-onchain,cross-on-chain,492,145.98979997634888,363272,8000000,0x03bf3e2e75dd51ec5af3cff2644ec6df404dd02cd126b3835f503deb16d4846c,740,845,160
full-contract-onchain,cross-on-chain,493,443.6574001312256,363294,8000000,0xcd0d052b6caa9c582d4804124410efee3e1e46d61111ffc435ac0d484dcd7465,740,845,160
full-contract-onchain,cross-on-chain,494,702.2915999889374,363278,8000000,0xff580888247369bbf758e258dd06eed5f63fa8eb96fd5d6de967c556b05997e9,740,845,160
full-contract-onchain,cross-on-chain,495,131.64950013160706,363272,8000000,0xedc371f8aa57136c733cea4914b4f5461fc31ec94fac60ec901d6bdcd07e6c7b,740,845,160
full-contract-onchain,cross-on-chain,496,377.99380016326904,363272,8000000,0xb66b3bdef731b1e806b4e27659f88f0dfd5223898b1191681a7b2ffd415ad11c,740,845,160
full-contract-onchain,cross-on-chain,497,273.0270998477936,363294,8000000,0x040b3dc1aad0e6044f0d89390de747ca0afa8b89877a6655776f61b9f15ea1c4,740,845,160
full-contract-onchain,cross-on-chain,498,129.38150000572205,363256,8000000,0x9de26060b42a29dab0cf2bc2a807071c543c1f06b06f51821ec9fda8542c90c7,740,845,160
full-contract-onchain,cross-on-chain,499,717.524199962616,363278,8000000,0x031e6114b1f2e82ed6090e1f8624dfd0a563757e1a2e52b58b65fe552f6823a9,740,845,160
full-contract-onchain,management,0,173.832200050354,235697,8000000,0xc3d5e27b8013bcbca458532a4e1026d8732d85b7df7d18923eec9a44cfe83316,260,365,288
full-contract-onchain,management,1,111.14389991760254,235697,8000000,0xf24e7db3cf2ade126b397c70727159b906377c1c54c606b969a8bf563e60550d,260,365,288
full-contract-onchain,management,2,119.08340001106262,235697,8000000,0xffcc40c6ff35ae30de81159b0ce808b8d41b3ae64d365f78d329c2b0c7de3427,260,365,288
full-contract-onchain,management,3,210.2551999092102,235682,8000000,0x0e1680483590166b1d803c1bfe6ba1a59c99e4fb97b5b32a7a9eae99c6ff9324,260,365,288
full-contract-onchain,management,4,117.77670001983643,235666,8000000,0x81a63c0521ec0e01de9246e95f553f3c530f9c1b6342cfa928aa1991cbd2c6ba,260,365,288
full-contract-onchain,management,5,194.14109992980957,235635,8000000,0x027fdf9180afa1ca45fc8276b36482167917c2af01f625e8be945e8653a7a2a5,260,365,288
full-contract-onchain,management,6,177.96909999847412,235682,8000000,0x65533fd8ee1c2d29e4fb8c319df8395381f10fb1143163c813317c935bef0e84,260,365,288
full-contract-onchain,management,7,86.59209990501404,235697,8000000,0x34f8d5868c71c5d787ae47c3a4b94aad9a11d6d0bbbe51f6ef68caefc3b69cc7,260,365,288
full-contract-onchain,management,8,129.2716999053955,235666,8000000,0x161304b740d4e4abfe545b37dafe7c3009233823fbc7dc797a4e5d3aea1a2ce9,260,365,288
full-contract-onchain,management,9,550.9399001598358,235697,8000000,0x30a477a2d3a87495568d6a6d71f617a949f0dce5d1eb9f68d47897d08c9ca594,260,365,288
full-contract-onchain,management,10,256.4670000076294,235697,8000000,0x9f09401b33a7c8d44503c6266f49acd187e2ad494f8ca01cac16ec3856461297,260,365,288
full-contract-onchain,management,11,133.7889997959137,235682,8000000,0x1ae8e8714417a5e1dbc2078407494bddcacdec5c7514da2e6f17d29ef87b3db7,260,365,288
full-contract-onchain,management,12,98.11910009384155,235682,8000000,0x017e3a9a73a48adaf76e434986225dfdbbaf76dade9fcb0ce61f5dc4dc4bfa51,260,365,288
full-contract-onchain,management,13,144.66160011291504,235697,8000000,0x4e7a06adb07171e087ba34b0fdb1c88c96074fe9b8efacdece2db7b289790f7b,260,365,288
full-contract-onchain,management,14,194.63560009002686,235697,8000000,0x69a2f8ca8c80ab8cf6d2d2a5ac8ff4462e22d3292b1bccbb8e7fe957a07c2709,260,365,288
full-contract-onchain,management,15,151.16340017318726,235682,8000000,0x7605f4907cc82b9487d6643d613802b71960068c3b717f0a30fd359e1322773f,260,365,288
full-contract-onchain,management,16,88.55970001220703,235697,8000000,0x798a8feff6a524295d3f4f11a0b8e1ad2913886d85b5e1b696b87272aacdeace,260,365,288
full-contract-onchain,management,17,101.07800006866455,235697,8000000,0x21b358fe53c4b4aa76e137540656abb8884bfe56047134da79e7b12375fab8da,260,365,288
full-contract-onchain,management,18,240.37220001220703,235682,8000000,0xcbb2a98a0649eb0afc03c72c231880d85ac649b1d9b050bd9da9a9ac9804b880,260,365,288
full-contract-onchain,management,19,335.86839985847473,235651,8000000,0x781469c939c9f6d29b48a49a55ff8f1f9f6c6064868d38a30af2b5a29be842d7,260,365,288
full-contract-onchain,management,20,117.69290018081665,235697,8000000,0xa627e0675f2a833843cdde00ee0e0186d9456356c59a162b559590c34b27ac8b,260,365,288
full-contract-onchain,management,21,182.44029998779297,235682,8000000,0xd027377a956ead33ddd790ad123336f59204c6b3e4597af4ba3ed26e8031ed97,260,365,288
full-contract-onchain,management,22,70.90410017967224,235682,8000000,0x2a911150b0a6c876900245cd2d98fba581d65a19613ed806278b470fb4e15bc8,260,365,288
full-contract-onchain,management,23,128.16619992256165,235682,8000000,0xd36b3c2ce2e7aee19f179636571ddadca5d74780adf4928174183b456bad8c07,260,365,288
full-contract-onchain,management,24,459.01090002059937,235697,8000000,0x1c0445358071eacf1b5511d755cfcdbf3d9e83164472729a3dbc070bcf3755ff,260,365,288
full-contract-onchain,management,25,144.47109985351562,235697,8000000,0xa13dab5ae3e8990147e800a20c3208c00827bd637093079445b6393056fbee4d,260,365,288
full-contract-onchain,management,26,54.076900005340576,235697,8000000,0xa426b053c8a3d24cea7659b8ff4dc98837b8a902c5f6700d42c8e77259bb7957,260,365,288
full-contract-onchain,management,27,366.0778000354767,235666,8000000,0x69b97480c7e2406568e19f0893940fad3ef8f946651f99b96060661b4dada67b,260,365,288
full-contract-onchain,management,28,120.59179997444153,235682,8000000,0x3e121970ba3fb8eba4c7a9687fe5e6df2144bbdb106865e2da6509c124c86448,260,365,288
full-contract-onchain,management,29,475.08550000190735,235682,8000000,0xc12a4811173bfcff8a2c3cf3324704d185aa9014a225956291311dbba3ddad27,260,365,288
full-contract-onchain,management,30,429.79209995269775,235666,8000000,0x767a8aac4612b4e82b72537796e4b589e4d06530c5d93d1adda463085cecfa5f,260,365,288
full-contract-onchain,management,31,81.06279993057251,235635,8000000,0x8fd6c4b50562d88f5a4d0268c2718ae9b77a2053441ecdc0ac12069b4b358134,260,365,288
full-contract-onchain,management,32,99.95110011100769,235682,8000000,0x5fee111271a286cfd4270d026862b8d6d29680c9bf773a501cfb59791edbdb2e,260,365,288
full-contract-onchain,management,33,581.1182000637054,235682,8000000,0x1eebd02e3ef781024a49890dafe252a01b839af8f1d6df9b9d17c5956f4ab2c8,260,365,288
full-contract-onchain,management,34,74.64619994163513,235666,8000000,0xde6e2d7216faedf5926cc90ea3afffdd7b64ed05231395512119d758f7d00a56,260,365,288
full-contract-onchain,management,35,103.25510001182556,235666,8000000,0x275f1706cef199a7f2d4352aa7a200676256db80f165668874197a9a6797ce68,260,365,288
full-contract-onchain,management,36,1238.3203999996185,235697,8000000,0xa1da317f2984543e33602e2cba9732d255a56d67930a4c5f34b1b5610dc4b1e1,260,365,288
full-contract-onchain,management,37,763.6412000656128,235666,8000000,0xaf14b8f47c4356473cadf929daf114ceeb29502d08ebc8281cd30329e2be4047,260,365,288
full-contract-onchain,management,38,132.1104998588562,235697,8000000,0x42940cc186d8a01488154ed429652367ee761c0b2a6c179cad745647a7d1d83f,260,365,288
full-contract-onchain,management,39,800.568699836731,235697,8000000,0xbe3e8ca733fd99a2e9c62ec9d35d1cd0fd22772402124a27e5e9a518537ba90c,260,365,288
full-contract-onchain,management,40,552.3124001026154,235697,8000000,0x27a0b3b006a6d34dd23e7f78ea88c6775c77cb213807390be1e1a6fd71230e71,260,365,288
full-contract-onchain,management,41,163.32770013809204,235666,8000000,0x4ec80607cf4caeda06501cd44a2dcf7c9642f8051e1aad85b452b092ac878eb2,260,365,288
full-contract-onchain,management,42,182.0819001197815,235697,8000000,0x5180b7e9278ef78653555e3ef9d43f533221c83b1365d00e007c3c1c7fe2153f,260,365,288
full-contract-onchain,management,43,179.57280015945435,235682,8000000,0x0ffdae403ba6a94c3c7c20e15843de5f39cfa2a0f9bc9d97e5b3f4b4d9614668,260,365,288
full-contract-onchain,management,44,133.36870002746582,235682,8000000,0xe280727b55e0795fc834f150b48e21e70a33bbb24be798ee4c3fa768e90966fb,260,365,288
full-contract-onchain,management,45,365.55860018730164,235682,8000000,0xd66dd1c2c5101dc55fd7f9def0745ab2f0000802014eeb9de9c580301341e518,260,365,288
full-contract-onchain,management,46,274.50559997558594,235682,8000000,0x2af09f20bc97230394c17c3d317282c3145e37daf264cbf5a817b82be6050c2d,260,365,288
full-contract-onchain,management,47,225.60199999809265,235682,8000000,0xea2ae53d379790f71c5d8d0372093abd399fae0f71242ac86ce471a3b43f7b10,260,365,288
full-contract-onchain,management,48,410.6003999710083,235697,8000000,0x6a460733d8eed639ef156fc0797153ad16cc26486dceb4019570e915374c3a29,260,365,288
full-contract-onchain,management,49,117.78559994697571,235682,8000000,0x0d4ea06c8d4340776cebd0603e98c1d9a8470cd6dda9edb52af075c1702d6e6e,260,365,288
full-contract-onchain,management,50,270.6296000480652,235697,8000000,0x04d72fc35ebb875bd0dda250f1a54e8037602481aa503fe02d4c44a881556353,260,365,288
full-contract-onchain,management,51,427.37399983406067,235697,8000000,0xed5ae6717645c960798ca68ae1d6c65ef338a3783e1974c71a951dcd42ca5928,260,365,288
full-contract-onchain,management,52,68.59220004081726,235697,8000000,0xa2bb7e13037665b0df7a8a9c27f335986b2057696679a28058c895bfd3e03be9,260,365,288
full-contract-onchain,management,53,85.29789996147156,235697,8000000,0x289faab675ae87d90557fd484a189cf83ccbf72e74e2597f47629e10488915f4,260,365,288
full-contract-onchain,management,54,224.4151999950409,235666,8000000,0xb4b00f404d06a44e9dcd22f2021a08b78af6eab23cb3a72fd5934892f13ab1c1,260,365,288
full-contract-onchain,management,55,477.01460003852844,235697,8000000,0xa03613b5e6ee05f25e88cd4c313346d8b427a6d792f7c28eabac25d8df433534,260,365,288
full-contract-onchain,management,56,224.73969984054565,235697,8000000,0x96267aa3b9d428dd8526d4e14413e2bf54ab07489d439afc53bd9f89108c56f7,260,365,288
full-contract-onchain,management,57,352.80419993400574,235682,8000000,0x2da8a59efd6cd3df0efcad30c8b83e79803c5a68dbd398d7de0488c41e8ae2da,260,365,288
full-contract-onchain,management,58,196.93610000610352,235697,8000000,0xadcaae8e13751bb8cac7a1c29258b0cb7639f194f3a5bb820c0065c4c4875553,260,365,288
full-contract-onchain,management,59,120.15149998664856,235697,8000000,0xda3bf8c14478546ddcd3412abcba5a70acdcb079477c452733b0c877761234fb,260,365,288
full-contract-onchain,management,60,57.073399782180786,235697,8000000,0x6c4b929470e48c8cc5be0f845de8e6a397b5d7e41255636da310e3dde92ad242,260,365,288
full-contract-onchain,management,61,475.7783999443054,235682,8000000,0x3f0dc1a9b9f9f8cecd320aeea245937bf065e1a7cf789ff1ca75d3d775910e89,260,365,288
full-contract-onchain,management,62,762.9365999698639,235666,8000000,0x372d23fb423d40b4d2a353f606146b0a56b9ff3672c5e0996a763ba248527de5,260,365,288
full-contract-onchain,management,63,80.86529994010925,235682,8000000,0xcf138bafb0ff9e4fe42884a4f82577b932221a4537ed8417fd70813f9454c3d3,260,365,288
full-contract-onchain,management,64,101.89429998397827,235682,8000000,0x233c66423c66b4d31ef8219a6c4944673c0187de212cb7155a9c43b4258cadec,260,365,288
full-contract-onchain,management,65,57.000499963760376,235651,8000000,0xec221bbe20fda13bf8eb6b7b8eeed65429fefed2b53ca443deadb19817dcf1b3,260,365,288
full-contract-onchain,management,66,230.15470004081726,235697,8000000,0x6c67773ffc6de353ea9b529de97564d6983772319706d1e989493439c6a3e46e,260,365,288
full-contract-onchain,management,67,393.42900013923645,235697,8000000,0x379f430998064b757b66eaab30a64597ca2dbd7ea8f1b6437ff90c157f142544,260,365,288
full-contract-onchain,management,68,614.8291001319885,235697,8000000,0x29bb93ad2cc5e984ffca859b17e6abef15e214a33ca9375992501a9d496e012d,260,365,288
full-contract-onchain,management,69,54.72320008277893,235682,8000000,0x4e7e26177462b98f875001d441f3106fb8b26834954aa43f33725d503b15f750,260,365,288
full-contract-onchain,management,70,441.10490012168884,235697,8000000,0xf98bc8bc313ebd9a4153e4e91b6c5619e4bc4584b913fa9340db1c49e1ae99a6,260,365,288
full-contract-onchain,management,71,814.7230000495911,235697,8000000,0x6922b44243930ca93335e3095b44b994f974a0d87b3007b2cd36fc8602f422e0,260,365,288
full-contract-onchain,management,72,105.55460000038147,235697,8000000,0x12a71fb16742ffc653f06cf1e604d439386e975ae2b3e8f4c5ad52f81cad123e,260,365,288
full-contract-onchain,management,73,111.34640002250671,235697,8000000,0x63deab30fa8bcf2b71053276bfd573fc3b5f63ce1da9439af80ad8a76e5d8e3d,260,365,288
full-contract-onchain,management,74,73.58059978485107,235682,8000000,0xf5949e23292cc0c0373518e9124ba74d81d75a3b78d7165934d20ed9261295f8,260,365,288
full-contract-onchain,management,75,258.4721999168396,235697,8000000,0xe69404b1eb735f2b318de2c9bb154ccded597f3af45abba5baf041f5f85d635f,260,365,288
full-contract-onchain,management,76,115.59470009803772,235697,8000000,0x3ad8dd17866ddf5d1f2954a0ad66b8762cd13a7a825c9840b568399e676a84eb,260,365,288
full-contract-onchain,management,77,146.2287998199463,235682,8000000,0x0b92234f7de842736fe1716e40017b674304415293c6e06689d0f5bb4d896758,260,365,288
full-contract-onchain,management,78,70.68449997901917,235682,8000000,0x17fd1741b86239c231bee1b97292232d023ab6fcb25d01514709ed72756e2704,260,365,288
full-contract-onchain,management,79,320.6758999824524,235682,8000000,0xa0e4a074ec7705297452b07f99f7e2467a1647a4f84d20bc706dc2a158b8c5f1,260,365,288
full-contract-onchain,management,80,133.88139986991882,235697,8000000,0x3ba9aadef56e6a550f404e25cd9a3bd4e0c85ecde189baf6899a54441d3a5614,260,365,288
full-contract-onchain,management,81,791.9760999679565,235682,8000000,0x8944ccd2016a8c0a386807e4163509702cfe9bd1728b3099f32b746a26fbb586,260,365,288
full-contract-onchain,management,82,194.50950002670288,235682,8000000,0x3ff8676db4895f127d7bd023e5108bfc0413ce8e5894f5f2bac5f00c7548e267,260,365,288
full-contract-onchain,management,83,99.27949976921082,235682,8000000,0x193d4e42f129f6459a65ddba984316475516fa0bee6d66d055519403dfcd8ad9,260,365,288
full-contract-onchain,management,84,83.69720005989075,235697,8000000,0xdbc6495081dc6fc58461b634a226bc4f5e940628ec25f39e5b72ab9000fb6eb4,260,365,288
full-contract-onchain,management,85,192.40319991111755,235697,8000000,0x43c355b7512d33940de1dc67ac28e79461a073ab7bdb9dd5b452f8e88393dfc3,260,365,288
full-contract-onchain,management,86,306.46550011634827,235682,8000000,0x2fbf8e8f60732a5b4bf06d7b1198b396292176fbc977f29eeb6ca7485bcfb1a3,260,365,288
full-contract-onchain,management,87,282.5993001461029,235697,8000000,0x25009fd9fe67f44989a46171f09265f2fa0bd6a7a6feacf7fee3cbc73758db7e,260,365,288
full-contract-onchain,management,88,40.342299938201904,235682,8000000,0x52610c3a4850d0d5d828d930c34d7bb5458d59e4ac7892590facbbae1137cdd5,260,365,288
full-contract-onchain,management,89,58.68090009689331,235697,8000000,0x6808d97f37d9b34635957d77eb48e10062e29b89da453f38742490194f72665f,260,365,288
full-contract-onchain,management,90,283.0489001274109,235666,8000000,0x19f24eb43ea918c99f8fc6f3029eeb6486671d1edc5e72bf996686eb61e92c0c,260,365,288
full-contract-onchain,management,91,73.55679988861084,235697,8000000,0xe20dfe07448b68e9511320bf4c54045cd59c3c7d20f9f2b952ea96feea768df4,260,365,288
full-contract-onchain,management,92,227.37280011177063,235697,8000000,0xf57b6116293bba15c6c1bfa6fdc55a4b8486113c4b86e792f212be431cfd1283,260,365,288
full-contract-onchain,management,93,349.9800000190735,235697,8000000,0xc6121f87c35f84fc2a9316376f734e77026fda13bcd6e86a22565ae7fc2d2600,260,365,288
full-contract-onchain,management,94,305.44419980049133,235666,8000000,0x9a91a26970e7f944820dcabe5eaad3ee82d15f59472421015d6f9c8176b21e87,260,365,288
full-contract-onchain,management,95,88.42170000076294,235697,8000000,0x5d301c3037faf8676f108a05d6e67536d71b2379a2bcfbae51fdd77bbcd1b81b,260,365,288
full-contract-onchain,management,96,254.2318000793457,235697,8000000,0x2a8e6c99ab500776ac1e21e663fdf94ff092aae537d2c32f5564ae30da989901,260,365,288
full-contract-onchain,management,97,430.7114999294281,235682,8000000,0x5ac8cac180f8b838cc5932873bdb733c0d6ad0615256fd7f9e26a66e02fec2d8,260,365,288
full-contract-onchain,management,98,192.78830003738403,235682,8000000,0xc52f97fc9c0206f08e9cd82dae7aee2a733574ff6dc1ac485fe36c6ffb376aed,260,365,288
full-contract-onchain,management,99,52.266900062561035,235682,8000000,0x5fcf88f412efbd84f1bd050ade4f74be7360f06152fb19167b6eca378df368ab,260,365,288
full-contract-onchain,management,100,504.7218999862671,235666,8000000,0x95162816fcecdb1d5cc84ad4ba32fb9abda1831a3b44c403cd4fa4e3ce374ce3,260,365,288
full-contract-onchain,management,101,337.41070008277893,235697,8000000,0xbf837e1531a47e6185aad6723668dd56ae2d63ce338921a09ed064178c80caa8,260,365,288
full-contract-onchain,management,102,87.90179991722107,235682,8000000,0x681ff894a6a01c3e9343d33f07b169c09d0312a74d90b68cf37c667b557d651a,260,365,288
full-contract-onchain,management,103,660.9908001422882,235697,8000000,0xb30e8a0df48ddc1da9f14788fd716769b928d3e5d06eab714321fc07831b3eab,260,365,288
full-contract-onchain,management,104,147.29989981651306,235697,8000000,0x4031d7a1899ed8eea1ec49e9e90cdc865f4fe3dcc8038124734256509ef3e48c,260,365,288
full-contract-onchain,management,105,146.26839995384216,235697,8000000,0x7701ec09922f70ac7459c32ecb6ab70fbb374f8a99dfdfdf4bdf222a92db585a,260,365,288
full-contract-onchain,management,106,180.84899997711182,235666,8000000,0xfa70c6746c12bb4720ba72c4b429331a3f22b6b0c98bbff000a6bec461d52324,260,365,288
full-contract-onchain,management,107,164.8872001171112,235697,8000000,0x2eac5a5ab791001ed6a7a421bb385b46d4bb9f00d18abd195e699ca998e8235a,260,365,288
full-contract-onchain,management,108,1171.4682998657227,235697,8000000,0x6bbd76af9f9be49311829fcc2de924c700515c77cb3f981c6138fa75e8926d7e,260,365,288
full-contract-onchain,management,109,196.9809000492096,235697,8000000,0x697aec22ef92170c82a563ed92c07af3072e1049528b15679bb882a8f01735ba,260,365,288
full-contract-onchain,management,110,196.78429985046387,235697,8000000,0xfd93002717c075fbc7374be748ca23471f2fcba0371b0ebc9c8264aad52029bf,260,365,288
full-contract-onchain,management,111,102.30830001831055,235666,8000000,0xd2797cd44cff7e1440ea73224a170097731ca94bc3be913b3ee4ca3cfc0d5f4a,260,365,288
full-contract-onchain,management,112,214.2087001800537,235697,8000000,0x5bd8376221e13350959dbada307725c76b2f03a51afbc68ff88e65f77a054ca0,260,365,288
full-contract-onchain,management,113,181.05980014801025,235697,8000000,0xe87de8a10975dbcffd254cbe1944f99fe4f5deae4e28fdf08cf3fe88182eb863,260,365,288
full-contract-onchain,management,114,135.2432999610901,235682,8000000,0x20bcd96cc7f2ac14cee0ad41384d0bfc914707358d51a0882c7980a47d891f31,260,365,288
full-contract-onchain,management,115,54.16700005531311,235682,8000000,0x963ca9bfc6fe8435446bcfdee4a1e73f473413641a35dd000044855a4aabe958,260,365,288
full-contract-onchain,management,116,412.1614000797272,235697,8000000,0x9c9f11b272a1bbad05466337b0c3a0a0d97167118b295894f1ec98bba4ac7323,260,365,288
full-contract-onchain,management,117,493.8209002017975,235682,8000000,0x9ca0ccb31ba28c1a82c7ebd89978c61d24ce7c5f2160ada1808a0da99bfba69a,260,365,288
full-contract-onchain,management,118,40.23679995536804,235682,8000000,0x0b160c51a6e66a7c2f5f7038a2e729b1b5402d3836b2170ba2b8056d25a109e4,260,365,288
full-contract-onchain,management,119,342.8484001159668,235697,8000000,0xd77cbefc187f1e0a453e6587f96c5d2621d0bd20fd94209f4f377ae0fc8049c2,260,365,288
full-contract-onchain,management,120,70.86960005760193,235682,8000000,0xfcab0581c4b4416ad151255a82c453b68c23f1a8de05a089cb855b48d5953019,260,365,288
full-contract-onchain,management,121,104.7901999950409,235697,8000000,0x84b1e2db1ceab807fa18628925371648a1fb5ff411875288980ba18fca36d795,260,365,288
full-contract-onchain,management,122,453.8076000213623,235666,8000000,0x3109c75985cc78011e94acc440f1eaea5fafd2ad7b29e68c193b6003798704be,260,365,288
full-contract-onchain,management,123,70.90499997138977,235697,8000000,0x10a5d174ae533e3ed2ce67ddf5f0eda351a045113f8190f827c8bea6064cc6b8,260,365,288
full-contract-onchain,management,124,748.0987000465393,235682,8000000,0xc0c91fea282eb2ad04615cf5ace24d6335fa08cb4ee80546b43ad4973ac87e1a,260,365,288
full-contract-onchain,management,125,334.8654000759125,235682,8000000,0x5406ee1a44b9c165b00ba6fba246efec2142b4f7f331e4542a2e9878cd085917,260,365,288
full-contract-onchain,management,126,1206.5685999393463,235697,8000000,0xe1f880af17fddab542d1d53b983486f679295d08000992a910ed2759aafe345c,260,365,288
full-contract-onchain,management,127,81.70580005645752,235682,8000000,0x5d1f1155700eae54891baf1b5c16b95707e309ad21cb19a1362d30cef399ae84,260,365,288
full-contract-onchain,management,128,421.2537000179291,235682,8000000,0x6d07687019d02c19f77bf3fa83fb86b77f17ff10212aa94942722e5055c5896b,260,365,288
full-contract-onchain,management,129,212.49440002441406,235697,8000000,0x68a7107d21a661a95ad350c08f8d3747a56c5b4c27a3a8bc9c9c4fdfb7d763b7,260,365,288
full-contract-onchain,management,130,88.65289998054504,235651,8000000,0xecb79eaabe81c68e8aca33747bd8cce0f91d4e05327eb22eb3a6556f4d030a6a,260,365,288
full-contract-onchain,management,131,82.6314001083374,235682,8000000,0xac83c7d3048a96664dc5bd46099aad47937bcaa0796a6c74b720563007ac592b,260,365,288
full-contract-onchain,management,132,255.11159992218018,235697,8000000,0xfc1dcf5e53c4557ade173feea9205b438b05a00bfcae01a4271573e0c11eeeb5,260,365,288
full-contract-onchain,management,133,182.83490014076233,235697,8000000,0xc58fe2875c387c20bd2771c63ac3d4220116d182567f0153547279b37e5564bf,260,365,288
full-contract-onchain,management,134,458.9253001213074,235682,8000000,0xd247aa394c5859e6d4cffda2be46e71d021146fd45746eda5483bbf27f79b063,260,365,288
full-contract-onchain,management,135,100.81879997253418,235682,8000000,0x0725057122b258c8f42ec1c386b5793612aca1fe31ae574a92f655321429293e,260,365,288
full-contract-onchain,management,136,85.74110007286072,235697,8000000,0x190fb476cdc655aafd44437e973153fe84aa864383167eee6d3c8641a2c241be,260,365,288
full-contract-onchain,management,137,488.0720999240875,235682,8000000,0xd91b640b5027c6fd8009474e423b2dee36cca175954a8e2643dda710d04e687f,260,365,288
full-contract-onchain,management,138,319.9968001842499,235697,8000000,0x710cea490d7fda58c21937b01e0f06399af8f98b4c85a49a660e7e33935887b9,260,364,288
full-contract-onchain,management,139,121.075199842453,235697,8000000,0x1363471647e928356c1e75e685dfda11e4e007f29c669c138cbf9a99052bcd08,260,365,288
full-contract-onchain,management,140,288.2211000919342,235682,8000000,0x551f2f019c7a9c4d396c8e4275880bf5bcf49c368bb655231d9f1389c7b8ab25,260,365,288
full-contract-onchain,management,141,102.73339986801147,235682,8000000,0xd895f3abcf9d58f18861f1b99881ee21d4b41bbb40f09424ce3af19bc42e8a6e,260,365,288
full-contract-onchain,management,142,181.43889999389648,235697,8000000,0x15337a492c22314d2743055770dff51db1f8504ef80007c7a17f5ce99f967bb5,260,365,288
full-contract-onchain,management,143,56.50260019302368,235697,8000000,0x7ee3c6d0c80f5a2c79d86142e141c044874e4e49bca5ce47610e22b6b1c95b2d,260,365,288
full-contract-onchain,management,144,272.7955000400543,235697,8000000,0x2f07b859a55e08ce1914a219c5ac883bbbdfd83d8c2c4ca85a9fcda7512acae8,260,365,288
full-contract-onchain,management,145,814.8432002067566,235682,8000000,0x78cff0855a888df06d4b0bf50caf85886717d2cdd0cb2420703e5255889fb9b5,260,365,288
full-contract-onchain,management,146,346.34220004081726,235682,8000000,0x37081f08bdc4e1d88ac324a10b20779c7938d0e605d3f98f65275e9648389296,260,365,288
full-contract-onchain,management,147,431.80359983444214,235697,8000000,0x6f73798c80e63877dd8048143999bba1094e16def2c8c4bcd4dfa4fe9065b77b,260,365,288
full-contract-onchain,management,148,89.84869980812073,235697,8000000,0x71a27775a31e1deb4b0f840c229b208944eea01a43db9ab864267f8270ba2891,260,365,288
full-contract-onchain,management,149,176.98850011825562,235682,8000000,0x834f785e82ae86870abe766a2ef076fa50d0d0182071deecb79509b0a2169366,260,365,288
full-contract-onchain,management,150,55.42210006713867,235666,8000000,0xa1aa968dab2b24f9b282008b1606bf2cc4fc7a65a795be82913ecb3d1b3993b6,260,365,288
full-contract-onchain,management,151,423.54990005493164,235697,8000000,0x27e144eb4058258f6a464d4092e674532a072f5b8a4c42462bc4848c31c58472,260,365,288
full-contract-onchain,management,152,178.65699982643127,235682,8000000,0x3a95329a9e491a79c096fe1889ba6b649a6163cc490a5a317c937d7d0862ed17,260,365,288
full-contract-onchain,management,153,409.873899936676,235682,8000000,0xf21a47db6cfbe6bdff8c356d9060eae156fb8b1f1e2675569a84cab89e4f9c0e,260,365,288
full-contract-onchain,management,154,564.9776999950409,235682,8000000,0x356c80f36ec549974452d1c2a54d8b829b1247a36a63eb6e13cc02b0d7d8faa0,260,365,288
full-contract-onchain,management,155,132.7859001159668,235682,8000000,0x25a010cd1d5452a7d4610b81a986d5f647c083e129802f60918fc06d9aaa5b96,260,365,288
full-contract-onchain,management,156,53.59409999847412,235697,8000000,0x088161cc0fa060a88da500c26fdcf21b1c8aa776dd1464a061022424b11fa926,260,365,288
full-contract-onchain,management,157,307.8230998516083,235682,8000000,0x3e62665ff403cba394478db89d85257a7ad20e6d452371d5b0ee413e529100c5,260,365,288
full-contract-onchain,management,158,188.9724998474121,235697,8000000,0x7d5d2de3e037f2d73703147e5a0bf6fe4e447c578bce085e34b805a26006f4fb,260,365,288
full-contract-onchain,management,159,150.86909985542297,235682,8000000,0x81aa1eaedcb5d8371d93f26f944fea02eeed2eb21ec8cc592480084b5b357dd7,260,365,288
full-contract-onchain,management,160,208.95469999313354,235682,8000000,0x932a07f1f4a965e0a2916ec1b637072e6757d7e594b5356e87b51d093a837cae,260,365,288
full-contract-onchain,management,161,209.3303999900818,235697,8000000,0x92dc618ccc03f40eeed4fc252189e1a709b5c65934dcf1c177a37e1fbcedf18a,260,365,288
full-contract-onchain,management,162,39.79040002822876,235697,8000000,0xf3dc26c85ccd33bc39197c1a0f5888edf81319905d43381dbfdec0c5f6a09ef9,260,365,288
full-contract-onchain,management,163,347.3260998725891,235682,8000000,0x5de7b6ab42209de7e68eb7a07f01f24ae5c21e9d4f9d405db03cfb27e59844cf,260,365,288
full-contract-onchain,management,164,596.440899848938,235697,8000000,0xb0b5a873e110d6f8b3246057f42e844ec0305dbb569eafe7142b1cd6452a4ef0,260,365,288
full-contract-onchain,management,165,53.63709998130798,235697,8000000,0xdf900688e265d18774d643255deef1b111c2eca4178f258df561fe5fe0d49bb9,260,365,288
full-contract-onchain,management,166,117.88059997558594,235697,8000000,0x52c621eef8213fd7fb6416455d664510121ca45c0df2445b3fbc439c37010ea4,260,365,288
full-contract-onchain,management,167,206.3720998764038,235697,8000000,0xdbb03922f1d0b0848b921d2449f62c9d9efd14e08fca7f96707b4282fd2e320d,260,365,288
full-contract-onchain,management,168,179.7049000263214,235666,8000000,0x8439a2fc7ea6ecb97e3686ca151f9cd05fe57d18ed318a65ed174e70eff34653,260,365,288
full-contract-onchain,management,169,132.55920004844666,235697,8000000,0x4be9b9e4678aa8f422e288c96bdeab098d70f5c680ceb186cb4b3d903f6b89c0,260,365,288
full-contract-onchain,management,170,149.291100025177,235697,8000000,0x4f48ad62f5c8c8ec2be9c44deaf9084455b9ea7cea520f7549050ab7e0cb649e,260,365,288
full-contract-onchain,management,171,456.9591999053955,235682,8000000,0xbb362146af6b94c15e47adaea7cc53c56467d6172ef418e151a712d7e5d86095,260,365,288
full-contract-onchain,management,172,258.144100189209,235697,8000000,0x94c524e530b06c1c91bd3ef589239619ed49fa7ca83014c641c61498decccdc4,260,365,288
full-contract-onchain,management,173,70.94250011444092,235651,8000000,0xaf2a439d53cc4c3601600ee2776f8ff896de89900f2c5de07d3900c3a4686a90,260,365,288
full-contract-onchain,management,174,350.7572000026703,235697,8000000,0x32e68b4063cef30c26259104dd262922637f57dac5e7e7fadf82eb5ab984edb3,260,365,288
full-contract-onchain,management,175,498.20070004463196,235682,8000000,0x3106c8b55f61034944c0c125d3dfd41b46743edfb7057d105626f01abf532823,260,365,288
full-contract-onchain,management,176,181.96309995651245,235666,8000000,0x720aa1f6846d430269c6b95724ac74877c07f4e5d5b1e11ee4a49950bd829703,260,365,288
full-contract-onchain,management,177,41.31560015678406,235682,8000000,0xdefea2f2346d28c1d79d806556e72d6debde3a9cf3cd0d18a5720228fe7e43c1,260,365,288
full-contract-onchain,management,178,37.891900062561035,235697,8000000,0xc04bed61301b0ca464dba772d557b0c547d38b7b5eec4727adf882a2cd06a89a,260,365,288
full-contract-onchain,management,179,41.54419994354248,235697,8000000,0x10e76e4b1a9aa00a93d4ce2bff12e12e684478699f8f25419ef463e69a69313c,260,365,288
full-contract-onchain,management,180,85.50730013847351,235697,8000000,0x1f63e37d7acaf1a5ffc466147e665ce7c539a05ee791b13e7852633aaf672fd2,260,365,288
full-contract-onchain,management,181,225.5592999458313,235697,8000000,0x6c453686d283dcd1070681dbe1668f5bbe1e1f242a00aeccfa7cc578a098744d,260,365,288
full-contract-onchain,management,182,167.57560014724731,235697,8000000,0x617439d0cc6645231f6641c64cc34a41760fc31508b03abcb1ca933f0bbf3de2,260,365,288
full-contract-onchain,management,183,601.455500125885,235666,8000000,0x0c639e28bdd510af0e43b7ae0755eb6fab208394edc9bb3d600d10026c86ea15,260,365,288
full-contract-onchain,management,184,83.8050000667572,235697,8000000,0xa4aa809a97de8d36f189491c394e4f25029311c70c24f9d7771bed5b3fa5eb48,260,365,288
full-contract-onchain,management,185,209.12159991264343,235682,8000000,0x827d91556bd552339bff0b7a1a0fc9bdac19e44aefbe16be1d58910a19352f00,260,365,288
full-contract-onchain,management,186,106.24029994010925,235697,8000000,0x68c6c2e2bcffb3690e8d221c478fbb4607e3c10f5ac99ed29ec9a33e4c5bfaf7,260,365,288
full-contract-onchain,management,187,642.7036001682281,235682,8000000,0xe01926bacb6a9d1b0cb296ac71c04838a825a94af0c65b3d91297d0108510f77,260,365,288
full-contract-onchain,management,188,286.24169993400574,235682,8000000,0x9efc5bb4b1f0c1947c2787cb085b373f899c1658167801fd73dfc131e54dd7c9,260,365,288
full-contract-onchain,management,189,57.567100048065186,235682,8000000,0x39f2b50151e74f7f1670b4bd77b1b0b7950bbd649d1201a011ce09c7f63da612,260,365,288
full-contract-onchain,management,190,193.42949986457825,235697,8000000,0x0ee04c4cd025774489fcc3f5391981b2d3c04f67fa7927d0606c7514e80aaf22,260,365,288
full-contract-onchain,management,191,59.250200033187866,235697,8000000,0xe553b0a0eb025a8c371622c427d94156946ae44c3f6c3512d3be876defe882d1,260,365,288
full-contract-onchain,management,192,475.80599999427795,235697,8000000,0x15bb85c147fe1f9ce7c3de56319c6a06d247e10c9c0de2750c7af1507bf8093c,260,365,288
full-contract-onchain,management,193,55.45449995994568,235682,8000000,0x8794c6f76b597b22fd5167808a76fa7164a6fbf53482b81ba9e5714aeb0840aa,260,365,288
full-contract-onchain,management,194,398.10980010032654,235697,8000000,0x5a48391ab9a9f780fb0d5b5e9064bdae5e5325035b1ed0e56ec54554ebd9576f,260,365,288
full-contract-onchain,management,195,299.7179000377655,235682,8000000,0x59fa97d05255c5e997d8a6a489fd54c1d07cf53df9d7d2e904582f4438ac9a4d,260,365,288
full-contract-onchain,management,196,305.74380016326904,235697,8000000,0x38be1778c5a088c9ffa9b926b000572ac944a49d421f09c2320bd94743f916a8,260,365,288
full-contract-onchain,management,197,258.87050008773804,235697,8000000,0x9822c7f28872397b74dd52d2f2c32efb28d92c303ee73233db021d2eff4ba109,260,365,288
full-contract-onchain,management,198,274.27770018577576,235697,8000000,0x47006341d416672dc505f70abd39ad13f8c237b268e396b253a65b0cd366c39d,260,365,288
full-contract-onchain,management,199,367.6942000389099,235697,8000000,0x1e311e74686cc67fd9c6d00b8bf4d060df96a1e2e648ad08198bfc423031b426,260,365,288
full-contract-onchain,management,200,131.34669995307922,235697,8000000,0x9a8383920ea394c8095eafcc8f7756ed1689c9fe662a9206f886ad31eac8b23d,260,365,288
full-contract-onchain,management,201,814.0911998748779,235635,8000000,0xcef3f707a36798bb6bb63876fec9eb11678774cbdf3b2fbc466ec49d3b4512a6,260,365,288
full-contract-onchain,management,202,70.66580009460449,235682,8000000,0xb23daf829c2973eb459172df6c3c28699b480c6b6ecad99e41c5f4eb7e76f859,260,365,288
full-contract-onchain,management,203,316.52679991722107,235682,8000000,0x89717ed18a8f13fa2317619baabeca6a7c984515674b50f6649b0b382bef89cd,260,365,288
full-contract-onchain,management,204,287.05999994277954,235697,8000000,0xbc1ac725d28aa8d8f323af7b53288983914ac0be40699403739b719634ba30d0,260,365,288
full-contract-onchain,management,205,693.8287999629974,235651,8000000,0xf5c11f62dc37b8d3305d606b8c4bc8a34b709cfef38b8cc3e1a1c3be0a3363b0,260,365,288
full-contract-onchain,management,206,304.37630009651184,235697,8000000,0xfafc9d934338ded448f7058c3a4132a3188ea0b162f6841a42e210d0ab45a3fa,260,365,288
full-contract-onchain,management,207,27.576499938964844,235697,8000000,0x0eec4bcb33066b89d5200a2f49bd8e69cd57eb233fc4ef583ef2f7a7a5fbc300,260,365,288
full-contract-onchain,management,208,274.59059977531433,235697,8000000,0xb946be846f1f23ce66b74351b9b97995e7147bc26da34c573b4d21e0176d6a54,260,365,288
full-contract-onchain,management,209,95.4268000125885,235697,8000000,0x45e4d1e2cbbec40bee23d07f4d82990935af5b784dd92d5aaa11774b38187c5a,260,365,288
full-contract-onchain,management,210,103.34129977226257,235697,8000000,0x0ed68f6a6eecf3527c97516c5210cd504d796e7b4b71b08fe02e25083c27c408,260,365,288
full-contract-onchain,management,211,241.08090019226074,235682,8000000,0x78e47cb59c4a9bac8bee7714fd8d7c12049279e390e4205342942943fd982f76,260,365,288
full-contract-onchain,management,212,830.8884000778198,235697,8000000,0x70f4980a6be3528929b527b51f1e5ce10035fc86d3abca83fec668ff11273b96,260,365,288
full-contract-onchain,management,213,380.3680999279022,235682,8000000,0x0bc243ea058f7fb12f9533d73bc5d8a3dd8034afd8120f9ea7949a3b5054869d,260,365,288
full-contract-onchain,management,214,81.68339991569519,235682,8000000,0xeaa29890ec5c9fad5afaf52890f7added143028f5de1fe4306cedc6f08427ef9,260,365,288
full-contract-onchain,management,215,129.86420011520386,235697,8000000,0xd745ac465a5918d0129d08187909da1c2563474ffcd66fba1e394689e72b9679,260,365,288
full-contract-onchain,management,216,131.71309995651245,235682,8000000,0x3ccc1c4f3e9b674b475d3acd69a063affb9cac9129914e31ce38c3423eb669b5,260,365,288
full-contract-onchain,management,217,130.54700016975403,235697,8000000,0xb82dfc39e01469bafec8c7da64a91d47b2331cb360cbce8bf9181a284e173669,260,365,288
full-contract-onchain,management,218,226.6202998161316,235697,8000000,0xeed211f607d46a598360acb79b06010f810a21d6637b4e7fa81f0579aa775c5d,260,365,288
full-contract-onchain,management,219,133.13399982452393,235635,8000000,0x4cf796eeab98eb756aa6b8a0c98cc8e0cdbae58a9a537da5309fe678798a98d9,260,365,288
full-contract-onchain,management,220,582.1542000770569,235682,8000000,0x67395381900172a3d3cdd9096b7ef7617228fefd39895826cdb9aa48591c7bd5,260,365,288
full-contract-onchain,management,221,228.7047998905182,235697,8000000,0x92b6376d6a5f476f98c5d7d3430bd2fecfed96ee204d05eba715f5e501dc6067,260,365,288
full-contract-onchain,management,222,413.8988001346588,235697,8000000,0xde669091eb50f19b09b415e2b5e7899e95d6ef0a7013f59475d6074ac41be58a,260,365,288
full-contract-onchain,management,223,70.93980002403259,235666,8000000,0xcae5eb030af8795fd5608c7c9eec56ea6df944faef26648a1f3798003b18e7a0,260,365,288
full-contract-onchain,management,224,266.42519998550415,235697,8000000,0x11e5c0c3cfceddd81bc90349b37efe7954fee031b164f62e3dfa6763458366c7,260,365,288
full-contract-onchain,management,225,380.0599000453949,235682,8000000,0x6adb4e460238a9b34cc55b2143506d3ac3dbe133f4a0eddf20cdde650ec20cae,260,365,288
full-contract-onchain,management,226,89.43179988861084,235697,8000000,0xef01a29d11459598065c6900d9d2fb30d03e0d589dcede180cf64b51e7f973ea,260,365,288
full-contract-onchain,management,227,455.7025001049042,235697,8000000,0x6b8ba613611a370fe2e38fde92983e9199f5f7cd683d077a01b8f99cd4a7310f,260,365,288
full-contract-onchain,management,228,167.18869996070862,235697,8000000,0x1bfa99cafa5222686dbe874c0313f557c188e9b06893d3ad694387494c1fe6f6,260,365,288
full-contract-onchain,management,229,196.42439985275269,235697,8000000,0xb3a2b1d5a87df8b61db8e6781fd3be3344a382059ec1c2a60169f4f0193c5087,260,365,288
full-contract-onchain,management,230,105.22579979896545,235697,8000000,0xd44b2c5a45daca84d9bc1d8a75bae10d557a99f35307613a387b527683ee172d,260,365,288
full-contract-onchain,management,231,536.8183999061584,235682,8000000,0x59cc337052292a779bad629284e22b9682f79a371a4dace1f3a0dce21c496683,260,365,288
full-contract-onchain,management,232,304.65199995040894,235697,8000000,0xbae6f3089dab4fb8f927834e001f76d26f8d0cbdd2cfd6d7cf2dead331a948a7,260,365,288
full-contract-onchain,management,233,1696.1351001262665,235697,8000000,0xcdd783aec5959d920c171a0ef2e639afc5c23d55dd096709b6d8f64045991d3b,260,365,288
full-contract-onchain,management,234,260.4349000453949,235697,8000000,0xe580e547115d4e68708ab8a6b0b2051fdf60c053d662234eac1bd43f8cae621e,260,365,288
full-contract-onchain,management,235,206.16149997711182,235697,8000000,0x52c1ad113cf2eaaa96d1519606d1b1494b963db168a9f1e780cd79f3a9f46f4b,260,365,288
full-contract-onchain,management,236,71.76850008964539,235682,8000000,0x633a3c591977cc15c6c11a2040df91dca594656057f5152101c5f18ee87ae1b9,260,365,288
full-contract-onchain,management,237,240.0634000301361,235697,8000000,0x2c0062a9218e5a2b1c695175bb7c0e4918f547f52f14f00e13180f4f3625bcc6,260,365,288
full-contract-onchain,management,238,438.5828001499176,235697,8000000,0x7a0ed1ee30de4528c7cccc67fcd43ba566896c8007fbee10a86d3db9035ea139,260,365,288
full-contract-onchain,management,239,151.34630012512207,235682,8000000,0xa38d9cddab7ef7d66d3173e08b53302e3e53fc1900cdb3cda950290d0b5ce0fe,260,365,288
full-contract-onchain,management,240,55.454099893569946,235666,8000000,0x04c5889e7dfc4b6e93b81d791da6e4b19f7fbd31837d62c278b3c28be251dba1,260,365,288
full-contract-onchain,management,241,593.5129997730255,235682,8000000,0x4445defd002000e8b1a6846dff5e407782e6269a71b2652757af1ed269dfa2c0,260,365,288
full-contract-onchain,management,242,271.8429000377655,235697,8000000,0x40539002694a9944fbd772e58ff4aeafc8d2c6e658318384f01068f48bc7d647,260,365,288
full-contract-onchain,management,243,134.41560006141663,235697,8000000,0xeef8bed3568cdf0d50ef5e114427b7d55d4f9dad1842f43e150474aeb23460c5,260,365,288
full-contract-onchain,management,244,521.5882000923157,235697,8000000,0xaa0d8223a2552b01970fd8115f1d68acdb7d859ae6b0bc6091d079d85f14132d,260,365,288
full-contract-onchain,management,245,398.58380007743835,235697,8000000,0xeffee9db22c741af8b53fadb18959d08e699c55c7cb2b23d3195d421fa6db79d,260,365,288
full-contract-onchain,management,246,565.348799943924,235682,8000000,0x219d832eedbf5a836ac19bc5d147f32395d81e15b2370adbc6b9bbc169c6f29d,260,365,288
full-contract-onchain,management,247,41.97580003738403,235651,8000000,0x95edfbd7037094ff76be691f272c82399d110482507911ac81a6f708c91afdf3,260,365,288
full-contract-onchain,management,248,267.4199001789093,235682,8000000,0x4814e65f8f84552261712e05ccfff6657c831044cefb73f647c68cf0a526d5ef,260,365,288
full-contract-onchain,management,249,58.00200009346008,235697,8000000,0xf07a19ba28bca11a752f42ca78b0d1998b1edfecd8123760233182e2b94d39d5,260,365,288
full-contract-onchain,management,250,161.7532000541687,235697,8000000,0x7938b950e0ddb7c0bbbc624970e122b8fc1926cf6a193713eaab7cd793e5d98a,260,365,288
full-contract-onchain,management,251,319.49149990081787,235697,8000000,0x4bc5a4ce6d606abf9181bc5b015b2d1b8bda671d933fd47ea19c69669985b1cd,260,365,288
full-contract-onchain,management,252,239.84540009498596,235697,8000000,0xf36f02f50fe59838aa669ebefbac494122b4b9bc0c0e5f94540c7e03b601513a,260,365,288
full-contract-onchain,management,253,593.7065999507904,235682,8000000,0xbd76f1e1e25a1f95a9866dbc7eaab188d24b9a751634be67455a3b31eb3446cf,260,365,288
full-contract-onchain,management,254,268.41950011253357,235682,8000000,0x6aa919d51328836449b1f5e5e9a5866d293a9438e527fd67e1004c2a82da60d4,260,365,288
full-contract-onchain,management,255,87.48919987678528,235682,8000000,0x018285f8cbb4b59573a3866618b748143f60d3a7131d5173f7aee9f76809dda5,260,365,288
full-contract-onchain,management,256,365.9979999065399,235697,8000000,0x422c1101d76e1e83a03eef8239e7df8051e3cb58855c227857eb01d1409ceed3,260,365,288
full-contract-onchain,management,257,72.33650016784668,235697,8000000,0x483328d1b88bd5d473b26727175f2afc8a67e5b06f19cff550098e6a535b40c4,260,365,288
full-contract-onchain,management,258,316.36039996147156,235697,8000000,0x62b6e40129cea4ba0db83dc3a04a68dcfc2028a919929acd03228e3cc5b9a31f,260,365,288
full-contract-onchain,management,259,511.8599998950958,235697,8000000,0xf7a311d01bbd97f279e3142963f73b77a62566fa4f9b59a0562b1eb554cc7e9d,260,365,288
full-contract-onchain,management,260,409.3389000892639,235651,8000000,0xa3fa97c17b168d11003c709763dd584a6989d38c4023e1a9ee590bdc7b8fc931,260,365,288
full-contract-onchain,management,261,116.91460013389587,235682,8000000,0x5e84b748bc96da27f83d04c3115f16536f22f2fc4fb61304626583d724c19bc4,260,365,288
full-contract-onchain,management,262,133.0699999332428,235697,8000000,0x7eaf6729aabebf24e552a986496052a79617459a8d8d636af177a6b796cc123a,260,365,288
full-contract-onchain,management,263,348.5067000389099,235697,8000000,0x70bca33a97af749b2bdbd2f65e8be1a5e4368d5fec7c2082eb2936cfb90282cf,260,365,288
full-contract-onchain,management,264,163.8795998096466,235697,8000000,0xf4048e527db58b1880cb7308763c4495453a509b52aedbdd5c43ebfa47e8e17d,260,365,288
full-contract-onchain,management,265,25.017600059509277,235682,8000000,0xd388b83a959d92d760a207ea30183bdfc43c28daae40663d84d656e294148e58,260,365,288
full-contract-onchain,management,266,493.31150007247925,235697,8000000,0x73ec255dea96bc1139cd99a794e7582bc124d911b8298804476af0d12a6b8dc9,260,365,288
full-contract-onchain,management,267,597.9330999851227,235682,8000000,0x822dc89cc445ee31fdeebc4f979e16eb575fee0a54723d7b5560d513e89a56a3,260,365,288
full-contract-onchain,management,268,43.185800075531006,235682,8000000,0x7b1d0c5a447d2fd507b833af0532a51443240d61d4d41f819563c75fe8d77dc0,260,365,288
full-contract-onchain,management,269,101.03129982948303,235682,8000000,0x25b45fe5735f4205e31bbb02e764a68bff481d9165ba8fb8ae65bf8da3550926,260,365,288
full-contract-onchain,management,270,348.13880014419556,235682,8000000,0xbde633b11bc1f3d1caa6d21463c05430bba8fda39abc9306868983dc725323fc,260,365,288
full-contract-onchain,management,271,73.00189995765686,235697,8000000,0x259410e6fae659212f1957282d4674d214226e2db639f94dbea976ad50628d89,260,364,288
full-contract-onchain,management,272,211.22390007972717,235697,8000000,0xe52fec5187647e6e95830aad21b1c6bab459ac9735d7f922a62029e878da2bcd,260,365,288
full-contract-onchain,management,273,740.2755999565125,235697,8000000,0x0956288aa6af0230e984ac55e712db0b796713c6564f99fc138b4ffd25d1647f,260,365,288
full-contract-onchain,management,274,304.47790002822876,235697,8000000,0x1e9bb8d34580cab2f7391c1db06d8a7471a33c7e494b7e57e919071c0c797943,260,365,288
full-contract-onchain,management,275,143.76399993896484,235682,8000000,0x8eb1c4305e48f4bdca94d3be9d8010e60b803b2ed175e0a180dcb6fbb96daab8,260,365,288
full-contract-onchain,management,276,1508.4302999973297,235697,8000000,0xff4a88ca4a04d62ad80e623b46b4505bde473c889800afb16000f339591c2a6f,260,365,288
full-contract-onchain,management,277,270.5067000389099,235697,8000000,0x5c645d6f40dfc80c24ef42beca169af80e5b7b46668bca9ba4d98441d751b6cd,260,365,288
full-contract-onchain,management,278,87.94869995117188,235697,8000000,0xfc35ebf2b5257b5830c17ac5ce713b05b9239d3ae323bdba8704ce4e63a5e15b,260,365,288
full-contract-onchain,management,279,173.17210006713867,235697,8000000,0xceb55335aae027508eff95d3aca0597e7d75ce117889baee1091b0768b44fd40,260,365,288
full-contract-onchain,management,280,191.97259998321533,235666,8000000,0xc18877fcc863701bdce31c6cf92a0a59ffc71435e587fa13c889d9bf89814867,260,365,288
full-contract-onchain,management,281,194.72870016098022,235697,8000000,0x1440676018527eec64c826e09b8480742348da57246e0fcdead4f15b1e74cada,260,365,288
full-contract-onchain,management,282,210.15750002861023,235682,8000000,0x92e1b2bfc23c6619fc5604978bcb0d17e31593cf3c297271599ad8784d96a5eb,260,365,288
full-contract-onchain,management,283,58.30830001831055,235697,8000000,0x7de2128327ebc254cca03d9c16b7fc34c18fe49147b5dee857d7d731fdd79811,260,365,288
full-contract-onchain,management,284,90.2179000377655,235697,8000000,0xe69133683660aaa036a084fb8244410c756efb25351ffd24c785bfc8a76e445a,260,365,288
full-contract-onchain,management,285,146.9779999256134,235697,8000000,0x01d9252004f2d11db7aef9ce98829f4dd6d750f12035b67970d7465e437f502d,260,365,288
full-contract-onchain,management,286,504.1333999633789,235697,8000000,0x999e8d099c61c76d49f7fb1b76702b2336567f2a1242c6288338cb6c8480a447,260,365,288
full-contract-onchain,management,287,102.83850002288818,235697,8000000,0x263a3bb4c98961e693d2da9e1648344c5603e02a1c67f3a497ee31c4d76daa8e,260,365,288
full-contract-onchain,management,288,101.68579983711243,235682,8000000,0x9e4b50daafa3ae2ef56c364806b41cc508971c83edf51977e65f66ef5839bddf,260,365,288
full-contract-onchain,management,289,134.2555000782013,235697,8000000,0xbc75ac560ea01062a7384e7eed9becf93a44b4e136cfd0730420768abcda03de,260,365,288
full-contract-onchain,management,290,507.62479996681213,235697,8000000,0x2b390d0ec8cc3e197ccd177a1a696c2d7af5d23aca3f09ca9adf78843dd489e9,260,365,288
full-contract-onchain,management,291,138.28110003471375,235666,8000000,0xc9f6e1a37056edf9c2aa6680773b6558d3b7faf9670aa6eadd86a5a17d60d879,260,365,288
full-contract-onchain,management,292,1097.2240998744965,235682,8000000,0xfd47940a89df5511ea4597ded0f6dbcf91743ee89a6c18526e47ce2faaa148dc,260,365,288
full-contract-onchain,management,293,71.24020004272461,235651,8000000,0x7099661565ed93d5c1dea76d4abcf42f0fb0af0a2a0fbe39a4b40dfa2ccbbeb9,260,365,288
full-contract-onchain,management,294,491.54199981689453,235682,8000000,0x93a42707215f105c1f89fd0b392fc220d92da1ae0a91ea87fffb6a497e9a4896,260,365,288
full-contract-onchain,management,295,268.0529000759125,235682,8000000,0x1e72b60f98d25a8bd909d814836e4cb0ab9ecd6fe399862c648bef8c41bab2b3,260,365,288
full-contract-onchain,management,296,148.4372000694275,235697,8000000,0x39288b20d8aa5e2abc3b29f09bef30bb0c8f03842c8a042e8b21062f4038520c,260,365,288
full-contract-onchain,management,297,676.4487001895905,235697,8000000,0x03cfba345a8e789a2204ed026e52b13fbfc102d4e48fe8875ec2a80485a42271,260,365,288
full-contract-onchain,management,298,83.60369992256165,235682,8000000,0xce9fb2266f709229b1e5315368d9678f0e99908c2132284bd79b62202d156c68,260,365,288
full-contract-onchain,management,299,149.72420001029968,235697,8000000,0xb1af41b3aee88dd4d1107b4751d96783b2e68321bb258e1aee00f55a067728fb,260,365,288
full-contract-onchain,management,300,290.4855000972748,235682,8000000,0xc1f3f41c16a58824e6e4ccd9b65bad3c0f932a6cf455a5ee2902f3f1ffc33ddf,260,365,288
full-contract-onchain,management,301,307.3922998905182,235697,8000000,0xad6770b2137f574649c54c84a4a78c9ce08f76d851248054a5dd7535d041bc9d,260,365,288
full-contract-onchain,management,302,105.50090003013611,235682,8000000,0x749106585101ec8549b6bd505917ece05e06bcc5b1bb4f0781b4db720d17218c,260,365,288
full-contract-onchain,management,303,413.04759979248047,235697,8000000,0x46d27d4beb079ef37c389d6aa8d59af7b63e53d73f74e940d482a172c8a21179,260,365,288
full-contract-onchain,management,304,195.93930006027222,235666,8000000,0x21c3febae7cdda765ac453ee8d3315bfbe8e43ef070a84cba2b8307a04c01bf1,260,365,288
full-contract-onchain,management,305,149.7127001285553,235682,8000000,0xa050fdb22d40bf03a49a6056932f95cd2938e65670277f464466be3e8510faf8,260,365,288
full-contract-onchain,management,306,178.98619985580444,235682,8000000,0x5abfaf7911bc40ddfbe6f12f025ee9ee87df67218c7b5fa0f14770a4ee2ae7aa,260,365,288
full-contract-onchain,management,307,994.7358000278473,235697,8000000,0xc9260d8fb89399a6afd60172df804c1c8ec0228f81547018189bc095f6b16cab,260,365,288
full-contract-onchain,management,308,167.3183000087738,235697,8000000,0x6faf378e551c8d3434c274bcf113c41e7c2e0250155bc09791c50d6c48d021d2,260,365,288
full-contract-onchain,management,309,150.637699842453,235697,8000000,0x51a82ebc9b54fc155d7f962ebf42e65a19febe7d49e760d1ce5249dda8683cd0,260,365,288
full-contract-onchain,management,310,413.957200050354,235682,8000000,0xf4fa666e4a96dc292882ee98f2247734bee95102bc4a336f2b7ae9b6b2faa1f0,260,365,288
full-contract-onchain,management,311,210.53200006484985,235697,8000000,0xd00aa3a53d62830c9a6d944264335eb94dfb50dfe64de6a32164218630902ddc,260,365,288
full-contract-onchain,management,312,416.5252001285553,235697,8000000,0x3dfe0129d3e4bb3c45453d5b60305d9582410c294894cb0966d4d2045310f775,260,365,288
full-contract-onchain,management,313,597.8510000705719,235666,8000000,0xed1acb093b89e1daede929b8294c903ba6d06d59ac550bc647cab5aedd3843ff,260,365,288
full-contract-onchain,management,314,1341.625500202179,235697,8000000,0x94f829adbc8cecf739bf783f60c6b2adc46d644d62efc7cad7df0eb697196a36,260,365,288
full-contract-onchain,management,315,271.36500000953674,235697,8000000,0x001f3bdb25287305eccdc21959ab05a3b88008b33720e8ed1b5ec9b2d14b5a40,260,365,288
full-contract-onchain,management,316,57.40000009536743,235697,8000000,0x9fae7a6254998062bd69c84b32c79e430fff5504142101958d531fd5f2061baa,260,365,288
full-contract-onchain,management,317,111.24440002441406,235697,8000000,0x500a630a098c0891611f723c9e4a897c7e2921c4b9ea279737b18b67856dcbf2,260,365,288
full-contract-onchain,management,318,101.08080005645752,235682,8000000,0xcd65bdd51b804b0868de48b01c8a38b11d3bd28daf902592f1656da91b6f4863,260,365,288
full-contract-onchain,management,319,1269.2807998657227,235682,8000000,0xedaec1c8ef104dca6694a6d35bf92acca448f27f9dc70d121c46956d5fe8cee4,260,365,288
full-contract-onchain,management,320,1387.0471000671387,235682,8000000,0x05ae73204ab696084d8e8ee7fe4e470b2f12dec469b6daf2fa46e27b6440a4dc,260,365,288
full-contract-onchain,management,321,84.91310000419617,235682,8000000,0x2db5551126fafca7cc8c0aeaa2138aa27cc27697fb754c3f30c4e1964587e3f0,260,365,288
full-contract-onchain,management,322,461.22320008277893,235682,8000000,0x699b09491e58f59cca07276c6aa77b1cb42999c655683b5fa161a8cb4c9d9853,260,365,288
full-contract-onchain,management,323,658.7170000076294,235682,8000000,0xb3c86321bbc186c70bd1a08bfdbb109c90b6263d8a04920180b3605551cc5c4b,260,365,288
full-contract-onchain,management,324,282.0910999774933,235697,8000000,0xe5820b2045cf338785354bfdef7697079af0439d1a86e74320e36484fccb7a0a,260,365,288
full-contract-onchain,management,325,69.8617000579834,235697,8000000,0x39ea11c5f456f32a8eed2d0d10708f9aade2ad5477675c56a469ed67d3fee27b,260,365,288
full-contract-onchain,management,326,206.04639983177185,235697,8000000,0x6a6f6c3c735b753a005408d4c3966b180111c7a7fcb6b03f6573d31c847640e0,260,365,288
full-contract-onchain,management,327,104.83200001716614,235682,8000000,0xa7e7ffd4494b38a080d730dc5346c63580eda5c573f2d5df628e3ee0941f966f,260,365,288
full-contract-onchain,management,328,224.77729988098145,235697,8000000,0x6f15fbd2098ea1bb31981fb9070969fa3d174287a5b2f78522accb62da1647ab,260,365,288
full-contract-onchain,management,329,49.4935998916626,235682,8000000,0xe11b63890505ced7359d7ea443f2cbf7e6f2715d8b09141d79394f5e7e50eb30,260,365,288
full-contract-onchain,management,330,428.3122000694275,235682,8000000,0x95caabdcc9c2df1533c634e01e67c2aac8a4a64d234f06c2f32c1657d6c91180,260,365,288
full-contract-onchain,management,331,79.1408998966217,235682,8000000,0x8ec37024cbcf423a23f8c1e1337d841e92026829b715d5ffb1a16f2c5dd370eb,260,365,288
full-contract-onchain,management,332,151.5023000240326,235682,8000000,0x5ea0817301176a647f5206bab9a0d293c5aa96e2b54ff2bc29616988e1c3481c,260,365,288
full-contract-onchain,management,333,164.68799996376038,235697,8000000,0x90eb78e6643a8bc88fe05fe004f601c2befe41fa93d3609a368528065e185859,260,365,288
full-contract-onchain,management,334,27.087599992752075,235697,8000000,0x49af2ff3eb3491db6ba7e4f39cb40a9e0f4967ffc56b6c1585fc21f7b0ba0e77,260,365,288
full-contract-onchain,management,335,396.1663999557495,235697,8000000,0x5dc0f286b8dcee4fd13123186ce5ecae0e1f8f13d290b4975c6b252596fbb47c,260,365,288
full-contract-onchain,management,336,473.72519993782043,235697,8000000,0x2335ae4efa21a5ac8aeec9bff0e323188d8f99949ff27c6b0f81ce9f8188a077,260,365,288
full-contract-onchain,management,337,259.9735999107361,235697,8000000,0x6ea83f4ac9f5ea1b3b4f9bd3905960c3a834b13e636ae05a7f3af48b5e418954,260,365,288
full-contract-onchain,management,338,121.71679997444153,235697,8000000,0xa507ef6907fc8a4aab8df305c25d215fac2ea78bf6d90b214207ba1347ba78ab,260,365,288
full-contract-onchain,management,339,71.55120015144348,235682,8000000,0x1a9a7dc8bbd5eb713d74612bc0f69a5236d7773ac7c5a1d86313d363f6159af6,260,365,288
full-contract-onchain,management,340,127.18340015411377,235666,8000000,0x438d83dd9fbeab6fea9d7a836eb2c4dbb14a8a5dbe23cdc886db754bf34b1d43,260,365,288
full-contract-onchain,management,341,318.490700006485,235697,8000000,0xe5b0a9fcf7bb3ca59b2fec5f7b7af5c66041b5fed887b820917a37648d96ce57,260,365,288
full-contract-onchain,management,342,39.33879995346069,235697,8000000,0x457e8c15bed4b3f29b59cd5e4571e33a9a19fa7825b9fd9b0c20e0dce3fd98d4,260,365,288
full-contract-onchain,management,343,663.183599948883,235697,8000000,0x634e575f65f8f757d38231ab1e3215c87f99f87e97357bbc93e81d7c616e1e0e,260,365,288
full-contract-onchain,management,344,832.609799861908,235682,8000000,0x5ea6e70cc027028c22b7404a351661c1ba347c935d04e34819ceb64b27c37244,260,365,288
full-contract-onchain,management,345,70.51090002059937,235697,8000000,0x2a37ea06fdce1ff5f4b82d829788d290f4bbf3f7f6317d4dc5cf694a4d3c92cf,260,365,288
full-contract-onchain,management,346,72.0051999092102,235651,8000000,0x8ddf63f9e57dc226e9a01f6975a8910d5e8385a64e4f59ea559c8062b387d374,260,365,288
full-contract-onchain,management,347,195.05390000343323,235697,8000000,0x288a993b6bab009b98d176ee9b89b17ca456a93bf099350bd96952016d5f35f0,260,365,288
full-contract-onchain,management,348,392.40030002593994,235651,8000000,0xfbd3bd213e1be62f257f10209316f84de842374541d6eb6028a7161a49fceb07,260,365,288
full-contract-onchain,management,349,518.1180000305176,235697,8000000,0x44cf58b2d9caf0b9df37b774e30d18ee9a15254ce87d1e5f008ae4173326e109,260,365,288
full-contract-onchain,management,350,40.55859994888306,235697,8000000,0x87d0cd2e91fc8de4e95a8714a3fe208a26cad96cd7da03d4223d3f59b51e5cc6,260,365,288
full-contract-onchain,management,351,474.8961000442505,235682,8000000,0x3b677152c4e95bdad015ed59bfbde957ec6fa7551a48213a184a7228caae7905,260,365,288
full-contract-onchain,management,352,148.11800003051758,235697,8000000,0x3fd350508812c4fdcab7e937ec8b7e627b81edfed4414a26f76411b402618a59,260,365,288
full-contract-onchain,management,353,132.05780005455017,235682,8000000,0x95235a514fc0f15cff0779b1dac8bce37e061693efe350aa6c5eef3d387b9bbe,260,365,288
full-contract-onchain,management,354,678.4242000579834,235697,8000000,0x45a54619add4aaf434404a5d7983979ddf55484cc34f5d18b54bebd64ed88e7f,260,365,288
full-contract-onchain,management,355,193.8960998058319,235666,8000000,0x9ed419244d36beef585ce8c47045561022df86094ec90db08c4812798f80a316,260,365,288
full-contract-onchain,management,356,427.69829988479614,235682,8000000,0x1e6991c701329619e691aedcdbd1641cd582727e0514c22ef874e73fe2072c7c,260,365,288
full-contract-onchain,management,357,67.55640006065369,235682,8000000,0xf76b394a314ff9fc2a73d64cef42a386963f67a5e9afac88cc96a0ffa7eef6bc,260,365,288
full-contract-onchain,management,358,627.8059000968933,235697,8000000,0x1d4dc40226891cd1129732e1ca688912e022d79a3391dd1ae40d317a2d0674de,260,365,288
full-contract-onchain,management,359,130.0881998538971,235697,8000000,0x53129be0edfeb2ff1078fde2e610bd9689056d5910e41eec20fd215de9170426,260,365,288
full-contract-onchain,management,360,177.41009998321533,235697,8000000,0xf8b0642452a8f6c105d09c98a925b11b99b47940e341a7b7740d0c750d453ca0,260,365,288
full-contract-onchain,management,361,213.8363001346588,235682,8000000,0x2fd41cf823ed42e1edcf9e80ef5b284824a5e9498114debd424d5b003bbf2b48,260,365,288
full-contract-onchain,management,362,381.94949984550476,235682,8000000,0xc2e86916c61ed025e83149e706af68be0a4d796b8fafb8c5c45225f8164f9a4c,260,365,288
full-contract-onchain,management,363,120.72320008277893,235697,8000000,0x4b4bc1dacb393860c575422ab96c5d5d56445e96e7eb12e2c8c3798361000353,260,365,288
full-contract-onchain,management,364,288.0676999092102,235682,8000000,0x39ab821920ef6e84e8e81da50c4071a0c5a492706a0d60b87c76aab3dfa7a817,260,365,288
full-contract-onchain,management,365,117.1298999786377,235697,8000000,0x43796c8d014c8bc03df2b4f9fc5b147a49f35314c3e851c02b7e341b716ccab3,260,365,288
full-contract-onchain,management,366,366.9506001472473,235697,8000000,0xefe1bf2d5c1a9696e58ba565713ec1acb4101c619c3e1cc59e3b4c7b3411439d,260,365,288
full-contract-onchain,management,367,484.6261999607086,235697,8000000,0x8b342ddaa800f55b4ab64f9773646034c8068ef24c9e956d6684e9dc8c602b90,260,365,288
full-contract-onchain,management,368,226.87660002708435,235697,8000000,0x72b3ecc915bc9b9cb70db484b9c9991137265c96feee1f26fa332c5750f467f5,260,365,288
full-contract-onchain,management,369,368.0474998950958,235697,8000000,0x2d30c9ee8ef7a39eed40a5f879e01bd301ee03732f4226f4e0f59a73b348aacc,260,365,288
full-contract-onchain,management,370,39.81379985809326,235697,8000000,0xf9ab567c36fda7fd3557c777fc878444bb551a1156b5d3adce4886342366775b,260,365,288
full-contract-onchain,management,371,237.39170002937317,235666,8000000,0x4366f4e9b090e2f01871c54c8bbba10d7a6845fc67068a9506709829a72460af,260,365,288
full-contract-onchain,management,372,243.85689997673035,235682,8000000,0xf1cfc8b3c959e4ad8f85771549a14a775f0a0baaad63c58a4802dae118f6ca96,260,365,288
full-contract-onchain,management,373,290.82219982147217,235682,8000000,0x76d4714f3f87d69a1222c9dfc6b74948759b2f28fb27cc22ae136ebe47d99f35,260,365,288
full-contract-onchain,management,374,164.13870000839233,235697,8000000,0x883c7b678ccf4a3de0f8177c31efee90980df2bdedf997e61ba910fda5222cfc,260,365,288
full-contract-onchain,management,375,228.5964000225067,235697,8000000,0x1f2620b0b95bbeaf34d4a962e352394e2ac5600d2dd2ee5a7b8ef2b67ca35e35,260,365,288
full-contract-onchain,management,376,147.49440002441406,235697,8000000,0xc94a3d69bbe0434d02e948c21e016d7cbba664f97f016f71978742fa80909411,260,365,288
full-contract-onchain,management,377,99.32009983062744,235666,8000000,0xbd501663d799865ef1d34af131de1f212b18be3a81d88dca120346263830099c,260,365,288
full-contract-onchain,management,378,39.5181999206543,235682,8000000,0x7ee8e7f7790d0a5712b9d00b4eb0b6b662b32300f62c27b24186eee811c67b8e,260,365,288
full-contract-onchain,management,379,699.1236999034882,235682,8000000,0xe5ca1e8bd68ecefa482acfc26e3d5c44a4b916407d9f147e0eb187d89444e774,260,365,288
full-contract-onchain,management,380,84.2305998802185,235682,8000000,0x2a0037ce8f4b69bd9d2f1430f955596dd1805f2971f78ec53993d9eaebf06f42,260,365,288
full-contract-onchain,management,381,132.8810999393463,235682,8000000,0x09fc792ff97dee8ffee41fe4d6f841e6aac5ea45a21a316ff8f189b6126a4a52,260,365,288
full-contract-onchain,management,382,227.99309992790222,235666,8000000,0x6f91306801a8ac3a0ae81308fb2a689625663f075534ae7fa637890562c670e2,260,365,288
full-contract-onchain,management,383,132.21009993553162,235682,8000000,0xe34d81a56565cb2b9a1f119d877fe06f35dc45ebe0954e8e6413f6dc89238f08,260,365,288
full-contract-onchain,management,384,492.8928999900818,235682,8000000,0x9d83e194a230bf2b45645ba1668907db6a803ee8d74944a8cef57bdb60ac6920,260,365,288
full-contract-onchain,management,385,149.72989988327026,235651,8000000,0x863ec9a6e8a6d51517023841a54cd9128c2edb094bebad24b83317804a067400,260,365,288
full-contract-onchain,management,386,413.0766999721527,235697,8000000,0x9de7864582afb3ccd38124767182e4c6d10a90b8a6b96267558466c108cb0ca7,260,365,288
full-contract-onchain,management,387,242.36940002441406,235697,8000000,0xbf84642f2cbd1af5641aff22f3043060324bde64f3e5fe289770d9975ef3a034,260,365,288
full-contract-onchain,management,388,209.65009999275208,235682,8000000,0xe2f5f1822b9e7fccd79ee42ac6a92d418d7993716675661757bafc97cbed6bd0,260,365,288
full-contract-onchain,management,389,133.33899998664856,235697,8000000,0x2cad420464f90afdca97dd93b78c685f975e745125183bb17cc3754e9f68e9bd,260,365,288
full-contract-onchain,management,390,116.56409978866577,235651,8000000,0x64f6ae697c94ffcc3ffcacfadb9b9e6b2e1e11d0dae66c6ee41c73ecf43603c5,260,365,288
full-contract-onchain,management,391,54.272199869155884,235697,8000000,0xa42cd5658e847a1ce604cfe165f57ef2d9e9863ace00999183b8c45ef04eb3b8,260,365,288
full-contract-onchain,management,392,1031.7597000598907,235666,8000000,0xc977bf67c1a2efbfe2ddfcebc9434647ea0f58c16ec60dbb8806225ed42fe14d,260,365,288
full-contract-onchain,management,393,161.79270005226135,235697,8000000,0x8acb7319d0f3cd9742dcccdd768bf3518d858869328aa67a196fe0a4e64f26c6,260,365,288
full-contract-onchain,management,394,490.968199968338,235697,8000000,0x83b62abd1325b3ca676616ae5cbe0f396698be752be3e0d03632bfcc0374e8e4,260,365,288
full-contract-onchain,management,395,487.6740999221802,235666,8000000,0xb26491e4537a05bb4f887f1e6cd744b92f7854fedd30cc8cd52b710228a91f65,260,364,288
full-contract-onchain,management,396,197.1398000717163,235682,8000000,0x1ec20f73bf05889d9ebd10e6ac5bc2f19847625697ff7b32a4814f8ae8991780,260,365,288
full-contract-onchain,management,397,179.35609984397888,235697,8000000,0xdd95f88b4f22d584bf44e714f2ac73379650eb1bcaa24fc1ca78a6943cbb07b4,260,365,288
full-contract-onchain,management,398,753.0692000389099,235697,8000000,0x1d69ac47406d81f5ce8dbd0cce6f36352d2913d59494c571b180449d72535265,260,365,288
full-contract-onchain,management,399,262.1159999370575,235697,8000000,0xfc76cdd051316ded90f7128411b1011833111a8f1a01e1bdc88c808211cf512d,260,365,288
full-contract-onchain,management,400,181.11229991912842,235666,8000000,0x6a6d3c2a0142356bf642bd5c2ee3cb5012eb31cc69b694cff2a73348e9bfe2b8,260,365,288
full-contract-onchain,management,401,86.94510006904602,235666,8000000,0xf2194a81a1a38d2b0dd4decf2f8686e22967a97a8c6ebedea6d195e1a319819d,260,365,288
full-contract-onchain,management,402,84.48250007629395,235697,8000000,0x25fc596311c491cb998fe3a9cbea331b5751af9ff5fb238b1f03d1c76c82c6b0,260,365,288
full-contract-onchain,management,403,226.76129984855652,235682,8000000,0x1194648b647bdae60be42c6e4c00971e0ab684c63cda319ea1a634bc4c75b78e,260,365,288
full-contract-onchain,management,404,164.2771999835968,235697,8000000,0xa0ee225a23249cfad0b4f7218a2cd5131eb7e351f13bb5ae24fc0b9c49c96736,260,365,288
full-contract-onchain,management,405,503.88349986076355,235697,8000000,0x4ce406a6ab1e3ec38d0f4e146f8e07d8ba1c633d31adee6d1cd50f1db371e6d2,260,365,288
full-contract-onchain,management,406,286.71080017089844,235666,8000000,0xe3159c8fdfe4de57b8f649967768e98a41c9e8fc8e54696035a0313a5d42a755,260,365,288
full-contract-onchain,management,407,596.4445998668671,235697,8000000,0x72716b5b57bbf326bd9ae443339ae15f18617457a78a0ef07fa2c7e640a807ab,260,365,288
full-contract-onchain,management,408,272.967600107193,235697,8000000,0xb66b44f9b63057d7194d9d5da050ac7dd3f652120e3e6fdda16959ece9403fc4,260,365,288
full-contract-onchain,management,409,324.2640001773834,235697,8000000,0x0007be4602bca34c6c49c7befad35f9272cb342fb8da1fc4f1f58878f2d9398c,260,365,288
full-contract-onchain,management,410,240.49860000610352,235697,8000000,0x092eebd171a3e7e7bd69580dafdcb7a84921a356aa756915a8886f1b80080c80,260,365,288
full-contract-onchain,management,411,177.89199995994568,235697,8000000,0x60b482eeea23b2d99e32ad4819567e03a4c5e4044390f8fe94aaaf1f0056c1d2,260,365,288
full-contract-onchain,management,412,209.60649991035461,235697,8000000,0xe7eded11f9da93d03166012be99a7afae71984dffdaa917382645c9290462b02,260,365,288
full-contract-onchain,management,413,291.4682002067566,235697,8000000,0xcd5eca3de7d698248716b3727aaaf55ca8fbfe6fa046f9d84fcf5aedc9d79a00,260,365,288
full-contract-onchain,management,414,438.96889996528625,235697,8000000,0x4fd5cf3ac73db15efc0de0ef6e268634ec6c0a70a90110b71895fd07345b5986,260,365,288
full-contract-onchain,management,415,513.3203999996185,235697,8000000,0xb33b2be0dca396fc3155837b18cd7d2d7383a197f1098620aa112742fcb4d4e0,260,365,288
full-contract-onchain,management,416,244.39820003509521,235682,8000000,0xaecefa63c35de7f3049318860accc5dab4a78745631aeb6c48bee74ddf50a672,260,365,288
full-contract-onchain,management,417,488.3422999382019,235697,8000000,0xc2d8b0f8fdcca7fb48a2f12b794d41052d1ceed652b5d911ae725fef37499645,260,365,288
full-contract-onchain,management,418,192.67569994926453,235697,8000000,0x4e940b9cc5eff2bcdc0e8c76d29095d34cf748a09ee1fc2ee062f5aa5e640e6b,260,365,288
full-contract-onchain,management,419,798.4767999649048,235697,8000000,0x74db100ee1e54d415252acee555f79aeec8c06f1b3843720258b77b1152358b0,260,365,288
full-contract-onchain,management,420,128.47210001945496,235697,8000000,0xaf335a66b112ea36e2f62d83d8836636758ec733405fc58d4d17faa4b6ea7dae,260,365,288
full-contract-onchain,management,421,103.03870010375977,235697,8000000,0x74429eb4e4bf57e8af0eef7e441b55da2ea6a49d10c9889f5ca7b88c814f3b2e,260,365,288
full-contract-onchain,management,422,164.01510000228882,235697,8000000,0x72a6977929f88342d00dc37674a648c3dc613bd7d6625c415668170921354b23,260,365,288
full-contract-onchain,management,423,87.15590000152588,235697,8000000,0xf813cf57479f5273a30ffeaea41929346914e6c63bee2899a75c5304dcfe05a3,260,365,288
full-contract-onchain,management,424,288.99670004844666,235682,8000000,0x4cae94f8a80e80ec86917b3a79728af9e93deb9f2ec8d8428fc1494a5a452351,260,365,288
full-contract-onchain,management,425,273.5203001499176,235697,8000000,0xbc7cac31d90dc48e56c046d6d33bb551a4d3cd4e19c50a50f99d30e4b268d6ff,260,365,288
full-contract-onchain,management,426,758.7455999851227,235697,8000000,0x40260be2639b8aa15f944bab8f5df827b30e0e769a43f1e9906b6b05ea3d2169,260,365,288
full-contract-onchain,management,427,84.99320006370544,235682,8000000,0xa638f30ece2bfd923559f226e96af39bf61c4de8e3268b99b0ff924bbb3dd442,260,365,288
full-contract-onchain,management,428,117.96650004386902,235697,8000000,0xe4d228803611652b70ac5fa61949495ab1e772a430c5b3b6ca1fd388049a14d4,260,365,288
full-contract-onchain,management,429,364.8636999130249,235682,8000000,0xd2c36f91920e9b0b03c07891972ab3d40aacc62c80e7cb83e13c04930a6aefea,260,365,288
full-contract-onchain,management,430,197.64949989318848,235697,8000000,0x597cef256fee73099a8e21a3b809f379c7037fe72e2ef41be84661270b31149b,260,365,288
full-contract-onchain,management,431,726.4621000289917,235697,8000000,0x06298c3f0fd01cd6249d1e6340caac5c935dab5a45cb985e01777b05e15484a2,260,365,288
full-contract-onchain,management,432,101.44280004501343,235682,8000000,0xf1b5567de14c8082f553eee46b5f4ac97d407f821b8ec9e03c1ac81ceb8e9819,260,365,288
full-contract-onchain,management,433,68.53439998626709,235682,8000000,0x89b647114ec2801820b18cd674d59d25c73d977a93bb11e702a4a53804b4d633,260,365,288
full-contract-onchain,management,434,194.2846999168396,235666,8000000,0xd0201d0f1088c09056f2bfc654f651bb76a60f3edbef21c9c48374b3132edbf3,260,365,288
full-contract-onchain,management,435,165.10769987106323,235666,8000000,0x07cd159985240f4139023d6973aee55c38d74ca89bf529cb85e3f4aa14645d35,260,365,288
full-contract-onchain,management,436,87.44109988212585,235682,8000000,0x90b17bf3bb71a21346077b06dcaca5db9a58726a8e04c8df553e9aec8e30daab,260,365,288
full-contract-onchain,management,437,161.23520016670227,235697,8000000,0x00b749d4a5e62d1d81c6a47ad71ec5d9a26762ab3b7b1bb2950f226908d09617,260,365,288
full-contract-onchain,management,438,207.7771999835968,235682,8000000,0x66af4d0b143df3a3e8be14b7d6b5b430515ec05bb04c011b262e9f7553e0341c,260,365,288
full-contract-onchain,management,439,426.41569995880127,235682,8000000,0x8adcad545827321667bcbc619faeffbe4d3b776e5b216296f7e8fcc2599f7494,260,365,288
full-contract-onchain,management,440,394.42670011520386,235697,8000000,0x3d6ce9091038368bd9e9804418f810955c809812f1fd8685a9748d7351441743,260,365,288
full-contract-onchain,management,441,483.2130000591278,235697,8000000,0xd2053a18b1766850b6faca8694c523066c16087faec97e24afd58709112273d6,260,365,288
full-contract-onchain,management,442,87.39199995994568,235666,8000000,0x4714c10550f77b06c2b9968fca5c94850d15b4d6ce5f238f3b0a6f5344af416c,260,365,288
full-contract-onchain,management,443,208.90270018577576,235697,8000000,0x8be653b492f803def3ea833c597728101ade15f7ab362dbf7e85d9475ca3f58e,260,365,288
full-contract-onchain,management,444,87.41020011901855,235682,8000000,0xd9872bd770e23ee9ed7cc9fa2f7f569a4b991ee2980a5667762912ed75b978ba,260,365,288
full-contract-onchain,management,445,433.3280999660492,235697,8000000,0x65acaafaa1cd83f30fcae0161821279c9dd23288584cf96f240629c247ffbbf8,260,365,288
full-contract-onchain,management,446,129.58019995689392,235697,8000000,0xb2b7d4e11d3e4148fa792553a88c2e56c61cc04209e5342eb4505f5093976b50,260,365,288
full-contract-onchain,management,447,116.00989985466003,235682,8000000,0x538e882d422ed818136fd04070bfdd51a32e3e93847f94744932edb4feea6ee9,260,365,288
full-contract-onchain,management,448,413.8841998577118,235682,8000000,0x00d8a7cbac8b7056c1e57a81aa68bbd1034d1ec4bc7a217a5fe64b53a552bf41,260,365,288
full-contract-onchain,management,449,82.09500002861023,235697,8000000,0x7139c91166889d655e640c292ab05a09bcbe5c615e51cb6b16701dbd8313317f,260,365,288
full-contract-onchain,management,450,118.74030017852783,235697,8000000,0x1a6b9e5bcb266b5a77118c7b67a7de93e31b12e42b9140fa05b7caedcba42416,260,365,288
full-contract-onchain,management,451,203.33399987220764,235697,8000000,0x290e0f23bdd8ffae60acfffa441638a7abf681ad15f0ba88487044ad3b3a4c1a,260,365,288
full-contract-onchain,management,452,166.37399983406067,235697,8000000,0x0f1abc474de9b86b4ff8baa760a74915d3d587108e0b50e88c5ce3c228247ab1,260,365,288
full-contract-onchain,management,453,272.68729996681213,235697,8000000,0xd3055b6ee7207c9946325db5e2c18044285d716a3151ba9fc38b8975b8f255f3,260,365,288
full-contract-onchain,management,454,1049.1784999370575,235697,8000000,0x4bcb8e953d3ddb3d46bd7e54adef79189782612b4f6ee8c75b4f270d5db00405,260,365,288
full-contract-onchain,management,455,338.4393000602722,235682,8000000,0x9802be51efb214c0a488e55099ec8e049908ee1ae7a9d5aacd0df28889c54892,260,365,288
full-contract-onchain,management,456,384.2346999645233,235697,8000000,0xdce8a6244da9853dc2a2edd3c6c3ef65e85d028b3d102bd229528d6ce36d9e7b,260,365,288
full-contract-onchain,management,457,549.7136001586914,235697,8000000,0x0bf55109008fd5d425e166f372d9d68326695004705ac85053ea1cb3b5f96304,260,365,288
full-contract-onchain,management,458,103.12919998168945,235697,8000000,0x6c3c1d10fe3f97db17ff9ae56cf6598624f0240ebba3824c17041a9e9c5a3896,260,365,288
full-contract-onchain,management,459,364.1559998989105,235682,8000000,0xe18e42ac384e19a9676a75754d854a74dd872de1610d23c9ca815b186859b697,260,365,288
full-contract-onchain,management,460,1813.0955998897552,235697,8000000,0x2eeba121f5ed7fc6714998fc52e7be87e0dbbe85b55f01385e9c1ca5667869d2,260,365,288
full-contract-onchain,management,461,458.8868999481201,235697,8000000,0x0cc4858332131ac2f64777f5a9359d2fb6d7018580bc488de32617895e068b9f,260,365,288
full-contract-onchain,management,462,55.21880006790161,235697,8000000,0x5361b192d6fe2883eb01575285857bfadb0b600e110271e87951c5d9f1578a5b,260,365,288
full-contract-onchain,management,463,1264.7121000289917,235697,8000000,0x0d588825db2e079c7be59777dfd4ffac0702b61deb0b1d5f704c138916c48f52,260,365,288
full-contract-onchain,management,464,197.41409993171692,235682,8000000,0x1a1dd15ff9c4160e3c702a25c01ba17dfad8031f4ac6f5f0486ce7b9b9ae8ab7,260,365,288
full-contract-onchain,management,465,206.94250011444092,235697,8000000,0x2079579f1d582bd651799dfe21c7991cada018f15823a8cc5f63c39e38b6ca3d,260,365,288
full-contract-onchain,management,466,85.05460000038147,235666,8000000,0x333b97f084962c89cd5e4b2814233ef3f1452e2efb8d7f9ba344cdf98d4d32bc,260,365,288
full-contract-onchain,management,467,199.22680020332336,235682,8000000,0x70876514a31080ad59fefdced97b832ad07a2cd482447dfcefcba156b7e19863,260,365,288
full-contract-onchain,management,468,685.3259000778198,235697,8000000,0xb59d83b669c8c10786ab6c84d329567d4752c782a4cf8a064ea6db6464b04abe,260,365,288
full-contract-onchain,management,469,352.167799949646,235666,8000000,0x1ebd34dc80cf10e59d1413a30e178fdc739664bc8c45aeac583b22bcef3b5da5,260,365,288
full-contract-onchain,management,470,305.9069998264313,235682,8000000,0x1537468298c555f02c7c7fd2be06dec8f16eca2a0d84f186493d5195ef9efd64,260,365,288
full-contract-onchain,management,471,34.2296998500824,235682,8000000,0x5b03a7291536d59f550212685aa468ff4387556b5feededa5dcfb7093bef6a3d,260,365,288
full-contract-onchain,management,472,268.5380001068115,235697,8000000,0x9693cb3894771735da122f27c00e8471cc8c27b05b97b184f0b113cf3b6541c3,260,365,288
full-contract-onchain,management,473,286.640499830246,235697,8000000,0xe7d90b1967cc77da9c33c13d50151aba0877b9fe10e2ca566d4c97f86cddde32,260,365,288
full-contract-onchain,management,474,335.04259991645813,235697,8000000,0x743ca26e6cd757967cc620e01da2b048aa3148c4782bf45007f5f2c3c6fca418,260,365,288
full-contract-onchain,management,475,642.0631999969482,235682,8000000,0xeeb4e02890434ad4ff20007e135c0b5e168fc76663bfb79f539783532d3fb83c,260,365,288
full-contract-onchain,management,476,286.404000043869,235682,8000000,0xb4481e89c3169397d6405a4ab44feee5a1a32d2d896929e54fc505e1688a5c37,260,365,288
full-contract-onchain,management,477,85.58940005302429,235682,8000000,0xd1232de9d4c77b6954b39b523dc088fb186530c9b8424b9d5f26d38459e7596a,260,365,288
full-contract-onchain,management,478,147.65900015830994,235651,8000000,0x6fae219fe8b2579af0ae881bff47b322a1e04320c7c3fd0ed771306b522ebcf3,260,365,288
full-contract-onchain,management,479,35.49000000953674,235682,8000000,0x743612397165b5234b902a8ef5451238ee0a505fd41dc3c23c5b4837f354ebb5,260,365,288
full-contract-onchain,management,480,365.3731999397278,235682,8000000,0x6e5ad7e9f798382e9384215209cc1b2b1273bba3822b2dfebea1894793b045eb,260,365,288
full-contract-onchain,management,481,149.91400003433228,235697,8000000,0x582be0097f9f4c3c569d7ad1dc0a4e1a9aa6cf8e6d6cb7ca53b944ca570a72d2,260,365,288
full-contract-onchain,management,482,361.66649985313416,235697,8000000,0x97d4dea1c5c53220925738d379f295d27b3576db6155cc23019c2f00ecbac845,260,365,288
full-contract-onchain,management,483,86.10719990730286,235697,8000000,0x71e19be5bcf75c13275d3e92d6d280b0b70a3428afb40a48d3991a877f459013,260,365,288
full-contract-onchain,management,484,66.97859978675842,235682,8000000,0x210b91f0cffc595cf8e54412cc879abb5849d1a210bbeabd8b768a998911fe97,260,365,288
full-contract-onchain,management,485,537.6236000061035,235697,8000000,0x98926fae537e941800cf530cdcd61fa8ba503494e8b7dbe649e61c2d9265ba93,260,365,288
full-contract-onchain,management,486,85.5984001159668,235697,8000000,0x8ebdf1359bf09aca096b61098b6e7b7d9ae284029a03485eb65cffbc63ff1d2b,260,365,288
full-contract-onchain,management,487,196.05139994621277,235697,8000000,0x6b145b17ee7fa97d141f72ee1ac63b6d6368fb32f5288032e83b945043b8e581,260,365,288
full-contract-onchain,management,488,227.34570002555847,235666,8000000,0x1f5bdc23f8e0e16d7d3b0ca221119dce81c294ab75972f7f6b157b277e3fae45,260,365,288
full-contract-onchain,management,489,83.55310010910034,235697,8000000,0x3da83302ff79d09377982a20fbb67dfc4391b01e7a4fd709963bd74f38e3d34b,260,365,288
full-contract-onchain,management,490,208.56290006637573,235697,8000000,0x6ed1411fbe880a798ddaa5b306241671c4fc7169f96239ea13e5d39ef60a9e19,260,365,288
full-contract-onchain,management,491,581.2267999649048,235651,8000000,0xd090fbe5c6fe44c31c1d47fa690c56a070771adb93abcc076c0587fe774441e9,260,365,288
full-contract-onchain,management,492,455.1412000656128,235697,8000000,0xe9b642d6580fd31e8034cdddf1d77b10c54e19a9e02b88360d1436da6e88b7b2,260,365,288
full-contract-onchain,management,493,88.63499999046326,235682,8000000,0xa5a41b3fc1db56c2548d9589772bea96460d54e750addd47b5dd1ed9d9fa6631,260,365,288
full-contract-onchain,management,494,421.03700017929077,235682,8000000,0x2038709f02be574981b03f91e2e276744c35f1e8c7b4cfe6d86924bc87d36a0b,260,365,288
full-contract-onchain,management,495,1739.8489000797272,235651,8000000,0x3251e01c2ed30e294e4a0bd78c5207dc33731ecb9d07e8512d99e94ea8015551,260,365,288
full-contract-onchain,management,496,551.4291999340057,235697,8000000,0x0e434ef2eff98eeb9dc82fbd48b9a255fe9656c93dea056c522e64e8648a8d6b,260,365,288
full-contract-onchain,management,497,411.93220019340515,235697,8000000,0x159a81b96989bb8bafc14db63d3d8747d22a6f199a5e827bd7dba63a5f59d2ac,260,365,288
full-contract-onchain,management,498,352.1933000087738,235697,8000000,0xa7a55c366a96b5b13fca570539e4c08e6a8f20599400a7c3b5654b7907ad1b52,260,365,288
full-contract-onchain,management,499,1142.4256000518799,235682,8000000,0x9443b367ea207e219e0582edc4562fcc5789700ff6ac7875e74c02290a895549,260,365,288
