dataKind,lambda,DPKI_upper_bound,DPKI_lower_bound,DPKI_experimental,epsilon,lambdaTotalMeasured,pManageMeasured,gammaOnChainMeasured,qManageMeasured,muModelOffchainAuthMeasured,lambdaBlockMeasured,lambdaBlockHeightMeasured,lambdaBlockTxConfirmMeanMs,serviceCAs,calibrationScope,runDir,meanBlockMs,configuredLambdaBlock
measured_point,2.0,0.13578839926780117,0.08022171987131821,0.11950870842615223,0.1,1.9509517081705576,0.1,0.24691358024691357,0.3,16.257550080471468,8.111047239374082,10.688320979535856,120.82286923970932,4.0,Fig6 epsilon measured parameters,C:\Users\admin\Desktop\Blockchain_based DPKI platform\DPKI-and-DID-platform-Lenovo\chain33-dpki-real-experiment\outputs\real_sweeps\lambda_experiment\scout_aggressive_three_lambdap_100_90_80_r200_lambda20_blockms_80_lambda_2_r200,80.0,12.5
measured_point,4.0,0.13985887476975434,0.08458728161815354,0.11470011707154934,0.1,3.9274334599917036,0.1,0.24691358024691357,0.3,16.399210991751225,9.347584347264995,9.898985075992513,104.83992051772582,4.0,Fig6 epsilon measured parameters,C:\Users\admin\Desktop\Blockchain_based DPKI platform\DPKI-and-DID-platform-Lenovo\chain33-dpki-real-experiment\outputs\real_sweeps\lambda_experiment\scout_aggressive_three_lambdap_100_90_80_r200_lambda20_blockms_80_lambda_4_r200,80.0,12.5
measured_point,6.0,0.16864896225091466,0.09472415918843594,0.1240473577055134,0.1,6.143235304784839,0.1,0.24691358024691357,0.3,15.945350211548535,8.209939979737582,10.048234574660663,119.36749871724692,4.0,Fig6 epsilon measured parameters,C:\Users\admin\Desktop\Blockchain_based DPKI platform\DPKI-and-DID-platform-Lenovo\chain33-dpki-real-experiment\outputs\real_sweeps\lambda_experiment\scout_aggressive_three_lambdap_100_90_80_r200_lambda20_blockms_80_lambda_6_r200,80.0,12.5
measured_point,8.0,0.17301522778823494,0.10610301005239398,0.11052054251707383,0.1,8.660009787434987,0.1,0.24691358024691357,0.3,15.879590218377137,10.811614949396667,10.96605420801414,90.64325769895163,4.0,Fig6 epsilon measured parameters,C:\Users\admin\Desktop\Blockchain_based DPKI platform\DPKI-and-DID-platform-Lenovo\chain33-dpki-real-experiment\outputs\real_sweeps\lambda_experiment\scout_aggressive_three_lambdap_100_90_80_r200_lambda20_blockms_80_lambda_8_r200,80.0,12.5
measured_point,10.0,0.20263976053818736,0.10783782868502453,0.13189890299677254,0.1,9.909081824006083,0.1,0.24691358024691357,0.3,16.365764641940064,8.160279766514796,9.446641053577897,120.09392178211456,4.0,Fig6 epsilon measured parameters,C:\Users\admin\Desktop\Blockchain_based DPKI platform\DPKI-and-DID-platform-Lenovo\chain33-dpki-real-experiment\outputs\real_sweeps\lambda_experiment\scout_aggressive_three_lambdap_100_90_80_r200_lambda20_blockms_80_lambda_10_r200,80.0,12.5
measured_point,12.0,0.27029201497355027,0.1301554498849163,0.15821111267781807,0.1,12.580278590658178,0.1,0.24691358024691357,0.3,15.973177836772603,6.833084392855348,9.04342371179256,143.41985897681653,4.0,Fig6 epsilon measured parameters,C:\Users\admin\Desktop\Blockchain_based DPKI platform\DPKI-and-DID-platform-Lenovo\chain33-dpki-real-experiment\outputs\real_sweeps\lambda_experiment\scout_aggressive_three_lambdap_100_90_80_r200_lambda20_blockms_80_lambda_12_r200,80.0,12.5
measured_point,14.0,0.2239483147366366,0.12434192085903825,0.13097453589147573,0.1,11.875357879495704,0.1,0.24691358024691357,0.3,15.994470216310859,9.100678217002304,10.442836627401233,107.6842820537396,4.0,Fig6 epsilon measured parameters,C:\Users\admin\Desktop\Blockchain_based DPKI platform\DPKI-and-DID-platform-Lenovo\chain33-dpki-real-experiment\outputs\real_sweeps\lambda_experiment\scout_aggressive_three_lambdap_100_90_80_r200_lambda20_blockms_80_lambda_14_r200,80.0,12.5
measured_point,16.0,0.32914978034166686,0.1768170796943888,0.1430506963877084,0.1,16.482123595355485,0.1,0.24691358024691357,0.3,15.951230018307175,8.842097694896037,9.905435994669858,110.83342819947462,4.0,Fig6 epsilon measured parameters,C:\Users\admin\Desktop\Blockchain_based DPKI platform\DPKI-and-DID-platform-Lenovo\chain33-dpki-real-experiment\outputs\real_sweeps\lambda_experiment\scout_aggressive_three_lambdap_100_90_80_r200_lambda20_blockms_80_lambda_16_r200,80.0,12.5
measured_point,18.0,0.4674983278254742,0.24784960750512536,0.18267471248488726,0.1,19.02847934186937,0.1,0.24691358024691357,0.3,15.755082135957531,8.520630023416864,10.457376401891073,115.01496923428316,4.0,Fig6 epsilon measured parameters,C:\Users\admin\Desktop\Blockchain_based DPKI platform\DPKI-and-DID-platform-Lenovo\chain33-dpki-real-experiment\outputs\real_sweeps\lambda_experiment\scout_aggressive_three_lambdap_100_90_80_r200_lambda20_blockms_80_lambda_18_r200,80.0,12.5
measured_point,20.0,0.47872102126212907,0.2539228156626691,0.16262298032838454,0.1,20.23595836682455,0.1,0.24691358024691357,0.3,16.39115926496232,8.863206460968428,9.765732147421321,110.56946538656186,4.0,Fig6 epsilon measured parameters,C:\Users\admin\Desktop\Blockchain_based DPKI platform\DPKI-and-DID-platform-Lenovo\chain33-dpki-real-experiment\outputs\real_sweeps\lambda_experiment\scout_aggressive_three_lambdap_100_90_80_r200_lambda20_blockms_80_lambda_20_r200,80.0,12.5
measured_point,2.0,0.13971960690368193,0.08084040932945201,0.12084357020941766,0.1,2.0688876114879124,0.1,0.24691358024691357,0.3,16.194636598301063,7.724286309849014,8.534930632499503,126.87256280886821,4.0,Fig6 epsilon measured parameters,C:\Users\admin\Desktop\Blockchain_based DPKI platform\DPKI-and-DID-platform-Lenovo\chain33-dpki-real-experiment\outputs\real_sweeps\lambda_experiment\scout_aggressive_three_lambdap_100_90_80_r200_lambda20_blockms_90_lambda_2_r200,90.0,11.11111111111111
measured_point,4.0,0.14621082298504084,0.08530354400309624,0.11784076021744726,0.1,4.082013600690054,0.1,0.24691358024691357,0.3,16.351985213759225,8.579522261705112,9.276585926840234,114.22547434537839,4.0,Fig6 epsilon measured parameters,C:\Users\admin\Desktop\Blockchain_based DPKI platform\DPKI-and-DID-platform-Lenovo\chain33-dpki-real-experiment\outputs\real_sweeps\lambda_experiment\scout_aggressive_three_lambdap_100_90_80_r200_lambda20_blockms_90_lambda_4_r200,90.0,11.11111111111111
measured_point,6.0,0.1730071002999492,0.0929660499025001,0.12714518195001248,0.1,6.233469237014538,0.1,0.24691358024691357,0.3,16.233803821000183,7.571912140644566,8.40729713254364,129.42569615137882,4.0,Fig6 epsilon measured parameters,C:\Users\admin\Desktop\Blockchain_based DPKI platform\DPKI-and-DID-platform-Lenovo\chain33-dpki-real-experiment\outputs\real_sweeps\lambda_experiment\scout_aggressive_three_lambdap_100_90_80_r200_lambda20_blockms_90_lambda_6_r200,90.0,11.11111111111111
measured_point,8.0,0.19820327325934628,0.1017315849719561,0.13601366646688542,0.1,8.346987266882312,0.1,0.24691358024691357,0.3,16.200640635496004,7.253512796320462,8.327045270069737,135.10695128257458,4.0,Fig6 epsilon measured parameters,C:\Users\admin\Desktop\Blockchain_based DPKI platform\DPKI-and-DID-platform-Lenovo\chain33-dpki-real-experiment\outputs\real_sweeps\lambda_experiment\scout_aggressive_three_lambdap_100_90_80_r200_lambda20_blockms_90_lambda_8_r200,90.0,11.11111111111111
measured_point,10.0,0.23224653885087482,0.11534950648898848,0.1470974532800796,0.1,10.849182236681504,0.1,0.24691358024691357,0.3,16.161572279199504,7.132794474871295,9.590355268346963,137.3935564038081,4.0,Fig6 epsilon measured parameters,C:\Users\admin\Desktop\Blockchain_based DPKI platform\DPKI-and-DID-platform-Lenovo\chain33-dpki-real-experiment\outputs\real_sweeps\lambda_experiment\scout_aggressive_three_lambdap_100_90_80_r200_lambda20_blockms_90_lambda_10_r200,90.0,11.11111111111111
measured_point,12.0,0.2275058354628534,0.11717318519794692,0.1415550866449416,0.1,11.546564988998142,0.1,0.24691358024691357,0.3,16.38686408930565,7.855768662256984,9.846956184549036,124.74909103528047,4.0,Fig6 epsilon measured parameters,C:\Users\admin\Desktop\Blockchain_based DPKI platform\DPKI-and-DID-platform-Lenovo\chain33-dpki-real-experiment\outputs\real_sweeps\lambda_experiment\scout_aggressive_three_lambdap_100_90_80_r200_lambda20_blockms_90_lambda_12_r200,90.0,11.11111111111111
measured_point,14.0,0.25148651283339735,0.12677586330596338,0.1426143474782882,0.1,12.523925612454054,0.1,0.24691358024691357,0.3,16.178398188974132,7.552327059866421,9.894753284554955,129.76132948581989,4.0,Fig6 epsilon measured parameters,C:\Users\admin\Desktop\Blockchain_based DPKI platform\DPKI-and-DID-platform-Lenovo\chain33-dpki-real-experiment\outputs\real_sweeps\lambda_experiment\scout_aggressive_three_lambdap_100_90_80_r200_lambda20_blockms_90_lambda_14_r200,90.0,11.11111111111111
measured_point,16.0,0.37466019096325254,0.1845839342739235,0.17578966438866628,0.1,17.195072117389852,0.1,0.24691358024691357,0.3,16.116292844213834,7.490422298562878,9.158161646100634,130.83374487283902,4.0,Fig6 epsilon measured parameters,C:\Users\admin\Desktop\Blockchain_based DPKI platform\DPKI-and-DID-platform-Lenovo\chain33-dpki-real-experiment\outputs\real_sweeps\lambda_experiment\scout_aggressive_three_lambdap_100_90_80_r200_lambda20_blockms_90_lambda_16_r200,90.0,11.11111111111111
measured_point,18.0,0.54929085457848,0.2699505972989249,0.3239117633734462,0.1,19.67950716497695,0.1,0.24691358024691357,0.3,15.81175632340423,7.3106127379960215,9.115469188756677,134.05169103084467,4.0,Fig6 epsilon measured parameters,C:\Users\admin\Desktop\Blockchain_based DPKI platform\DPKI-and-DID-platform-Lenovo\chain33-dpki-real-experiment\outputs\real_sweeps\lambda_experiment\scout_aggressive_three_lambdap_100_90_80_r200_lambda20_blockms_90_lambda_18_r200,90.0,11.11111111111111
measured_point,20.0,0.4121048751459659,0.200814716198229,0.21697074383607542,0.1,18.60546436229348,0.1,0.24691358024691357,0.3,16.491454427044552,7.517832133109551,9.330095862389339,130.3567281961441,4.0,Fig6 epsilon measured parameters,C:\Users\admin\Desktop\Blockchain_based DPKI platform\DPKI-and-DID-platform-Lenovo\chain33-dpki-real-experiment\outputs\real_sweeps\lambda_experiment\scout_aggressive_three_lambdap_100_90_80_r200_lambda20_blockms_90_lambda_20_r200,90.0,11.11111111111111
measured_point,2.0,0.14292729215282773,0.08094906249620867,0.12408394679329206,0.1,2.1185875656913855,0.1,0.24691358024691357,0.3,16.197238610430603,7.364154187751544,8.596563813096818,133.07706153545624,4.0,Fig6 epsilon measured parameters,C:\Users\admin\Desktop\Blockchain_based DPKI platform\DPKI-and-DID-platform-Lenovo\chain33-dpki-real-experiment\outputs\real_sweeps\lambda_experiment\scout_aggressive_three_lambdap_100_90_80_r200_lambda20_blockms_100_lambda_2_r200,100.0,10.0
measured_point,4.0,0.16478373779176267,0.08692072366305216,0.1331383000436523,0.1,4.215806400170727,0.1,0.24691358024691357,0.3,16.149288680718545,6.7972858875904265,8.683354870692192,144.17519230567493,4.0,Fig6 epsilon measured parameters,C:\Users\admin\Desktop\Blockchain_based DPKI platform\DPKI-and-DID-platform-Lenovo\chain33-dpki-real-experiment\outputs\real_sweeps\lambda_experiment\scout_aggressive_three_lambdap_100_90_80_r200_lambda20_blockms_100_lambda_4_r200,100.0,10.0
measured_point,6.0,0.16941016576957196,0.08959888070063768,0.1259456389838213,0.1,6.217051277910773,0.1,0.24691358024691357,0.3,16.717622066121162,7.493824359284567,7.685250321761733,130.77434871899777,4.0,Fig6 epsilon measured parameters,C:\Users\admin\Desktop\Blockchain_based DPKI platform\DPKI-and-DID-platform-Lenovo\chain33-dpki-real-experiment\outputs\real_sweeps\lambda_experiment\scout_aggressive_three_lambdap_100_90_80_r200_lambda20_blockms_100_lambda_6_r200,100.0,10.0
measured_point,8.0,0.18533281462564105,0.10035922727343877,0.12626454666855513,0.1,8.386156117643745,0.1,0.24691358024691357,0.3,16.382832743100057,8.204795737300818,8.528700420742934,119.44233974585167,4.0,Fig6 epsilon measured parameters,C:\Users\admin\Desktop\Blockchain_based DPKI platform\DPKI-and-DID-platform-Lenovo\chain33-dpki-real-experiment\outputs\real_sweeps\lambda_experiment\scout_aggressive_three_lambdap_100_90_80_r200_lambda20_blockms_100_lambda_8_r200,100.0,10.0
measured_point,10.0,0.21420672704810004,0.10698999426404224,0.16169351394402343,0.1,9.126229606114945,0.1,0.24691358024691357,0.3,16.033843078745672,6.928260338932209,8.254377573801396,141.4496499926616,4.0,Fig6 epsilon measured parameters,C:\Users\admin\Desktop\Blockchain_based DPKI platform\DPKI-and-DID-platform-Lenovo\chain33-dpki-real-experiment\outputs\real_sweeps\lambda_experiment\scout_aggressive_three_lambdap_100_90_80_r200_lambda20_blockms_100_lambda_10_r200,100.0,10.0
measured_point,12.0,0.28071908510102966,0.12731228983634976,0.2496547241308982,0.1,12.622035045551556,0.1,0.24691358024691357,0.3,16.19511427972565,6.179249502775196,8.375941668435125,158.59531154388037,4.0,Fig6 epsilon measured parameters,C:\Users\admin\Desktop\Blockchain_based DPKI platform\DPKI-and-DID-platform-Lenovo\chain33-dpki-real-experiment\outputs\real_sweeps\lambda_experiment\scout_aggressive_three_lambdap_100_90_80_r200_lambda20_blockms_100_lambda_12_r200,100.0,10.0
measured_point,14.0,0.31272756915054345,0.15699015463701047,0.1933698863944609,0.1,15.305634680971492,0.1,0.24691358024691357,0.3,16.04722619937351,7.664861300049016,8.639542699521224,127.85619486600925,4.0,Fig6 epsilon measured parameters,C:\Users\admin\Desktop\Blockchain_based DPKI platform\DPKI-and-DID-platform-Lenovo\chain33-dpki-real-experiment\outputs\real_sweeps\lambda_experiment\scout_aggressive_three_lambdap_100_90_80_r200_lambda20_blockms_100_lambda_14_r200,100.0,10.0
measured_point,16.0,0.2971466997941283,0.14911305861430085,0.17779440485556808,0.1,14.56630239039129,0.1,0.24691358024691357,0.3,15.994151694093318,7.589629638910756,8.439416437297034,129.12356025591876,4.0,Fig6 epsilon measured parameters,C:\Users\admin\Desktop\Blockchain_based DPKI platform\DPKI-and-DID-platform-Lenovo\chain33-dpki-real-experiment\outputs\real_sweeps\lambda_experiment\scout_aggressive_three_lambdap_100_90_80_r200_lambda20_blockms_100_lambda_16_r200,100.0,10.0
measured_point,18.0,0.43176700781058436,0.20883036323015466,0.22404339751159122,0.1,17.75891974720781,0.1,0.24691358024691357,0.3,15.778788622678444,7.088971658318868,9.642683703147204,138.24289999099878,4.0,Fig6 epsilon measured parameters,C:\Users\admin\Desktop\Blockchain_based DPKI platform\DPKI-and-DID-platform-Lenovo\chain33-dpki-real-experiment\outputs\real_sweeps\lambda_experiment\scout_aggressive_three_lambdap_100_90_80_r200_lambda20_blockms_100_lambda_18_r200,100.0,10.0
measured_point,20.0,0.5506210199277688,0.278394967093885,0.24793292285331794,0.1,21.002694563193586,0.1,0.24691358024691357,0.3,16.506858400208678,8.060688846462085,8.975324190709717,121.57769871369386,4.0,Fig6 epsilon measured parameters,C:\Users\admin\Desktop\Blockchain_based DPKI platform\DPKI-and-DID-platform-Lenovo\chain33-dpki-real-experiment\outputs\real_sweeps\lambda_experiment\scout_aggressive_three_lambdap_100_90_80_r200_lambda20_blockms_100_lambda_20_r200,100.0,10.0
plot_curve,2.0,0.1385759760816667,0.07781538744391606,0.12398857900827995,,,,,,,,,,,,,100.0,
plot_curve,2.060200668896321,0.13943053203688627,0.07822452769993313,0.12381611068875135,,,,,,,,,,,,,100.0,
plot_curve,2.120401337792642,0.14027537746800134,0.07862746755573999,0.12365325213155119,,,,,,,,,,,,,100.0,
plot_curve,2.180602006688963,0.14111064384054176,0.07902428608739054,0.12349994421714258,,,,,,,,,,,,,100.0,
plot_curve,2.240802675585284,0.14193646262003734,0.0794150623709387,0.1233561278259886,,,,,,,,,,,,,100.0,
plot_curve,2.3010033444816056,0.14275296527201795,0.0797998754824384,0.12322174383855235,,,,,,,,,,,,,100.0,
plot_curve,2.361204013377926,0.14356028326201337,0.08017880449794351,0.12309673313529687,,,,,,,,,,,,,100.0,
plot_curve,2.4214046822742477,0.14435854805555343,0.08055192849350797,0.1229810365966853,,,,,,,,,,,,,100.0,
plot_curve,2.4816053511705687,0.145147891118168,0.08091932654518566,0.12287459510318069,,,,,,,,,,,,,100.0,
plot_curve,2.5418060200668897,0.1459284439153869,0.08128107772903054,0.12277734953524613,,,,,,,,,,,,,100.0,
plot_curve,2.6020066889632107,0.14670033791273995,0.08163726112109647,0.12268924077334474,,,,,,,,,,,,,100.0,
plot_curve,2.6622073578595318,0.14746370457575697,0.08198795579743738,0.12261020969793957,,,,,,,,,,,,,100.0,
plot_curve,2.722408026755853,0.1482186753699678,0.0823332408341072,0.1225401971894937,,,,,,,,,,,,,100.0,
plot_curve,2.782608695652174,0.14896538176090227,0.0826731953071598,0.12247914412847023,,,,,,,,,,,,,100.0,
plot_curve,2.842809364548495,0.1497039552140902,0.08300789829264914,0.12242699139533227,,,,,,,,,,,,,100.0,
plot_curve,2.903010033444816,0.15043452719506142,0.08333742886662909,0.12238367987054286,,,,,,,,,,,,,100.0,
plot_curve,2.9632107023411374,0.15115722916934582,0.08366186610515358,0.12234915043456512,,,,,,,,,,,,,100.0,
plot_curve,3.023411371237458,0.15187219260247314,0.0839812890842765,0.12232334396786211,,,,,,,,,,,,,100.0,
plot_curve,3.0836120401337794,0.15257954895997328,0.0842957768800518,0.12230620135089695,,,,,,,,,,,,,100.0,
plot_curve,3.1438127090301005,0.153279429707376,0.08460540856853335,0.12229766346413269,,,,,,,,,,,,,100.0,
plot_curve,3.2040133779264215,0.1539719663102112,0.08491026322577508,0.12229767118803245,,,,,,,,,,,,,100.0,
plot_curve,3.2642140468227425,0.15465729023400868,0.0852104199278309,0.12230616540305927,,,,,,,,,,,,,100.0,
plot_curve,3.3244147157190636,0.15533553294429825,0.08550595775075473,0.12232308698967628,,,,,,,,,,,,,100.0,
plot_curve,3.3846153846153846,0.1560068259066098,0.08579695577060045,0.12234837682834655,,,,,,,,,,,,,100.0,
plot_curve,3.4448160535117056,0.15667130058647308,0.086083493063422,0.12238197579953317,,,,,,,,,,,,,100.0,
plot_curve,3.505016722408027,0.15732908844941798,0.08636564870527327,0.1224238247836992,,,,,,,,,,,,,100.0,
plot_curve,3.5652173913043477,0.1579803209609743,0.0866435017722082,0.12247386466130777,,,,,,,,,,,,,100.0,
plot_curve,3.625418060200669,0.1586251295866719,0.08691713134028066,0.12253203631282193,,,,,,,,,,,,,100.0,
plot_curve,3.6856187290969897,0.15926364579204058,0.0871866164855446,0.12259828061870479,,,,,,,,,,,,,100.0,
plot_curve,3.745819397993311,0.1598960010426102,0.0874520362840539,0.1226725384594194,,,,,,,,,,,,,100.0,
plot_curve,3.8060200668896322,0.16052232680391054,0.0877134698118625,0.12275475071542889,,,,,,,,,,,,,100.0,
plot_curve,3.8662207357859533,0.16114275454147148,0.08797099614502428,0.12284485826719631,,,,,,,,,,,,,100.0,
plot_curve,3.9264214046822743,0.1617574157208228,0.08822469435959317,0.12294280199518477,,,,,,,,,,,,,100.0,
plot_curve,3.9866220735785953,0.1623664418074944,0.08847464353162307,0.12304852277985735,,,,,,,,,,,,,100.0,
plot_curve,4.046822742474916,0.16296996426701607,0.08872092273716789,0.12316196150167713,,,,,,,,,,,,,100.0,
plot_curve,4.107023411371237,0.16356811456491763,0.08896361105228157,0.1232830590411072,,,,,,,,,,,,,100.0,
plot_curve,4.167224080267559,0.16416102416672892,0.08920278755301797,0.12341175627861065,,,,,,,,,,,,,100.0,
plot_curve,4.2274247491638794,0.1647488245379798,0.08943853131543104,0.12354799409465055,,,,,,,,,,,,,100.0,
plot_curve,4.287625418060201,0.16533164714420004,0.08967092141557467,0.12369171336969,,,,,,,,,,,,,100.0,
plot_curve,4.3478260869565215,0.1659096234509195,0.0899000369295028,0.12384285498419208,,,,,,,,,,,,,100.0,
plot_curve,4.408026755852843,0.16648288492366803,0.0901259569332693,0.12400135981861989,,,,,,,,,,,,,100.0,
plot_curve,4.4682274247491645,0.1670515630279754,0.09034876050292812,0.12416716875343649,,,,,,,,,,,,,100.0,
plot_curve,4.528428093645485,0.16761578922937154,0.09056852671453312,0.12434022266910498,,,,,,,,,,,,,100.0,
plot_curve,4.588628762541806,0.1681756949933862,0.09078533464413827,0.12452046244608844,,,,,,,,,,,,,100.0,
plot_curve,4.648829431438127,0.16873141178554923,0.09099926336779743,0.12470782896484997,,,,,,,,,,,,,100.0,
plot_curve,4.709030100334449,0.16928307107139046,0.09121039196156455,0.12490226310585265,,,,,,,,,,,,,100.0,
plot_curve,4.769230769230769,0.1698308043164397,0.09141879950149351,0.12510370574955956,,,,,,,,,,,,,100.0,
plot_curve,4.82943143812709,0.17037474298622685,0.09162456506363822,0.1253120977764338,,,,,,,,,,,,,100.0,
plot_curve,4.889632107023411,0.17091501854628166,0.09182776772405264,0.12552738006693842,,,,,,,,,,,,,100.0,
plot_curve,4.949832775919733,0.171451762462134,0.09202848655879063,0.12574949350153652,,,,,,,,,,,,,100.0,
plot_curve,5.010033444816054,0.17198510619931373,0.09222680064390612,0.12597837896069122,,,,,,,,,,,,,100.0,
plot_curve,5.070234113712375,0.17251518122335058,0.09242278905545301,0.12621397732486558,,,,,,,,,,,,,100.0,
plot_curve,5.130434782608695,0.17304211899977445,0.09261653086948521,0.1264562294745227,,,,,,,,,,,,,100.0,
plot_curve,5.190635451505017,0.1735660509941152,0.09280810516205665,0.12670507629012565,,,,,,,,,,,,,100.0,
plot_curve,5.250836120401338,0.17408710867190264,0.09299759100922123,0.1269604586521375,,,,,,,,,,,,,100.0,
plot_curve,5.311036789297659,0.17460542349866653,0.09318506748703284,0.12722231744102136,,,,,,,,,,,,,100.0,
plot_curve,5.3712374581939795,0.17512112693993676,0.09337061367154542,0.12749059353724032,,,,,,,,,,,,,100.0,
plot_curve,5.431438127090301,0.17563435046124315,0.09355430863881287,0.12776522782125746,,,,,,,,,,,,,100.0,
plot_curve,5.491638795986622,0.17614522552811557,0.09373623146488909,0.12804616117353584,,,,,,,,,,,,,100.0,
plot_curve,5.551839464882944,0.1766538836060838,0.093916461225828,0.1283333344745386,,,,,,,,,,,,,100.0,
plot_curve,5.6120401337792645,0.17716045616067766,0.09409507699768353,0.12862668860472876,,,,,,,,,,,,,100.0,
plot_curve,5.672240802675585,0.17766507465742704,0.09427215785650957,0.12892616444456945,,,,,,,,,,,,,100.0,
plot_curve,5.7324414715719065,0.17816787056186167,0.09444778287836002,0.12923170287452376,,,,,,,,,,,,,100.0,
plot_curve,5.792642140468228,0.1786689753395115,0.09462203113928881,0.12954324477505474,,,,,,,,,,,,,100.0,
plot_curve,5.852842809364549,0.1791685204559063,0.09479498171534984,0.12986073102662551,,,,,,,,,,,,,100.0,
plot_curve,5.913043478260869,0.1796666373765759,0.09496671368259703,0.13018410250969914,,,,,,,,,,,,,100.0,
plot_curve,5.973244147157191,0.1801634575670501,0.09513730611708429,0.13051330010473872,,,,,,,,,,,,,100.0,
plot_curve,6.033444816053512,0.18065911249285882,0.09530683809486551,0.13084826469220734,,,,,,,,,,,,,100.0,
plot_curve,6.093645484949833,0.1811537336195318,0.09547538869199462,0.13118893715256807,,,,,,,,,,,,,100.0,
plot_curve,6.153846153846154,0.1816474524125989,0.09564303698452553,0.13153525836628405,,,,,,,,,,,,,100.0,
plot_curve,6.214046822742475,0.18214040033758994,0.09580986204851216,0.13188716921381827,,,,,,,,,,,,,100.0,
plot_curve,6.274247491638796,0.1826327088600348,0.0959759429600084,0.1322446105756339,,,,,,,,,,,,,100.0,
plot_curve,6.334448160535117,0.18312450944546324,0.09614135879506816,0.13260752333219394,,,,,,,,,,,,,100.0,
plot_curve,6.394648829431438,0.18361593355940514,0.09630618862974537,0.1329758483639616,,,,,,,,,,,,,100.0,
plot_curve,6.454849498327759,0.18410711266739033,0.09647051154009392,0.13334952655139984,,,,,,,,,,,,,100.0,
plot_curve,6.51505016722408,0.18459817823494862,0.09663440660216774,0.1337284987749718,,,,,,,,,,,,,100.0,
plot_curve,6.575250836120402,0.18508926172760984,0.09679795289202073,0.13411270591514063,,,,,,,,,,,,,100.0,
plot_curve,6.635451505016722,0.1855804946109038,0.09696122948570679,0.1345020888523693,,,,,,,,,,,,,100.0,
plot_curve,6.695652173913044,0.1860720083503604,0.09712431545927985,0.13489658846712096,,,,,,,,,,,,,100.0,
plot_curve,6.7558528428093645,0.1865639344115094,0.09728728988879382,0.13529614563985867,,,,,,,,,,,,,100.0,
plot_curve,6.816053511705686,0.18705640425988063,0.0974502318503026,0.13570070125104558,,,,,,,,,,,,,100.0,
plot_curve,6.8762541806020065,0.187549549361004,0.09761322041986009,0.13611019618114467,,,,,,,,,,,,,100.0,
plot_curve,6.936454849498328,0.18804350118040924,0.09777633467352023,0.1365245713106191,,,,,,,,,,,,,100.0,
plot_curve,6.996655518394649,0.18853839118362622,0.09793965368733693,0.13694376751993195,,,,,,,,,,,,,100.0,
plot_curve,7.05685618729097,0.1890343508361848,0.09810325653736406,0.13736772568954628,,,,,,,,,,,,,100.0,
plot_curve,7.117056856187291,0.18953151160361478,0.09826722229965557,0.1377963866999252,,,,,,,,,,,,,100.0,
plot_curve,7.177257525083612,0.190030004951446,0.09843163005026534,0.13822969143153177,,,,,,,,,,,,,100.0,
plot_curve,7.237458193979934,0.19052996234520828,0.09859655886524732,0.1386675807648291,,,,,,,,,,,,,100.0,
plot_curve,7.297658862876254,0.19103151525043144,0.09876208782065538,0.13910999558028025,,,,,,,,,,,,,100.0,
plot_curve,7.357859531772576,0.19153479513264535,0.09892829599254346,0.13955687675834835,,,,,,,,,,,,,100.0,
plot_curve,7.418060200668896,0.1920399334573798,0.09909526245696545,0.14000816517949646,,,,,,,,,,,,,100.0,
plot_curve,7.478260869565218,0.1925470616901646,0.09926306628997528,0.14046380172418765,,,,,,,,,,,,,100.0,
plot_curve,7.538461538461538,0.19305631129652967,0.09943178656762686,0.14092372727288505,,,,,,,,,,,,,100.0,
plot_curve,7.59866220735786,0.19356781374200477,0.09960150236597407,0.14138788270605165,,,,,,,,,,,,,100.0,
plot_curve,7.65886287625418,0.19408170049211976,0.09977229276107084,0.14185620890415065,,,,,,,,,,,,,100.0,
plot_curve,7.719063545150502,0.19459810301240443,0.0999442368289711,0.1423286467476451,,,,,,,,,,,,,100.0,
plot_curve,7.7792642140468224,0.19511715276838865,0.10011741364572874,0.14280513711699802,,,,,,,,,,,,,100.0,
plot_curve,7.839464882943144,0.19563898122560225,0.10029190228739768,0.14328562089267258,,,,,,,,,,,,,100.0,
plot_curve,7.899665551839465,0.19616371984957504,0.1004677818300318,0.14377003895513185,,,,,,,,,,,,,100.0,
plot_curve,7.959866220735786,0.1966915001058368,0.10064513134968506,0.14425833218483888,,,,,,,,,,,,,100.0,
plot_curve,8.020066889632108,0.19722245345991748,0.10082402992241132,0.1447504414622568,,,,,,,,,,,,,100.0,
plot_curve,8.080267558528428,0.19775671137734682,0.10100455662426455,0.14524630766784863,,,,,,,,,,,,,100.0,
plot_curve,8.14046822742475,0.19829440532365467,0.1011867905312986,0.1457458716820775,,,,,,,,,,,,,100.0,
plot_curve,8.20066889632107,0.19883566676437087,0.10137081071956741,0.14624907438540652,,,,,,,,,,,,,100.0,
plot_curve,8.26086956521739,0.19938062716502525,0.1015566962651249,0.14675585665829877,,,,,,,,,,,,,100.0,
plot_curve,8.321070234113712,0.19992941799114766,0.10174452624402497,0.1472661593812173,,,,,,,,,,,,,100.0,
plot_curve,8.381270903010034,0.2004821707082679,0.10193437973232151,0.1477799234346252,,,,,,,,,,,,,100.0,
plot_curve,8.441471571906355,0.20103901678191577,0.10212633580606847,0.14829708969898556,,,,,,,,,,,,,100.0,
plot_curve,8.501672240802677,0.20160008767762116,0.10232047354131973,0.1488175990547615,,,,,,,,,,,,,100.0,
plot_curve,8.561872909698998,0.2021655148609139,0.1025168720141292,0.14934139238241603,,,,,,,,,,,,,100.0,
plot_curve,8.622073578595318,0.20273542979732373,0.10271561030055082,0.14986841056241232,,,,,,,,,,,,,100.0,
plot_curve,8.68227424749164,0.2033099639523806,0.10291676747663848,0.15039859447521342,,,,,,,,,,,,,100.0,
plot_curve,8.742474916387959,0.20388924879161424,0.10312042261844609,0.1509318850012824,,,,,,,,,,,,,100.0,
plot_curve,8.80267558528428,0.2044734157805546,0.10332665480202757,0.1514682230210824,,,,,,,,,,,,,100.0,
plot_curve,8.862876254180602,0.2050625963847314,0.10353554310343682,0.15200754941507644,,,,,,,,,,,,,100.0,
plot_curve,8.923076923076923,0.2056569220696745,0.10374716659872774,0.15254980506372762,,,,,,,,,,,,,100.0,
plot_curve,8.983277591973245,0.20625652430091374,0.10396160436395427,0.15309493084749906,,,,,,,,,,,,,100.0,
plot_curve,9.043478260869566,0.206861534543979,0.10417893547517032,0.1536428676468538,,,,,,,,,,,,,100.0,
plot_curve,9.103678929765888,0.20747208426439998,0.10439923900842976,0.154193556342255,,,,,,,,,,,,,100.0,
plot_curve,9.163879598662207,0.20808830492770658,0.10462259403978652,0.15474693781416565,,,,,,,,,,,,,100.0,
plot_curve,9.224080267558529,0.20871032799942868,0.10484907964529455,0.1553029529430489,,,,,,,,,,,,,100.0,
plot_curve,9.284280936454849,0.20933828494509604,0.10507877490100771,0.15586154260936783,,,,,,,,,,,,,100.0,
plot_curve,9.34448160535117,0.20997230723023858,0.10531175888297992,0.1564226476935855,,,,,,,,,,,,,100.0,
plot_curve,9.404682274247492,0.210612526320386,0.10554811066726513,0.156986209076165,,,,,,,,,,,,,100.0,
plot_curve,9.464882943143813,0.21125907368106822,0.10578790932991719,0.15755216763756943,,,,,,,,,,,,,100.0,
plot_curve,9.525083612040135,0.21191208077781507,0.10603123394699006,0.1581204642582619,,,,,,,,,,,,,100.0,
plot_curve,9.585284280936456,0.21257167907615632,0.10627816359453762,0.15869103981870547,,,,,,,,,,,,,100.0,
plot_curve,9.645484949832776,0.21323800004162186,0.1065287773486138,0.15926383519936319,,,,,,,,,,,,,100.0,
plot_curve,9.705685618729097,0.21391117513974148,0.10678315428527249,0.1598387912806982,,,,,,,,,,,,,100.0,
plot_curve,9.765886287625419,0.214591335836045,0.10704137348056764,0.16041584894317354,,,,,,,,,,,,,100.0,
plot_curve,9.826086956521738,0.21527861359606232,0.1073035140105531,0.1609949490672523,,,,,,,,,,,,,100.0,
plot_curve,9.88628762541806,0.21597313988532324,0.10756965495128283,0.16157603253339764,,,,,,,,,,,,,100.0,
plot_curve,9.946488294314381,0.21667504616935757,0.10783987537881073,0.16215904022207256,,,,,,,,,,,,,100.0,
plot_curve,10.006688963210703,0.21738446391369515,0.1081142543691907,0.16274391301374022,,,,,,,,,,,,,100.0,
plot_curve,10.066889632107024,0.2181015245838658,0.10839287099847665,0.16333059178886367,,,,,,,,,,,,,100.0,
plot_curve,10.127090301003344,0.21882635964539932,0.1086758043427225,0.16391901742790593,,,,,,,,,,,,,100.0,
plot_curve,10.187290969899665,0.21955910056382566,0.10896313347798216,0.16450913081133015,,,,,,,,,,,,,100.0,
plot_curve,10.247491638795987,0.2202998788046745,0.10925493748030954,0.16510087281959945,,,,,,,,,,,,,100.0,
plot_curve,10.307692307692308,0.22104882583347574,0.10955129542575855,0.16569418433317687,,,,,,,,,,,,,100.0,
plot_curve,10.36789297658863,0.22180607311575926,0.1098522863903831,0.1662890062325255,,,,,,,,,,,,,100.0,
plot_curve,10.42809364548495,0.22257175211705482,0.11015798945023708,0.1668852793981084,,,,,,,,,,,,,100.0,
plot_curve,10.488294314381271,0.22334599430289223,0.11046848368137444,0.16748294471038871,,,,,,,,,,,,,100.0,
plot_curve,10.548494983277592,0.2241289311388014,0.11078384815984907,0.1680819430498295,,,,,,,,,,,,,100.0,
plot_curve,10.608695652173914,0.2249206940903121,0.11110416196171488,0.16868221529689384,,,,,,,,,,,,,100.0,
plot_curve,10.668896321070234,0.22572141462295414,0.11142950416302577,0.16928370233204482,,,,,,,,,,,,,100.0,
plot_curve,10.729096989966555,0.22653122420225746,0.11175995383983567,0.1698863450357455,,,,,,,,,,,,,100.0,
plot_curve,10.789297658862877,0.22735025429375177,0.1120955900681985,0.17049008428845902,,,,,,,,,,,,,100.0,
plot_curve,10.849498327759198,0.22817863636296698,0.11243649192416813,0.17109486097064847,,,,,,,,,,,,,100.0,
plot_curve,10.909698996655518,0.22901650187543288,0.1127827384837985,0.17170061596277686,,,,,,,,,,,,,100.0,
plot_curve,10.96989966555184,0.22986398229667931,0.11313440882314352,0.17230729014530735,,,,,,,,,,,,,100.0,
plot_curve,11.03010033444816,0.2307212090922361,0.11349158201825711,0.17291482439870298,,,,,,,,,,,,,100.0,
plot_curve,11.090301003344482,0.23158831372763308,0.11385433714519314,0.17352315960342685,,,,,,,,,,,,,100.0,
plot_curve,11.150501672240804,0.23246542766840006,0.11422275328000556,0.17413223663994204,,,,,,,,,,,,,100.0,
plot_curve,11.210702341137123,0.2333526823800669,0.11459690949874826,0.17474199638871163,,,,,,,,,,,,,100.0,
plot_curve,11.270903010033445,0.2342502093281634,0.11497688487747518,0.1753523797301988,,,,,,,,,,,,,100.0,
plot_curve,11.331103678929766,0.23515813997821947,0.11536275849224019,0.1759633275448665,,,,,,,,,,,,,100.0,
plot_curve,11.391304347826088,0.23607660579576484,0.11575460941909722,0.1765747807131779,,,,,,,,,,,,,100.0,
plot_curve,11.451505016722408,0.23700573824632937,0.11615251673410018,0.17718668011559602,,,,,,,,,,,,,100.0,
plot_curve,11.511705685618729,0.2379456687954429,0.11655655951330299,0.17779896663258396,,,,,,,,,,,,,100.0,
plot_curve,11.57190635451505,0.23889652890863528,0.11696681683275953,0.1784115811446049,,,,,,,,,,,,,100.0,
plot_curve,11.632107023411372,0.23985845005143633,0.11738336776852376,0.17902446453212179,,,,,,,,,,,,,100.0,
plot_curve,11.692307692307693,0.24083156368937583,0.11780629139664955,0.17963755767559783,,,,,,,,,,,,,100.0,
plot_curve,11.752508361204013,0.24181600128798367,0.11823566679319081,0.18025080145549605,,,,,,,,,,,,,100.0,
plot_curve,11.812709030100335,0.24281189431278963,0.11867157303420148,0.18086413675227953,,,,,,,,,,,,,100.0,
plot_curve,11.872909698996656,0.24381937422932362,0.11911408919573546,0.1814775044464114,,,,,,,,,,,,,100.0,
plot_curve,11.933110367892978,0.2448385725031154,0.11956329435384665,0.18209084541835463,,,,,,,,,,,,,100.0,
plot_curve,11.993311036789297,0.2458696205996948,0.12001926758458895,0.18270410054857245,,,,,,,,,,,,,100.0,
plot_curve,12.053511705685619,0.2469126499845917,0.1204820879640163,0.18331721071752785,,,,,,,,,,,,,100.0,
plot_curve,12.11371237458194,0.24796779212333592,0.12095183456818259,0.183930116805684,,,,,,,,,,,,,100.0,
plot_curve,12.173913043478262,0.24903517848145723,0.12142858647314173,0.18454275969350392,,,,,,,,,,,,,100.0,
plot_curve,12.234113712374581,0.25011494052448546,0.12191242275494765,0.18515508026145072,,,,,,,,,,,,,100.0,
plot_curve,12.294314381270903,0.2512072097179505,0.12240342248965425,0.1857670193899875,,,,,,,,,,,,,100.0,
plot_curve,12.354515050167224,0.25231211752738225,0.12290166475331543,0.18637851795957727,,,,,,,,,,,,,100.0,
plot_curve,12.414715719063546,0.25342979541831046,0.12340722862198512,0.1869895168506832,,,,,,,,,,,,,100.0,
plot_curve,12.474916387959867,0.25456037485626487,0.12392019317171722,0.18759995694376833,,,,,,,,,,,,,100.0,
plot_curve,12.535117056856187,0.25570398730677535,0.12444063747856562,0.18820977911929576,,,,,,,,,,,,,100.0,
plot_curve,12.595317725752508,0.25686076423537185,0.12496864061858429,0.18881892425772862,,,,,,,,,,,,,100.0,
plot_curve,12.65551839464883,0.2580308371075841,0.12550428166782707,0.18942733323952995,,,,,,,,,,,,,100.0,
plot_curve,12.715719063545151,0.25921433738894195,0.12604763970234792,0.19003494694516285,,,,,,,,,,,,,100.0,
plot_curve,12.775919732441471,0.2604113965449752,0.12659879379820071,0.19064170625509033,,,,,,,,,,,,,100.0,
plot_curve,12.836120401337793,0.2616221460412137,0.1271578230314394,0.19124755204977556,,,,,,,,,,,,,100.0,
plot_curve,12.896321070234114,0.2628467173431874,0.12772480647811785,0.1918524252096816,,,,,,,,,,,,,100.0,
plot_curve,12.956521739130435,0.2640852419164259,0.12829982321429,0.1924562666152716,,,,,,,,,,,,,100.0,
plot_curve,13.016722408026757,0.26533785122645925,0.1288829523160098,0.19305901714700854,,,,,,,,,,,,,100.0,
plot_curve,13.076923076923077,0.26660467673881705,0.12947427285933105,0.19366061768535556,,,,,,,,,,,,,100.0,
plot_curve,13.137123745819398,0.2678858499190294,0.1300738639203078,0.19426100911077576,,,,,,,,,,,,,100.0,
plot_curve,13.19732441471572,0.26918150223262594,0.13068180457499384,0.19486013230373223,,,,,,,,,,,,,100.0,
plot_curve,13.257525083612041,0.27049176514513656,0.13129817389944312,0.195457928144688,,,,,,,,,,,,,100.0,
plot_curve,13.31772575250836,0.27181677012209104,0.13192305096970958,0.19605433751410614,,,,,,,,,,,,,100.0,
plot_curve,13.377926421404682,0.2731566486290193,0.13255651486184708,0.1966493012924498,,,,,,,,,,,,,100.0,
plot_curve,13.438127090301004,0.2745115321314511,0.13319864465190961,0.1972427603601821,,,,,,,,,,,,,100.0,
plot_curve,13.498327759197325,0.2758815520949163,0.13384951941595097,0.19783465559776608,,,,,,,,,,,,,100.0,
plot_curve,13.558528428093645,0.2772668399849447,0.13450921823002515,0.19842492788566476,,,,,,,,,,,,,100.0,
plot_curve,13.618729096989966,0.27866752726706623,0.1351778201701861,0.19901351810434134,,,,,,,,,,,,,100.0,
plot_curve,13.678929765886288,0.2800837454068105,0.1358554043124876,0.19960036713425883,,,,,,,,,,,,,100.0,
plot_curve,13.73913043478261,0.28151562586970763,0.13654204973298367,0.2001854158558803,,,,,,,,,,,,,100.0,
plot_curve,13.79933110367893,0.28296330012128723,0.13723783550772817,0.20076860514966893,,,,,,,,,,,,,100.0,
plot_curve,13.85953177257525,0.2844268996270792,0.13794284071277502,0.20134987589608774,,,,,,,,,,,,,100.0,
plot_curve,13.919732441471572,0.2859065558526134,0.13865714442417815,0.20192916897559982,,,,,,,,,,,,,100.0,
plot_curve,13.979933110367893,0.28740240026341957,0.13938082571799143,0.20250642526866827,,,,,,,,,,,,,100.0,
plot_curve,14.040133779264215,0.28891456432502766,0.14011396367026885,0.20308158565575618,,,,,,,,,,,,,100.0,
plot_curve,14.100334448160535,0.2904431795029674,0.14085663735706422,0.20365459101732658,,,,,,,,,,,,,100.0,
plot_curve,14.160535117056856,0.2919883772627687,0.14160892585443147,0.20422538223384262,,,,,,,,,,,,,100.0,
plot_curve,14.220735785953178,0.2935502890699613,0.1423709082384246,0.20479390018576737,,,,,,,,,,,,,100.0,
plot_curve,14.280936454849499,0.2951290463900752,0.14314266358509745,0.2053600857535639,,,,,,,,,,,,,100.0,
plot_curve,14.34113712374582,0.29672478068864006,0.14392427097050392,0.20592387981769536,,,,,,,,,,,,,100.0,
plot_curve,14.40133779264214,0.29833762343118564,0.14471580947069793,0.20648522325862473,,,,,,,,,,,,,100.0,
plot_curve,14.461538461538462,0.299967706083242,0.14551735816173342,0.20704405695681513,,,,,,,,,,,,,100.0,
plot_curve,14.521739130434783,0.3016151601103389,0.14632899611966427,0.2076003217927297,,,,,,,,,,,,,100.0,
plot_curve,14.581939799331105,0.30328011697800605,0.1471508024205444,0.2081539586468315,,,,,,,,,,,,,100.0,
plot_curve,14.642140468227424,0.3049627081517734,0.14798285614042772,0.20870490839958358,,,,,,,,,,,,,100.0,
plot_curve,14.702341137123746,0.30666306509717073,0.14882523635536815,0.20925311193144905,,,,,,,,,,,,,100.0,
plot_curve,14.762541806020067,0.30838131927972795,0.14967802214141962,0.209798510122891,,,,,,,,,,,,,100.0,
plot_curve,14.822742474916389,0.31011760216497475,0.15054129257463594,0.21034104385437252,,,,,,,,,,,,,100.0,
plot_curve,14.88294314381271,0.31187204521844114,0.1514151267310712,0.2108806540063567,,,,,,,,,,,,,100.0,
plot_curve,14.94314381270903,0.31364477990565665,0.1522996036867791,0.2114172814593066,,,,,,,,,,,,,100.0,
plot_curve,15.003344481605351,0.31543593769215145,0.1531948025178137,0.21195086709368532,,,,,,,,,,,,,100.0,
plot_curve,15.063545150501673,0.3172456500434552,0.15410080230022888,0.21248135178995592,,,,,,,,,,,,,100.0,
plot_curve,15.123745819397994,0.3190740484250977,0.15501768211007855,0.21300867642858157,,,,,,,,,,,,,100.0,
plot_curve,15.183946488294314,0.3209212643026088,0.15594552102341655,0.21353278189002525,,,,,,,,,,,,,100.0,
plot_curve,15.244147157190636,0.3227874291415185,0.15688439811629687,0.21405360905475013,,,,,,,,,,,,,100.0,
plot_curve,15.304347826086957,0.3246726744073564,0.15783439246477343,0.21457109880321923,,,,,,,,,,,,,100.0,
plot_curve,15.364548494983278,0.3265771315656525,0.1587955831449001,0.21508519201589565,,,,,,,,,,,,,100.0,
plot_curve,15.424749163879598,0.3285009320819364,0.15976804923273075,0.21559582957324253,,,,,,,,,,,,,100.0,
plot_curve,15.48494983277592,0.3304442074217382,0.16075186980431938,0.2161029523557229,,,,,,,,,,,,,100.0,
plot_curve,15.545150501672241,0.3324070890505877,0.16174712393571988,0.21660650124379988,,,,,,,,,,,,,100.0,
plot_curve,15.605351170568563,0.3343897084340145,0.16275389070298613,0.21710641711793655,,,,,,,,,,,,,100.0,
plot_curve,15.665551839464884,0.33639219703754863,0.16377224918217204,0.21760264085859596,,,,,,,,,,,,,100.0,
plot_curve,15.725752508361204,0.3384146863267198,0.16480227844933149,0.2180951133462412,,,,,,,,,,,,,100.0,
plot_curve,15.785953177257525,0.340457307767058,0.1658440575805185,0.2185837754613354,,,,,,,,,,,,,100.0,
plot_curve,15.846153846153847,0.34252019282409296,0.16689766565178693,0.2190685680843416,,,,,,,,,,,,,100.0,
plot_curve,15.906354515050168,0.3446034729633545,0.16796318173919061,0.21954943209572297,,,,,,,,,,,,,100.0,
plot_curve,15.966555183946488,0.3467072796503724,0.16904068491878352,0.22002630837594245,,,,,,,,,,,,,100.0,
plot_curve,16.02675585284281,0.34883174435067665,0.17013025426661965,0.2204991378054633,,,,,,,,,,,,,100.0,
plot_curve,16.086956521739133,0.3509769985297969,0.17123196885875275,0.22096786126474843,,,,,,,,,,,,,100.0,
plot_curve,16.147157190635454,0.35314317365326314,0.17234590777123682,0.22143241963426105,,,,,,,,,,,,,100.0,
plot_curve,16.207357859531776,0.35533040118660514,0.17347215008012576,0.22189275379446424,,,,,,,,,,,,,100.0,
plot_curve,16.267558528428093,0.35753881259535253,0.17461077486147344,0.22234880462582096,,,,,,,,,,,,,100.0,
plot_curve,16.327759197324415,0.35976853934503544,0.17576186119133386,0.22280051300879447,,,,,,,,,,,,,100.0,
plot_curve,16.387959866220736,0.36201971290118357,0.1769254881457609,0.22324781982384773,,,,,,,,,,,,,100.0,
plot_curve,16.448160535117058,0.36429246472932686,0.17810173480080838,0.22369066595144388,,,,,,,,,,,,,100.0,
plot_curve,16.508361204013376,0.36658692629499484,0.17929068023253025,0.22412899227204602,,,,,,,,,,,,,100.0,
plot_curve,16.568561872909697,0.3689032290637177,0.18049240351698057,0.22456273966611717,,,,,,,,,,,,,100.0,
plot_curve,16.62876254180602,0.37124150450102517,0.18170698373021305,0.2249918490141205,,,,,,,,,,,,,100.0,
plot_curve,16.68896321070234,0.3736018840724469,0.1829344999482817,0.22541626119651903,,,,,,,,,,,,,100.0,
plot_curve,16.74916387959866,0.3759844992435129,0.1841750312472405,0.22583591709377587,,,,,,,,,,,,,100.0,
plot_curve,16.809364548494983,0.37838948147975304,0.18542865670314315,0.2262507575863541,,,,,,,,,,,,,100.0,
plot_curve,16.869565217391305,0.3808169622466969,0.18669545539204374,0.22666072355471684,,,,,,,,,,,,,100.0,
plot_curve,16.929765886287626,0.38326707300987456,0.18797550638999616,0.22706575587932715,,,,,,,,,,,,,100.0,
plot_curve,16.989966555183948,0.38573994523481575,0.18926888877305423,0.22746579544064807,,,,,,,,,,,,,100.0,
plot_curve,17.05016722408027,0.3882357103870503,0.19057568161727198,0.22786078311914276,,,,,,,,,,,,,100.0,
plot_curve,17.11036789297659,0.390754499932108,0.1918959639987032,0.22825065979527426,,,,,,,,,,,,,100.0,
plot_curve,17.170568561872912,0.3932964453355187,0.19322981499340186,0.22863536634950565,,,,,,,,,,,,,100.0,
plot_curve,17.230769230769234,0.3958616780628124,0.1945773136774219,0.22901484366230007,,,,,,,,,,,,,100.0,
plot_curve,17.29096989966555,0.39845032957951854,0.1959385391268171,0.22938903261412052,,,,,,,,,,,,,100.0,
plot_curve,17.351170568561873,0.4010625313511673,0.1973135704176415,0.2297578740854302,,,,,,,,,,,,,100.0,
plot_curve,17.411371237458194,0.40369841484328856,0.19870248662594908,0.2301213089566921,,,,,,,,,,,,,100.0,
plot_curve,17.471571906354516,0.4063581115214118,0.20010536682779356,0.23047927810836938,,,,,,,,,,,,,100.0,
plot_curve,17.531772575250837,0.4090417528510672,0.20152229009922895,0.23083172242092503,,,,,,,,,,,,,100.0,
plot_curve,17.591973244147155,0.4117494702977842,0.20295333551630917,0.23117858277482223,,,,,,,,,,,,,100.0,
plot_curve,17.652173913043477,0.41448139532709305,0.20439858215508808,0.23151980005052397,,,,,,,,,,,,,100.0,
plot_curve,17.712374581939798,0.4172376594045234,0.2058581090916197,0.23185531512849344,,,,,,,,,,,,,100.0,
plot_curve,17.77257525083612,0.4200183939956051,0.2073319954019578,0.23218506888919369,,,,,,,,,,,,,100.0,
plot_curve,17.83277591973244,0.4228237305658679,0.20882032016215638,0.23250900221308773,,,,,,,,,,,,,100.0,
plot_curve,17.892976588628763,0.42565380058084173,0.21032316244826937,0.23282705598063874,,,,,,,,,,,,,100.0,
plot_curve,17.953177257525084,0.4285087355060564,0.21184060133635055,0.23313917107230986,,,,,,,,,,,,,100.0,
plot_curve,18.013377926421406,0.43138866680704163,0.21337271590245394,0.23344528836856399,,,,,,,,,,,,,100.0,
plot_curve,18.073578595317727,0.4342937259493274,0.21491958522263352,0.2337453487498643,,,,,,,,,,,,,100.0,
plot_curve,18.13377926421405,0.4372240443984435,0.216481288372943,0.23403929309667398,,,,,,,,,,,,,100.0,
plot_curve,18.19397993311037,0.44017975361991973,0.2180579044294364,0.234327062289456,,,,,,,,,,,,,100.0,
plot_curve,18.254180602006688,0.44316098507928564,0.2196495124681676,0.23460859720867344,,,,,,,,,,,,,100.0,
plot_curve,18.31438127090301,0.44616787024207166,0.22125619156519058,0.2348838387347894,,,,,,,,,,,,,100.0,
plot_curve,18.37458193979933,0.4492005405738072,0.22287802079655922,0.23515272774826704,,,,,,,,,,,,,100.0,
plot_curve,18.434782608695652,0.4522591275400223,0.22451507923832745,0.23541520512956937,,,,,,,,,,,,,100.0,
plot_curve,18.494983277591974,0.4553437626062466,0.22616744596654909,0.23567121175915956,,,,,,,,,,,,,100.0,
plot_curve,18.555183946488295,0.45845457723801014,0.22783520005727823,0.23592068851750053,,,,,,,,,,,,,100.0,
plot_curve,18.615384615384617,0.46159170290084245,0.22951842058656854,0.23616357628505552,,,,,,,,,,,,,100.0,
plot_curve,18.67558528428094,0.4647552710602736,0.23121718663047408,0.23639981594228757,,,,,,,,,,,,,100.0,
plot_curve,18.73578595317726,0.46794541318183347,0.23293157726504876,0.23662934836965976,,,,,,,,,,,,,100.0,
plot_curve,18.795986622073578,0.47116226073105155,0.23466167156634635,0.23685211444763518,,,,,,,,,,,,,100.0,
plot_curve,18.8561872909699,0.47440594517345797,0.23640754861042093,0.23706805505667689,,,,,,,,,,,,,100.0,
plot_curve,18.91638795986622,0.4776765979745825,0.23816928747332647,0.23727711107724803,,,,,,,,,,,,,100.0,
plot_curve,18.976588628762542,0.480974350599955,0.23994696723111664,0.2374792233898116,,,,,,,,,,,,,100.0,
plot_curve,19.036789297658864,0.4842993345151053,0.24174066695984553,0.2376743328748308,,,,,,,,,,,,,100.0,
plot_curve,19.096989966555185,0.48765168118556323,0.24355046573556705,0.23786238041276864,,,,,,,,,,,,,100.0,
plot_curve,19.157190635451506,0.49103152207685846,0.24537644263433497,0.2380433068840882,,,,,,,,,,,,,100.0,
plot_curve,19.217391304347828,0.49443898865452107,0.24721867673220335,0.23821705316925257,,,,,,,,,,,,,100.0,
plot_curve,19.277591973244146,0.49787421238408036,0.24907724710522589,0.23838356014872486,,,,,,,,,,,,,100.0,
plot_curve,19.337792642140467,0.501337324731067,0.2509522328294567,0.23854276870296817,,,,,,,,,,,,,100.0,
plot_curve,19.39799331103679,0.5048284571610102,0.2528437129809498,0.2386946197124456,,,,,,,,,,,,,100.0,
plot_curve,19.45819397993311,0.5083477411394399,0.2547517666357588,0.23883905405762018,,,,,,,,,,,,,100.0,
plot_curve,19.51839464882943,0.5118953081318862,0.2566764728699378,0.23897601261895496,,,,,,,,,,,,,100.0,
plot_curve,19.578595317725753,0.5154712896038787,0.2586179107595407,0.23910543627691316,,,,,,,,,,,,,100.0,
plot_curve,19.638795986622075,0.5190758170209473,0.2605761593806213,0.23922726591195775,,,,,,,,,,,,,100.0,
plot_curve,19.698996655518396,0.5227090218486214,0.2625512978092336,0.23934144240455185,,,,,,,,,,,,,100.0,
plot_curve,19.759197324414718,0.5263710355524317,0.2645434051214316,0.23944790663515853,,,,,,,,,,,,,100.0,
plot_curve,19.819397993311036,0.5300619895979072,0.2665525603932688,0.23954659948424095,,,,,,,,,,,,,100.0,
plot_curve,19.879598662207357,0.5337820154505782,0.26857884270079974,0.2396374618322621,,,,,,,,,,,,,100.0,
plot_curve,19.93979933110368,0.5375312445759743,0.27062233112007783,0.2397204345596851,,,,,,,,,,,,,100.0,
plot_curve,20.0,0.5413098084396257,0.2726831047271572,0.2397954585469731,,,,,,,,,,,,,100.0,
plot_curve,2.0,0.14287867556596887,0.08383173204952052,0.11812076986080595,,,,,,,,,,,,,90.0,
plot_curve,2.060200668896321,0.14305808618413376,0.08381731334313086,0.11837702197721271,,,,,,,,,,,,,90.0,
plot_curve,2.120401337792642,0.14324162870418497,0.08380550936135527,0.118628142845839,,,,,,,,,,,,,90.0,
plot_curve,2.180602006688963,0.14342933264291896,0.08379633233468155,0.11887420519840099,,,,,,,,,,,,,90.0,
plot_curve,2.240802675585284,0.14362122751713216,0.0837897944935975,0.11911528176661484,,,,,,,,,,,,,90.0,
plot_curve,2.3010033444816056,0.14381734284362105,0.08378590806859093,0.11935144528219674,,,,,,,,,,,,,90.0,
plot_curve,2.361204013377926,0.1440177081391821,0.08378468529014965,0.11958276847686286,,,,,,,,,,,,,90.0,
plot_curve,2.4214046822742477,0.14422235292061178,0.08378613838876148,0.11980932408232936,,,,,,,,,,,,,90.0,
plot_curve,2.4816053511705687,0.14443130670470655,0.0837902795949142,0.12003118483031242,,,,,,,,,,,,,90.0,
plot_curve,2.5418060200668897,0.14464459900826288,0.08379712113909564,0.1202484234525282,,,,,,,,,,,,,90.0,
plot_curve,2.6020066889632107,0.14486225934807723,0.08380667525179361,0.1204611126806929,,,,,,,,,,,,,90.0,
plot_curve,2.6622073578595318,0.14508431724094603,0.0838189541634959,0.12066932524652267,,,,,,,,,,,,,90.0,
plot_curve,2.722408026755853,0.1453108022036658,0.08383397010469033,0.1208731338817337,,,,,,,,,,,,,90.0,
plot_curve,2.782608695652174,0.14554174375303297,0.08385173530586472,0.12107261131804213,,,,,,,,,,,,,90.0,
plot_curve,2.842809364548495,0.145777171405844,0.08387226199750686,0.12126783028716416,,,,,,,,,,,,,90.0,
plot_curve,2.903010033444816,0.1460171146788954,0.08389556241010455,0.12145886352081595,,,,,,,,,,,,,90.0,
plot_curve,2.9632107023411374,0.1462616030889836,0.08392164877414562,0.12164578375071367,,,,,,,,,,,,,90.0,
plot_curve,3.023411371237458,0.14651066615290503,0.08395053332011787,0.1218286637085735,,,,,,,,,,,,,90.0,
plot_curve,3.0836120401337794,0.1467643333874562,0.08398222827850911,0.12200757612611161,,,,,,,,,,,,,90.0,
plot_curve,3.1438127090301005,0.14702263430943358,0.08401674587980715,0.12218259373504417,,,,,,,,,,,,,90.0,
plot_curve,3.2040133779264215,0.14728559843563363,0.08405409835449978,0.12235378926708734,,,,,,,,,,,,,90.0,
plot_curve,3.2642140468227425,0.1475532552828528,0.08409429793307484,0.12252123545395732,,,,,,,,,,,,,90.0,
plot_curve,3.3244147157190636,0.14782563436788754,0.0841373568460201,0.12268500502737026,,,,,,,,,,,,,90.0,
plot_curve,3.3846153846153846,0.14810276520753432,0.0841832873238234,0.12284517071904234,,,,,,,,,,,,,90.0,
plot_curve,3.4448160535117056,0.14838467731858965,0.08423210159697253,0.12300180526068974,,,,,,,,,,,,,90.0,
plot_curve,3.505016722408027,0.14867140021784994,0.08428381189595531,0.1231549813840286,,,,,,,,,,,,,90.0,
plot_curve,3.5652173913043477,0.14896296342211168,0.08433843045125954,0.12330477182077512,,,,,,,,,,,,,90.0,
plot_curve,3.625418060200669,0.14925939644817135,0.08439596949337302,0.12345124930264548,,,,,,,,,,,,,90.0,
plot_curve,3.6856187290969897,0.14956072881282537,0.08445644125278358,0.12359448656135583,,,,,,,,,,,,,90.0,
plot_curve,3.745819397993311,0.14986699003287024,0.08451985795997902,0.12373455632862233,,,,,,,,,,,,,90.0,
plot_curve,3.8060200668896322,0.1501782096251024,0.08458623184544714,0.12387153133616119,,,,,,,,,,,,,90.0,
plot_curve,3.8662207357859533,0.15049441710631833,0.08465557513967574,0.12400548431568856,,,,,,,,,,,,,90.0,
plot_curve,3.9264214046822743,0.1508156419933145,0.08472790007315266,0.12413648799892062,,,,,,,,,,,,,90.0,
plot_curve,3.9866220735785953,0.15114191380288736,0.08480321887636567,0.12426461511757353,,,,,,,,,,,,,90.0,
plot_curve,4.046822742474916,0.15147326205183337,0.08488154377980262,0.12438993840336347,,,,,,,,,,,,,90.0,
plot_curve,4.107023411371237,0.151809716256949,0.08496288701395127,0.12451253058800663,,,,,,,,,,,,,90.0,
plot_curve,4.167224080267559,0.15215130593503076,0.08504726080929947,0.12463246440321914,,,,,,,,,,,,,90.0,
plot_curve,4.2274247491638794,0.15249806060287502,0.085134677396335,0.12474981258071718,,,,,,,,,,,,,90.0,
plot_curve,4.287625418060201,0.15285000977727833,0.08522514900554569,0.12486464785221697,,,,,,,,,,,,,90.0,
plot_curve,4.3478260869565215,0.1532071829750371,0.08531868786741932,0.12497704294943462,,,,,,,,,,,,,90.0,
plot_curve,4.408026755852843,0.15356960971294784,0.08541530621244374,0.12508707060408636,,,,,,,,,,,,,90.0,
plot_curve,4.4682274247491645,0.15393731950780698,0.08551501627110672,0.1251948035478883,,,,,,,,,,,,,90.0,
plot_curve,4.528428093645485,0.154310341876411,0.08561783027389608,0.1253003145125567,,,,,,,,,,,,,90.0,
plot_curve,4.588628762541806,0.15468870633555634,0.08572376045129963,0.1254036762298076,,,,,,,,,,,,,90.0,
plot_curve,4.648829431438127,0.1550724424020395,0.08583281903380517,0.1255049614313573,,,,,,,,,,,,,90.0,
plot_curve,4.709030100334449,0.1554615795926569,0.08594501825190053,0.1256042428489219,,,,,,,,,,,,,90.0,
plot_curve,4.769230769230769,0.15585614742420506,0.0860603703360735,0.1257015932142176,,,,,,,,,,,,,90.0,
plot_curve,4.82943143812709,0.1562561754134804,0.08617888751681188,0.12579708525896055,,,,,,,,,,,,,90.0,
plot_curve,4.889632107023411,0.15666169307727942,0.0863005820246035,0.12589079171486695,,,,,,,,,,,,,90.0,
plot_curve,4.949832775919733,0.15707272993239854,0.08642546608993616,0.12598278531365298,,,,,,,,,,,,,90.0,
plot_curve,5.010033444816054,0.15748931549563427,0.08655355194329767,0.12607313878703474,,,,,,,,,,,,,90.0,
plot_curve,5.070234113712375,0.15791147928378302,0.08668485181517582,0.1261619248667285,,,,,,,,,,,,,90.0,
plot_curve,5.130434782608695,0.1583392508136413,0.08681937793605844,0.12624921628445035,,,,,,,,,,,,,90.0,
plot_curve,5.190635451505017,0.1587726596020056,0.08695714253643333,0.1263350857719165,,,,,,,,,,,,,90.0,
plot_curve,5.250836120401338,0.1592117351656723,0.0870981578467883,0.12641960606084313,,,,,,,,,,,,,90.0,
plot_curve,5.311036789297659,0.15965650702143794,0.08724243609761116,0.12650284988294638,,,,,,,,,,,,,90.0,
plot_curve,5.3712374581939795,0.16010700468609892,0.08738998951938971,0.12658488996994244,,,,,,,,,,,,,90.0,
plot_curve,5.431438127090301,0.16056325767645177,0.08754083034261176,0.12666579905354752,,,,,,,,,,,,,90.0,
plot_curve,5.491638795986622,0.1610252955092929,0.08769497079776513,0.1267456498654777,,,,,,,,,,,,,90.0,
plot_curve,5.551839464882944,0.16149314770141882,0.08785242311533761,0.12682451513744925,,,,,,,,,,,,,90.0,
plot_curve,5.6120401337792645,0.16196684376962595,0.08801319952581702,0.1269024676011783,,,,,,,,,,,,,90.0,
plot_curve,5.672240802675585,0.1624464132307108,0.08817731225969115,0.126979579988381,,,,,,,,,,,,,90.0,
plot_curve,5.7324414715719065,0.1629318856014698,0.08834477354744785,0.12705592503077354,,,,,,,,,,,,,90.0,
plot_curve,5.792642140468228,0.1634232903986994,0.08851559561957488,0.12713157546007212,,,,,,,,,,,,,90.0,
plot_curve,5.852842809364549,0.16392065713919612,0.08868979070656008,0.12720660400799286,,,,,,,,,,,,,90.0,
plot_curve,5.913043478260869,0.16442401533975637,0.08886737103889124,0.12728108340625197,,,,,,,,,,,,,90.0,
plot_curve,5.973244147157191,0.16493339451717665,0.08904834884705619,0.1273550863865656,,,,,,,,,,,,,90.0,
plot_curve,6.033444816053512,0.1654488241882534,0.0892327363615427,0.12742868568064994,,,,,,,,,,,,,90.0,
plot_curve,6.093645484949833,0.1659703338697831,0.08942054581283862,0.12750195402022116,,,,,,,,,,,,,90.0,
plot_curve,6.153846153846154,0.16649795307856224,0.08961178943143173,0.1275749641369954,,,,,,,,,,,,,90.0,
plot_curve,6.214046822742475,0.16703171133138722,0.08980647944780985,0.12764778876268887,,,,,,,,,,,,,90.0,
plot_curve,6.274247491638796,0.16757163814505455,0.09000462809246079,0.12772050062901774,,,,,,,,,,,,,90.0,
plot_curve,6.334448160535117,0.1681177630363607,0.09020624759587235,0.12779317246769817,,,,,,,,,,,,,90.0,
plot_curve,6.394648829431438,0.1686701155221021,0.09041135018853234,0.12786587701044633,,,,,,,,,,,,,90.0,
plot_curve,6.454849498327759,0.16922872511907522,0.09061994810092858,0.1279386869889784,,,,,,,,,,,,,90.0,
plot_curve,6.51505016722408,0.16979362134407655,0.09083205356354887,0.12801167513501055,,,,,,,,,,,,,90.0,
plot_curve,6.575250836120402,0.17036483371390254,0.091047678806881,0.12808491418025894,,,,,,,,,,,,,90.0,
plot_curve,6.635451505016722,0.17094239174534964,0.0912668360614128,0.12815847685643977,,,,,,,,,,,,,90.0,
plot_curve,6.695652173913044,0.17152632495521436,0.09148953755763208,0.12823243589526917,,,,,,,,,,,,,90.0,
plot_curve,6.7558528428093645,0.1721166628602931,0.09171579552602663,0.12830686402846334,,,,,,,,,,,,,90.0,
plot_curve,6.816053511705686,0.1727134349773824,0.09194562219708427,0.12838183398773845,,,,,,,,,,,,,90.0,
plot_curve,6.8762541806020065,0.17331667082327862,0.0921790298012928,0.12845741850481066,,,,,,,,,,,,,90.0,
plot_curve,6.936454849498328,0.17392639991477835,0.09241603056914006,0.12853369031139616,,,,,,,,,,,,,90.0,
plot_curve,6.996655518394649,0.17454265176867795,0.09265663673111381,0.12861072213921113,,,,,,,,,,,,,90.0,
plot_curve,7.05685618729097,0.17516545590177393,0.0929008605177019,0.1286885867199717,,,,,,,,,,,,,90.0,
plot_curve,7.117056856187291,0.17579484183086275,0.0931487141593921,0.12876735678539405,,,,,,,,,,,,,90.0,
plot_curve,7.177257525083612,0.17643083907274087,0.09340020988667225,0.1288471050671944,,,,,,,,,,,,,90.0,
plot_curve,7.237458193979934,0.1770734771442048,0.09365535993003013,0.1289279042970889,,,,,,,,,,,,,90.0,
plot_curve,7.297658862876254,0.1777227855620509,0.09391417651995357,0.1290098272067937,,,,,,,,,,,,,90.0,
plot_curve,7.357859531772576,0.17837879384307573,0.09417667188693038,0.12909294652802497,,,,,,,,,,,,,90.0,
plot_curve,7.418060200668896,0.1790415315040757,0.09444285826144835,0.1291773349924989,,,,,,,,,,,,,90.0,
plot_curve,7.478260869565218,0.17971102806184733,0.0947127478739953,0.12926306533193166,,,,,,,,,,,,,90.0,
plot_curve,7.538461538461538,0.18038731303318703,0.09498635295505903,0.12935021027803942,,,,,,,,,,,,,90.0,
plot_curve,7.59866220735786,0.18107041593489126,0.09526368573512736,0.12943884256253835,,,,,,,,,,,,,90.0,
plot_curve,7.65886287625418,0.18176036628375652,0.0955447584446881,0.12952903491714463,,,,,,,,,,,,,90.0,
plot_curve,7.719063545150502,0.1824571935965793,0.09582958331422904,0.12962086007357443,,,,,,,,,,,,,90.0,
plot_curve,7.7792642140468224,0.183160927390156,0.09611817257423799,0.1297143907635439,,,,,,,,,,,,,90.0,
plot_curve,7.839464882943144,0.1838715971812831,0.09641053845520278,0.12980969971876924,,,,,,,,,,,,,90.0,
plot_curve,7.899665551839465,0.1845892324867571,0.0967066931876112,0.1299068596709666,,,,,,,,,,,,,90.0,
plot_curve,7.959866220735786,0.18531386282337442,0.09700664900195105,0.13000594335185217,,,,,,,,,,,,,90.0,
plot_curve,8.020066889632108,0.18604551770793154,0.09731041812871018,0.13010702349314213,,,,,,,,,,,,,90.0,
plot_curve,8.080267558528428,0.18678422665722494,0.09761801279837634,0.13021017282655262,,,,,,,,,,,,,90.0,
plot_curve,8.14046822742475,0.18753001918805107,0.09792944524143737,0.13031546408379985,,,,,,,,,,,,,90.0,
plot_curve,8.20066889632107,0.18828292481720638,0.09824472768838108,0.13042296999659994,,,,,,,,,,,,,90.0,
plot_curve,8.26086956521739,0.18904297306148735,0.09856387236969527,0.1305327632966691,,,,,,,,,,,,,90.0,
plot_curve,8.321070234113712,0.18981019343769046,0.09888689151586776,0.13064491671572354,,,,,,,,,,,,,90.0,
plot_curve,8.381270903010034,0.19058461546261218,0.09921379735738634,0.13075950298547934,,,,,,,,,,,,,90.0,
plot_curve,8.441471571906355,0.19136626865304893,0.09954460212473883,0.13087659483765274,,,,,,,,,,,,,90.0,
plot_curve,8.501672240802677,0.1921551825257972,0.09987931804841303,0.13099626500395986,,,,,,,,,,,,,90.0,
plot_curve,8.561872909698998,0.19295138659765346,0.10021795735889676,0.13111858621611694,,,,,,,,,,,,,90.0,
plot_curve,8.622073578595318,0.19375491038541415,0.1005605322866778,0.1312436312058401,,,,,,,,,,,,,90.0,
plot_curve,8.68227424749164,0.19456578340587577,0.10090705506224401,0.1313714727048455,,,,,,,,,,,,,90.0,
plot_curve,8.742474916387959,0.19538403517583472,0.10125753791608313,0.13150218344484937,,,,,,,,,,,,,90.0,
plot_curve,8.80267558528428,0.19620969521208756,0.10161199307868304,0.13163583615756783,,,,,,,,,,,,,90.0,
plot_curve,8.862876254180602,0.19704279303143069,0.1019704327805315,0.1317725035747171,,,,,,,,,,,,,90.0,
plot_curve,8.923076923076923,0.1978833581506606,0.10233286925211633,0.1319122584280133,,,,,,,,,,,,,90.0,
plot_curve,8.983277591973245,0.19873142008657374,0.10269931472392535,0.13205517344917264,,,,,,,,,,,,,90.0,
plot_curve,9.043478260869566,0.19958700835596657,0.10306978142644635,0.13220132136991125,,,,,,,,,,,,,90.0,
plot_curve,9.103678929765888,0.20045015247563555,0.10344428159016715,0.13235077492194536,,,,,,,,,,,,,90.0,
plot_curve,9.163879598662207,0.20132088196237716,0.10382282744557554,0.13250360683699108,,,,,,,,,,,,,90.0,
plot_curve,9.224080267558529,0.20219922633298787,0.10420543122315935,0.13265988984676466,,,,,,,,,,,,,90.0,
plot_curve,9.284280936454849,0.20308521510426408,0.10459210515340638,0.13281969668298219,,,,,,,,,,,,,90.0,
plot_curve,9.34448160535117,0.20397887779300236,0.10498286146680444,0.1329831000773599,,,,,,,,,,,,,90.0,
plot_curve,9.404682274247492,0.20488024391599913,0.10537771239384133,0.13315017276161392,,,,,,,,,,,,,90.0,
plot_curve,9.464882943143813,0.20578934299005086,0.10577667016500487,0.13332098746746046,,,,,,,,,,,,,90.0,
plot_curve,9.525083612040135,0.20670620453195396,0.10617974701078287,0.13349561692661566,,,,,,,,,,,,,90.0,
plot_curve,9.585284280936456,0.20763085805850495,0.10658695516166311,0.13367413387079569,,,,,,,,,,,,,90.0,
plot_curve,9.645484949832776,0.20856333308650027,0.10699830684813343,0.13385661103171675,,,,,,,,,,,,,90.0,
plot_curve,9.705685618729097,0.2095036591327364,0.10741381430068163,0.134043121141095,,,,,,,,,,,,,90.0,
plot_curve,9.765886287625419,0.2104518657140098,0.10783348974979551,0.1342337369306466,,,,,,,,,,,,,90.0,
plot_curve,9.826086956521738,0.21140798234711694,0.10825734542596287,0.13442853113208775,,,,,,,,,,,,,90.0,
plot_curve,9.88628762541806,0.21237203854885425,0.10868539355967155,0.1346275764771346,,,,,,,,,,,,,90.0,
plot_curve,9.946488294314381,0.21334406383601826,0.10911764638140933,0.13483094569750334,,,,,,,,,,,,,90.0,
plot_curve,10.006688963210703,0.2143240877254054,0.10955411612166403,0.1350387115249101,,,,,,,,,,,,,90.0,
plot_curve,10.066889632107024,0.2153121397338121,0.10999481501092345,0.1352509466910711,,,,,,,,,,,,,90.0,
plot_curve,10.127090301003344,0.21630824937803483,0.11043975527967541,0.13546772392770248,,,,,,,,,,,,,90.0,
plot_curve,10.187290969899665,0.2173124461748701,0.1108889491584077,0.13568911596652045,,,,,,,,,,,,,90.0,
plot_curve,10.247491638795987,0.2183247596411144,0.11134240887760816,0.1359151955392411,,,,,,,,,,,,,90.0,
plot_curve,10.307692307692308,0.21934521929356413,0.11180014666776456,0.13614603537758072,,,,,,,,,,,,,90.0,
plot_curve,10.36789297658863,0.22037385464901577,0.11226217475936473,0.13638170821325538,,,,,,,,,,,,,90.0,
plot_curve,10.42809364548495,0.2214106952242657,0.11272850538289647,0.1366222867779813,,,,,,,,,,,,,90.0,
plot_curve,10.488294314381271,0.22245577053611057,0.1131991507688476,0.13686784380347466,,,,,,,,,,,,,90.0,
plot_curve,10.548494983277592,0.22350911010134672,0.11367412314770592,0.13711845202145162,,,,,,,,,,,,,90.0,
plot_curve,10.608695652173914,0.22457074343677064,0.11415343474995923,0.13737418416362832,,,,,,,,,,,,,90.0,
plot_curve,10.668896321070234,0.22564070005917874,0.11463709780609534,0.13763511296172098,,,,,,,,,,,,,90.0,
plot_curve,10.729096989966555,0.2267190094853676,0.11512512454660206,0.13790131114744572,,,,,,,,,,,,,90.0,
plot_curve,10.789297658862877,0.2278057012321336,0.11561752720196722,0.13817285145251876,,,,,,,,,,,,,90.0,
plot_curve,10.849498327759198,0.22890080481627323,0.1161143180026786,0.13844980660865627,,,,,,,,,,,,,90.0,
plot_curve,10.909698996655518,0.23000434975458295,0.11661550917922402,0.1387322493475744,,,,,,,,,,,,,90.0,
plot_curve,10.96989966555184,0.23111636556385923,0.1171211129620913,0.1390202524009893,,,,,,,,,,,,,90.0,
plot_curve,11.03010033444816,0.23223688176089852,0.11763114158176821,0.1393138885006172,,,,,,,,,,,,,90.0,
plot_curve,11.090301003344482,0.2333659278624973,0.1181456072687426,0.13961323037817427,,,,,,,,,,,,,90.0,
plot_curve,11.150501672240804,0.23450353338545205,0.11866452225350226,0.13991835076537662,,,,,,,,,,,,,90.0,
plot_curve,11.210702341137123,0.23564972784655913,0.11918789876653497,0.14022932239394045,,,,,,,,,,,,,90.0,
plot_curve,11.270903010033445,0.23680454076261515,0.1197157490383286,0.14054621799558195,,,,,,,,,,,,,90.0,
plot_curve,11.331103678929766,0.23796800165041654,0.12024808529937092,0.1408691103020173,,,,,,,,,,,,,90.0,
plot_curve,11.391304347826088,0.23914014002675965,0.12078491978014974,0.14119807204496262,,,,,,,,,,,,,90.0,
plot_curve,11.451505016722408,0.24032098540844107,0.12132626471115285,0.14153317595613413,,,,,,,,,,,,,90.0,
plot_curve,11.511705685618729,0.24151056731225723,0.1218721323228681,0.14187449476724798,,,,,,,,,,,,,90.0,
plot_curve,11.57190635451505,0.2427089152550046,0.12242253484578328,0.14222210121002035,,,,,,,,,,,,,90.0,
plot_curve,11.632107023411372,0.2439160587534796,0.12297748451038618,0.1425760680161674,,,,,,,,,,,,,90.0,
plot_curve,11.692307692307693,0.24513202732447875,0.12353699354716463,0.14293646791740533,,,,,,,,,,,,,90.0,
plot_curve,11.752508361204013,0.2463568504847985,0.12410107418660643,0.1433033736454503,,,,,,,,,,,,,90.0,
plot_curve,11.812709030100335,0.24759055775123529,0.12466973865919939,0.14367685793201845,,,,,,,,,,,,,90.0,
plot_curve,11.872909698996656,0.24883317864058557,0.12524299919543133,0.144056993508826,,,,,,,,,,,,,90.0,
plot_curve,11.933110367892978,0.25008474266964587,0.12582086802579004,0.1444438531075891,,,,,,,,,,,,,90.0,
plot_curve,11.993311036789297,0.25134527935521256,0.1264033573807633,0.14483750946002388,,,,,,,,,,,,,90.0,
plot_curve,12.053511705685619,0.25261481821408227,0.126990479490839,0.1452380352978466,,,,,,,,,,,,,90.0,
plot_curve,12.11371237458194,0.2538933887630513,0.12758224658650488,0.14564550335277338,,,,,,,,,,,,,90.0,
plot_curve,12.173913043478262,0.2551810205189161,0.12817867089824878,0.14605998635652037,,,,,,,,,,,,,90.0,
plot_curve,12.234113712374581,0.25647774299847326,0.12877976465655847,0.1464815570408038,,,,,,,,,,,,,90.0,
plot_curve,12.294314381270903,0.2577835857185192,0.1293855400919218,0.14691028813733978,,,,,,,,,,,,,90.0,
plot_curve,12.354515050167224,0.2590985781958504,0.12999600943482653,0.14734625237784454,,,,,,,,,,,,,90.0,
plot_curve,12.414715719063546,0.26042274994726333,0.13061118491576057,0.1477895224940342,,,,,,,,,,,,,90.0,
plot_curve,12.474916387959867,0.2617561304895543,0.13123107876521162,0.14824017121762498,,,,,,,,,,,,,90.0,
plot_curve,12.535117056856187,0.26309874933951993,0.1318557032136675,0.14869827128033303,,,,,,,,,,,,,90.0,
plot_curve,12.595317725752508,0.2644506360139567,0.13248507049161606,0.14916389541387448,,,,,,,,,,,,,90.0,
plot_curve,12.65551839464883,0.26581182002966103,0.1331191928295451,0.14963711634996557,,,,,,,,,,,,,90.0,
plot_curve,12.715719063545151,0.26718233090342935,0.13375808245794243,0.15011800682032247,,,,,,,,,,,,,90.0,
plot_curve,12.775919732441471,0.2685621981520581,0.13440175160729584,0.1506066395566613,,,,,,,,,,,,,90.0,
plot_curve,12.836120401337793,0.2699514512923439,0.13505021250809313,0.15110308729069824,,,,,,,,,,,,,90.0,
plot_curve,12.896321070234114,0.27135011984108304,0.13570347739082214,0.1516074227541495,,,,,,,,,,,,,90.0,
plot_curve,12.956521739130435,0.2727582333150721,0.13636155848597067,0.15211971867873125,,,,,,,,,,,,,90.0,
plot_curve,13.016722408026757,0.2741758212311075,0.1370244680240265,0.15264004779615964,,,,,,,,,,,,,90.0,
plot_curve,13.076923076923077,0.27560291310598567,0.13769221823547748,0.15316848283815082,,,,,,,,,,,,,90.0,
plot_curve,13.137123745819398,0.27703953845650314,0.1383648213508114,0.153705096536421,,,,,,,,,,,,,90.0,
plot_curve,13.19732441471572,0.2784857267994563,0.13904228960051607,0.15424996162268634,,,,,,,,,,,,,90.0,
plot_curve,13.257525083612041,0.2799415076516417,0.13972463521507927,0.15480315082866303,,,,,,,,,,,,,90.0,
plot_curve,13.31772575250836,0.2814069105298558,0.14041187042498882,0.15536473688606717,,,,,,,,,,,,,90.0,
plot_curve,13.377926421404682,0.2828819649508949,0.14110400746073257,0.15593479252661505,,,,,,,,,,,,,90.0,
plot_curve,13.438127090301004,0.2843667004315557,0.1418010585527983,0.15651339048202273,,,,,,,,,,,,,90.0,
plot_curve,13.498327759197325,0.28586114648863453,0.1425030359316738,0.15710060348400645,,,,,,,,,,,,,90.0,
plot_curve,13.558528428093645,0.2873653326389279,0.14320995182784688,0.15769650426428236,,,,,,,,,,,,,90.0,
plot_curve,13.618729096989966,0.28887928839923216,0.14392181847180538,0.15830116555456664,,,,,,,,,,,,,90.0,
plot_curve,13.678929765886288,0.290403043286344,0.1446386480940371,0.15891466008657543,,,,,,,,,,,,,90.0,
plot_curve,13.73913043478261,0.2919366268170597,0.1453604529250298,0.15953706059202497,,,,,,,,,,,,,90.0,
plot_curve,13.79933110367893,0.29348006850817576,0.1460872451952714,0.16016843980263135,,,,,,,,,,,,,90.0,
plot_curve,13.85953177257525,0.29503339787648863,0.14681903713524955,0.16080887045011077,,,,,,,,,,,,,90.0,
plot_curve,13.919732441471572,0.29659664443879485,0.14755584097545216,0.16145842526617948,,,,,,,,,,,,,90.0,
plot_curve,13.979933110367893,0.2981698377118908,0.14829766894636706,0.1621171769825535,,,,,,,,,,,,,90.0,
plot_curve,14.040133779264215,0.29975300721257303,0.149044533278482,0.16278519833094915,,,,,,,,,,,,,90.0,
plot_curve,14.100334448160535,0.3013461824576379,0.14979644620228477,0.16346256204308252,,,,,,,,,,,,,90.0,
plot_curve,14.160535117056856,0.302949392963882,0.15055341994826327,0.1641493408506698,,,,,,,,,,,,,90.0,
plot_curve,14.220735785953178,0.30456266824810174,0.15131546674690524,0.16484560748542715,,,,,,,,,,,,,90.0,
plot_curve,14.280936454849499,0.3061860378270935,0.15208259882869848,0.16555143467907077,,,,,,,,,,,,,90.0,
plot_curve,14.34113712374582,0.30781953121765393,0.15285482842413084,0.1662668951633168,,,,,,,,,,,,,90.0,
plot_curve,14.40133779264214,0.3094631779365792,0.1536321677636901,0.16699206166988145,,,,,,,,,,,,,90.0,
plot_curve,14.461538461538462,0.31111700750066607,0.15441462907786405,0.16772700693048084,,,,,,,,,,,,,90.0,
plot_curve,14.521739130434783,0.3127810494267109,0.15520222459714056,0.16847180367683118,,,,,,,,,,,,,90.0,
plot_curve,14.581939799331105,0.3144553332315101,0.15599496655200737,0.16922652464064866,,,,,,,,,,,,,90.0,
plot_curve,14.642140468227424,0.31613988843186014,0.15679286717295232,0.1699912425536494,,,,,,,,,,,,,90.0,
plot_curve,14.702341137123746,0.3178347445445576,0.15759593869046323,0.1707660301475496,,,,,,,,,,,,,90.0,
plot_curve,14.762541806020067,0.31953993108639883,0.15840419333502792,0.17155096015406546,,,,,,,,,,,,,90.0,
plot_curve,14.822742474916389,0.3212554775741804,0.15921764333713415,0.17234610530491307,,,,,,,,,,,,,90.0,
plot_curve,14.88294314381271,0.3229814135246986,0.16003630092726973,0.17315153833180869,,,,,,,,,,,,,90.0,
plot_curve,14.94314381270903,0.32471776845475,0.16086017833592253,0.17396733196646844,,,,,,,,,,,,,90.0,
plot_curve,15.003344481605351,0.3264645718811311,0.16168928779358027,0.1747935589406085,,,,,,,,,,,,,90.0,
plot_curve,15.063545150501673,0.32822185332063836,0.16252364153073084,0.17563029198594504,,,,,,,,,,,,,90.0,
plot_curve,15.123745819397994,0.3299896422900682,0.16336325177786204,0.1764776038341943,,,,,,,,,,,,,90.0,
plot_curve,15.183946488294314,0.331767968306217,0.1642081307654616,0.17733556721707233,,,,,,,,,,,,,90.0,
plot_curve,15.244147157190636,0.33355686088588143,0.1650582907240174,0.1782042548662954,,,,,,,,,,,,,90.0,
plot_curve,15.304347826086957,0.3353563495458578,0.1659137438840172,0.17908373951357964,,,,,,,,,,,,,90.0,
plot_curve,15.364548494983278,0.33716646380294263,0.1667745024759489,0.1799740938906412,,,,,,,,,,,,,90.0,
plot_curve,15.424749163879598,0.3389872331739323,0.1676405787303002,0.1808753907291963,,,,,,,,,,,,,90.0,
plot_curve,15.48494983277592,0.34081868717562347,0.16851198487755895,0.18178770276096112,,,,,,,,,,,,,90.0,
plot_curve,15.545150501672241,0.34266085532481244,0.16938873314821296,0.18271110271765176,,,,,,,,,,,,,90.0,
plot_curve,15.605351170568563,0.34451376713829573,0.17027083577275004,0.18364566333098448,,,,,,,,,,,,,90.0,
plot_curve,15.665551839464884,0.34637745213286975,0.17115830498165804,0.1845914573326754,,,,,,,,,,,,,90.0,
plot_curve,15.725752508361204,0.348251939825331,0.17205115300542467,0.18554855745444065,,,,,,,,,,,,,90.0,
plot_curve,15.785953177257525,0.35013725973247595,0.1729493920745378,0.1865170364279965,,,,,,,,,,,,,90.0,
plot_curve,15.846153846153847,0.3520334413711011,0.17385303441948524,0.18749696698505908,,,,,,,,,,,,,90.0,
plot_curve,15.906354515050168,0.3539405142580029,0.17476209227075482,0.18848842185734452,,,,,,,,,,,,,90.0,
plot_curve,15.966555183946488,0.3558585079099777,0.17567657785883428,0.18949147377656905,,,,,,,,,,,,,90.0,
plot_curve,16.02675585284281,0.35778745184382216,0.1765965034142115,0.19050619547444883,,,,,,,,,,,,,90.0,
plot_curve,16.086956521739133,0.35972737557633255,0.17752188116737422,0.1915326596827,,,,,,,,,,,,,90.0,
plot_curve,16.147157190635454,0.3616783086243055,0.1784527233488103,0.1925709391330388,,,,,,,,,,,,,90.0,
plot_curve,16.207357859531776,0.3636402805045374,0.17938904218900753,0.1936211065571813,,,,,,,,,,,,,90.0,
plot_curve,16.267558528428093,0.3656133207338245,0.18033084991845366,0.19468323468684368,,,,,,,,,,,,,90.0,
plot_curve,16.327759197324415,0.36759745882896366,0.1812781587676366,0.19575739625374222,,,,,,,,,,,,,90.0,
plot_curve,16.387959866220736,0.3695927243067512,0.1822309809670441,0.19684366398959305,,,,,,,,,,,,,90.0,
plot_curve,16.448160535117058,0.37159914668398353,0.18318932874716398,0.19794211062611233,,,,,,,,,,,,,90.0,
plot_curve,16.508361204013376,0.373616755477457,0.18415321433848403,0.19905280889501611,,,,,,,,,,,,,90.0,
plot_curve,16.568561872909697,0.3756455802039683,0.18512264997149214,0.20017583152802076,,,,,,,,,,,,,90.0,
plot_curve,16.62876254180602,0.37768565038031376,0.18609764787667601,0.2013112512568424,,,,,,,,,,,,,90.0,
plot_curve,16.68896321070234,0.37973699552329,0.18707822028452353,0.20245914081319716,,,,,,,,,,,,,90.0,
plot_curve,16.74916387959866,0.38179964514969333,0.18806437942552245,0.2036195729288012,,,,,,,,,,,,,90.0,
plot_curve,16.809364548494983,0.3838736287763202,0.18905613753016065,0.20479262033537077,,,,,,,,,,,,,90.0,
plot_curve,16.869565217391305,0.3859589759199671,0.1900535068289258,0.20597835576462192,,,,,,,,,,,,,90.0,
plot_curve,16.929765886287626,0.3880557160974306,0.19105649955230586,0.2071768519482709,,,,,,,,,,,,,90.0,
plot_curve,16.989966555183948,0.39016387882550707,0.19206512793078856,0.2083881816180339,,,,,,,,,,,,,90.0,
plot_curve,17.05016722408027,0.392283493620993,0.19307940419486172,0.20961241750562704,,,,,,,,,,,,,90.0,
plot_curve,17.11036789297659,0.3944145900006848,0.19409934057501316,0.21084963234276652,,,,,,,,,,,,,90.0,
plot_curve,17.170568561872912,0.39655719748137896,0.1951249493017307,0.21209989886116853,,,,,,,,,,,,,90.0,
plot_curve,17.230769230769234,0.398711345579872,0.19615624260550207,0.21336328979254918,,,,,,,,,,,,,90.0,
plot_curve,17.29096989966555,0.4008770638129603,0.19719323271681508,0.21463987786862465,,,,,,,,,,,,,90.0,
plot_curve,17.351170568561873,0.40305438169744034,0.1982359318661577,0.21592973582111116,,,,,,,,,,,,,90.0,
plot_curve,17.411371237458194,0.4052433287501087,0.19928435228401759,0.2172329363817249,,,,,,,,,,,,,90.0,
plot_curve,17.471571906354516,0.4074439344877617,0.20033850620088262,0.218549552282182,,,,,,,,,,,,,90.0,
plot_curve,17.531772575250837,0.40965622842719596,0.20139840584724056,0.21987965625419864,,,,,,,,,,,,,90.0,
plot_curve,17.591973244147155,0.4118802400852076,0.2024640634535792,0.2212233210294909,,,,,,,,,,,,,90.0,
plot_curve,17.652173913043477,0.41411599897859364,0.20353549125038645,0.22258061933977513,,,,,,,,,,,,,90.0,
plot_curve,17.712374581939798,0.4163635346241501,0.20461270146815,0.2239516239167674,,,,,,,,,,,,,90.0,
plot_curve,17.77257525083612,0.4186228765386736,0.20569570633735773,0.2253364074921839,,,,,,,,,,,,,90.0,
plot_curve,17.83277591973244,0.42089405423896054,0.20678451808849746,0.22673504279774076,,,,,,,,,,,,,90.0,
plot_curve,17.892976588628763,0.4231770972418075,0.20787914895205692,0.2281476025651543,,,,,,,,,,,,,90.0,
plot_curve,17.953177257525084,0.4254720350640109,0.20897961115852398,0.2295741595261405,,,,,,,,,,,,,90.0,
plot_curve,18.013377926421406,0.42777889722236706,0.21008591693838646,0.23101478641241563,,,,,,,,,,,,,90.0,
plot_curve,18.073578595317727,0.43009771323367274,0.21119807852213213,0.2324695559556958,,,,,,,,,,,,,90.0,
plot_curve,18.13377926421405,0.43242851261472404,0.21231610814024876,0.23393854088769728,,,,,,,,,,,,,90.0,
plot_curve,18.19397993311037,0.43477132488231773,0.21344001802322426,0.23542181394013617,,,,,,,,,,,,,90.0,
plot_curve,18.254180602006688,0.43712617955324995,0.21456982040154632,0.23691944784472857,,,,,,,,,,,,,90.0,
plot_curve,18.31438127090301,0.4394931061443176,0.21570552750570288,0.23843151533319085,,,,,,,,,,,,,90.0,
plot_curve,18.37458193979933,0.44187213417231674,0.21684715156618162,0.23995808913723904,,,,,,,,,,,,,90.0,
plot_curve,18.434782608695652,0.4442632931540442,0.21799470481347044,0.24149924198858935,,,,,,,,,,,,,90.0,
plot_curve,18.494983277591974,0.44666661260629614,0.21914819947805714,0.243055046618958,,,,,,,,,,,,,90.0,
plot_curve,18.555183946488295,0.44908212204586917,0.2203076477904295,0.24462557576006105,,,,,,,,,,,,,90.0,
plot_curve,18.615384615384617,0.45150985098955976,0.2214730619810753,0.2462109021436148,,,,,,,,,,,,,90.0,
plot_curve,18.67558528428094,0.45394982895416425,0.2226444542804824,0.24781109850133531,,,,,,,,,,,,,90.0,
plot_curve,18.73578595317726,0.4564020854564793,0.2238218369191386,0.24942623756493876,,,,,,,,,,,,,90.0,
plot_curve,18.795986622073578,0.45886665001330096,0.2250052221275316,0.2510563920661413,,,,,,,,,,,,,90.0,
plot_curve,18.8561872909699,0.4613435521414263,0.22619462213614938,0.25270163473665924,,,,,,,,,,,,,90.0,
plot_curve,18.91638795986622,0.46383282135765147,0.22739004917547967,0.25436203830820875,,,,,,,,,,,,,90.0,
plot_curve,18.976588628762542,0.4663344871787728,0.2285915154760103,0.25603767551250584,,,,,,,,,,,,,90.0,
plot_curve,19.036789297658864,0.46884857912158706,0.2297990332682291,0.25772861908126676,,,,,,,,,,,,,90.0,
plot_curve,19.096989966555185,0.4713751267028905,0.23101261478262375,0.25943494174620774,,,,,,,,,,,,,90.0,
plot_curve,19.157190635451506,0.47391415943947957,0.23223227224968218,0.26115671623904485,,,,,,,,,,,,,90.0,
plot_curve,19.217391304347828,0.4764657068481509,0.23345801789989223,0.2628940152914943,,,,,,,,,,,,,90.0,
plot_curve,19.277591973244146,0.4790297984457007,0.23468986396374147,0.26464691163527226,,,,,,,,,,,,,90.0,
plot_curve,19.337792642140467,0.4816064637489258,0.23592782267171797,0.2664154780020949,,,,,,,,,,,,,90.0,
plot_curve,19.39799331103679,0.4841957322746223,0.2371719062543095,0.2681997871236785,,,,,,,,,,,,,90.0,
plot_curve,19.45819397993311,0.4867976335395868,0.23842212694200376,0.2699999117317391,,,,,,,,,,,,,90.0,
plot_curve,19.51839464882943,0.4894121970606159,0.23967849696528865,0.27181592455799286,,,,,,,,,,,,,90.0,
plot_curve,19.578595317725753,0.49203945235450597,0.24094102855465194,0.2736478983341561,,,,,,,,,,,,,90.0,
plot_curve,19.638795986622075,0.4946794289380535,0.24220973394058143,0.2754959057919449,,,,,,,,,,,,,90.0,
plot_curve,19.698996655518396,0.49733215632805483,0.2434846253535649,0.27736001966307533,,,,,,,,,,,,,90.0,
plot_curve,19.759197324414718,0.4999976640413064,0.24476571502409028,0.2792403126792637,,,,,,,,,,,,,90.0,
plot_curve,19.819397993311036,0.5026759815946048,0.24605301518264516,0.281136857572226,,,,,,,,,,,,,90.0,
plot_curve,19.879598662207357,0.5053671385047465,0.24734653805971757,0.2830497270736787,,,,,,,,,,,,,90.0,
plot_curve,19.93979933110368,0.5080711642885279,0.24864629588579523,0.2849789939153379,,,,,,,,,,,,,90.0,
plot_curve,20.0,0.5107880884627456,0.24995230089136594,0.28692473082891956,,,,,,,,,,,,,90.0,
plot_curve,2.0,0.13748957693643102,0.0817340578943508,0.11683080592482767,,,,,,,,,,,,,80.0,
plot_curve,2.060200668896321,0.1376564151800589,0.08187616606750893,0.11676574510197842,,,,,,,,,,,,,80.0,
plot_curve,2.120401337792642,0.13782602649653927,0.08201758460264713,0.11670353825416425,,,,,,,,,,,,,80.0,
plot_curve,2.180602006688963,0.1379984543577492,0.08215835317023754,0.11664417395858807,,,,,,,,,,,,,80.0,
plot_curve,2.240802675585284,0.13817374223556567,0.0822985114407523,0.11658764079245276,,,,,,,,,,,,,80.0,
plot_curve,2.3010033444816056,0.13835193360186562,0.08243809908466354,0.11653392733296121,,,,,,,,,,,,,80.0,
plot_curve,2.361204013377926,0.1385330719285261,0.08257715577244339,0.11648302215731633,,,,,,,,,,,,,80.0,
plot_curve,2.4214046822742477,0.13871720068742405,0.082715721174564,0.116434913842721,,,,,,,,,,,,,80.0,
plot_curve,2.4816053511705687,0.1389043633504365,0.08285383496149748,0.11638959096637813,,,,,,,,,,,,,80.0,
plot_curve,2.5418060200668897,0.13909460338944038,0.08299153680371597,0.11634704210549061,,,,,,,,,,,,,80.0,
plot_curve,2.6020066889632107,0.13928796427631276,0.08312886637169163,0.11630725583726133,,,,,,,,,,,,,80.0,
plot_curve,2.6622073578595318,0.13948448948293057,0.08326586333589657,0.1162702207388932,,,,,,,,,,,,,80.0,
plot_curve,2.722408026755853,0.13968422248117085,0.08340256736680293,0.1162359253875891,,,,,,,,,,,,,80.0,
plot_curve,2.782608695652174,0.13988720674291055,0.08353901813488283,0.11620435836055194,,,,,,,,,,,,,80.0,
plot_curve,2.842809364548495,0.14009348574002667,0.08367525531060843,0.11617550823498461,,,,,,,,,,,,,80.0,
plot_curve,2.903010033444816,0.14030310294439619,0.08381131856445184,0.11614936358809,,,,,,,,,,,,,80.0,
plot_curve,2.9632107023411374,0.14051610182789612,0.08394724756688522,0.11612591299707102,,,,,,,,,,,,,80.0,
plot_curve,3.023411371237458,0.14073252586240342,0.08408308198838067,0.11610514503913055,,,,,,,,,,,,,80.0,
plot_curve,3.0836120401337794,0.14095241851979515,0.08421886149941035,0.11608704829147148,,,,,,,,,,,,,80.0,
plot_curve,3.1438127090301005,0.14117582327194822,0.0843546257704464,0.11607161133129675,,,,,,,,,,,,,80.0,
plot_curve,3.2040133779264215,0.14140278359073966,0.08449041447196093,0.1160588227358092,,,,,,,,,,,,,80.0,
plot_curve,3.2642140468227425,0.14163334294804644,0.08462626727442608,0.11604867108221176,,,,,,,,,,,,,80.0,
plot_curve,3.3244147157190636,0.14186754481574557,0.084762223848314,0.1160411449477073,,,,,,,,,,,,,80.0,
plot_curve,3.3846153846153846,0.14210543266571404,0.0848983238640968,0.11603623290949874,,,,,,,,,,,,,80.0,
plot_curve,3.4448160535117056,0.14234704996982883,0.08503460699224663,0.11603392354478897,,,,,,,,,,,,,80.0,
plot_curve,3.505016722408027,0.14259244019996692,0.08517111290323563,0.1160342054307809,,,,,,,,,,,,,80.0,
plot_curve,3.5652173913043477,0.14284164682800532,0.08530788126753591,0.11603706714467739,,,,,,,,,,,,,80.0,
plot_curve,3.625418060200669,0.143094713325821,0.08544495175561963,0.11604249726368135,,,,,,,,,,,,,80.0,
plot_curve,3.6856187290969897,0.14335168316529098,0.08558236403795891,0.1160504843649957,,,,,,,,,,,,,80.0,
plot_curve,3.745819397993311,0.14361259981829222,0.08572015778502588,0.11606101702582329,,,,,,,,,,,,,80.0,
plot_curve,3.8060200668896322,0.14387750675670172,0.0858583726672927,0.11607408382336706,,,,,,,,,,,,,80.0,
plot_curve,3.8662207357859533,0.1441464474523965,0.08599704835523146,0.11608967333482989,,,,,,,,,,,,,80.0,
plot_curve,3.9264214046822743,0.14441946537725348,0.08613622451931434,0.11610777413741467,,,,,,,,,,,,,80.0,
plot_curve,3.9866220735785953,0.1446966040031497,0.08627594083001344,0.1161283748083243,,,,,,,,,,,,,80.0,
plot_curve,4.046822742474916,0.14497790680196218,0.0864162369578009,0.11615146392476167,,,,,,,,,,,,,80.0,
plot_curve,4.107023411371237,0.14526341724556785,0.08655715257314887,0.11617703006392968,,,,,,,,,,,,,80.0,
plot_curve,4.167224080267559,0.1455531788058437,0.08669872734652949,0.11620506180303124,,,,,,,,,,,,,80.0,
plot_curve,4.2274247491638794,0.14584723495466675,0.08684100094841486,0.11623554771926922,,,,,,,,,,,,,80.0,
plot_curve,4.287625418060201,0.14614562916391402,0.08698401304927714,0.11626847638984654,,,,,,,,,,,,,80.0,
plot_curve,4.3478260869565215,0.14644840490546243,0.08712780331958844,0.11630383639196608,,,,,,,,,,,,,80.0,
plot_curve,4.408026755852843,0.146755605651189,0.08727241142982094,0.11634161630283074,,,,,,,,,,,,,80.0,
plot_curve,4.4682274247491645,0.14706727487297072,0.08741787705044672,0.1163818046996434,,,,,,,,,,,,,80.0,
plot_curve,4.528428093645485,0.1473834560426846,0.08756423985193795,0.116424390159607,,,,,,,,,,,,,80.0,
plot_curve,4.588628762541806,0.1477041926322076,0.08771153950476675,0.1164693612599244,,,,,,,,,,,,,80.0,
plot_curve,4.648829431438127,0.14802952811341674,0.08785981567940526,0.11651670657779849,,,,,,,,,,,,,80.0,
plot_curve,4.709030100334449,0.14835950595818898,0.0880091080463256,0.11656641469043219,,,,,,,,,,,,,80.0,
plot_curve,4.769230769230769,0.14869416963840132,0.08815945627599993,0.11661847417502838,,,,,,,,,,,,,80.0,
plot_curve,4.82943143812709,0.14903356262593073,0.08831090003890035,0.11667287360878996,,,,,,,,,,,,,80.0,
plot_curve,4.889632107023411,0.14937772839265426,0.08846347900549903,0.11672960156891983,,,,,,,,,,,,,80.0,
plot_curve,4.949832775919733,0.14972671041044885,0.08861723284626809,0.1167886466326209,,,,,,,,,,,,,80.0,
plot_curve,5.010033444816054,0.1500805521511915,0.08877220123167964,0.11684999737709602,,,,,,,,,,,,,80.0,
plot_curve,5.070234113712375,0.1504392970867592,0.08892842383220585,0.11691364237954813,,,,,,,,,,,,,80.0,
plot_curve,5.130434782608695,0.15080298868902894,0.08908594031831883,0.1169795702171801,,,,,,,,,,,,,80.0,
plot_curve,5.190635451505017,0.15117167042987772,0.08924479036049074,0.11704776946719485,,,,,,,,,,,,,80.0,
plot_curve,5.250836120401338,0.15154538578118254,0.08940501362919367,0.11711822870679525,,,,,,,,,,,,,80.0,
plot_curve,5.311036789297659,0.15192417821482035,0.0895666497948998,0.11719093651318421,,,,,,,,,,,,,80.0,
plot_curve,5.3712374581939795,0.15230809120266817,0.08972973852808125,0.11726588146356462,,,,,,,,,,,,,80.0,
plot_curve,5.431438127090301,0.15269716821660298,0.08989431949921013,0.11734305213513939,,,,,,,,,,,,,80.0,
plot_curve,5.491638795986622,0.15309145272850178,0.0900604323787586,0.1174224371051114,,,,,,,,,,,,,80.0,
plot_curve,5.551839464882944,0.15349098821024154,0.0902281168371988,0.11750402495068354,,,,,,,,,,,,,80.0,
plot_curve,5.6120401337792645,0.15389581813369926,0.09039741254500283,0.11758780424905872,,,,,,,,,,,,,80.0,
plot_curve,5.672240802675585,0.15430598597075193,0.09056835917264286,0.11767376357743985,,,,,,,,,,,,,80.0,
plot_curve,5.7324414715719065,0.15472153519327655,0.090740996390591,0.11776189151302979,,,,,,,,,,,,,80.0,
plot_curve,5.792642140468228,0.15514250927315013,0.0909153638693194,0.11785217663303146,,,,,,,,,,,,,80.0,
plot_curve,5.852842809364549,0.1555689516822496,0.09109150127930019,0.11794460751464775,,,,,,,,,,,,,80.0,
plot_curve,5.913043478260869,0.15600090589245197,0.09126944829100547,0.11803917273508155,,,,,,,,,,,,,80.0,
plot_curve,5.973244147157191,0.15643841537563427,0.09144924457490744,0.11813586087153577,,,,,,,,,,,,,80.0,
plot_curve,6.033444816053512,0.15688152360367347,0.09163092980147819,0.11823466050121328,,,,,,,,,,,,,80.0,
plot_curve,6.093645484949833,0.15733027404844652,0.09181454364118985,0.11833556020131701,,,,,,,,,,,,,80.0,
plot_curve,6.153846153846154,0.15778471018183046,0.09200012576451458,0.11843854854904984,,,,,,,,,,,,,80.0,
plot_curve,6.214046822742475,0.15824487547570226,0.0921877158419245,0.11854361412161465,,,,,,,,,,,,,80.0,
plot_curve,6.274247491638796,0.15871081340193893,0.09237735354389173,0.11865074549621436,,,,,,,,,,,,,80.0,
plot_curve,6.334448160535117,0.15918256743241743,0.09256907854088844,0.11875993125005187,,,,,,,,,,,,,80.0,
plot_curve,6.394648829431438,0.15966018103901475,0.09276293050338673,0.11887115996033004,,,,,,,,,,,,,80.0,
plot_curve,6.454849498327759,0.16014369769360792,0.09295894910185876,0.11898442020425179,,,,,,,,,,,,,80.0,
plot_curve,6.51505016722408,0.1606331608680739,0.09315717400677664,0.11909970055902001,,,,,,,,,,,,,80.0,
plot_curve,6.575250836120402,0.16112861403428966,0.0933576448886125,0.11921698960183762,,,,,,,,,,,,,80.0,
plot_curve,6.635451505016722,0.16163010066413222,0.09356040141783852,0.11933627590990749,,,,,,,,,,,,,80.0,
plot_curve,6.695652173913044,0.16213766422947856,0.09376548326492679,0.1194575480604325,,,,,,,,,,,,,80.0,
plot_curve,6.7558528428093645,0.1626513482022057,0.09397293010034945,0.11958079463061559,,,,,,,,,,,,,80.0,
plot_curve,6.816053511705686,0.1631711960541906,0.09418278159457864,0.11970600419765962,,,,,,,,,,,,,80.0,
plot_curve,6.8762541806020065,0.16369725125731022,0.0943950774180865,0.1198331653387675,,,,,,,,,,,,,80.0,
plot_curve,6.936454849498328,0.1642295572834416,0.09460985724134516,0.11996226663114214,,,,,,,,,,,,,80.0,
plot_curve,6.996655518394649,0.16476815760446173,0.09482716073482675,0.1200932966519864,,,,,,,,,,,,,80.0,
plot_curve,7.05685618729097,0.16531309569224756,0.0950470275690034,0.12022624397850319,,,,,,,,,,,,,80.0,
plot_curve,7.117056856187291,0.1658644150186761,0.09526949741434727,0.12036109718789542,,,,,,,,,,,,,80.0,
plot_curve,7.177257525083612,0.16642215905562435,0.09549460994133047,0.12049784485736599,,,,,,,,,,,,,80.0,
plot_curve,7.237458193979934,0.16698637127496932,0.09572240482042513,0.12063647556411777,,,,,,,,,,,,,80.0,
plot_curve,7.297658862876254,0.16755709514858794,0.0959529217221034,0.12077697788535367,,,,,,,,,,,,,80.0,
plot_curve,7.357859531772576,0.16813437414835725,0.0961862003168374,0.12091934039827659,,,,,,,,,,,,,80.0,
plot_curve,7.418060200668896,0.1687182517461542,0.09642228027509928,0.12106355168008942,,,,,,,,,,,,,80.0,
plot_curve,7.478260869565218,0.16930877141385584,0.09666120126736115,0.12120960030799506,,,,,,,,,,,,,80.0,
plot_curve,7.538461538461538,0.1699059766233391,0.09690300296409517,0.1213574748591964,,,,,,,,,,,,,80.0,
plot_curve,7.59866220735786,0.17050991084648098,0.09714772503577346,0.12150716391089633,,,,,,,,,,,,,80.0,
plot_curve,7.65886287625418,0.1711206175551585,0.09739540715286815,0.12165865604029776,,,,,,,,,,,,,80.0,
plot_curve,7.719063545150502,0.17173814022124867,0.09764608898585139,0.12181193982460357,,,,,,,,,,,,,80.0,
plot_curve,7.7792642140468224,0.17236252231662838,0.09789981020519531,0.12196700384101668,,,,,,,,,,,,,80.0,
plot_curve,7.839464882943144,0.1729938073131747,0.09815661048137203,0.12212383666673997,,,,,,,,,,,,,80.0,
plot_curve,7.899665551839465,0.17363203868276464,0.09841652948485369,0.12228242687897634,,,,,,,,,,,,,80.0,
plot_curve,7.959866220735786,0.1742772598972751,0.09867960688611244,0.12244276305492867,,,,,,,,,,,,,80.0,
plot_curve,8.020066889632108,0.17492951442858318,0.09894588235562038,0.12260483377179987,,,,,,,,,,,,,80.0,
plot_curve,8.080267558528428,0.17558884574856579,0.09921539556384967,0.12276862760679283,,,,,,,,,,,,,80.0,
plot_curve,8.14046822742475,0.17625529732909995,0.09948818618127245,0.12293413313711046,,,,,,,,,,,,,80.0,
plot_curve,8.20066889632107,0.17692891264206262,0.09976429387836083,0.12310133893995565,,,,,,,,,,,,,80.0,
plot_curve,8.26086956521739,0.17760973515933082,0.10004375832558697,0.12327023359253128,,,,,,,,,,,,,80.0,
plot_curve,8.321070234113712,0.17829780835278153,0.10032661919342299,0.12344080567204027,,,,,,,,,,,,,80.0,
plot_curve,8.381270903010034,0.17899317569429177,0.10061291615234103,0.1236130437556855,,,,,,,,,,,,,80.0,
plot_curve,8.441471571906355,0.1796958806557385,0.1009026888728132,0.12378693642066987,,,,,,,,,,,,,80.0,
plot_curve,8.501672240802677,0.1804059667089987,0.10119597702531168,0.12396247224419628,,,,,,,,,,,,,80.0,
plot_curve,8.561872909698998,0.18112347732594938,0.10149282028030855,0.12413963980346761,,,,,,,,,,,,,80.0,
plot_curve,8.622073578595318,0.1818484559784675,0.10179325830827597,0.12431842767568677,,,,,,,,,,,,,80.0,
plot_curve,8.68227424749164,0.1825809461384301,0.1020973307796861,0.12449882443805665,,,,,,,,,,,,,80.0,
plot_curve,8.742474916387959,0.18332099127771412,0.10240507736501103,0.12468081866778015,,,,,,,,,,,,,80.0,
plot_curve,8.80267558528428,0.18406863486819658,0.1027165377347229,0.12486439894206017,,,,,,,,,,,,,80.0,
plot_curve,8.862876254180602,0.1848239203817545,0.10303175155929388,0.1250495538380996,,,,,,,,,,,,,80.0,
plot_curve,8.923076923076923,0.1855868912902648,0.10335075850919608,0.12523627193310133,,,,,,,,,,,,,80.0,
plot_curve,8.983277591973245,0.1863575910656045,0.10367359825490163,0.12542454180426826,,,,,,,,,,,,,80.0,
plot_curve,9.043478260869566,0.18713606317965062,0.10400031046688267,0.1256143520288033,,,,,,,,,,,,,80.0,
plot_curve,9.103678929765888,0.18792235110428013,0.10433093481561134,0.1258056911839093,,,,,,,,,,,,,80.0,
plot_curve,9.163879598662207,0.18871649831136997,0.10466551097155975,0.12599854784678924,,,,,,,,,,,,,80.0,
plot_curve,9.224080267558529,0.1895185482727972,0.10500407860520006,0.1261929105946459,,,,,,,,,,,,,80.0,
plot_curve,9.284280936454849,0.1903285444604388,0.10534667738700439,0.1263887680046823,,,,,,,,,,,,,80.0,
plot_curve,9.34448160535117,0.19114653034617168,0.10569334698744488,0.12658610865410125,,,,,,,,,,,,,80.0,
plot_curve,9.404682274247492,0.19197254940187297,0.10604412707699366,0.1267849211201057,,,,,,,,,,,,,80.0,
plot_curve,9.464882943143813,0.19280664509941955,0.10639905732612288,0.1269851939798985,,,,,,,,,,,,,80.0,
plot_curve,9.525083612040135,0.19364886091068845,0.10675817740530466,0.12718691581068253,,,,,,,,,,,,,80.0,
plot_curve,9.585284280936456,0.19449924030755666,0.10712152698501114,0.12739007518966075,,,,,,,,,,,,,80.0,
plot_curve,9.645484949832776,0.19535782676190114,0.10748914573571443,0.12759466069403602,,,,,,,,,,,,,80.0,
plot_curve,9.705685618729097,0.19622466374559894,0.10786107332788669,0.12780066090101125,,,,,,,,,,,,,80.0,
plot_curve,9.765886287625419,0.197099794730527,0.10823734943200004,0.12800806438778933,,,,,,,,,,,,,80.0,
plot_curve,9.826086956521738,0.1979832631885623,0.10861801371852663,0.12821685973157315,,,,,,,,,,,,,80.0,
plot_curve,9.88628762541806,0.1988751125915819,0.10900310585793858,0.1284270355095656,,,,,,,,,,,,,80.0,
plot_curve,9.946488294314381,0.1997753864114627,0.10939266552070803,0.12863858029896957,,,,,,,,,,,,,80.0,
plot_curve,10.006688963210703,0.20068412812008174,0.10978673237730713,0.128851482676988,,,,,,,,,,,,,80.0,
plot_curve,10.066889632107024,0.20160138118931603,0.11018534609820797,0.12906573122082374,,,,,,,,,,,,,80.0,
plot_curve,10.127090301003344,0.2025271890910425,0.11058854635388271,0.1292813145076797,,,,,,,,,,,,,80.0,
plot_curve,10.187290969899665,0.2034615952971382,0.11099637281480351,0.12949822111475878,,,,,,,,,,,,,80.0,
plot_curve,10.247491638795987,0.2044046432794801,0.11140886515144247,0.1297164396192639,,,,,,,,,,,,,80.0,
plot_curve,10.307692307692308,0.20535637650994518,0.11182606303427173,0.1299359585983979,,,,,,,,,,,,,80.0,
plot_curve,10.36789297658863,0.20631683846041043,0.11224800613376343,0.1301567666293637,,,,,,,,,,,,,80.0,
plot_curve,10.42809364548495,0.20728607260275284,0.11267473412038968,0.13037885228936424,,,,,,,,,,,,,80.0,
plot_curve,10.488294314381271,0.2082641224088494,0.11310628666462266,0.13060220415560234,,,,,,,,,,,,,80.0,
plot_curve,10.548494983277592,0.20925103135057713,0.11354270343693448,0.13082681080528094,,,,,,,,,,,,,80.0,
plot_curve,10.608695652173914,0.210246842899813,0.11398402410779726,0.13105266081560293,,,,,,,,,,,,,80.0,
plot_curve,10.668896321070234,0.21125160052843395,0.11443028834768315,0.13127974276377122,,,,,,,,,,,,,80.0,
plot_curve,10.729096989966555,0.212265347708317,0.11488153582706429,0.13150804522698867,,,,,,,,,,,,,80.0,
plot_curve,10.789297658862877,0.21328812791133922,0.11533780621641279,0.1317375567824582,,,,,,,,,,,,,80.0,
plot_curve,10.849498327759198,0.2143199846093775,0.1157991391862008,0.1319682660073827,,,,,,,,,,,,,80.0,
plot_curve,10.909698996655518,0.21536096127430887,0.11626557440690045,0.13220016147896507,,,,,,,,,,,,,80.0,
plot_curve,10.96989966555184,0.2164111013780103,0.1167371515489839,0.13243323177440822,,,,,,,,,,,,,80.0,
plot_curve,11.03010033444816,0.21747044839235885,0.11721391028292324,0.132667465470915,,,,,,,,,,,,,80.0,
plot_curve,11.090301003344482,0.2185390457892314,0.11769589027919064,0.13290285114568834,,,,,,,,,,,,,80.0,
plot_curve,11.150501672240804,0.219616937040505,0.11818313120825821,0.13313937737593115,,,,,,,,,,,,,80.0,
plot_curve,11.210702341137123,0.2207041656180566,0.11867567274059808,0.1333770327388463,,,,,,,,,,,,,80.0,
plot_curve,11.270903010033445,0.22180077499376333,0.11917355454668241,0.13361580581163668,,,,,,,,,,,,,80.0,
plot_curve,11.331103678929766,0.22290680863950202,0.11967681629698332,0.1338556851715052,,,,,,,,,,,,,80.0,
plot_curve,11.391304347826088,0.22402231002714967,0.12018549766197295,0.13409665939565477,,,,,,,,,,,,,80.0,
plot_curve,11.451505016722408,0.22514732262858336,0.12069963831212342,0.13433871706128825,,,,,,,,,,,,,80.0,
plot_curve,11.511705685618729,0.22628188991568005,0.12121927791790688,0.13458184674560855,,,,,,,,,,,,,80.0,
plot_curve,11.57190635451505,0.22742605536031668,0.12174445614979545,0.13482603702581858,,,,,,,,,,,,,80.0,
plot_curve,11.632107023411372,0.22857986243437028,0.1222752126782613,0.13507127647912126,,,,,,,,,,,,,80.0,
plot_curve,11.692307692307693,0.2297433546097179,0.1228115871737765,0.13531755368271942,,,,,,,,,,,,,80.0,
plot_curve,11.752508361204013,0.23091657535823634,0.12335361930681323,0.13556485721381598,,,,,,,,,,,,,80.0,
plot_curve,11.812709030100335,0.2320995681518028,0.12390134874784361,0.13581317564961387,,,,,,,,,,,,,80.0,
plot_curve,11.872909698996656,0.23329237646229417,0.12445481516733979,0.13606249756731595,,,,,,,,,,,,,80.0,
plot_curve,11.933110367892978,0.23449504376158747,0.12501405823577388,0.1363128115441251,,,,,,,,,,,,,80.0,
plot_curve,11.993311036789297,0.2357076135215596,0.125579117623618,0.13656410615724426,,,,,,,,,,,,,80.0,
plot_curve,12.053511705685619,0.2369301292140877,0.12615003300134436,0.13681636998387633,,,,,,,,,,,,,80.0,
plot_curve,12.11371237458194,0.2381626343110487,0.12672684403942502,0.13706959160122417,,,,,,,,,,,,,80.0,
plot_curve,12.173913043478262,0.23940517228431954,0.12730959040833215,0.13732375958649068,,,,,,,,,,,,,80.0,
plot_curve,12.234113712374581,0.2406577866057772,0.12789831177853783,0.13757886251687879,,,,,,,,,,,,,80.0,
plot_curve,12.294314381270903,0.2419205207472988,0.12849304782051424,0.13783488896959134,,,,,,,,,,,,,80.0,
plot_curve,12.354515050167224,0.2431934181807612,0.12909383820473355,0.13809182752183127,,,,,,,,,,,,,80.0,
plot_curve,12.414715719063546,0.24447652237804146,0.12970072260166782,0.13834966675080146,,,,,,,,,,,,,80.0,
plot_curve,12.474916387959867,0.24576987681101653,0.13031374068178925,0.13860839523370483,,,,,,,,,,,,,80.0,
plot_curve,12.535117056856187,0.2470735249515634,0.13093293211556992,0.13886800154774423,,,,,,,,,,,,,80.0,
plot_curve,12.595317725752508,0.2483875102715591,0.13155833657348198,0.1391284742701226,,,,,,,,,,,,,80.0,
plot_curve,12.65551839464883,0.2497118762428806,0.13218999372599757,0.1393898019780428,,,,,,,,,,,,,80.0,
plot_curve,12.715719063545151,0.25104666633740486,0.13282794324358882,0.13965197324870773,,,,,,,,,,,,,80.0,
plot_curve,12.775919732441471,0.2523919240270089,0.13347222479672788,0.13991497665932032,,,,,,,,,,,,,80.0,
plot_curve,12.836120401337793,0.2537476927835697,0.13412287805588685,0.14017880078708342,,,,,,,,,,,,,80.0,
plot_curve,12.896321070234114,0.2551140160789643,0.13477994269153792,0.14044343420919994,,,,,,,,,,,,,80.0,
plot_curve,12.956521739130435,0.2564909373850696,0.13544345837415317,0.14070886550287282,,,,,,,,,,,,,80.0,
plot_curve,13.016722408026757,0.2578785001737626,0.13611346477420477,0.14097508324530492,,,,,,,,,,,,,80.0,
plot_curve,13.076923076923077,0.2592767479169204,0.1367900015621648,0.14124207601369912,,,,,,,,,,,,,80.0,
plot_curve,13.137123745819398,0.2606857240864199,0.13747310840850546,0.14150983238525833,,,,,,,,,,,,,80.0,
plot_curve,13.19732441471572,0.26210547215413804,0.13816282498369886,0.14177834093718544,,,,,,,,,,,,,80.0,
plot_curve,13.257525083612041,0.26353603559195193,0.13885919095821708,0.1420475902466834,,,,,,,,,,,,,80.0,
plot_curve,13.31772575250836,0.26497745787173854,0.13956224600253234,0.142317568890955,,,,,,,,,,,,,80.0,
plot_curve,13.377926421404682,0.26642978246537474,0.14027202978711673,0.14258826544720324,,,,,,,,,,,,,80.0,
plot_curve,13.438127090301004,0.26789305284473774,0.1409885819824424,0.14285966849263096,,,,,,,,,,,,,80.0,
plot_curve,13.498327759197325,0.2693673124817043,0.14171194225898148,0.14313176660444105,,,,,,,,,,,,,80.0,
plot_curve,13.558528428093645,0.27085260484815143,0.14244215028720608,0.14340454835983643,,,,,,,,,,,,,80.0,
plot_curve,13.618729096989966,0.2723489734159563,0.14317924573758836,0.14367800233602,,,,,,,,,,,,,80.0,
plot_curve,13.678929765886288,0.27385646165699584,0.14392326828060045,0.14395211711019465,,,,,,,,,,,,,80.0,
plot_curve,13.73913043478261,0.27537511304314694,0.14467425758671448,0.14422688125956323,,,,,,,,,,,,,80.0,
plot_curve,13.79933110367893,0.27690497104628664,0.14543225332640258,0.14450228336132873,,,,,,,,,,,,,80.0,
plot_curve,13.85953177257525,0.2784460791382919,0.1461972951701369,0.14477831199269395,,,,,,,,,,,,,80.0,
plot_curve,13.919732441471572,0.2799984807910398,0.14696942278838956,0.14505495573086186,,,,,,,,,,,,,80.0,
plot_curve,13.979933110367893,0.28156221947640725,0.1477486758516327,0.1453322031530353,,,,,,,,,,,,,80.0,
plot_curve,14.040133779264215,0.2831373386662713,0.14853509403033846,0.1456100428364172,,,,,,,,,,,,,80.0,
plot_curve,14.100334448160535,0.28472388183250885,0.14932871699497893,0.14588846335821043,,,,,,,,,,,,,80.0,
plot_curve,14.160535117056856,0.28632189244699696,0.1501295844160263,0.14616745329561792,,,,,,,,,,,,,80.0,
plot_curve,14.220735785953178,0.2879314139816126,0.15093773596395268,0.14644700122584253,,,,,,,,,,,,,80.0,
plot_curve,14.280936454849499,0.2895524899082328,0.15175321130923025,0.14672709572608722,,,,,,,,,,,,,80.0,
plot_curve,14.34113712374582,0.2911851636987345,0.15257605012233105,0.14700772537355478,,,,,,,,,,,,,80.0,
plot_curve,14.40133779264214,0.2928294788249947,0.15340629207372725,0.14728887874544816,,,,,,,,,,,,,80.0,
plot_curve,14.461538461538462,0.2944854787588904,0.15424397683389104,0.1475705444189703,,,,,,,,,,,,,80.0,
plot_curve,14.521739130434783,0.29615320697229863,0.1550891440732945,0.14785271097132405,,,,,,,,,,,,,80.0,
plot_curve,14.581939799331105,0.2978327069370963,0.15594183346240975,0.1481353669797123,,,,,,,,,,,,,80.0,
plot_curve,14.642140468227424,0.2995240221251604,0.15680208467170897,0.14841850102133794,,,,,,,,,,,,,80.0,
plot_curve,14.702341137123746,0.301227196008368,0.1576699373716643,0.14870210167340392,,,,,,,,,,,,,80.0,
plot_curve,14.762541806020067,0.30294227205859603,0.15854543123274784,0.1489861575131131,,,,,,,,,,,,,80.0,
plot_curve,14.822742474916389,0.3046692937477215,0.15942860592543173,0.14927065711766835,,,,,,,,,,,,,80.0,
plot_curve,14.88294314381271,0.30640830454762136,0.1603195011201881,0.1495555890642726,,,,,,,,,,,,,80.0,
plot_curve,14.94314381270903,0.3081593479301727,0.16121815648748905,0.1498409419301287,,,,,,,,,,,,,80.0,
plot_curve,15.003344481605351,0.30992246736725243,0.16212461169780681,0.15012670429243963,,,,,,,,,,,,,80.0,
plot_curve,15.063545150501673,0.31169770633073757,0.16303890642161345,0.15041286472840823,,,,,,,,,,,,,80.0,
plot_curve,15.123745819397994,0.3134851082925051,0.16396108032938111,0.15069941181523738,,,,,,,,,,,,,80.0,
plot_curve,15.183946488294314,0.31528471672443187,0.1648911730915819,0.15098633413013005,,,,,,,,,,,,,80.0,
plot_curve,15.244147157190636,0.3170965750983952,0.16582922437868802,0.15127362025028904,,,,,,,,,,,,,80.0,
plot_curve,15.304347826086957,0.3189207268862717,0.16677527386117158,0.1515612587529173,,,,,,,,,,,,,80.0,
plot_curve,15.364548494983278,0.32075721555993875,0.16772936120950468,0.15184923821521773,,,,,,,,,,,,,80.0,
plot_curve,15.424749163879598,0.32260608459127293,0.16869152609415944,0.1521375472143932,,,,,,,,,,,,,80.0,
plot_curve,15.48494983277592,0.3244673774521516,0.16966180818560805,0.15242617432764663,,,,,,,,,,,,,80.0,
plot_curve,15.545150501672241,0.3263411376144515,0.17064024715432263,0.1527151081321809,,,,,,,,,,,,,80.0,
plot_curve,15.605351170568563,0.3282274085500497,0.1716268826707753,0.15300433720519888,,,,,,,,,,,,,80.0,
plot_curve,15.665551839464884,0.33012623373082334,0.1726217544054382,0.15329385012390354,,,,,,,,,,,,,80.0,
plot_curve,15.725752508361204,0.33203765662864904,0.17362490202878345,0.15358363546549772,,,,,,,,,,,,,80.0,
plot_curve,15.785953177257525,0.3339617207154042,0.17463636521128317,0.1538736818071843,,,,,,,,,,,,,80.0,
plot_curve,15.846153846153847,0.33589846946296553,0.1756561836234096,0.15416397772616625,,,,,,,,,,,,,80.0,
plot_curve,15.906354515050168,0.3378479463432102,0.17668439693563476,0.15445451179964637,,,,,,,,,,,,,80.0,
plot_curve,15.966555183946488,0.339810194828015,0.17772104481843076,0.15474527260482762,,,,,,,,,,,,,80.0,
plot_curve,16.02675585284281,0.34178525838925716,0.1787661669422699,0.15503624871891292,,,,,,,,,,,,,80.0,
plot_curve,16.086956521739133,0.3437731804988135,0.17981980297762418,0.15532742871910513,,,,,,,,,,,,,80.0,
plot_curve,16.147157190635454,0.34577400462856106,0.18088199259496573,0.1556188011826071,,,,,,,,,,,,,80.0,
plot_curve,16.207357859531776,0.3477877742503768,0.18195277546476674,0.1559103546866218,,,,,,,,,,,,,80.0,
plot_curve,16.267558528428093,0.3498145328361376,0.1830321912574992,0.15620207780835205,,,,,,,,,,,,,80.0,
plot_curve,16.327759197324415,0.3518543238577208,0.18412027964363548,0.1564939591250008,,,,,,,,,,,,,80.0,
plot_curve,16.387959866220736,0.35390719078700317,0.18521708029364758,0.15678598721377096,,,,,,,,,,,,,80.0,
plot_curve,16.448160535117058,0.3559731770958616,0.18632263287800765,0.15707815065186537,,,,,,,,,,,,,80.0,
plot_curve,16.508361204013376,0.3580523262561731,0.18743697706718776,0.15737043801648698,,,,,,,,,,,,,80.0,
plot_curve,16.568561872909697,0.36014468173981484,0.1885601525316602,0.15766283788483867,,,,,,,,,,,,,80.0,
plot_curve,16.62876254180602,0.3622502870186638,0.18969219894189698,0.1579553388341233,,,,,,,,,,,,,80.0,
plot_curve,16.68896321070234,0.36436918556459685,0.19083315596837028,0.15824792944154384,,,,,,,,,,,,,80.0,
plot_curve,16.74916387959866,0.366501420849491,0.19198306328155224,0.1585405982843031,,,,,,,,,,,,,80.0,
plot_curve,16.809364548494983,0.36864703634522333,0.19314196055191496,0.15883333393960405,,,,,,,,,,,,,80.0,
plot_curve,16.869565217391305,0.37080607552367073,0.19430988744993055,0.1591261249846495,,,,,,,,,,,,,80.0,
plot_curve,16.929765886287626,0.3729785818567102,0.19548688364607125,0.15941895999664246,,,,,,,,,,,,,80.0,
plot_curve,16.989966555183948,0.3751645988162187,0.19667298881080908,0.15971182755278576,,,,,,,,,,,,,80.0,
plot_curve,17.05016722408027,0.3773641698740733,0.19786824261461625,0.16000471623028226,,,,,,,,,,,,,80.0,
plot_curve,17.11036789297659,0.379577338502151,0.19907268472796485,0.1602976146063349,,,,,,,,,,,,,80.0,
plot_curve,17.170568561872912,0.38180414817232866,0.200286354821327,0.1605905112581466,,,,,,,,,,,,,80.0,
plot_curve,17.230769230769234,0.38404464235648345,0.2015092925651749,0.16088339476292024,,,,,,,,,,,,,80.0,
plot_curve,17.29096989966555,0.3862988645264921,0.2027415376299806,0.16117625369785865,,,,,,,,,,,,,80.0,
plot_curve,17.351170568561873,0.38856685815423186,0.20398312968621632,0.1614690766401648,,,,,,,,,,,,,80.0,
plot_curve,17.411371237458194,0.3908486667115797,0.20523410840435416,0.16176185216704156,,,,,,,,,,,,,80.0,
plot_curve,17.471571906354516,0.39314433367041246,0.20649451345486625,0.16205456885569183,,,,,,,,,,,,,80.0,
plot_curve,17.531772575250837,0.39545390250260726,0.2077643845082247,0.16234721528331852,,,,,,,,,,,,,80.0,
plot_curve,17.591973244147155,0.39777741668004085,0.20904376123490162,0.1626397800271245,,,,,,,,,,,,,80.0,
plot_curve,17.652173913043477,0.4001149196745906,0.21033268330536928,0.1629322516643127,,,,,,,,,,,,,80.0,
plot_curve,17.712374581939798,0.4024664549581333,0.2116311903900997,0.16322461877208594,,,,,,,,,,,,,80.0,
plot_curve,17.77257525083612,0.4048320660025459,0.21293932215956504,0.16351686992764722,,,,,,,,,,,,,80.0,
plot_curve,17.83277591973244,0.4072117962797055,0.21425711828423744,0.16380899370819937,,,,,,,,,,,,,80.0,
plot_curve,17.892976588628763,0.409605689261489,0.215584618434589,0.1641009786909453,,,,,,,,,,,,,80.0,
plot_curve,17.953177257525084,0.4120137884197734,0.21692186228109192,0.16439281345308793,,,,,,,,,,,,,80.0,
plot_curve,18.013377926421406,0.4144361372264357,0.2182688894942183,0.1646844865718301,,,,,,,,,,,,,80.0,
plot_curve,18.073578595317727,0.4168727791533529,0.21962573974444022,0.16497598662437474,,,,,,,,,,,,,80.0,
plot_curve,18.13377926421405,0.41932375767240204,0.22099245270222992,0.1652673021879248,,,,,,,,,,,,,80.0,
plot_curve,18.19397993311037,0.42178911625546,0.22236906803805942,0.16555842183968306,,,,,,,,,,,,,80.0,
plot_curve,18.254180602006688,0.4242688983744037,0.22375562542240088,0.16584933415685246,,,,,,,,,,,,,80.0,
plot_curve,18.31438127090301,0.42676314750111044,0.22515216452572653,0.16614002771663594,,,,,,,,,,,,,80.0,
plot_curve,18.37458193979933,0.42927190710745694,0.22655872501850843,0.16643049109623637,,,,,,,,,,,,,80.0,
plot_curve,18.434782608695652,0.4317952206653204,0.22797534657121873,0.16672071287285664,,,,,,,,,,,,,80.0,
plot_curve,18.494983277591974,0.4343331316465776,0.22940206885432957,0.16701068162369967,,,,,,,,,,,,,80.0,
plot_curve,18.555183946488295,0.4368856835231056,0.23083893153831306,0.16730038592596833,,,,,,,,,,,,,80.0,
plot_curve,18.615384615384617,0.43945291976678147,0.2322859742936413,0.16758981435686549,,,,,,,,,,,,,80.0,
plot_curve,18.67558528428094,0.44203488384948214,0.2337432367907865,0.16787895549359408,,,,,,,,,,,,,80.0,
plot_curve,18.73578595317726,0.44463161924308453,0.2352107587002208,0.168167797913357,,,,,,,,,,,,,80.0,
plot_curve,18.795986622073578,0.44724316941946557,0.2366885796924162,0.16845633019335715,,,,,,,,,,,,,80.0,
plot_curve,18.8561872909699,0.44986957785050263,0.23817673943784498,0.1687445409107974,,,,,,,,,,,,,80.0,
plot_curve,18.91638795986622,0.45251088800807227,0.23967527760697926,0.16903241864288066,,,,,,,,,,,,,80.0,
plot_curve,18.976588628762542,0.45516714336405173,0.24118423387029111,0.16931995196680982,,,,,,,,,,,,,80.0,
plot_curve,19.036789297658864,0.45783838739031796,0.24270364789825272,0.16960712945978781,,,,,,,,,,,,,80.0,
plot_curve,19.096989966555185,0.46052466355874794,0.2442335593613362,0.1698939396990175,,,,,,,,,,,,,80.0,
plot_curve,19.157190635451506,0.4632260153412186,0.24577400793001367,0.17018037126170177,,,,,,,,,,,,,80.0,
plot_curve,19.217391304347828,0.465942486209607,0.24732503327475724,0.1704664127250435,,,,,,,,,,,,,80.0,
plot_curve,19.277591973244146,0.4686741196357899,0.24888667506603906,0.17075205266624563,,,,,,,,,,,,,80.0,
plot_curve,19.337792642140467,0.4714209590916446,0.2504589729743313,0.17103727966251103,,,,,,,,,,,,,80.0,
plot_curve,19.39799331103679,0.4741830480490481,0.25204196667010614,0.17132208229104265,,,,,,,,,,,,,80.0,
plot_curve,19.45819397993311,0.47696042997987714,0.2536356958238356,0.17160644912904333,,,,,,,,,,,,,80.0,
plot_curve,19.51839464882943,0.4797531483560089,0.2552402001059919,0.17189036875371594,,,,,,,,,,,,,80.0,
plot_curve,19.578595317725753,0.4825612466493203,0.2568555191870472,0.17217382974226342,,,,,,,,,,,,,80.0,
plot_curve,19.638795986622075,0.48538476833168837,0.25848169273747346,0.17245682067188867,,,,,,,,,,,,,80.0,
plot_curve,19.698996655518396,0.48822375687499003,0.26011876042774296,0.17273933011979462,,,,,,,,,,,,,80.0,
plot_curve,19.759197324414718,0.49107825575110237,0.2617667619283278,0.17302134666318408,,,,,,,,,,,,,80.0,
plot_curve,19.819397993311036,0.49394830843190213,0.26342573690970006,0.17330285887925997,,,,,,,,,,,,,80.0,
plot_curve,19.879598662207357,0.4968339583892666,0.265095725042332,0.17358385534522522,,,,,,,,,,,,,80.0,
plot_curve,19.93979933110368,0.49973524909507266,0.26677676599669564,0.1738643246382827,,,,,,,,,,,,,80.0,
plot_curve,20.0,0.5026522240211974,0.26846889944326324,0.17414425533563532,,,,,,,,,,,,,80.0,
