epsilon,model,requestIndex,kind,onChain,crossDomain,arrivalOffsetMs,arrivalWallMs,finishWallMs,latencyMs,queueMs,serviceMs,workerId,chainReads,verifiedCertificateSteps,proofNodes,stageTimingsJson,chainTxCount,chainBlockNumbers,chainTxHashes
0,DPKI,0,intra-on-chain,true,false,0,8719.511099994183,8904.354200005531,184.84310001134872,0,184.84310001134872,-1,1,1,65,"{""dpkiOnchainAuthenticateTx"":93.6414999961853,""dpkiOnchainCertTransferHttp"":1.1509999632835388,""dpkiOnchainRelayHttp"":0,""dpkiCrossRelayHttp"":0,""dpkiOnchainMptProofHttpQuery"":35.96299999952316,""dpkiOnchainMptProofSignerCertVerify"":11.303799986839294,""dpkiOnchainMptProofResponseVerify"":0.7958000302314758,""dpkiOnchainRootRead"":2.7459999918937683,""dpkiOnchainMptVerify"":0.7958000302314758,""dpkiOnchainOpenSslVerifyCert"":10.241899967193604,""dpkiOnchainAssertionSign"":12.020799994468689,""dpkiOnchainAssertionVerify"":9.505999982357025,""dpkiOnchainAuthSignature"":4.854900002479553}",1,6667319,0xe824723d51975dda7c83ed30999aaa221936c845a99700116e71aac4a5be9327
0,DPKI,1,intra-on-chain,true,false,2667.4333744741,11386.944474468282,11484.261674473337,97.31720000505447,0,97.31720000505447,-1,1,1,65,"{""dpkiOnchainAuthenticateTx"":46.72060000896454,""dpkiOnchainCertTransferHttp"":0.1020999550819397,""dpkiOnchainRelayHttp"":0,""dpkiCrossRelayHttp"":0,""dpkiOnchainMptProofHttpQuery"":3.3240000009536743,""dpkiOnchainMptProofSignerCertVerify"":9.774399995803833,""dpkiOnchainMptProofResponseVerify"":0.49229997396469116,""dpkiOnchainRootRead"":2.4174000024795532,""dpkiOnchainMptVerify"":0.9031999707221985,""dpkiOnchainOpenSslVerifyCert"":9.841800034046173,""dpkiOnchainAssertionSign"":11.598900020122528,""dpkiOnchainAssertionVerify"":8.930000007152557,""dpkiOnchainAuthSignature"":2.7204999923706055}",1,6667324,0x3623d5b839e691f1f009926f833ced199d67a300483dcfd65d4c7981a9e2a907
0,DPKI,2,intra-on-chain,true,false,3767.0086115847444,12486.519711578927,12594.386811579308,107.86710000038147,0,107.86710000038147,-1,1,1,65,"{""dpkiOnchainAuthenticateTx"":41.49629998207092,""dpkiOnchainCertTransferHttp"":1.9976999759674072,""dpkiOnchainRelayHttp"":0,""dpkiCrossRelayHttp"":0,""dpkiOnchainMptProofHttpQuery"":14.674999952316284,""dpkiOnchainMptProofSignerCertVerify"":9.806699991226196,""dpkiOnchainMptProofResponseVerify"":0.6143999695777893,""dpkiOnchainRootRead"":1.8722999691963196,""dpkiOnchainMptVerify"":0.7010000348091125,""dpkiOnchainOpenSslVerifyCert"":11.163300037384033,""dpkiOnchainAssertionSign"":12.940299987792969,""dpkiOnchainAssertionVerify"":9.387699961662292,""dpkiOnchainAuthSignature"":2.6944000124931335}",1,6667327,0x4226fb033a89f560c53df6765c660f80587605a1f8bb145c178dafede701f9c9
0,DPKI,3,intra-on-chain,true,false,6944.704149092926,15664.215249087109,15785.618149127258,121.40290004014969,0,121.40290004014969,-1,1,1,65,"{""dpkiOnchainAuthenticateTx"":41.50589996576309,""dpkiOnchainCertTransferHttp"":2.0634999871253967,""dpkiOnchainRelayHttp"":0,""dpkiCrossRelayHttp"":0,""dpkiOnchainMptProofHttpQuery"":29.505999982357025,""dpkiOnchainMptProofSignerCertVerify"":9.685200035572052,""dpkiOnchainMptProofResponseVerify"":0.5989000201225281,""dpkiOnchainRootRead"":2.16949999332428,""dpkiOnchainMptVerify"":0.5245999693870544,""dpkiOnchainOpenSslVerifyCert"":10.050300002098083,""dpkiOnchainAssertionSign"":13.17249995470047,""dpkiOnchainAssertionVerify"":8.908700048923492,""dpkiOnchainAuthSignature"":2.7269999980926514}",1,6667332,0x6c1b3ac2ad75b024bddacdee4b2c247df75f3e1aa950f81c239f7996d097e2ca
0,DPKI,4,intra-on-chain,true,false,14917.932023984318,23637.4431239785,23745.68752394331,108.24439996480942,0,108.24439996480942,-1,1,1,65,"{""dpkiOnchainAuthenticateTx"":43.836300015449524,""dpkiOnchainCertTransferHttp"":0.8029000163078308,""dpkiOnchainRelayHttp"":0,""dpkiCrossRelayHttp"":0,""dpkiOnchainMptProofHttpQuery"":5.159000039100647,""dpkiOnchainMptProofSignerCertVerify"":11.12830001115799,""dpkiOnchainMptProofResponseVerify"":0.5020000338554382,""dpkiOnchainRootRead"":3.5349000096321106,""dpkiOnchainMptVerify"":0.5516000390052795,""dpkiOnchainOpenSslVerifyCert"":10.535600006580353,""dpkiOnchainAssertionSign"":14.839000046253204,""dpkiOnchainAssertionVerify"":14.220600008964539,""dpkiOnchainAuthSignature"":2.5709999799728394}",1,6667335,0x312701068ac78004ab2dac8a365658e25994c428591a138c20cf6b63a2b3e331
0,DPKI,5,intra-on-chain,true,false,15702.191285282726,24421.70238527691,24546.2228852812,124.52050000429153,0,124.52050000429153,-1,1,1,65,"{""dpkiOnchainAuthenticateTx"":59.94169998168945,""dpkiOnchainCertTransferHttp"":0.060899972915649414,""dpkiOnchainRelayHttp"":0,""dpkiCrossRelayHttp"":0,""dpkiOnchainMptProofHttpQuery"":16.134200036525726,""dpkiOnchainMptProofSignerCertVerify"":9.75739997625351,""dpkiOnchainMptProofResponseVerify"":0.4345000386238098,""dpkiOnchainRootRead"":2.1574000120162964,""dpkiOnchainMptVerify"":0.5488999485969543,""dpkiOnchainOpenSslVerifyCert"":10.220600008964539,""dpkiOnchainAssertionSign"":12.402399957180023,""dpkiOnchainAssertionVerify"":9.762600004673004,""dpkiOnchainAuthSignature"":2.36980003118515}",1,6667338,0x660af390b7753a11644af2f7599fec785a5a51d97fedf3c1cb65ec4ae0da8a2a
0,DPKI,6,intra-on-chain,true,false,17237.12055594942,25956.6316559436,26100.384055924624,143.75239998102188,0,143.75239998102188,-1,1,1,65,"{""dpkiOnchainAuthenticateTx"":91.4743999838829,""dpkiOnchainCertTransferHttp"":0.027800023555755615,""dpkiOnchainRelayHttp"":0,""dpkiCrossRelayHttp"":0,""dpkiOnchainMptProofHttpQuery"":5.881599962711334,""dpkiOnchainMptProofSignerCertVerify"":9.611600041389465,""dpkiOnchainMptProofResponseVerify"":0.4673999547958374,""dpkiOnchainRootRead"":2.119700014591217,""dpkiOnchainMptVerify"":0.49570000171661377,""dpkiOnchainOpenSslVerifyCert"":9.071200013160706,""dpkiOnchainAssertionSign"":12.019599974155426,""dpkiOnchainAssertionVerify"":9.77099996805191,""dpkiOnchainAuthSignature"":2.37610000371933}",1,6667341,0x5448036012b4c4bde0a827803b3d83ca13d8fd461e9744d20798fc3fa424ec97
0,DPKI,7,intra-on-chain,true,false,18556.89852588326,27276.409625877444,27372.230825890605,95.8212000131607,0,95.8212000131607,-1,1,1,65,"{""dpkiOnchainAuthenticateTx"":40.08280003070831,""dpkiOnchainCertTransferHttp"":2.510200023651123,""dpkiOnchainRelayHttp"":0,""dpkiCrossRelayHttp"":0,""dpkiOnchainMptProofHttpQuery"":3.779799997806549,""dpkiOnchainMptProofSignerCertVerify"":10.579599976539612,""dpkiOnchainMptProofResponseVerify"":0.5020999908447266,""dpkiOnchainRootRead"":2.1992000341415405,""dpkiOnchainMptVerify"":0.4958000183105469,""dpkiOnchainOpenSslVerifyCert"":10.112100005149841,""dpkiOnchainAssertionSign"":12.417500019073486,""dpkiOnchainAssertionVerify"":10.141200006008148,""dpkiOnchainAuthSignature"":2.4872999787330627}",1,6667344,0xa12b1bf5d602648312e527710fc34c8e08024e3117e24b5dfd99135fe72590bc
0,DPKI,8,intra-on-chain,true,false,18660.462138202303,27379.973238196486,27478.11803820383,98.14480000734329,0,98.14480000734329,-1,1,1,65,"{""dpkiOnchainAuthenticateTx"":37.2635999917984,""dpkiOnchainCertTransferHttp"":0.10710000991821289,""dpkiOnchainRelayHttp"":0,""dpkiCrossRelayHttp"":0,""dpkiOnchainMptProofHttpQuery"":15.549899995326996,""dpkiOnchainMptProofSignerCertVerify"":9.630100011825562,""dpkiOnchainMptProofResponseVerify"":0.5313999652862549,""dpkiOnchainRootRead"":2.044600009918213,""dpkiOnchainMptVerify"":0.49790000915527344,""dpkiOnchainOpenSslVerifyCert"":9.259900033473969,""dpkiOnchainAssertionSign"":11.402199983596802,""dpkiOnchainAssertionVerify"":8.735399961471558,""dpkiOnchainAuthSignature"":2.494499981403351}",1,6667348,0x469dbd971c3c647f450c20af45e339dbdb9765631b69cbf3eb73d7f51a7e69e2
0,DPKI,9,intra-on-chain,true,false,19475.122682754904,28194.633782749086,28353.067982737928,158.434199988842,0,158.434199988842,-1,1,1,65,"{""dpkiOnchainAuthenticateTx"":79.16690003871918,""dpkiOnchainCertTransferHttp"":0.13050001859664917,""dpkiOnchainRelayHttp"":0,""dpkiCrossRelayHttp"":0,""dpkiOnchainMptProofHttpQuery"":30.746599972248077,""dpkiOnchainMptProofSignerCertVerify"":9.564300000667572,""dpkiOnchainMptProofResponseVerify"":0.5057000517845154,""dpkiOnchainRootRead"":2.31659996509552,""dpkiOnchainMptVerify"":0.4850999712944031,""dpkiOnchainOpenSslVerifyCert"":10.50440001487732,""dpkiOnchainAssertionSign"":12.244199991226196,""dpkiOnchainAssertionVerify"":9.666999995708466,""dpkiOnchainAuthSignature"":2.6276000142097473}",1,6667350,0x3127694e87463d24a025312249dc3210e113c11488586c769b3b6ba5cb9ef9cb
0,DPKI,10,intra-on-chain,true,false,19511.33993040998,28230.851030404163,28366.400982801824,135.5499523976614,42.94965238364239,92.60030001401901,-1,1,1,65,"{""dpkiOnchainAuthenticateTx"":28.000800013542175,""dpkiOnchainCertTransferHttp"":0.774899959564209,""dpkiOnchainRelayHttp"":0,""dpkiCrossRelayHttp"":0,""dpkiOnchainMptProofHttpQuery"":15.068800032138824,""dpkiOnchainMptProofSignerCertVerify"":9.50490003824234,""dpkiOnchainMptProofResponseVerify"":0.4818999767303467,""dpkiOnchainRootRead"":2.384999990463257,""dpkiOnchainMptVerify"":0.48000001907348633,""dpkiOnchainOpenSslVerifyCert"":9.679499983787537,""dpkiOnchainAssertionSign"":12.746500015258789,""dpkiOnchainAssertionVerify"":10.391300022602081,""dpkiOnchainAuthSignature"":2.575100004673004}",1,6667355,0xc55b27074e3a36f74e5a822bd9dc4b243ae77104b93beb64129ef0ec8b7db1dc
0,DPKI,11,intra-on-chain,true,false,19564.170583780662,28283.681683774845,28439.085582797437,155.40389902259267,18.119799026502733,137.28409999608994,-1,1,1,65,"{""dpkiOnchainAuthenticateTx"":73.91350001096725,""dpkiOnchainCertTransferHttp"":0.8105000257492065,""dpkiOnchainRelayHttp"":0,""dpkiCrossRelayHttp"":0,""dpkiOnchainMptProofHttpQuery"":15.638800024986267,""dpkiOnchainMptProofSignerCertVerify"":9.777400016784668,""dpkiOnchainMptProofResponseVerify"":0.4488999843597412,""dpkiOnchainRootRead"":1.7429999709129333,""dpkiOnchainMptVerify"":0.5292999744415283,""dpkiOnchainOpenSslVerifyCert"":10.359600007534027,""dpkiOnchainAssertionSign"":11.647700011730194,""dpkiOnchainAssertionVerify"":9.484299957752228,""dpkiOnchainAuthSignature"":2.4075000286102295}",1,6667358,0x792282a5f7dfe95cff8108bb40cf15b6a9052c911052e867649a1ac457490bf0
0,DPKI,12,intra-on-chain,true,false,22214.772459458887,30934.28355945307,31077.422759425222,143.1391999721527,0,143.1391999721527,-1,1,1,65,"{""dpkiOnchainAuthenticateTx"":91.12680000066757,""dpkiOnchainCertTransferHttp"":0.8411999940872192,""dpkiOnchainRelayHttp"":0,""dpkiCrossRelayHttp"":0,""dpkiOnchainMptProofHttpQuery"":5.20030003786087,""dpkiOnchainMptProofSignerCertVerify"":10.214800000190735,""dpkiOnchainMptProofResponseVerify"":0.455299973487854,""dpkiOnchainRootRead"":1.7714999914169312,""dpkiOnchainMptVerify"":0.5051000118255615,""dpkiOnchainOpenSslVerifyCert"":9.43609994649887,""dpkiOnchainAssertionSign"":11.665300011634827,""dpkiOnchainAssertionVerify"":9.163699984550476,""dpkiOnchainAuthSignature"":2.2799999713897705}",1,6667363,0x18d9f2e2d82c8b2902f44ccbbbb9dcbab33cfcacdea60f9fa7d38e5240f08daf
0,DPKI,13,intra-on-chain,true,false,23542.959358867156,32262.47045886134,32352.415858860957,89.94539999961853,0,89.94539999961853,-1,1,1,65,"{""dpkiOnchainAuthenticateTx"":41.960200011730194,""dpkiOnchainCertTransferHttp"":0.14869999885559082,""dpkiOnchainRelayHttp"":0,""dpkiCrossRelayHttp"":0,""dpkiOnchainMptProofHttpQuery"":2.5076000094413757,""dpkiOnchainMptProofSignerCertVerify"":9.539000034332275,""dpkiOnchainMptProofResponseVerify"":0.4593999981880188,""dpkiOnchainRootRead"":2.3707000017166138,""dpkiOnchainMptVerify"":0.439799964427948,""dpkiOnchainOpenSslVerifyCert"":9.693899989128113,""dpkiOnchainAssertionSign"":11.298400044441223,""dpkiOnchainAssertionVerify"":9.14359998703003,""dpkiOnchainAuthSignature"":1.9938000440597534}",1,6667365,0x71a65977bb37e8691ddf7b02ea24dbeb0b2ba0e99ceb2a1c8e5498e556b707c1
0,DPKI,14,intra-on-chain,true,false,24109.21698954228,32828.72808953647,32953.91598954324,125.18790000677109,0,125.18790000677109,-1,1,1,65,"{""dpkiOnchainAuthenticateTx"":28.372599959373474,""dpkiOnchainCertTransferHttp"":0.3862000107765198,""dpkiOnchainRelayHttp"":0,""dpkiCrossRelayHttp"":0,""dpkiOnchainMptProofHttpQuery"":47.211300015449524,""dpkiOnchainMptProofSignerCertVerify"":13.602899968624115,""dpkiOnchainMptProofResponseVerify"":0.4860000014305115,""dpkiOnchainRootRead"":2.1715999841690063,""dpkiOnchainMptVerify"":0.4488999843597412,""dpkiOnchainOpenSslVerifyCert"":9.755400002002716,""dpkiOnchainAssertionSign"":11.493099987506866,""dpkiOnchainAssertionVerify"":8.891099989414215,""dpkiOnchainAuthSignature"":1.957800030708313}",1,6667366,0x67e987e1e1264eb4504aaa2fa07d4a7e3a64b03929068ad2721d4ed9f5c9d0ba
0,DPKI,15,intra-on-chain,true,false,28752.496976848364,37472.00807684255,37579.52067684722,107.512600004673,0,107.512600004673,-1,1,1,65,"{""dpkiOnchainAuthenticateTx"":58.10939997434616,""dpkiOnchainCertTransferHttp"":0.7928000092506409,""dpkiOnchainRelayHttp"":0,""dpkiCrossRelayHttp"":0,""dpkiOnchainMptProofHttpQuery"":5.1132999658584595,""dpkiOnchainMptProofSignerCertVerify"":9.765100002288818,""dpkiOnchainMptProofResponseVerify"":0.41690003871917725,""dpkiOnchainRootRead"":1.8350000381469727,""dpkiOnchainMptVerify"":0.42159998416900635,""dpkiOnchainOpenSslVerifyCert"":9.025099992752075,""dpkiOnchainAssertionSign"":11.322200000286102,""dpkiOnchainAssertionVerify"":8.4825000166893,""dpkiOnchainAuthSignature"":1.83160001039505}",1,6667371,0x160663176c9c3ff264953b5a3917a8219209181d54a44937310368db115daf47
0,DPKI,16,intra-on-chain,true,false,29075.059363561973,37794.570463556156,37904.99946357618,110.42900002002716,0,110.42900002002716,-1,1,1,65,"{""dpkiOnchainAuthenticateTx"":58.41740000247955,""dpkiOnchainCertTransferHttp"":1.0184999704360962,""dpkiOnchainRelayHttp"":0,""dpkiCrossRelayHttp"":0,""dpkiOnchainMptProofHttpQuery"":5.142500042915344,""dpkiOnchainMptProofSignerCertVerify"":10.527999997138977,""dpkiOnchainMptProofResponseVerify"":0.46560001373291016,""dpkiOnchainRootRead"":2.018500030040741,""dpkiOnchainMptVerify"":0.4931999444961548,""dpkiOnchainOpenSslVerifyCert"":9.06089997291565,""dpkiOnchainAssertionSign"":11.22709995508194,""dpkiOnchainAssertionVerify"":9.453400015830994,""dpkiOnchainAuthSignature"":2.1283000111579895}",1,6667373,0x2422667cf3c773941855bbad311612f7785723cac98dd477489ab4f5725430e4
0,DPKI,17,intra-on-chain,true,false,30240.293835415134,38959.80493540932,39049.73463536669,89.92969995737076,0,89.92969995737076,-1,1,1,65,"{""dpkiOnchainAuthenticateTx"":41.519599974155426,""dpkiOnchainCertTransferHttp"":0.3912000060081482,""dpkiOnchainRelayHttp"":0,""dpkiCrossRelayHttp"":0,""dpkiOnchainMptProofHttpQuery"":3.119099974632263,""dpkiOnchainMptProofSignerCertVerify"":9.738200008869171,""dpkiOnchainMptProofResponseVerify"":0.4406999945640564,""dpkiOnchainRootRead"":2.0450000166893005,""dpkiOnchainMptVerify"":0.41449999809265137,""dpkiOnchainOpenSslVerifyCert"":9.395099997520447,""dpkiOnchainAssertionSign"":11.799499988555908,""dpkiOnchainAssertionVerify"":8.729499995708466,""dpkiOnchainAuthSignature"":1.914799988269806}",1,6667374,0x4909caebfbc9d100a145dfe038227c6aa81de17bcdc7c1bfb13d2077ef504221
0,DPKI,18,intra-on-chain,true,false,32956.57412796263,41676.08522795681,41829.484427979034,153.3992000222206,0,153.3992000222206,-1,1,1,65,"{""dpkiOnchainAuthenticateTx"":91.06220000982285,""dpkiOnchainCertTransferHttp"":1.6133999824523926,""dpkiOnchainRelayHttp"":0,""dpkiCrossRelayHttp"":0,""dpkiOnchainMptProofHttpQuery"":14.397599995136261,""dpkiOnchainMptProofSignerCertVerify"":9.845800042152405,""dpkiOnchainMptProofResponseVerify"":0.4745999574661255,""dpkiOnchainRootRead"":2.34579998254776,""dpkiOnchainMptVerify"":0.439300000667572,""dpkiOnchainOpenSslVerifyCert"":9.366400003433228,""dpkiOnchainAssertionSign"":11.630900025367737,""dpkiOnchainAssertionVerify"":9.46150004863739,""dpkiOnchainAuthSignature"":2.354300022125244}",1,6667377,0xbfc6e57b8baa647bab1686e7f63296923fbc615858c47377193930f1b85bd30c
0,DPKI,19,intra-on-chain,true,false,35068.601685938236,43788.11278593242,43942.20478594005,154.0920000076294,0,154.0920000076294,-1,1,1,65,"{""dpkiOnchainAuthenticateTx"":91.06069999933243,""dpkiOnchainCertTransferHttp"":0.42239999771118164,""dpkiOnchainRelayHttp"":0,""dpkiCrossRelayHttp"":0,""dpkiOnchainMptProofHttpQuery"":15.515900015830994,""dpkiOnchainMptProofSignerCertVerify"":9.671599984169006,""dpkiOnchainMptProofResponseVerify"":0.42989999055862427,""dpkiOnchainRootRead"":1.9811999797821045,""dpkiOnchainMptVerify"":0.4532000422477722,""dpkiOnchainOpenSslVerifyCert"":10.766000032424927,""dpkiOnchainAssertionSign"":12.449699997901917,""dpkiOnchainAssertionVerify"":8.91159999370575,""dpkiOnchainAuthSignature"":1.9448999762535095}",1,6667380,0x00cfb3f1ed60997d0a498eea422ab8cfc512f14f3ead4eaf913187258a785071
0,DPKI,20,intra-on-chain,true,false,35133.61282878306,43853.12392877724,43959.93888592422,106.81495714697667,26.049557154510694,80.76539999246597,-1,1,1,65,"{""dpkiOnchainAuthenticateTx"":29.60149997472763,""dpkiOnchainCertTransferHttp"":0.31529998779296875,""dpkiOnchainRelayHttp"":0,""dpkiCrossRelayHttp"":0,""dpkiOnchainMptProofHttpQuery"":5.041000008583069,""dpkiOnchainMptProofSignerCertVerify"":10.26469999551773,""dpkiOnchainMptProofResponseVerify"":0.486299991607666,""dpkiOnchainRootRead"":1.7887000441551208,""dpkiOnchainMptVerify"":0.39030003547668457,""dpkiOnchainOpenSslVerifyCert"":9.533200025558472,""dpkiOnchainAssertionSign"":11.698800027370453,""dpkiOnchainAssertionVerify"":9.213299989700317,""dpkiOnchainAuthSignature"":1.969700038433075}",1,6667383,0xa945b7a3f0e930f1981bb99046f80d64ea3649b5b87236630cd5743b1f2158f2
0,DPKI,21,intra-on-chain,true,false,39476.68356275519,48196.194662749374,48409.214862703884,213.02019995450974,0,213.02019995450974,-1,1,1,65,"{""dpkiOnchainAuthenticateTx"":150.15829998254776,""dpkiOnchainCertTransferHttp"":2.3729000091552734,""dpkiOnchainRelayHttp"":0,""dpkiCrossRelayHttp"":0,""dpkiOnchainMptProofHttpQuery"":13.306699991226196,""dpkiOnchainMptProofSignerCertVerify"":9.536100029945374,""dpkiOnchainMptProofResponseVerify"":0.39410001039505005,""dpkiOnchainRootRead"":2.3336000442504883,""dpkiOnchainMptVerify"":0.4173000454902649,""dpkiOnchainOpenSslVerifyCert"":9.594600021839142,""dpkiOnchainAssertionSign"":12.252099990844727,""dpkiOnchainAssertionVerify"":9.665300011634827,""dpkiOnchainAuthSignature"":2.514400005340576}",1,6667386,0x47d5b07e57b0e4787123ce342c1a4e448dbcd5df9848cb87a881272e111ff179
0,DPKI,22,intra-on-chain,true,false,42521.35020152711,51240.86130152129,51343.781401554574,102.92010003328323,0,102.92010003328323,-1,1,1,65,"{""dpkiOnchainAuthenticateTx"":45.68049997091293,""dpkiOnchainCertTransferHttp"":0.7037000060081482,""dpkiOnchainRelayHttp"":0,""dpkiCrossRelayHttp"":0,""dpkiOnchainMptProofHttpQuery"":4.749400019645691,""dpkiOnchainMptProofSignerCertVerify"":10.19190001487732,""dpkiOnchainMptProofResponseVerify"":0.5819999575614929,""dpkiOnchainRootRead"":2.923799991607666,""dpkiOnchainMptVerify"":0.3912000060081482,""dpkiOnchainOpenSslVerifyCert"":10.210799992084503,""dpkiOnchainAssertionSign"":15.186900019645691,""dpkiOnchainAssertionVerify"":9.955899953842163,""dpkiOnchainAuthSignature"":1.9210000038146973}",1,6667390,0x11f70276d0c42aaf7c1358f1775dd3ed9aff90215e24d3c992d23a8afc84c332
0,DPKI,23,intra-on-chain,true,false,42897.898253754,51617.40935374818,51704.147653773645,86.7383000254631,0,86.7383000254631,-1,1,1,65,"{""dpkiOnchainAuthenticateTx"":35.36890000104904,""dpkiOnchainCertTransferHttp"":0.04159998893737793,""dpkiOnchainRelayHttp"":0,""dpkiCrossRelayHttp"":0,""dpkiOnchainMptProofHttpQuery"":4.075100004673004,""dpkiOnchainMptProofSignerCertVerify"":9.812099993228912,""dpkiOnchainMptProofResponseVerify"":0.5379000306129456,""dpkiOnchainRootRead"":1.8955000042915344,""dpkiOnchainMptVerify"":0.5151000022888184,""dpkiOnchainOpenSslVerifyCert"":9.52350002527237,""dpkiOnchainAssertionSign"":12.767599999904633,""dpkiOnchainAssertionVerify"":9.656199991703033,""dpkiOnchainAuthSignature"":2.09170001745224}",1,6667393,0x411f37663882ffff4b085337ce20fc5f3dec75b8cf3bc3e21879af445c2714d5
0,DPKI,24,intra-on-chain,true,false,43367.87538187845,52087.386481872636,52192.51908188208,105.13260000944138,0,105.13260000944138,-1,1,1,65,"{""dpkiOnchainAuthenticateTx"":57.31010001897812,""dpkiOnchainCertTransferHttp"":0.7204000353813171,""dpkiOnchainRelayHttp"":0,""dpkiCrossRelayHttp"":0,""dpkiOnchainMptProofHttpQuery"":2.2190000414848328,""dpkiOnchainMptProofSignerCertVerify"":9.604900002479553,""dpkiOnchainMptProofResponseVerify"":0.4706000089645386,""dpkiOnchainRootRead"":2.240000009536743,""dpkiOnchainMptVerify"":0.40199995040893555,""dpkiOnchainOpenSslVerifyCert"":9.124899983406067,""dpkiOnchainAssertionSign"":11.643899977207184,""dpkiOnchainAssertionVerify"":9.11980003118515,""dpkiOnchainAuthSignature"":1.8883999586105347}",1,6667397,0x706d2b5fe7dbe2688d5d297bd4e68522149c1c9dd3c2cce135cd13ec58f4a793
0,DPKI,25,intra-on-chain,true,false,44633.81659733861,53353.327697332796,53477.14399736732,123.81630003452301,0,123.81630003452301,-1,1,1,65,"{""dpkiOnchainAuthenticateTx"":61.1075000166893,""dpkiOnchainCertTransferHttp"":0.2777000069618225,""dpkiOnchainRelayHttp"":0,""dpkiCrossRelayHttp"":0,""dpkiOnchainMptProofHttpQuery"":15.820900022983551,""dpkiOnchainMptProofSignerCertVerify"":9.571299970149994,""dpkiOnchainMptProofResponseVerify"":0.415399968624115,""dpkiOnchainRootRead"":2.4126999974250793,""dpkiOnchainMptVerify"":0.6039000153541565,""dpkiOnchainOpenSslVerifyCert"":9.522599995136261,""dpkiOnchainAssertionSign"":11.948400020599365,""dpkiOnchainAssertionVerify"":9.30809998512268,""dpkiOnchainAuthSignature"":2.403999984264374}",1,6667400,0x0c1c7f73731f8fac72e3bb8558a3e162878c40a577b2644b9820ece0bff2a129
0,DPKI,26,intra-on-chain,true,false,46254.78992432324,54974.30102431742,55100.06612431971,125.76510000228882,0,125.76510000228882,-1,1,1,65,"{""dpkiOnchainAuthenticateTx"":74.75640004873276,""dpkiOnchainCertTransferHttp"":0.381600022315979,""dpkiOnchainRelayHttp"":0,""dpkiCrossRelayHttp"":0,""dpkiOnchainMptProofHttpQuery"":4.39029997587204,""dpkiOnchainMptProofSignerCertVerify"":10.333100020885468,""dpkiOnchainMptProofResponseVerify"":0.4294000267982483,""dpkiOnchainRootRead"":1.9126999974250793,""dpkiOnchainMptVerify"":0.40390002727508545,""dpkiOnchainOpenSslVerifyCert"":9.3610999584198,""dpkiOnchainAssertionSign"":12.268999993801117,""dpkiOnchainAssertionVerify"":9.051999986171722,""dpkiOnchainAuthSignature"":2.0379000306129456}",1,6667403,0x06323a509a028c0f47cafe7c40f583acfd1b221f67057704f54e60e050a39bd8
0,DPKI,27,intra-on-chain,true,false,46934.77265962182,55654.283759616,55756.66055961667,102.37680000066757,0,102.37680000066757,-1,1,1,65,"{""dpkiOnchainAuthenticateTx"":40.58160001039505,""dpkiOnchainCertTransferHttp"":1.4567000269889832,""dpkiOnchainRelayHttp"":0,""dpkiCrossRelayHttp"":0,""dpkiOnchainMptProofHttpQuery"":13.77649998664856,""dpkiOnchainMptProofSignerCertVerify"":10.266200006008148,""dpkiOnchainMptProofResponseVerify"":0.4388999938964844,""dpkiOnchainRootRead"":1.7569000124931335,""dpkiOnchainMptVerify"":0.4150000214576721,""dpkiOnchainOpenSslVerifyCert"":9.839800000190735,""dpkiOnchainAssertionSign"":12.153199970722198,""dpkiOnchainAssertionVerify"":9.246500015258789,""dpkiOnchainAuthSignature"":2.002400040626526}",1,6667405,0xa85f892a0b4f033ad7bf17c423a2539f216d3502629a942cc7b141ba597bed56
0,DPKI,28,intra-on-chain,true,false,48299.36196900185,57018.873068996036,57128.17436898526,109.30129998922348,0,109.30129998922348,-1,1,1,65,"{""dpkiOnchainAuthenticateTx"":31.70030003786087,""dpkiOnchainCertTransferHttp"":1.5672999620437622,""dpkiOnchainRelayHttp"":0,""dpkiCrossRelayHttp"":0,""dpkiOnchainMptProofHttpQuery"":30.409500002861023,""dpkiOnchainMptProofSignerCertVerify"":10.276699960231781,""dpkiOnchainMptProofResponseVerify"":0.4697999954223633,""dpkiOnchainRootRead"":1.9559000134468079,""dpkiOnchainMptVerify"":0.4085000157356262,""dpkiOnchainOpenSslVerifyCert"":9.02590000629425,""dpkiOnchainAssertionSign"":11.311800003051758,""dpkiOnchainAssertionVerify"":9.273599982261658,""dpkiOnchainAuthSignature"":2.488200008869171}",1,6667409,0x41a020f84cf842f3b353e4ba2a844fcb22f3f992874c3487dee16a65324d1e25
0,DPKI,29,intra-on-chain,true,false,49911.488946106765,58631.00004610095,58725.53164609942,94.53159999847412,0,94.53159999847412,-1,1,1,65,"{""dpkiOnchainAuthenticateTx"":46.479499995708466,""dpkiOnchainCertTransferHttp"":1.0281999707221985,""dpkiOnchainRelayHttp"":0,""dpkiCrossRelayHttp"":0,""dpkiOnchainMptProofHttpQuery"":2.5526000261306763,""dpkiOnchainMptProofSignerCertVerify"":9.46969997882843,""dpkiOnchainMptProofResponseVerify"":0.5526000261306763,""dpkiOnchainRootRead"":2.122099995613098,""dpkiOnchainMptVerify"":0.3919999599456787,""dpkiOnchainOpenSslVerifyCert"":9.137799978256226,""dpkiOnchainAssertionSign"":11.490199983119965,""dpkiOnchainAssertionVerify"":8.834999978542328,""dpkiOnchainAuthSignature"":2.049299955368042}",1,6667415,0x09f78eada7f5d02a52efd40cf2f2a0b38679b6045a8bd61519e0765b81abed4f
0,DPKI,30,intra-on-chain,true,false,54197.5746888781,62917.08578887228,63019.060088899176,101.97430002689362,0,101.97430002689362,-1,1,1,65,"{""dpkiOnchainAuthenticateTx"":27.974700033664703,""dpkiOnchainCertTransferHttp"":0.2639000415802002,""dpkiOnchainRelayHttp"":0,""dpkiCrossRelayHttp"":0,""dpkiOnchainMptProofHttpQuery"":17.131900012493134,""dpkiOnchainMptProofSignerCertVerify"":9.623300015926361,""dpkiOnchainMptProofResponseVerify"":0.4376000165939331,""dpkiOnchainRootRead"":4.575200021266937,""dpkiOnchainMptVerify"":0.3913000226020813,""dpkiOnchainOpenSslVerifyCert"":10.341600000858307,""dpkiOnchainAssertionSign"":19.178100049495697,""dpkiOnchainAssertionVerify"":9.628600001335144,""dpkiOnchainAuthSignature"":1.9811000227928162}",1,6667417,0x90046a9677bc7ca7d0e3da0354033493370b7e9b395902009a5b86fba0e3f7ba
0,DPKI,31,intra-on-chain,true,false,54503.486828654095,63222.99792864828,63350.79502865581,127.79710000753403,0,127.79710000753403,-1,1,1,65,"{""dpkiOnchainAuthenticateTx"":78.11779999732971,""dpkiOnchainCertTransferHttp"":0.5117999911308289,""dpkiOnchainRelayHttp"":0,""dpkiCrossRelayHttp"":0,""dpkiOnchainMptProofHttpQuery"":3.1787999868392944,""dpkiOnchainMptProofSignerCertVerify"":9.627499997615814,""dpkiOnchainMptProofResponseVerify"":0.4275999665260315,""dpkiOnchainRootRead"":1.8393999934196472,""dpkiOnchainMptVerify"":0.4083999991416931,""dpkiOnchainOpenSslVerifyCert"":9.879999995231628,""dpkiOnchainAssertionSign"":12.343500018119812,""dpkiOnchainAssertionVerify"":9.083199977874756,""dpkiOnchainAuthSignature"":1.9496000409126282}",1,6667422,0x11e0c3ea64cf012ae828eb3ce3c7e799abd6323a864fc394e42505319fd58110
0,DPKI,32,intra-on-chain,true,false,56527.69083199326,65247.201931987445,65355.91073200528,108.70880001783371,0,108.70880001783371,-1,1,1,65,"{""dpkiOnchainAuthenticateTx"":58.790199995040894,""dpkiOnchainCertTransferHttp"":0.33949995040893555,""dpkiOnchainRelayHttp"":0,""dpkiCrossRelayHttp"":0,""dpkiOnchainMptProofHttpQuery"":2.873699963092804,""dpkiOnchainMptProofSignerCertVerify"":9.958199977874756,""dpkiOnchainMptProofResponseVerify"":0.45190000534057617,""dpkiOnchainRootRead"":2.150600016117096,""dpkiOnchainMptVerify"":0.38830000162124634,""dpkiOnchainOpenSslVerifyCert"":9.53549998998642,""dpkiOnchainAssertionSign"":12.231000006198883,""dpkiOnchainAssertionVerify"":9.626000046730042,""dpkiOnchainAuthSignature"":1.9815000295639038}",1,6667425,0x0937ca4f289b9fe1d7a1802900c4fa97d6212c58be9874879d2fc86fc860fa87
0,DPKI,33,intra-on-chain,true,false,59716.12917372627,68435.64027372046,68561.44307372018,125.8027999997139,0,125.8027999997139,-1,1,1,65,"{""dpkiOnchainAuthenticateTx"":72.60089999437332,""dpkiOnchainCertTransferHttp"":0.3642999529838562,""dpkiOnchainRelayHttp"":0,""dpkiCrossRelayHttp"":0,""dpkiOnchainMptProofHttpQuery"":3.8705999851226807,""dpkiOnchainMptProofSignerCertVerify"":10.11549997329712,""dpkiOnchainMptProofResponseVerify"":0.448199987411499,""dpkiOnchainRootRead"":1.840499997138977,""dpkiOnchainMptVerify"":0.3769000172615051,""dpkiOnchainOpenSslVerifyCert"":13.246899962425232,""dpkiOnchainAssertionSign"":11.44489997625351,""dpkiOnchainAssertionVerify"":9.171000003814697,""dpkiOnchainAuthSignature"":1.8303000330924988}",1,6667427,0xb7bee4dc2d082a14145a4a29f64b1124c123a033c5215136e1d7a723738839ab
0,DPKI,34,intra-on-chain,true,false,68081.56684173194,76801.07794172612,76900.27464176265,99.19670003652573,0,99.19670003652573,-1,1,1,65,"{""dpkiOnchainAuthenticateTx"":39.631300032138824,""dpkiOnchainCertTransferHttp"":1.105400025844574,""dpkiOnchainRelayHttp"":0,""dpkiCrossRelayHttp"":0,""dpkiOnchainMptProofHttpQuery"":14.252799987792969,""dpkiOnchainMptProofSignerCertVerify"":9.762799978256226,""dpkiOnchainMptProofResponseVerify"":0.46650004386901855,""dpkiOnchainRootRead"":2.027999997138977,""dpkiOnchainMptVerify"":0.3878999948501587,""dpkiOnchainOpenSslVerifyCert"":9.227100014686584,""dpkiOnchainAssertionSign"":11.249700009822845,""dpkiOnchainAssertionVerify"":8.739600002765656,""dpkiOnchainAuthSignature"":1.8319000005722046}",1,6667430,0xe427dbea2d6060571c71e3cec50a29613c0e87f1721b63fd74f9466f5bae55b2
0,DPKI,35,intra-on-chain,true,false,68228.72472144959,76948.23582144377,77105.97332139609,157.73749995231628,0,157.73749995231628,-1,1,1,65,"{""dpkiOnchainAuthenticateTx"":94.74020004272461,""dpkiOnchainCertTransferHttp"":1.8744999766349792,""dpkiOnchainRelayHttp"":0,""dpkiCrossRelayHttp"":0,""dpkiOnchainMptProofHttpQuery"":13.535700023174286,""dpkiOnchainMptProofSignerCertVerify"":9.952899992465973,""dpkiOnchainMptProofResponseVerify"":0.4657999873161316,""dpkiOnchainRootRead"":1.972100019454956,""dpkiOnchainMptVerify"":0.4069000482559204,""dpkiOnchainOpenSslVerifyCert"":10.449400007724762,""dpkiOnchainAssertionSign"":12.79009997844696,""dpkiOnchainAssertionVerify"":9.140999972820282,""dpkiOnchainAuthSignature"":1.9740999937057495}",1,6667433,0x68186ff42f01838fc9c7c6adbeff5e727b48045b92f6ee65c936385dd44127ab
0,DPKI,36,intra-on-chain,true,false,69844.12538282429,78563.63648281847,78679.23378281151,115.59729999303818,0,115.59729999303818,-1,1,1,65,"{""dpkiOnchainAuthenticateTx"":60.765900015830994,""dpkiOnchainCertTransferHttp"":0.5482000112533569,""dpkiOnchainRelayHttp"":0,""dpkiCrossRelayHttp"":0,""dpkiOnchainMptProofHttpQuery"":8.178700029850006,""dpkiOnchainMptProofSignerCertVerify"":10.12660002708435,""dpkiOnchainMptProofResponseVerify"":0.42979997396469116,""dpkiOnchainRootRead"":1.920199990272522,""dpkiOnchainMptVerify"":0.5024999976158142,""dpkiOnchainOpenSslVerifyCert"":9.059099972248077,""dpkiOnchainAssertionSign"":11.968699991703033,""dpkiOnchainAssertionVerify"":9.760800004005432,""dpkiOnchainAuthSignature"":1.9523000121116638}",1,6667436,0x2b28de3fcd49c2f11d455f7c836f6020248de37da9d3f3cb79b2d3c192d82ce4
0,DPKI,37,intra-on-chain,true,false,70416.83424273854,79136.34534273272,79249.36764273768,113.0223000049591,0,113.0223000049591,-1,1,1,65,"{""dpkiOnchainAuthenticateTx"":35.32909995317459,""dpkiOnchainCertTransferHttp"":0.062099993228912354,""dpkiOnchainRelayHttp"":0,""dpkiCrossRelayHttp"":0,""dpkiOnchainMptProofHttpQuery"":30.63510000705719,""dpkiOnchainMptProofSignerCertVerify"":9.523999989032745,""dpkiOnchainMptProofResponseVerify"":0.43720000982284546,""dpkiOnchainRootRead"":1.9855999946594238,""dpkiOnchainMptVerify"":0.40299999713897705,""dpkiOnchainOpenSslVerifyCert"":10.003600001335144,""dpkiOnchainAssertionSign"":12.653900027275085,""dpkiOnchainAssertionVerify"":9.437000036239624,""dpkiOnchainAuthSignature"":2.1460999846458435}",1,6667438,0x343160ca71cd37aed0a6a3a7c12c2203365869ead4694c366c326c62946f2aac
0,DPKI,38,intra-on-chain,true,false,73919.82417114101,82639.33527113519,82775.68457110248,136.34929996728897,0,136.34929996728897,-1,1,1,65,"{""dpkiOnchainAuthenticateTx"":59.51639997959137,""dpkiOnchainCertTransferHttp"":0.5537000298500061,""dpkiOnchainRelayHttp"":0,""dpkiCrossRelayHttp"":0,""dpkiOnchainMptProofHttpQuery"":30.467599987983704,""dpkiOnchainMptProofSignerCertVerify"":9.59630000591278,""dpkiOnchainMptProofResponseVerify"":0.41909998655319214,""dpkiOnchainRootRead"":2.1670000553131104,""dpkiOnchainMptVerify"":0.3799999952316284,""dpkiOnchainOpenSslVerifyCert"":9.614300012588501,""dpkiOnchainAssertionSign"":12.513200044631958,""dpkiOnchainAssertionVerify"":8.892300009727478,""dpkiOnchainAuthSignature"":1.820900022983551}",1,6667441,0x76f1787b13aad38e582e71913151a187b6061f5c0935c5ba732283dbff6bd797
0,DPKI,39,intra-on-chain,true,false,75188.65161327504,83908.16271326922,84018.24511323356,110.08239996433258,0,110.08239996433258,-1,1,1,65,"{""dpkiOnchainAuthenticateTx"":60.99150002002716,""dpkiOnchainCertTransferHttp"":0.19450002908706665,""dpkiOnchainRelayHttp"":0,""dpkiCrossRelayHttp"":0,""dpkiOnchainMptProofHttpQuery"":4.796900033950806,""dpkiOnchainMptProofSignerCertVerify"":9.494199991226196,""dpkiOnchainMptProofResponseVerify"":0.39309996366500854,""dpkiOnchainRootRead"":1.8361999988555908,""dpkiOnchainMptVerify"":0.3547000288963318,""dpkiOnchainOpenSslVerifyCert"":9.070699989795685,""dpkiOnchainAssertionSign"":11.86379998922348,""dpkiOnchainAssertionVerify"":8.840800046920776,""dpkiOnchainAuthSignature"":1.8720999956130981}",1,6667443,0x056034e6740af33fe58cadbbb051f01349e9ce7679d6757ef2d2eeafef4b9629
0,DPKI,40,intra-on-chain,true,false,75494.44798889272,84213.9590888869,84309.72048887126,95.76139998435974,0,95.76139998435974,-1,1,1,65,"{""dpkiOnchainAuthenticateTx"":42.22879999876022,""dpkiOnchainCertTransferHttp"":4.776000022888184,""dpkiOnchainRelayHttp"":0,""dpkiCrossRelayHttp"":0,""dpkiOnchainMptProofHttpQuery"":4.448899984359741,""dpkiOnchainMptProofSignerCertVerify"":9.607599973678589,""dpkiOnchainMptProofResponseVerify"":0.4936000108718872,""dpkiOnchainRootRead"":1.8682000041007996,""dpkiOnchainMptVerify"":0.36559998989105225,""dpkiOnchainOpenSslVerifyCert"":9.076700031757355,""dpkiOnchainAssertionSign"":11.35970002412796,""dpkiOnchainAssertionVerify"":9.22189998626709,""dpkiOnchainAuthSignature"":1.8701000213623047}",1,6667446,0xbed4deb853c897aba485dcdac4cee1261784dc9c124e83462e239f5fc9e4c29e
0,DPKI,41,intra-on-chain,true,false,76394.6338464747,85114.14494646888,85220.56064648728,106.41570001840591,0,106.41570001840591,-1,1,1,65,"{""dpkiOnchainAuthenticateTx"":54.658300042152405,""dpkiOnchainCertTransferHttp"":2.9193000197410583,""dpkiOnchainRelayHttp"":0,""dpkiCrossRelayHttp"":0,""dpkiOnchainMptProofHttpQuery"":4.530000030994415,""dpkiOnchainMptProofSignerCertVerify"":9.691400051116943,""dpkiOnchainMptProofResponseVerify"":0.5455999970436096,""dpkiOnchainRootRead"":2.152400016784668,""dpkiOnchainMptVerify"":0.3458999991416931,""dpkiOnchainOpenSslVerifyCert"":8.989700019359589,""dpkiOnchainAssertionSign"":11.484300017356873,""dpkiOnchainAssertionVerify"":8.582800030708313,""dpkiOnchainAuthSignature"":2.128399968147278}",1,6667450,0x021ae7b2354a9edfd322415ab14a2b2d5b2666f9c00b182922571b9c16bb55fd
0,DPKI,42,intra-on-chain,true,false,78355.25818751728,87074.76928751146,87149.55488751804,74.78560000658035,0,74.78560000658035,-1,1,1,65,"{""dpkiOnchainAuthenticateTx"":25.06580001115799,""dpkiOnchainCertTransferHttp"":0.023800015449523926,""dpkiOnchainRelayHttp"":0,""dpkiCrossRelayHttp"":0,""dpkiOnchainMptProofHttpQuery"":4.308599948883057,""dpkiOnchainMptProofSignerCertVerify"":10.111799955368042,""dpkiOnchainMptProofResponseVerify"":0.48680001497268677,""dpkiOnchainRootRead"":2.1001999974250793,""dpkiOnchainMptVerify"":0.35670000314712524,""dpkiOnchainOpenSslVerifyCert"":9.436900019645691,""dpkiOnchainAssertionSign"":11.44159996509552,""dpkiOnchainAssertionVerify"":9.103799998760223,""dpkiOnchainAuthSignature"":1.9305000305175781}",1,6667453,0xf18d66aac74a3b8d1a71247e0f7f31524a172e2b187f1abe3235c4648bfad6cd
0,DPKI,43,intra-on-chain,true,false,79384.14708285291,88103.6581828471,88275.84538285692,172.18720000982285,0,172.18720000982285,-1,1,1,65,"{""dpkiOnchainAuthenticateTx"":119.58780002593994,""dpkiOnchainCertTransferHttp"":0.07859998941421509,""dpkiOnchainRelayHttp"":0,""dpkiCrossRelayHttp"":0,""dpkiOnchainMptProofHttpQuery"":6.974300026893616,""dpkiOnchainMptProofSignerCertVerify"":9.940899968147278,""dpkiOnchainMptProofResponseVerify"":0.437999963760376,""dpkiOnchainRootRead"":1.7032999992370605,""dpkiOnchainMptVerify"":0.3684999942779541,""dpkiOnchainOpenSslVerifyCert"":9.176200032234192,""dpkiOnchainAssertionSign"":12.239299952983856,""dpkiOnchainAssertionVerify"":9.427500009536743,""dpkiOnchainAuthSignature"":1.8507999777793884}",1,6667456,0x8fce946796fc4cd3919267070cdf2c4b3248456146962e461f624bc3f01e6a45
0,DPKI,44,intra-on-chain,true,false,82594.6019613001,91314.11306129428,91403.46576128932,89.3526999950409,0,89.3526999950409,-1,1,1,65,"{""dpkiOnchainAuthenticateTx"":39.425499975681305,""dpkiOnchainCertTransferHttp"":0.3709999918937683,""dpkiOnchainRelayHttp"":0,""dpkiCrossRelayHttp"":0,""dpkiOnchainMptProofHttpQuery"":3.473299980163574,""dpkiOnchainMptProofSignerCertVerify"":9.907200038433075,""dpkiOnchainMptProofResponseVerify"":0.4629000425338745,""dpkiOnchainRootRead"":1.9386000037193298,""dpkiOnchainMptVerify"":0.35680001974105835,""dpkiOnchainOpenSslVerifyCert"":9.229099988937378,""dpkiOnchainAssertionSign"":12.627099990844727,""dpkiOnchainAssertionVerify"":9.347299993038177,""dpkiOnchainAuthSignature"":1.7976999878883362}",1,6667461,0x3064e1cc9ab0a5d405a39fdfb642bcecd29014050057958c39f5ceaa4eb3c8da
0,DPKI,45,intra-on-chain,true,false,82689.21881865285,91408.72991864703,91575.70711867831,166.97720003128052,0,166.97720003128052,-1,1,1,65,"{""dpkiOnchainAuthenticateTx"":104.4186999797821,""dpkiOnchainCertTransferHttp"":0.05200004577636719,""dpkiOnchainRelayHttp"":0,""dpkiCrossRelayHttp"":0,""dpkiOnchainMptProofHttpQuery"":16.908400058746338,""dpkiOnchainMptProofSignerCertVerify"":10.198300004005432,""dpkiOnchainMptProofResponseVerify"":0.4061000347137451,""dpkiOnchainRootRead"":2.2512999773025513,""dpkiOnchainMptVerify"":0.37070000171661377,""dpkiOnchainOpenSslVerifyCert"":9.05239999294281,""dpkiOnchainAssertionSign"":11.824799954891205,""dpkiOnchainAssertionVerify"":9.14079999923706,""dpkiOnchainAuthSignature"":1.80239999294281}",1,6667464,0x85d06371c3543c5f7d5fa11d4e157857060abfd9591b392a9b889b2692c9ee66
0,DPKI,46,intra-on-chain,true,false,85608.51545230084,94328.02655229502,94486.7796523326,158.75310003757477,0,158.75310003757477,-1,1,1,65,"{""dpkiOnchainAuthenticateTx"":107.24799996614456,""dpkiOnchainCertTransferHttp"":0.06640005111694336,""dpkiOnchainRelayHttp"":0,""dpkiCrossRelayHttp"":0,""dpkiOnchainMptProofHttpQuery"":6.272700011730194,""dpkiOnchainMptProofSignerCertVerify"":9.463100016117096,""dpkiOnchainMptProofResponseVerify"":0.4405999779701233,""dpkiOnchainRootRead"":1.8014000058174133,""dpkiOnchainMptVerify"":0.3779999613761902,""dpkiOnchainOpenSslVerifyCert"":9.123099982738495,""dpkiOnchainAssertionSign"":12.428100049495697,""dpkiOnchainAssertionVerify"":9.269200026988983,""dpkiOnchainAuthSignature"":1.8003999590873718}",1,6667467,0xb714782e02143dd40ffcdda25edb231680304f99836cb5827c4bb895c59fd632
0,DPKI,47,intra-on-chain,true,false,88419.21417899577,97138.72527898995,97244.92637898175,106.2010999917984,0,106.2010999917984,-1,1,1,65,"{""dpkiOnchainAuthenticateTx"":41.82299995422363,""dpkiOnchainCertTransferHttp"":0.7900999784469604,""dpkiOnchainRelayHttp"":0,""dpkiCrossRelayHttp"":0,""dpkiOnchainMptProofHttpQuery"":14.315500020980835,""dpkiOnchainMptProofSignerCertVerify"":9.782999992370605,""dpkiOnchainMptProofResponseVerify"":0.46050000190734863,""dpkiOnchainRootRead"":1.7357999682426453,""dpkiOnchainMptVerify"":0.34960001707077026,""dpkiOnchainOpenSslVerifyCert"":9.754899978637695,""dpkiOnchainAssertionSign"":11.544800043106079,""dpkiOnchainAssertionVerify"":13.163500010967255,""dpkiOnchainAuthSignature"":1.81850004196167}",1,6667470,0x43d0cd293de7112080fdba1c4e4e1ce154f6ba823054fc81e68bc7dc88076fd9
0,DPKI,48,intra-on-chain,true,false,89578.15934373942,98297.6704437336,98374.84104379025,77.17060005664825,0,77.17060005664825,-1,1,1,65,"{""dpkiOnchainAuthenticateTx"":27.390199959278107,""dpkiOnchainCertTransferHttp"":0.45549994707107544,""dpkiOnchainRelayHttp"":0,""dpkiCrossRelayHttp"":0,""dpkiOnchainMptProofHttpQuery"":3.66949999332428,""dpkiOnchainMptProofSignerCertVerify"":9.518100023269653,""dpkiOnchainMptProofResponseVerify"":0.4236999750137329,""dpkiOnchainRootRead"":2.0810999870300293,""dpkiOnchainMptVerify"":0.38029998540878296,""dpkiOnchainOpenSslVerifyCert"":9.705200016498566,""dpkiOnchainAssertionSign"":11.885000050067902,""dpkiOnchainAssertionVerify"":9.316600024700165,""dpkiOnchainAuthSignature"":1.8688000440597534}",1,6667473,0xf29fe571dac2920e3d1a6e361de02bd6fd3a18c15d814bfae60bd78b59795a88
0,DPKI,49,intra-on-chain,true,false,93393.86379176038,102113.37489175456,102226.21749174254,112.8425999879837,0,112.8425999879837,-1,1,1,65,"{""dpkiOnchainAuthenticateTx"":58.82359999418259,""dpkiOnchainCertTransferHttp"":1.105400025844574,""dpkiOnchainRelayHttp"":0,""dpkiCrossRelayHttp"":0,""dpkiOnchainMptProofHttpQuery"":7.029400050640106,""dpkiOnchainMptProofSignerCertVerify"":10.421999990940094,""dpkiOnchainMptProofResponseVerify"":0.4706000089645386,""dpkiOnchainRootRead"":2.0927000045776367,""dpkiOnchainMptVerify"":0.367900013923645,""dpkiOnchainOpenSslVerifyCert"":9.038000047206879,""dpkiOnchainAssertionSign"":11.897200047969818,""dpkiOnchainAssertionVerify"":9.333700001239777,""dpkiOnchainAuthSignature"":1.845200002193451}",1,6667476,0x29d875586962eac78d807035c5f2389ed530f414bde7877f46eb94ca5eabdb36
0,DPKI,50,intra-on-chain,true,false,93901.67081017127,102621.18191016545,102785.15171016088,163.96979999542236,0,163.96979999542236,-1,1,1,65,"{""dpkiOnchainAuthenticateTx"":101.89020001888275,""dpkiOnchainCertTransferHttp"":0.298799991607666,""dpkiOnchainRelayHttp"":0,""dpkiCrossRelayHttp"":0,""dpkiOnchainMptProofHttpQuery"":15.254800021648407,""dpkiOnchainMptProofSignerCertVerify"":10.344700038433075,""dpkiOnchainMptProofResponseVerify"":0.44840002059936523,""dpkiOnchainRootRead"":1.8264999985694885,""dpkiOnchainMptVerify"":0.37459999322891235,""dpkiOnchainOpenSslVerifyCert"":9.751499950885773,""dpkiOnchainAssertionSign"":11.761399984359741,""dpkiOnchainAssertionVerify"":9.708400011062622,""dpkiOnchainAuthSignature"":1.9199999570846558}",1,6667480,0xd9463daa7800b3ef2d8a59074c1cd081e24d38c0a0a33bcc1e35d632339b98eb
0,DPKI,51,intra-on-chain,true,false,94621.24759650663,103340.75869650081,103470.23119652703,129.47250002622604,0,129.47250002622604,-1,1,1,65,"{""dpkiOnchainAuthenticateTx"":61.68060004711151,""dpkiOnchainCertTransferHttp"":0.42100000381469727,""dpkiOnchainRelayHttp"":0,""dpkiCrossRelayHttp"":0,""dpkiOnchainMptProofHttpQuery"":15.320599973201752,""dpkiOnchainMptProofSignerCertVerify"":10.187799990177155,""dpkiOnchainMptProofResponseVerify"":0.44290000200271606,""dpkiOnchainRootRead"":1.8730999827384949,""dpkiOnchainMptVerify"":0.3760000467300415,""dpkiOnchainOpenSslVerifyCert"":9.867599964141846,""dpkiOnchainAssertionSign"":12.396899998188019,""dpkiOnchainAssertionVerify"":14.539199948310852,""dpkiOnchainAuthSignature"":1.9254000186920166}",1,6667484,0x6798436856e70d01cd5455b89d3bb0d95aacd86722c510b5729fa2cd570564f9
0,DPKI,52,intra-on-chain,true,false,96704.13238702017,105423.64348701436,105556.6456870218,133.00220000743866,0,133.00220000743866,-1,1,1,65,"{""dpkiOnchainAuthenticateTx"":71.54909998178482,""dpkiOnchainCertTransferHttp"":1.0625,""dpkiOnchainRelayHttp"":0,""dpkiCrossRelayHttp"":0,""dpkiOnchainMptProofHttpQuery"":14.148899972438812,""dpkiOnchainMptProofSignerCertVerify"":9.523299992084503,""dpkiOnchainMptProofResponseVerify"":0.429099977016449,""dpkiOnchainRootRead"":2.07779997587204,""dpkiOnchainMptVerify"":0.34070003032684326,""dpkiOnchainOpenSslVerifyCert"":9.773200035095215,""dpkiOnchainAssertionSign"":12.623800039291382,""dpkiOnchainAssertionVerify"":9.137199997901917,""dpkiOnchainAuthSignature"":1.9509999752044678}",1,6667488,0x64d7736fcba111628017095084ce69b4651d6704560c7c13fcd6f969818fb959
0,DPKI,53,intra-on-chain,true,false,105238.49318587425,113958.00428586843,114081.04028588178,123.03600001335144,0,123.03600001335144,-1,1,1,65,"{""dpkiOnchainAuthenticateTx"":61.94660001993179,""dpkiOnchainCertTransferHttp"":0.6067000031471252,""dpkiOnchainRelayHttp"":0,""dpkiCrossRelayHttp"":0,""dpkiOnchainMptProofHttpQuery"":14.96340000629425,""dpkiOnchainMptProofSignerCertVerify"":9.984799981117249,""dpkiOnchainMptProofResponseVerify"":0.43449997901916504,""dpkiOnchainRootRead"":1.99099999666214,""dpkiOnchainMptVerify"":0.36090004444122314,""dpkiOnchainOpenSslVerifyCert"":8.955099999904633,""dpkiOnchainAssertionSign"":11.901800036430359,""dpkiOnchainAssertionVerify"":9.467599987983704,""dpkiOnchainAuthSignature"":1.9972999691963196}",1,6667490,0xc9624260a0c2c45b06fa6481054525d92da1b29444d562da2ae8d9d1da90405b
0,DPKI,54,intra-on-chain,true,false,105247.97447003734,113967.48557003152,114142.12938588503,174.64381585350202,52.46531585683988,122.17849999666214,-1,1,1,65,"{""dpkiOnchainAuthenticateTx"":46.3982999920845,""dpkiOnchainCertTransferHttp"":0.6632000207901001,""dpkiOnchainRelayHttp"":0,""dpkiCrossRelayHttp"":0,""dpkiOnchainMptProofHttpQuery"":17.32180005311966,""dpkiOnchainMptProofSignerCertVerify"":9.603599965572357,""dpkiOnchainMptProofResponseVerify"":0.47589999437332153,""dpkiOnchainRootRead"":2.167799949645996,""dpkiOnchainMptVerify"":0.3658999800682068,""dpkiOnchainOpenSslVerifyCert"":9.155600011348724,""dpkiOnchainAssertionSign"":24.410600006580353,""dpkiOnchainAssertionVerify"":9.279300034046173,""dpkiOnchainAuthSignature"":1.9083000421524048}",1,6667493,0xe8864e51f1d0cb087c6fd7a8fe94ca2a14ce62308c84e6902d4bc4c2ca340895
0,DPKI,55,intra-on-chain,true,false,106119.32242349128,114838.83352348546,114966.50762346725,127.67409998178482,0,127.67409998178482,-1,1,1,65,"{""dpkiOnchainAuthenticateTx"":63.34160000085831,""dpkiOnchainCertTransferHttp"":0.2987000346183777,""dpkiOnchainRelayHttp"":0,""dpkiCrossRelayHttp"":0,""dpkiOnchainMptProofHttpQuery"":18.598100006580353,""dpkiOnchainMptProofSignerCertVerify"":9.883899986743927,""dpkiOnchainMptProofResponseVerify"":0.4587000012397766,""dpkiOnchainRootRead"":1.8191999793052673,""dpkiOnchainMptVerify"":0.3756999969482422,""dpkiOnchainOpenSslVerifyCert"":9.536099970340729,""dpkiOnchainAssertionSign"":11.822400033473969,""dpkiOnchainAssertionVerify"":9.280400037765503,""dpkiOnchainAuthSignature"":1.734600007534027}",1,6667495,0x8883bf5e80f1681fac2ea055806a2cf32b901e73aea20861efed4dca70baa317
0,DPKI,56,intra-on-chain,true,false,108362.94177705137,117082.45287704555,117147.48767703859,65.03479999303818,0,65.03479999303818,-1,1,1,65,"{""dpkiOnchainAuthenticateTx"":12.408399999141693,""dpkiOnchainCertTransferHttp"":0.17299997806549072,""dpkiOnchainRelayHttp"":0,""dpkiCrossRelayHttp"":0,""dpkiOnchainMptProofHttpQuery"":7.774200022220612,""dpkiOnchainMptProofSignerCertVerify"":9.928099989891052,""dpkiOnchainMptProofResponseVerify"":0.46309995651245117,""dpkiOnchainRootRead"":1.986299991607666,""dpkiOnchainMptVerify"":0.3824999928474426,""dpkiOnchainOpenSslVerifyCert"":8.94049996137619,""dpkiOnchainAssertionSign"":11.486999988555908,""dpkiOnchainAssertionVerify"":9.32530003786087,""dpkiOnchainAuthSignature"":1.7843999862670898}",1,6667497,0x7918a666cfdf3e741104bb77d026758c73f15c278750711e041a94866f3bd19d
0,DPKI,57,intra-on-chain,true,false,108560.01934814359,117279.53044813777,117364.87844812775,85.34799998998642,0,85.34799998998642,-1,1,1,65,"{""dpkiOnchainAuthenticateTx"":25.316400051116943,""dpkiOnchainCertTransferHttp"":0.08050000667572021,""dpkiOnchainRelayHttp"":0,""dpkiCrossRelayHttp"":0,""dpkiOnchainMptProofHttpQuery"":15.525300025939941,""dpkiOnchainMptProofSignerCertVerify"":9.670499980449677,""dpkiOnchainMptProofResponseVerify"":0.4684000015258789,""dpkiOnchainRootRead"":1.9255000352859497,""dpkiOnchainMptVerify"":0.3621000051498413,""dpkiOnchainOpenSslVerifyCert"":8.953900039196014,""dpkiOnchainAssertionSign"":12.001200020313263,""dpkiOnchainAssertionVerify"":8.738900005817413,""dpkiOnchainAuthSignature"":1.8331999778747559}",1,6667499,0x5ecf60351518ae7967fddee4cef4149dd811b0d03fae57ccab7500d0647f88db
0,DPKI,58,intra-on-chain,true,false,110238.8899374298,118958.40103742399,119067.99123743095,109.59020000696182,0,109.59020000696182,-1,1,1,65,"{""dpkiOnchainAuthenticateTx"":48.12810003757477,""dpkiOnchainCertTransferHttp"":0.5530999898910522,""dpkiOnchainRelayHttp"":0,""dpkiCrossRelayHttp"":0,""dpkiOnchainMptProofHttpQuery"":15.27700001001358,""dpkiOnchainMptProofSignerCertVerify"":9.693700015544891,""dpkiOnchainMptProofResponseVerify"":0.4327000379562378,""dpkiOnchainRootRead"":1.9301000237464905,""dpkiOnchainMptVerify"":0.4043999910354614,""dpkiOnchainOpenSslVerifyCert"":9.946200013160706,""dpkiOnchainAssertionSign"":12.460300028324127,""dpkiOnchainAssertionVerify"":8.559399962425232,""dpkiOnchainAuthSignature"":1.773800015449524}",1,6667501,0x73a86becbad548e0f6e1f79e78805ae001ccd8e434a8963d19b3074a9a71d637
0,DPKI,59,intra-on-chain,true,false,111835.62914266787,120555.14024266205,120707.43654265604,152.29629999399185,0,152.29629999399185,-1,1,1,65,"{""dpkiOnchainAuthenticateTx"":91.26789999008179,""dpkiOnchainCertTransferHttp"":0.55840003490448,""dpkiOnchainRelayHttp"":0,""dpkiCrossRelayHttp"":0,""dpkiOnchainMptProofHttpQuery"":15.730199992656708,""dpkiOnchainMptProofSignerCertVerify"":9.561800003051758,""dpkiOnchainMptProofResponseVerify"":0.45399999618530273,""dpkiOnchainRootRead"":1.8172000050544739,""dpkiOnchainMptVerify"":0.5055000185966492,""dpkiOnchainOpenSslVerifyCert"":9.13950002193451,""dpkiOnchainAssertionSign"":11.779900014400482,""dpkiOnchainAssertionVerify"":9.296500027179718,""dpkiOnchainAuthSignature"":1.8009999990463257}",1,6667506,0xb6844780f648e354296c44f53d9d477015f2710c4ce7b92dc9ba10b1a8172761
0,DPKI,60,intra-on-chain,true,false,111852.701299358,120572.21239935218,120796.55314263306,224.34074328087445,74.19574329994794,150.1449999809265,-1,1,1,65,"{""dpkiOnchainAuthenticateTx"":93.74310004711151,""dpkiOnchainCertTransferHttp"":0.06619995832443237,""dpkiOnchainRelayHttp"":0,""dpkiCrossRelayHttp"":0,""dpkiOnchainMptProofHttpQuery"":6.272700011730194,""dpkiOnchainMptProofSignerCertVerify"":9.68419998884201,""dpkiOnchainMptProofResponseVerify"":0.45020002126693726,""dpkiOnchainRootRead"":2.15910005569458,""dpkiOnchainMptVerify"":0.5184000134468079,""dpkiOnchainOpenSslVerifyCert"":13.769700050354004,""dpkiOnchainAssertionSign"":11.423600018024445,""dpkiOnchainAssertionVerify"":9.708000004291534,""dpkiOnchainAuthSignature"":1.8801000118255615}",1,6667509,0x6f3de522ecb987ce1787460d1e116277d4049d966bb893ff1b7ad55cdde3fd84
0,DPKI,61,intra-on-chain,true,false,113452.56604186045,122172.07714185464,122284.16094187247,112.08380001783371,0,112.08380001783371,-1,1,1,65,"{""dpkiOnchainAuthenticateTx"":52.17150002717972,""dpkiOnchainCertTransferHttp"":0.8751000165939331,""dpkiOnchainRelayHttp"":0,""dpkiCrossRelayHttp"":0,""dpkiOnchainMptProofHttpQuery"":14.681299984455109,""dpkiOnchainMptProofSignerCertVerify"":9.606100022792816,""dpkiOnchainMptProofResponseVerify"":0.5993000268936157,""dpkiOnchainRootRead"":1.845300018787384,""dpkiOnchainMptVerify"":0.3871999979019165,""dpkiOnchainOpenSslVerifyCert"":9.243799984455109,""dpkiOnchainAssertionSign"":11.776900053024292,""dpkiOnchainAssertionVerify"":8.66370004415512,""dpkiOnchainAuthSignature"":1.8096999526023865}",1,6667511,0x6dba380809be72c78dc0f4a0948e144854e326f1ad38683efc19df7ebd5a2f2a
0,DPKI,62,intra-on-chain,true,false,114680.99152206867,123400.50262206285,123556.33812200515,155.8354999423027,0,155.8354999423027,-1,1,1,65,"{""dpkiOnchainAuthenticateTx"":93.9947999715805,""dpkiOnchainCertTransferHttp"":0.2932000160217285,""dpkiOnchainRelayHttp"":0,""dpkiCrossRelayHttp"":0,""dpkiOnchainMptProofHttpQuery"":15.88919997215271,""dpkiOnchainMptProofSignerCertVerify"":9.714399993419647,""dpkiOnchainMptProofResponseVerify"":0.4750000238418579,""dpkiOnchainRootRead"":1.9609000086784363,""dpkiOnchainMptVerify"":0.4006999731063843,""dpkiOnchainOpenSslVerifyCert"":9.388700008392334,""dpkiOnchainAssertionSign"":11.94810003042221,""dpkiOnchainAssertionVerify"":9.547399997711182,""dpkiOnchainAuthSignature"":1.796500027179718}",1,6667514,0xaa90b0d72a4e53ef73d09149a14ec4a4a51249012c6d8bddbcf4f59125271c14
0,DPKI,63,intra-on-chain,true,false,114879.97215535668,123599.48325535086,123716.33795532015,116.85469996929169,0,116.85469996929169,-1,1,1,65,"{""dpkiOnchainAuthenticateTx"":62.46729999780655,""dpkiOnchainCertTransferHttp"":0.2879999876022339,""dpkiOnchainRelayHttp"":0,""dpkiCrossRelayHttp"":0,""dpkiOnchainMptProofHttpQuery"":6.426499962806702,""dpkiOnchainMptProofSignerCertVerify"":10.100799977779388,""dpkiOnchainMptProofResponseVerify"":0.4565999507904053,""dpkiOnchainRootRead"":1.9643999934196472,""dpkiOnchainMptVerify"":0.36619997024536133,""dpkiOnchainOpenSslVerifyCert"":9.301500022411346,""dpkiOnchainAssertionSign"":12.900700032711029,""dpkiOnchainAssertionVerify"":9.785099983215332,""dpkiOnchainAuthSignature"":2.3585999608039856}",1,6667516,0xa036876a38736a31c97afbbee4bd77695f39faa9f4a8a272877f6517e54d304b
0,DPKI,64,intra-on-chain,true,false,115732.61170833862,124452.1228083328,124534.8049083308,82.68209999799728,0,82.68209999799728,-1,1,1,65,"{""dpkiOnchainAuthenticateTx"":23.048200011253357,""dpkiOnchainCertTransferHttp"":0.3822999596595764,""dpkiOnchainRelayHttp"":0,""dpkiCrossRelayHttp"":0,""dpkiOnchainMptProofHttpQuery"":15.351599991321564,""dpkiOnchainMptProofSignerCertVerify"":9.827800035476685,""dpkiOnchainMptProofResponseVerify"":0.4589000344276428,""dpkiOnchainRootRead"":2.130999982357025,""dpkiOnchainMptVerify"":0.35830003023147583,""dpkiOnchainOpenSslVerifyCert"":9.090999960899353,""dpkiOnchainAssertionSign"":11.055899977684021,""dpkiOnchainAssertionVerify"":8.701999962329865,""dpkiOnchainAuthSignature"":1.8754000067710876}",1,6667519,0xb1d696201e01bfb502fe12bca8a75043c3491035833ebee9a21390ba738aa98b
0,DPKI,65,intra-on-chain,true,false,118724.20803673056,127443.71913672474,127568.24653674153,124.52740001678467,0,124.52740001678467,-1,1,1,65,"{""dpkiOnchainAuthenticateTx"":64.86830002069473,""dpkiOnchainCertTransferHttp"":0.08539998531341553,""dpkiOnchainRelayHttp"":0,""dpkiCrossRelayHttp"":0,""dpkiOnchainMptProofHttpQuery"":6.373799979686737,""dpkiOnchainMptProofSignerCertVerify"":11.800599992275238,""dpkiOnchainMptProofResponseVerify"":0.5248000025749207,""dpkiOnchainRootRead"":2.2836000323295593,""dpkiOnchainMptVerify"":0.41750001907348633,""dpkiOnchainOpenSslVerifyCert"":11.956400036811829,""dpkiOnchainAssertionSign"":13.921199977397919,""dpkiOnchainAssertionVerify"":10.060200035572052,""dpkiOnchainAuthSignature"":1.7813000082969666}",1,6667521,0xf6cc6af6b8fb4e81974f7e6ac5bc8f675bee0d75e94319174b576323b7341f93
0,DPKI,66,intra-on-chain,true,false,119625.07130462387,128344.58240461805,128498.02920461156,153.44679999351501,0,153.44679999351501,-1,1,1,65,"{""dpkiOnchainAuthenticateTx"":93.41480004787445,""dpkiOnchainCertTransferHttp"":0.05880004167556763,""dpkiOnchainRelayHttp"":0,""dpkiCrossRelayHttp"":0,""dpkiOnchainMptProofHttpQuery"":15.670700013637543,""dpkiOnchainMptProofSignerCertVerify"":9.873499989509583,""dpkiOnchainMptProofResponseVerify"":0.4659000039100647,""dpkiOnchainRootRead"":1.695800006389618,""dpkiOnchainMptVerify"":0.42100000381469727,""dpkiOnchainOpenSslVerifyCert"":9.251599967479706,""dpkiOnchainAssertionSign"":11.570500016212463,""dpkiOnchainAssertionVerify"":8.66729998588562,""dpkiOnchainAuthSignature"":1.935100018978119}",1,6667525,0x5538b57ddf1977dc03a678787707f4ef41ac1e7d84cf015be8e6f06a400403ba
0,DPKI,67,intra-on-chain,true,false,121151.63862916219,129871.14972915637,129997.84782912719,126.69809997081757,0,126.69809997081757,-1,1,1,65,"{""dpkiOnchainAuthenticateTx"":63.34160000085831,""dpkiOnchainCertTransferHttp"":1.4962000250816345,""dpkiOnchainRelayHttp"":0,""dpkiCrossRelayHttp"":0,""dpkiOnchainMptProofHttpQuery"":14.470300018787384,""dpkiOnchainMptProofSignerCertVerify"":9.705699980258942,""dpkiOnchainMptProofResponseVerify"":0.4429999589920044,""dpkiOnchainRootRead"":2.269200026988983,""dpkiOnchainMptVerify"":0.3741000294685364,""dpkiOnchainOpenSslVerifyCert"":9.813499987125397,""dpkiOnchainAssertionSign"":12.959699988365173,""dpkiOnchainAssertionVerify"":9.542999982833862,""dpkiOnchainAuthSignature"":1.8481000065803528}",1,6667527,0x1aeea7712ecc0c4e722f16def4db772d5ab9ebb37edffb41fd2125443195601e
0,DPKI,68,intra-on-chain,true,false,122409.34018859992,131128.8512885941,131254.2413885964,125.39010000228882,0,125.39010000228882,-1,1,1,65,"{""dpkiOnchainAuthenticateTx"":61.385399997234344,""dpkiOnchainCertTransferHttp"":0.3506999611854553,""dpkiOnchainRelayHttp"":0,""dpkiCrossRelayHttp"":0,""dpkiOnchainMptProofHttpQuery"":16.353900015354156,""dpkiOnchainMptProofSignerCertVerify"":9.737100005149841,""dpkiOnchainMptProofResponseVerify"":0.44450002908706665,""dpkiOnchainRootRead"":2.592899978160858,""dpkiOnchainMptVerify"":0.4401000142097473,""dpkiOnchainOpenSslVerifyCert"":9.799799978733063,""dpkiOnchainAssertionSign"":12.46340000629425,""dpkiOnchainAssertionVerify"":9.550000011920929,""dpkiOnchainAuthSignature"":1.8616999983787537}",1,6667531,0xea8001f60edd275877e93ba33e5d33f3d167b8467176f32f4aa7febb175eb3c9
0,DPKI,69,intra-on-chain,true,false,129473.16706813632,138192.67816813051,138349.85866816103,157.18050003051758,0,157.18050003051758,-1,1,1,65,"{""dpkiOnchainAuthenticateTx"":104.90369999408722,""dpkiOnchainCertTransferHttp"":0.21480000019073486,""dpkiOnchainRelayHttp"":0,""dpkiCrossRelayHttp"":0,""dpkiOnchainMptProofHttpQuery"":4.388600051403046,""dpkiOnchainMptProofSignerCertVerify"":10.049899995326996,""dpkiOnchainMptProofResponseVerify"":0.43790000677108765,""dpkiOnchainRootRead"":2.0612000226974487,""dpkiOnchainMptVerify"":0.35920000076293945,""dpkiOnchainOpenSslVerifyCert"":9.593199968338013,""dpkiOnchainAssertionSign"":12.376199960708618,""dpkiOnchainAssertionVerify"":9.741199970245361,""dpkiOnchainAuthSignature"":2.620899975299835}",1,6667534,0x9d09f54e28b930abd4d75d83f7d9c89a235efdb6fc45d4f48cb19aabc8d60933
0,DPKI,70,intra-on-chain,true,false,133724.09772929948,142443.60882929366,142561.207329307,117.59850001335144,0,117.59850001335144,-1,1,1,65,"{""dpkiOnchainAuthenticateTx"":40.62569999694824,""dpkiOnchainCertTransferHttp"":1.8445000052452087,""dpkiOnchainRelayHttp"":0,""dpkiCrossRelayHttp"":0,""dpkiOnchainMptProofHttpQuery"":29.308399975299835,""dpkiOnchainMptProofSignerCertVerify"":9.282400012016296,""dpkiOnchainMptProofResponseVerify"":0.5004000067710876,""dpkiOnchainRootRead"":2.387999951839447,""dpkiOnchainMptVerify"":0.39890003204345703,""dpkiOnchainOpenSslVerifyCert"":9.370100021362305,""dpkiOnchainAssertionSign"":12.023900032043457,""dpkiOnchainAssertionVerify"":9.43340003490448,""dpkiOnchainAuthSignature"":1.960599958896637}",1,6667537,0xe61488fd9c66c8f5a9849c6314f1155cce2878e600327bdfe6d4239b1d5d9cc5
0,DPKI,71,intra-on-chain,true,false,138953.87048964144,147673.38158963562,147795.9390896404,122.55750000476837,0,122.55750000476837,-1,1,1,65,"{""dpkiOnchainAuthenticateTx"":61.50620001554489,""dpkiOnchainCertTransferHttp"":1.5346999764442444,""dpkiOnchainRelayHttp"":0,""dpkiCrossRelayHttp"":0,""dpkiOnchainMptProofHttpQuery"":13.624599993228912,""dpkiOnchainMptProofSignerCertVerify"":9.724700033664703,""dpkiOnchainMptProofResponseVerify"":0.47140002250671387,""dpkiOnchainRootRead"":2.0115000009536743,""dpkiOnchainMptVerify"":0.5866000056266785,""dpkiOnchainOpenSslVerifyCert"":9.724299967288971,""dpkiOnchainAssertionSign"":12.098900020122528,""dpkiOnchainAssertionVerify"":8.837499976158142,""dpkiOnchainAuthSignature"":2.0060999989509583}",1,6667541,0x536c367e571c3324c5a2aeaad486f24024dcb7b8c55726d86138167f508d08da
0,DPKI,72,intra-on-chain,true,false,141467.87111530738,150187.38221530156,150281.4810152455,94.09879994392395,0,94.09879994392395,-1,1,1,65,"{""dpkiOnchainAuthenticateTx"":46.15049999952316,""dpkiOnchainCertTransferHttp"":0.21770000457763672,""dpkiOnchainRelayHttp"":0,""dpkiCrossRelayHttp"":0,""dpkiOnchainMptProofHttpQuery"":2.8235999941825867,""dpkiOnchainMptProofSignerCertVerify"":9.440999984741211,""dpkiOnchainMptProofResponseVerify"":0.4406999945640564,""dpkiOnchainRootRead"":1.9451000094413757,""dpkiOnchainMptVerify"":0.40950000286102295,""dpkiOnchainOpenSslVerifyCert"":9.068099975585938,""dpkiOnchainAssertionSign"":11.879800021648407,""dpkiOnchainAssertionVerify"":9.342899978160858,""dpkiOnchainAuthSignature"":1.963599979877472}",1,6667545,0x4cd36faf8c6d274ae55577f953a15cb080ff5dea2ccd136dc80399155f282494
0,DPKI,73,intra-on-chain,true,false,141517.62729029564,150237.13839028982,150346.78749029545,109.64910000562668,0,109.64910000562668,-1,1,1,65,"{""dpkiOnchainAuthenticateTx"":59.40549999475479,""dpkiOnchainCertTransferHttp"":0.032199978828430176,""dpkiOnchainRelayHttp"":0,""dpkiCrossRelayHttp"":0,""dpkiOnchainMptProofHttpQuery"":3.013700008392334,""dpkiOnchainMptProofSignerCertVerify"":9.681600034236908,""dpkiOnchainMptProofResponseVerify"":0.5570000410079956,""dpkiOnchainRootRead"":2.058899998664856,""dpkiOnchainMptVerify"":0.370199978351593,""dpkiOnchainOpenSslVerifyCert"":11.283100008964539,""dpkiOnchainAssertionSign"":12.09060001373291,""dpkiOnchainAssertionVerify"":8.997300028800964,""dpkiOnchainAuthSignature"":1.7541999816894531}",1,6667548,0xac042126c486ccd4f55248a818c166167a20390999e6d23aa552c700e350533c
0,DPKI,74,intra-on-chain,true,false,143726.40895021326,152445.92005020744,152580.51745021707,134.5974000096321,0,134.5974000096321,-1,1,1,65,"{""dpkiOnchainAuthenticateTx"":58.29060000181198,""dpkiOnchainCertTransferHttp"":1.2924000024795532,""dpkiOnchainRelayHttp"":0,""dpkiCrossRelayHttp"":0,""dpkiOnchainMptProofHttpQuery"":29.787599980831146,""dpkiOnchainMptProofSignerCertVerify"":10.228799998760223,""dpkiOnchainMptProofResponseVerify"":0.48240000009536743,""dpkiOnchainRootRead"":2.2441999912261963,""dpkiOnchainMptVerify"":0.3700000047683716,""dpkiOnchainOpenSslVerifyCert"":9.427799999713898,""dpkiOnchainAssertionSign"":11.239099979400635,""dpkiOnchainAssertionVerify"":8.884099960327148,""dpkiOnchainAuthSignature"":1.9129000306129456}",1,6667551,0x781711fa68136eb22e1cc98919c9bee2997ff84d597b9550461e5dfe83518c3a
0,DPKI,75,intra-on-chain,true,false,143876.23961452374,152595.75071451793,152736.59691456685,140.8462000489235,0,140.8462000489235,-1,1,1,65,"{""dpkiOnchainAuthenticateTx"":60.64010000228882,""dpkiOnchainCertTransferHttp"":0.2605000138282776,""dpkiOnchainRelayHttp"":0,""dpkiCrossRelayHttp"":0,""dpkiOnchainMptProofHttpQuery"":32.52639997005463,""dpkiOnchainMptProofSignerCertVerify"":11.558399975299835,""dpkiOnchainMptProofResponseVerify"":0.5758999586105347,""dpkiOnchainRootRead"":2.029699981212616,""dpkiOnchainMptVerify"":0.40070003271102905,""dpkiOnchainOpenSslVerifyCert"":9.426100015640259,""dpkiOnchainAssertionSign"":12.0067999958992,""dpkiOnchainAssertionVerify"":8.976999998092651,""dpkiOnchainAuthSignature"":2.043000042438507}",1,6667553,0x00fe40cb8efc3ea8e23e41babdb0923551407fe6408ea5f333719db8bd30b70e
0,DPKI,76,intra-on-chain,true,false,148801.85720619195,157521.36830618614,157629.17930617565,107.81099998950958,0,107.81099998950958,-1,1,1,65,"{""dpkiOnchainAuthenticateTx"":59.393600046634674,""dpkiOnchainCertTransferHttp"":0.19249999523162842,""dpkiOnchainRelayHttp"":0,""dpkiCrossRelayHttp"":0,""dpkiOnchainMptProofHttpQuery"":2.905799984931946,""dpkiOnchainMptProofSignerCertVerify"":9.595400035381317,""dpkiOnchainMptProofResponseVerify"":0.40560001134872437,""dpkiOnchainRootRead"":2.1836000084877014,""dpkiOnchainMptVerify"":0.4724000096321106,""dpkiOnchainOpenSslVerifyCert"":9.233199954032898,""dpkiOnchainAssertionSign"":11.797500014305115,""dpkiOnchainAssertionVerify"":9.416899979114532,""dpkiOnchainAuthSignature"":1.8131999969482422}",1,6667555,0x6c6d2736c06be7d26970ec0ed40793372222341895eb5cfd6bf42cd68bc20370
0,DPKI,77,intra-on-chain,true,false,150659.79761402175,159379.30871401593,159537.8077140288,158.4990000128746,0,158.4990000128746,-1,1,1,65,"{""dpkiOnchainAuthenticateTx"":107.07639998197556,""dpkiOnchainCertTransferHttp"":0.7457000017166138,""dpkiOnchainRelayHttp"":0,""dpkiCrossRelayHttp"":0,""dpkiOnchainMptProofHttpQuery"":4.366299986839294,""dpkiOnchainMptProofSignerCertVerify"":9.502499997615814,""dpkiOnchainMptProofResponseVerify"":0.45090001821517944,""dpkiOnchainRootRead"":1.7587000131607056,""dpkiOnchainMptVerify"":0.3515999913215637,""dpkiOnchainOpenSslVerifyCert"":10.031899988651276,""dpkiOnchainAssertionSign"":12.799899995326996,""dpkiOnchainAssertionVerify"":9.178200006484985,""dpkiOnchainAuthSignature"":1.8112000226974487}",1,6667557,0xb25f4ac6270091196fb475dc6aceaca029741de9a0c46d564e7c9615c9e2f991
0,DPKI,78,intra-on-chain,true,false,153629.28709698006,162348.79819697424,162427.59739697262,78.79919999837875,0,78.79919999837875,-1,1,1,65,"{""dpkiOnchainAuthenticateTx"":25.74870002269745,""dpkiOnchainCertTransferHttp"":1.0032000541687012,""dpkiOnchainRelayHttp"":0,""dpkiCrossRelayHttp"":0,""dpkiOnchainMptProofHttpQuery"":5.97900003194809,""dpkiOnchainMptProofSignerCertVerify"":10.436499953269958,""dpkiOnchainMptProofResponseVerify"":0.4610000252723694,""dpkiOnchainRootRead"":1.88400000333786,""dpkiOnchainMptVerify"":0.3618999719619751,""dpkiOnchainOpenSslVerifyCert"":9.00079995393753,""dpkiOnchainAssertionSign"":12.144800007343292,""dpkiOnchainAssertionVerify"":9.62229996919632,""dpkiOnchainAuthSignature"":1.7670000195503235}",1,6667560,0x148f12f8c2a5d56b35020db596db3d4422d0ea61026bff9bf06da06d567d1918
0,DPKI,79,intra-on-chain,true,false,154048.47948925078,162767.99058924496,162914.96668921292,146.97609996795654,0,146.97609996795654,-1,1,1,65,"{""dpkiOnchainAuthenticateTx"":84.51620000600815,""dpkiOnchainCertTransferHttp"":1.3596999645233154,""dpkiOnchainRelayHttp"":0,""dpkiCrossRelayHttp"":0,""dpkiOnchainMptProofHttpQuery"":15.579699993133545,""dpkiOnchainMptProofSignerCertVerify"":9.854800045490265,""dpkiOnchainMptProofResponseVerify"":0.4063999652862549,""dpkiOnchainRootRead"":2.005299985408783,""dpkiOnchainMptVerify"":0.36949998140335083,""dpkiOnchainOpenSslVerifyCert"":9.4621000289917,""dpkiOnchainAssertionSign"":12.181199967861176,""dpkiOnchainAssertionVerify"":9.00110000371933,""dpkiOnchainAuthSignature"":1.811900019645691}",1,6667566,0x3bfe27b3c96e604df146930fec4ae2e8da158d0d0b81693cbcf89c43d370533d
0,DPKI,80,intra-on-chain,true,false,154904.9000027458,163624.41110273998,163762.92830279272,138.5172000527382,0,138.5172000527382,-1,1,1,65,"{""dpkiOnchainAuthenticateTx"":76.93639999628067,""dpkiOnchainCertTransferHttp"":1.1096999645233154,""dpkiOnchainRelayHttp"":0,""dpkiCrossRelayHttp"":0,""dpkiOnchainMptProofHttpQuery"":14.265699982643127,""dpkiOnchainMptProofSignerCertVerify"":9.945100009441376,""dpkiOnchainMptProofResponseVerify"":0.4575999975204468,""dpkiOnchainRootRead"":1.6445000171661377,""dpkiOnchainMptVerify"":0.3500000238418579,""dpkiOnchainOpenSslVerifyCert"":9.969600021839142,""dpkiOnchainAssertionSign"":11.905099987983704,""dpkiOnchainAssertionVerify"":9.625800013542175,""dpkiOnchainAuthSignature"":1.9014000296592712}",1,6667568,0x16c6adc7c29e0f96c37901aa82f6bfd9d870cda2bc820f01b8a7f434e822fd67
0,DPKI,81,intra-on-chain,true,false,156807.45753202576,165526.96863201994,165636.20473203796,109.23610001802444,0,109.23610001802444,-1,1,1,65,"{""dpkiOnchainAuthenticateTx"":44.37809997797012,""dpkiOnchainCertTransferHttp"":0.35499995946884155,""dpkiOnchainRelayHttp"":0,""dpkiCrossRelayHttp"":0,""dpkiOnchainMptProofHttpQuery"":17.702200055122375,""dpkiOnchainMptProofSignerCertVerify"":9.84119999408722,""dpkiOnchainMptProofResponseVerify"":0.510699987411499,""dpkiOnchainRootRead"":2.0069000124931335,""dpkiOnchainMptVerify"":0.39010000228881836,""dpkiOnchainOpenSslVerifyCert"":9.803400039672852,""dpkiOnchainAssertionSign"":12.731000006198883,""dpkiOnchainAssertionVerify"":9.21340000629425,""dpkiOnchainAuthSignature"":1.7909000515937805}",1,6667571,0x209af8f1e156e3031191add1fdc260dcaf72aa0d4701059b9d3685d5ad4dc67f
0,DPKI,82,intra-on-chain,true,false,161377.78382573638,170097.29492573056,170215.86062572512,118.56569999456406,0,118.56569999456406,-1,1,1,65,"{""dpkiOnchainAuthenticateTx"":56.56650000810623,""dpkiOnchainCertTransferHttp"":0.37940001487731934,""dpkiOnchainRelayHttp"":0,""dpkiCrossRelayHttp"":0,""dpkiOnchainMptProofHttpQuery"":15.236999988555908,""dpkiOnchainMptProofSignerCertVerify"":10.34500002861023,""dpkiOnchainMptProofResponseVerify"":0.4812999963760376,""dpkiOnchainRootRead"":1.8097000122070312,""dpkiOnchainMptVerify"":0.37629997730255127,""dpkiOnchainOpenSslVerifyCert"":9.315900027751923,""dpkiOnchainAssertionSign"":12.361199975013733,""dpkiOnchainAssertionVerify"":9.105099976062775,""dpkiOnchainAuthSignature"":2.005299985408783}",1,6667574,0x443f5a5a4fbda6daac390dc3348cb429e1f838edeb9efda1832f6edaf56e23d9
0,DPKI,83,intra-on-chain,true,false,164694.01586127293,173413.5269612671,173508.79566127073,95.26870000362396,0,95.26870000362396,-1,1,1,65,"{""dpkiOnchainAuthenticateTx"":45.46250003576279,""dpkiOnchainCertTransferHttp"":2.0117000341415405,""dpkiOnchainRelayHttp"":0,""dpkiCrossRelayHttp"":0,""dpkiOnchainMptProofHttpQuery"":2.477400004863739,""dpkiOnchainMptProofSignerCertVerify"":9.498300015926361,""dpkiOnchainMptProofResponseVerify"":0.44609999656677246,""dpkiOnchainRootRead"":1.8542999625205994,""dpkiOnchainMptVerify"":0.3748999834060669,""dpkiOnchainOpenSslVerifyCert"":9.571900010108948,""dpkiOnchainAssertionSign"":12.197200000286102,""dpkiOnchainAssertionVerify"":8.997899949550629,""dpkiOnchainAuthSignature"":1.8417999744415283}",1,6667577,0x16813f3f460223ca5dcf5f332d0aedd45aae358a8ce45d8a23f30f3043ab97f4
0,DPKI,84,intra-on-chain,true,false,165809.1634094082,174528.6745094024,174651.1498094164,122.47530001401901,0,122.47530001401901,-1,1,1,65,"{""dpkiOnchainAuthenticateTx"":42.604499995708466,""dpkiOnchainCertTransferHttp"":1.3971999883651733,""dpkiOnchainRelayHttp"":0,""dpkiCrossRelayHttp"":0,""dpkiOnchainMptProofHttpQuery"":30.673000037670135,""dpkiOnchainMptProofSignerCertVerify"":10.345700025558472,""dpkiOnchainMptProofResponseVerify"":0.4610000252723694,""dpkiOnchainRootRead"":2.309100031852722,""dpkiOnchainMptVerify"":0.4884999990463257,""dpkiOnchainOpenSslVerifyCert"":9.889799952507019,""dpkiOnchainAssertionSign"":12.199999988079071,""dpkiOnchainAssertionVerify"":9.740000009536743,""dpkiOnchainAuthSignature"":1.9483999609947205}",1,6667581,0x1fbdc898398ad9a188da88a1d5e3dc9fdc9cb9296139f3ce740ae2e9e84053f7
0,DPKI,85,intra-on-chain,true,false,168613.98601840102,177333.4971183952,177485.89881841504,152.40170001983643,0,152.40170001983643,-1,1,1,65,"{""dpkiOnchainAuthenticateTx"":89.86570000648499,""dpkiOnchainCertTransferHttp"":0.06669998168945312,""dpkiOnchainRelayHttp"":0,""dpkiCrossRelayHttp"":0,""dpkiOnchainMptProofHttpQuery"":15.896000027656555,""dpkiOnchainMptProofSignerCertVerify"":9.844700038433075,""dpkiOnchainMptProofResponseVerify"":0.3722999691963196,""dpkiOnchainRootRead"":1.9695000052452087,""dpkiOnchainMptVerify"":0.41200000047683716,""dpkiOnchainOpenSslVerifyCert"":10.134999990463257,""dpkiOnchainAssertionSign"":11.911499977111816,""dpkiOnchainAssertionVerify"":9.6807000041008,""dpkiOnchainAuthSignature"":1.7993000149726868}",1,6667584,0x047aee876d27651f2a812c3c7a63f75ac6a2428eedc6474b833e856e640c2c90
0,DPKI,86,intra-on-chain,true,false,168888.95468489945,177608.46578489363,177729.6820849043,121.21630001068115,0,121.21630001068115,-1,1,1,65,"{""dpkiOnchainAuthenticateTx"":59.92320001125336,""dpkiOnchainCertTransferHttp"":0.14590001106262207,""dpkiOnchainRelayHttp"":0,""dpkiCrossRelayHttp"":0,""dpkiOnchainMptProofHttpQuery"":15.577899992465973,""dpkiOnchainMptProofSignerCertVerify"":9.508000016212463,""dpkiOnchainMptProofResponseVerify"":0.40880000591278076,""dpkiOnchainRootRead"":1.9097999930381775,""dpkiOnchainMptVerify"":0.46250003576278687,""dpkiOnchainOpenSslVerifyCert"":9.926699995994568,""dpkiOnchainAssertionSign"":12.12449997663498,""dpkiOnchainAssertionVerify"":9.074700057506561,""dpkiOnchainAuthSignature"":1.76010000705719}",1,6667589,0x1b1bb99e18a08e7a19527c6b807d0366669a922b54bc76b62233c3b959f242a1
0,DPKI,87,intra-on-chain,true,false,170002.27974744313,178721.7908474373,178816.20774741643,94.41689997911453,0,94.41689997911453,-1,1,1,65,"{""dpkiOnchainAuthenticateTx"":47.27209997177124,""dpkiOnchainCertTransferHttp"":0.056800007820129395,""dpkiOnchainRelayHttp"":0,""dpkiCrossRelayHttp"":0,""dpkiOnchainMptProofHttpQuery"":2.4243000149726868,""dpkiOnchainMptProofSignerCertVerify"":9.979499995708466,""dpkiOnchainMptProofResponseVerify"":0.48890000581741333,""dpkiOnchainRootRead"":2.138800024986267,""dpkiOnchainMptVerify"":0.3544999957084656,""dpkiOnchainOpenSslVerifyCert"":8.866999983787537,""dpkiOnchainAssertionSign"":11.668699979782104,""dpkiOnchainAssertionVerify"":8.943900048732758,""dpkiOnchainAuthSignature"":1.8335000276565552}",1,6667591,0xb0326c85395792656b6606e2145a426be91178fba27b1969c18fdbcdf871a5a9
0,DPKI,88,intra-on-chain,true,false,172068.0124726938,180787.523572688,180923.81907266844,136.29549998044968,0,136.29549998044968,-1,1,1,65,"{""dpkiOnchainAuthenticateTx"":76.03510004281998,""dpkiOnchainCertTransferHttp"":0.5053000450134277,""dpkiOnchainRelayHttp"":0,""dpkiCrossRelayHttp"":0,""dpkiOnchainMptProofHttpQuery"":15.147899985313416,""dpkiOnchainMptProofSignerCertVerify"":10.176900029182434,""dpkiOnchainMptProofResponseVerify"":0.48520004749298096,""dpkiOnchainRootRead"":1.767300009727478,""dpkiOnchainMptVerify"":0.3829999566078186,""dpkiOnchainOpenSslVerifyCert"":9.436299979686737,""dpkiOnchainAssertionSign"":11.513100028038025,""dpkiOnchainAssertionVerify"":8.672099947929382,""dpkiOnchainAuthSignature"":1.7423999905586243}",1,6667593,0xac3f7e39d066e22aa1db7db7940d9081ba01d6139faa22ff4b5a382999f7e9a7
0,DPKI,89,intra-on-chain,true,false,176329.6131750311,185049.12427502527,185238.01227503672,188.8880000114441,0,188.8880000114441,-1,1,1,65,"{""dpkiOnchainAuthenticateTx"":110.19729995727539,""dpkiOnchainCertTransferHttp"":0.8044999837875366,""dpkiOnchainRelayHttp"":0,""dpkiCrossRelayHttp"":0,""dpkiOnchainMptProofHttpQuery"":32.25369995832443,""dpkiOnchainMptProofSignerCertVerify"":10.044099986553192,""dpkiOnchainMptProofResponseVerify"":0.6166999936103821,""dpkiOnchainRootRead"":2.290600001811981,""dpkiOnchainMptVerify"":0.3527999520301819,""dpkiOnchainOpenSslVerifyCert"":9.295300006866455,""dpkiOnchainAssertionSign"":12.124100029468536,""dpkiOnchainAssertionVerify"":8.66760003566742,""dpkiOnchainAuthSignature"":1.824500024318695}",1,6667596,0x3e4c51d5f80f6eda3664b893bc130abf19529052ce22fbadca068dfda7e7bdbf
0,DPKI,90,intra-on-chain,true,false,184416.4969998484,193136.00809984258,193229.32269983343,93.31459999084473,0,93.31459999084473,-1,1,1,65,"{""dpkiOnchainAuthenticateTx"":44.90410000085831,""dpkiOnchainCertTransferHttp"":0.7235999703407288,""dpkiOnchainRelayHttp"":0,""dpkiCrossRelayHttp"":0,""dpkiOnchainMptProofHttpQuery"":2.361199975013733,""dpkiOnchainMptProofSignerCertVerify"":9.757700026035309,""dpkiOnchainMptProofResponseVerify"":0.3985000252723694,""dpkiOnchainRootRead"":2.1920000314712524,""dpkiOnchainMptVerify"":0.3497999906539917,""dpkiOnchainOpenSslVerifyCert"":9.165499985218048,""dpkiOnchainAssertionSign"":11.862600028514862,""dpkiOnchainAssertionVerify"":9.35479998588562,""dpkiOnchainAuthSignature"":1.7795000076293945}",1,6667597,0xd05b275a72574c8054100f323324f00fec0fe2f06af6e6dccb4ecf723595c5c0
0,DPKI,91,intra-on-chain,true,false,185266.84733272693,193986.3584327211,194085.75993270776,99.40149998664856,0,99.40149998664856,-1,1,1,65,"{""dpkiOnchainAuthenticateTx"":45.064900040626526,""dpkiOnchainCertTransferHttp"":1.1761000156402588,""dpkiOnchainRelayHttp"":0,""dpkiCrossRelayHttp"":0,""dpkiOnchainMptProofHttpQuery"":7.864099979400635,""dpkiOnchainMptProofSignerCertVerify"":9.708000004291534,""dpkiOnchainMptProofResponseVerify"":0.42500001192092896,""dpkiOnchainRootRead"":1.8747999668121338,""dpkiOnchainMptVerify"":0.3840000033378601,""dpkiOnchainOpenSslVerifyCert"":9.200899958610535,""dpkiOnchainAssertionSign"":12.689600050449371,""dpkiOnchainAssertionVerify"":8.774700045585632,""dpkiOnchainAuthSignature"":1.8050000071525574}",1,6667599,0x27583a1c9890acaa5410530984f5e85fc27684e672962fcc01abedb0da9b1ba1
0,DPKI,92,intra-on-chain,true,false,185441.36699954266,194160.87809953684,194276.39329955573,115.51520001888275,0,115.51520001888275,-1,1,1,65,"{""dpkiOnchainAuthenticateTx"":38.477899968624115,""dpkiOnchainCertTransferHttp"":2.193400025367737,""dpkiOnchainRelayHttp"":0,""dpkiCrossRelayHttp"":0,""dpkiOnchainMptProofHttpQuery"":28.361299991607666,""dpkiOnchainMptProofSignerCertVerify"":10.488300025463104,""dpkiOnchainMptProofResponseVerify"":0.45980000495910645,""dpkiOnchainRootRead"":1.738099992275238,""dpkiOnchainMptVerify"":0.3752000331878662,""dpkiOnchainOpenSslVerifyCert"":9.253199994564056,""dpkiOnchainAssertionSign"":11.665499985218048,""dpkiOnchainAssertionVerify"":10.11930000782013,""dpkiOnchainAuthSignature"":1.9169999957084656}",1,6667602,0xb4928fdc33e67e88d3b988ed1eaa7badd0253be430ef095be609a82f03dd47dc
0,DPKI,93,intra-on-chain,true,false,186585.8473970447,195305.3584970389,195480.96799702983,175.6094999909401,0,175.6094999909401,-1,1,1,65,"{""dpkiOnchainAuthenticateTx"":123.53569996356964,""dpkiOnchainCertTransferHttp"":1.4825000166893005,""dpkiOnchainRelayHttp"":0,""dpkiCrossRelayHttp"":0,""dpkiOnchainMptProofHttpQuery"":2.418500006198883,""dpkiOnchainMptProofSignerCertVerify"":9.651199996471405,""dpkiOnchainMptProofResponseVerify"":0.4819999933242798,""dpkiOnchainRootRead"":1.9578999876976013,""dpkiOnchainMptVerify"":0.4189000129699707,""dpkiOnchainOpenSslVerifyCert"":9.682699978351593,""dpkiOnchainAssertionSign"":13.575100004673004,""dpkiOnchainAssertionVerify"":10.010000050067902,""dpkiOnchainAuthSignature"":1.8677000403404236}",1,6667606,0x0d4efea1d68c8645fadd3e3d664c9a620e5681a829e9f37e0532019e10ec27c6
0,DPKI,94,intra-on-chain,true,false,186735.6576311688,195455.168731163,195566.9296311836,111.76090002059937,0,111.76090002059937,-1,1,1,65,"{""dpkiOnchainAuthenticateTx"":56.49930000305176,""dpkiOnchainCertTransferHttp"":0.8924999833106995,""dpkiOnchainRelayHttp"":0,""dpkiCrossRelayHttp"":0,""dpkiOnchainMptProofHttpQuery"":8.298099994659424,""dpkiOnchainMptProofSignerCertVerify"":9.863099992275238,""dpkiOnchainMptProofResponseVerify"":0.40780001878738403,""dpkiOnchainRootRead"":1.9239999651908875,""dpkiOnchainMptVerify"":0.34780001640319824,""dpkiOnchainOpenSslVerifyCert"":9.81300002336502,""dpkiOnchainAssertionSign"":11.923399984836578,""dpkiOnchainAssertionVerify"":9.459399998188019,""dpkiOnchainAuthSignature"":1.8427000045776367}",1,6667610,0x4cd4b55822196edb46cc3296c75d78a6c3fae29b01cca3111316cfe5595563ee
0,DPKI,95,intra-on-chain,true,false,187204.04435823316,195923.55545822735,196041.75465820188,118.1991999745369,0,118.1991999745369,-1,1,1,65,"{""dpkiOnchainAuthenticateTx"":52.998400032520294,""dpkiOnchainCertTransferHttp"":0.061499953269958496,""dpkiOnchainRelayHttp"":0,""dpkiCrossRelayHttp"":0,""dpkiOnchainMptProofHttpQuery"":18.487800002098083,""dpkiOnchainMptProofSignerCertVerify"":10.437700033187866,""dpkiOnchainMptProofResponseVerify"":0.48250001668930054,""dpkiOnchainRootRead"":2.1409000158309937,""dpkiOnchainMptVerify"":0.3549000024795532,""dpkiOnchainOpenSslVerifyCert"":9.772800028324127,""dpkiOnchainAssertionSign"":12.189500033855438,""dpkiOnchainAssertionVerify"":8.917100012302399,""dpkiOnchainAuthSignature"":1.8389999866485596}",1,6667613,0x2b163c0915d64346d1ca379d534a58e872d2d578d5adb24031486fef338bcb3e
0,DPKI,96,intra-on-chain,true,false,188719.1302737697,197438.64137376388,197532.98727376302,94.3458999991417,0,94.3458999991417,-1,1,1,65,"{""dpkiOnchainAuthenticateTx"":43.64479994773865,""dpkiOnchainCertTransferHttp"":0.3184000253677368,""dpkiOnchainRelayHttp"":0,""dpkiCrossRelayHttp"":0,""dpkiOnchainMptProofHttpQuery"":4.57260000705719,""dpkiOnchainMptProofSignerCertVerify"":10.12720000743866,""dpkiOnchainMptProofResponseVerify"":0.4650999903678894,""dpkiOnchainRootRead"":2.345300018787384,""dpkiOnchainMptVerify"":0.3763999938964844,""dpkiOnchainOpenSslVerifyCert"":9.233799993991852,""dpkiOnchainAssertionSign"":11.49069994688034,""dpkiOnchainAssertionVerify"":9.449599981307983,""dpkiOnchainAuthSignature"":1.9269999861717224}",1,6667617,0xa045857b29e17ac6f3c04ab712a54489227a8ea08f3b4db6c18d7e2168b9ec0a
0,DPKI,97,intra-on-chain,true,false,192635.90214202745,201355.41324202163,201487.87464199407,132.4613999724388,0,132.4613999724388,-1,1,1,65,"{""dpkiOnchainAuthenticateTx"":74.73430001735687,""dpkiOnchainCertTransferHttp"":1.1128000020980835,""dpkiOnchainRelayHttp"":0,""dpkiCrossRelayHttp"":0,""dpkiOnchainMptProofHttpQuery"":4.415700018405914,""dpkiOnchainMptProofSignerCertVerify"":10.745000004768372,""dpkiOnchainMptProofResponseVerify"":0.4813000559806824,""dpkiOnchainRootRead"":2.470200002193451,""dpkiOnchainMptVerify"":0.39410001039505005,""dpkiOnchainOpenSslVerifyCert"":9.905900001525879,""dpkiOnchainAssertionSign"":16.44700002670288,""dpkiOnchainAssertionVerify"":9.434300005435944,""dpkiOnchainAuthSignature"":1.8330000042915344}",1,6667619,0x69bb0aa319aa25eda477c5016abbe651f989b5d76c9cb014580feb7200e12abd
0,DPKI,98,intra-on-chain,true,false,193419.81545316984,202139.32655316402,202241.78405320455,102.45750004053116,0,102.45750004053116,-1,1,1,65,"{""dpkiOnchainAuthenticateTx"":50.22009998559952,""dpkiOnchainCertTransferHttp"":1.0069000124931335,""dpkiOnchainRelayHttp"":0,""dpkiCrossRelayHttp"":0,""dpkiOnchainMptProofHttpQuery"":5.362200021743774,""dpkiOnchainMptProofSignerCertVerify"":9.89850002527237,""dpkiOnchainMptProofResponseVerify"":0.4343000054359436,""dpkiOnchainRootRead"":1.861199975013733,""dpkiOnchainMptVerify"":0.36320000886917114,""dpkiOnchainOpenSslVerifyCert"":9.856000006198883,""dpkiOnchainAssertionSign"":12.36329996585846,""dpkiOnchainAssertionVerify"":8.920300006866455,""dpkiOnchainAuthSignature"":1.7515000104904175}",1,6667623,0xaf884a4d0ba610d77258ba0f99d4c061980b7e8f49aeab79aae5ac077deb1ed8
0,DPKI,99,intra-on-chain,true,false,195837.55459160882,204557.065691603,204675.78259159403,118.71689999103546,0,118.71689999103546,-1,1,1,65,"{""dpkiOnchainAuthenticateTx"":69.72189998626709,""dpkiOnchainCertTransferHttp"":0.6517000198364258,""dpkiOnchainRelayHttp"":0,""dpkiCrossRelayHttp"":0,""dpkiOnchainMptProofHttpQuery"":3.5785000324249268,""dpkiOnchainMptProofSignerCertVerify"":9.5625,""dpkiOnchainMptProofResponseVerify"":0.4147999882698059,""dpkiOnchainRootRead"":2.0447999835014343,""dpkiOnchainMptVerify"":0.3763999938964844,""dpkiOnchainOpenSslVerifyCert"":9.195299983024597,""dpkiOnchainAssertionSign"":11.923000037670135,""dpkiOnchainAssertionVerify"":9.084199965000153,""dpkiOnchainAuthSignature"":1.7695000171661377}",1,6667626,0x972fbf4ed2d77265bdf4274134051102131276e1830a411a612607a8fa0834f9
0,DPKI,100,intra-on-chain,true,false,196159.8559555745,204879.36705556867,204973.2388555741,93.87180000543594,0,93.87180000543594,-1,1,1,65,"{""dpkiOnchainAuthenticateTx"":44.495700001716614,""dpkiOnchainCertTransferHttp"":1.5719000101089478,""dpkiOnchainRelayHttp"":0,""dpkiCrossRelayHttp"":0,""dpkiOnchainMptProofHttpQuery"":3.165600001811981,""dpkiOnchainMptProofSignerCertVerify"":10.132699966430664,""dpkiOnchainMptProofResponseVerify"":0.48100000619888306,""dpkiOnchainRootRead"":1.8632999658584595,""dpkiOnchainMptVerify"":0.3702999949455261,""dpkiOnchainOpenSslVerifyCert"":8.891300022602081,""dpkiOnchainAssertionSign"":11.753100037574768,""dpkiOnchainAssertionVerify"":8.991299986839294,""dpkiOnchainAuthSignature"":1.7696000337600708}",1,6667630,0x6f5a8a757ad531c95c162f3fb45fbc962854697d814afe525d9bd858ad091538
0,DPKI,101,intra-on-chain,true,false,198135.463284786,206854.9743847802,206959.31478476073,104.34039998054504,0,104.34039998054504,-1,1,1,65,"{""dpkiOnchainAuthenticateTx"":43.04060000181198,""dpkiOnchainCertTransferHttp"":0.6589999794960022,""dpkiOnchainRelayHttp"":0,""dpkiCrossRelayHttp"":0,""dpkiOnchainMptProofHttpQuery"":15.310000002384186,""dpkiOnchainMptProofSignerCertVerify"":9.719299972057343,""dpkiOnchainMptProofResponseVerify"":0.47200000286102295,""dpkiOnchainRootRead"":1.9115999937057495,""dpkiOnchainMptVerify"":0.39239996671676636,""dpkiOnchainOpenSslVerifyCert"":9.887700021266937,""dpkiOnchainAssertionSign"":11.958899974822998,""dpkiOnchainAssertionVerify"":8.688500046730042,""dpkiOnchainAuthSignature"":1.9004999995231628}",1,6667633,0x0bef5d91adeba89153f855c24832ac82cfeeea6eff52e65cb20f3045aba2b1b3
0,DPKI,102,intra-on-chain,true,false,198528.9706211355,207248.48172112968,207360.41822114255,111.9365000128746,0,111.9365000128746,-1,1,1,65,"{""dpkiOnchainAuthenticateTx"":62.170300006866455,""dpkiOnchainCertTransferHttp"":0.38189995288848877,""dpkiOnchainRelayHttp"":0,""dpkiCrossRelayHttp"":0,""dpkiOnchainMptProofHttpQuery"":3.4490000009536743,""dpkiOnchainMptProofSignerCertVerify"":9.687399983406067,""dpkiOnchainMptProofResponseVerify"":0.46890002489089966,""dpkiOnchainRootRead"":1.824400007724762,""dpkiOnchainMptVerify"":0.36559998989105225,""dpkiOnchainOpenSslVerifyCert"":9.67579996585846,""dpkiOnchainAssertionSign"":12.20609998703003,""dpkiOnchainAssertionVerify"":9.497099995613098,""dpkiOnchainAuthSignature"":1.7940999865531921}",1,6667636,0x5419e6058473b442d92a04f4ac08a19051768e46e59c3dd62b020c426c2aca4b
0,DPKI,103,intra-on-chain,true,false,202315.9302621749,211035.44136216908,211155.05546220808,119.61410003900528,0,119.61410003900528,-1,1,1,65,"{""dpkiOnchainAuthenticateTx"":58.312299966812134,""dpkiOnchainCertTransferHttp"":1.2595999836921692,""dpkiOnchainRelayHttp"":0,""dpkiCrossRelayHttp"":0,""dpkiOnchainMptProofHttpQuery"":15.574699997901917,""dpkiOnchainMptProofSignerCertVerify"":9.56709998846054,""dpkiOnchainMptProofResponseVerify"":0.4453999996185303,""dpkiOnchainRootRead"":1.958799958229065,""dpkiOnchainMptVerify"":0.35950005054473877,""dpkiOnchainOpenSslVerifyCert"":9.30510002374649,""dpkiOnchainAssertionSign"":11.793999969959259,""dpkiOnchainAssertionVerify"":8.718400001525879,""dpkiOnchainAuthSignature"":1.9161999821662903}",1,6667640,0xe50837d6e6fc441fb3cce3496fb4463aa0e69cc7f0207b649706c48385e8d57f
0,DPKI,104,intra-on-chain,true,false,204626.85269621256,213346.36379620674,213455.43699625376,109.07320004701614,0,109.07320004701614,-1,1,1,65,"{""dpkiOnchainAuthenticateTx"":48.241299986839294,""dpkiOnchainCertTransferHttp"":2.9427000284194946,""dpkiOnchainRelayHttp"":0,""dpkiCrossRelayHttp"":0,""dpkiOnchainMptProofHttpQuery"":12.021600008010864,""dpkiOnchainMptProofSignerCertVerify"":9.789499998092651,""dpkiOnchainMptProofResponseVerify"":0.4618000388145447,""dpkiOnchainRootRead"":1.9775000214576721,""dpkiOnchainMptVerify"":0.38519996404647827,""dpkiOnchainOpenSslVerifyCert"":9.51910001039505,""dpkiOnchainAssertionSign"":12.312600016593933,""dpkiOnchainAssertionVerify"":9.196000039577484,""dpkiOnchainAuthSignature"":1.7825999855995178}",1,6667642,0x48846853d07a6b18723bf7692637092abccf84122296b418d0de412b0cd9dc8c
0,DPKI,105,intra-on-chain,true,false,204674.5189998378,213394.030099832,213505.2979961956,111.267896363599,0.574996361596277,110.69290000200272,-1,1,1,65,"{""dpkiOnchainAuthenticateTx"":48.5774000287056,""dpkiOnchainCertTransferHttp"":0.9128999710083008,""dpkiOnchainRelayHttp"":0,""dpkiCrossRelayHttp"":0,""dpkiOnchainMptProofHttpQuery"":15.21560001373291,""dpkiOnchainMptProofSignerCertVerify"":9.957000017166138,""dpkiOnchainMptProofResponseVerify"":0.4327999949455261,""dpkiOnchainRootRead"":1.615500032901764,""dpkiOnchainMptVerify"":0.3695000410079956,""dpkiOnchainOpenSslVerifyCert"":9.651900053024292,""dpkiOnchainAssertionSign"":12.580099999904633,""dpkiOnchainAssertionVerify"":9.149400055408478,""dpkiOnchainAuthSignature"":1.8375999927520752}",1,6667646,0xd25c7cf3781b21e4265243910476ce9322635c772496d6892b6eadcf58e61a0f
0,DPKI,106,intra-on-chain,true,false,206835.64073572637,215555.15183572055,215642.34203569175,87.19019997119904,0,87.19019997119904,-1,1,1,65,"{""dpkiOnchainAuthenticateTx"":30.31859999895096,""dpkiOnchainCertTransferHttp"":4.527599990367889,""dpkiOnchainRelayHttp"":0,""dpkiCrossRelayHttp"":0,""dpkiOnchainMptProofHttpQuery"":6.559400022029877,""dpkiOnchainMptProofSignerCertVerify"":9.707000017166138,""dpkiOnchainMptProofResponseVerify"":0.4240000247955322,""dpkiOnchainRootRead"":2.168299973011017,""dpkiOnchainMptVerify"":0.3823999762535095,""dpkiOnchainOpenSslVerifyCert"":9.844799995422363,""dpkiOnchainAssertionSign"":12.224299967288971,""dpkiOnchainAssertionVerify"":8.784699976444244,""dpkiOnchainAuthSignature"":1.805899977684021}",1,6667650,0x1d2649517e3d07e1d2eeeb30afeaf0229b290be88ceaae74d7a05a41becb4644
0,DPKI,107,intra-on-chain,true,false,212755.08505919913,221474.59615919332,221557.20065918902,82.60449999570847,0,82.60449999570847,-1,1,1,65,"{""dpkiOnchainAuthenticateTx"":18.997399985790253,""dpkiOnchainCertTransferHttp"":0.39090001583099365,""dpkiOnchainRelayHttp"":0,""dpkiCrossRelayHttp"":0,""dpkiOnchainMptProofHttpQuery"":17.003699958324432,""dpkiOnchainMptProofSignerCertVerify"":9.648100018501282,""dpkiOnchainMptProofResponseVerify"":0.5135999917984009,""dpkiOnchainRootRead"":2.4002999663352966,""dpkiOnchainMptVerify"":0.33219999074935913,""dpkiOnchainOpenSslVerifyCert"":9.379800021648407,""dpkiOnchainAssertionSign"":12.225799977779388,""dpkiOnchainAssertionVerify"":9.218500018119812,""dpkiOnchainAuthSignature"":2.1010000109672546}",1,6667653,0xd63601d439048c2afe3e133f13a66557a39e795e6b85a12b18d5425e348b8338
0,DPKI,108,intra-on-chain,true,false,215961.2000329659,224680.71113296007,224823.52933295225,142.81819999217987,0,142.81819999217987,-1,1,1,65,"{""dpkiOnchainAuthenticateTx"":91.2548000216484,""dpkiOnchainCertTransferHttp"":0.8659999966621399,""dpkiOnchainRelayHttp"":0,""dpkiCrossRelayHttp"":0,""dpkiOnchainMptProofHttpQuery"":6.178700029850006,""dpkiOnchainMptProofSignerCertVerify"":9.830399990081787,""dpkiOnchainMptProofResponseVerify"":0.41839998960494995,""dpkiOnchainRootRead"":1.900600016117096,""dpkiOnchainMptVerify"":0.32669997215270996,""dpkiOnchainOpenSslVerifyCert"":8.880000054836273,""dpkiOnchainAssertionSign"":11.866099953651428,""dpkiOnchainAssertionVerify"":9.029300034046173,""dpkiOnchainAuthSignature"":1.7768000364303589}",1,6667658,0x699be620042833609ef01a112a34ce2de2b8f6be5f13cacc3e540626001d1c30
0,DPKI,109,intra-on-chain,true,false,216353.96881904764,225073.47991904183,225165.92921909256,92.44930005073547,0,92.44930005073547,-1,1,1,65,"{""dpkiOnchainAuthenticateTx"":41.57659995555878,""dpkiOnchainCertTransferHttp"":0.9968999624252319,""dpkiOnchainRelayHttp"":0,""dpkiCrossRelayHttp"":0,""dpkiOnchainMptProofHttpQuery"":3.8396000266075134,""dpkiOnchainMptProofSignerCertVerify"":9.54749995470047,""dpkiOnchainMptProofResponseVerify"":0.7583000063896179,""dpkiOnchainRootRead"":1.8509000539779663,""dpkiOnchainMptVerify"":0.3294000029563904,""dpkiOnchainOpenSslVerifyCert"":9.581900000572205,""dpkiOnchainAssertionSign"":12.850100040435791,""dpkiOnchainAssertionVerify"":8.878899991512299,""dpkiOnchainAuthSignature"":1.8105999827384949}",1,6667660,0xc1ea29aadda7e94dec8f9fc44949366239bc189bda8b49e550c2d21aedd9dc0c
0,DPKI,110,intra-on-chain,true,false,217093.563393822,225813.07449381618,225937.5878938344,124.51340001821518,0,124.51340001821518,-1,1,1,65,"{""dpkiOnchainAuthenticateTx"":73.49620002508163,""dpkiOnchainCertTransferHttp"":0.5320999622344971,""dpkiOnchainRelayHttp"":0,""dpkiCrossRelayHttp"":0,""dpkiOnchainMptProofHttpQuery"":4.4182000160217285,""dpkiOnchainMptProofSignerCertVerify"":10.371500015258789,""dpkiOnchainMptProofResponseVerify"":0.4351999759674072,""dpkiOnchainRootRead"":1.850600004196167,""dpkiOnchainMptVerify"":0.3529999852180481,""dpkiOnchainOpenSslVerifyCert"":9.069800019264221,""dpkiOnchainAssertionSign"":12.058299958705902,""dpkiOnchainAssertionVerify"":9.703200042247772,""dpkiOnchainAuthSignature"":1.829699993133545}",1,6667663,0x780ebd52c8743675af69ac7a9b76e923421e7bba2636e901a986c19581191735
0,DPKI,111,intra-on-chain,true,false,218651.69565296284,227371.20675295702,227580.6104529511,209.40369999408722,0,209.40369999408722,-1,1,1,65,"{""dpkiOnchainAuthenticateTx"":148.7775000333786,""dpkiOnchainCertTransferHttp"":0.7444000244140625,""dpkiOnchainRelayHttp"":0,""dpkiCrossRelayHttp"":0,""dpkiOnchainMptProofHttpQuery"":15.124899983406067,""dpkiOnchainMptProofSignerCertVerify"":9.841499984264374,""dpkiOnchainMptProofResponseVerify"":0.45490002632141113,""dpkiOnchainRootRead"":1.8210999965667725,""dpkiOnchainMptVerify"":0.33820003271102905,""dpkiOnchainOpenSslVerifyCert"":9.037999987602234,""dpkiOnchainAssertionSign"":11.871499955654144,""dpkiOnchainAssertionVerify"":9.19319999217987,""dpkiOnchainAuthSignature"":1.805299997329712}",1,6667668,0x472c71278c6151776caca8c95171ed2282e3c5dc4ef5864e54f48c6c26f74942
0,DPKI,112,intra-on-chain,true,false,219876.44217306573,228595.95327305992,228707.62627303798,111.67299997806549,0,111.67299997806549,-1,1,1,65,"{""dpkiOnchainAuthenticateTx"":62.26620000600815,""dpkiOnchainCertTransferHttp"":2.0728999972343445,""dpkiOnchainRelayHttp"":0,""dpkiCrossRelayHttp"":0,""dpkiOnchainMptProofHttpQuery"":2.8435999751091003,""dpkiOnchainMptProofSignerCertVerify"":9.969600021839142,""dpkiOnchainMptProofResponseVerify"":0.47600001096725464,""dpkiOnchainRootRead"":1.8842999935150146,""dpkiOnchainMptVerify"":0.3440999984741211,""dpkiOnchainOpenSslVerifyCert"":9.27480000257492,""dpkiOnchainAssertionSign"":11.676599979400635,""dpkiOnchainAssertionVerify"":8.698000013828278,""dpkiOnchainAuthSignature"":1.768500030040741}",1,6667673,0x26647c8a172b49509a5dc77ba60c40dd0ba243f6748df9bf1d4e52800b011fa1
0,DPKI,113,intra-on-chain,true,false,220822.56064347536,229542.07174346954,229646.17384348423,104.10210001468658,0,104.10210001468658,-1,1,1,65,"{""dpkiOnchainAuthenticateTx"":43.7267000079155,""dpkiOnchainCertTransferHttp"":1.152400016784668,""dpkiOnchainRelayHttp"":0,""dpkiCrossRelayHttp"":0,""dpkiOnchainMptProofHttpQuery"":14.539099991321564,""dpkiOnchainMptProofSignerCertVerify"":10.130100011825562,""dpkiOnchainMptProofResponseVerify"":0.4758000373840332,""dpkiOnchainRootRead"":1.7773000001907349,""dpkiOnchainMptVerify"":0.3336000442504883,""dpkiOnchainOpenSslVerifyCert"":9.027100026607513,""dpkiOnchainAssertionSign"":11.80460000038147,""dpkiOnchainAssertionVerify"":8.85699999332428,""dpkiOnchainAuthSignature"":1.8515000343322754}",1,6667676,0xe34270d32df3b0fe7cbca6863ce1fadb6fab96709662a5274e13e3af6e1a2568
0,DPKI,114,intra-on-chain,true,false,220848.71636307603,229568.22746307022,229667.535443466,99.30798039579531,17.570980407239404,81.73699998855591,-1,1,1,65,"{""dpkiOnchainAuthenticateTx"":32.15650004148483,""dpkiOnchainCertTransferHttp"":0.02890002727508545,""dpkiOnchainRelayHttp"":0,""dpkiCrossRelayHttp"":0,""dpkiOnchainMptProofHttpQuery"":2.170699954032898,""dpkiOnchainMptProofSignerCertVerify"":9.54990005493164,""dpkiOnchainMptProofResponseVerify"":0.42729997634887695,""dpkiOnchainRootRead"":2.2204999923706055,""dpkiOnchainMptVerify"":0.38130003213882446,""dpkiOnchainOpenSslVerifyCert"":9.024699985980988,""dpkiOnchainAssertionSign"":13.0871000289917,""dpkiOnchainAssertionVerify"":10.406300008296967,""dpkiOnchainAuthSignature"":1.8896999955177307}",1,6667679,0xae13eeb98e75cd988cf1caae9d966502411e89ccacabbc4ecb8a90319d445341
0,DPKI,115,intra-on-chain,true,false,221800.61224989337,230520.12334988755,230739.6812498395,219.55789995193481,0,219.55789995193481,-1,1,1,65,"{""dpkiOnchainAuthenticateTx"":165.88940000534058,""dpkiOnchainCertTransferHttp"":0.09109997749328613,""dpkiOnchainRelayHttp"":0,""dpkiCrossRelayHttp"":0,""dpkiOnchainMptProofHttpQuery"":8.075399994850159,""dpkiOnchainMptProofSignerCertVerify"":10.12090003490448,""dpkiOnchainMptProofResponseVerify"":0.4435000419616699,""dpkiOnchainRootRead"":2.0111000537872314,""dpkiOnchainMptVerify"":0.32190001010894775,""dpkiOnchainOpenSslVerifyCert"":9.802300035953522,""dpkiOnchainAssertionSign"":11.594599962234497,""dpkiOnchainAssertionVerify"":8.967000007629395,""dpkiOnchainAuthSignature"":1.8095999956130981}",1,6667682,0x07810a7739937bf39c56fc1a2ad33bcbadd4a542b423d1c5cbf7bce712170ec2
0,DPKI,116,intra-on-chain,true,false,224386.81448804835,233106.32558804253,233216.1833880494,109.85780000686646,0,109.85780000686646,-1,1,1,65,"{""dpkiOnchainAuthenticateTx"":54.21169996261597,""dpkiOnchainCertTransferHttp"":2.6924999952316284,""dpkiOnchainRelayHttp"":0,""dpkiCrossRelayHttp"":0,""dpkiOnchainMptProofHttpQuery"":4.640500009059906,""dpkiOnchainMptProofSignerCertVerify"":9.996800005435944,""dpkiOnchainMptProofResponseVerify"":0.4440000057220459,""dpkiOnchainRootRead"":1.9002000093460083,""dpkiOnchainMptVerify"":0.35420000553131104,""dpkiOnchainOpenSslVerifyCert"":9.552699983119965,""dpkiOnchainAssertionSign"":14.05290001630783,""dpkiOnchainAssertionVerify"":9.723000049591064,""dpkiOnchainAuthSignature"":1.880299985408783}",1,6667687,0x8a9a24f7bc038738f5f1d3097b88f93dba4a0b135f5ab8dbf171c399ac8aa500
0,DPKI,117,intra-on-chain,true,false,225091.37322698836,233810.88432698254,233899.0018269897,88.11750000715256,0,88.11750000715256,-1,1,1,65,"{""dpkiOnchainAuthenticateTx"":35.86269998550415,""dpkiOnchainCertTransferHttp"":0.22589999437332153,""dpkiOnchainRelayHttp"":0,""dpkiCrossRelayHttp"":0,""dpkiOnchainMptProofHttpQuery"":5.733699977397919,""dpkiOnchainMptProofSignerCertVerify"":9.984400033950806,""dpkiOnchainMptProofResponseVerify"":0.47439998388290405,""dpkiOnchainRootRead"":2.285799980163574,""dpkiOnchainMptVerify"":0.32690000534057617,""dpkiOnchainOpenSslVerifyCert"":9.427600026130676,""dpkiOnchainAssertionSign"":12.351999998092651,""dpkiOnchainAssertionVerify"":9.156000018119812,""dpkiOnchainAuthSignature"":1.8820000290870667}",1,6667691,0xad0a640469ee02afb55283b32f48621c5f9fff7beecd81d027ec8ae89d416707
0,DPKI,118,intra-on-chain,true,false,225333.28814144502,234052.7992414392,234160.5384414352,107.73919999599457,0,107.73919999599457,-1,1,1,65,"{""dpkiOnchainAuthenticateTx"":57.04650002717972,""dpkiOnchainCertTransferHttp"":1.3274999856948853,""dpkiOnchainRelayHttp"":0,""dpkiCrossRelayHttp"":0,""dpkiOnchainMptProofHttpQuery"":2.8282999992370605,""dpkiOnchainMptProofSignerCertVerify"":10.699599981307983,""dpkiOnchainMptProofResponseVerify"":0.46070003509521484,""dpkiOnchainRootRead"":2.2445000410079956,""dpkiOnchainMptVerify"":0.319599986076355,""dpkiOnchainOpenSslVerifyCert"":9.531800031661987,""dpkiOnchainAssertionSign"":12.018900036811829,""dpkiOnchainAssertionVerify"":8.99669998884201,""dpkiOnchainAuthSignature"":1.7698000073432922}",1,6667695,0x8243db61817fdeb25679c87e4bec47400d3c948969481acfe171b9c31d32be6a
0,DPKI,119,intra-on-chain,true,false,227765.9395843909,236485.45068438508,236579.65498437145,94.20429998636246,0,94.20429998636246,-1,1,1,65,"{""dpkiOnchainAuthenticateTx"":42.36210000514984,""dpkiOnchainCertTransferHttp"":0.9423999786376953,""dpkiOnchainRelayHttp"":0,""dpkiCrossRelayHttp"":0,""dpkiOnchainMptProofHttpQuery"":4.354200005531311,""dpkiOnchainMptProofSignerCertVerify"":9.68589997291565,""dpkiOnchainMptProofResponseVerify"":0.5134999752044678,""dpkiOnchainRootRead"":1.8557000160217285,""dpkiOnchainMptVerify"":0.3877999782562256,""dpkiOnchainOpenSslVerifyCert"":9.579200029373169,""dpkiOnchainAssertionSign"":12.547700047492981,""dpkiOnchainAssertionVerify"":9.747500002384186,""dpkiOnchainAuthSignature"":1.8302000164985657}",1,6667698,0xb230b3ba68d72890241f7e514ef4d77b2958cf533ecafe5cc0950f0987e23db7
0,DPKI,120,intra-on-chain,true,false,228358.75621883248,237078.26731882666,237227.9504188714,149.68310004472733,0,149.68310004472733,-1,1,1,65,"{""dpkiOnchainAuthenticateTx"":87.86249995231628,""dpkiOnchainCertTransferHttp"":0.11040002107620239,""dpkiOnchainRelayHttp"":0,""dpkiCrossRelayHttp"":0,""dpkiOnchainMptProofHttpQuery"":16.913900017738342,""dpkiOnchainMptProofSignerCertVerify"":9.84009999036789,""dpkiOnchainMptProofResponseVerify"":0.4368000030517578,""dpkiOnchainRootRead"":1.8460000157356262,""dpkiOnchainMptVerify"":0.3292999863624573,""dpkiOnchainOpenSslVerifyCert"":8.997500002384186,""dpkiOnchainAssertionSign"":12.062900006771088,""dpkiOnchainAssertionVerify"":8.981499969959259,""dpkiOnchainAuthSignature"":1.911799967288971}",1,6667701,0x72cc01911dcc8deea380de3b5322995a1b80b525fa85462a952d52cf109e82f0
0,DPKI,121,intra-on-chain,true,false,229409.54748203908,238129.05858203326,238213.08598205005,84.02740001678467,0,84.02740001678467,-1,1,1,65,"{""dpkiOnchainAuthenticateTx"":31.589700043201447,""dpkiOnchainCertTransferHttp"":3.3615000247955322,""dpkiOnchainRelayHttp"":0,""dpkiCrossRelayHttp"":0,""dpkiOnchainMptProofHttpQuery"":3.2096999883651733,""dpkiOnchainMptProofSignerCertVerify"":9.839399993419647,""dpkiOnchainMptProofResponseVerify"":0.43299996852874756,""dpkiOnchainRootRead"":1.9240000247955322,""dpkiOnchainMptVerify"":0.33459997177124023,""dpkiOnchainOpenSslVerifyCert"":9.296200037002563,""dpkiOnchainAssertionSign"":12.367000043392181,""dpkiOnchainAssertionVerify"":9.544200003147125,""dpkiOnchainAuthSignature"":1.7495999932289124}",1,6667702,0x6658bff0a4ffe3d71da3cf0209feb7cfd83fcfdd37eeac653ea1c245277b9539
0,DPKI,122,intra-on-chain,true,false,230263.58391992273,238983.09501991692,239146.15591994944,163.0609000325203,0,163.0609000325203,-1,1,1,65,"{""dpkiOnchainAuthenticateTx"":102.29749995470047,""dpkiOnchainCertTransferHttp"":1.3382999897003174,""dpkiOnchainRelayHttp"":0,""dpkiCrossRelayHttp"":0,""dpkiOnchainMptProofHttpQuery"":7.099300026893616,""dpkiOnchainMptProofSignerCertVerify"":10.029800057411194,""dpkiOnchainMptProofResponseVerify"":0.47419995069503784,""dpkiOnchainRootRead"":1.8784000277519226,""dpkiOnchainMptVerify"":0.3302000164985657,""dpkiOnchainOpenSslVerifyCert"":9.430299997329712,""dpkiOnchainAssertionSign"":12.650200009346008,""dpkiOnchainAssertionVerify"":15.138199985027313,""dpkiOnchainAuthSignature"":1.92249995470047}",1,6667704,0x5661f1b926dbf141eecf017cd742d8b3134b07ba775fd577a120e7badf3bbb54
0,DPKI,123,intra-on-chain,true,false,232790.5889194935,241510.10001948767,241622.36371949606,112.26370000839233,0,112.26370000839233,-1,1,1,65,"{""dpkiOnchainAuthenticateTx"":61.92620003223419,""dpkiOnchainCertTransferHttp"":0.29440003633499146,""dpkiOnchainRelayHttp"":0,""dpkiCrossRelayHttp"":0,""dpkiOnchainMptProofHttpQuery"":3.9954000115394592,""dpkiOnchainMptProofSignerCertVerify"":10.171000003814697,""dpkiOnchainMptProofResponseVerify"":0.4595000147819519,""dpkiOnchainRootRead"":1.8949000239372253,""dpkiOnchainMptVerify"":0.32610005140304565,""dpkiOnchainOpenSslVerifyCert"":9.307199954986572,""dpkiOnchainAssertionSign"":12.332099974155426,""dpkiOnchainAssertionVerify"":9.312299966812134,""dpkiOnchainAuthSignature"":1.7713000178337097}",1,6667707,0xe07b640685e2cffc68c0c47ee660c2067d94d61af02e6e716a91ad576e238ed3
0,DPKI,124,intra-on-chain,true,false,232883.95981109317,241603.47091108735,241683.60941112216,80.13850003480911,0,80.13850003480911,-1,1,1,65,"{""dpkiOnchainAuthenticateTx"":26.722199976444244,""dpkiOnchainCertTransferHttp"":1.4664000272750854,""dpkiOnchainRelayHttp"":0,""dpkiCrossRelayHttp"":0,""dpkiOnchainMptProofHttpQuery"":6.160099983215332,""dpkiOnchainMptProofSignerCertVerify"":9.871499955654144,""dpkiOnchainMptProofResponseVerify"":0.42910003662109375,""dpkiOnchainRootRead"":1.8309000134468079,""dpkiOnchainMptVerify"":0.3172999620437622,""dpkiOnchainOpenSslVerifyCert"":9.41839998960495,""dpkiOnchainAssertionSign"":12.355099976062775,""dpkiOnchainAssertionVerify"":9.340799987316132,""dpkiOnchainAuthSignature"":1.7576000094413757}",1,6667711,0x0fe8011098c6ea356616804df94ad3af9bf9d9192d3f9667314c61bec0e47403
0,DPKI,125,intra-on-chain,true,false,238103.98976801365,246823.50086800783,246958.2497680041,134.74889999628067,0,134.74889999628067,-1,1,1,65,"{""dpkiOnchainAuthenticateTx"":71.67809998989105,""dpkiOnchainCertTransferHttp"":0.7645999789237976,""dpkiOnchainRelayHttp"":0,""dpkiCrossRelayHttp"":0,""dpkiOnchainMptProofHttpQuery"":15.355599999427795,""dpkiOnchainMptProofSignerCertVerify"":10.811100006103516,""dpkiOnchainMptProofResponseVerify"":0.4636000394821167,""dpkiOnchainRootRead"":1.7055999636650085,""dpkiOnchainMptVerify"":0.34549999237060547,""dpkiOnchainOpenSslVerifyCert"":10.121200025081635,""dpkiOnchainAssertionSign"":12.308899998664856,""dpkiOnchainAssertionVerify"":8.94839996099472,""dpkiOnchainAuthSignature"":1.7961999773979187}",1,6667714,0x6830ed235ff50a4174b9304cd84f6987c7f23c13ba80bbfee7e434d9f68302a8
0,DPKI,126,intra-on-chain,true,false,239583.42461795133,248302.9357179455,248428.12501794618,125.18930000066757,0,125.18930000066757,-1,1,1,65,"{""dpkiOnchainAuthenticateTx"":44.95339995622635,""dpkiOnchainCertTransferHttp"":1.506700038909912,""dpkiOnchainRelayHttp"":0,""dpkiCrossRelayHttp"":0,""dpkiOnchainMptProofHttpQuery"":33.241800010204315,""dpkiOnchainMptProofSignerCertVerify"":9.972100019454956,""dpkiOnchainMptProofResponseVerify"":0.4409000277519226,""dpkiOnchainRootRead"":2.0734000205993652,""dpkiOnchainMptVerify"":0.34640002250671387,""dpkiOnchainOpenSslVerifyCert"":9.065100014209747,""dpkiOnchainAssertionSign"":12.378199994564056,""dpkiOnchainAssertionVerify"":8.76419997215271,""dpkiOnchainAuthSignature"":1.9265999794006348}",1,6667718,0x13ca46957f0855fcb151c7d3260146adedc8c508bd3af888955fb12726d88544
0,DPKI,127,intra-on-chain,true,false,243509.1117820368,252228.622882031,252339.77608206132,111.15320003032684,0,111.15320003032684,-1,1,1,65,"{""dpkiOnchainAuthenticateTx"":58.544200003147125,""dpkiOnchainCertTransferHttp"":0.49629998207092285,""dpkiOnchainRelayHttp"":0,""dpkiCrossRelayHttp"":0,""dpkiOnchainMptProofHttpQuery"":5.056700050830841,""dpkiOnchainMptProofSignerCertVerify"":10.100899994373322,""dpkiOnchainMptProofResponseVerify"":0.444599986076355,""dpkiOnchainRootRead"":1.9236000180244446,""dpkiOnchainMptVerify"":0.31529998779296875,""dpkiOnchainOpenSslVerifyCert"":9.375399947166443,""dpkiOnchainAssertionSign"":12.955200016498566,""dpkiOnchainAssertionVerify"":9.594999969005585,""dpkiOnchainAuthSignature"":1.7972000241279602}",1,6667720,0x6aae5696f0561f7e7104d8fbe05d4bf66ca7ba89f51176fb97be8363b671f936
0,DPKI,128,intra-on-chain,true,false,247017.77720060048,255737.28830059466,255847.3299006432,110.04160004854202,0,110.04160004854202,-1,1,1,65,"{""dpkiOnchainAuthenticateTx"":55.873099982738495,""dpkiOnchainCertTransferHttp"":2.1396999955177307,""dpkiOnchainRelayHttp"":0,""dpkiCrossRelayHttp"":0,""dpkiOnchainMptProofHttpQuery"":4.953699946403503,""dpkiOnchainMptProofSignerCertVerify"":9.72519999742508,""dpkiOnchainMptProofResponseVerify"":0.45889997482299805,""dpkiOnchainRootRead"":1.9617999792099,""dpkiOnchainMptVerify"":0.3097999691963196,""dpkiOnchainOpenSslVerifyCert"":9.86540001630783,""dpkiOnchainAssertionSign"":12.619799971580505,""dpkiOnchainAssertionVerify"":9.885699987411499,""dpkiOnchainAuthSignature"":1.8285000324249268}",1,6667723,0x84735db1566c747317d9c3dca13dc18d88c0fcbfac10d8fd4a360af847fae186
0,DPKI,129,intra-on-chain,true,false,247078.39459786058,255797.90569785476,255897.10289785505,99.1972000002861,0,99.1972000002861,-1,1,1,65,"{""dpkiOnchainAuthenticateTx"":39.064400017261505,""dpkiOnchainCertTransferHttp"":0.17390000820159912,""dpkiOnchainRelayHttp"":0,""dpkiCrossRelayHttp"":0,""dpkiOnchainMptProofHttpQuery"":15.382799983024597,""dpkiOnchainMptProofSignerCertVerify"":9.773999989032745,""dpkiOnchainMptProofResponseVerify"":0.4406999945640564,""dpkiOnchainRootRead"":1.8427000045776367,""dpkiOnchainMptVerify"":0.3219999670982361,""dpkiOnchainOpenSslVerifyCert"":9.50299996137619,""dpkiOnchainAssertionSign"":11.4864000082016,""dpkiOnchainAssertionVerify"":8.988099992275238,""dpkiOnchainAuthSignature"":1.7675999999046326}",1,6667725,0x8b5fb9e8be7176dd0f07b47559db67ecdce4095c87bbf049fced3c71d3121e03
0,DPKI,130,intra-on-chain,true,false,248836.85383809838,257556.36493809256,257687.40203810963,131.03710001707077,0,131.03710001707077,-1,1,1,65,"{""dpkiOnchainAuthenticateTx"":79.50459998846054,""dpkiOnchainCertTransferHttp"":1.0555000305175781,""dpkiOnchainRelayHttp"":0,""dpkiCrossRelayHttp"":0,""dpkiOnchainMptProofHttpQuery"":3.6146000027656555,""dpkiOnchainMptProofSignerCertVerify"":10.191100001335144,""dpkiOnchainMptProofResponseVerify"":0.4437999725341797,""dpkiOnchainRootRead"":2.0812000036239624,""dpkiOnchainMptVerify"":0.3159000277519226,""dpkiOnchainOpenSslVerifyCert"":9.523899972438812,""dpkiOnchainAssertionSign"":12.29390001296997,""dpkiOnchainAssertionVerify"":9.584200024604797,""dpkiOnchainAuthSignature"":1.836899995803833}",1,6667727,0x26722dcec097f79c10999a03fba307058c8058ae7e6f1ad2e9b3f04a49d6b9b2
0,DPKI,131,intra-on-chain,true,false,253023.9396751836,261743.45077517777,261862.09067520648,118.6399000287056,0,118.6399000287056,-1,1,1,65,"{""dpkiOnchainAuthenticateTx"":56.59170001745224,""dpkiOnchainCertTransferHttp"":1.6799999475479126,""dpkiOnchainRelayHttp"":0,""dpkiCrossRelayHttp"":0,""dpkiOnchainMptProofHttpQuery"":14.634899973869324,""dpkiOnchainMptProofSignerCertVerify"":9.917500019073486,""dpkiOnchainMptProofResponseVerify"":0.4225999712944031,""dpkiOnchainRootRead"":2.320699989795685,""dpkiOnchainMptVerify"":0.3572999835014343,""dpkiOnchainOpenSslVerifyCert"":9.032599985599518,""dpkiOnchainAssertionSign"":11.896499991416931,""dpkiOnchainAssertionVerify"":9.50900000333786,""dpkiOnchainAuthSignature"":1.8467000126838684}",1,6667732,0xd0fd263bfca8384c6c9f5726e5eec0d6207263813f9336da055e3d31ec83e577
0,DPKI,132,intra-on-chain,true,false,256023.92001327447,264743.43111326866,264901.483313288,158.0522000193596,0,158.0522000193596,-1,1,1,65,"{""dpkiOnchainAuthenticateTx"":60.00830000638962,""dpkiOnchainCertTransferHttp"":0.4467000365257263,""dpkiOnchainRelayHttp"":0,""dpkiCrossRelayHttp"":0,""dpkiOnchainMptProofHttpQuery"":49.86779999732971,""dpkiOnchainMptProofSignerCertVerify"":12.369500041007996,""dpkiOnchainMptProofResponseVerify"":0.5098999738693237,""dpkiOnchainRootRead"":2.1910000443458557,""dpkiOnchainMptVerify"":0.3677999973297119,""dpkiOnchainOpenSslVerifyCert"":9.112399995326996,""dpkiOnchainAssertionSign"":11.846500039100647,""dpkiOnchainAssertionVerify"":9.114800035953522,""dpkiOnchainAuthSignature"":1.7809999585151672}",1,6667736,0x769c3ed3fb1fccb5b6bfe627f8006658345af621a4a2a4bfbe339d4e37807e57
0,DPKI,133,intra-on-chain,true,false,256803.96619671915,265523.47729671333,265630.84809673164,107.37080001831055,0,107.37080001831055,-1,1,1,65,"{""dpkiOnchainAuthenticateTx"":58.62430000305176,""dpkiOnchainCertTransferHttp"":0.31940001249313354,""dpkiOnchainRelayHttp"":0,""dpkiCrossRelayHttp"":0,""dpkiOnchainMptProofHttpQuery"":2.4243000149726868,""dpkiOnchainMptProofSignerCertVerify"":9.8371000289917,""dpkiOnchainMptProofResponseVerify"":0.4315999746322632,""dpkiOnchainRootRead"":2.0426999926567078,""dpkiOnchainMptVerify"":0.3240000009536743,""dpkiOnchainOpenSslVerifyCert"":9.28380000591278,""dpkiOnchainAssertionSign"":12.297699987888336,""dpkiOnchainAssertionVerify"":9.330699980258942,""dpkiOnchainAuthSignature"":1.8600000143051147}",1,6667738,0xdad1556cddf74df9bae8a6b97dc3348c0548cf883bd09fe89a85fc3c8de050e1
0,DPKI,134,intra-on-chain,true,false,256926.6537349087,265646.16483490285,265708.8080348831,62.64319998025894,0,62.64319998025894,-1,1,1,65,"{""dpkiOnchainAuthenticateTx"":13.279600024223328,""dpkiOnchainCertTransferHttp"":2.058899998664856,""dpkiOnchainRelayHttp"":0,""dpkiCrossRelayHttp"":0,""dpkiOnchainMptProofHttpQuery"":2.4790000319480896,""dpkiOnchainMptProofSignerCertVerify"":9.73879998922348,""dpkiOnchainMptProofResponseVerify"":0.4157000184059143,""dpkiOnchainRootRead"":1.9053999781608582,""dpkiOnchainMptVerify"":0.3417999744415283,""dpkiOnchainOpenSslVerifyCert"":8.98829996585846,""dpkiOnchainAssertionSign"":12.132799983024597,""dpkiOnchainAssertionVerify"":9.148499965667725,""dpkiOnchainAuthSignature"":1.7706000208854675}",1,6667741,0x3c8c073bc4e94bd3d0a13d3eb91693720023a7acade637cada0039d07d2f973c
0,DPKI,135,intra-on-chain,true,false,257146.66611506618,265866.17721506034,266034.26671507035,168.08950001001358,0,168.08950001001358,-1,1,1,65,"{""dpkiOnchainAuthenticateTx"":103.21549999713898,""dpkiOnchainCertTransferHttp"":3.848200023174286,""dpkiOnchainRelayHttp"":0,""dpkiCrossRelayHttp"":0,""dpkiOnchainMptProofHttpQuery"":15.24779999256134,""dpkiOnchainMptProofSignerCertVerify"":9.46780002117157,""dpkiOnchainMptProofResponseVerify"":0.4179999828338623,""dpkiOnchainRootRead"":2.313700020313263,""dpkiOnchainMptVerify"":0.3303999900817871,""dpkiOnchainOpenSslVerifyCert"":9.246200025081635,""dpkiOnchainAssertionSign"":12.174199998378754,""dpkiOnchainAssertionVerify"":9.619700014591217,""dpkiOnchainAuthSignature"":1.7627999782562256}",1,6667743,0xe29c08f9b2c90833a8f7c35a8b813af891c9286595eb4ecc1cdb30e065587489
0,DPKI,136,intra-on-chain,true,false,257425.89361588936,266145.40471588355,266266.49951587897,121.09479999542236,0,121.09479999542236,-1,1,1,65,"{""dpkiOnchainAuthenticateTx"":59.21129995584488,""dpkiOnchainCertTransferHttp"":1.1446000337600708,""dpkiOnchainRelayHttp"":0,""dpkiCrossRelayHttp"":0,""dpkiOnchainMptProofHttpQuery"":15.108500003814697,""dpkiOnchainMptProofSignerCertVerify"":9.661800026893616,""dpkiOnchainMptProofResponseVerify"":0.4569999575614929,""dpkiOnchainRootRead"":2.069800019264221,""dpkiOnchainMptVerify"":0.31540000438690186,""dpkiOnchainOpenSslVerifyCert"":9.112800002098083,""dpkiOnchainAssertionSign"":11.87009996175766,""dpkiOnchainAssertionVerify"":9.808700025081635,""dpkiOnchainAuthSignature"":1.914900004863739}",1,6667746,0x3e7816d19e5772e821113266ddf9f78e4ca6d0774f7f9a1c81658f59663fb8bb
0,DPKI,137,intra-on-chain,true,false,260094.8817333066,268814.39283330075,268986.3836332642,171.99079996347427,0,171.99079996347427,-1,1,1,65,"{""dpkiOnchainAuthenticateTx"":108.4685999751091,""dpkiOnchainCertTransferHttp"":1.185699999332428,""dpkiOnchainRelayHttp"":0,""dpkiCrossRelayHttp"":0,""dpkiOnchainMptProofHttpQuery"":14.558000028133392,""dpkiOnchainMptProofSignerCertVerify"":10.58840000629425,""dpkiOnchainMptProofResponseVerify"":0.445900022983551,""dpkiOnchainRootRead"":1.868299961090088,""dpkiOnchainMptVerify"":0.3264000415802002,""dpkiOnchainOpenSslVerifyCert"":9.746800005435944,""dpkiOnchainAssertionSign"":12.784300029277802,""dpkiOnchainAssertionVerify"":9.680999994277954,""dpkiOnchainAuthSignature"":1.8628000020980835}",1,6667748,0xc50393e7ded1a177108931e1d85434d4b42de2b93bd0e8b69c731c76ea686bb4
0,DPKI,138,intra-on-chain,true,false,267111.3982063144,275830.9093063086,275942.1852063149,111.27590000629425,0,111.27590000629425,-1,1,1,65,"{""dpkiOnchainAuthenticateTx"":59.77690005302429,""dpkiOnchainCertTransferHttp"":0.2376999855041504,""dpkiOnchainRelayHttp"":0,""dpkiCrossRelayHttp"":0,""dpkiOnchainMptProofHttpQuery"":5.0539000034332275,""dpkiOnchainMptProofSignerCertVerify"":9.926699995994568,""dpkiOnchainMptProofResponseVerify"":0.4569000005722046,""dpkiOnchainRootRead"":2.1122000217437744,""dpkiOnchainMptVerify"":0.32190001010894775,""dpkiOnchainOpenSslVerifyCert"":9.68699997663498,""dpkiOnchainAssertionSign"":12.467700004577637,""dpkiOnchainAssertionVerify"":9.030499994754791,""dpkiOnchainAuthSignature"":1.78329998254776}",1,6667751,0x5c08fad7d786fa18c80b205fc276d3e9b3677c1e45d4d704ce4cee5006d3113a
0,DPKI,139,intra-on-chain,true,false,268443.46199176926,277162.97309176344,277256.6513917865,93.67830002307892,0,93.67830002307892,-1,1,1,65,"{""dpkiOnchainAuthenticateTx"":41.48240000009537,""dpkiOnchainCertTransferHttp"":0.5636000037193298,""dpkiOnchainRelayHttp"":0,""dpkiCrossRelayHttp"":0,""dpkiOnchainMptProofHttpQuery"":6.44130003452301,""dpkiOnchainMptProofSignerCertVerify"":9.734499990940094,""dpkiOnchainMptProofResponseVerify"":0.4453999996185303,""dpkiOnchainRootRead"":2.0271999835968018,""dpkiOnchainMptVerify"":0.3626999855041504,""dpkiOnchainOpenSslVerifyCert"":9.668500006198883,""dpkiOnchainAssertionSign"":11.837999999523163,""dpkiOnchainAssertionVerify"":8.890499949455261,""dpkiOnchainAuthSignature"":1.7858999967575073}",1,6667754,0xa6335bfb4079e68c07befad9f32531be61f9a5e413b43adfaf77b5537dc3afeb
0,DPKI,140,intra-on-chain,true,false,270928.93251372105,279648.44361371524,279884.2358136845,235.7921999692917,0,235.7921999692917,-1,1,1,65,"{""dpkiOnchainAuthenticateTx"":102.92070001363754,""dpkiOnchainCertTransferHttp"":1.0103999972343445,""dpkiOnchainRelayHttp"":0,""dpkiCrossRelayHttp"":0,""dpkiOnchainMptProofHttpQuery"":15.176200032234192,""dpkiOnchainMptProofSignerCertVerify"":9.57829999923706,""dpkiOnchainMptProofResponseVerify"":0.3898000121116638,""dpkiOnchainRootRead"":2.1151999831199646,""dpkiOnchainMptVerify"":0.34539997577667236,""dpkiOnchainOpenSslVerifyCert"":11.030000030994415,""dpkiOnchainAssertionSign"":19.21019995212555,""dpkiOnchainAssertionVerify"":71.80200004577637,""dpkiOnchainAuthSignature"":1.7509000301361084}",1,6667757,0x43f4348bfb31e791399aa262082b5670e10e89f5e28bad24c07fe46cd77af2e2
0,DPKI,141,intra-on-chain,true,false,273132.7902701917,281852.30137018586,281970.6959702196,118.39460003376007,0,118.39460003376007,-1,1,1,65,"{""dpkiOnchainAuthenticateTx"":70.45590001344681,""dpkiOnchainCertTransferHttp"":0.8034999966621399,""dpkiOnchainRelayHttp"":0,""dpkiCrossRelayHttp"":0,""dpkiOnchainMptProofHttpQuery"":2.6883000135421753,""dpkiOnchainMptProofSignerCertVerify"":9.588899970054626,""dpkiOnchainMptProofResponseVerify"":0.4757999777793884,""dpkiOnchainRootRead"":2.2502999901771545,""dpkiOnchainMptVerify"":0.33230000734329224,""dpkiOnchainOpenSslVerifyCert"":8.9442999958992,""dpkiOnchainAssertionSign"":11.298000037670135,""dpkiOnchainAssertionVerify"":9.429799973964691,""dpkiOnchainAuthSignature"":1.7368000149726868}",1,6667762,0x48e530cc357f90dc5fd4a63e78ae8e37d218318b0850fd962dfe4b07981a9fc8
0,DPKI,142,intra-on-chain,true,false,275074.8501838073,283794.3612838015,283901.49098380655,107.12970000505447,0,107.12970000505447,-1,1,1,65,"{""dpkiOnchainAuthenticateTx"":44.584600031375885,""dpkiOnchainCertTransferHttp"":1.0720999836921692,""dpkiOnchainRelayHttp"":0,""dpkiCrossRelayHttp"":0,""dpkiOnchainMptProofHttpQuery"":14.324999988079071,""dpkiOnchainMptProofSignerCertVerify"":9.915600001811981,""dpkiOnchainMptProofResponseVerify"":0.42879998683929443,""dpkiOnchainRootRead"":1.9476999640464783,""dpkiOnchainMptVerify"":0.3539999723434448,""dpkiOnchainOpenSslVerifyCert"":9.931599974632263,""dpkiOnchainAssertionSign"":12.795900046825409,""dpkiOnchainAssertionVerify"":9.511000037193298,""dpkiOnchainAuthSignature"":1.8163000345230103}",1,6667764,0xb54a9b02b40d8309f270a434bb5d61ebc8e4d7e258cfcce57ad1c39582c08a97
0,DPKI,143,intra-on-chain,true,false,276454.3016197194,285173.8127197136,285252.3331197013,78.5203999876976,0,78.5203999876976,-1,1,1,65,"{""dpkiOnchainAuthenticateTx"":28.895699977874756,""dpkiOnchainCertTransferHttp"":0.6140000224113464,""dpkiOnchainRelayHttp"":0,""dpkiCrossRelayHttp"":0,""dpkiOnchainMptProofHttpQuery"":2.820799946784973,""dpkiOnchainMptProofSignerCertVerify"":10.043099999427795,""dpkiOnchainMptProofResponseVerify"":0.4837999939918518,""dpkiOnchainRootRead"":2.2746999859809875,""dpkiOnchainMptVerify"":0.3315999507904053,""dpkiOnchainOpenSslVerifyCert"":9.301100015640259,""dpkiOnchainAssertionSign"":12.581500053405762,""dpkiOnchainAssertionVerify"":8.976700007915497,""dpkiOnchainAuthSignature"":1.7913999557495117}",1,6667768,0x4891695a8c945ee0f2eb5745703f87421f8f1f097d5ad702e53022131cd36f2b
0,DPKI,144,intra-on-chain,true,false,278063.6045500608,286783.115650055,286937.7394500943,154.62380003929138,0,154.62380003929138,-1,1,1,65,"{""dpkiOnchainAuthenticateTx"":104.55229997634888,""dpkiOnchainCertTransferHttp"":0.5237999558448792,""dpkiOnchainRelayHttp"":0,""dpkiCrossRelayHttp"":0,""dpkiOnchainMptProofHttpQuery"":5.2432000041008,""dpkiOnchainMptProofSignerCertVerify"":9.844399988651276,""dpkiOnchainMptProofResponseVerify"":0.44529998302459717,""dpkiOnchainRootRead"":1.8436999917030334,""dpkiOnchainMptVerify"":0.3208000063896179,""dpkiOnchainOpenSslVerifyCert"":9.002000033855438,""dpkiOnchainAssertionSign"":11.781899988651276,""dpkiOnchainAssertionVerify"":8.915100038051605,""dpkiOnchainAuthSignature"":1.7358999848365784}",1,6667771,0x3b31a45790864ae87a674734180157710612dec0d6012f39899ff49b3d6557e2
0,DPKI,145,intra-on-chain,true,false,279207.9647701828,287927.475870177,288020.1708701698,92.69499999284744,0,92.69499999284744,-1,1,1,65,"{""dpkiOnchainAuthenticateTx"":42.1710000038147,""dpkiOnchainCertTransferHttp"":0.2788999676704407,""dpkiOnchainRelayHttp"":0,""dpkiCrossRelayHttp"":0,""dpkiOnchainMptProofHttpQuery"":3.9552000164985657,""dpkiOnchainMptProofSignerCertVerify"":9.852699995040894,""dpkiOnchainMptProofResponseVerify"":0.4394000172615051,""dpkiOnchainRootRead"":1.8878999948501587,""dpkiOnchainMptVerify"":0.3222000002861023,""dpkiOnchainOpenSslVerifyCert"":9.237999975681305,""dpkiOnchainAssertionSign"":12.645400047302246,""dpkiOnchainAssertionVerify"":9.721700012683868,""dpkiOnchainAuthSignature"":1.7961999773979187}",1,6667773,0x452f1572333f7c5840c82cdae7952db5f2dc2e379bad0ba0e8a5ca28565cc000
0,DPKI,146,intra-on-chain,true,false,282895.78986635664,291615.3009663508,291704.7262663529,89.42530000209808,0,89.42530000209808,-1,1,1,65,"{""dpkiOnchainAuthenticateTx"":27.00129997730255,""dpkiOnchainCertTransferHttp"":1.3724000453948975,""dpkiOnchainRelayHttp"":0,""dpkiCrossRelayHttp"":0,""dpkiOnchainMptProofHttpQuery"":14.478399991989136,""dpkiOnchainMptProofSignerCertVerify"":9.916900038719177,""dpkiOnchainMptProofResponseVerify"":0.4410000443458557,""dpkiOnchainRootRead"":1.8039000034332275,""dpkiOnchainMptVerify"":0.3203999996185303,""dpkiOnchainOpenSslVerifyCert"":10.121500015258789,""dpkiOnchainAssertionSign"":12.045699954032898,""dpkiOnchainAssertionVerify"":9.615000009536743,""dpkiOnchainAuthSignature"":1.8765000104904175}",1,6667775,0x1c6075aaabc955c0995c9393c3d362aa29f6c4515a37b0b0b33f4c6dbe0f2b2b
0,DPKI,147,intra-on-chain,true,false,286540.9427163605,295260.4538163547,295413.5483163599,153.0945000052452,0,153.0945000052452,-1,1,1,65,"{""dpkiOnchainAuthenticateTx"":91.06779998540878,""dpkiOnchainCertTransferHttp"":0.0406000018119812,""dpkiOnchainRelayHttp"":0,""dpkiCrossRelayHttp"":0,""dpkiOnchainMptProofHttpQuery"":15.255300045013428,""dpkiOnchainMptProofSignerCertVerify"":9.816799998283386,""dpkiOnchainMptProofResponseVerify"":0.4373999834060669,""dpkiOnchainRootRead"":1.9085000157356262,""dpkiOnchainMptVerify"":0.4678000211715698,""dpkiOnchainOpenSslVerifyCert"":10.08160001039505,""dpkiOnchainAssertionSign"":12.600300014019012,""dpkiOnchainAssertionVerify"":8.896700024604797,""dpkiOnchainAuthSignature"":2.056500017642975}",1,6667780,0xff356462de27bf59b2ab4fc5729fc3ec42ff3280575124131572b6e00d1c2b31
0,DPKI,148,intra-on-chain,true,false,291305.9952380626,300025.50633805676,300154.1174380152,128.6110999584198,0,128.6110999584198,-1,1,1,65,"{""dpkiOnchainAuthenticateTx"":77.21559995412827,""dpkiOnchainCertTransferHttp"":1.733299970626831,""dpkiOnchainRelayHttp"":0,""dpkiCrossRelayHttp"":0,""dpkiOnchainMptProofHttpQuery"":4.948599994182587,""dpkiOnchainMptProofSignerCertVerify"":9.622900009155273,""dpkiOnchainMptProofResponseVerify"":0.4071999788284302,""dpkiOnchainRootRead"":1.8719000220298767,""dpkiOnchainMptVerify"":0.35740000009536743,""dpkiOnchainOpenSslVerifyCert"":9.324699997901917,""dpkiOnchainAssertionSign"":11.854100048542023,""dpkiOnchainAssertionVerify"":9.048200011253357,""dpkiOnchainAuthSignature"":1.7849000096321106}",1,6667784,0xaa039f300a00380177bdcb69ae7b3f6ceb1da71b98f9d21a70c7e5ad6c46aa52
0,DPKI,149,intra-on-chain,true,false,294286.39264381485,303005.90374380903,303081.36004382925,75.4563000202179,0,75.4563000202179,-1,1,1,65,"{""dpkiOnchainAuthenticateTx"":25.930499970912933,""dpkiOnchainCertTransferHttp"":0.3578000068664551,""dpkiOnchainRelayHttp"":0,""dpkiCrossRelayHttp"":0,""dpkiOnchainMptProofHttpQuery"":3.1657999753952026,""dpkiOnchainMptProofSignerCertVerify"":9.985600054264069,""dpkiOnchainMptProofResponseVerify"":0.43310004472732544,""dpkiOnchainRootRead"":1.7125999927520752,""dpkiOnchainMptVerify"":0.3384999632835388,""dpkiOnchainOpenSslVerifyCert"":9.599299967288971,""dpkiOnchainAssertionSign"":12.538500010967255,""dpkiOnchainAssertionVerify"":8.925300002098083,""dpkiOnchainAuthSignature"":2.08650004863739}",1,6667785,0x1a0dc94b4aa5e14cfb9d1655ef1d76496dd9e79e0c21235b7e39d1ca8ffb6e04
0,DPKI,150,intra-on-chain,true,false,300092.260468678,308811.7715686722,308947.140968637,135.36939996480942,0,135.36939996480942,-1,1,1,65,"{""dpkiOnchainAuthenticateTx"":73.40109997987747,""dpkiOnchainCertTransferHttp"":0.24810004234313965,""dpkiOnchainRelayHttp"":0,""dpkiCrossRelayHttp"":0,""dpkiOnchainMptProofHttpQuery"":15.911799967288971,""dpkiOnchainMptProofSignerCertVerify"":10.19760000705719,""dpkiOnchainMptProofResponseVerify"":0.44040000438690186,""dpkiOnchainRootRead"":1.8025000095367432,""dpkiOnchainMptVerify"":0.3173999786376953,""dpkiOnchainOpenSslVerifyCert"":9.096699953079224,""dpkiOnchainAssertionSign"":11.950699985027313,""dpkiOnchainAssertionVerify"":9.790299952030182,""dpkiOnchainAuthSignature"":1.8029000163078308}",1,6667788,0x827acdc46641b22d2ca965122f7ce08847c6dae72f1d7b2a85a8ec9fc4807757
0,DPKI,151,intra-on-chain,true,false,302281.9660672672,311001.47716726136,311126.9291672237,125.45199996232986,0,125.45199996232986,-1,1,1,65,"{""dpkiOnchainAuthenticateTx"":61.873099982738495,""dpkiOnchainCertTransferHttp"":0.354699969291687,""dpkiOnchainRelayHttp"":0,""dpkiCrossRelayHttp"":0,""dpkiOnchainMptProofHttpQuery"":17.54559999704361,""dpkiOnchainMptProofSignerCertVerify"":9.713900029659271,""dpkiOnchainMptProofResponseVerify"":0.3875000476837158,""dpkiOnchainRootRead"":2.0105000138282776,""dpkiOnchainMptVerify"":0.31779998540878296,""dpkiOnchainOpenSslVerifyCert"":9.146699965000153,""dpkiOnchainAssertionSign"":12.444599986076355,""dpkiOnchainAssertionVerify"":9.437099993228912,""dpkiOnchainAuthSignature"":1.804800033569336}",1,6667792,0x7987e7c64e4ca7fe12570111c302fc1d29bce077713dad32cdc009d313478104
0,DPKI,152,intra-on-chain,true,false,303352.8949863874,312072.4060863816,312240.32368635765,167.91759997606277,0,167.91759997606277,-1,1,1,65,"{""dpkiOnchainAuthenticateTx"":106.69410002231598,""dpkiOnchainCertTransferHttp"":0.38440001010894775,""dpkiOnchainRelayHttp"":0,""dpkiCrossRelayHttp"":0,""dpkiOnchainMptProofHttpQuery"":14.849000036716461,""dpkiOnchainMptProofSignerCertVerify"":9.94020003080368,""dpkiOnchainMptProofResponseVerify"":0.5636000037193298,""dpkiOnchainRootRead"":1.8504999876022339,""dpkiOnchainMptVerify"":0.3467000126838684,""dpkiOnchainOpenSslVerifyCert"":9.43699997663498,""dpkiOnchainAssertionSign"":12.576800048351288,""dpkiOnchainAssertionVerify"":8.962499976158142,""dpkiOnchainAuthSignature"":1.8545000553131104}",1,6667794,0x055cc6a248107bd498f33cc6c6357ba4c8761e9b18f3d58e4e1990f0a1ce444f
0,DPKI,153,intra-on-chain,true,false,309503.61883193423,318223.1299319284,318301.9293319004,78.79939997196198,0,78.79939997196198,-1,1,1,65,"{""dpkiOnchainAuthenticateTx"":29.915399968624115,""dpkiOnchainCertTransferHttp"":2.1371999979019165,""dpkiOnchainRelayHttp"":0,""dpkiCrossRelayHttp"":0,""dpkiOnchainMptProofHttpQuery"":2.4711999893188477,""dpkiOnchainMptProofSignerCertVerify"":9.533699989318848,""dpkiOnchainMptProofResponseVerify"":0.4373999834060669,""dpkiOnchainRootRead"":1.949899971485138,""dpkiOnchainMptVerify"":0.34369999170303345,""dpkiOnchainOpenSslVerifyCert"":9.749800026416779,""dpkiOnchainAssertionSign"":11.586099982261658,""dpkiOnchainAssertionVerify"":8.53880000114441,""dpkiOnchainAuthSignature"":1.7493000030517578}",1,6667797,0xb596c2e7bdd8f8e31750dd1480fc151695fdb4a46aa52a8b9ca3ddab48f237a2
0,DPKI,154,intra-on-chain,true,false,309544.2652574752,318263.7763574694,318439.38945746166,175.61309999227524,0,175.61309999227524,-1,1,1,65,"{""dpkiOnchainAuthenticateTx"":106.06759995222092,""dpkiOnchainCertTransferHttp"":1.6013000011444092,""dpkiOnchainRelayHttp"":0,""dpkiCrossRelayHttp"":0,""dpkiOnchainMptProofHttpQuery"":13.544900000095367,""dpkiOnchainMptProofSignerCertVerify"":11.107899963855743,""dpkiOnchainMptProofResponseVerify"":0.4852999448776245,""dpkiOnchainRootRead"":2.7810999751091003,""dpkiOnchainMptVerify"":0.3508000373840332,""dpkiOnchainOpenSslVerifyCert"":12.188699960708618,""dpkiOnchainAssertionSign"":15.620800018310547,""dpkiOnchainAssertionVerify"":9.641099989414215,""dpkiOnchainAuthSignature"":1.7634999752044678}",1,6667800,0xe0f93866613716aa26ddcfa2afdb5d76490782c8a7af9c436479dec28362cc22
0,DPKI,155,intra-on-chain,true,false,311274.38974188396,319993.90084187815,320141.6974418623,147.796599984169,0,147.796599984169,-1,1,1,65,"{""dpkiOnchainAuthenticateTx"":68.12540000677109,""dpkiOnchainCertTransferHttp"":0.14800000190734863,""dpkiOnchainRelayHttp"":0,""dpkiCrossRelayHttp"":0,""dpkiOnchainMptProofHttpQuery"":34.79189997911453,""dpkiOnchainMptProofSignerCertVerify"":9.80189996957779,""dpkiOnchainMptProofResponseVerify"":0.41600000858306885,""dpkiOnchainRootRead"":2.0708999633789062,""dpkiOnchainMptVerify"":0.32920002937316895,""dpkiOnchainOpenSslVerifyCert"":8.983200013637543,""dpkiOnchainAssertionSign"":11.892699956893921,""dpkiOnchainAssertionVerify"":9.065300047397614,""dpkiOnchainAuthSignature"":1.8125}",1,6667802,0x070493e658780f052e7d015ab233d817ffc91e3dcb95e4786d466591e25f0370
0,DPKI,156,intra-on-chain,true,false,316179.68925785035,324899.20035784453,325021.8069578311,122.60659998655319,0,122.60659998655319,-1,1,1,65,"{""dpkiOnchainAuthenticateTx"":43.97460001707077,""dpkiOnchainCertTransferHttp"":0.6741000413894653,""dpkiOnchainRelayHttp"":0,""dpkiCrossRelayHttp"":0,""dpkiOnchainMptProofHttpQuery"":30.69889998435974,""dpkiOnchainMptProofSignerCertVerify"":10.364699959754944,""dpkiOnchainMptProofResponseVerify"":0.46389997005462646,""dpkiOnchainRootRead"":2.180999994277954,""dpkiOnchainMptVerify"":0.3662000298500061,""dpkiOnchainOpenSslVerifyCert"":9.668500006198883,""dpkiOnchainAssertionSign"":12.071900010108948,""dpkiOnchainAssertionVerify"":9.936300039291382,""dpkiOnchainAuthSignature"":1.7892999649047852}",1,6667804,0xaa9e9906f3c911916efafa886ca605356e0a5487e4766c78e94d36fac9dacde4
0,DPKI,157,intra-on-chain,true,false,317937.4243873492,326656.9354873434,326768.69438733015,111.75889998674393,0,111.75889998674393,-1,1,1,65,"{""dpkiOnchainAuthenticateTx"":44.90979999303818,""dpkiOnchainCertTransferHttp"":0.3515999913215637,""dpkiOnchainRelayHttp"":0,""dpkiCrossRelayHttp"":0,""dpkiOnchainMptProofHttpQuery"":15.437299966812134,""dpkiOnchainMptProofSignerCertVerify"":9.815899968147278,""dpkiOnchainMptProofResponseVerify"":0.4635000228881836,""dpkiOnchainRootRead"":2.0753999948501587,""dpkiOnchainMptVerify"":0.3391000032424927,""dpkiOnchainOpenSslVerifyCert"":10.583799958229065,""dpkiOnchainAssertionSign"":12.88369995355606,""dpkiOnchainAssertionVerify"":12.674799978733063,""dpkiOnchainAuthSignature"":1.7994000315666199}",1,6667806,0x4f0798d6ab774752d34de9669d49025e941f9328bec10d0bdbc080e6309cdafe
0,DPKI,158,intra-on-chain,true,false,319401.05125710316,328120.56235709734,328224.0468571479,103.48450005054474,0,103.48450005054474,-1,1,1,65,"{""dpkiOnchainAuthenticateTx"":40.34729999303818,""dpkiOnchainCertTransferHttp"":0.4912000298500061,""dpkiOnchainRelayHttp"":0,""dpkiCrossRelayHttp"":0,""dpkiOnchainMptProofHttpQuery"":14.587700009346008,""dpkiOnchainMptProofSignerCertVerify"":11.976099967956543,""dpkiOnchainMptProofResponseVerify"":0.46389997005462646,""dpkiOnchainRootRead"":2.4223999977111816,""dpkiOnchainMptVerify"":0.32340002059936523,""dpkiOnchainOpenSslVerifyCert"":10.055599987506866,""dpkiOnchainAssertionSign"":11.747600018978119,""dpkiOnchainAssertionVerify"":8.80730003118515,""dpkiOnchainAuthSignature"":1.8299000263214111}",1,6667808,0x3757416fc73097b0ab58b61208e83e1c54d0f76235af7fbdc9bc852a0ae9c132
0,DPKI,159,intra-on-chain,true,false,321206.74493228795,329926.25603228214,330059.0252322495,132.76919996738434,0,132.76919996738434,-1,1,1,65,"{""dpkiOnchainAuthenticateTx"":75.17500001192093,""dpkiOnchainCertTransferHttp"":0.7527999877929688,""dpkiOnchainRelayHttp"":0,""dpkiCrossRelayHttp"":0,""dpkiOnchainMptProofHttpQuery"":8.564099967479706,""dpkiOnchainMptProofSignerCertVerify"":10.040799975395203,""dpkiOnchainMptProofResponseVerify"":0.44050002098083496,""dpkiOnchainRootRead"":1.8949999809265137,""dpkiOnchainMptVerify"":0.3255999684333801,""dpkiOnchainOpenSslVerifyCert"":9.456799983978271,""dpkiOnchainAssertionSign"":14.380899965763092,""dpkiOnchainAssertionVerify"":9.4514000415802,""dpkiOnchainAuthSignature"":1.8885999917984009}",1,6667812,0x73a1ca2068aa3fc81cd4fee5e144efaad057ea280babcf1394d566b4c46bfa5e
0,DPKI,160,intra-on-chain,true,false,324241.7450717351,332961.2561717293,333056.3392717502,95.08310002088547,0,95.08310002088547,-1,1,1,65,"{""dpkiOnchainAuthenticateTx"":33.9122000336647,""dpkiOnchainCertTransferHttp"":0.57669997215271,""dpkiOnchainRelayHttp"":0,""dpkiCrossRelayHttp"":0,""dpkiOnchainMptProofHttpQuery"":15.564300000667572,""dpkiOnchainMptProofSignerCertVerify"":10.159500002861023,""dpkiOnchainMptProofResponseVerify"":0.4749000072479248,""dpkiOnchainRootRead"":2.1115000247955322,""dpkiOnchainMptVerify"":0.33730000257492065,""dpkiOnchainOpenSslVerifyCert"":9.456699967384338,""dpkiOnchainAssertionSign"":11.657999992370605,""dpkiOnchainAssertionVerify"":8.624300003051758,""dpkiOnchainAuthSignature"":1.7926999926567078}",1,6667816,0x3ece54dd1f8caf6f80bdd8691122230744e5b0a89c7980a797c67e3fa27b6472
0,DPKI,161,intra-on-chain,true,false,326005.7491597922,334725.2602597864,334819.2953597696,94.03509998321533,0,94.03509998321533,-1,1,1,65,"{""dpkiOnchainAuthenticateTx"":32.31300002336502,""dpkiOnchainCertTransferHttp"":0.28630000352859497,""dpkiOnchainRelayHttp"":0,""dpkiCrossRelayHttp"":0,""dpkiOnchainMptProofHttpQuery"":15.435099959373474,""dpkiOnchainMptProofSignerCertVerify"":9.962499976158142,""dpkiOnchainMptProofResponseVerify"":0.564300000667572,""dpkiOnchainRootRead"":1.8191999793052673,""dpkiOnchainMptVerify"":0.361299991607666,""dpkiOnchainOpenSslVerifyCert"":9.543400049209595,""dpkiOnchainAssertionSign"":11.855199992656708,""dpkiOnchainAssertionVerify"":9.609699964523315,""dpkiOnchainAuthSignature"":1.857200026512146}",1,6667818,0x1ae923da3687db5285e019d7976e5ee2975d0e9f50f82ba615ea0d4ba8780503
0,DPKI,162,intra-on-chain,true,false,329348.1118653822,338067.62296537636,338179.0640653777,111.44110000133514,0,111.44110000133514,-1,1,1,65,"{""dpkiOnchainAuthenticateTx"":59.75169998407364,""dpkiOnchainCertTransferHttp"":0.6525000333786011,""dpkiOnchainRelayHttp"":0,""dpkiCrossRelayHttp"":0,""dpkiOnchainMptProofHttpQuery"":4.315400004386902,""dpkiOnchainMptProofSignerCertVerify"":10.14869999885559,""dpkiOnchainMptProofResponseVerify"":0.4591999650001526,""dpkiOnchainRootRead"":2.167200028896332,""dpkiOnchainMptVerify"":0.31630003452301025,""dpkiOnchainOpenSslVerifyCert"":9.586400032043457,""dpkiOnchainAssertionSign"":12.055300056934357,""dpkiOnchainAssertionVerify"":9.707099974155426,""dpkiOnchainAuthSignature"":1.8557999730110168}",1,6667823,0x9f61c68501eff0adc9e927e5b89e15cbfbacc22395e1f50301f2c18f1ca2f1d6
0,DPKI,163,intra-on-chain,true,false,335722.7144743388,344442.225574333,344605.89457436255,163.6690000295639,0,163.6690000295639,-1,1,1,65,"{""dpkiOnchainAuthenticateTx"":101.5780000090599,""dpkiOnchainCertTransferHttp"":0.7440999746322632,""dpkiOnchainRelayHttp"":0,""dpkiCrossRelayHttp"":0,""dpkiOnchainMptProofHttpQuery"":14.572300016880035,""dpkiOnchainMptProofSignerCertVerify"":9.751599967479706,""dpkiOnchainMptProofResponseVerify"":0.4197999835014343,""dpkiOnchainRootRead"":1.9688000082969666,""dpkiOnchainMptVerify"":0.33399999141693115,""dpkiOnchainOpenSslVerifyCert"":10.397800028324127,""dpkiOnchainAssertionSign"":12.607900023460388,""dpkiOnchainAssertionVerify"":9.092199981212616,""dpkiOnchainAuthSignature"":1.7825999855995178}",1,6667826,0x65a0348ea708a110e2c9d3a2cc5133af2326e213c6eaa3f5d7de96ff51b8f667
0,DPKI,164,intra-on-chain,true,false,335863.1696074126,344582.6807074068,344699.2811074374,116.60040003061295,0,116.60040003061295,-1,1,1,65,"{""dpkiOnchainAuthenticateTx"":61.181799948215485,""dpkiOnchainCertTransferHttp"":2.179700016975403,""dpkiOnchainRelayHttp"":0,""dpkiCrossRelayHttp"":0,""dpkiOnchainMptProofHttpQuery"":7.7444000244140625,""dpkiOnchainMptProofSignerCertVerify"":10.018400013446808,""dpkiOnchainMptProofResponseVerify"":0.42180001735687256,""dpkiOnchainRootRead"":1.9731000065803528,""dpkiOnchainMptVerify"":0.343500018119812,""dpkiOnchainOpenSslVerifyCert"":9.054500043392181,""dpkiOnchainAssertionSign"":11.633800029754639,""dpkiOnchainAssertionVerify"":9.821999967098236,""dpkiOnchainAuthSignature"":1.8479000329971313}",1,6667829,0x12cc08d1f36d21bbca9cb8ad580d703fda7f8316012e210f3a5858ccd2b7dadd
0,DPKI,165,intra-on-chain,true,false,336119.21356660826,344838.72466660244,344954.6203665803,115.89569997787476,0,115.89569997787476,-1,1,1,65,"{""dpkiOnchainAuthenticateTx"":51.910199999809265,""dpkiOnchainCertTransferHttp"":1.0239999890327454,""dpkiOnchainRelayHttp"":0,""dpkiCrossRelayHttp"":0,""dpkiOnchainMptProofHttpQuery"":17.018100023269653,""dpkiOnchainMptProofSignerCertVerify"":10.077499985694885,""dpkiOnchainMptProofResponseVerify"":0.39240002632141113,""dpkiOnchainRootRead"":2.1492999792099,""dpkiOnchainMptVerify"":0.33719998598098755,""dpkiOnchainOpenSslVerifyCert"":9.113700032234192,""dpkiOnchainAssertionSign"":12.465499997138977,""dpkiOnchainAssertionVerify"":9.274699985980988,""dpkiOnchainAuthSignature"":1.7635999917984009}",1,6667831,0x21202d1e03e242a4029a0cde52251dcb8a0b47638f0b82d8a79ebec6d6af5254
0,DPKI,166,intra-on-chain,true,false,337083.6206698164,345803.13176981057,345958.0947698101,154.96299999952316,0,154.96299999952316,-1,1,1,65,"{""dpkiOnchainAuthenticateTx"":89.84990000724792,""dpkiOnchainCertTransferHttp"":0.6045999526977539,""dpkiOnchainRelayHttp"":0,""dpkiCrossRelayHttp"":0,""dpkiOnchainMptProofHttpQuery"":18.124000012874603,""dpkiOnchainMptProofSignerCertVerify"":9.78490000963211,""dpkiOnchainMptProofResponseVerify"":0.43540000915527344,""dpkiOnchainRootRead"":2.002499997615814,""dpkiOnchainMptVerify"":0.33059996366500854,""dpkiOnchainOpenSslVerifyCert"":9.575200021266937,""dpkiOnchainAssertionSign"":12.418999969959259,""dpkiOnchainAssertionVerify"":9.649899959564209,""dpkiOnchainAuthSignature"":1.7932000160217285}",1,6667834,0x4786c8494343c68b3d453329497970727215c3ddf32395e3a8c7ec47338e2515
0,DPKI,167,intra-on-chain,true,false,338322.00278477377,347041.51388476795,347192.52728472656,151.01339995861053,0,151.01339995861053,-1,1,1,65,"{""dpkiOnchainAuthenticateTx"":88.88190001249313,""dpkiOnchainCertTransferHttp"":0.11959999799728394,""dpkiOnchainRelayHttp"":0,""dpkiCrossRelayHttp"":0,""dpkiOnchainMptProofHttpQuery"":16.112200021743774,""dpkiOnchainMptProofSignerCertVerify"":9.958100020885468,""dpkiOnchainMptProofResponseVerify"":0.44019997119903564,""dpkiOnchainRootRead"":1.9864000082015991,""dpkiOnchainMptVerify"":0.33730000257492065,""dpkiOnchainOpenSslVerifyCert"":9.710000038146973,""dpkiOnchainAssertionSign"":11.739299952983856,""dpkiOnchainAssertionVerify"":9.367299973964691,""dpkiOnchainAuthSignature"":1.9652999639511108}",1,6667837,0xbbaceb3dcdb09b5ff11cfb4e159191b4c8e017d38a9597bc9756d137aaf43d21
0,DPKI,168,intra-on-chain,true,false,341396.8854634508,350116.396563445,350209.53586349334,93.13930004835129,0,93.13930004835129,-1,1,1,65,"{""dpkiOnchainAuthenticateTx"":32.05390000343323,""dpkiOnchainCertTransferHttp"":0.5675000548362732,""dpkiOnchainRelayHttp"":0,""dpkiCrossRelayHttp"":0,""dpkiOnchainMptProofHttpQuery"":14.841300010681152,""dpkiOnchainMptProofSignerCertVerify"":10.064800024032593,""dpkiOnchainMptProofResponseVerify"":0.4293999671936035,""dpkiOnchainRootRead"":1.8902000188827515,""dpkiOnchainMptVerify"":0.32260000705718994,""dpkiOnchainOpenSslVerifyCert"":8.883900046348572,""dpkiOnchainAssertionSign"":12.210700035095215,""dpkiOnchainAssertionVerify"":9.686600029468536,""dpkiOnchainAuthSignature"":1.8098000288009644}",1,6667841,0xfd6a496c0392e444bff1c85589a0b21bee3c87fad702ebc8197123fbcf742d74
0,DPKI,169,intra-on-chain,true,false,345109.1001061799,353828.6112061741,353954.64570617693,126.03450000286102,0,126.03450000286102,-1,1,1,65,"{""dpkiOnchainAuthenticateTx"":76.59670001268387,""dpkiOnchainCertTransferHttp"":0.15770000219345093,""dpkiOnchainRelayHttp"":0,""dpkiCrossRelayHttp"":0,""dpkiOnchainMptProofHttpQuery"":2.8877000212669373,""dpkiOnchainMptProofSignerCertVerify"":9.724699974060059,""dpkiOnchainMptProofResponseVerify"":0.40869998931884766,""dpkiOnchainRootRead"":2.027799963951111,""dpkiOnchainMptVerify"":0.3446999788284302,""dpkiOnchainOpenSslVerifyCert"":9.836499989032745,""dpkiOnchainAssertionSign"":12.549999952316284,""dpkiOnchainAssertionVerify"":9.27539998292923,""dpkiOnchainAuthSignature"":1.7996000051498413}",1,6667844,0x75ce0682043062a47fad9ee668bf0844847d859d0fa2226da50c365e5e55cdda
0,DPKI,170,intra-on-chain,true,false,350953.7537733641,359673.2648733583,359777.1696733561,103.90479999780655,0,103.90479999780655,-1,1,1,65,"{""dpkiOnchainAuthenticateTx"":43.45329999923706,""dpkiOnchainCertTransferHttp"":0.17059999704360962,""dpkiOnchainRelayHttp"":0,""dpkiCrossRelayHttp"":0,""dpkiOnchainMptProofHttpQuery"":15.221499979496002,""dpkiOnchainMptProofSignerCertVerify"":9.60019999742508,""dpkiOnchainMptProofResponseVerify"":0.39490002393722534,""dpkiOnchainRootRead"":2.052500009536743,""dpkiOnchainMptVerify"":0.3461000323295593,""dpkiOnchainOpenSslVerifyCert"":9.33160001039505,""dpkiOnchainAssertionSign"":11.89850002527237,""dpkiOnchainAssertionVerify"":9.187599956989288,""dpkiOnchainAuthSignature"":1.8738999962806702}",1,6667847,0x0b93ad2634ac5ec6ab7d47c0b7af8330c8c5e73e936a941c7bae1aaa16a9baf8
0,DPKI,171,intra-on-chain,true,false,351890.7999122798,360610.311012274,360715.4766122758,105.16560000181198,0,105.16560000181198,-1,1,1,65,"{""dpkiOnchainAuthenticateTx"":48.285199999809265,""dpkiOnchainCertTransferHttp"":2.9154000282287598,""dpkiOnchainRelayHttp"":0,""dpkiCrossRelayHttp"":0,""dpkiOnchainMptProofHttpQuery"":7.620000004768372,""dpkiOnchainMptProofSignerCertVerify"":10.164700031280518,""dpkiOnchainMptProofResponseVerify"":0.4350999593734741,""dpkiOnchainRootRead"":1.9368000030517578,""dpkiOnchainMptVerify"":0.3991999626159668,""dpkiOnchainOpenSslVerifyCert"":9.609000027179718,""dpkiOnchainAssertionSign"":11.768100023269653,""dpkiOnchainAssertionVerify"":9.767199993133545,""dpkiOnchainAuthSignature"":1.8806999921798706}",1,6667849,0x848738197a60adb9fe13e2cc01bb6af3e9d4dc922e5646961c3d4be1b666c4da
0,DPKI,172,intra-on-chain,true,false,352119.85326526425,360839.3643652584,360958.8403652694,119.47600001096725,0,119.47600001096725,-1,1,1,65,"{""dpkiOnchainAuthenticateTx"":65.77500003576279,""dpkiOnchainCertTransferHttp"":2.0430999994277954,""dpkiOnchainRelayHttp"":0,""dpkiCrossRelayHttp"":0,""dpkiOnchainMptProofHttpQuery"":6.433300018310547,""dpkiOnchainMptProofSignerCertVerify"":10.068499982357025,""dpkiOnchainMptProofResponseVerify"":0.5031999945640564,""dpkiOnchainRootRead"":1.928000032901764,""dpkiOnchainMptVerify"":0.3452000021934509,""dpkiOnchainOpenSslVerifyCert"":9.500599980354309,""dpkiOnchainAssertionSign"":11.733700037002563,""dpkiOnchainAssertionVerify"":8.952499985694885,""dpkiOnchainAuthSignature"":1.7901000380516052}",1,6667852,0xd9d21a323b10bbbb4d0230e57be4e90b88aff10c6f6ccf0515a57c0889930861
0,DPKI,173,intra-on-chain,true,false,352213.6904713988,360933.201571393,361066.82177137135,133.6201999783516,0,133.6201999783516,-1,1,1,65,"{""dpkiOnchainAuthenticateTx"":69.63330000638962,""dpkiOnchainCertTransferHttp"":0.6279999613761902,""dpkiOnchainRelayHttp"":0,""dpkiCrossRelayHttp"":0,""dpkiOnchainMptProofHttpQuery"":17.065199971199036,""dpkiOnchainMptProofSignerCertVerify"":10.110000014305115,""dpkiOnchainMptProofResponseVerify"":0.5120999813079834,""dpkiOnchainRootRead"":2.013700008392334,""dpkiOnchainMptVerify"":0.3493000268936157,""dpkiOnchainOpenSslVerifyCert"":9.725000023841858,""dpkiOnchainAssertionSign"":11.822200000286102,""dpkiOnchainAssertionVerify"":9.480299949645996,""dpkiOnchainAuthSignature"":1.861299991607666}",1,6667855,0x57a99f8aa0fb92e09b75d8ab584425513d1e7caf88a8e0cdc33b48699fb867de
0,DPKI,174,intra-on-chain,true,false,352911.60884841584,361631.11994841,361729.06594839,97.94599997997284,0,97.94599997997284,-1,1,1,65,"{""dpkiOnchainAuthenticateTx"":43.544500052928925,""dpkiOnchainCertTransferHttp"":0.9887999892234802,""dpkiOnchainRelayHttp"":0,""dpkiCrossRelayHttp"":0,""dpkiOnchainMptProofHttpQuery"":8.388999998569489,""dpkiOnchainMptProofSignerCertVerify"":9.789000034332275,""dpkiOnchainMptProofResponseVerify"":0.45190000534057617,""dpkiOnchainRootRead"":1.9322999715805054,""dpkiOnchainMptVerify"":0.34450000524520874,""dpkiOnchainOpenSslVerifyCert"":9.513999998569489,""dpkiOnchainAssertionSign"":11.856700003147125,""dpkiOnchainAssertionVerify"":8.943400025367737,""dpkiOnchainAuthSignature"":1.7332000136375427}",1,6667859,0xefd4c734a31305c249355d3ccfb54bc64f9c1a89ef96eba77618b6eaa4a3a1ae
0,DPKI,175,intra-on-chain,true,false,356446.6081668102,365166.11926680437,365256.5888668262,90.46960002183914,0,90.46960002183914,-1,1,1,65,"{""dpkiOnchainAuthenticateTx"":37.82240003347397,""dpkiOnchainCertTransferHttp"":1.006500005722046,""dpkiOnchainRelayHttp"":0,""dpkiCrossRelayHttp"":0,""dpkiOnchainMptProofHttpQuery"":4.396799981594086,""dpkiOnchainMptProofSignerCertVerify"":10.50569999217987,""dpkiOnchainMptProofResponseVerify"":0.4300000071525574,""dpkiOnchainRootRead"":1.9363000392913818,""dpkiOnchainMptVerify"":0.3424999713897705,""dpkiOnchainOpenSslVerifyCert"":9.352199971675873,""dpkiOnchainAssertionSign"":12.906500041484833,""dpkiOnchainAssertionVerify"":9.49099999666214,""dpkiOnchainAuthSignature"":1.899399995803833}",1,6667860,0xfbc4bc2faa000c634ab14fca52b958bf589b8aef72e8fb69a77c07c14c97ea0b
0,DPKI,176,intra-on-chain,true,false,357766.4771849184,366485.9882849126,366644.94558491994,158.9573000073433,0,158.9573000073433,-1,1,1,65,"{""dpkiOnchainAuthenticateTx"":101.75690001249313,""dpkiOnchainCertTransferHttp"":0.8134000301361084,""dpkiOnchainRelayHttp"":0,""dpkiCrossRelayHttp"":0,""dpkiOnchainMptProofHttpQuery"":8.087599992752075,""dpkiOnchainMptProofSignerCertVerify"":10.071399986743927,""dpkiOnchainMptProofResponseVerify"":0.41920000314712524,""dpkiOnchainRootRead"":1.982100009918213,""dpkiOnchainMptVerify"":0.3186999559402466,""dpkiOnchainOpenSslVerifyCert"":9.59060001373291,""dpkiOnchainAssertionSign"":14.89869999885559,""dpkiOnchainAssertionVerify"":8.803799986839294,""dpkiOnchainAuthSignature"":1.755299985408783}",1,6667862,0x8d0cf2a53299afa230150b495c2ad4fada826fa2b7bd220a64cc7f79afd659e5
0,DPKI,177,intra-on-chain,true,false,361405.65553575644,370125.1666357506,370315.3953357328,190.2286999821663,0,190.2286999821663,-1,1,1,65,"{""dpkiOnchainAuthenticateTx"":97.59799998998642,""dpkiOnchainCertTransferHttp"":0.16289997100830078,""dpkiOnchainRelayHttp"":0,""dpkiCrossRelayHttp"":0,""dpkiOnchainMptProofHttpQuery"":46.93050003051758,""dpkiOnchainMptProofSignerCertVerify"":10.100600004196167,""dpkiOnchainMptProofResponseVerify"":0.5081999897956848,""dpkiOnchainRootRead"":2.0042999982833862,""dpkiOnchainMptVerify"":0.35179996490478516,""dpkiOnchainOpenSslVerifyCert"":9.355599999427795,""dpkiOnchainAssertionSign"":11.610400021076202,""dpkiOnchainAssertionVerify"":9.373199999332428,""dpkiOnchainAuthSignature"":1.8117000460624695}",1,6667864,0x2c35b820165776cfe3780613829c3c54d8e664dbc02a5dffa19f602bf30ec47f
0,DPKI,178,intra-on-chain,true,false,362170.66997254564,370890.1810725398,370970.34917253925,80.1680999994278,0,80.1680999994278,-1,1,1,65,"{""dpkiOnchainAuthenticateTx"":32.064400017261505,""dpkiOnchainCertTransferHttp"":0.22770005464553833,""dpkiOnchainRelayHttp"":0,""dpkiCrossRelayHttp"":0,""dpkiOnchainMptProofHttpQuery"":3.0860000252723694,""dpkiOnchainMptProofSignerCertVerify"":9.724199950695038,""dpkiOnchainMptProofResponseVerify"":0.45749998092651367,""dpkiOnchainRootRead"":1.9537000060081482,""dpkiOnchainMptVerify"":0.3489999771118164,""dpkiOnchainOpenSslVerifyCert"":9.362100005149841,""dpkiOnchainAssertionSign"":11.64379996061325,""dpkiOnchainAssertionVerify"":9.04720002412796,""dpkiOnchainAuthSignature"":1.8403000235557556}",1,6667871,0x501a93137820a96aa4decf76fecfd76b8db9f35f3cba2a58028638b7c6bce3a7
0,DPKI,179,intra-on-chain,true,false,363906.85203353595,372626.36313353013,372784.3896335168,158.02649998664856,0,158.02649998664856,-1,1,1,65,"{""dpkiOnchainAuthenticateTx"":106.65369999408722,""dpkiOnchainCertTransferHttp"":1.5806000232696533,""dpkiOnchainRelayHttp"":0,""dpkiCrossRelayHttp"":0,""dpkiOnchainMptProofHttpQuery"":4.863300025463104,""dpkiOnchainMptProofSignerCertVerify"":9.705900013446808,""dpkiOnchainMptProofResponseVerify"":0.4257999658584595,""dpkiOnchainRootRead"":1.8402999639511108,""dpkiOnchainMptVerify"":0.3119000196456909,""dpkiOnchainOpenSslVerifyCert"":9.024999976158142,""dpkiOnchainAssertionSign"":11.947899997234344,""dpkiOnchainAssertionVerify"":9.301200032234192,""dpkiOnchainAuthSignature"":1.9610000252723694}",1,6667876,0xbba5513dba4f2048864a889523994b17537ee29854701c40a7a868b01ade18cf
0,DPKI,180,intra-on-chain,true,false,371275.0810769992,379994.5921769934,380112.1064769821,117.51429998874664,0,117.51429998874664,-1,1,1,65,"{""dpkiOnchainAuthenticateTx"":40.97969996929169,""dpkiOnchainCertTransferHttp"":0.8539000153541565,""dpkiOnchainRelayHttp"":0,""dpkiCrossRelayHttp"":0,""dpkiOnchainMptProofHttpQuery"":30.13969999551773,""dpkiOnchainMptProofSignerCertVerify"":9.676100015640259,""dpkiOnchainMptProofResponseVerify"":0.4455000162124634,""dpkiOnchainRootRead"":2.0044000148773193,""dpkiOnchainMptVerify"":0.32690000534057617,""dpkiOnchainOpenSslVerifyCert"":9.325800001621246,""dpkiOnchainAssertionSign"":12.083899974822998,""dpkiOnchainAssertionVerify"":9.441100001335144,""dpkiOnchainAuthSignature"":1.8270999789237976}",1,6667877,0x8c202ce04b878b4ff2b37fd3627c098231f8196cc860daea51aee7d12645db8f
0,DPKI,181,intra-on-chain,true,false,374801.97143171093,383521.4825317051,383611.0995317485,89.61700004339218,0,89.61700004339218,-1,1,1,65,"{""dpkiOnchainAuthenticateTx"":34.653400003910065,""dpkiOnchainCertTransferHttp"":2.4894999861717224,""dpkiOnchainRelayHttp"":0,""dpkiCrossRelayHttp"":0,""dpkiOnchainMptProofHttpQuery"":6.366500020027161,""dpkiOnchainMptProofSignerCertVerify"":10.004199981689453,""dpkiOnchainMptProofResponseVerify"":0.4481000304222107,""dpkiOnchainRootRead"":1.8705000281333923,""dpkiOnchainMptVerify"":0.3424000144004822,""dpkiOnchainOpenSslVerifyCert"":9.695200026035309,""dpkiOnchainAssertionSign"":12.256699979305267,""dpkiOnchainAssertionVerify"":9.310000002384186,""dpkiOnchainAuthSignature"":1.7421000003814697}",1,6667881,0xf0c412f7e1b11ca71da9cefdfb8e4c64918fbde7f4b0d44655fd96784826e8ac
0,DPKI,182,intra-on-chain,true,false,375311.8262899614,384031.3373899556,384166.0694899655,134.7321000099182,0,134.7321000099182,-1,1,1,65,"{""dpkiOnchainAuthenticateTx"":83.51729995012283,""dpkiOnchainCertTransferHttp"":0.14789998531341553,""dpkiOnchainRelayHttp"":0,""dpkiCrossRelayHttp"":0,""dpkiOnchainMptProofHttpQuery"":4.644900023937225,""dpkiOnchainMptProofSignerCertVerify"":10.120999991893768,""dpkiOnchainMptProofResponseVerify"":0.4715999960899353,""dpkiOnchainRootRead"":1.7926000356674194,""dpkiOnchainMptVerify"":0.3165000081062317,""dpkiOnchainOpenSslVerifyCert"":9.252399981021881,""dpkiOnchainAssertionSign"":12.271200001239777,""dpkiOnchainAssertionVerify"":9.982199966907501,""dpkiOnchainAuthSignature"":1.7812999486923218}",1,6667883,0xfda606bf5347266e446bf08d0fef363ad8a2b66d09067a6a9512369ab67247f7
0,DPKI,183,intra-on-chain,true,false,379279.85447370546,387999.36557369964,388097.96737372415,98.60180002450943,0,98.60180002450943,-1,1,1,65,"{""dpkiOnchainAuthenticateTx"":42.10860002040863,""dpkiOnchainCertTransferHttp"":3.045099973678589,""dpkiOnchainRelayHttp"":0,""dpkiCrossRelayHttp"":0,""dpkiOnchainMptProofHttpQuery"":5.934899985790253,""dpkiOnchainMptProofSignerCertVerify"":10.699699997901917,""dpkiOnchainMptProofResponseVerify"":0.4732000231742859,""dpkiOnchainRootRead"":2.1709999442100525,""dpkiOnchainMptVerify"":0.3564000129699707,""dpkiOnchainOpenSslVerifyCert"":9.735399961471558,""dpkiOnchainAssertionSign"":12.418099999427795,""dpkiOnchainAssertionVerify"":9.413100004196167,""dpkiOnchainAuthSignature"":1.7805999517440796}",1,6667886,0xf3bd79431be6a191d2460445f2226400be2a1be4cee9e7927e91a53d1e5cdc19
0,DPKI,184,intra-on-chain,true,false,380481.3289044901,389200.8400044843,389328.6020045086,127.7620000243187,0,127.7620000243187,-1,1,1,65,"{""dpkiOnchainAuthenticateTx"":67.70159995555878,""dpkiOnchainCertTransferHttp"":3.7235000133514404,""dpkiOnchainRelayHttp"":0,""dpkiCrossRelayHttp"":0,""dpkiOnchainMptProofHttpQuery"":6.8180999755859375,""dpkiOnchainMptProofSignerCertVerify"":12.342599987983704,""dpkiOnchainMptProofResponseVerify"":0.4664999842643738,""dpkiOnchainRootRead"":2.1236000061035156,""dpkiOnchainMptVerify"":0.3411000370979309,""dpkiOnchainOpenSslVerifyCert"":10.007099986076355,""dpkiOnchainAssertionSign"":12.841600000858307,""dpkiOnchainAssertionVerify"":9.147899985313416,""dpkiOnchainAuthSignature"":1.8111000061035156}",1,6667890,0xed1ed5fdba6facc64ae3607fa99d92456d831aa7f8a0d8350af0d19d2d285a63
0,DPKI,185,intra-on-chain,true,false,381882.4112968378,390601.922396832,390701.00129687117,99.07890003919601,0,99.07890003919601,-1,1,1,65,"{""dpkiOnchainAuthenticateTx"":47.7639000415802,""dpkiOnchainCertTransferHttp"":0.7412000298500061,""dpkiOnchainRelayHttp"":0,""dpkiCrossRelayHttp"":0,""dpkiOnchainMptProofHttpQuery"":4.570199966430664,""dpkiOnchainMptProofSignerCertVerify"":10.328100025653839,""dpkiOnchainMptProofResponseVerify"":0.4423999786376953,""dpkiOnchainRootRead"":1.8645000457763672,""dpkiOnchainMptVerify"":0.3986000418663025,""dpkiOnchainOpenSslVerifyCert"":9.486299991607666,""dpkiOnchainAssertionSign"":12.363499999046326,""dpkiOnchainAssertionVerify"":8.940599977970123,""dpkiOnchainAuthSignature"":1.7832000255584717}",1,6667895,0x609c4094e6bd3d9479779d2377429d82be8822f7dbd12e63fe7e2f5e846eb4c7
0,DPKI,186,intra-on-chain,true,false,384684.7353968361,393404.2464968303,393564.03939679655,159.79289996623993,0,159.79289996623993,-1,1,1,65,"{""dpkiOnchainAuthenticateTx"":103.09759998321533,""dpkiOnchainCertTransferHttp"":2.2207000255584717,""dpkiOnchainRelayHttp"":0,""dpkiCrossRelayHttp"":0,""dpkiOnchainMptProofHttpQuery"":5.347300052642822,""dpkiOnchainMptProofSignerCertVerify"":10.352299988269806,""dpkiOnchainMptProofResponseVerify"":0.44120001792907715,""dpkiOnchainRootRead"":2.0121999979019165,""dpkiOnchainMptVerify"":0.3224000334739685,""dpkiOnchainOpenSslVerifyCert"":10.137199997901917,""dpkiOnchainAssertionSign"":13.114600002765656,""dpkiOnchainAssertionVerify"":10.43910002708435,""dpkiOnchainAuthSignature"":1.8406000137329102}",1,6667898,0xafc77cf0d2461383e230f34845759c7acb6cb0707b24e19593c7d9d8917bfb57
0,DPKI,187,intra-on-chain,true,false,384966.5156889577,393686.0267889519,393791.92248898937,105.8957000374794,0,105.8957000374794,-1,1,1,65,"{""dpkiOnchainAuthenticateTx"":51.22179996967316,""dpkiOnchainCertTransferHttp"":0.7320999503135681,""dpkiOnchainRelayHttp"":0,""dpkiCrossRelayHttp"":0,""dpkiOnchainMptProofHttpQuery"":4.7834999561309814,""dpkiOnchainMptProofSignerCertVerify"":10.068599998950958,""dpkiOnchainMptProofResponseVerify"":0.4925000071525574,""dpkiOnchainRootRead"":2.5582000017166138,""dpkiOnchainMptVerify"":0.7056999802589417,""dpkiOnchainOpenSslVerifyCert"":10.614600002765656,""dpkiOnchainAssertionSign"":12.8125,""dpkiOnchainAssertionVerify"":9.54610002040863,""dpkiOnchainAuthSignature"":1.8341000080108643}",1,6667902,0x7033655e4d83fdb0306a616a84ff4cc07622f8ab636cc378ff5962f7f5f55b56
0,DPKI,188,intra-on-chain,true,false,386325.5824744802,395045.0935744744,395207.531274448,162.43769997358322,0,162.43769997358322,-1,1,1,65,"{""dpkiOnchainAuthenticateTx"":100.22990000247955,""dpkiOnchainCertTransferHttp"":2.7114999890327454,""dpkiOnchainRelayHttp"":0,""dpkiCrossRelayHttp"":0,""dpkiOnchainMptProofHttpQuery"":14.307600021362305,""dpkiOnchainMptProofSignerCertVerify"":9.791700005531311,""dpkiOnchainMptProofResponseVerify"":0.38349997997283936,""dpkiOnchainRootRead"":1.9666000008583069,""dpkiOnchainMptVerify"":0.3174999952316284,""dpkiOnchainOpenSslVerifyCert"":9.559700012207031,""dpkiOnchainAssertionSign"":11.64869999885559,""dpkiOnchainAssertionVerify"":9.27539998292923,""dpkiOnchainAuthSignature"":1.8508999943733215}",1,6667906,0xa89e584c266193731a9e96df5646e2b63b73dddc7477f1ba5132b456fcb2b769
0,DPKI,189,intra-on-chain,true,false,387079.34339619917,395798.85449619335,395913.41309614223,114.55859994888306,0,114.55859994888306,-1,1,1,65,"{""dpkiOnchainAuthenticateTx"":60.44190001487732,""dpkiOnchainCertTransferHttp"":1.540499985218048,""dpkiOnchainRelayHttp"":0,""dpkiCrossRelayHttp"":0,""dpkiOnchainMptProofHttpQuery"":6.365499973297119,""dpkiOnchainMptProofSignerCertVerify"":9.765900015830994,""dpkiOnchainMptProofResponseVerify"":0.4293000102043152,""dpkiOnchainRootRead"":1.8339000344276428,""dpkiOnchainMptVerify"":0.33340001106262207,""dpkiOnchainOpenSslVerifyCert"":9.67790001630783,""dpkiOnchainAssertionSign"":12.094899952411652,""dpkiOnchainAssertionVerify"":9.81709998846054,""dpkiOnchainAuthSignature"":1.8180000185966492}",1,6667908,0xfc33fe23304d61bcde81d043e7268e6e7270b56baf7514e6d506bae39bcfe3e0
0,DPKI,190,intra-on-chain,true,false,391108.5730135233,399828.0841135175,399962.8282134921,134.74409997463226,0,134.74409997463226,-1,1,1,65,"{""dpkiOnchainAuthenticateTx"":84.87580001354218,""dpkiOnchainCertTransferHttp"":1.5751000046730042,""dpkiOnchainRelayHttp"":0,""dpkiCrossRelayHttp"":0,""dpkiOnchainMptProofHttpQuery"":2.6692000031471252,""dpkiOnchainMptProofSignerCertVerify"":9.671299993991852,""dpkiOnchainMptProofResponseVerify"":0.44440001249313354,""dpkiOnchainRootRead"":1.7729000449180603,""dpkiOnchainMptVerify"":0.3320000171661377,""dpkiOnchainOpenSslVerifyCert"":9.471599996089935,""dpkiOnchainAssertionSign"":11.979399979114532,""dpkiOnchainAssertionVerify"":9.619599997997284,""dpkiOnchainAuthSignature"":1.9239000082015991}",1,6667912,0x38745793000e8494d7cf2cbea95bb8b93ac5ca9c35ddc14215b87c221233b0e4
0,DPKI,191,intra-on-chain,true,false,393061.852936868,401781.36403686216,401940.1771368425,158.8130999803543,0,158.8130999803543,-1,1,1,65,"{""dpkiOnchainAuthenticateTx"":104.11079996824265,""dpkiOnchainCertTransferHttp"":0.8944000005722046,""dpkiOnchainRelayHttp"":0,""dpkiCrossRelayHttp"":0,""dpkiOnchainMptProofHttpQuery"":7.325100004673004,""dpkiOnchainMptProofSignerCertVerify"":10.428600013256073,""dpkiOnchainMptProofResponseVerify"":0.41750001907348633,""dpkiOnchainRootRead"":1.9266999959945679,""dpkiOnchainMptVerify"":0.3376999497413635,""dpkiOnchainOpenSslVerifyCert"":9.829800009727478,""dpkiOnchainAssertionSign"":11.66380000114441,""dpkiOnchainAssertionVerify"":9.674100041389465,""dpkiOnchainAuthSignature"":1.740500032901764}",1,6667915,0x8df52f61d61a437d36744fd213c790d7661844aa72d87bbf6f59bbaeadad2282
0,DPKI,192,intra-on-chain,true,false,397683.1193763354,406402.6304763296,406518.0392763355,115.40880000591278,0,115.40880000591278,-1,1,1,65,"{""dpkiOnchainAuthenticateTx"":52.607499957084656,""dpkiOnchainCertTransferHttp"":0.9467999935150146,""dpkiOnchainRelayHttp"":0,""dpkiCrossRelayHttp"":0,""dpkiOnchainMptProofHttpQuery"":15.405600011348724,""dpkiOnchainMptProofSignerCertVerify"":10.33789998292923,""dpkiOnchainMptProofResponseVerify"":0.4340999722480774,""dpkiOnchainRootRead"":1.8253000378608704,""dpkiOnchainMptVerify"":0.32200002670288086,""dpkiOnchainOpenSslVerifyCert"":9.353200018405914,""dpkiOnchainAssertionSign"":12.104300022125244,""dpkiOnchainAssertionVerify"":9.855400025844574,""dpkiOnchainAuthSignature"":1.8080999851226807}",1,6667917,0xa009d106dbf260021736fa37417d23b698d730aa6adc8721bb23c9f9bb3af341
0,DPKI,193,intra-on-chain,true,false,397958.76571492193,406678.2768149161,406848.3724149251,170.09560000896454,0,170.09560000896454,-1,1,1,65,"{""dpkiOnchainAuthenticateTx"":92.02780002355576,""dpkiOnchainCertTransferHttp"":0.7075999975204468,""dpkiOnchainRelayHttp"":0,""dpkiCrossRelayHttp"":0,""dpkiOnchainMptProofHttpQuery"":31.864600002765656,""dpkiOnchainMptProofSignerCertVerify"":10.334600031375885,""dpkiOnchainMptProofResponseVerify"":0.46630001068115234,""dpkiOnchainRootRead"":2.2751999497413635,""dpkiOnchainMptVerify"":0.33730000257492065,""dpkiOnchainOpenSslVerifyCert"":9.470399975776672,""dpkiOnchainAssertionSign"":11.678900003433228,""dpkiOnchainAssertionVerify"":8.721799969673157,""dpkiOnchainAuthSignature"":1.8007000088691711}",1,6667920,0xb24c4c41ea6f3c209ceddb2213e076474e5c4b60e2acae1fb072a5fafbe9ea91
0,DPKI,194,intra-on-chain,true,false,398610.87701084855,407330.38811084273,407454.4266108537,124.03850001096725,0,124.03850001096725,-1,1,1,65,"{""dpkiOnchainAuthenticateTx"":45.102699995040894,""dpkiOnchainCertTransferHttp"":1.5116999745368958,""dpkiOnchainRelayHttp"":0,""dpkiCrossRelayHttp"":0,""dpkiOnchainMptProofHttpQuery"":31.046799957752228,""dpkiOnchainMptProofSignerCertVerify"":10.00189995765686,""dpkiOnchainMptProofResponseVerify"":0.41430002450942993,""dpkiOnchainRootRead"":2.4268999695777893,""dpkiOnchainMptVerify"":0.36090004444122314,""dpkiOnchainOpenSslVerifyCert"":9.507099986076355,""dpkiOnchainAssertionSign"":12.611199975013733,""dpkiOnchainAssertionVerify"":8.776300013065338,""dpkiOnchainAuthSignature"":1.8654000163078308}",1,6667922,0x37b184162ee8c7c9fea9fcf6da71e88bd1b0cf6c964afcd5c6fc975b97220057
0,DPKI,195,intra-on-chain,true,false,404695.7270797813,413415.2381797755,413536.3953797543,121.15719997882843,0,121.15719997882843,-1,1,1,65,"{""dpkiOnchainAuthenticateTx"":60.4268000125885,""dpkiOnchainCertTransferHttp"":1.3687999844551086,""dpkiOnchainRelayHttp"":0,""dpkiCrossRelayHttp"":0,""dpkiOnchainMptProofHttpQuery"":14.39659994840622,""dpkiOnchainMptProofSignerCertVerify"":9.879299998283386,""dpkiOnchainMptProofResponseVerify"":0.40700000524520874,""dpkiOnchainRootRead"":1.960200011730194,""dpkiOnchainMptVerify"":0.32569998502731323,""dpkiOnchainOpenSslVerifyCert"":9.230999946594238,""dpkiOnchainAssertionSign"":11.819399952888489,""dpkiOnchainAssertionVerify"":9.053200006484985,""dpkiOnchainAuthSignature"":1.894599974155426}",1,6667925,0xb14a5ca20dd2ed9e41c9f5b356b542106348963c18706c753bb094c65e29e535
0,DPKI,196,intra-on-chain,true,false,405904.86216356495,414624.37326355913,414707.21376355627,82.84049999713898,0,82.84049999713898,-1,1,1,65,"{""dpkiOnchainAuthenticateTx"":32.26759999990463,""dpkiOnchainCertTransferHttp"":0.8715000152587891,""dpkiOnchainRelayHttp"":0,""dpkiCrossRelayHttp"":0,""dpkiOnchainMptProofHttpQuery"":3.9444000124931335,""dpkiOnchainMptProofSignerCertVerify"":10.589599967002869,""dpkiOnchainMptProofResponseVerify"":0.4433000087738037,""dpkiOnchainRootRead"":1.951200008392334,""dpkiOnchainMptVerify"":0.3288000226020813,""dpkiOnchainOpenSslVerifyCert"":9.226100027561188,""dpkiOnchainAssertionSign"":12.133999943733215,""dpkiOnchainAssertionVerify"":8.881699979305267,""dpkiOnchainAuthSignature"":1.8079999685287476}",1,6667928,0x58168f489fd0eee581c7a0077a06d143178e2e323387e5a0b76bf7560a76ed4d
0,DPKI,197,intra-on-chain,true,false,406358.49433832977,415078.00543832395,415154.37213831756,76.36669999361038,0,76.36669999361038,-1,1,1,65,"{""dpkiOnchainAuthenticateTx"":27.825699985027313,""dpkiOnchainCertTransferHttp"":0.3237999677658081,""dpkiOnchainRelayHttp"":0,""dpkiCrossRelayHttp"":0,""dpkiOnchainMptProofHttpQuery"":2.2660000324249268,""dpkiOnchainMptProofSignerCertVerify"":9.753900051116943,""dpkiOnchainMptProofResponseVerify"":0.4120999574661255,""dpkiOnchainRootRead"":2.239699959754944,""dpkiOnchainMptVerify"":0.4169999957084656,""dpkiOnchainOpenSslVerifyCert"":9.13239997625351,""dpkiOnchainAssertionSign"":12.575299978256226,""dpkiOnchainAssertionVerify"":9.247999966144562,""dpkiOnchainAuthSignature"":1.721399962902069}",1,6667932,0x3da4db4ffd1836488db2f251f0a7bfac663397dc020814a03ea3dd3576ecfa61
0,DPKI,198,intra-on-chain,true,false,414265.7941629937,422985.3052629879,423087.86746299773,102.56220000982285,0,102.56220000982285,-1,1,1,65,"{""dpkiOnchainAuthenticateTx"":42.421599984169006,""dpkiOnchainCertTransferHttp"":1.2231999635696411,""dpkiOnchainRelayHttp"":0,""dpkiCrossRelayHttp"":0,""dpkiOnchainMptProofHttpQuery"":13.93910002708435,""dpkiOnchainMptProofSignerCertVerify"":9.963099956512451,""dpkiOnchainMptProofResponseVerify"":0.4197999835014343,""dpkiOnchainRootRead"":1.7581999897956848,""dpkiOnchainMptVerify"":0.3437999486923218,""dpkiOnchainOpenSslVerifyCert"":9.595200002193451,""dpkiOnchainAssertionSign"":12.010599970817566,""dpkiOnchainAssertionVerify"":8.639299988746643,""dpkiOnchainAuthSignature"":1.8224000334739685}",1,6667934,0x1253c99d5be634ae07280f25e91a884c2cfdd1bdf4e035e85923f4ef1cebb4e2
0,DPKI,199,intra-on-chain,true,false,415207.6154783259,423927.1265783201,424026.24807833537,99.12150001525879,0,99.12150001525879,-1,1,1,65,"{""dpkiOnchainAuthenticateTx"":47.64230000972748,""dpkiOnchainCertTransferHttp"":0.8583999872207642,""dpkiOnchainRelayHttp"":0,""dpkiCrossRelayHttp"":0,""dpkiOnchainMptProofHttpQuery"":4.917200028896332,""dpkiOnchainMptProofSignerCertVerify"":10.107299983501434,""dpkiOnchainMptProofResponseVerify"":0.4696999788284302,""dpkiOnchainRootRead"":1.904300034046173,""dpkiOnchainMptVerify"":0.34720003604888916,""dpkiOnchainOpenSslVerifyCert"":10.24559998512268,""dpkiOnchainAssertionSign"":11.703699946403503,""dpkiOnchainAssertionVerify"":8.764800012111664,""dpkiOnchainAuthSignature"":1.7771000266075134}",1,6667938,0x0e48e810418dd4c6ec1b908181d7961f2cbd75c30a99e45405d4f272127c6e4d
0,DPKI,200,intra-on-chain,true,false,417549.26447514846,426268.77557514264,426452.0251751359,183.2495999932289,0,183.2495999932289,-1,1,1,65,"{""dpkiOnchainAuthenticateTx"":102.26899999380112,""dpkiOnchainCertTransferHttp"":0.10159999132156372,""dpkiOnchainRelayHttp"":0,""dpkiCrossRelayHttp"":0,""dpkiOnchainMptProofHttpQuery"":30.555999994277954,""dpkiOnchainMptProofSignerCertVerify"":13.094099998474121,""dpkiOnchainMptProofResponseVerify"":0.482200026512146,""dpkiOnchainRootRead"":2.4932000041007996,""dpkiOnchainMptVerify"":0.350600004196167,""dpkiOnchainOpenSslVerifyCert"":9.917699992656708,""dpkiOnchainAssertionSign"":12.420400023460388,""dpkiOnchainAssertionVerify"":9.299700021743774,""dpkiOnchainAuthSignature"":1.8622999787330627}",1,6667942,0x66622ee1d6785d0d33c5ce158b7ae556ad56ff06fe0b69d951c7330783d1f68a
0,DPKI,201,intra-on-chain,true,false,418967.577735188,427687.0888351822,427765.0116351867,77.92280000448227,0,77.92280000448227,-1,1,1,65,"{""dpkiOnchainAuthenticateTx"":27.883399963378906,""dpkiOnchainCertTransferHttp"":0.667199969291687,""dpkiOnchainRelayHttp"":0,""dpkiCrossRelayHttp"":0,""dpkiOnchainMptProofHttpQuery"":4.276600003242493,""dpkiOnchainMptProofSignerCertVerify"":9.913899958133698,""dpkiOnchainMptProofResponseVerify"":0.46859997510910034,""dpkiOnchainRootRead"":2.0717999935150146,""dpkiOnchainMptVerify"":0.3458999991416931,""dpkiOnchainOpenSslVerifyCert"":9.07779997587204,""dpkiOnchainAssertionSign"":11.723599970340729,""dpkiOnchainAssertionVerify"":9.258700013160706,""dpkiOnchainAuthSignature"":1.7462999820709229}",1,6667945,0x0b958ad27a0ba0882d60cd16a3ed514fa9a2d2e2359973143eb2921aa6811236
0,DPKI,202,intra-on-chain,true,false,420155.2876841759,428874.79878417007,429071.5363841986,196.73760002851486,0,196.73760002851486,-1,1,1,65,"{""dpkiOnchainAuthenticateTx"":137.08689999580383,""dpkiOnchainCertTransferHttp"":1.6014999747276306,""dpkiOnchainRelayHttp"":0,""dpkiCrossRelayHttp"":0,""dpkiOnchainMptProofHttpQuery"":13.544700026512146,""dpkiOnchainMptProofSignerCertVerify"":9.820300042629242,""dpkiOnchainMptProofResponseVerify"":0.42500001192092896,""dpkiOnchainRootRead"":1.827899992465973,""dpkiOnchainMptVerify"":0.3457000255584717,""dpkiOnchainOpenSslVerifyCert"":9.595200002193451,""dpkiOnchainAssertionSign"":11.359000027179718,""dpkiOnchainAssertionVerify"":8.889299988746643,""dpkiOnchainAuthSignature"":1.8323000073432922}",1,6667947,0xef06cb5674b45fbb57d535df8884aa684af0f7904edf1464dfb70e20f1920240
0,DPKI,203,intra-on-chain,true,false,429322.066788723,438041.5778887172,438201.35838871193,159.7804999947548,0,159.7804999947548,-1,1,1,65,"{""dpkiOnchainAuthenticateTx"":108.48390001058578,""dpkiOnchainCertTransferHttp"":3.4728000164031982,""dpkiOnchainRelayHttp"":0,""dpkiCrossRelayHttp"":0,""dpkiOnchainMptProofHttpQuery"":2.1693999767303467,""dpkiOnchainMptProofSignerCertVerify"":10.05620002746582,""dpkiOnchainMptProofResponseVerify"":0.3784000277519226,""dpkiOnchainRootRead"":1.9631999731063843,""dpkiOnchainMptVerify"":0.3403000235557556,""dpkiOnchainOpenSslVerifyCert"":8.973399996757507,""dpkiOnchainAssertionSign"":12.347100019454956,""dpkiOnchainAssertionVerify"":9.156100034713745,""dpkiOnchainAuthSignature"":2.0242000222206116}",1,6667950,0x23b5d64c041370cf0697d686f545b7f5c2f0b9693c25931e92627bd81f920ffb
0,DPKI,204,intra-on-chain,true,false,435544.4094838272,444263.92058382137,444365.45748386486,101.53690004348755,0,101.53690004348755,-1,1,1,65,"{""dpkiOnchainAuthenticateTx"":41.26269996166229,""dpkiOnchainCertTransferHttp"":0.39590001106262207,""dpkiOnchainRelayHttp"":0,""dpkiCrossRelayHttp"":0,""dpkiOnchainMptProofHttpQuery"":14.989700019359589,""dpkiOnchainMptProofSignerCertVerify"":10.01120001077652,""dpkiOnchainMptProofResponseVerify"":0.43860000371932983,""dpkiOnchainRootRead"":1.7771000266075134,""dpkiOnchainMptVerify"":0.31769996881484985,""dpkiOnchainOpenSslVerifyCert"":9.351899981498718,""dpkiOnchainAssertionSign"":11.749700009822845,""dpkiOnchainAssertionVerify"":9.011600017547607,""dpkiOnchainAuthSignature"":1.8443999886512756}",1,6667952,0x9fdeecd56584a2d25bff3f4b8f6f5523a7f7cc9b42d5d64eeb09aac7e28012fe
0,DPKI,205,intra-on-chain,true,false,441027.08418467944,449746.5952846736,449833.7391846508,87.14389997720718,0,87.14389997720718,-1,1,1,65,"{""dpkiOnchainAuthenticateTx"":32.12059998512268,""dpkiOnchainCertTransferHttp"":1.1765000224113464,""dpkiOnchainRelayHttp"":0,""dpkiCrossRelayHttp"":0,""dpkiOnchainMptProofHttpQuery"":7.781500041484833,""dpkiOnchainMptProofSignerCertVerify"":9.799300014972687,""dpkiOnchainMptProofResponseVerify"":0.4132999777793884,""dpkiOnchainRootRead"":1.8248000144958496,""dpkiOnchainMptVerify"":0.3333999514579773,""dpkiOnchainOpenSslVerifyCert"":9.810000002384186,""dpkiOnchainAssertionSign"":11.822499990463257,""dpkiOnchainAssertionVerify"":9.742200016975403,""dpkiOnchainAuthSignature"":1.9294000267982483}",1,6667954,0xad300a9cf8d1d494a87601fdd8bfcc4e8d1a5326651b9c102673461381026cf4
0,DPKI,206,intra-on-chain,true,false,444814.835380934,453534.3464809282,453650.06458093954,115.71810001134872,0,115.71810001134872,-1,1,1,65,"{""dpkiOnchainAuthenticateTx"":53.67019999027252,""dpkiOnchainCertTransferHttp"":0.4871000051498413,""dpkiOnchainRelayHttp"":0,""dpkiCrossRelayHttp"":0,""dpkiOnchainMptProofHttpQuery"":15.354200005531311,""dpkiOnchainMptProofSignerCertVerify"":10.219999969005585,""dpkiOnchainMptProofResponseVerify"":0.4739999771118164,""dpkiOnchainRootRead"":1.8668000102043152,""dpkiOnchainMptVerify"":0.33730000257492065,""dpkiOnchainOpenSslVerifyCert"":9.221599996089935,""dpkiOnchainAssertionSign"":12.310499966144562,""dpkiOnchainAssertionVerify"":9.457500040531158,""dpkiOnchainAuthSignature"":1.9472999572753906}",1,6667958,0x8f1d59344d7855a3bb64e01629e4cf4cebb66a53f4343ae3076a4a07920625ae
0,DPKI,207,intra-on-chain,true,false,445226.766925033,453946.2780250272,454089.1368250212,142.85879999399185,0,142.85879999399185,-1,1,1,65,"{""dpkiOnchainAuthenticateTx"":90.83809995651245,""dpkiOnchainCertTransferHttp"":0.5785999894142151,""dpkiOnchainRelayHttp"":0,""dpkiCrossRelayHttp"":0,""dpkiOnchainMptProofHttpQuery"":5.142300009727478,""dpkiOnchainMptProofSignerCertVerify"":10.034600019454956,""dpkiOnchainMptProofResponseVerify"":0.49289995431900024,""dpkiOnchainRootRead"":2.1972000002861023,""dpkiOnchainMptVerify"":0.3259999752044678,""dpkiOnchainOpenSslVerifyCert"":9.704200029373169,""dpkiOnchainAssertionSign"":12.016800045967102,""dpkiOnchainAssertionVerify"":9.271899998188019,""dpkiOnchainAuthSignature"":1.8482999801635742}",1,6667961,0xfe8d834284f2fd63e9ee9ad3b9aa4b42cb1244b75dddb72c10c665e1fabaf132
0,DPKI,208,intra-on-chain,true,false,445276.74540345406,453996.25650344824,454169.0644249877,172.80792153946823,40.85962153546279,131.94830000400543,-1,1,1,65,"{""dpkiOnchainAuthenticateTx"":70.82979995012283,""dpkiOnchainCertTransferHttp"":0.31359994411468506,""dpkiOnchainRelayHttp"":0,""dpkiCrossRelayHttp"":0,""dpkiOnchainMptProofHttpQuery"":15.368000030517578,""dpkiOnchainMptProofSignerCertVerify"":10.078100025653839,""dpkiOnchainMptProofResponseVerify"":0.45579999685287476,""dpkiOnchainRootRead"":2.091499984264374,""dpkiOnchainMptVerify"":0.323199987411499,""dpkiOnchainOpenSslVerifyCert"":9.779799997806549,""dpkiOnchainAssertionSign"":11.814499974250793,""dpkiOnchainAssertionVerify"":8.68259996175766,""dpkiOnchainAuthSignature"":1.8063000440597534}",1,6667964,0x7dac3e87e6efe4315cb5d62bf499c53a3353bf92fee798215c9b6e4a1f160fe3
0,DPKI,209,intra-on-chain,true,false,447542.3216009899,456261.8327009841,456390.22600098094,128.39329999685287,0,128.39329999685287,-1,1,1,65,"{""dpkiOnchainAuthenticateTx"":77.41179996728897,""dpkiOnchainCertTransferHttp"":0.5386999845504761,""dpkiOnchainRelayHttp"":0,""dpkiCrossRelayHttp"":0,""dpkiOnchainMptProofHttpQuery"":4.1564000248909,""dpkiOnchainMptProofSignerCertVerify"":9.979400038719177,""dpkiOnchainMptProofResponseVerify"":0.4771000146865845,""dpkiOnchainRootRead"":1.9345999956130981,""dpkiOnchainMptVerify"":0.3224000334739685,""dpkiOnchainOpenSslVerifyCert"":9.156799972057343,""dpkiOnchainAssertionSign"":12.480099976062775,""dpkiOnchainAssertionVerify"":9.678900003433228,""dpkiOnchainAuthSignature"":1.8724000453948975}",1,6667967,0xb5127b50b42af146e10598b1a3f0818d7bc9097aa3e03213431e4ec5a30c428c
0,DPKI,210,intra-on-chain,true,false,449652.4999736603,458372.01107365446,458506.17697364645,134.16589999198914,0,134.16589999198914,-1,1,1,65,"{""dpkiOnchainAuthenticateTx"":56.62919998168945,""dpkiOnchainCertTransferHttp"":1.029799997806549,""dpkiOnchainRelayHttp"":0,""dpkiCrossRelayHttp"":0,""dpkiOnchainMptProofHttpQuery"":30.01910001039505,""dpkiOnchainMptProofSignerCertVerify"":9.82559996843338,""dpkiOnchainMptProofResponseVerify"":0.45820003747940063,""dpkiOnchainRootRead"":2.048900008201599,""dpkiOnchainMptVerify"":0.3393999934196472,""dpkiOnchainOpenSslVerifyCert"":10.063099980354309,""dpkiOnchainAssertionSign"":12.142300009727478,""dpkiOnchainAssertionVerify"":9.381300032138824,""dpkiOnchainAuthSignature"":1.8118999600410461}",1,6667969,0x72b0695b3aa6aa774ab765bbb788d9de7338e4f52fd791fb88f8fdc3e245f7de
0,DPKI,211,intra-on-chain,true,false,450888.20884893235,459607.71994892653,459703.6741489559,95.95420002937317,0,95.95420002937317,-1,1,1,65,"{""dpkiOnchainAuthenticateTx"":43.7674999833107,""dpkiOnchainCertTransferHttp"":0.6633999943733215,""dpkiOnchainRelayHttp"":0,""dpkiCrossRelayHttp"":0,""dpkiOnchainMptProofHttpQuery"":6.388599991798401,""dpkiOnchainMptProofSignerCertVerify"":10.078100025653839,""dpkiOnchainMptProofResponseVerify"":0.41350001096725464,""dpkiOnchainRootRead"":2.030400037765503,""dpkiOnchainMptVerify"":0.3425000309944153,""dpkiOnchainOpenSslVerifyCert"":9.40499997138977,""dpkiOnchainAssertionSign"":11.888200044631958,""dpkiOnchainAssertionVerify"":8.82209998369217,""dpkiOnchainAuthSignature"":1.7802000045776367}",1,6667972,0xc02b00678b7da997c74c74355706e26b7108b1a0f9c733973a9b438e684f5b32
0,DPKI,212,intra-on-chain,true,false,450917.2215233677,459636.73262336187,459730.4677488595,93.73512549762381,14.754825547977816,78.980299949646,-1,1,1,65,"{""dpkiOnchainAuthenticateTx"":25.168699979782104,""dpkiOnchainCertTransferHttp"":2.0115000009536743,""dpkiOnchainRelayHttp"":0,""dpkiCrossRelayHttp"":0,""dpkiOnchainMptProofHttpQuery"":5.186299979686737,""dpkiOnchainMptProofSignerCertVerify"":10.003199994564056,""dpkiOnchainMptProofResponseVerify"":0.46160000562667847,""dpkiOnchainRootRead"":2.4156999588012695,""dpkiOnchainMptVerify"":0.3557000160217285,""dpkiOnchainOpenSslVerifyCert"":9.584199965000153,""dpkiOnchainAssertionSign"":12.315199971199036,""dpkiOnchainAssertionVerify"":9.21230000257492,""dpkiOnchainAuthSignature"":1.8259000182151794}",1,6667973,0x4565403466b67ff7d6d79be08be4600c775fe71af0c84eb7f488db8323f5a691
0,DPKI,213,intra-on-chain,true,false,451352.9510073501,460072.4621073443,460216.17460732046,143.71249997615814,0,143.71249997615814,-1,1,1,65,"{""dpkiOnchainAuthenticateTx"":84.83619999885559,""dpkiOnchainCertTransferHttp"":0.8151000142097473,""dpkiOnchainRelayHttp"":0,""dpkiCrossRelayHttp"":0,""dpkiOnchainMptProofHttpQuery"":6.806500017642975,""dpkiOnchainMptProofSignerCertVerify"":11.842599987983704,""dpkiOnchainMptProofResponseVerify"":0.47269999980926514,""dpkiOnchainRootRead"":2.3705000281333923,""dpkiOnchainMptVerify"":0.3294000029563904,""dpkiOnchainOpenSslVerifyCert"":11.869700014591217,""dpkiOnchainAssertionSign"":12.35479998588562,""dpkiOnchainAssertionVerify"":9.760800004005432,""dpkiOnchainAuthSignature"":1.7853000164031982}",1,6667976,0x63e887649e71e234dfb99137e644a12d60483c8200aa4aed8157f6014da59a29
0,DPKI,214,intra-on-chain,true,false,460639.197494295,469358.7085942892,469455.0023942856,96.29379999637604,0,96.29379999637604,-1,1,1,65,"{""dpkiOnchainAuthenticateTx"":48.11120003461838,""dpkiOnchainCertTransferHttp"":0.7825999855995178,""dpkiOnchainRelayHttp"":0,""dpkiCrossRelayHttp"":0,""dpkiOnchainMptProofHttpQuery"":2.1366000175476074,""dpkiOnchainMptProofSignerCertVerify"":9.796000003814697,""dpkiOnchainMptProofResponseVerify"":0.44040000438690186,""dpkiOnchainRootRead"":2.1198999881744385,""dpkiOnchainMptVerify"":0.3263000249862671,""dpkiOnchainOpenSslVerifyCert"":9.318300008773804,""dpkiOnchainAssertionSign"":11.774900019168854,""dpkiOnchainAssertionVerify"":9.351399958133698,""dpkiOnchainAuthSignature"":1.7620999813079834}",1,6667978,0x53fd3daa19dcd73114761a6863636e7e6adcc4a061e839b62cb73094c7307b76
0,DPKI,215,intra-on-chain,true,false,464255.3900715655,472974.9011715597,473058.9653715438,84.06419998407364,0,84.06419998407364,-1,1,1,65,"{""dpkiOnchainAuthenticateTx"":28.987999975681305,""dpkiOnchainCertTransferHttp"":3.428000032901764,""dpkiOnchainRelayHttp"":0,""dpkiCrossRelayHttp"":0,""dpkiOnchainMptProofHttpQuery"":5.088299989700317,""dpkiOnchainMptProofSignerCertVerify"":10.194800019264221,""dpkiOnchainMptProofResponseVerify"":0.44700002670288086,""dpkiOnchainRootRead"":2.113699972629547,""dpkiOnchainMptVerify"":0.3283999562263489,""dpkiOnchainOpenSslVerifyCert"":9.58490002155304,""dpkiOnchainAssertionSign"":11.835799992084503,""dpkiOnchainAssertionVerify"":9.871500015258789,""dpkiOnchainAuthSignature"":1.753499984741211}",1,6667979,0x3f6e6d72b3e9f9ddc1300e12a2f42d8bc5c1eb817b2c2031e3f5e40b907bb80d
0,DPKI,216,intra-on-chain,true,false,466844.6048582056,475564.1159581998,475703.59475819854,139.47879999876022,0,139.47879999876022,-1,1,1,65,"{""dpkiOnchainAuthenticateTx"":84.77780002355576,""dpkiOnchainCertTransferHttp"":1.1524999737739563,""dpkiOnchainRelayHttp"":0,""dpkiCrossRelayHttp"":0,""dpkiOnchainMptProofHttpQuery"":6.431800007820129,""dpkiOnchainMptProofSignerCertVerify"":9.707899987697601,""dpkiOnchainMptProofResponseVerify"":0.4408000111579895,""dpkiOnchainRootRead"":1.9562000036239624,""dpkiOnchainMptVerify"":0.3327999711036682,""dpkiOnchainOpenSslVerifyCert"":9.286700010299683,""dpkiOnchainAssertionSign"":12.983500003814697,""dpkiOnchainAssertionVerify"":9.891200006008148,""dpkiOnchainAuthSignature"":1.8342999815940857}",1,6667983,0x00b978a8ec69ebd1c6c6152e47bf6902cb6949a69306a45481cc3f5063fed329
0,DPKI,217,intra-on-chain,true,false,468370.5783249499,477090.0894249441,477195.09242496506,105.00300002098083,0,105.00300002098083,-1,1,1,65,"{""dpkiOnchainAuthenticateTx"":53.1071999669075,""dpkiOnchainCertTransferHttp"":0.05290001630783081,""dpkiOnchainRelayHttp"":0,""dpkiCrossRelayHttp"":0,""dpkiOnchainMptProofHttpQuery"":4.707800030708313,""dpkiOnchainMptProofSignerCertVerify"":10.23530000448227,""dpkiOnchainMptProofResponseVerify"":0.5027999877929688,""dpkiOnchainRootRead"":1.9724000096321106,""dpkiOnchainMptVerify"":0.3413999676704407,""dpkiOnchainOpenSslVerifyCert"":9.247999966144562,""dpkiOnchainAssertionSign"":12.670099973678589,""dpkiOnchainAssertionVerify"":9.982699990272522,""dpkiOnchainAuthSignature"":1.8033000230789185}",1,6667985,0x00ea5c3e28491ed5b44d17d6197d9e0e8f7cf1b8fd25ccd6dc2e1022eb797238
0,DPKI,218,intra-on-chain,true,false,469209.1810606874,477928.6921606816,478060.5711606301,131.8789999485016,0,131.8789999485016,-1,1,1,65,"{""dpkiOnchainAuthenticateTx"":54.881500005722046,""dpkiOnchainCertTransferHttp"":1.092299997806549,""dpkiOnchainRelayHttp"":0,""dpkiCrossRelayHttp"":0,""dpkiOnchainMptProofHttpQuery"":30.5663999915123,""dpkiOnchainMptProofSignerCertVerify"":9.8992999792099,""dpkiOnchainMptProofResponseVerify"":0.44679999351501465,""dpkiOnchainRootRead"":1.7387999892234802,""dpkiOnchainMptVerify"":0.3230000138282776,""dpkiOnchainOpenSslVerifyCert"":9.516700029373169,""dpkiOnchainAssertionSign"":11.876299977302551,""dpkiOnchainAssertionVerify"":9.120199978351593,""dpkiOnchainAuthSignature"":2}",1,6667990,0x4c4403695610e9b0fdda784013a8bff2245a14fbd7d580c2271f57f5c49517ba
0,DPKI,219,intra-on-chain,true,false,471298.58451272233,480018.0956127165,480199.2888127087,181.19319999217987,0,181.19319999217987,-1,1,1,65,"{""dpkiOnchainAuthenticateTx"":124.48070001602173,""dpkiOnchainCertTransferHttp"":3.040299952030182,""dpkiOnchainRelayHttp"":0,""dpkiCrossRelayHttp"":0,""dpkiOnchainMptProofHttpQuery"":7.589600026607513,""dpkiOnchainMptProofSignerCertVerify"":10.113300025463104,""dpkiOnchainMptProofResponseVerify"":0.4482000470161438,""dpkiOnchainRootRead"":1.9110999703407288,""dpkiOnchainMptVerify"":0.3238999843597412,""dpkiOnchainOpenSslVerifyCert"":9.968400001525879,""dpkiOnchainAssertionSign"":12.098999977111816,""dpkiOnchainAssertionVerify"":8.799499988555908,""dpkiOnchainAuthSignature"":1.7839000225067139}",1,6667994,0xfb1d360228648d21a8f84d3862f2c621de406e025b99f8f8a83caed216e469fa
0,DPKI,220,intra-on-chain,true,false,474908.54795091937,483628.05905091355,483725.04165094683,96.98260003328323,0,96.98260003328323,-1,1,1,65,"{""dpkiOnchainAuthenticateTx"":34.955799996852875,""dpkiOnchainCertTransferHttp"":1.8122000098228455,""dpkiOnchainRelayHttp"":0,""dpkiCrossRelayHttp"":0,""dpkiOnchainMptProofHttpQuery"":14.477299988269806,""dpkiOnchainMptProofSignerCertVerify"":9.867599964141846,""dpkiOnchainMptProofResponseVerify"":0.4487000107765198,""dpkiOnchainRootRead"":1.7662000060081482,""dpkiOnchainMptVerify"":0.33869999647140503,""dpkiOnchainOpenSslVerifyCert"":10.050100028514862,""dpkiOnchainAssertionSign"":11.796199977397919,""dpkiOnchainAssertionVerify"":9.264400005340576,""dpkiOnchainAuthSignature"":1.7813999652862549}",1,6667997,0xcc1e602ab55f60ecae801b583d26f2d335ac5b782ff2f829f33f8765b8c59870
0,DPKI,221,intra-on-chain,true,false,474945.40804057795,483664.91914057214,483764.0253405519,99.1061999797821,0,99.1061999797821,-1,1,1,65,"{""dpkiOnchainAuthenticateTx"":45.90810000896454,""dpkiOnchainCertTransferHttp"":0.6510999798774719,""dpkiOnchainRelayHttp"":0,""dpkiCrossRelayHttp"":0,""dpkiOnchainMptProofHttpQuery"":5.360599994659424,""dpkiOnchainMptProofSignerCertVerify"":10.205300033092499,""dpkiOnchainMptProofResponseVerify"":0.47850000858306885,""dpkiOnchainRootRead"":1.7497000098228455,""dpkiOnchainMptVerify"":0.32099997997283936,""dpkiOnchainOpenSslVerifyCert"":9.832800030708313,""dpkiOnchainAssertionSign"":12.575999975204468,""dpkiOnchainAssertionVerify"":9.743600010871887,""dpkiOnchainAuthSignature"":1.798200011253357}",1,6668001,0xd64e69aae266d2b5ebedbf20ff2550d71d466f57a35fc134b39780f980997896
0,DPKI,222,intra-on-chain,true,false,478115.1702770775,486834.68137707165,486948.8916771,114.21030002832413,0,114.21030002832413,-1,1,1,65,"{""dpkiOnchainAuthenticateTx"":54.317200005054474,""dpkiOnchainCertTransferHttp"":2.0501999855041504,""dpkiOnchainRelayHttp"":0,""dpkiCrossRelayHttp"":0,""dpkiOnchainMptProofHttpQuery"":13.475300014019012,""dpkiOnchainMptProofSignerCertVerify"":9.813399970531464,""dpkiOnchainMptProofResponseVerify"":0.3984000086784363,""dpkiOnchainRootRead"":1.9639999866485596,""dpkiOnchainMptVerify"":0.35510003566741943,""dpkiOnchainOpenSslVerifyCert"":9.27700001001358,""dpkiOnchainAssertionSign"":11.385399997234344,""dpkiOnchainAssertionVerify"":8.991900026798248,""dpkiOnchainAuthSignature"":1.7730000019073486}",1,6668005,0xb7e2b99872a2f900dd9056fffc544f1ca891c36306bca91a2c45386b05304164
0,DPKI,223,intra-on-chain,true,false,481852.4389044261,490571.9500044203,490673.1498044348,101.19980001449585,0,101.19980001449585,-1,1,1,65,"{""dpkiOnchainAuthenticateTx"":47.89939999580383,""dpkiOnchainCertTransferHttp"":0.15320003032684326,""dpkiOnchainRelayHttp"":0,""dpkiCrossRelayHttp"":0,""dpkiOnchainMptProofHttpQuery"":7.819800019264221,""dpkiOnchainMptProofSignerCertVerify"":10.062999963760376,""dpkiOnchainMptProofResponseVerify"":0.4193999767303467,""dpkiOnchainRootRead"":1.8398000001907349,""dpkiOnchainMptVerify"":0.3245999813079834,""dpkiOnchainOpenSslVerifyCert"":9.33109998703003,""dpkiOnchainAssertionSign"":12.118799984455109,""dpkiOnchainAssertionVerify"":9.058200001716614,""dpkiOnchainAuthSignature"":1.7750999927520752}",1,6668007,0xbc9a469e3b74deec713632cd84865b621d5ff620a583ae4c502ddf0bdb29dea5
0,DPKI,224,intra-on-chain,true,false,482094.34243058105,490813.85353057523,490993.5345305695,179.68099999427795,0,179.68099999427795,-1,1,1,65,"{""dpkiOnchainAuthenticateTx"":100.35159999132156,""dpkiOnchainCertTransferHttp"":3.789799988269806,""dpkiOnchainRelayHttp"":0,""dpkiCrossRelayHttp"":0,""dpkiOnchainMptProofHttpQuery"":27.62169998884201,""dpkiOnchainMptProofSignerCertVerify"":10.78899997472763,""dpkiOnchainMptProofResponseVerify"":0.4742000102996826,""dpkiOnchainRootRead"":2.2495999932289124,""dpkiOnchainMptVerify"":0.3211999535560608,""dpkiOnchainOpenSslVerifyCert"":10.055900037288666,""dpkiOnchainAssertionSign"":12.270399987697601,""dpkiOnchainAssertionVerify"":9.521500051021576,""dpkiOnchainAuthSignature"":1.803000032901764}",1,6668011,0x2379cdd92dfc1f8b7ffbcc4b007331f7b1221dd6cc32b7747ba8fdea646454c9
0,DPKI,225,intra-on-chain,true,false,483516.43376969936,492235.94486969354,492373.0189697111,137.0741000175476,0,137.0741000175476,-1,1,1,65,"{""dpkiOnchainAuthenticateTx"":75.48750001192093,""dpkiOnchainCertTransferHttp"":4.804400026798248,""dpkiOnchainRelayHttp"":0,""dpkiCrossRelayHttp"":0,""dpkiOnchainMptProofHttpQuery"":10.945600032806396,""dpkiOnchainMptProofSignerCertVerify"":9.564300000667572,""dpkiOnchainMptProofResponseVerify"":0.43309998512268066,""dpkiOnchainRootRead"":1.9616999626159668,""dpkiOnchainMptVerify"":0.3438999652862549,""dpkiOnchainOpenSslVerifyCert"":9.739099979400635,""dpkiOnchainAssertionSign"":12.073099970817566,""dpkiOnchainAssertionVerify"":9.320299983024597,""dpkiOnchainAuthSignature"":1.9696999788284302}",1,6668014,0x8cf49259af3563e893f766ed26576739a6a33efefd45ff89b1817c16c948f178
0,DPKI,226,intra-on-chain,true,false,488930.5367288524,497650.0478288466,497756.3769288594,106.32910001277924,0,106.32910001277924,-1,1,1,65,"{""dpkiOnchainAuthenticateTx"":30.513700008392334,""dpkiOnchainCertTransferHttp"":0.4702000021934509,""dpkiOnchainRelayHttp"":0,""dpkiCrossRelayHttp"":0,""dpkiOnchainMptProofHttpQuery"":30.694000005722046,""dpkiOnchainMptProofSignerCertVerify"":9.9932000041008,""dpkiOnchainMptProofResponseVerify"":0.4828999638557434,""dpkiOnchainRootRead"":1.9478999972343445,""dpkiOnchainMptVerify"":0.3306000232696533,""dpkiOnchainOpenSslVerifyCert"":9.151500046253204,""dpkiOnchainAssertionSign"":12.051699995994568,""dpkiOnchainAssertionVerify"":8.584800004959106,""dpkiOnchainAuthSignature"":1.741100013256073}",1,6668017,0x8e7c8478f51fde5c38dda985cf467a9bc2f4b1030dd4b7a46d15df93c207c4c9
0,DPKI,227,intra-on-chain,true,false,489356.56224175106,498076.07334174524,498158.0301417292,81.95679998397827,0,81.95679998397827,-1,1,1,65,"{""dpkiOnchainAuthenticateTx"":31.437099993228912,""dpkiOnchainCertTransferHttp"":1.112999975681305,""dpkiOnchainRelayHttp"":0,""dpkiCrossRelayHttp"":0,""dpkiOnchainMptProofHttpQuery"":2.3828999996185303,""dpkiOnchainMptProofSignerCertVerify"":10.161800026893616,""dpkiOnchainMptProofResponseVerify"":0.37940001487731934,""dpkiOnchainRootRead"":2.4164000153541565,""dpkiOnchainMptVerify"":0.3939000368118286,""dpkiOnchainOpenSslVerifyCert"":9.383799970149994,""dpkiOnchainAssertionSign"":12.434100031852722,""dpkiOnchainAssertionVerify"":9.41399997472763,""dpkiOnchainAuthSignature"":1.8467999696731567}",1,6668020,0xc8b00cad85402f3365658e74fc9b9ec95e226dd010767fb8513706d888dab339
0,DPKI,228,intra-on-chain,true,false,492589.2543715227,501308.7654715169,501419.2827715266,110.51730000972748,0,110.51730000972748,-1,1,1,65,"{""dpkiOnchainAuthenticateTx"":58.58149999380112,""dpkiOnchainCertTransferHttp"":0.7163000106811523,""dpkiOnchainRelayHttp"":0,""dpkiCrossRelayHttp"":0,""dpkiOnchainMptProofHttpQuery"":4.319399952888489,""dpkiOnchainMptProofSignerCertVerify"":9.698500037193298,""dpkiOnchainMptProofResponseVerify"":0.4314999580383301,""dpkiOnchainRootRead"":1.965499997138977,""dpkiOnchainMptVerify"":0.3271999955177307,""dpkiOnchainOpenSslVerifyCert"":10.972199976444244,""dpkiOnchainAssertionSign"":11.970899999141693,""dpkiOnchainAssertionVerify"":9.222500026226044,""dpkiOnchainAuthSignature"":1.8246999979019165}",1,6668023,0x3a1c0dbd65d05280de58a6f2f3c04aed4f0474d4fad4dd60ab2918440e6865ec
0,DPKI,229,intra-on-chain,true,false,493620.80470333784,502340.315803332,502418.5823033282,78.2664999961853,0,78.2664999961853,-1,1,1,65,"{""dpkiOnchainAuthenticateTx"":26.9413999915123,""dpkiOnchainCertTransferHttp"":0.08710002899169922,""dpkiOnchainRelayHttp"":0,""dpkiCrossRelayHttp"":0,""dpkiOnchainMptProofHttpQuery"":4.147599995136261,""dpkiOnchainMptProofSignerCertVerify"":10.592199981212616,""dpkiOnchainMptProofResponseVerify"":0.4850999712944031,""dpkiOnchainRootRead"":2.137999951839447,""dpkiOnchainMptVerify"":0.3227999806404114,""dpkiOnchainOpenSslVerifyCert"":9.721700012683868,""dpkiOnchainAssertionSign"":12.193599998950958,""dpkiOnchainAssertionVerify"":9.19599997997284,""dpkiOnchainAuthSignature"":1.8517000079154968}",1,6668026,0x0e252764487121b7ab89d84db7ec29cdfa1fe4151dae5a7e8798e8dd24ca926f
0,DPKI,230,intra-on-chain,true,false,493723.02408827556,502442.53518826974,502575.3676883103,132.83250004053116,0,132.83250004053116,-1,1,1,65,"{""dpkiOnchainAuthenticateTx"":72.70919996500015,""dpkiOnchainCertTransferHttp"":0.36820000410079956,""dpkiOnchainRelayHttp"":0,""dpkiCrossRelayHttp"":0,""dpkiOnchainMptProofHttpQuery"":15.467600047588348,""dpkiOnchainMptProofSignerCertVerify"":9.585200011730194,""dpkiOnchainMptProofResponseVerify"":0.4569000005722046,""dpkiOnchainRootRead"":2.0164000391960144,""dpkiOnchainMptVerify"":0.4338000416755676,""dpkiOnchainOpenSslVerifyCert"":9.190999984741211,""dpkiOnchainAssertionSign"":11.405499994754791,""dpkiOnchainAssertionVerify"":8.994199991226196,""dpkiOnchainAuthSignature"":1.7791000008583069}",1,6668030,0x2de188a1e1e7eb65e884542fb876df4df9b6e9dbc9bba1d779bf0e7b73a2bce8
0,DPKI,231,intra-on-chain,true,false,495323.05353946716,504042.56463946134,504139.58783943683,97.02319997549057,0,97.02319997549057,-1,1,1,65,"{""dpkiOnchainAuthenticateTx"":47.78930002450943,""dpkiOnchainCertTransferHttp"":0.1438000202178955,""dpkiOnchainRelayHttp"":0,""dpkiCrossRelayHttp"":0,""dpkiOnchainMptProofHttpQuery"":3.3363999724388123,""dpkiOnchainMptProofSignerCertVerify"":9.738499999046326,""dpkiOnchainMptProofResponseVerify"":0.4566999673843384,""dpkiOnchainRootRead"":2.5172999501228333,""dpkiOnchainMptVerify"":0.33319997787475586,""dpkiOnchainOpenSslVerifyCert"":9.597599983215332,""dpkiOnchainAssertionSign"":12.178600013256073,""dpkiOnchainAssertionVerify"":8.777900040149689,""dpkiOnchainAuthSignature"":1.7330000400543213}",1,6668031,0xb416c4bee76ce00dd2d2be2a97a015baa70dac4939d8dff79940cdbd18bf4d4a
0,DPKI,232,intra-on-chain,true,false,497669.2289700114,506388.7400700056,506476.5560699903,87.81599998474121,0,87.81599998474121,-1,1,1,65,"{""dpkiOnchainAuthenticateTx"":27.383199989795685,""dpkiOnchainCertTransferHttp"":1.441700041294098,""dpkiOnchainRelayHttp"":0,""dpkiCrossRelayHttp"":0,""dpkiOnchainMptProofHttpQuery"":14.32449996471405,""dpkiOnchainMptProofSignerCertVerify"":9.672699987888336,""dpkiOnchainMptProofResponseVerify"":0.45740002393722534,""dpkiOnchainRootRead"":1.8687999844551086,""dpkiOnchainMptVerify"":0.33459997177124023,""dpkiOnchainOpenSslVerifyCert"":9.519999980926514,""dpkiOnchainAssertionSign"":11.505800008773804,""dpkiOnchainAssertionVerify"":9.054099977016449,""dpkiOnchainAuthSignature"":1.8583999872207642}",1,6668033,0x7072d6b4cdf55f541761f5ade394b43acb9af74709572dd033a2fa25baade2e4
0,DPKI,233,intra-on-chain,true,false,498957.1506613745,507676.6617613687,507892.81466140883,216.1529000401497,0,216.1529000401497,-1,1,1,65,"{""dpkiOnchainAuthenticateTx"":123.11669999361038,""dpkiOnchainCertTransferHttp"":1.2275000214576721,""dpkiOnchainRelayHttp"":0,""dpkiCrossRelayHttp"":0,""dpkiOnchainMptProofHttpQuery"":45.80119997262955,""dpkiOnchainMptProofSignerCertVerify"":10.89900004863739,""dpkiOnchainMptProofResponseVerify"":0.4319000244140625,""dpkiOnchainRootRead"":1.6309999823570251,""dpkiOnchainMptVerify"":0.3463999629020691,""dpkiOnchainOpenSslVerifyCert"":9.694600045681,""dpkiOnchainAssertionSign"":11.577300012111664,""dpkiOnchainAssertionVerify"":9.004999995231628,""dpkiOnchainAuthSignature"":1.9757000207901}",1,6668036,0x8183a809c8181cd57d1586bc3cf0420bbd3f8ab17593b84f9e4a99a68ec6bc0e
0,DPKI,234,intra-on-chain,true,false,499558.39270218665,508277.90380218084,508400.5608021861,122.65700000524521,0,122.65700000524521,-1,1,1,65,"{""dpkiOnchainAuthenticateTx"":46.24949997663498,""dpkiOnchainCertTransferHttp"":0.4276999831199646,""dpkiOnchainRelayHttp"":0,""dpkiCrossRelayHttp"":0,""dpkiOnchainMptProofHttpQuery"":30.531000018119812,""dpkiOnchainMptProofSignerCertVerify"":9.521699965000153,""dpkiOnchainMptProofResponseVerify"":0.44009995460510254,""dpkiOnchainRootRead"":2.071399986743927,""dpkiOnchainMptVerify"":0.3357999920845032,""dpkiOnchainOpenSslVerifyCert"":9.84720003604889,""dpkiOnchainAssertionSign"":11.91540002822876,""dpkiOnchainAssertionVerify"":9.064900040626526,""dpkiOnchainAuthSignature"":1.8033999800682068}",1,6668039,0xdeb46d8cf341203c1f4bd748dff2e802025e784998df358571ccba5cc6f11a6c
0,DPKI,235,intra-on-chain,true,false,501283.9646651214,510003.4757651156,510095.3940650886,91.91829997301102,0,91.91829997301102,-1,1,1,65,"{""dpkiOnchainAuthenticateTx"":30.769800007343292,""dpkiOnchainCertTransferHttp"":0.5662999749183655,""dpkiOnchainRelayHttp"":0,""dpkiCrossRelayHttp"":0,""dpkiOnchainMptProofHttpQuery"":14.900299966335297,""dpkiOnchainMptProofSignerCertVerify"":9.953499972820282,""dpkiOnchainMptProofResponseVerify"":0.42750000953674316,""dpkiOnchainRootRead"":1.8167999982833862,""dpkiOnchainMptVerify"":0.3580000400543213,""dpkiOnchainOpenSslVerifyCert"":9.308899998664856,""dpkiOnchainAssertionSign"":12.242700040340424,""dpkiOnchainAssertionVerify"":9.330300033092499,""dpkiOnchainAuthSignature"":1.8619000315666199}",1,6668045,0x5916471a0ced0b3cf38ba63e4e0cfec025869883dd4590d32a00f24059bf3970
0,DPKI,236,intra-on-chain,true,false,502873.95951797505,511593.47061796923,511795.8381179764,202.36750000715256,0,202.36750000715256,-1,1,1,65,"{""dpkiOnchainAuthenticateTx"":139.88459998369217,""dpkiOnchainCertTransferHttp"":0.35760003328323364,""dpkiOnchainRelayHttp"":0,""dpkiCrossRelayHttp"":0,""dpkiOnchainMptProofHttpQuery"":15.650600016117096,""dpkiOnchainMptProofSignerCertVerify"":10.486200034618378,""dpkiOnchainMptProofResponseVerify"":0.43650001287460327,""dpkiOnchainRootRead"":1.8533999919891357,""dpkiOnchainMptVerify"":0.352400004863739,""dpkiOnchainOpenSslVerifyCert"":9.61599999666214,""dpkiOnchainAssertionSign"":12.634900033473969,""dpkiOnchainAssertionVerify"":8.848800003528595,""dpkiOnchainAuthSignature"":1.8237000107765198}",1,6668049,0xbcc825b4cc8a0269471939af722c745353b60657a4d38225c034810f6dcedd3d
0,DPKI,237,intra-on-chain,true,false,505248.250463242,513967.7615632362,514056.99316322274,89.23159998655319,0,89.23159998655319,-1,1,1,65,"{""dpkiOnchainAuthenticateTx"":29.626200020313263,""dpkiOnchainCertTransferHttp"":1.6240000128746033,""dpkiOnchainRelayHttp"":0,""dpkiCrossRelayHttp"":0,""dpkiOnchainMptProofHttpQuery"":14.25,""dpkiOnchainMptProofSignerCertVerify"":9.607600033283234,""dpkiOnchainMptProofResponseVerify"":0.3723999857902527,""dpkiOnchainRootRead"":2.127299964427948,""dpkiOnchainMptVerify"":0.3446999788284302,""dpkiOnchainOpenSslVerifyCert"":8.980499982833862,""dpkiOnchainAssertionSign"":11.478399991989136,""dpkiOnchainAssertionVerify"":8.611500024795532,""dpkiOnchainAuthSignature"":1.7993000149726868}",1,6668051,0xa6d3549f2811491bee982c1bf3cef8d619409a8aa21572a2eada8319d2576035
0,DPKI,238,intra-on-chain,true,false,511167.6864497453,519887.1975497395,519980.5685497314,93.37099999189377,0,93.37099999189377,-1,1,1,65,"{""dpkiOnchainAuthenticateTx"":32.759299993515015,""dpkiOnchainCertTransferHttp"":0.19440001249313354,""dpkiOnchainRelayHttp"":0,""dpkiCrossRelayHttp"":0,""dpkiOnchainMptProofHttpQuery"":14.919300019741058,""dpkiOnchainMptProofSignerCertVerify"":9.818399965763092,""dpkiOnchainMptProofResponseVerify"":0.40140002965927124,""dpkiOnchainRootRead"":1.8446999788284302,""dpkiOnchainMptVerify"":0.35700005292892456,""dpkiOnchainOpenSslVerifyCert"":9.568099975585938,""dpkiOnchainAssertionSign"":12.069700002670288,""dpkiOnchainAssertionVerify"":9.269599974155426,""dpkiOnchainAuthSignature"":1.7732999920845032}",1,6668052,0x9455024501fde4e3c6b53c43c36a10322ecc4ab840b956989d4dcbf6358e0d65
0,DPKI,239,intra-on-chain,true,false,520502.53935740644,529222.0504574006,529324.7064574187,102.65600001811981,0,102.65600001811981,-1,1,1,65,"{""dpkiOnchainAuthenticateTx"":48.49789994955063,""dpkiOnchainCertTransferHttp"":0.9249000549316406,""dpkiOnchainRelayHttp"":0,""dpkiCrossRelayHttp"":0,""dpkiOnchainMptProofHttpQuery"":7.8277000188827515,""dpkiOnchainMptProofSignerCertVerify"":10.201599955558777,""dpkiOnchainMptProofResponseVerify"":0.45910000801086426,""dpkiOnchainRootRead"":1.7156999707221985,""dpkiOnchainMptVerify"":0.32269996404647827,""dpkiOnchainOpenSslVerifyCert"":9.789099991321564,""dpkiOnchainAssertionSign"":11.6667999625206,""dpkiOnchainAssertionVerify"":9.048999965190887,""dpkiOnchainAuthSignature"":1.7820000052452087}",1,6668055,0xc8e8845a5069951b3223d8e549817f37a835332c5e9b47d9204a25532a1951c0
0,DPKI,240,intra-on-chain,true,false,521002.95737794746,529722.4684779416,529857.4944779049,135.02599996328354,0,135.02599996328354,-1,1,1,65,"{""dpkiOnchainAuthenticateTx"":85.12180000543594,""dpkiOnchainCertTransferHttp"":2.2449000477790833,""dpkiOnchainRelayHttp"":0,""dpkiCrossRelayHttp"":0,""dpkiOnchainMptProofHttpQuery"":3.2121999859809875,""dpkiOnchainMptProofSignerCertVerify"":9.800499975681305,""dpkiOnchainMptProofResponseVerify"":0.4229000210762024,""dpkiOnchainRootRead"":1.7884999513626099,""dpkiOnchainMptVerify"":0.3246999979019165,""dpkiOnchainOpenSslVerifyCert"":9.308799982070923,""dpkiOnchainAssertionSign"":11.936199963092804,""dpkiOnchainAssertionVerify"":8.647199988365173,""dpkiOnchainAuthSignature"":1.7928000092506409}",1,6668059,0x1e3600a99878809e26f6deb9210d67e485cc1f7b815d032e801ae0459ea5d994
0,DPKI,241,intra-on-chain,true,false,521099.8625606309,529819.3736606251,529899.2504606257,79.87680000066757,0,79.87680000066757,-1,1,1,65,"{""dpkiOnchainAuthenticateTx"":28.791999995708466,""dpkiOnchainCertTransferHttp"":0.039900004863739014,""dpkiOnchainRelayHttp"":0,""dpkiCrossRelayHttp"":0,""dpkiOnchainMptProofHttpQuery"":5.181100010871887,""dpkiOnchainMptProofSignerCertVerify"":9.934000015258789,""dpkiOnchainMptProofResponseVerify"":0.48589998483657837,""dpkiOnchainRootRead"":1.972499966621399,""dpkiOnchainMptVerify"":0.32249999046325684,""dpkiOnchainOpenSslVerifyCert"":9.44489997625351,""dpkiOnchainAssertionSign"":11.84469997882843,""dpkiOnchainAssertionVerify"":9.513999998569489,""dpkiOnchainAuthSignature"":1.8472999930381775}",1,6668061,0x3166cd01baaed9a6c73e43b8a922c553fe6b351bdecda5a42592612297e03cb2
0,DPKI,242,intra-on-chain,true,false,521861.6971734779,530581.208273472,530810.7493734972,229.541100025177,0,229.541100025177,-1,1,1,65,"{""dpkiOnchainAuthenticateTx"":181.54780000448227,""dpkiOnchainCertTransferHttp"":0.2849000096321106,""dpkiOnchainRelayHttp"":0,""dpkiCrossRelayHttp"":0,""dpkiOnchainMptProofHttpQuery"":2.1649999618530273,""dpkiOnchainMptProofSignerCertVerify"":9.94870001077652,""dpkiOnchainMptProofResponseVerify"":0.3914000391960144,""dpkiOnchainRootRead"":2.2247000336647034,""dpkiOnchainMptVerify"":0.3400000333786011,""dpkiOnchainOpenSslVerifyCert"":9.440299987792969,""dpkiOnchainAssertionSign"":12.196000039577484,""dpkiOnchainAssertionVerify"":8.819099962711334,""dpkiOnchainAuthSignature"":1.786300003528595}",1,6668064,0xc2f820d429ed351db68c05a9d273db4de26d856fa9388656abd701bea7f3d2af
0,DPKI,243,intra-on-chain,true,false,522123.64662948693,530843.1577294811,530953.2441294536,110.08639997243881,0,110.08639997243881,-1,1,1,65,"{""dpkiOnchainAuthenticateTx"":44.93330001831055,""dpkiOnchainCertTransferHttp"":0.5879999995231628,""dpkiOnchainRelayHttp"":0,""dpkiCrossRelayHttp"":0,""dpkiOnchainMptProofHttpQuery"":14.85130000114441,""dpkiOnchainMptProofSignerCertVerify"":11.37449997663498,""dpkiOnchainMptProofResponseVerify"":0.4434000253677368,""dpkiOnchainRootRead"":2.2652000188827515,""dpkiOnchainMptVerify"":0.32530003786087036,""dpkiOnchainOpenSslVerifyCert"":10.964699983596802,""dpkiOnchainAssertionSign"":12.152300000190735,""dpkiOnchainAssertionVerify"":9.984899997711182,""dpkiOnchainAuthSignature"":1.788100004196167}",1,6668066,0x2ea23a5c3dac060ea5261f3155f9078ec90a4c80d5eeb858d2d134b63e1f34e7
0,DPKI,244,intra-on-chain,true,false,522935.43001389026,531654.9411138844,531734.0048139048,79.06370002031326,0,79.06370002031326,-1,1,1,65,"{""dpkiOnchainAuthenticateTx"":26.524399995803833,""dpkiOnchainCertTransferHttp"":0.43790000677108765,""dpkiOnchainRelayHttp"":0,""dpkiCrossRelayHttp"":0,""dpkiOnchainMptProofHttpQuery"":5.345600008964539,""dpkiOnchainMptProofSignerCertVerify"":10.161200046539307,""dpkiOnchainMptProofResponseVerify"":0.43679994344711304,""dpkiOnchainRootRead"":2.045199990272522,""dpkiOnchainMptVerify"":0.3440999984741211,""dpkiOnchainOpenSslVerifyCert"":9.677500009536743,""dpkiOnchainAssertionSign"":12.282899975776672,""dpkiOnchainAssertionVerify"":9.490899980068207,""dpkiOnchainAuthSignature"":1.885699987411499}",1,6668069,0x6e3eb35256c640a312e23720314d557f1274da127c2a410eb6d41829e183917d
0,DPKI,245,intra-on-chain,true,false,524778.9213306617,533498.4324306559,533616.0092306447,117.57679998874664,0,117.57679998874664,-1,1,1,65,"{""dpkiOnchainAuthenticateTx"":55.5475999712944,""dpkiOnchainCertTransferHttp"":0.44050002098083496,""dpkiOnchainRelayHttp"":0,""dpkiCrossRelayHttp"":0,""dpkiOnchainMptProofHttpQuery"":15.770099997520447,""dpkiOnchainMptProofSignerCertVerify"":10.04799997806549,""dpkiOnchainMptProofResponseVerify"":0.4916999936103821,""dpkiOnchainRootRead"":1.8761000037193298,""dpkiOnchainMptVerify"":0.319100022315979,""dpkiOnchainOpenSslVerifyCert"":9.798500001430511,""dpkiOnchainAssertionSign"":12.106299996376038,""dpkiOnchainAssertionVerify"":8.985100030899048,""dpkiOnchainAuthSignature"":1.751200020313263}",1,6668072,0xde3530659512ac77130963246b603b88afbf515fca9bde5bab935bd0c154e989
0,DPKI,246,intra-on-chain,true,false,528094.9916920654,536814.5027920596,536954.5870920412,140.08429998159409,0,140.08429998159409,-1,1,1,65,"{""dpkiOnchainAuthenticateTx"":59.58120000362396,""dpkiOnchainCertTransferHttp"":2.474500000476837,""dpkiOnchainRelayHttp"":0,""dpkiCrossRelayHttp"":0,""dpkiOnchainMptProofHttpQuery"":29.258500039577484,""dpkiOnchainMptProofSignerCertVerify"":10.237000048160553,""dpkiOnchainMptProofResponseVerify"":0.4871000051498413,""dpkiOnchainRootRead"":2.9169999957084656,""dpkiOnchainMptVerify"":0.36479997634887695,""dpkiOnchainOpenSslVerifyCert"":9.942900002002716,""dpkiOnchainAssertionSign"":12.779799997806549,""dpkiOnchainAssertionVerify"":9.65860003232956,""dpkiOnchainAuthSignature"":1.846500039100647}",1,6668075,0x644c4e014e61c8658cf91feff1b394fa97d4ee7d4b4623cf686a119d985d507d
0,DPKI,247,intra-on-chain,true,false,529281.4749403483,538000.9860403425,538109.0180403477,108.03200000524521,0,108.03200000524521,-1,1,1,65,"{""dpkiOnchainAuthenticateTx"":58.01740002632141,""dpkiOnchainCertTransferHttp"":0.9126999974250793,""dpkiOnchainRelayHttp"":0,""dpkiCrossRelayHttp"":0,""dpkiOnchainMptProofHttpQuery"":3.1705000400543213,""dpkiOnchainMptProofSignerCertVerify"":9.791399955749512,""dpkiOnchainMptProofResponseVerify"":0.437999963760376,""dpkiOnchainRootRead"":2.112399995326996,""dpkiOnchainMptVerify"":0.3374999761581421,""dpkiOnchainOpenSslVerifyCert"":10.07260000705719,""dpkiOnchainAssertionSign"":11.964399993419647,""dpkiOnchainAssertionVerify"":9.023599982261658,""dpkiOnchainAuthSignature"":1.7892999649047852}",1,6668079,0x8edbdd89f7fd57eb62a6966d9f494a86f7426362f347678a8c129285f09a4074
0,DPKI,248,intra-on-chain,true,false,530691.8053798391,539411.3164798333,539521.5132798268,110.19679999351501,0,110.19679999351501,-1,1,1,65,"{""dpkiOnchainAuthenticateTx"":59.46250003576279,""dpkiOnchainCertTransferHttp"":0.10659998655319214,""dpkiOnchainRelayHttp"":0,""dpkiCrossRelayHttp"":0,""dpkiOnchainMptProofHttpQuery"":4.832799971103668,""dpkiOnchainMptProofSignerCertVerify"":9.803700029850006,""dpkiOnchainMptProofResponseVerify"":0.44380003213882446,""dpkiOnchainRootRead"":1.7646999955177307,""dpkiOnchainMptVerify"":0.31870001554489136,""dpkiOnchainOpenSslVerifyCert"":10.113600015640259,""dpkiOnchainAssertionSign"":11.890399992465973,""dpkiOnchainAssertionVerify"":9.177100002765656,""dpkiOnchainAuthSignature"":1.7545000314712524}",1,6668082,0x846c53bfdceb67c81f2bd861f08727abe00dead7a6423fcb3699eee0461f533d
0,DPKI,249,intra-on-chain,true,false,531756.7832703799,540476.2943703741,540587.5841703623,111.2897999882698,0,111.2897999882698,-1,1,1,65,"{""dpkiOnchainAuthenticateTx"":57.40349996089935,""dpkiOnchainCertTransferHttp"":1.9092999696731567,""dpkiOnchainRelayHttp"":0,""dpkiCrossRelayHttp"":0,""dpkiOnchainMptProofHttpQuery"":2.807099997997284,""dpkiOnchainMptProofSignerCertVerify"":9.807999968528748,""dpkiOnchainMptProofResponseVerify"":0.48330003023147583,""dpkiOnchainRootRead"":3.557800054550171,""dpkiOnchainMptVerify"":0.4139000177383423,""dpkiOnchainOpenSslVerifyCert"":10.55790001153946,""dpkiOnchainAssertionSign"":12.546199977397919,""dpkiOnchainAssertionVerify"":9.450700044631958,""dpkiOnchainAuthSignature"":1.8425999879837036}",1,6668085,0x45fb9d89f98f74da60f1b1ed688821412a8de5e6cf92a8a62753e0b9b238853b
0,DPKI,250,intra-on-chain,true,false,533997.6856900427,542717.1967900369,542831.9843900773,114.78760004043579,0,114.78760004043579,-1,1,1,65,"{""dpkiOnchainAuthenticateTx"":53.819599986076355,""dpkiOnchainCertTransferHttp"":0.9416000247001648,""dpkiOnchainRelayHttp"":0,""dpkiCrossRelayHttp"":0,""dpkiOnchainMptProofHttpQuery"":14.623499989509583,""dpkiOnchainMptProofSignerCertVerify"":9.937000036239624,""dpkiOnchainMptProofResponseVerify"":0.4503999948501587,""dpkiOnchainRootRead"":1.7199000120162964,""dpkiOnchainMptVerify"":0.3180999755859375,""dpkiOnchainOpenSslVerifyCert"":9.981199979782104,""dpkiOnchainAssertionSign"":11.890599966049194,""dpkiOnchainAssertionVerify"":8.873400032520294,""dpkiOnchainAuthSignature"":1.7760000228881836}",1,6668089,0xa010df6408da869ca0023eeb457110fe0d0791b39eed2f50290171fc73a2f69e
0,DPKI,251,intra-on-chain,true,false,536736.5333742026,545456.0444741967,545585.6600741866,129.61559998989105,0,129.61559998989105,-1,1,1,65,"{""dpkiOnchainAuthenticateTx"":77.02209997177124,""dpkiOnchainCertTransferHttp"":0.6796000003814697,""dpkiOnchainRelayHttp"":0,""dpkiCrossRelayHttp"":0,""dpkiOnchainMptProofHttpQuery"":6.972400009632111,""dpkiOnchainMptProofSignerCertVerify"":9.846000015735626,""dpkiOnchainMptProofResponseVerify"":0.429099977016449,""dpkiOnchainRootRead"":1.8105000257492065,""dpkiOnchainMptVerify"":0.314300000667572,""dpkiOnchainOpenSslVerifyCert"":9.58050000667572,""dpkiOnchainAssertionSign"":11.804400026798248,""dpkiOnchainAssertionVerify"":8.914499998092651,""dpkiOnchainAuthSignature"":1.8234999775886536}",1,6668091,0x27dd5cba5c030182d4b775d029c418795e7649d26eb69c1210c17ffbbea9ba83
0,DPKI,252,intra-on-chain,true,false,537199.8568873596,545919.3679873538,546014.3612873745,94.99330002069473,0,94.99330002069473,-1,1,1,65,"{""dpkiOnchainAuthenticateTx"":42.2732999920845,""dpkiOnchainCertTransferHttp"":0.323199987411499,""dpkiOnchainRelayHttp"":0,""dpkiCrossRelayHttp"":0,""dpkiOnchainMptProofHttpQuery"":2.853600025177002,""dpkiOnchainMptProofSignerCertVerify"":10.880100011825562,""dpkiOnchainMptProofResponseVerify"":0.5195000171661377,""dpkiOnchainRootRead"":2.1306999921798706,""dpkiOnchainMptVerify"":0.36090004444122314,""dpkiOnchainOpenSslVerifyCert"":9.84170001745224,""dpkiOnchainAssertionSign"":13.250199973583221,""dpkiOnchainAssertionVerify"":10.288900017738342,""dpkiOnchainAuthSignature"":1.8181999921798706}",1,6668093,0x1d92842b8ffd48aac00df99c57fa8dbd4a0a1ff140800aa76c0c61cdd8ec1ab4
0,DPKI,253,intra-on-chain,true,false,537715.6995971486,546435.2106971428,546541.4232971951,106.21260005235672,0,106.21260005235672,-1,1,1,65,"{""dpkiOnchainAuthenticateTx"":54.0382000207901,""dpkiOnchainCertTransferHttp"":0.08550000190734863,""dpkiOnchainRelayHttp"":0,""dpkiCrossRelayHttp"":0,""dpkiOnchainMptProofHttpQuery"":5.329499959945679,""dpkiOnchainMptProofSignerCertVerify"":10.395799994468689,""dpkiOnchainMptProofResponseVerify"":0.4585999846458435,""dpkiOnchainRootRead"":2.4168999791145325,""dpkiOnchainMptVerify"":0.3384000062942505,""dpkiOnchainOpenSslVerifyCert"":9.601999998092651,""dpkiOnchainAssertionSign"":12.20440000295639,""dpkiOnchainAssertionVerify"":9.092900037765503,""dpkiOnchainAuthSignature"":1.8065999746322632}",1,6668096,0xed0793df51fe0d2fe915e998a3b6bfabfb693c41c335815b945378e37901b7d7
0,DPKI,254,intra-on-chain,true,false,538903.8359499949,547623.347049989,547746.454149999,123.10710000991821,0,123.10710000991821,-1,1,1,65,"{""dpkiOnchainAuthenticateTx"":71.19789999723434,""dpkiOnchainCertTransferHttp"":0.5299999713897705,""dpkiOnchainRelayHttp"":0,""dpkiCrossRelayHttp"":0,""dpkiOnchainMptProofHttpQuery"":6.577600002288818,""dpkiOnchainMptProofSignerCertVerify"":9.733700037002563,""dpkiOnchainMptProofResponseVerify"":0.39250004291534424,""dpkiOnchainRootRead"":2.099199950695038,""dpkiOnchainMptVerify"":0.3319000005722046,""dpkiOnchainOpenSslVerifyCert"":9.161100029945374,""dpkiOnchainAssertionSign"":11.783599972724915,""dpkiOnchainAssertionVerify"":8.945800006389618,""dpkiOnchainAuthSignature"":1.9818999767303467}",1,6668098,0x44b35f6cadfbf214b1a95ee11639dfceb4ce632eaa0790848dedade39fb84fd9
0,DPKI,255,intra-on-chain,true,false,540454.5179057567,549174.0290057509,549323.117205724,149.08819997310638,0,149.08819997310638,-1,1,1,65,"{""dpkiOnchainAuthenticateTx"":88.62730002403259,""dpkiOnchainCertTransferHttp"":1.7141000032424927,""dpkiOnchainRelayHttp"":0,""dpkiCrossRelayHttp"":0,""dpkiOnchainMptProofHttpQuery"":14.129800021648407,""dpkiOnchainMptProofSignerCertVerify"":9.685499966144562,""dpkiOnchainMptProofResponseVerify"":0.4140999913215637,""dpkiOnchainRootRead"":2.303600013256073,""dpkiOnchainMptVerify"":0.37699997425079346,""dpkiOnchainOpenSslVerifyCert"":9.392899990081787,""dpkiOnchainAssertionSign"":11.356800019741058,""dpkiOnchainAssertionVerify"":8.569200038909912,""dpkiOnchainAuthSignature"":2.0794000029563904}",1,6668099,0x7770ebac41a9add3222d6de782020c01b658ca48556d265a46d82df42bc34c36
0,DPKI,256,intra-on-chain,true,false,540706.2920346537,549425.8031346479,549525.1106346527,99.30750000476837,0,99.30750000476837,-1,1,1,65,"{""dpkiOnchainAuthenticateTx"":47.520699977874756,""dpkiOnchainCertTransferHttp"":0.33899998664855957,""dpkiOnchainRelayHttp"":0,""dpkiCrossRelayHttp"":0,""dpkiOnchainMptProofHttpQuery"":4.672999978065491,""dpkiOnchainMptProofSignerCertVerify"":10.211399972438812,""dpkiOnchainMptProofResponseVerify"":0.4763000011444092,""dpkiOnchainRootRead"":2.255999982357025,""dpkiOnchainMptVerify"":0.38210004568099976,""dpkiOnchainOpenSslVerifyCert"":10.522000014781952,""dpkiOnchainAssertionSign"":11.842299997806549,""dpkiOnchainAssertionVerify"":8.932799994945526,""dpkiOnchainAuthSignature"":1.7569999694824219}",1,6668103,0x17b34ab708e160721b4fac64634a0065b425e0370531aeb3dffdf982d555bb6d
0,DPKI,257,intra-on-chain,true,false,543651.9495581369,552371.460658131,552524.6802580933,153.2195999622345,0,153.2195999622345,-1,1,1,65,"{""dpkiOnchainAuthenticateTx"":101.74909996986389,""dpkiOnchainCertTransferHttp"":2.5748000144958496,""dpkiOnchainRelayHttp"":0,""dpkiCrossRelayHttp"":0,""dpkiOnchainMptProofHttpQuery"":3.6570000052452087,""dpkiOnchainMptProofSignerCertVerify"":10.188699960708618,""dpkiOnchainMptProofResponseVerify"":0.4189000129699707,""dpkiOnchainRootRead"":1.963699996471405,""dpkiOnchainMptVerify"":0.3164999485015869,""dpkiOnchainOpenSslVerifyCert"":9.305099964141846,""dpkiOnchainAssertionSign"":11.87389999628067,""dpkiOnchainAssertionVerify"":8.846799969673157,""dpkiOnchainAuthSignature"":1.8029000163078308}",1,6668106,0xdad55af4bdcd4198024a3bc1d1e8af0db09e5e50cc2b65e6b0b5d32783354ef9
0,DPKI,258,intra-on-chain,true,false,543877.8327052881,552597.3438052823,552775.2069052745,177.86309999227524,0,177.86309999227524,-1,1,1,65,"{""dpkiOnchainAuthenticateTx"":86.7866000533104,""dpkiOnchainCertTransferHttp"":0.7602999806404114,""dpkiOnchainRelayHttp"":0,""dpkiCrossRelayHttp"":0,""dpkiOnchainMptProofHttpQuery"":45.85199999809265,""dpkiOnchainMptProofSignerCertVerify"":9.739099979400635,""dpkiOnchainMptProofResponseVerify"":0.4431000351905823,""dpkiOnchainRootRead"":1.756600022315979,""dpkiOnchainMptVerify"":0.35760003328323364,""dpkiOnchainOpenSslVerifyCert"":9.841799974441528,""dpkiOnchainAssertionSign"":11.57260000705719,""dpkiOnchainAssertionVerify"":8.515899956226349,""dpkiOnchainAuthSignature"":1.8571999669075012}",1,6668109,0x4b8647dda5dccb9cf578d918c37c806416869353936573e9bcb17e4e44390b96
0,DPKI,259,intra-on-chain,true,false,544346.559314263,553066.0704142572,553186.215114248,120.14469999074936,0,120.14469999074936,-1,1,1,65,"{""dpkiOnchainAuthenticateTx"":63.07359999418259,""dpkiOnchainCertTransferHttp"":0.9620000123977661,""dpkiOnchainRelayHttp"":0,""dpkiCrossRelayHttp"":0,""dpkiOnchainMptProofHttpQuery"":3.0092000365257263,""dpkiOnchainMptProofSignerCertVerify"":10.125800013542175,""dpkiOnchainMptProofResponseVerify"":0.5101000070571899,""dpkiOnchainRootRead"":2.5985999703407288,""dpkiOnchainMptVerify"":0.4813999533653259,""dpkiOnchainOpenSslVerifyCert"":10.928700029850006,""dpkiOnchainAssertionSign"":14.372300028800964,""dpkiOnchainAssertionVerify"":10.951799988746643,""dpkiOnchainAuthSignature"":2.6913000345230103}",1,6668113,0x313fbb73539d8a29fdc95f74f9de534143e6b763dfc919e678ec853824bd9cd7
0,DPKI,260,intra-on-chain,true,false,544450.8332668772,553170.3443668714,553332.6770668855,162.33270001411438,0,162.33270001411438,-1,1,1,65,"{""dpkiOnchainAuthenticateTx"":111.32139998674393,""dpkiOnchainCertTransferHttp"":0.3686000108718872,""dpkiOnchainRelayHttp"":0,""dpkiCrossRelayHttp"":0,""dpkiOnchainMptProofHttpQuery"":4.375,""dpkiOnchainMptProofSignerCertVerify"":10.074600040912628,""dpkiOnchainMptProofResponseVerify"":0.455299973487854,""dpkiOnchainRootRead"":2.0433000326156616,""dpkiOnchainMptVerify"":0.4585999846458435,""dpkiOnchainOpenSslVerifyCert"":9.172600030899048,""dpkiOnchainAssertionSign"":12.360699951648712,""dpkiOnchainAssertionVerify"":9.217000007629395,""dpkiOnchainAuthSignature"":2.060599982738495}",1,6668116,0x8f6c3a0d5640d1e8eeccce87171849b785cfd2d5618bb5ac27b07e31be9e8238
0,DPKI,261,intra-on-chain,true,false,546844.7942614866,555564.3053614808,555660.2919614626,95.98659998178482,0,95.98659998178482,-1,1,1,65,"{""dpkiOnchainAuthenticateTx"":42.23299998044968,""dpkiOnchainCertTransferHttp"":1.4275000095367432,""dpkiOnchainRelayHttp"":0,""dpkiCrossRelayHttp"":0,""dpkiOnchainMptProofHttpQuery"":6.226999998092651,""dpkiOnchainMptProofSignerCertVerify"":10.424700021743774,""dpkiOnchainMptProofResponseVerify"":0.47499996423721313,""dpkiOnchainRootRead"":2.012999951839447,""dpkiOnchainMptVerify"":0.4795999526977539,""dpkiOnchainOpenSslVerifyCert"":9.318100035190582,""dpkiOnchainAssertionSign"":11.665300011634827,""dpkiOnchainAssertionVerify"":9.222000002861023,""dpkiOnchainAuthSignature"":2.0411999821662903}",1,6668117,0xa79bebee5f96e8709b62e37b93804ff087be5a8f9934f8134e151fb0d3d5004e
0,DPKI,262,intra-on-chain,true,false,546845.5006109066,555565.0117109008,555701.3035614801,136.29185057932045,41.5266505604377,94.76520001888275,-1,1,1,65,"{""dpkiOnchainAuthenticateTx"":39.163699984550476,""dpkiOnchainCertTransferHttp"":2.985100030899048,""dpkiOnchainRelayHttp"":0,""dpkiCrossRelayHttp"":0,""dpkiOnchainMptProofHttpQuery"":6.3902000188827515,""dpkiOnchainMptProofSignerCertVerify"":9.988300025463104,""dpkiOnchainMptProofResponseVerify"":0.42320001125335693,""dpkiOnchainRootRead"":2.1854000091552734,""dpkiOnchainMptVerify"":0.48659998178482056,""dpkiOnchainOpenSslVerifyCert"":9.38450002670288,""dpkiOnchainAssertionSign"":11.95059996843338,""dpkiOnchainAssertionVerify"":9.276800036430359,""dpkiOnchainAuthSignature"":2.1021000146865845}",1,6668119,0x67d29ea7d903cf5a268c0093725c520592bcf2398bd6344353a94ba279f5f1eb
0,DPKI,263,intra-on-chain,true,false,550220.3538149532,558939.8649149474,559066.4608149466,126.5958999991417,0,126.5958999991417,-1,1,1,65,"{""dpkiOnchainAuthenticateTx"":67.49410003423691,""dpkiOnchainCertTransferHttp"":0.04680001735687256,""dpkiOnchainRelayHttp"":0,""dpkiCrossRelayHttp"":0,""dpkiOnchainMptProofHttpQuery"":5.017599999904633,""dpkiOnchainMptProofSignerCertVerify"":10.204100012779236,""dpkiOnchainMptProofResponseVerify"":0.44630002975463867,""dpkiOnchainRootRead"":1.929699957370758,""dpkiOnchainMptVerify"":0.46700000762939453,""dpkiOnchainOpenSslVerifyCert"":15.99920004606247,""dpkiOnchainAssertionSign"":12.018899977207184,""dpkiOnchainAssertionVerify"":10.449299991130829,""dpkiOnchainAuthSignature"":2.0819000005722046}",1,6668122,0xd564ba8d6e3dab2e2b0584482de0094f955a7172f5143417a8f51ef66e848270
0,DPKI,264,intra-on-chain,true,false,554867.8131753791,563587.3242753732,563661.3436753738,74.0194000005722,0,74.0194000005722,-1,1,1,65,"{""dpkiOnchainAuthenticateTx"":18.140399992465973,""dpkiOnchainCertTransferHttp"":3.2057000398635864,""dpkiOnchainRelayHttp"":0,""dpkiCrossRelayHttp"":0,""dpkiOnchainMptProofHttpQuery"":8.154100000858307,""dpkiOnchainMptProofSignerCertVerify"":10.117500007152557,""dpkiOnchainMptProofResponseVerify"":0.4916999936103821,""dpkiOnchainRootRead"":2.0372999906539917,""dpkiOnchainMptVerify"":0.4717000126838684,""dpkiOnchainOpenSslVerifyCert"":9.032899975776672,""dpkiOnchainAssertionSign"":11.06819999217987,""dpkiOnchainAssertionVerify"":8.763199985027313,""dpkiOnchainAuthSignature"":2.092400014400482}",1,6668125,0x546f4a2cac8f94e243112c854aea2f0e2c98cbc65b98d62ac8fdc1b32210c356
0,DPKI,265,intra-on-chain,true,false,556156.1681192204,564875.6792192146,565008.8514192387,133.17220002412796,0,133.17220002412796,-1,1,1,65,"{""dpkiOnchainAuthenticateTx"":83.26300001144409,""dpkiOnchainCertTransferHttp"":0.76910001039505,""dpkiOnchainRelayHttp"":0,""dpkiCrossRelayHttp"":0,""dpkiOnchainMptProofHttpQuery"":3.203100025653839,""dpkiOnchainMptProofSignerCertVerify"":9.895900011062622,""dpkiOnchainMptProofResponseVerify"":0.45979994535446167,""dpkiOnchainRootRead"":1.8838000297546387,""dpkiOnchainMptVerify"":0.45980000495910645,""dpkiOnchainOpenSslVerifyCert"":9.33109998703003,""dpkiOnchainAssertionSign"":11.924199998378754,""dpkiOnchainAssertionVerify"":9.558200001716614,""dpkiOnchainAuthSignature"":2.0407999753952026}",1,6668126,0x5859e9e95573049f9e5377a341bb6098994b5b020df7c6729910551b7f274585
0,DPKI,266,intra-on-chain,true,false,560990.6653711792,569710.1764711734,569816.3940711614,106.2175999879837,0,106.2175999879837,-1,1,1,65,"{""dpkiOnchainAuthenticateTx"":41.72580003738403,""dpkiOnchainCertTransferHttp"":3.166099965572357,""dpkiOnchainRelayHttp"":0,""dpkiCrossRelayHttp"":0,""dpkiOnchainMptProofHttpQuery"":14.667500019073486,""dpkiOnchainMptProofSignerCertVerify"":10.157000005245209,""dpkiOnchainMptProofResponseVerify"":0.47450000047683716,""dpkiOnchainRootRead"":2.2838000059127808,""dpkiOnchainMptVerify"":0.45910000801086426,""dpkiOnchainOpenSslVerifyCert"":9.955900013446808,""dpkiOnchainAssertionSign"":11.854300022125244,""dpkiOnchainAssertionVerify"":9.125999987125397,""dpkiOnchainAuthSignature"":1.9341000318527222}",1,6668129,0x98a861c222b0a78fed652b04cd834721028ea79d440da1cf1e8fffecf625cade
0,DPKI,267,intra-on-chain,true,false,561688.8561476904,570408.3672476846,570514.4364476639,106.06919997930527,0,106.06919997930527,-1,1,1,65,"{""dpkiOnchainAuthenticateTx"":43.78250002861023,""dpkiOnchainCertTransferHttp"":0.5509999990463257,""dpkiOnchainRelayHttp"":0,""dpkiCrossRelayHttp"":0,""dpkiOnchainMptProofHttpQuery"":15.601700007915497,""dpkiOnchainMptProofSignerCertVerify"":9.958000004291534,""dpkiOnchainMptProofResponseVerify"":0.42669999599456787,""dpkiOnchainRootRead"":2.1054999828338623,""dpkiOnchainMptVerify"":0.4634000062942505,""dpkiOnchainOpenSslVerifyCert"":9.42220002412796,""dpkiOnchainAssertionSign"":12.06199997663498,""dpkiOnchainAssertionVerify"":8.738200008869171,""dpkiOnchainAuthSignature"":2.5072999596595764}",1,6668131,0xca7a23457b927821ff28233dd9df44647bca6c6a35d92255eef2063cca7e84f5
0,DPKI,268,intra-on-chain,true,false,562346.6546217231,571066.1657217173,571165.6114217071,99.44569998979568,0,99.44569998979568,-1,1,1,65,"{""dpkiOnchainAuthenticateTx"":46.764499962329865,""dpkiOnchainCertTransferHttp"":0.6428000330924988,""dpkiOnchainRelayHttp"":0,""dpkiCrossRelayHttp"":0,""dpkiOnchainMptProofHttpQuery"":5.95660001039505,""dpkiOnchainMptProofSignerCertVerify"":9.723599970340729,""dpkiOnchainMptProofResponseVerify"":0.46820002794265747,""dpkiOnchainRootRead"":1.8305999636650085,""dpkiOnchainMptVerify"":0.5332000255584717,""dpkiOnchainOpenSslVerifyCert"":9.477499961853027,""dpkiOnchainAssertionSign"":11.752799987792969,""dpkiOnchainAssertionVerify"":9.373300015926361,""dpkiOnchainAuthSignature"":2.1764999628067017}",1,6668134,0x1fae4215a336228d2ec77ae218c1de95984b307262a66ae6c6c92cb8901ebd8f
0,DPKI,269,intra-on-chain,true,false,562998.9170673852,571718.4281673793,571879.8121673827,161.38400000333786,0,161.38400000333786,-1,1,1,65,"{""dpkiOnchainAuthenticateTx"":101.11210000514984,""dpkiOnchainCertTransferHttp"":2.3543999791145325,""dpkiOnchainRelayHttp"":0,""dpkiCrossRelayHttp"":0,""dpkiOnchainMptProofHttpQuery"":13.287600040435791,""dpkiOnchainMptProofSignerCertVerify"":9.674899995326996,""dpkiOnchainMptProofResponseVerify"":0.3950999975204468,""dpkiOnchainRootRead"":1.9490000009536743,""dpkiOnchainMptVerify"":0.5262999534606934,""dpkiOnchainOpenSslVerifyCert"":9.594700038433075,""dpkiOnchainAssertionSign"":11.460000038146973,""dpkiOnchainAssertionVerify"":8.68010002374649,""dpkiOnchainAuthSignature"":1.8866000175476074}",1,6668138,0x0605d7413f875e888aea8f1b3ae915c063c78f679fcfd132e60953eb3309b887
0,DPKI,270,intra-on-chain,true,false,565177.4240442703,573896.9351442645,574038.0157442878,141.08060002326965,0,141.08060002326965,-1,1,1,65,"{""dpkiOnchainAuthenticateTx"":62.437299966812134,""dpkiOnchainCertTransferHttp"":1.8761000037193298,""dpkiOnchainRelayHttp"":0,""dpkiCrossRelayHttp"":0,""dpkiOnchainMptProofHttpQuery"":29.761500000953674,""dpkiOnchainMptProofSignerCertVerify"":10.181599974632263,""dpkiOnchainMptProofResponseVerify"":0.4327999949455261,""dpkiOnchainRootRead"":2.079699993133545,""dpkiOnchainMptVerify"":0.6394999623298645,""dpkiOnchainOpenSslVerifyCert"":9.420499980449677,""dpkiOnchainAssertionSign"":12.712000012397766,""dpkiOnchainAssertionVerify"":9.222599983215332,""dpkiOnchainAuthSignature"":1.9029000401496887}",1,6668140,0x7cb477061cbf5183ff13d2dba355a9bc28582b380c4d0f8a73293f1e962c37fa
0,DPKI,271,intra-on-chain,true,false,568743.435918877,577462.9470188712,577601.0675188397,138.12049996852875,0,138.12049996852875,-1,1,1,65,"{""dpkiOnchainAuthenticateTx"":76.50180000066757,""dpkiOnchainCertTransferHttp"":3.336899995803833,""dpkiOnchainRelayHttp"":0,""dpkiCrossRelayHttp"":0,""dpkiOnchainMptProofHttpQuery"":12.607599973678589,""dpkiOnchainMptProofSignerCertVerify"":9.889599978923798,""dpkiOnchainMptProofResponseVerify"":0.4851999878883362,""dpkiOnchainRootRead"":2.1092000007629395,""dpkiOnchainMptVerify"":0.4578999876976013,""dpkiOnchainOpenSslVerifyCert"":9.55380004644394,""dpkiOnchainAssertionSign"":11.867500007152557,""dpkiOnchainAssertionVerify"":8.803099989891052,""dpkiOnchainAuthSignature"":2.0764999985694885}",1,6668142,0xe2830c694770a87d53f2ead370fe690bb0cd025c54fa0f4af1b985ccd787e533
0,DPKI,272,intra-on-chain,true,false,570338.6856588474,579058.1967588416,579167.066858863,108.8701000213623,0,108.8701000213623,-1,1,1,65,"{""dpkiOnchainAuthenticateTx"":60.84229999780655,""dpkiOnchainCertTransferHttp"":0.334600031375885,""dpkiOnchainRelayHttp"":0,""dpkiCrossRelayHttp"":0,""dpkiOnchainMptProofHttpQuery"":3.0009999871253967,""dpkiOnchainMptProofSignerCertVerify"":9.405499994754791,""dpkiOnchainMptProofResponseVerify"":0.4361000061035156,""dpkiOnchainRootRead"":2.3539000153541565,""dpkiOnchainMptVerify"":0.505299985408783,""dpkiOnchainOpenSslVerifyCert"":9.069999992847443,""dpkiOnchainAssertionSign"":11.670499980449677,""dpkiOnchainAssertionVerify"":8.910899996757507,""dpkiOnchainAuthSignature"":1.9193000197410583}",1,6668145,0x3fa64132becdb86e5cedef6aff25eacd6dd6c15f8c92b95f7925fb2b406a68d5
0,DPKI,273,intra-on-chain,true,false,570791.6630298358,579511.17412983,579644.7838297945,133.60969996452332,0,133.60969996452332,-1,1,1,65,"{""dpkiOnchainAuthenticateTx"":75.91150003671646,""dpkiOnchainCertTransferHttp"":1.0870000123977661,""dpkiOnchainRelayHttp"":0,""dpkiCrossRelayHttp"":0,""dpkiOnchainMptProofHttpQuery"":5.7210999727249146,""dpkiOnchainMptProofSignerCertVerify"":9.84960001707077,""dpkiOnchainMptProofResponseVerify"":0.4491000175476074,""dpkiOnchainRootRead"":2.1558000445365906,""dpkiOnchainMptVerify"":0.46069997549057007,""dpkiOnchainOpenSslVerifyCert"":11.697499990463257,""dpkiOnchainAssertionSign"":13.043299973011017,""dpkiOnchainAssertionVerify"":10.89599996805191,""dpkiOnchainAuthSignature"":1.8913999795913696}",1,6668148,0x5e4c74865af63326ca6b85716f219de92401f09e9a5740c7d89385a108e8e353
0,DPKI,274,intra-on-chain,true,false,573368.6761410407,582088.1872410349,582202.1340410284,113.94679999351501,0,113.94679999351501,-1,1,1,65,"{""dpkiOnchainAuthenticateTx"":35.70650005340576,""dpkiOnchainCertTransferHttp"":2.1389999985694885,""dpkiOnchainRelayHttp"":0,""dpkiCrossRelayHttp"":0,""dpkiOnchainMptProofHttpQuery"":30.081300020217896,""dpkiOnchainMptProofSignerCertVerify"":9.552600026130676,""dpkiOnchainMptProofResponseVerify"":0.43309998512268066,""dpkiOnchainRootRead"":1.9002000093460083,""dpkiOnchainMptVerify"":0.5001999735832214,""dpkiOnchainOpenSslVerifyCert"":10.058299958705902,""dpkiOnchainAssertionSign"":12.268899977207184,""dpkiOnchainAssertionVerify"":8.853799998760223,""dpkiOnchainAuthSignature"":1.9311000108718872}",1,6668151,0x8a909cd8d2535d58038fb2d2f3eb9cb86187e8482c47c311bdd49862defcba55
0,DPKI,275,intra-on-chain,true,false,574546.7014991954,583266.2125991896,583348.763499172,82.55089998245239,0,82.55089998245239,-1,1,1,65,"{""dpkiOnchainAuthenticateTx"":30.700100004673004,""dpkiOnchainCertTransferHttp"":0.38050001859664917,""dpkiOnchainRelayHttp"":0,""dpkiCrossRelayHttp"":0,""dpkiOnchainMptProofHttpQuery"":6.8747000098228455,""dpkiOnchainMptProofSignerCertVerify"":9.413699984550476,""dpkiOnchainMptProofResponseVerify"":0.4340999722480774,""dpkiOnchainRootRead"":1.864300012588501,""dpkiOnchainMptVerify"":0.4745999574661255,""dpkiOnchainOpenSslVerifyCert"":9.513299942016602,""dpkiOnchainAssertionSign"":11.859300017356873,""dpkiOnchainAssertionVerify"":8.760200023651123,""dpkiOnchainAuthSignature"":1.8716000318527222}",1,6668154,0x2df4b3652aa2529f0056e8671cfdec205be38a19283aedd09a6a33e42c6dab17
0,DPKI,276,intra-on-chain,true,false,576066.4222934751,584785.9333934693,584921.5497934727,135.61640000343323,0,135.61640000343323,-1,1,1,65,"{""dpkiOnchainAuthenticateTx"":70.87640005350113,""dpkiOnchainCertTransferHttp"":0.0974000096321106,""dpkiOnchainRelayHttp"":0,""dpkiCrossRelayHttp"":0,""dpkiOnchainMptProofHttpQuery"":15.9239000082016,""dpkiOnchainMptProofSignerCertVerify"":10.037900030612946,""dpkiOnchainMptProofResponseVerify"":0.4781000018119812,""dpkiOnchainRootRead"":2.1920000314712524,""dpkiOnchainMptVerify"":0.4764000177383423,""dpkiOnchainOpenSslVerifyCert"":10.00110000371933,""dpkiOnchainAssertionSign"":13.043199956417084,""dpkiOnchainAssertionVerify"":10.076799988746643,""dpkiOnchainAuthSignature"":1.930899977684021}",1,6668157,0xfec4af5fca3dbbe030ecdf39ab2f6f972fb9cdd69190e6753e7f724b176e3602
0,DPKI,277,intra-on-chain,true,false,576223.0692451152,584942.5803451093,585062.9092451485,120.32890003919601,0,120.32890003919601,-1,1,1,65,"{""dpkiOnchainAuthenticateTx"":60.755400002002716,""dpkiOnchainCertTransferHttp"":2.3164000511169434,""dpkiOnchainRelayHttp"":0,""dpkiCrossRelayHttp"":0,""dpkiOnchainMptProofHttpQuery"":7.35589998960495,""dpkiOnchainMptProofSignerCertVerify"":9.558200001716614,""dpkiOnchainMptProofResponseVerify"":0.4510999917984009,""dpkiOnchainRootRead"":4.5067999958992,""dpkiOnchainMptVerify"":0.4765000343322754,""dpkiOnchainOpenSslVerifyCert"":10.12389999628067,""dpkiOnchainAssertionSign"":12.298500001430511,""dpkiOnchainAssertionVerify"":10.103200018405914,""dpkiOnchainAuthSignature"":1.8793999552726746}",1,6668159,0x490a68b7e5e4ec783af7f6abc5f4d347ddb27ba3543daef6b550b21fdd0c3687
0,DPKI,278,intra-on-chain,true,false,580479.3279618421,589198.8390618362,589394.6052618423,195.76620000600815,0,195.76620000600815,-1,1,1,65,"{""dpkiOnchainAuthenticateTx"":141.98489999771118,""dpkiOnchainCertTransferHttp"":0.22120004892349243,""dpkiOnchainRelayHttp"":0,""dpkiCrossRelayHttp"":0,""dpkiOnchainMptProofHttpQuery"":8.16159999370575,""dpkiOnchainMptProofSignerCertVerify"":9.455799996852875,""dpkiOnchainMptProofResponseVerify"":0.38520002365112305,""dpkiOnchainRootRead"":1.9988999962806702,""dpkiOnchainMptVerify"":0.5973000526428223,""dpkiOnchainOpenSslVerifyCert"":9.101599991321564,""dpkiOnchainAssertionSign"":12.385299980640411,""dpkiOnchainAssertionVerify"":9.178100049495697,""dpkiOnchainAuthSignature"":1.8565999865531921}",1,6668162,0xf15e51e4653a01abe9e697b390dbae50ca00ac9751897c1a2b6f6889e4577c97
0,DPKI,279,intra-on-chain,true,false,581365.014871243,590084.5259712372,590185.6218712364,101.0958999991417,0,101.0958999991417,-1,1,1,65,"{""dpkiOnchainAuthenticateTx"":39.71060001850128,""dpkiOnchainCertTransferHttp"":0.3251999616622925,""dpkiOnchainRelayHttp"":0,""dpkiCrossRelayHttp"":0,""dpkiOnchainMptProofHttpQuery"":15.552100002765656,""dpkiOnchainMptProofSignerCertVerify"":10.099800050258636,""dpkiOnchainMptProofResponseVerify"":0.42430001497268677,""dpkiOnchainRootRead"":2.098199963569641,""dpkiOnchainMptVerify"":0.5103000402450562,""dpkiOnchainOpenSslVerifyCert"":9.279500007629395,""dpkiOnchainAssertionSign"":11.939199984073639,""dpkiOnchainAssertionVerify"":8.953999996185303,""dpkiOnchainAuthSignature"":1.8079000115394592}",1,6668164,0x0e6e2ce7f5c354bc7b9f54cae4d912934045c70e094a0d321952ecac92bc9c55
0,DPKI,280,intra-on-chain,true,false,587902.9508003248,596622.461900319,596724.3353002919,101.87339997291565,0,101.87339997291565,-1,1,1,65,"{""dpkiOnchainAuthenticateTx"":46.80010002851486,""dpkiOnchainCertTransferHttp"":1.3849000334739685,""dpkiOnchainRelayHttp"":0,""dpkiCrossRelayHttp"":0,""dpkiOnchainMptProofHttpQuery"":6.83380001783371,""dpkiOnchainMptProofSignerCertVerify"":9.824999988079071,""dpkiOnchainMptProofResponseVerify"":0.4218999743461609,""dpkiOnchainRootRead"":2.0927000045776367,""dpkiOnchainMptVerify"":0.4932999610900879,""dpkiOnchainOpenSslVerifyCert"":9.320800006389618,""dpkiOnchainAssertionSign"":12.363900005817413,""dpkiOnchainAssertionVerify"":10.084899961948395,""dpkiOnchainAuthSignature"":1.8389000296592712}",1,6668167,0x97192c083edfe8d43bd1404790ea629923fe99238419bec71879398903b0dca1
0,DPKI,281,intra-on-chain,true,false,588467.2396803515,597186.7507803456,597273.6101803796,86.8594000339508,0,86.8594000339508,-1,1,1,65,"{""dpkiOnchainAuthenticateTx"":37.27829998731613,""dpkiOnchainCertTransferHttp"":0.74590003490448,""dpkiOnchainRelayHttp"":0,""dpkiCrossRelayHttp"":0,""dpkiOnchainMptProofHttpQuery"":3.18340003490448,""dpkiOnchainMptProofSignerCertVerify"":9.982999980449677,""dpkiOnchainMptProofResponseVerify"":0.48510003089904785,""dpkiOnchainRootRead"":2.0490000247955322,""dpkiOnchainMptVerify"":0.417900025844574,""dpkiOnchainOpenSslVerifyCert"":9.502799987792969,""dpkiOnchainAssertionSign"":11.627799987792969,""dpkiOnchainAssertionVerify"":9.189199984073639,""dpkiOnchainAuthSignature"":1.9529999494552612}",1,6668170,0x326ef4e3047a06978599b6fdd0fddde49c8f1c8a98c85a3d32a4a5a6ec07016d
0,DPKI,282,intra-on-chain,true,false,588692.0288418592,597411.5399418534,597541.9421418966,130.40220004320145,0,130.40220004320145,-1,1,1,65,"{""dpkiOnchainAuthenticateTx"":72.66229999065399,""dpkiOnchainCertTransferHttp"":2.6873000264167786,""dpkiOnchainRelayHttp"":0,""dpkiCrossRelayHttp"":0,""dpkiOnchainMptProofHttpQuery"":7.768899977207184,""dpkiOnchainMptProofSignerCertVerify"":10.1739000082016,""dpkiOnchainMptProofResponseVerify"":0.4837999939918518,""dpkiOnchainRootRead"":2.3286999464035034,""dpkiOnchainMptVerify"":0.40880000591278076,""dpkiOnchainOpenSslVerifyCert"":9.87720000743866,""dpkiOnchainAssertionSign"":12.485399961471558,""dpkiOnchainAssertionVerify"":9.261299967765808,""dpkiOnchainAuthSignature"":1.8230000138282776}",1,6668172,0xeece7b675150259928090c2ecc1cfa04a10f28fc663fdac731d58024595cb3cf
0,DPKI,283,intra-on-chain,true,false,599084.9972301516,607804.5083301457,607963.26093016,158.75260001420975,0,158.75260001420975,-1,1,1,65,"{""dpkiOnchainAuthenticateTx"":80.87299996614456,""dpkiOnchainCertTransferHttp"":1.9057000279426575,""dpkiOnchainRelayHttp"":0,""dpkiCrossRelayHttp"":0,""dpkiOnchainMptProofHttpQuery"":28.46390002965927,""dpkiOnchainMptProofSignerCertVerify"":9.962799966335297,""dpkiOnchainMptProofResponseVerify"":0.44290000200271606,""dpkiOnchainRootRead"":1.987999975681305,""dpkiOnchainMptVerify"":0.4074000120162964,""dpkiOnchainOpenSslVerifyCert"":9.625400006771088,""dpkiOnchainAssertionSign"":12.682999968528748,""dpkiOnchainAssertionVerify"":9.999399960041046,""dpkiOnchainAuthSignature"":1.960800051689148}",1,6668176,0x3a33c2210e4c36071314e2b6c72a79aa27d4bee79262b934e8116784a239d9e3
0,DPKI,284,intra-on-chain,true,false,604170.5770890071,612890.0881890013,613064.0716890051,173.9835000038147,0,173.9835000038147,-1,1,1,65,"{""dpkiOnchainAuthenticateTx"":122.79160004854202,""dpkiOnchainCertTransferHttp"":1.3398999571800232,""dpkiOnchainRelayHttp"":0,""dpkiCrossRelayHttp"":0,""dpkiOnchainMptProofHttpQuery"":3.6971999406814575,""dpkiOnchainMptProofSignerCertVerify"":9.741499960422516,""dpkiOnchainMptProofResponseVerify"":0.491100013256073,""dpkiOnchainRootRead"":1.8955999612808228,""dpkiOnchainMptVerify"":0.45639997720718384,""dpkiOnchainOpenSslVerifyCert"":9.668099999427795,""dpkiOnchainAssertionSign"":12.501399993896484,""dpkiOnchainAssertionVerify"":9.118600010871887,""dpkiOnchainAuthSignature"":1.8267000317573547}",1,6668179,0x0415fba71f96a34d90fc0afd423ac6a8db224fd94b2c64c647cf0888789f0ccb
0,DPKI,285,intra-on-chain,true,false,605691.2805854379,614410.7916854321,614489.5248854457,78.73320001363754,0,78.73320001363754,-1,1,1,65,"{""dpkiOnchainAuthenticateTx"":27.144599974155426,""dpkiOnchainCertTransferHttp"":0.23579996824264526,""dpkiOnchainRelayHttp"":0,""dpkiCrossRelayHttp"":0,""dpkiOnchainMptProofHttpQuery"":3.4578999876976013,""dpkiOnchainMptProofSignerCertVerify"":10.088800013065338,""dpkiOnchainMptProofResponseVerify"":0.4782000184059143,""dpkiOnchainRootRead"":1.96670001745224,""dpkiOnchainMptVerify"":0.42900002002716064,""dpkiOnchainOpenSslVerifyCert"":10.022499978542328,""dpkiOnchainAssertionSign"":12.828999996185303,""dpkiOnchainAssertionVerify"":9.180900037288666,""dpkiOnchainAuthSignature"":1.8354999423027039}",1,6668182,0x113d9dd9a06df28f1a5e330f98bf6c0ee1382495056edc6029bc0f0da6f3379d
0,DPKI,286,intra-on-chain,true,false,607301.0529025325,616020.5640025267,616138.4795025119,117.91549998521805,0,117.91549998521805,-1,1,1,65,"{""dpkiOnchainAuthenticateTx"":55.56659996509552,""dpkiOnchainCertTransferHttp"":0.41449999809265137,""dpkiOnchainRelayHttp"":0,""dpkiCrossRelayHttp"":0,""dpkiOnchainMptProofHttpQuery"":15.558100044727325,""dpkiOnchainMptProofSignerCertVerify"":9.815299987792969,""dpkiOnchainMptProofResponseVerify"":0.4312000274658203,""dpkiOnchainRootRead"":2.3016000390052795,""dpkiOnchainMptVerify"":0.4017999768257141,""dpkiOnchainOpenSslVerifyCert"":9.75629997253418,""dpkiOnchainAssertionSign"":11.998099982738495,""dpkiOnchainAssertionVerify"":9.216499984264374,""dpkiOnchainAuthSignature"":2.011399984359741}",1,6668184,0xb459038a44e175ad7ecaa06cbf63bb383bd35186cf2e25a6842e462e71b07d50
0,DPKI,287,intra-on-chain,true,false,609154.8561626786,617874.3672626727,618003.5214626902,129.15420001745224,0,129.15420001745224,-1,1,1,65,"{""dpkiOnchainAuthenticateTx"":76.71480000019073,""dpkiOnchainCertTransferHttp"":0.9619000554084778,""dpkiOnchainRelayHttp"":0,""dpkiCrossRelayHttp"":0,""dpkiOnchainMptProofHttpQuery"":6.216799974441528,""dpkiOnchainMptProofSignerCertVerify"":9.923799991607666,""dpkiOnchainMptProofResponseVerify"":0.426800012588501,""dpkiOnchainRootRead"":1.911799967288971,""dpkiOnchainMptVerify"":0.39499998092651367,""dpkiOnchainOpenSslVerifyCert"":9.285799980163574,""dpkiOnchainAssertionSign"":11.554399967193604,""dpkiOnchainAssertionVerify"":9.450699985027313,""dpkiOnchainAuthSignature"":1.9150999784469604}",1,6668187,0x770caaf3b6f06f3d5c20009fb479fb738908d44e8d3b1b19f2224b3843eb8660
0,DPKI,288,intra-on-chain,true,false,610670.7204439642,619390.2315439584,619513.6196439865,123.38810002803802,0,123.38810002803802,-1,1,1,65,"{""dpkiOnchainAuthenticateTx"":71.8348999619484,""dpkiOnchainCertTransferHttp"":0.9972999691963196,""dpkiOnchainRelayHttp"":0,""dpkiCrossRelayHttp"":0,""dpkiOnchainMptProofHttpQuery"":3.8966999650001526,""dpkiOnchainMptProofSignerCertVerify"":9.652100026607513,""dpkiOnchainMptProofResponseVerify"":0.4337000250816345,""dpkiOnchainRootRead"":2.209499955177307,""dpkiOnchainMptVerify"":0.5480999946594238,""dpkiOnchainOpenSslVerifyCert"":9.415499985218048,""dpkiOnchainAssertionSign"":12.568699955940247,""dpkiOnchainAssertionVerify"":9.47110003232956,""dpkiOnchainAuthSignature"":1.9517000317573547}",1,6668190,0x4fcafe4d4d86e717b132d548e13d1ea2b04f0905db77481d1bf05e75606e24f7
0,DPKI,289,intra-on-chain,true,false,613222.4945151962,621942.0056151904,622079.3982151903,137.39259999990463,0,137.39259999990463,-1,1,1,65,"{""dpkiOnchainAuthenticateTx"":56.81080001592636,""dpkiOnchainCertTransferHttp"":0.855400025844574,""dpkiOnchainRelayHttp"":0,""dpkiCrossRelayHttp"":0,""dpkiOnchainMptProofHttpQuery"":32.28380000591278,""dpkiOnchainMptProofSignerCertVerify"":10.078099966049194,""dpkiOnchainMptProofResponseVerify"":0.4399999976158142,""dpkiOnchainRootRead"":2.390899956226349,""dpkiOnchainMptVerify"":0.40450000762939453,""dpkiOnchainOpenSslVerifyCert"":9.69870001077652,""dpkiOnchainAssertionSign"":12.206900000572205,""dpkiOnchainAssertionVerify"":9.885800004005432,""dpkiOnchainAuthSignature"":1.9120000004768372}",1,6668193,0x35bf4627cf29fad10a612d397119183c400ae5422db0fc632479b41315b22807
0,DPKI,290,intra-on-chain,true,false,619860.9840146138,628580.495114608,628665.4754146172,84.98030000925064,0,84.98030000925064,-1,1,1,65,"{""dpkiOnchainAuthenticateTx"":28.014299988746643,""dpkiOnchainCertTransferHttp"":1.2426000237464905,""dpkiOnchainRelayHttp"":0,""dpkiCrossRelayHttp"":0,""dpkiOnchainMptProofHttpQuery"":7.8414000272750854,""dpkiOnchainMptProofSignerCertVerify"":11.016600012779236,""dpkiOnchainMptProofResponseVerify"":0.5514000058174133,""dpkiOnchainRootRead"":2.0315000414848328,""dpkiOnchainMptVerify"":0.44370001554489136,""dpkiOnchainOpenSslVerifyCert"":10.278999984264374,""dpkiOnchainAssertionSign"":12.038600027561188,""dpkiOnchainAssertionVerify"":9.098200023174286,""dpkiOnchainAuthSignature"":1.8718000054359436}",1,6668198,0x4fff5be162428340e46c7215cb5393983cd28ba45a16b3f1205efec9f8693fef
0,DPKI,291,intra-on-chain,true,false,620186.1045425774,628905.6156425716,629066.8355425836,161.2199000120163,0,161.2199000120163,-1,1,1,65,"{""dpkiOnchainAuthenticateTx"":111.0789999961853,""dpkiOnchainCertTransferHttp"":0.6791999936103821,""dpkiOnchainRelayHttp"":0,""dpkiCrossRelayHttp"":0,""dpkiOnchainMptProofHttpQuery"":2.9209999442100525,""dpkiOnchainMptProofSignerCertVerify"":10.00849997997284,""dpkiOnchainMptProofResponseVerify"":0.49560004472732544,""dpkiOnchainRootRead"":1.8515999913215637,""dpkiOnchainMptVerify"":0.352400004863739,""dpkiOnchainOpenSslVerifyCert"":9.516600012779236,""dpkiOnchainAssertionSign"":12.797399997711182,""dpkiOnchainAssertionVerify"":9.297900021076202,""dpkiOnchainAuthSignature"":1.7973000407218933}",1,6668200,0x202046c7ea052108e5e2b052f083df870e4b2414b25c05c5cb3cf1b978292c2c
0,DPKI,292,intra-on-chain,true,false,623190.7227136148,631910.233813609,632013.0665135635,102.83269995450974,0,102.83269995450974,-1,1,1,65,"{""dpkiOnchainAuthenticateTx"":41.61479997634888,""dpkiOnchainCertTransferHttp"":0.8305999636650085,""dpkiOnchainRelayHttp"":0,""dpkiCrossRelayHttp"":0,""dpkiOnchainMptProofHttpQuery"":7.91049998998642,""dpkiOnchainMptProofSignerCertVerify"":9.614900052547455,""dpkiOnchainMptProofResponseVerify"":0.40950000286102295,""dpkiOnchainRootRead"":1.866100013256073,""dpkiOnchainMptVerify"":0.4214000105857849,""dpkiOnchainOpenSslVerifyCert"":10.364099979400635,""dpkiOnchainAssertionSign"":12.602400004863739,""dpkiOnchainAssertionVerify"":14.919200003147125,""dpkiOnchainAuthSignature"":1.7882999777793884}",1,6668204,0xf013d2c8053ff0b662ec10025359e04fd39581e70325a08a84680cabc47b4b2d
0,DPKI,293,intra-on-chain,true,false,627102.7792853224,635822.2903853166,635968.4950853097,146.20469999313354,0,146.20469999313354,-1,1,1,65,"{""dpkiOnchainAuthenticateTx"":94.13680005073547,""dpkiOnchainCertTransferHttp"":0.7888000011444092,""dpkiOnchainRelayHttp"":0,""dpkiCrossRelayHttp"":0,""dpkiOnchainMptProofHttpQuery"":4.827800035476685,""dpkiOnchainMptProofSignerCertVerify"":9.733000040054321,""dpkiOnchainMptProofResponseVerify"":0.487000048160553,""dpkiOnchainRootRead"":2.198300004005432,""dpkiOnchainMptVerify"":0.3968999981880188,""dpkiOnchainOpenSslVerifyCert"":9.804799973964691,""dpkiOnchainAssertionSign"":12.630200028419495,""dpkiOnchainAssertionVerify"":8.946799993515015,""dpkiOnchainAuthSignature"":1.776099979877472}",1,6668208,0x1713de9ebfddee9e898749ed1add3236180f15a47e2ad2c1340d649dd333edfb
0,DPKI,294,intra-on-chain,true,false,628979.837162985,637699.3482629792,637800.6804629699,101.33219999074936,0,101.33219999074936,-1,1,1,65,"{""dpkiOnchainAuthenticateTx"":41.083899974823,""dpkiOnchainCertTransferHttp"":1.5857999920845032,""dpkiOnchainRelayHttp"":0,""dpkiCrossRelayHttp"":0,""dpkiOnchainMptProofHttpQuery"":13.429199993610382,""dpkiOnchainMptProofSignerCertVerify"":9.83619999885559,""dpkiOnchainMptProofResponseVerify"":0.49400001764297485,""dpkiOnchainRootRead"":1.8398000001907349,""dpkiOnchainMptVerify"":0.3878999948501587,""dpkiOnchainOpenSslVerifyCert"":9.593299984931946,""dpkiOnchainAssertionSign"":11.79909998178482,""dpkiOnchainAssertionVerify"":9.025800049304962,""dpkiOnchainAuthSignature"":1.8413000106811523}",1,6668212,0x09cf9d7763d7aae36bb08d069c2f90eeddecb7fe30870a93883309b44caffcc1
0,DPKI,295,intra-on-chain,true,false,632364.9777608991,641084.4888608933,641254.1726608754,169.68379998207092,0,169.68379998207092,-1,1,1,65,"{""dpkiOnchainAuthenticateTx"":93.3977000117302,""dpkiOnchainCertTransferHttp"":0.7408000230789185,""dpkiOnchainRelayHttp"":0,""dpkiCrossRelayHttp"":0,""dpkiOnchainMptProofHttpQuery"":30.472699999809265,""dpkiOnchainMptProofSignerCertVerify"":9.998799979686737,""dpkiOnchainMptProofResponseVerify"":0.45949995517730713,""dpkiOnchainRootRead"":2.1823999881744385,""dpkiOnchainMptVerify"":0.3564000129699707,""dpkiOnchainOpenSslVerifyCert"":9.613700032234192,""dpkiOnchainAssertionSign"":11.15750002861023,""dpkiOnchainAssertionVerify"":8.995800018310547,""dpkiOnchainAuthSignature"":1.8916999697685242}",1,6668215,0x5f9706b3252863cb8089ceb2ff21fb4706ac3adcdd23700cabb28bcc7fe5aae4
0,DPKI,296,intra-on-chain,true,false,632731.1306015445,641450.6417015387,641578.9614015414,128.3197000026703,0,128.3197000026703,-1,1,1,65,"{""dpkiOnchainAuthenticateTx"":77.55389994382858,""dpkiOnchainCertTransferHttp"":0.7987000346183777,""dpkiOnchainRelayHttp"":0,""dpkiCrossRelayHttp"":0,""dpkiOnchainMptProofHttpQuery"":5.323599994182587,""dpkiOnchainMptProofSignerCertVerify"":9.526599943637848,""dpkiOnchainMptProofResponseVerify"":0.5410000085830688,""dpkiOnchainRootRead"":1.9146000146865845,""dpkiOnchainMptVerify"":0.3626999855041504,""dpkiOnchainOpenSslVerifyCert"":9.325800001621246,""dpkiOnchainAssertionSign"":11.752300024032593,""dpkiOnchainAssertionVerify"":8.937900006771088,""dpkiOnchainAuthSignature"":1.8847000002861023}",1,6668217,0x241f6e4fac483ee0d5930766e269fcaa73c57673dfaca069cc16ddc2aef3a5e8
0,DPKI,297,intra-on-chain,true,false,635313.7009167179,644033.2120167121,644130.5378167137,97.32580000162125,0,97.32580000162125,-1,1,1,65,"{""dpkiOnchainAuthenticateTx"":40.767700016498566,""dpkiOnchainCertTransferHttp"":1.795300006866455,""dpkiOnchainRelayHttp"":0,""dpkiCrossRelayHttp"":0,""dpkiOnchainMptProofHttpQuery"":2.8722000122070312,""dpkiOnchainMptProofSignerCertVerify"":10.152499973773956,""dpkiOnchainMptProofResponseVerify"":0.7754999995231628,""dpkiOnchainRootRead"":3.6352999806404114,""dpkiOnchainMptVerify"":0.39819997549057007,""dpkiOnchainOpenSslVerifyCert"":10.692900002002716,""dpkiOnchainAssertionSign"":12.573400020599365,""dpkiOnchainAssertionVerify"":11.345200002193451,""dpkiOnchainAuthSignature"":1.8269000053405762}",1,6668220,0xcd78f89bc1a88797247192c8d5553571b897d0db4546d34a32c34da5d7ff0a21
0,DPKI,298,intra-on-chain,true,false,635759.8371657961,644479.3482657903,644611.6722657912,132.32400000095367,0,132.32400000095367,-1,1,1,65,"{""dpkiOnchainAuthenticateTx"":82.13089996576309,""dpkiOnchainCertTransferHttp"":0.033100008964538574,""dpkiOnchainRelayHttp"":0,""dpkiCrossRelayHttp"":0,""dpkiOnchainMptProofHttpQuery"":3.4491999745368958,""dpkiOnchainMptProofSignerCertVerify"":10.006900012493134,""dpkiOnchainMptProofResponseVerify"":0.536300003528595,""dpkiOnchainRootRead"":1.8914000391960144,""dpkiOnchainMptVerify"":0.3832000494003296,""dpkiOnchainOpenSslVerifyCert"":9.600300014019012,""dpkiOnchainAssertionSign"":12.461699962615967,""dpkiOnchainAssertionVerify"":9.589299976825714,""dpkiOnchainAuthSignature"":1.7616000175476074}",1,6668224,0x674dea89981b285753d8233e41b0dbbb70eed8899e7ea95a2eb35436b91bc8e8
0,DPKI,299,intra-on-chain,true,false,637451.1776907786,646170.6887907728,646296.9935907468,126.30479997396469,0,126.30479997396469,-1,1,1,65,"{""dpkiOnchainAuthenticateTx"":73.07499998807907,""dpkiOnchainCertTransferHttp"":3.749500036239624,""dpkiOnchainRelayHttp"":0,""dpkiCrossRelayHttp"":0,""dpkiOnchainMptProofHttpQuery"":3.1298999786376953,""dpkiOnchainMptProofSignerCertVerify"":9.899799942970276,""dpkiOnchainMptProofResponseVerify"":0.41430002450942993,""dpkiOnchainRootRead"":1.8862000107765198,""dpkiOnchainMptVerify"":0.3867000341415405,""dpkiOnchainOpenSslVerifyCert"":9.627900004386902,""dpkiOnchainAssertionSign"":12.15259999036789,""dpkiOnchainAssertionVerify"":9.53380000591278,""dpkiOnchainAuthSignature"":1.9995999932289124}",1,6668227,0x0ad1dd3dffd815c7856cb865e2fb53e25ce33119fc390bf2f977d19a98caa049
0,PKI,0,intra-pki,false,false,0,45238.726700007915,45290.26669996977,51.53999996185303,0,51.53999996185303,0,0,1,0,"{""pkiCertTransferHttp"":5.360899984836578,""pkiCrossRelayHttp"":0,""pkiOpenSslVerifyLeaf"":10.171199977397919,""pkiLeafOcspHttpQuery"":13.975600004196167,""pkiOpenSslAssertionSign"":12.084100008010864,""pkiOpenSslAssertionVerify"":9.081400036811829}",0,,
0,PKI,1,intra-pki,false,false,3175.523927436306,48414.25062744422,48491.49382744832,77.2432000041008,0,77.2432000041008,0,0,1,0,"{""pkiCertTransferHttp"":31.94150000810623,""pkiCrossRelayHttp"":0,""pkiOpenSslVerifyLeaf"":10.734100043773651,""pkiLeafOcspHttpQuery"":13.293200016021729,""pkiOpenSslAssertionSign"":11.728299975395203,""pkiOpenSslAssertionVerify"":9.093000054359436}",0,,
0,PKI,2,intra-pki,false,false,3483.045894039303,48721.772594047216,48770.8325940496,49.060000002384186,0,49.060000002384186,0,0,1,0,"{""pkiCertTransferHttp"":5.4031999707221985,""pkiCrossRelayHttp"":0,""pkiOpenSslVerifyLeaf"":9.849799990653992,""pkiLeafOcspHttpQuery"":12.33730000257492,""pkiOpenSslAssertionSign"":11.597499966621399,""pkiOpenSslAssertionVerify"":9.408200025558472}",0,,
0,PKI,3,intra-pki,false,false,10367.809106047722,55606.53580605564,55664.59980606613,58.06400001049042,0,58.06400001049042,0,0,1,0,"{""pkiCertTransferHttp"":13.597000002861023,""pkiCrossRelayHttp"":0,""pkiOpenSslVerifyLeaf"":10.119400024414062,""pkiLeafOcspHttpQuery"":12.70440000295639,""pkiOpenSslAssertionSign"":12.06580001115799,""pkiOpenSslAssertionVerify"":9.09009999036789}",0,,
0,PKI,4,intra-pki,false,false,10624.465941025115,55863.192641033034,55922.53154100309,59.33889997005463,0,59.33889997005463,0,0,1,0,"{""pkiCertTransferHttp"":16.57020002603531,""pkiCrossRelayHttp"":0,""pkiOpenSslVerifyLeaf"":9.269300043582916,""pkiLeafOcspHttpQuery"":12.264099955558777,""pkiOpenSslAssertionSign"":11.381500005722046,""pkiOpenSslAssertionVerify"":9.411100029945374}",0,,
0,PKI,5,intra-pki,false,false,11400.173395669986,56638.900095677905,56707.33949569517,68.4394000172615,0,68.4394000172615,0,0,1,0,"{""pkiCertTransferHttp"":19.32860004901886,""pkiCrossRelayHttp"":0,""pkiOpenSslVerifyLeaf"":10.477199971675873,""pkiLeafOcspHttpQuery"":12.419400036334991,""pkiOpenSslAssertionSign"":13.285400032997131,""pkiOpenSslAssertionVerify"":12.371500015258789}",0,,
0,PKI,6,intra-pki,false,false,12074.809244502037,57313.53594450995,57399.632744479626,86.09679996967316,0,86.09679996967316,0,0,1,0,"{""pkiCertTransferHttp"":29.27559995651245,""pkiCrossRelayHttp"":0,""pkiOpenSslVerifyLeaf"":9.606500029563904,""pkiLeafOcspHttpQuery"":25.019900023937225,""pkiOpenSslAssertionSign"":12.039900004863739,""pkiOpenSslAssertionVerify"":9.68479996919632}",0,,
0,PKI,7,intra-pki,false,false,15396.055341354062,60634.78204136198,60678.13334130352,43.351299941539764,0,43.351299941539764,0,0,1,0,"{""pkiCertTransferHttp"":0.11599999666213989,""pkiCrossRelayHttp"":0,""pkiOpenSslVerifyLeaf"":9.862200021743774,""pkiLeafOcspHttpQuery"":12.37040001153946,""pkiOpenSslAssertionSign"":11.81769996881485,""pkiOpenSslAssertionVerify"":8.714200019836426}",0,,
0,PKI,8,intra-pki,false,false,15420.971852893017,60659.69855290093,60745.64524131124,85.94668841030943,18.434788402584672,67.51190000772476,0,0,1,0,"{""pkiCertTransferHttp"":22.81749999523163,""pkiCrossRelayHttp"":0,""pkiOpenSslVerifyLeaf"":9.994299948215485,""pkiLeafOcspHttpQuery"":12.653499960899353,""pkiOpenSslAssertionSign"":11.66949999332428,""pkiOpenSslAssertionVerify"":9.708700001239777}",0,,
0,PKI,9,intra-pki,false,false,23564.300904783464,68803.02760479138,68845.80010482953,42.77250003814697,0,42.77250003814697,0,0,1,0,"{""pkiCertTransferHttp"":1.2044999599456787,""pkiCrossRelayHttp"":0,""pkiOpenSslVerifyLeaf"":9.081000030040741,""pkiLeafOcspHttpQuery"":11.846599996089935,""pkiOpenSslAssertionSign"":11.616600036621094,""pkiOpenSslAssertionVerify"":8.408200025558472}",0,,
0,PKI,10,intra-pki,false,false,23892.653508396816,69131.38020840473,69177.86150840111,46.48129999637604,0,46.48129999637604,0,0,1,0,"{""pkiCertTransferHttp"":3.3080000281333923,""pkiCrossRelayHttp"":0,""pkiOpenSslVerifyLeaf"":9.181599974632263,""pkiLeafOcspHttpQuery"":12.155400037765503,""pkiOpenSslAssertionSign"":12.058000028133392,""pkiOpenSslAssertionVerify"":9.33730000257492}",0,,
0,PKI,11,intra-pki,false,false,24097.737468080544,69336.46416808845,69403.54706813575,67.08290004730225,0,67.08290004730225,0,0,1,0,"{""pkiCertTransferHttp"":20.421500027179718,""pkiCrossRelayHttp"":0,""pkiOpenSslVerifyLeaf"":10.404299974441528,""pkiLeafOcspHttpQuery"":13.019900023937225,""pkiOpenSslAssertionSign"":12.135199964046478,""pkiOpenSslAssertionVerify"":10.639600038528442}",0,,
0,PKI,12,intra-pki,false,false,27214.179289037093,72452.90598904502,72503.74258905064,50.83660000562668,0,50.83660000562668,0,0,1,0,"{""pkiCertTransferHttp"":5.108399987220764,""pkiCrossRelayHttp"":0,""pkiOpenSslVerifyLeaf"":9.354900002479553,""pkiLeafOcspHttpQuery"":12.997200012207031,""pkiOpenSslAssertionSign"":13.496000051498413,""pkiOpenSslAssertionVerify"":9.415499985218048}",0,,
0,PKI,13,intra-pki,false,false,28963.01622753604,74201.74292754396,74259.25242757067,57.50950002670288,0,57.50950002670288,0,0,1,0,"{""pkiCertTransferHttp"":9.969500005245209,""pkiCrossRelayHttp"":0,""pkiOpenSslVerifyLeaf"":11.027400016784668,""pkiLeafOcspHttpQuery"":12.531199991703033,""pkiOpenSslAssertionSign"":12.202600002288818,""pkiOpenSslAssertionVerify"":11.216400027275085}",0,,
0,PKI,14,intra-pki,false,false,29108.028186728643,74346.75488673655,74408.05778675286,61.30290001630783,0,61.30290001630783,0,0,1,0,"{""pkiCertTransferHttp"":17.43290001153946,""pkiCrossRelayHttp"":0,""pkiOpenSslVerifyLeaf"":10.774499952793121,""pkiLeafOcspHttpQuery"":11.944000005722046,""pkiOpenSslAssertionSign"":11.872699975967407,""pkiOpenSslAssertionVerify"":8.81769996881485}",0,,
0,PKI,15,intra-pki,false,false,29475.22629812242,74713.95299813033,74759.29639813186,45.34340000152588,0,45.34340000152588,0,0,1,0,"{""pkiCertTransferHttp"":2.686800003051758,""pkiCrossRelayHttp"":0,""pkiOpenSslVerifyLeaf"":9.125499963760376,""pkiLeafOcspHttpQuery"":12.586899995803833,""pkiOpenSslAssertionSign"":11.559099972248077,""pkiOpenSslAssertionVerify"":8.929700016975403}",0,,
0,PKI,16,intra-pki,false,false,29544.41079478956,74783.13749479747,74842.74379479385,59.60629999637604,0,59.60629999637604,0,0,1,0,"{""pkiCertTransferHttp"":17.345399975776672,""pkiCrossRelayHttp"":0,""pkiOpenSslVerifyLeaf"":9.56879997253418,""pkiLeafOcspHttpQuery"":11.900499999523163,""pkiOpenSslAssertionSign"":11.752799987792969,""pkiOpenSslAssertionVerify"":8.614099979400635}",0,,
0,PKI,17,intra-pki,false,false,31017.346134317868,76256.07283432578,76299.71973432397,43.64689999818802,0,43.64689999818802,0,0,1,0,"{""pkiCertTransferHttp"":2.0727999806404114,""pkiCrossRelayHttp"":0,""pkiOpenSslVerifyLeaf"":8.795799970626831,""pkiLeafOcspHttpQuery"":12.218299984931946,""pkiOpenSslAssertionSign"":11.534099996089935,""pkiOpenSslAssertionVerify"":8.579699993133545}",0,,
0,PKI,18,intra-pki,false,false,33021.641435800884,78260.36813580879,78324.56033581385,64.19220000505447,0,64.19220000505447,0,0,1,0,"{""pkiCertTransferHttp"":7.210500001907349,""pkiCrossRelayHttp"":0,""pkiOpenSslVerifyLeaf"":9.336499989032745,""pkiLeafOcspHttpQuery"":25.180900037288666,""pkiOpenSslAssertionSign"":12.592899978160858,""pkiOpenSslAssertionVerify"":9.453800022602081}",0,,
0,PKI,19,intra-pki,false,false,33760.3037390855,78999.03043909342,79050.9084391144,51.878000020980835,0,51.878000020980835,0,0,1,0,"{""pkiCertTransferHttp"":0.4739999771118164,""pkiCrossRelayHttp"":0,""pkiOpenSslVerifyLeaf"":9.231299996376038,""pkiLeafOcspHttpQuery"":11.98309999704361,""pkiOpenSslAssertionSign"":20.426200032234192,""pkiOpenSslAssertionVerify"":9.25900000333786}",0,,
0,PKI,20,intra-pki,false,false,33891.1397157837,79129.86641579162,79189.3137157489,59.44729995727539,0,59.44729995727539,0,0,1,0,"{""pkiCertTransferHttp"":15.148599982261658,""pkiCrossRelayHttp"":0,""pkiOpenSslVerifyLeaf"":9.445500016212463,""pkiLeafOcspHttpQuery"":12.328000009059906,""pkiOpenSslAssertionSign"":12.014499962329865,""pkiOpenSslAssertionVerify"":10.038300037384033}",0,,
0,PKI,21,intra-pki,false,false,34480.439663562596,79719.16636357052,79794.84366360647,75.67730003595352,0,75.67730003595352,0,0,1,0,"{""pkiCertTransferHttp"":32.81399995088577,""pkiCrossRelayHttp"":0,""pkiOpenSslVerifyLeaf"":9.381599962711334,""pkiLeafOcspHttpQuery"":12.136399984359741,""pkiOpenSslAssertionSign"":12.139299988746643,""pkiOpenSslAssertionVerify"":8.777199983596802}",0,,
0,PKI,22,intra-pki,false,false,39054.15102613378,84292.8777261417,84356.05092615295,63.17320001125336,0,63.17320001125336,0,0,1,0,"{""pkiCertTransferHttp"":19.40530002117157,""pkiCrossRelayHttp"":0,""pkiOpenSslVerifyLeaf"":9.522499978542328,""pkiLeafOcspHttpQuery"":12.465200006961823,""pkiOpenSslAssertionSign"":12.007300019264221,""pkiOpenSslAssertionVerify"":9.356500029563904}",0,,
0,PKI,23,intra-pki,false,false,40271.22281910231,85509.94951911023,85572.51411910108,62.56459999084473,0,62.56459999084473,0,0,1,0,"{""pkiCertTransferHttp"":18.089899957180023,""pkiCrossRelayHttp"":0,""pkiOpenSslVerifyLeaf"":9.814300000667572,""pkiLeafOcspHttpQuery"":12.465399980545044,""pkiOpenSslAssertionSign"":11.527500033378601,""pkiOpenSslAssertionVerify"":10.259299993515015}",0,,
0,PKI,24,intra-pki,false,false,41643.65522995145,86882.38192995937,86930.37682994755,47.99489998817444,0,47.99489998817444,0,0,1,0,"{""pkiCertTransferHttp"":0.147599995136261,""pkiCrossRelayHttp"":0,""pkiOpenSslVerifyLeaf"":10.097699999809265,""pkiLeafOcspHttpQuery"":12.403599977493286,""pkiOpenSslAssertionSign"":14.501299977302551,""pkiOpenSslAssertionVerify"":10.18369996547699}",0,,
0,PKI,25,intra-pki,false,false,42217.65738146625,87456.38408147416,87523.33568148932,66.95160001516342,0,66.95160001516342,0,0,1,0,"{""pkiCertTransferHttp"":15.830199956893921,""pkiCrossRelayHttp"":0,""pkiOpenSslVerifyLeaf"":15.691500008106232,""pkiLeafOcspHttpQuery"":13.431400001049042,""pkiOpenSslAssertionSign"":12.09009999036789,""pkiOpenSslAssertionVerify"":9.48420000076294}",0,,
0,PKI,26,intra-pki,false,false,43075.01697890574,88313.74367891366,88366.36547891909,52.621800005435944,0,52.621800005435944,0,0,1,0,"{""pkiCertTransferHttp"":10.531199991703033,""pkiCrossRelayHttp"":0,""pkiOpenSslVerifyLeaf"":9.4200000166893,""pkiLeafOcspHttpQuery"":11.724500000476837,""pkiOpenSslAssertionSign"":11.54280000925064,""pkiOpenSslAssertionVerify"":9.003399968147278}",0,,
0,PKI,27,intra-pki,false,false,44651.18684027285,89889.91354028077,89935.29234025569,45.378799974918365,0,45.378799974918365,0,0,1,0,"{""pkiCertTransferHttp"":3.074299991130829,""pkiCrossRelayHttp"":0,""pkiOpenSslVerifyLeaf"":9.295499980449677,""pkiLeafOcspHttpQuery"":12.159099996089935,""pkiOpenSslAssertionSign"":11.589499950408936,""pkiOpenSslAssertionVerify"":8.866800010204315}",0,,
0,PKI,28,intra-pki,false,false,45899.95502776092,91138.68172776884,91184.36342776006,45.681699991226196,0,45.681699991226196,0,0,1,0,"{""pkiCertTransferHttp"":3.205900013446808,""pkiCrossRelayHttp"":0,""pkiOpenSslVerifyLeaf"":8.80019998550415,""pkiLeafOcspHttpQuery"":12.001200020313263,""pkiOpenSslAssertionSign"":11.573300004005432,""pkiOpenSslAssertionVerify"":9.6942999958992}",0,,
0,PKI,29,intra-pki,false,false,47511.24701659952,92749.97371660743,92793.14591663156,43.17220002412796,0,43.17220002412796,0,0,1,0,"{""pkiCertTransferHttp"":0.14429998397827148,""pkiCrossRelayHttp"":0,""pkiOpenSslVerifyLeaf"":9.73630005121231,""pkiLeafOcspHttpQuery"":11.865099966526031,""pkiOpenSslAssertionSign"":11.694200038909912,""pkiOpenSslAssertionVerify"":9.358699977397919}",0,,
0,PKI,30,intra-pki,false,false,54797.99133876294,100036.71803877086,100091.76343879433,55.04540002346039,0,55.04540002346039,0,0,1,0,"{""pkiCertTransferHttp"":11.940999984741211,""pkiCrossRelayHttp"":0,""pkiOpenSslVerifyLeaf"":9.137699961662292,""pkiLeafOcspHttpQuery"":12.181900024414062,""pkiOpenSslAssertionSign"":11.941699981689453,""pkiOpenSslAssertionVerify"":9.451799988746643}",0,,
0,PKI,31,intra-pki,false,false,56702.21399597748,101940.9406959854,102032.56519596203,91.62449997663498,0,91.62449997663498,0,0,1,0,"{""pkiCertTransferHttp"":34.814400017261505,""pkiCrossRelayHttp"":0,""pkiOpenSslVerifyLeaf"":10.66619998216629,""pkiLeafOcspHttpQuery"":23.692799985408783,""pkiOpenSslAssertionSign"":12.644200026988983,""pkiOpenSslAssertionVerify"":9.328499972820282}",0,,
0,PKI,32,intra-pki,false,false,58243.81968427704,103482.54638428496,103533.74328423546,51.1968999505043,0,51.1968999505043,0,0,1,0,"{""pkiCertTransferHttp"":4.879499971866608,""pkiCrossRelayHttp"":0,""pkiOpenSslVerifyLeaf"":9.435000002384186,""pkiLeafOcspHttpQuery"":13.12169998884201,""pkiOpenSslAssertionSign"":14.424600005149841,""pkiOpenSslAssertionVerify"":8.877799987792969}",0,,
0,PKI,33,intra-pki,false,false,58568.39740813885,103807.12410814676,103878.1575081459,71.0333999991417,0,71.0333999991417,0,0,1,0,"{""pkiCertTransferHttp"":15.118600010871887,""pkiCrossRelayHttp"":0,""pkiOpenSslVerifyLeaf"":10.177600026130676,""pkiLeafOcspHttpQuery"":24.466600000858307,""pkiOpenSslAssertionSign"":11.987900018692017,""pkiOpenSslAssertionVerify"":8.810699999332428}",0,,
0,PKI,34,intra-pki,false,false,58674.34649370687,103913.07319371478,103963.62339370028,50.55019998550415,0,50.55019998550415,0,0,1,0,"{""pkiCertTransferHttp"":8.75519996881485,""pkiCrossRelayHttp"":0,""pkiOpenSslVerifyLeaf"":9.189400017261505,""pkiLeafOcspHttpQuery"":11.974900007247925,""pkiOpenSslAssertionSign"":11.666099965572357,""pkiOpenSslAssertionVerify"":8.565699994564056}",0,,
0,PKI,35,intra-pki,false,false,60890.9775350034,106129.70423501132,106173.94673501847,44.24250000715256,0,44.24250000715256,0,0,1,0,"{""pkiCertTransferHttp"":0.9937000274658203,""pkiCrossRelayHttp"":0,""pkiOpenSslVerifyLeaf"":9.248700022697449,""pkiLeafOcspHttpQuery"":12.222000002861023,""pkiOpenSslAssertionSign"":11.834500014781952,""pkiOpenSslAssertionVerify"":9.537400007247925}",0,,
0,PKI,36,intra-pki,false,false,62160.324839636254,107399.05153964416,107447.68933962242,48.637799978256226,0,48.637799978256226,0,0,1,0,"{""pkiCertTransferHttp"":5.417999982833862,""pkiCrossRelayHttp"":0,""pkiOpenSslVerifyLeaf"":9.621200025081635,""pkiLeafOcspHttpQuery"":12.65420001745224,""pkiOpenSslAssertionSign"":11.476999998092651,""pkiOpenSslAssertionVerify"":8.966099977493286}",0,,
0,PKI,37,intra-pki,false,false,66669.2676705977,111907.99437060562,111958.54397061077,50.54960000514984,0,50.54960000514984,0,0,1,0,"{""pkiCertTransferHttp"":1.4867000579833984,""pkiCrossRelayHttp"":0,""pkiOpenSslVerifyLeaf"":8.990800023078918,""pkiLeafOcspHttpQuery"":12.139499962329865,""pkiOpenSslAssertionSign"":17.492599964141846,""pkiOpenSslAssertionVerify"":9.973599970340729}",0,,
0,PKI,38,intra-pki,false,false,66769.8678886398,112008.59458864771,112054.84028864943,46.245700001716614,0,46.245700001716614,0,0,1,0,"{""pkiCertTransferHttp"":0.06190001964569092,""pkiCrossRelayHttp"":0,""pkiOpenSslVerifyLeaf"":8.738699972629547,""pkiLeafOcspHttpQuery"":12.4128999710083,""pkiOpenSslAssertionSign"":13.694700002670288,""pkiOpenSslAssertionVerify"":10.955200016498566}",0,,
0,PKI,39,intra-pki,false,false,66837.71104751642,112076.43774752434,112122.50154750164,46.06379997730255,0,46.06379997730255,0,0,1,0,"{""pkiCertTransferHttp"":3.3199999928474426,""pkiCrossRelayHttp"":0,""pkiOpenSslVerifyLeaf"":9.507099986076355,""pkiLeafOcspHttpQuery"":11.97000002861023,""pkiOpenSslAssertionSign"":11.898100018501282,""pkiOpenSslAssertionVerify"":8.905499994754791}",0,,
0,PKI,40,intra-pki,false,false,69719.33716341773,114958.06386342565,115028.27146342317,70.20759999752045,0,70.20759999752045,0,0,1,0,"{""pkiCertTransferHttp"":0.4318000078201294,""pkiCrossRelayHttp"":0,""pkiOpenSslVerifyLeaf"":9.48309999704361,""pkiLeafOcspHttpQuery"":37.442900002002716,""pkiOpenSslAssertionSign"":12.868300020694733,""pkiOpenSslAssertionVerify"":9.5692999958992}",0,,
0,PKI,41,intra-pki,false,false,75104.24574703687,120342.97244704478,120402.7548469972,59.78239995241165,0,59.78239995241165,0,0,1,0,"{""pkiCertTransferHttp"":2.0009000301361084,""pkiCrossRelayHttp"":0,""pkiOpenSslVerifyLeaf"":8.894299983978271,""pkiLeafOcspHttpQuery"":27.400000035762787,""pkiOpenSslAssertionSign"":11.953599989414215,""pkiOpenSslAssertionVerify"":9.15420001745224}",0,,
0,PKI,42,intra-pki,false,false,75408.76097214401,120647.48767215192,120695.27967214763,47.791999995708466,0,47.791999995708466,0,0,1,0,"{""pkiCertTransferHttp"":4.197200000286102,""pkiCrossRelayHttp"":0,""pkiOpenSslVerifyLeaf"":9.227399945259094,""pkiLeafOcspHttpQuery"":12.375599980354309,""pkiOpenSslAssertionSign"":12.470399975776672,""pkiOpenSslAssertionVerify"":9.018700003623962}",0,,
0,PKI,43,intra-pki,false,false,75760.68913912473,120999.41583913265,121062.75103914438,63.335200011730194,0,63.335200011730194,0,0,1,0,"{""pkiCertTransferHttp"":21.050300002098083,""pkiCrossRelayHttp"":0,""pkiOpenSslVerifyLeaf"":9.961399972438812,""pkiLeafOcspHttpQuery"":11.946700036525726,""pkiOpenSslAssertionSign"":11.402899980545044,""pkiOpenSslAssertionVerify"":8.555099964141846}",0,,
0,PKI,44,intra-pki,false,false,76716.39523144317,121955.12193145108,122017.28923143697,62.16729998588562,0,62.16729998588562,0,0,1,0,"{""pkiCertTransferHttp"":19.934100031852722,""pkiCrossRelayHttp"":0,""pkiOpenSslVerifyLeaf"":9.659799993038177,""pkiLeafOcspHttpQuery"":11.644500017166138,""pkiOpenSslAssertionSign"":11.403600037097931,""pkiOpenSslAssertionVerify"":9.13589996099472}",0,,
0,PKI,45,intra-pki,false,false,78489.41879647227,123728.14549648018,123774.45719646664,46.311699986457825,0,46.311699986457825,0,0,1,0,"{""pkiCertTransferHttp"":3.9641000032424927,""pkiCrossRelayHttp"":0,""pkiOpenSslVerifyLeaf"":9.494100034236908,""pkiLeafOcspHttpQuery"":12.130299985408783,""pkiOpenSslAssertionSign"":11.80460000038147,""pkiOpenSslAssertionVerify"":8.531799972057343}",0,,
0,PKI,46,intra-pki,false,false,81314.96461979048,126553.6913197984,126598.79301980631,45.1017000079155,0,45.1017000079155,0,0,1,0,"{""pkiCertTransferHttp"":3.471000015735626,""pkiCrossRelayHttp"":0,""pkiOpenSslVerifyLeaf"":9.1492999792099,""pkiLeafOcspHttpQuery"":11.970099985599518,""pkiOpenSslAssertionSign"":11.2567999958992,""pkiOpenSslAssertionVerify"":8.878100037574768}",0,,
0,PKI,47,intra-pki,false,false,82134.57834909679,127373.3050491047,127439.07044909717,65.76539999246597,0,65.76539999246597,0,0,1,0,"{""pkiCertTransferHttp"":22.004499971866608,""pkiCrossRelayHttp"":0,""pkiOpenSslVerifyLeaf"":9.88320004940033,""pkiLeafOcspHttpQuery"":12.026699960231781,""pkiOpenSslAssertionSign"":12.291999995708466,""pkiOpenSslAssertionVerify"":9.135500013828278}",0,,
0,PKI,48,intra-pki,false,false,82327.17531996556,127565.90201997348,127611.63011997529,45.72810000181198,0,45.72810000181198,0,0,1,0,"{""pkiCertTransferHttp"":4.256199955940247,""pkiCrossRelayHttp"":0,""pkiOpenSslVerifyLeaf"":8.985099971294403,""pkiLeafOcspHttpQuery"":11.763199985027313,""pkiOpenSslAssertionSign"":11.35920000076294,""pkiOpenSslAssertionVerify"":8.934399962425232}",0,,
0,PKI,49,intra-pki,false,false,82770.19704202132,128008.92374202923,128057.62894204573,48.705200016498566,0,48.705200016498566,0,0,1,0,"{""pkiCertTransferHttp"":5.090000033378601,""pkiCrossRelayHttp"":0,""pkiOpenSslVerifyLeaf"":9.16619998216629,""pkiLeafOcspHttpQuery"":12.855799973011017,""pkiOpenSslAssertionSign"":11.918799996376038,""pkiOpenSslAssertionVerify"":9.259900033473969}",0,,
0,PKI,50,intra-pki,false,false,83326.46225753867,128565.18895754659,128629.72465751016,64.53569996356964,0,64.53569996356964,0,0,1,0,"{""pkiCertTransferHttp"":20.876900017261505,""pkiCrossRelayHttp"":0,""pkiOpenSslVerifyLeaf"":9.93309998512268,""pkiLeafOcspHttpQuery"":11.939900040626526,""pkiOpenSslAssertionSign"":11.724799990653992,""pkiOpenSslAssertionVerify"":9.630799949169159}",0,,
0,PKI,51,intra-pki,false,false,84256.07130391974,129494.79800392766,129547.75820393939,52.960200011730194,0,52.960200011730194,0,0,1,0,"{""pkiCertTransferHttp"":4.203099966049194,""pkiCrossRelayHttp"":0,""pkiOpenSslVerifyLeaf"":9.569099962711334,""pkiLeafOcspHttpQuery"":12.17849999666214,""pkiOpenSslAssertionSign"":16.622400045394897,""pkiOpenSslAssertionVerify"":9.880900025367737}",0,,
0,PKI,52,intra-pki,false,false,84702.87139637751,129941.59809638542,129992.1051963715,50.507099986076355,0,50.507099986076355,0,0,1,0,"{""pkiCertTransferHttp"":8.263899981975555,""pkiCrossRelayHttp"":0,""pkiOpenSslVerifyLeaf"":9.105000019073486,""pkiLeafOcspHttpQuery"":11.616299986839294,""pkiOpenSslAssertionSign"":11.848399996757507,""pkiOpenSslAssertionVerify"":9.207499980926514}",0,,
0,PKI,53,intra-pki,false,false,85020.01086841105,130258.73756841896,130322.92876843689,64.19120001792908,0,64.19120001792908,0,0,1,0,"{""pkiCertTransferHttp"":20.051400005817413,""pkiCrossRelayHttp"":0,""pkiOpenSslVerifyLeaf"":9.720200002193451,""pkiLeafOcspHttpQuery"":12.109800040721893,""pkiOpenSslAssertionSign"":12.300899982452393,""pkiOpenSslAssertionVerify"":9.53490000963211}",0,,
0,PKI,54,intra-pki,false,false,87075.30629360235,132314.03299361025,132379.4208936051,65.38789999485016,0,65.38789999485016,0,0,1,0,"{""pkiCertTransferHttp"":17.198499977588654,""pkiCrossRelayHttp"":0,""pkiOpenSslVerifyLeaf"":9.666899979114532,""pkiLeafOcspHttpQuery"":12.876999974250793,""pkiOpenSslAssertionSign"":13.756200015544891,""pkiOpenSslAssertionVerify"":11.202099978923798}",0,,
0,PKI,55,intra-pki,false,false,88414.9894956691,133653.716195677,133715.74859568902,62.032400012016296,0,62.032400012016296,0,0,1,0,"{""pkiCertTransferHttp"":4.7466999888420105,""pkiCrossRelayHttp"":0,""pkiOpenSslVerifyLeaf"":12.574199974536896,""pkiLeafOcspHttpQuery"":15.112600028514862,""pkiOpenSslAssertionSign"":13.635300040245056,""pkiOpenSslAssertionVerify"":15.291100025177002}",0,,
0,PKI,56,intra-pki,false,false,89049.56272359444,134288.28942360234,134334.45552362752,46.166100025177,0,46.166100025177,0,0,1,0,"{""pkiCertTransferHttp"":1.7811999917030334,""pkiCrossRelayHttp"":0,""pkiOpenSslVerifyLeaf"":9.783700048923492,""pkiLeafOcspHttpQuery"":12.132699966430664,""pkiOpenSslAssertionSign"":12.697599947452545,""pkiOpenSslAssertionVerify"":9.217500030994415}",0,,
0,PKI,57,intra-pki,false,false,89440.3369010359,134679.06360104383,134726.1593010694,47.09570002555847,0,47.09570002555847,0,0,1,0,"{""pkiCertTransferHttp"":3.607199966907501,""pkiCrossRelayHttp"":0,""pkiOpenSslVerifyLeaf"":9.109300017356873,""pkiLeafOcspHttpQuery"":12.491199970245361,""pkiOpenSslAssertionSign"":11.788199961185455,""pkiOpenSslAssertionVerify"":9.695600032806396}",0,,
0,PKI,58,intra-pki,false,false,95491.64679558281,140730.37349559073,140785.41119558815,55.03769999742508,0,55.03769999742508,0,0,1,0,"{""pkiCertTransferHttp"":12.251800000667572,""pkiCrossRelayHttp"":0,""pkiOpenSslVerifyLeaf"":9.50189995765686,""pkiLeafOcspHttpQuery"":11.812000036239624,""pkiOpenSslAssertionSign"":12.188400030136108,""pkiOpenSslAssertionVerify"":8.824699997901917}",0,,
0,PKI,59,intra-pki,false,false,97718.74357364612,142957.47027365403,143001.49957368808,44.02930003404617,0,44.02930003404617,0,0,1,0,"{""pkiCertTransferHttp"":0.5465999841690063,""pkiCrossRelayHttp"":0,""pkiOpenSslVerifyLeaf"":9.232299983501434,""pkiLeafOcspHttpQuery"":12.718699991703033,""pkiOpenSslAssertionSign"":11.83840000629425,""pkiOpenSslAssertionVerify"":9.124400019645691}",0,,
0,PKI,60,intra-pki,false,false,98507.4240828337,143746.1507828416,143794.39188285486,48.24110001325607,0,48.24110001325607,0,0,1,0,"{""pkiCertTransferHttp"":4.07260000705719,""pkiCrossRelayHttp"":0,""pkiOpenSslVerifyLeaf"":9.444400012493134,""pkiLeafOcspHttpQuery"":12.355099976062775,""pkiOpenSslAssertionSign"":12.623000025749207,""pkiOpenSslAssertionVerify"":9.263799965381622}",0,,
0,PKI,61,intra-pki,false,false,98698.75036241762,143937.47706242552,143994.01896240463,56.54189997911453,0,56.54189997911453,0,0,1,0,"{""pkiCertTransferHttp"":7.089599967002869,""pkiCrossRelayHttp"":0,""pkiOpenSslVerifyLeaf"":9.64190000295639,""pkiLeafOcspHttpQuery"":14.042599976062775,""pkiOpenSslAssertionSign"":13.330200016498566,""pkiOpenSslAssertionVerify"":11.890100002288818}",0,,
0,PKI,62,intra-pki,false,false,98743.38998916054,143982.11668916844,144054.7572624301,72.64057326165494,11.902273236191832,60.738300025463104,0,0,1,0,"{""pkiCertTransferHttp"":14.644499957561493,""pkiCrossRelayHttp"":0,""pkiOpenSslVerifyLeaf"":10.112399995326996,""pkiLeafOcspHttpQuery"":12.752499997615814,""pkiOpenSslAssertionSign"":12.534200012683868,""pkiOpenSslAssertionVerify"":10.243799984455109}",0,,
0,PKI,63,intra-pki,false,false,100473.11723826792,145711.84393827582,145795.8509383049,84.00700002908707,0,84.00700002908707,0,0,1,0,"{""pkiCertTransferHttp"":28.1942999958992,""pkiCrossRelayHttp"":0,""pkiOpenSslVerifyLeaf"":10.078800022602081,""pkiLeafOcspHttpQuery"":24.611800014972687,""pkiOpenSslAssertionSign"":11.73580002784729,""pkiOpenSslAssertionVerify"":8.993900001049042}",0,,
0,PKI,64,intra-pki,false,false,101168.69148613478,146407.4181861427,146473.65358616377,66.2354000210762,0,66.2354000210762,0,0,1,0,"{""pkiCertTransferHttp"":22.120299994945526,""pkiCrossRelayHttp"":0,""pkiOpenSslVerifyLeaf"":9.313099980354309,""pkiLeafOcspHttpQuery"":12.425300002098083,""pkiOpenSslAssertionSign"":12.246500015258789,""pkiOpenSslAssertionVerify"":9.662400007247925}",0,,
0,PKI,65,intra-pki,false,false,101196.1267497088,146434.8534497167,146516.56938619877,81.71593648205453,38.80013644705468,42.91580003499985,0,0,1,0,"{""pkiCertTransferHttp"":1.3866999745368958,""pkiCrossRelayHttp"":0,""pkiOpenSslVerifyLeaf"":8.740199983119965,""pkiLeafOcspHttpQuery"":12.259899973869324,""pkiOpenSslAssertionSign"":11.879299998283386,""pkiOpenSslAssertionVerify"":8.278300046920776}",0,,
0,PKI,66,intra-pki,false,false,101461.85046739616,146700.57716740406,146778.18166739977,77.60449999570847,0,77.60449999570847,0,0,1,0,"{""pkiCertTransferHttp"":21.821899950504303,""pkiCrossRelayHttp"":0,""pkiOpenSslVerifyLeaf"":9.501999974250793,""pkiLeafOcspHttpQuery"":24.489600002765656,""pkiOpenSslAssertionSign"":12.1389000415802,""pkiOpenSslAssertionVerify"":9.208700001239777}",0,,
0,PKI,67,intra-pki,false,false,102080.90416443715,147319.63086444506,147384.1222644485,64.49140000343323,0,64.49140000343323,0,0,1,0,"{""pkiCertTransferHttp"":21.148600041866302,""pkiCrossRelayHttp"":0,""pkiOpenSslVerifyLeaf"":9.96749997138977,""pkiLeafOcspHttpQuery"":12.034600019454956,""pkiOpenSslAssertionSign"":11.44159996509552,""pkiOpenSslAssertionVerify"":9.510900020599365}",0,,
0,PKI,68,intra-pki,false,false,102204.7007118475,147443.42741185543,147492.29501187918,48.86760002374649,0,48.86760002374649,0,0,1,0,"{""pkiCertTransferHttp"":6.529100000858307,""pkiCrossRelayHttp"":0,""pkiOpenSslVerifyLeaf"":9.106800019741058,""pkiLeafOcspHttpQuery"":12.430500030517578,""pkiOpenSslAssertionSign"":11.53600001335144,""pkiOpenSslAssertionVerify"":8.870200037956238}",0,,
0,PKI,69,intra-pki,false,false,103521.63185302456,148760.35855303248,148806.8270530506,46.46850001811981,0,46.46850001811981,0,0,1,0,"{""pkiCertTransferHttp"":3.1750999689102173,""pkiCrossRelayHttp"":0,""pkiOpenSslVerifyLeaf"":9.819599986076355,""pkiLeafOcspHttpQuery"":12.252499997615814,""pkiOpenSslAssertionSign"":11.807999968528748,""pkiOpenSslAssertionVerify"":8.97350001335144}",0,,
0,PKI,70,intra-pki,false,false,105399.70554289159,150638.4322428995,150686.69384291704,48.26160001754761,0,48.26160001754761,0,0,1,0,"{""pkiCertTransferHttp"":1.628600001335144,""pkiCrossRelayHttp"":0,""pkiOpenSslVerifyLeaf"":13.307000041007996,""pkiLeafOcspHttpQuery"":11.765500009059906,""pkiOpenSslAssertionSign"":11.921299993991852,""pkiOpenSslAssertionVerify"":9.23659998178482}",0,,
0,PKI,71,intra-pki,false,false,108186.48738198196,153425.2140819899,153469.6094820372,44.395400047302246,0,44.395400047302246,0,0,1,0,"{""pkiCertTransferHttp"":2.0633000135421753,""pkiCrossRelayHttp"":0,""pkiOpenSslVerifyLeaf"":8.811900019645691,""pkiLeafOcspHttpQuery"":12.577499985694885,""pkiOpenSslAssertionSign"":11.607199966907501,""pkiOpenSslAssertionVerify"":8.908200025558472}",0,,
0,PKI,72,intra-pki,false,false,109551.95039724077,154790.67709724867,154833.62159721815,42.94449996948242,0,42.94449996948242,0,0,1,0,"{""pkiCertTransferHttp"":0.9643000364303589,""pkiCrossRelayHttp"":0,""pkiOpenSslVerifyLeaf"":8.972500026226044,""pkiLeafOcspHttpQuery"":11.852999985218048,""pkiOpenSslAssertionSign"":11.733300030231476,""pkiOpenSslAssertionVerify"":8.997699975967407}",0,,
0,PKI,73,intra-pki,false,false,117289.63197161589,162528.3586716238,162576.22057159577,47.861899971961975,0,47.861899971961975,0,0,1,0,"{""pkiCertTransferHttp"":5.497600018978119,""pkiCrossRelayHttp"":0,""pkiOpenSslVerifyLeaf"":8.93860000371933,""pkiLeafOcspHttpQuery"":11.716799974441528,""pkiOpenSslAssertionSign"":11.91569995880127,""pkiOpenSslAssertionVerify"":9.303299963474274}",0,,
0,PKI,74,intra-pki,false,false,122310.90571499264,167549.63241500055,167638.0354149977,88.40299999713898,0,88.40299999713898,0,0,1,0,"{""pkiCertTransferHttp"":33.78890001773834,""pkiCrossRelayHttp"":0,""pkiOpenSslVerifyLeaf"":11.521899998188019,""pkiLeafOcspHttpQuery"":17.042500019073486,""pkiOpenSslAssertionSign"":14.363600015640259,""pkiOpenSslAssertionVerify"":11.208999991416931}",0,,
0,PKI,75,intra-pki,false,false,126000.98219985403,171239.70889986196,171288.6388998095,48.92999994754791,0,48.92999994754791,0,0,1,0,"{""pkiCertTransferHttp"":5.342400014400482,""pkiCrossRelayHttp"":0,""pkiOpenSslVerifyLeaf"":9.587799966335297,""pkiLeafOcspHttpQuery"":12.280399978160858,""pkiOpenSslAssertionSign"":11.833899974822998,""pkiOpenSslAssertionVerify"":9.427799999713898}",0,,
0,PKI,76,intra-pki,false,false,126868.28449686407,172107.011196872,172153.8126968944,46.801500022411346,0,46.801500022411346,0,0,1,0,"{""pkiCertTransferHttp"":4.203999996185303,""pkiCrossRelayHttp"":0,""pkiOpenSslVerifyLeaf"":9.296899974346161,""pkiLeafOcspHttpQuery"":11.681900024414062,""pkiOpenSslAssertionSign"":11.47649997472763,""pkiOpenSslAssertionVerify"":9.542999982833862}",0,,
0,PKI,77,intra-pki,false,false,126983.62216002293,172222.34886003085,172284.78776002474,62.438899993896484,0,62.438899993896484,0,0,1,0,"{""pkiCertTransferHttp"":19.333100020885468,""pkiCrossRelayHttp"":0,""pkiOpenSslVerifyLeaf"":8.963800013065338,""pkiLeafOcspHttpQuery"":12.415899991989136,""pkiOpenSslAssertionSign"":11.918200016021729,""pkiOpenSslAssertionVerify"":9.422599971294403}",0,,
0,PKI,78,intra-pki,false,false,129476.40922935511,174715.13592936302,174777.09222938324,61.956300020217896,0,61.956300020217896,0,0,1,0,"{""pkiCertTransferHttp"":18.637600004673004,""pkiCrossRelayHttp"":0,""pkiOpenSslVerifyLeaf"":9.21560001373291,""pkiLeafOcspHttpQuery"":12.426800012588501,""pkiOpenSslAssertionSign"":12.062799990177155,""pkiOpenSslAssertionVerify"":9.198300004005432}",0,,
0,PKI,79,intra-pki,false,false,132108.42229443384,177347.14899444176,177411.48339443994,64.33439999818802,0,64.33439999818802,0,0,1,0,"{""pkiCertTransferHttp"":18.442599952220917,""pkiCrossRelayHttp"":0,""pkiOpenSslVerifyLeaf"":9.76579999923706,""pkiLeafOcspHttpQuery"":13.1317999958992,""pkiOpenSslAssertionSign"":13.034799993038177,""pkiOpenSslAssertionVerify"":9.487500011920929}",0,,
0,PKI,80,intra-pki,false,false,132162.9058736744,177401.63257368232,177465.70789444042,64.07532075810013,9.850820757623296,54.22450000047684,0,0,1,0,"{""pkiCertTransferHttp"":5.187399983406067,""pkiCrossRelayHttp"":0,""pkiOpenSslVerifyLeaf"":10.255599975585938,""pkiLeafOcspHttpQuery"":14.163600027561188,""pkiOpenSslAssertionSign"":13.037600040435791,""pkiOpenSslAssertionVerify"":11.09500002861023}",0,,
0,PKI,81,intra-pki,false,false,133502.18773387853,178740.91443388644,178788.6934338707,47.778999984264374,0,47.778999984264374,0,0,1,0,"{""pkiCertTransferHttp"":3.3800999522209167,""pkiCrossRelayHttp"":0,""pkiOpenSslVerifyLeaf"":9.759900033473969,""pkiLeafOcspHttpQuery"":12.772899985313416,""pkiOpenSslAssertionSign"":11.955900013446808,""pkiOpenSslAssertionVerify"":9.507600009441376}",0,,
0,PKI,82,intra-pki,false,false,136333.8598061985,181572.58650620643,181637.6874062008,65.10089999437332,0,65.10089999437332,0,0,1,0,"{""pkiCertTransferHttp"":22.53329998254776,""pkiCrossRelayHttp"":0,""pkiOpenSslVerifyLeaf"":9.486299991607666,""pkiLeafOcspHttpQuery"":11.78600001335144,""pkiOpenSslAssertionSign"":11.12339997291565,""pkiOpenSslAssertionVerify"":9.776400029659271}",0,,
0,PKI,83,intra-pki,false,false,141404.8778477783,186643.6045477862,186707.25494776914,63.65039998292923,0,63.65039998292923,0,0,1,0,"{""pkiCertTransferHttp"":19.898099958896637,""pkiCrossRelayHttp"":0,""pkiOpenSslVerifyLeaf"":10.373800039291382,""pkiLeafOcspHttpQuery"":12.116299986839294,""pkiOpenSslAssertionSign"":11.428999960422516,""pkiOpenSslAssertionVerify"":9.416999995708466}",0,,
0,PKI,84,intra-pki,false,false,141493.46920123554,186732.19590124345,186778.38870122886,46.19279998540878,0,46.19279998540878,0,0,1,0,"{""pkiCertTransferHttp"":3.0655999779701233,""pkiCrossRelayHttp"":0,""pkiOpenSslVerifyLeaf"":9.101400017738342,""pkiLeafOcspHttpQuery"":12.32719999551773,""pkiOpenSslAssertionSign"":12.22379994392395,""pkiOpenSslAssertionVerify"":9.076399981975555}",0,,
0,PKI,85,intra-pki,false,false,142703.54139544148,187942.2680954494,187990.468995408,48.200899958610535,0,48.200899958610535,0,0,1,0,"{""pkiCertTransferHttp"":4.873099982738495,""pkiCrossRelayHttp"":0,""pkiOpenSslVerifyLeaf"":9.53659999370575,""pkiLeafOcspHttpQuery"":12.802100002765656,""pkiOpenSslAssertionSign"":11.848299980163574,""pkiOpenSslAssertionVerify"":8.711499989032745}",0,,
0,PKI,86,intra-pki,false,false,143996.92626888858,189235.6529688965,189297.30046887504,61.64749997854233,0,61.64749997854233,0,0,1,0,"{""pkiCertTransferHttp"":19.397000014781952,""pkiCrossRelayHttp"":0,""pkiOpenSslVerifyLeaf"":9.237800002098083,""pkiLeafOcspHttpQuery"":11.734600007534027,""pkiOpenSslAssertionSign"":11.80809998512268,""pkiOpenSslAssertionVerify"":9.077999949455261}",0,,
0,PKI,87,intra-pki,false,false,144009.04812948286,189247.77482949078,189346.8310688864,99.0562393956061,49.525639384257374,49.530600011348724,0,0,1,0,"{""pkiCertTransferHttp"":5.895699977874756,""pkiCrossRelayHttp"":0,""pkiOpenSslVerifyLeaf"":9.204800009727478,""pkiLeafOcspHttpQuery"":12.56850004196167,""pkiOpenSslAssertionSign"":11.950800001621246,""pkiOpenSslAssertionVerify"":9.473800003528595}",0,,
0,PKI,88,intra-pki,false,false,144268.36953727852,189507.09623728643,189551.97363726745,44.87739998102188,0,44.87739998102188,0,0,1,0,"{""pkiCertTransferHttp"":1.4172999858856201,""pkiCrossRelayHttp"":0,""pkiOpenSslVerifyLeaf"":9.759299993515015,""pkiLeafOcspHttpQuery"":12.40779995918274,""pkiOpenSslAssertionSign"":11.80460000038147,""pkiOpenSslAssertionVerify"":9.082599997520447}",0,,
0,PKI,89,intra-pki,false,false,145218.81622718222,190457.54292719014,190519.14982716687,61.60689997673035,0,61.60689997673035,0,0,1,0,"{""pkiCertTransferHttp"":16.181699991226196,""pkiCrossRelayHttp"":0,""pkiOpenSslVerifyLeaf"":9.864700019359589,""pkiLeafOcspHttpQuery"":14.091299951076508,""pkiOpenSslAssertionSign"":11.578700006008148,""pkiOpenSslAssertionVerify"":9.47130000591278}",0,,
0,PKI,90,intra-pki,false,false,145307.5503996693,190546.27709967722,190605.69939965833,59.42229998111725,0,59.42229998111725,0,0,1,0,"{""pkiCertTransferHttp"":16.866699993610382,""pkiCrossRelayHttp"":0,""pkiOpenSslVerifyLeaf"":9.379299998283386,""pkiLeafOcspHttpQuery"":12.39630001783371,""pkiOpenSslAssertionSign"":11.578200042247772,""pkiOpenSslAssertionVerify"":8.811599969863892}",0,,
0,PKI,91,intra-pki,false,false,150276.79207554055,195515.51877554847,195578.601275589,63.08250004053116,0,63.08250004053116,0,0,1,0,"{""pkiCertTransferHttp"":20.900099992752075,""pkiCrossRelayHttp"":0,""pkiOpenSslVerifyLeaf"":9.371100008487701,""pkiLeafOcspHttpQuery"":12.183499991893768,""pkiOpenSslAssertionSign"":11.271099984645844,""pkiOpenSslAssertionVerify"":8.971000015735626}",0,,
0,PKI,92,intra-pki,false,false,151041.7769508791,196280.50365088703,196356.27225087406,75.76859998703003,0,75.76859998703003,0,0,1,0,"{""pkiCertTransferHttp"":32.23199999332428,""pkiCrossRelayHttp"":0,""pkiOpenSslVerifyLeaf"":9.719399988651276,""pkiLeafOcspHttpQuery"":12.049299955368042,""pkiOpenSslAssertionSign"":11.88069999217987,""pkiOpenSslAssertionVerify"":9.385399997234344}",0,,
0,PKI,93,intra-pki,false,false,151305.9153143143,196544.64201432222,196595.6900143003,51.04799997806549,0,51.04799997806549,0,0,1,0,"{""pkiCertTransferHttp"":0.1413000226020813,""pkiCrossRelayHttp"":0,""pkiOpenSslVerifyLeaf"":9.794300019741058,""pkiLeafOcspHttpQuery"":14.444100022315979,""pkiOpenSslAssertionSign"":14.31879997253418,""pkiOpenSslAssertionVerify"":11.931900024414062}",0,,
0,PKI,94,intra-pki,false,false,154158.95869627004,199397.68539627796,199457.35029628282,59.66490000486374,0,59.66490000486374,0,0,1,0,"{""pkiCertTransferHttp"":14.352899968624115,""pkiCrossRelayHttp"":0,""pkiOpenSslVerifyLeaf"":9.54639995098114,""pkiLeafOcspHttpQuery"":13.188899993896484,""pkiOpenSslAssertionSign"":13.071600019931793,""pkiOpenSslAssertionVerify"":9.082599997520447}",0,,
0,PKI,95,intra-pki,false,false,155055.2447834145,200293.9714834224,200338.78938342442,44.817900002002716,0,44.817900002002716,0,0,1,0,"{""pkiCertTransferHttp"":2.6104000210762024,""pkiCrossRelayHttp"":0,""pkiOpenSslVerifyLeaf"":8.781899988651276,""pkiLeafOcspHttpQuery"":12.121800005435944,""pkiOpenSslAssertionSign"":11.52700001001358,""pkiOpenSslAssertionVerify"":9.379999995231628}",0,,
0,PKI,96,intra-pki,false,false,159246.84582691913,204485.57252692705,204532.42432695156,46.85180002450943,0,46.85180002450943,0,0,1,0,"{""pkiCertTransferHttp"":3.2003999948501587,""pkiCrossRelayHttp"":0,""pkiOpenSslVerifyLeaf"":9.73549997806549,""pkiLeafOcspHttpQuery"":12.246200025081635,""pkiOpenSslAssertionSign"":11.873999953269958,""pkiOpenSslAssertionVerify"":9.386699974536896}",0,,
0,PKI,97,intra-pki,false,false,162359.86356899253,207598.59026900044,207646.5758689951,47.985599994659424,0,47.985599994659424,0,0,1,0,"{""pkiCertTransferHttp"":5.569000005722046,""pkiCrossRelayHttp"":0,""pkiOpenSslVerifyLeaf"":9.285899996757507,""pkiLeafOcspHttpQuery"":12.245299994945526,""pkiOpenSslAssertionSign"":11.720400035381317,""pkiOpenSslAssertionVerify"":8.710700035095215}",0,,
0,PKI,98,intra-pki,false,false,162544.02874184478,207782.7554418527,207862.2649418198,79.50949996709824,0,79.50949996709824,0,0,1,0,"{""pkiCertTransferHttp"":31.973100006580353,""pkiCrossRelayHttp"":0,""pkiOpenSslVerifyLeaf"":14.32420003414154,""pkiLeafOcspHttpQuery"":12.120700001716614,""pkiOpenSslAssertionSign"":11.36980003118515,""pkiOpenSslAssertionVerify"":9.282700002193451}",0,,
0,PKI,99,intra-pki,false,false,162807.70543679615,208046.43213680407,208097.36463680884,50.93250000476837,0,50.93250000476837,0,0,1,0,"{""pkiCertTransferHttp"":4.626600027084351,""pkiCrossRelayHttp"":0,""pkiOpenSslVerifyLeaf"":9.8507000207901,""pkiLeafOcspHttpQuery"":13.129100024700165,""pkiOpenSslAssertionSign"":13.168400049209595,""pkiOpenSslAssertionVerify"":9.68419998884201}",0,,
0,PKI,100,intra-pki,false,false,165355.73908453275,210594.46578454066,210645.469384542,51.003600001335144,0,51.003600001335144,0,0,1,0,"{""pkiCertTransferHttp"":5.963100016117096,""pkiCrossRelayHttp"":0,""pkiOpenSslVerifyLeaf"":10.301699995994568,""pkiLeafOcspHttpQuery"":12.458899974822998,""pkiOpenSslAssertionSign"":12.726999998092651,""pkiOpenSslAssertionVerify"":9.118000030517578}",0,,
0,PKI,101,intra-pki,false,false,165791.0388725259,211029.76557253383,211095.33587251685,65.5702999830246,0,65.5702999830246,0,0,1,0,"{""pkiCertTransferHttp"":21.612299978733063,""pkiCrossRelayHttp"":0,""pkiOpenSslVerifyLeaf"":9.616100013256073,""pkiLeafOcspHttpQuery"":12.67110002040863,""pkiOpenSslAssertionSign"":12.273999989032745,""pkiOpenSslAssertionVerify"":8.929700016975403}",0,,
0,PKI,102,intra-pki,false,false,168918.88249824976,214157.60919825768,214219.1604983065,61.551300048828125,0,61.551300048828125,0,0,1,0,"{""pkiCertTransferHttp"":17.806199967861176,""pkiCrossRelayHttp"":0,""pkiOpenSslVerifyLeaf"":9.691500008106232,""pkiLeafOcspHttpQuery"":11.883599996566772,""pkiOpenSslAssertionSign"":12.553100049495697,""pkiOpenSslAssertionVerify"":9.176200032234192}",0,,
0,PKI,103,intra-pki,false,false,170491.69760892706,215730.42430893498,215791.63520894366,61.210900008678436,0,61.210900008678436,0,0,1,0,"{""pkiCertTransferHttp"":18.468899965286255,""pkiCrossRelayHttp"":0,""pkiOpenSslVerifyLeaf"":9.803200006484985,""pkiLeafOcspHttpQuery"":11.879300057888031,""pkiOpenSslAssertionSign"":11.344600021839142,""pkiOpenSslAssertionVerify"":9.145799994468689}",0,,
0,PKI,104,intra-pki,false,false,174303.48851491758,219542.2152149255,219586.69181497642,44.47660005092621,0,44.47660005092621,0,0,1,0,"{""pkiCertTransferHttp"":0.5849000215530396,""pkiCrossRelayHttp"":0,""pkiOpenSslVerifyLeaf"":9.29009997844696,""pkiLeafOcspHttpQuery"":12.583899974822998,""pkiOpenSslAssertionSign"":11.982900023460388,""pkiOpenSslAssertionVerify"":9.620199978351593}",0,,
0,PKI,105,intra-pki,false,false,174377.52505114718,219616.2517511551,219669.17345115586,52.92170000076294,0,52.92170000076294,0,0,1,0,"{""pkiCertTransferHttp"":8.714100003242493,""pkiCrossRelayHttp"":0,""pkiOpenSslVerifyLeaf"":9.90389996767044,""pkiLeafOcspHttpQuery"":11.820099949836731,""pkiOpenSslAssertionSign"":12.046000003814697,""pkiOpenSslAssertionVerify"":10.026899993419647}",0,,
0,PKI,106,intra-pki,false,false,174691.60327728908,219930.329977297,219990.84717734973,60.51720005273819,0,60.51720005273819,0,0,1,0,"{""pkiCertTransferHttp"":17.954699993133545,""pkiCrossRelayHttp"":0,""pkiOpenSslVerifyLeaf"":9.23199999332428,""pkiLeafOcspHttpQuery"":11.99210000038147,""pkiOpenSslAssertionSign"":11.700399994850159,""pkiOpenSslAssertionVerify"":9.23719996213913}",0,,
0,PKI,107,intra-pki,false,false,175843.09483181583,221081.82153182375,221148.7571318065,66.9355999827385,0,66.9355999827385,0,0,1,0,"{""pkiCertTransferHttp"":16.390199959278107,""pkiCrossRelayHttp"":0,""pkiOpenSslVerifyLeaf"":15.901899993419647,""pkiLeafOcspHttpQuery"":12.54670000076294,""pkiOpenSslAssertionSign"":12.201000034809113,""pkiOpenSslAssertionVerify"":9.450299978256226}",0,,
0,PKI,108,intra-pki,false,false,177612.3845085224,222851.11120853032,222897.77960851992,46.66839998960495,0,46.66839998960495,0,0,1,0,"{""pkiCertTransferHttp"":3.864400029182434,""pkiCrossRelayHttp"":0,""pkiOpenSslVerifyLeaf"":9.233699977397919,""pkiLeafOcspHttpQuery"":11.762499988079071,""pkiOpenSslAssertionSign"":12.1385999917984,""pkiOpenSslAssertionVerify"":9.285299956798553}",0,,
0,PKI,109,intra-pki,false,false,185593.1767833738,230831.90348338173,230877.11358337686,45.21009999513626,0,45.21009999513626,0,0,1,0,"{""pkiCertTransferHttp"":1.2892999649047852,""pkiCrossRelayHttp"":0,""pkiOpenSslVerifyLeaf"":9.11489999294281,""pkiLeafOcspHttpQuery"":11.741899967193604,""pkiOpenSslAssertionSign"":12.256700038909912,""pkiOpenSslAssertionVerify"":10.430800020694733}",0,,
0,PKI,110,intra-pki,false,false,193978.57162086482,239217.29832087274,239275.21632085557,57.91799998283386,0,57.91799998283386,0,0,1,0,"{""pkiCertTransferHttp"":12.4549999833107,""pkiCrossRelayHttp"":0,""pkiOpenSslVerifyLeaf"":9.72979998588562,""pkiLeafOcspHttpQuery"":12.367000043392181,""pkiOpenSslAssertionSign"":13.854600012302399,""pkiOpenSslAssertionVerify"":9.06989997625351}",0,,
0,PKI,111,intra-pki,false,false,194539.94946174813,239778.67616175604,239826.82316171122,48.14699995517731,0,48.14699995517731,0,0,1,0,"{""pkiCertTransferHttp"":4.845200002193451,""pkiCrossRelayHttp"":0,""pkiOpenSslVerifyLeaf"":9.367999970912933,""pkiLeafOcspHttpQuery"":12.127900004386902,""pkiOpenSslAssertionSign"":12.455099999904633,""pkiOpenSslAssertionVerify"":8.90990000963211}",0,,
0,PKI,112,intra-pki,false,false,195881.66036528608,241120.387065294,241179.32356530687,58.9365000128746,0,58.9365000128746,0,0,1,0,"{""pkiCertTransferHttp"":14.891299962997437,""pkiCrossRelayHttp"":0,""pkiOpenSslVerifyLeaf"":10.351500034332275,""pkiLeafOcspHttpQuery"":12.433899998664856,""pkiOpenSslAssertionSign"":11.776099979877472,""pkiOpenSslAssertionVerify"":9.10259997844696}",0,,
0,PKI,113,intra-pki,false,false,200771.00545237958,246009.7321523875,246071.18355242908,61.4514000415802,0,61.4514000415802,0,0,1,0,"{""pkiCertTransferHttp"":18.428600013256073,""pkiCrossRelayHttp"":0,""pkiOpenSslVerifyLeaf"":9.775099992752075,""pkiLeafOcspHttpQuery"":12.536499977111816,""pkiOpenSslAssertionSign"":11.784600019454956,""pkiOpenSslAssertionVerify"":8.504299998283386}",0,,
0,PKI,114,intra-pki,false,false,203956.2647634162,249194.9914634241,249255.019963385,60.02849996089935,0,60.02849996089935,0,0,1,0,"{""pkiCertTransferHttp"":6.080900013446808,""pkiCrossRelayHttp"":0,""pkiOpenSslVerifyLeaf"":9.371600031852722,""pkiLeafOcspHttpQuery"":23.78609997034073,""pkiOpenSslAssertionSign"":11.594899952411652,""pkiOpenSslAssertionVerify"":8.805099964141846}",0,,
0,PKI,115,intra-pki,false,false,204108.01713325843,249346.74383326634,249392.3014332877,45.557600021362305,0,45.557600021362305,0,0,1,0,"{""pkiCertTransferHttp"":1.5929999947547913,""pkiCrossRelayHttp"":0,""pkiOpenSslVerifyLeaf"":8.723599970340729,""pkiLeafOcspHttpQuery"":13.082400023937225,""pkiOpenSslAssertionSign"":12.209100008010864,""pkiOpenSslAssertionVerify"":9.551599979400635}",0,,
0,PKI,116,intra-pki,false,false,204346.0107245324,249584.7374245403,249632.34462456682,47.607200026512146,0,47.607200026512146,0,0,1,0,"{""pkiCertTransferHttp"":4.561800003051758,""pkiCrossRelayHttp"":0,""pkiOpenSslVerifyLeaf"":9.12389999628067,""pkiLeafOcspHttpQuery"":11.939099967479706,""pkiOpenSslAssertionSign"":12.522200047969818,""pkiOpenSslAssertionVerify"":9.079200029373169}",0,,
0,PKI,117,intra-pki,false,false,205964.64612944712,251203.37282945504,251253.38192947497,50.00910001993179,0,50.00910001993179,0,0,1,0,"{""pkiCertTransferHttp"":7.22790002822876,""pkiCrossRelayHttp"":0,""pkiOpenSslVerifyLeaf"":8.74810004234314,""pkiLeafOcspHttpQuery"":12.858799993991852,""pkiOpenSslAssertionSign"":11.878299951553345,""pkiOpenSslAssertionVerify"":8.837499976158142}",0,,
0,PKI,118,intra-pki,false,false,207635.77714356827,252874.50384357618,252921.63984355377,47.135999977588654,0,47.135999977588654,0,0,1,0,"{""pkiCertTransferHttp"":4.217399954795837,""pkiCrossRelayHttp"":0,""pkiOpenSslVerifyLeaf"":8.767399966716766,""pkiLeafOcspHttpQuery"":12.116200029850006,""pkiOpenSslAssertionSign"":12.212800025939941,""pkiOpenSslAssertionVerify"":9.397500038146973}",0,,
0,PKI,119,intra-pki,false,false,208452.26237112415,253690.98907113206,253735.17817115915,44.18910002708435,0,44.18910002708435,0,0,1,0,"{""pkiCertTransferHttp"":0.47109997272491455,""pkiCrossRelayHttp"":0,""pkiOpenSslVerifyLeaf"":9.442000031471252,""pkiLeafOcspHttpQuery"":12.085500001907349,""pkiOpenSslAssertionSign"":12.156700015068054,""pkiOpenSslAssertionVerify"":9.654100000858307}",0,,
0,PKI,120,intra-pki,false,false,208531.39484389898,253770.1215439069,253819.39514394876,49.2736000418663,0,49.2736000418663,0,0,1,0,"{""pkiCertTransferHttp"":6.5676000118255615,""pkiCrossRelayHttp"":0,""pkiOpenSslVerifyLeaf"":9.99590003490448,""pkiLeafOcspHttpQuery"":11.95550000667572,""pkiOpenSslAssertionSign"":11.25869995355606,""pkiOpenSslAssertionVerify"":8.976100027561188}",0,,
0,PKI,121,intra-pki,false,false,211949.35627755354,257188.08297756145,257248.309277503,60.226299941539764,0,60.226299941539764,0,0,1,0,"{""pkiCertTransferHttp"":16.31470000743866,""pkiCrossRelayHttp"":0,""pkiOpenSslVerifyLeaf"":9.656500041484833,""pkiLeafOcspHttpQuery"":12.28880000114441,""pkiOpenSslAssertionSign"":11.939500033855438,""pkiOpenSslAssertionVerify"":9.575800001621246}",0,,
0,PKI,122,intra-pki,false,false,215666.6316233723,260905.3583233802,260959.81452338383,54.45620000362396,0,54.45620000362396,0,0,1,0,"{""pkiCertTransferHttp"":5.306100010871887,""pkiCrossRelayHttp"":0,""pkiOpenSslVerifyLeaf"":9.449000000953674,""pkiLeafOcspHttpQuery"":13.30919998884201,""pkiOpenSslAssertionSign"":15.237100005149841,""pkiOpenSslAssertionVerify"":10.49920004606247}",0,,
0,PKI,123,intra-pki,false,false,216457.88033237762,261696.60703238554,261748.97663238354,52.369599997997284,0,52.369599997997284,0,0,1,0,"{""pkiCertTransferHttp"":5.214399993419647,""pkiCrossRelayHttp"":0,""pkiOpenSslVerifyLeaf"":9.903400003910065,""pkiLeafOcspHttpQuery"":12.494899988174438,""pkiOpenSslAssertionSign"":12.411499977111816,""pkiOpenSslAssertionVerify"":11.777999997138977}",0,,
0,PKI,124,intra-pki,false,false,217107.64118136815,262346.36788137606,262419.33698137454,72.96909999847412,0,72.96909999847412,0,0,1,0,"{""pkiCertTransferHttp"":21.217199981212616,""pkiCrossRelayHttp"":0,""pkiOpenSslVerifyLeaf"":12.48829996585846,""pkiLeafOcspHttpQuery"":14.858400046825409,""pkiOpenSslAssertionSign"":14.035199999809265,""pkiOpenSslAssertionVerify"":9.939000010490417}",0,,
0,PKI,125,intra-pki,false,false,219252.03853413303,264490.7652341409,264535.11523410515,44.34999996423721,0,44.34999996423721,0,0,1,0,"{""pkiCertTransferHttp"":2.347699999809265,""pkiCrossRelayHttp"":0,""pkiOpenSslVerifyLeaf"":9.134999990463257,""pkiLeafOcspHttpQuery"":12.018699944019318,""pkiOpenSslAssertionSign"":11.62830001115799,""pkiOpenSslAssertionVerify"":8.81170004606247}",0,,
0,PKI,126,intra-pki,false,false,223980.6319806084,269219.3586806163,269290.2252806529,70.8666000366211,0,70.8666000366211,0,0,1,0,"{""pkiCertTransferHttp"":24.045300006866455,""pkiCrossRelayHttp"":0,""pkiOpenSslVerifyLeaf"":10.12279999256134,""pkiLeafOcspHttpQuery"":12.414200007915497,""pkiOpenSslAssertionSign"":11.704100012779236,""pkiOpenSslAssertionVerify"":12.170899987220764}",0,,
0,PKI,127,intra-pki,false,false,224576.70120292096,269815.4279029289,269863.72730296047,48.29940003156662,0,48.29940003156662,0,0,1,0,"{""pkiCertTransferHttp"":5.1561999917030334,""pkiCrossRelayHttp"":0,""pkiOpenSslVerifyLeaf"":9.76579999923706,""pkiLeafOcspHttpQuery"":12.018700003623962,""pkiOpenSslAssertionSign"":11.866699993610382,""pkiOpenSslAssertionVerify"":9.041000008583069}",0,,
0,PKI,128,intra-pki,false,false,224710.94646921396,269949.67316922185,269995.6599692368,45.98680001497269,0,45.98680001497269,0,0,1,0,"{""pkiCertTransferHttp"":3.8338000178337097,""pkiCrossRelayHttp"":0,""pkiOpenSslVerifyLeaf"":9.156499981880188,""pkiLeafOcspHttpQuery"":12.026500046253204,""pkiOpenSslAssertionSign"":11.910899996757507,""pkiOpenSslAssertionVerify"":8.601000010967255}",0,,
0,PKI,129,intra-pki,false,false,228439.51070382772,273678.23740383564,273741.23430385767,62.99690002202988,0,62.99690002202988,0,0,1,0,"{""pkiCertTransferHttp"":15.177000045776367,""pkiCrossRelayHttp"":0,""pkiOpenSslVerifyLeaf"":9.466099977493286,""pkiLeafOcspHttpQuery"":12.787200033664703,""pkiOpenSslAssertionSign"":14.883700013160706,""pkiOpenSslAssertionVerify"":10.200600028038025}",0,,
0,PKI,130,intra-pki,false,false,228478.39439379115,273717.12109379907,273789.87690385757,72.75581005850108,24.11321005859645,48.64259999990463,0,0,1,0,"{""pkiCertTransferHttp"":1.257099986076355,""pkiCrossRelayHttp"":0,""pkiOpenSslVerifyLeaf"":11.658200025558472,""pkiLeafOcspHttpQuery"":13.50789999961853,""pkiOpenSslAssertionSign"":12.148599982261658,""pkiOpenSslAssertionVerify"":9.650799989700317}",0,,
0,PKI,131,intra-pki,false,false,231720.24678713572,276958.97348714364,277008.5556871344,49.58219999074936,0,49.58219999074936,0,0,1,0,"{""pkiCertTransferHttp"":4.042400002479553,""pkiCrossRelayHttp"":0,""pkiOpenSslVerifyLeaf"":10.229300022125244,""pkiLeafOcspHttpQuery"":12.582000017166138,""pkiOpenSslAssertionSign"":13.022199988365173,""pkiOpenSslAssertionVerify"":9.267700016498566}",0,,
0,PKI,132,intra-pki,false,false,234774.63883044894,280013.3655304569,280066.3079304951,52.94240003824234,0,52.94240003824234,0,0,1,0,"{""pkiCertTransferHttp"":8.967199981212616,""pkiCrossRelayHttp"":0,""pkiOpenSslVerifyLeaf"":9.849700033664703,""pkiLeafOcspHttpQuery"":11.976999998092651,""pkiOpenSslAssertionSign"":11.58109998703003,""pkiOpenSslAssertionVerify"":10.096500039100647}",0,,
0,PKI,133,intra-pki,false,false,235558.14826098786,280796.87496099574,280855.59516099794,58.72020000219345,0,58.72020000219345,0,0,1,0,"{""pkiCertTransferHttp"":17.264099955558777,""pkiCrossRelayHttp"":0,""pkiOpenSslVerifyLeaf"":9.15970003604889,""pkiLeafOcspHttpQuery"":11.748700022697449,""pkiOpenSslAssertionSign"":11.560699999332428,""pkiOpenSslAssertionVerify"":8.624599993228912}",0,,
0,PKI,134,intra-pki,false,false,238517.50489878462,283756.23159879254,283803.10789876984,46.87629997730255,0,46.87629997730255,0,0,1,0,"{""pkiCertTransferHttp"":4.072100043296814,""pkiCrossRelayHttp"":0,""pkiOpenSslVerifyLeaf"":9.39869999885559,""pkiLeafOcspHttpQuery"":11.74049997329712,""pkiOpenSslAssertionSign"":11.718400001525879,""pkiOpenSslAssertionVerify"":9.562099993228912}",0,,
0,PKI,135,intra-pki,false,false,245499.17998582116,290737.90668582905,290780.76778584707,42.861100018024445,0,42.861100018024445,0,0,1,0,"{""pkiCertTransferHttp"":0.23329997062683105,""pkiCrossRelayHttp"":0,""pkiOpenSslVerifyLeaf"":9.327700018882751,""pkiLeafOcspHttpQuery"":11.51450002193451,""pkiOpenSslAssertionSign"":11.896200001239777,""pkiOpenSslAssertionVerify"":9.495100021362305}",0,,
0,PKI,136,intra-pki,false,false,246418.3104824455,291657.03718245344,291700.4042824538,43.36710000038147,0,43.36710000038147,0,0,1,0,"{""pkiCertTransferHttp"":1.6292999982833862,""pkiCrossRelayHttp"":0,""pkiOpenSslVerifyLeaf"":8.91949999332428,""pkiLeafOcspHttpQuery"":12.040199995040894,""pkiOpenSslAssertionSign"":11.284400045871735,""pkiOpenSslAssertionVerify"":9.080399990081787}",0,,
0,PKI,137,intra-pki,false,false,246433.12511936057,291671.8518193685,291744.100482467,72.24866309846402,28.552463085303316,43.696200013160706,0,0,1,0,"{""pkiCertTransferHttp"":0.7484999895095825,""pkiCrossRelayHttp"":0,""pkiOpenSslVerifyLeaf"":9.164900004863739,""pkiLeafOcspHttpQuery"":11.908999979496002,""pkiOpenSslAssertionSign"":12.033200025558472,""pkiOpenSslAssertionVerify"":9.441399991512299}",0,,
0,PKI,138,intra-pki,false,false,254334.74727124942,299573.47397125734,299631.8738712765,58.399900019168854,0,58.399900019168854,0,0,1,0,"{""pkiCertTransferHttp"":14.82889997959137,""pkiCrossRelayHttp"":0,""pkiOpenSslVerifyLeaf"":9.777499973773956,""pkiLeafOcspHttpQuery"":12.248499989509583,""pkiOpenSslAssertionSign"":11.836600005626678,""pkiOpenSslAssertionVerify"":9.22709995508194}",0,,
0,PKI,139,intra-pki,false,false,255064.44384525856,300303.1705452665,300365.7505452498,62.5799999833107,0,62.5799999833107,0,0,1,0,"{""pkiCertTransferHttp"":19.28380000591278,""pkiCrossRelayHttp"":0,""pkiOpenSslVerifyLeaf"":9.801699995994568,""pkiLeafOcspHttpQuery"":12.358699977397919,""pkiOpenSslAssertionSign"":11.873400032520294,""pkiOpenSslAssertionVerify"":8.67770004272461}",0,,
0,PKI,140,intra-pki,false,false,256783.227192634,302021.95389264193,302067.346792632,45.39289999008179,0,45.39289999008179,0,0,1,0,"{""pkiCertTransferHttp"":1.6772000193595886,""pkiCrossRelayHttp"":0,""pkiOpenSslVerifyLeaf"":8.980700016021729,""pkiLeafOcspHttpQuery"":12.43259996175766,""pkiOpenSslAssertionSign"":12.736399948596954,""pkiOpenSslAssertionVerify"":9.163100004196167}",0,,
0,PKI,141,intra-pki,false,false,257434.34969549096,302673.0763954989,302719.33929549373,46.26289999485016,0,46.26289999485016,0,0,1,0,"{""pkiCertTransferHttp"":4.48199999332428,""pkiCrossRelayHttp"":0,""pkiOpenSslVerifyLeaf"":9.326000034809113,""pkiLeafOcspHttpQuery"":11.828199982643127,""pkiOpenSslAssertionSign"":11.42849999666214,""pkiOpenSslAssertionVerify"":8.804499983787537}",0,,
0,PKI,142,intra-pki,false,false,257803.0796959183,303041.8063959262,303106.03139589046,64.22499996423721,0,64.22499996423721,0,0,1,0,"{""pkiCertTransferHttp"":20.033900022506714,""pkiCrossRelayHttp"":0,""pkiOpenSslVerifyLeaf"":10.174799978733063,""pkiLeafOcspHttpQuery"":12.069400012493134,""pkiOpenSslAssertionSign"":11.823799967765808,""pkiOpenSslAssertionVerify"":9.705300033092499}",0,,
0,PKI,143,intra-pki,false,false,264872.8568914265,310111.5835914344,310169.977991435,58.394400000572205,0,58.394400000572205,0,0,1,0,"{""pkiCertTransferHttp"":15.08789998292923,""pkiCrossRelayHttp"":0,""pkiOpenSslVerifyLeaf"":9.705299973487854,""pkiLeafOcspHttpQuery"":12.37799996137619,""pkiOpenSslAssertionSign"":11.63069999217987,""pkiOpenSslAssertionVerify"":9.12720000743866}",0,,
0,PKI,144,intra-pki,false,false,269997.2598254111,315235.986525419,315288.3642254498,52.37770003080368,0,52.37770003080368,0,0,1,0,"{""pkiCertTransferHttp"":2.279100000858307,""pkiCrossRelayHttp"":0,""pkiOpenSslVerifyLeaf"":10.866900026798248,""pkiLeafOcspHttpQuery"":14.25959998369217,""pkiOpenSslAssertionSign"":13.173799991607666,""pkiOpenSslAssertionVerify"":11.376900017261505}",0,,
0,PKI,145,intra-pki,false,false,270366.4819502433,315605.2086502512,315651.2593502601,46.05070000886917,0,46.05070000886917,0,0,1,0,"{""pkiCertTransferHttp"":0.24489998817443848,""pkiCrossRelayHttp"":0,""pkiOpenSslVerifyLeaf"":10.954500019550323,""pkiLeafOcspHttpQuery"":13.469299972057343,""pkiOpenSslAssertionSign"":11.485199987888336,""pkiOpenSslAssertionVerify"":9.493399977684021}",0,,
0,PKI,146,intra-pki,false,false,271284.2479213126,316522.9746213205,316570.4347213156,47.46009999513626,0,47.46009999513626,0,0,1,0,"{""pkiCertTransferHttp"":3.2390999794006348,""pkiCrossRelayHttp"":0,""pkiOpenSslVerifyLeaf"":9.414099991321564,""pkiLeafOcspHttpQuery"":12.779400050640106,""pkiOpenSslAssertionSign"":12.413500010967255,""pkiOpenSslAssertionVerify"":9.1003999710083}",0,,
0,PKI,147,intra-pki,false,false,271528.67383686773,316767.40053687565,316816.2814368414,48.88089996576309,0,48.88089996576309,0,0,1,0,"{""pkiCertTransferHttp"":3.908300042152405,""pkiCrossRelayHttp"":0,""pkiOpenSslVerifyLeaf"":10.31470000743866,""pkiLeafOcspHttpQuery"":13.210300028324127,""pkiOpenSslAssertionSign"":11.897499978542328,""pkiOpenSslAssertionVerify"":9.036900043487549}",0,,
0,PKI,148,intra-pki,false,false,276120.7790739761,321359.505773984,321403.29167398077,43.78589999675751,0,43.78589999675751,0,0,1,0,"{""pkiCertTransferHttp"":0.767300009727478,""pkiCrossRelayHttp"":0,""pkiOpenSslVerifyLeaf"":8.636600017547607,""pkiLeafOcspHttpQuery"":12.294200003147125,""pkiOpenSslAssertionSign"":12.509900033473969,""pkiOpenSslAssertionVerify"":9.169800043106079}",0,,
0,PKI,149,intra-pki,false,false,277741.452312657,322980.17901266494,323029.126512715,48.9475000500679,0,48.9475000500679,0,0,1,0,"{""pkiCertTransferHttp"":0.034999966621398926,""pkiCrossRelayHttp"":0,""pkiOpenSslVerifyLeaf"":9.511699974536896,""pkiLeafOcspHttpQuery"":11.845499992370605,""pkiOpenSslAssertionSign"":11.918799996376038,""pkiOpenSslAssertionVerify"":15.217700004577637}",0,,
0,PKI,150,intra-pki,false,false,279576.38158202526,324815.1082820332,324872.4153820312,57.307099997997284,0,57.307099997997284,0,0,1,0,"{""pkiCertTransferHttp"":13.737599968910217,""pkiCrossRelayHttp"":0,""pkiOpenSslVerifyLeaf"":9.542500019073486,""pkiLeafOcspHttpQuery"":11.726700007915497,""pkiOpenSslAssertionSign"":12.257299959659576,""pkiOpenSslAssertionVerify"":9.621100008487701}",0,,
0,PKI,151,intra-pki,false,false,279626.8014325086,324865.52813251654,324918.70628202317,53.17814950662432,6.887249514635187,46.290899991989136,0,0,1,0,"{""pkiCertTransferHttp"":1.2293999791145325,""pkiCrossRelayHttp"":0,""pkiOpenSslVerifyLeaf"":9.034799993038177,""pkiLeafOcspHttpQuery"":13.619799971580505,""pkiOpenSslAssertionSign"":12.672500014305115,""pkiOpenSslAssertionVerify"":9.324000000953674}",0,,
0,PKI,152,intra-pki,false,false,281956.71784720226,327195.4445472102,327245.6141472201,50.16960000991821,0,50.16960000991821,0,0,1,0,"{""pkiCertTransferHttp"":1.555400013923645,""pkiCrossRelayHttp"":0,""pkiOpenSslVerifyLeaf"":9.910799980163574,""pkiLeafOcspHttpQuery"":15.955299973487854,""pkiOpenSslAssertionSign"":12.59630000591278,""pkiOpenSslAssertionVerify"":9.690899968147278}",0,,
0,PKI,153,intra-pki,false,false,283113.24242807337,328351.9691280813,328421.0585280747,69.08939999341965,0,69.08939999341965,0,0,1,0,"{""pkiCertTransferHttp"":4.493900001049042,""pkiCrossRelayHttp"":0,""pkiOpenSslVerifyLeaf"":9.734499990940094,""pkiLeafOcspHttpQuery"":32.629700005054474,""pkiOpenSslAssertionSign"":12.248300015926361,""pkiOpenSslAssertionVerify"":9.564199984073639}",0,,
0,PKI,154,intra-pki,false,false,286464.9489808565,331703.6756808644,331763.74728088436,60.07160001993179,0,60.07160001993179,0,0,1,0,"{""pkiCertTransferHttp"":5.703000009059906,""pkiCrossRelayHttp"":0,""pkiOpenSslVerifyLeaf"":9.668099999427795,""pkiLeafOcspHttpQuery"":22.806500017642975,""pkiOpenSslAssertionSign"":12.597100019454956,""pkiOpenSslAssertionVerify"":8.89740002155304}",0,,
0,PKI,155,intra-pki,false,false,288999.0326490649,334237.7593490728,334315.6926490911,77.93330001831055,0,77.93330001831055,0,0,1,0,"{""pkiCertTransferHttp"":20.664600014686584,""pkiCrossRelayHttp"":0,""pkiOpenSslVerifyLeaf"":9.427500009536743,""pkiLeafOcspHttpQuery"":26.39350003004074,""pkiOpenSslAssertionSign"":11.502099990844727,""pkiOpenSslAssertionVerify"":9.5417999625206}",0,,
0,PKI,156,intra-pki,false,false,292004.957245552,337243.6839455599,337288.67264559213,44.98870003223419,0,44.98870003223419,0,0,1,0,"{""pkiCertTransferHttp"":0.9729999899864197,""pkiCrossRelayHttp"":0,""pkiOpenSslVerifyLeaf"":9.554300010204315,""pkiLeafOcspHttpQuery"":11.909699976444244,""pkiOpenSslAssertionSign"":12.196999967098236,""pkiOpenSslAssertionVerify"":9.894400000572205}",0,,
0,PKI,157,intra-pki,false,false,292287.54111725255,337526.26781726046,337577.6180172579,51.35019999742508,0,51.35019999742508,0,0,1,0,"{""pkiCertTransferHttp"":8.779399991035461,""pkiCrossRelayHttp"":0,""pkiOpenSslVerifyLeaf"":9.703199982643127,""pkiLeafOcspHttpQuery"":12.093500018119812,""pkiOpenSslAssertionSign"":11.379000008106232,""pkiOpenSslAssertionVerify"":9.015699982643127}",0,,
0,PKI,158,intra-pki,false,false,292649.65910719585,337888.38580720377,337936.33020721626,47.94440001249313,0,47.94440001249313,0,0,1,0,"{""pkiCertTransferHttp"":5.041700005531311,""pkiCrossRelayHttp"":0,""pkiOpenSslVerifyLeaf"":8.760000050067902,""pkiLeafOcspHttpQuery"":12.055499970912933,""pkiOpenSslAssertionSign"":12.602400004863739,""pkiOpenSslAssertionVerify"":9.09689998626709}",0,,
0,PKI,159,intra-pki,false,false,293205.04068776383,338443.76738777175,338505.0896877886,61.322300016880035,0,61.322300016880035,0,0,1,0,"{""pkiCertTransferHttp"":17.36030000448227,""pkiCrossRelayHttp"":0,""pkiOpenSslVerifyLeaf"":10.05290001630783,""pkiLeafOcspHttpQuery"":12.448000013828278,""pkiOpenSslAssertionSign"":12.046499967575073,""pkiOpenSslAssertionVerify"":8.982700049877167}",0,,
0,PKI,160,intra-pki,false,false,295098.5698827724,340337.2965827803,340397.6528827767,60.35629999637604,0,60.35629999637604,0,0,1,0,"{""pkiCertTransferHttp"":2.358900010585785,""pkiCrossRelayHttp"":0,""pkiOpenSslVerifyLeaf"":9.375200033187866,""pkiLeafOcspHttpQuery"":26.458900034427643,""pkiOpenSslAssertionSign"":12.149599969387054,""pkiOpenSslAssertionVerify"":9.530600011348724}",0,,
0,PKI,161,intra-pki,false,false,295404.5826365879,340643.3093365958,340688.52763658075,45.218299984931946,0,45.218299984931946,0,0,1,0,"{""pkiCertTransferHttp"":1.0139999985694885,""pkiCrossRelayHttp"":0,""pkiOpenSslVerifyLeaf"":9.00220000743866,""pkiLeafOcspHttpQuery"":11.740199983119965,""pkiOpenSslAssertionSign"":12.844900012016296,""pkiOpenSslAssertionVerify"":10.206499993801117}",0,,
0,PKI,162,intra-pki,false,false,295800.6690397634,341039.3957397713,341122.98743972916,83.5916999578476,0,83.5916999578476,0,0,1,0,"{""pkiCertTransferHttp"":37.214999973773956,""pkiCrossRelayHttp"":0,""pkiOpenSslVerifyLeaf"":9.937799990177155,""pkiLeafOcspHttpQuery"":12.487600028514862,""pkiOpenSslAssertionSign"":12.070100009441376,""pkiOpenSslAssertionVerify"":11.48360002040863}",0,,
0,PKI,163,intra-pki,false,false,296838.9933724946,342077.7200725025,342152.2796724981,74.5595999956131,0,74.5595999956131,0,0,1,0,"{""pkiCertTransferHttp"":30.307699978351593,""pkiCrossRelayHttp"":0,""pkiOpenSslVerifyLeaf"":10.726700007915497,""pkiLeafOcspHttpQuery"":12.134299993515015,""pkiOpenSslAssertionSign"":11.972100019454956,""pkiOpenSslAssertionVerify"":8.998700022697449}",0,,
0,PKI,164,intra-pki,false,false,297097.93686361273,342336.66356362065,342390.6054636355,53.94190001487732,0,53.94190001487732,0,0,1,0,"{""pkiCertTransferHttp"":1.8022000193595886,""pkiCrossRelayHttp"":0,""pkiOpenSslVerifyLeaf"":10.25160002708435,""pkiLeafOcspHttpQuery"":13.946799993515015,""pkiOpenSslAssertionSign"":14.979099988937378,""pkiOpenSslAssertionVerify"":12.405399978160858}",0,,
0,PKI,165,intra-pki,false,false,300864.06666329724,346102.79336330516,346153.30826333386,50.5149000287056,0,50.5149000287056,0,0,1,0,"{""pkiCertTransferHttp"":2.6262999773025513,""pkiCrossRelayHttp"":0,""pkiOpenSslVerifyLeaf"":11.254499971866608,""pkiLeafOcspHttpQuery"":13.69539999961853,""pkiOpenSslAssertionSign"":12.633800029754639,""pkiOpenSslAssertionVerify"":9.891699969768524}",0,,
0,PKI,166,intra-pki,false,false,301393.624548865,346632.35124887293,346696.1504488713,63.799199998378754,0,63.799199998378754,0,0,1,0,"{""pkiCertTransferHttp"":1.8589999675750732,""pkiCrossRelayHttp"":0,""pkiOpenSslVerifyLeaf"":13.898599982261658,""pkiLeafOcspHttpQuery"":25.94359999895096,""pkiOpenSslAssertionSign"":12.268400013446808,""pkiOpenSslAssertionVerify"":9.42409998178482}",0,,
0,PKI,167,intra-pki,false,false,305022.2384283343,350260.9651283422,350312.96572832257,52.00059998035431,0,52.00059998035431,0,0,1,0,"{""pkiCertTransferHttp"":8.11049997806549,""pkiCrossRelayHttp"":0,""pkiOpenSslVerifyLeaf"":9.639400005340576,""pkiLeafOcspHttpQuery"":12.840499997138977,""pkiOpenSslAssertionSign"":12.021999955177307,""pkiOpenSslAssertionVerify"":8.972100019454956}",0,,
0,PKI,168,intra-pki,false,false,305369.392904976,350608.1196049839,350653.2483050018,45.12870001792908,0,45.12870001792908,0,0,1,0,"{""pkiCertTransferHttp"":2.2365999817848206,""pkiCrossRelayHttp"":0,""pkiOpenSslVerifyLeaf"":9.649699985980988,""pkiLeafOcspHttpQuery"":12.257300019264221,""pkiOpenSslAssertionSign"":11.730499982833862,""pkiOpenSslAssertionVerify"":8.83569997549057}",0,,
0,PKI,169,intra-pki,false,false,309687.89042288245,354926.61712289037,354983.92052293004,57.30340003967285,0,57.30340003967285,0,0,1,0,"{""pkiCertTransferHttp"":14.460800051689148,""pkiCrossRelayHttp"":0,""pkiOpenSslVerifyLeaf"":9.559499979019165,""pkiLeafOcspHttpQuery"":11.410400032997131,""pkiOpenSslAssertionSign"":11.750400006771088,""pkiOpenSslAssertionVerify"":9.749100029468536}",0,,
0,PKI,170,intra-pki,false,false,310965.1389431695,356203.8656431774,356249.5930431823,45.72740000486374,0,45.72740000486374,0,0,1,0,"{""pkiCertTransferHttp"":1.5627000331878662,""pkiCrossRelayHttp"":0,""pkiOpenSslVerifyLeaf"":9.26690000295639,""pkiLeafOcspHttpQuery"":12.460200011730194,""pkiOpenSslAssertionSign"":12.700399994850159,""pkiOpenSslAssertionVerify"":9.26469999551773}",0,,
0,PKI,171,intra-pki,false,false,316277.2410891005,361515.9677891084,361563.56638907874,47.59859997034073,0,47.59859997034073,0,0,1,0,"{""pkiCertTransferHttp"":0.1812000274658203,""pkiCrossRelayHttp"":0,""pkiOpenSslVerifyLeaf"":10.20219999551773,""pkiLeafOcspHttpQuery"":12.485599994659424,""pkiOpenSslAssertionSign"":14.46019995212555,""pkiOpenSslAssertionVerify"":9.864199995994568}",0,,
0,PKI,172,intra-pki,false,false,316481.3508039599,361720.0775039678,361770.03450398496,49.95700001716614,0,49.95700001716614,0,0,1,0,"{""pkiCertTransferHttp"":5.25220000743866,""pkiCrossRelayHttp"":0,""pkiOpenSslVerifyLeaf"":10.08050000667572,""pkiLeafOcspHttpQuery"":12.798700034618378,""pkiOpenSslAssertionSign"":12.571300029754639,""pkiOpenSslAssertionVerify"":8.846799969673157}",0,,
0,PKI,173,intra-pki,false,false,317966.76921687444,363205.49591688236,363263.43351689895,57.93760001659393,0,57.93760001659393,0,0,1,0,"{""pkiCertTransferHttp"":14.872999966144562,""pkiCrossRelayHttp"":0,""pkiOpenSslVerifyLeaf"":9.58650004863739,""pkiLeafOcspHttpQuery"":11.983400046825409,""pkiOpenSslAssertionSign"":12.164700031280518,""pkiOpenSslAssertionVerify"":8.910300016403198}",0,,
0,PKI,174,intra-pki,false,false,318313.6005144902,363552.32721449813,363598.0562145301,45.72900003194809,0,45.72900003194809,0,0,1,0,"{""pkiCertTransferHttp"":4.738200008869171,""pkiCrossRelayHttp"":0,""pkiOpenSslVerifyLeaf"":8.643299996852875,""pkiLeafOcspHttpQuery"":12.146200001239777,""pkiOpenSslAssertionSign"":11.337500035762787,""pkiOpenSslAssertionVerify"":8.417599976062775}",0,,
0,PKI,175,intra-pki,false,false,323048.21794172545,368286.94464173337,368348.2021417262,61.25749999284744,0,61.25749999284744,0,0,1,0,"{""pkiCertTransferHttp"":2.9365999698638916,""pkiCrossRelayHttp"":0,""pkiOpenSslVerifyLeaf"":9.65530002117157,""pkiLeafOcspHttpQuery"":26.789699971675873,""pkiOpenSslAssertionSign"":12.555499970912933,""pkiOpenSslAssertionVerify"":8.898400008678436}",0,,
0,PKI,176,intra-pki,false,false,323481.6306696503,368720.3573696582,368765.4307696788,45.073400020599365,0,45.073400020599365,0,0,1,0,"{""pkiCertTransferHttp"":1.934000015258789,""pkiCrossRelayHttp"":0,""pkiOpenSslVerifyLeaf"":8.99040001630783,""pkiLeafOcspHttpQuery"":12.31470000743866,""pkiOpenSslAssertionSign"":11.83219999074936,""pkiOpenSslAssertionVerify"":9.54339998960495}",0,,
0,PKI,177,intra-pki,false,false,324690.87888634304,369929.60558635095,369981.87488633493,52.26929998397827,0,52.26929998397827,0,0,1,0,"{""pkiCertTransferHttp"":8.5067999958992,""pkiCrossRelayHttp"":0,""pkiOpenSslVerifyLeaf"":10.049300014972687,""pkiLeafOcspHttpQuery"":12.552699983119965,""pkiOpenSslAssertionSign"":11.882299959659576,""pkiOpenSslAssertionVerify"":8.789399981498718}",0,,
0,PKI,178,intra-pki,false,false,325665.2203252613,370903.9470252692,370965.7105252444,61.76349997520447,0,61.76349997520447,0,0,1,0,"{""pkiCertTransferHttp"":17.62959998846054,""pkiCrossRelayHttp"":0,""pkiOpenSslVerifyLeaf"":9.675499975681305,""pkiLeafOcspHttpQuery"":12.372900009155273,""pkiOpenSslAssertionSign"":12.041100025177002,""pkiOpenSslAssertionVerify"":9.644800007343292}",0,,
0,PKI,179,intra-pki,false,false,326926.79650597734,372165.52320598526,372212.8619059817,47.338699996471405,0,47.338699996471405,0,0,1,0,"{""pkiCertTransferHttp"":3.2247999906539917,""pkiCrossRelayHttp"":0,""pkiOpenSslVerifyLeaf"":10.576799988746643,""pkiLeafOcspHttpQuery"":12.738200008869171,""pkiOpenSslAssertionSign"":11.75900000333786,""pkiOpenSslAssertionVerify"":8.642100036144257}",0,,
0,PKI,180,intra-pki,false,false,327619.8068568487,372858.5335568566,372909.3085568328,50.77499997615814,0,50.77499997615814,0,0,1,0,"{""pkiCertTransferHttp"":5.701299965381622,""pkiCrossRelayHttp"":0,""pkiOpenSslVerifyLeaf"":9.777700006961823,""pkiLeafOcspHttpQuery"":12.338599979877472,""pkiOpenSslAssertionSign"":12.876800000667572,""pkiOpenSslAssertionVerify"":9.48800003528595}",0,,
0,PKI,181,intra-pki,false,false,328528.46476454387,373767.1914645518,373825.74776453624,58.55629998445511,0,58.55629998445511,0,0,1,0,"{""pkiCertTransferHttp"":14.778400003910065,""pkiCrossRelayHttp"":0,""pkiOpenSslVerifyLeaf"":10.058200001716614,""pkiLeafOcspHttpQuery"":12.138100028038025,""pkiOpenSslAssertionSign"":11.476100027561188,""pkiOpenSslAssertionVerify"":9.697699964046478}",0,,
0,PKI,182,intra-pki,false,false,329602.0236158415,374840.75031584944,374900.4586158439,59.70829999446869,0,59.70829999446869,0,0,1,0,"{""pkiCertTransferHttp"":15.67280000448227,""pkiCrossRelayHttp"":0,""pkiOpenSslVerifyLeaf"":9.718699991703033,""pkiLeafOcspHttpQuery"":12.311299979686737,""pkiOpenSslAssertionSign"":12.161500036716461,""pkiOpenSslAssertionVerify"":9.439899981021881}",0,,
0,PKI,183,intra-pki,false,false,329735.6493951434,374974.3760951513,375023.5495951527,49.17350000143051,0,49.17350000143051,0,0,1,0,"{""pkiCertTransferHttp"":5.869100034236908,""pkiCrossRelayHttp"":0,""pkiOpenSslVerifyLeaf"":9.541299998760223,""pkiLeafOcspHttpQuery"":12.223399996757507,""pkiOpenSslAssertionSign"":11.833999991416931,""pkiOpenSslAssertionVerify"":9.319399952888489}",0,,
0,PKI,184,intra-pki,false,false,334827.9864104981,380066.713110506,380141.18701052613,74.47390002012253,0,74.47390002012253,0,0,1,0,"{""pkiCertTransferHttp"":32.093100011348724,""pkiCrossRelayHttp"":0,""pkiOpenSslVerifyLeaf"":9.660700023174286,""pkiLeafOcspHttpQuery"":11.514599978923798,""pkiOpenSslAssertionSign"":11.311899960041046,""pkiOpenSslAssertionVerify"":9.490000009536743}",0,,
0,PKI,185,intra-pki,false,false,336251.125022745,381489.8517227529,381543.2026227473,53.35089999437332,0,53.35089999437332,0,0,1,0,"{""pkiCertTransferHttp"":5.156700015068054,""pkiCrossRelayHttp"":0,""pkiOpenSslVerifyLeaf"":14.233900010585785,""pkiLeafOcspHttpQuery"":12.177599966526031,""pkiOpenSslAssertionSign"":11.962199985980988,""pkiOpenSslAssertionVerify"":9.435699999332428}",0,,
0,PKI,186,intra-pki,false,false,336758.29735546815,381997.02405547607,382041.8100554894,44.78600001335144,0,44.78600001335144,0,0,1,0,"{""pkiCertTransferHttp"":0.0877000093460083,""pkiCrossRelayHttp"":0,""pkiOpenSslVerifyLeaf"":8.774899959564209,""pkiLeafOcspHttpQuery"":11.811599969863892,""pkiOpenSslAssertionSign"":14.1492999792099,""pkiOpenSslAssertionVerify"":9.406800031661987}",0,,
0,PKI,187,intra-pki,false,false,337803.1771633023,383041.90386331023,383103.8578633064,61.9539999961853,0,61.9539999961853,0,0,1,0,"{""pkiCertTransferHttp"":18.525799989700317,""pkiCrossRelayHttp"":0,""pkiOpenSslVerifyLeaf"":9.877300024032593,""pkiLeafOcspHttpQuery"":11.867700040340424,""pkiOpenSslAssertionSign"":11.913500010967255,""pkiOpenSslAssertionVerify"":9.369000017642975}",0,,
0,PKI,188,intra-pki,false,false,338248.3563855863,383487.08308559423,383532.6811856008,45.59810000658035,0,45.59810000658035,0,0,1,0,"{""pkiCertTransferHttp"":4.164699971675873,""pkiCrossRelayHttp"":0,""pkiOpenSslVerifyLeaf"":8.794200003147125,""pkiLeafOcspHttpQuery"":12.04229998588562,""pkiOpenSslAssertionSign"":11.63369995355606,""pkiOpenSslAssertionVerify"":8.595099985599518}",0,,
0,PKI,189,intra-pki,false,false,339434.07844689215,384672.80514690006,384732.015046862,59.209899961948395,0,59.209899961948395,0,0,1,0,"{""pkiCertTransferHttp"":16.498199999332428,""pkiCrossRelayHttp"":0,""pkiOpenSslVerifyLeaf"":9.221499979496002,""pkiLeafOcspHttpQuery"":11.937699973583221,""pkiOpenSslAssertionSign"":11.699699997901917,""pkiOpenSslAssertionVerify"":9.458100020885468}",0,,
0,PKI,190,intra-pki,false,false,340612.8649070994,385851.5916071073,385913.1177070872,61.52609997987747,0,61.52609997987747,0,0,1,0,"{""pkiCertTransferHttp"":17.55739998817444,""pkiCrossRelayHttp"":0,""pkiOpenSslVerifyLeaf"":9.886099994182587,""pkiLeafOcspHttpQuery"":12.133300006389618,""pkiOpenSslAssertionSign"":12.014099955558777,""pkiOpenSslAssertionVerify"":9.519599974155426}",0,,
0,PKI,191,intra-pki,false,false,345579.0409221801,390817.767622188,390863.54312218755,45.77549999952316,0,45.77549999952316,0,0,1,0,"{""pkiCertTransferHttp"":2.8949000239372253,""pkiCrossRelayHttp"":0,""pkiOpenSslVerifyLeaf"":9.824599981307983,""pkiLeafOcspHttpQuery"":12.287299990653992,""pkiOpenSslAssertionSign"":11.843800008296967,""pkiOpenSslAssertionVerify"":8.443899989128113}",0,,
0,PKI,192,intra-pki,false,false,349055.1383290502,394293.8650290581,394357.0206290695,63.155600011348724,0,63.155600011348724,0,0,1,0,"{""pkiCertTransferHttp"":18.21009999513626,""pkiCrossRelayHttp"":0,""pkiOpenSslVerifyLeaf"":9.979900002479553,""pkiLeafOcspHttpQuery"":13.254299998283386,""pkiOpenSslAssertionSign"":12.461400032043457,""pkiOpenSslAssertionVerify"":8.842599987983704}",0,,
0,PKI,193,intra-pki,false,false,349922.80469699646,395161.5313970044,395211.0307969644,49.499399960041046,0,49.499399960041046,0,0,1,0,"{""pkiCertTransferHttp"":4.925899982452393,""pkiCrossRelayHttp"":0,""pkiOpenSslVerifyLeaf"":9.912800014019012,""pkiLeafOcspHttpQuery"":12.700399994850159,""pkiOpenSslAssertionSign"":12.333500027656555,""pkiOpenSslAssertionVerify"":9.201200008392334}",0,,
0,PKI,194,intra-pki,false,false,350031.18757475994,395269.91427476786,395316.2656747856,46.35140001773834,0,46.35140001773834,0,0,1,0,"{""pkiCertTransferHttp"":2.8288000226020813,""pkiCrossRelayHttp"":0,""pkiOpenSslVerifyLeaf"":8.773899972438812,""pkiLeafOcspHttpQuery"":12.041100025177002,""pkiOpenSslAssertionSign"":12.441000044345856,""pkiOpenSslAssertionVerify"":9.807200014591217}",0,,
0,PKI,195,intra-pki,false,false,350740.86307189165,395979.58977189957,396052.8435718745,73.25379997491837,0,73.25379997491837,0,0,1,0,"{""pkiCertTransferHttp"":28.933599948883057,""pkiCrossRelayHttp"":0,""pkiOpenSslVerifyLeaf"":9.86410003900528,""pkiLeafOcspHttpQuery"":13.244899988174438,""pkiOpenSslAssertionSign"":12.243499994277954,""pkiOpenSslAssertionVerify"":8.497900009155273}",0,,
0,PKI,196,intra-pki,false,false,351362.97568973666,396601.7023897446,396663.4192897952,61.716900050640106,0,61.716900050640106,0,0,1,0,"{""pkiCertTransferHttp"":16.972000002861023,""pkiCrossRelayHttp"":0,""pkiOpenSslVerifyLeaf"":9.720099985599518,""pkiLeafOcspHttpQuery"":12.877799987792969,""pkiOpenSslAssertionSign"":12.61159998178482,""pkiOpenSslAssertionVerify"":9.117200016975403}",0,,
0,PKI,197,intra-pki,false,false,359064.20875415084,404302.93545415875,404363.41625413176,60.48079997301102,0,60.48079997301102,0,0,1,0,"{""pkiCertTransferHttp"":17.192300021648407,""pkiCrossRelayHttp"":0,""pkiOpenSslVerifyLeaf"":9.566000044345856,""pkiLeafOcspHttpQuery"":12.203699946403503,""pkiOpenSslAssertionSign"":11.876399993896484,""pkiOpenSslAssertionVerify"":9.237100005149841}",0,,
0,PKI,198,intra-pki,false,false,359625.718817146,404864.4455171539,404927.51531717315,63.06980001926422,0,63.06980001926422,0,0,1,0,"{""pkiCertTransferHttp"":19.646600008010864,""pkiCrossRelayHttp"":0,""pkiOpenSslVerifyLeaf"":9.61049997806549,""pkiLeafOcspHttpQuery"":12.584100008010864,""pkiOpenSslAssertionSign"":12.13050001859665,""pkiOpenSslAssertionVerify"":8.693200051784515}",0,,
0,PKI,199,intra-pki,false,false,360260.24536130315,405498.97206131107,405561.2979613293,62.32590001821518,0,62.32590001821518,0,0,1,0,"{""pkiCertTransferHttp"":18.71729999780655,""pkiCrossRelayHttp"":0,""pkiOpenSslVerifyLeaf"":9.813499987125397,""pkiLeafOcspHttpQuery"":12.689699947834015,""pkiOpenSslAssertionSign"":11.805500030517578,""pkiOpenSslAssertionVerify"":8.868399977684021}",0,,
0,PKI,200,intra-pki,false,false,360656.3243867696,405895.05108677753,405940.351886803,45.300800025463104,0,45.300800025463104,0,0,1,0,"{""pkiCertTransferHttp"":0.42149996757507324,""pkiCrossRelayHttp"":0,""pkiOpenSslVerifyLeaf"":10.205200016498566,""pkiLeafOcspHttpQuery"":12.503199994564056,""pkiOpenSslAssertionSign"":11.62389999628067,""pkiOpenSslAssertionVerify"":10.140999972820282}",0,,
0,PKI,201,intra-pki,false,false,363424.13437642076,408662.8610764287,408708.6554764054,45.79439997673035,0,45.79439997673035,0,0,1,0,"{""pkiCertTransferHttp"":1.7574999928474426,""pkiCrossRelayHttp"":0,""pkiOpenSslVerifyLeaf"":9.561300039291382,""pkiLeafOcspHttpQuery"":12.396699965000153,""pkiOpenSslAssertionSign"":12.384999990463257,""pkiOpenSslAssertionVerify"":9.293699979782104}",0,,
0,PKI,202,intra-pki,false,false,364332.22315233253,409570.94985234045,409636.95805233024,66.00819998979568,0,66.00819998979568,0,0,1,0,"{""pkiCertTransferHttp"":21.30460000038147,""pkiCrossRelayHttp"":0,""pkiOpenSslVerifyLeaf"":10.284500002861023,""pkiLeafOcspHttpQuery"":12.343600034713745,""pkiOpenSslAssertionSign"":12.282899975776672,""pkiOpenSslAssertionVerify"":9.36379998922348}",0,,
0,PKI,203,intra-pki,false,false,366908.4778996402,412147.20459964813,412193.7811996633,46.57660001516342,0,46.57660001516342,0,0,1,0,"{""pkiCertTransferHttp"":3.510699987411499,""pkiCrossRelayHttp"":0,""pkiOpenSslVerifyLeaf"":9.445500016212463,""pkiLeafOcspHttpQuery"":12.07209998369217,""pkiOpenSslAssertionSign"":11.852199971675873,""pkiOpenSslAssertionVerify"":9.315999984741211}",0,,
0,PKI,204,intra-pki,false,false,368021.6230899738,413260.34978998173,413373.01678997744,112.66699999570847,0,112.66699999570847,0,0,1,0,"{""pkiCertTransferHttp"":0.07849997282028198,""pkiCrossRelayHttp"":0,""pkiOpenSslVerifyLeaf"":9.389400005340576,""pkiLeafOcspHttpQuery"":11.890700042247772,""pkiOpenSslAssertionSign"":12.819900035858154,""pkiOpenSslAssertionVerify"":78.06270003318787}",0,,
0,PKI,205,intra-pki,false,false,373116.4409510385,418355.1676510464,418410.9600510489,55.79240000247955,0,55.79240000247955,0,0,1,0,"{""pkiCertTransferHttp"":13.528400003910065,""pkiCrossRelayHttp"":0,""pkiOpenSslVerifyLeaf"":9.62389999628067,""pkiLeafOcspHttpQuery"":12.04799997806549,""pkiOpenSslAssertionSign"":11.486999988555908,""pkiOpenSslAssertionVerify"":8.713500022888184}",0,,
0,PKI,206,intra-pki,false,false,373429.8013315649,418668.5280315728,418718.2901315541,49.76209998130798,0,49.76209998130798,0,0,1,0,"{""pkiCertTransferHttp"":8.384899973869324,""pkiCrossRelayHttp"":0,""pkiOpenSslVerifyLeaf"":8.833000004291534,""pkiLeafOcspHttpQuery"":11.611999988555908,""pkiOpenSslAssertionSign"":11.468200027942657,""pkiOpenSslAssertionVerify"":9.071600019931793}",0,,
0,PKI,207,intra-pki,false,false,375243.9035574323,420482.6302574402,420541.3039574748,58.67370003461838,0,58.67370003461838,0,0,1,0,"{""pkiCertTransferHttp"":17.244099974632263,""pkiCrossRelayHttp"":0,""pkiOpenSslVerifyLeaf"":9.421199977397919,""pkiLeafOcspHttpQuery"":11.690599977970123,""pkiOpenSslAssertionSign"":11.254299998283386,""pkiOpenSslAssertionVerify"":8.69159996509552}",0,,
0,PKI,208,intra-pki,false,false,378817.5510344447,424056.2777344526,424102.5417344512,46.26399999856949,0,46.26399999856949,0,0,1,0,"{""pkiCertTransferHttp"":4.088699996471405,""pkiCrossRelayHttp"":0,""pkiOpenSslVerifyLeaf"":8.840400040149689,""pkiLeafOcspHttpQuery"":11.687699973583221,""pkiOpenSslAssertionSign"":12.267500042915344,""pkiOpenSslAssertionVerify"":8.950299978256226}",0,,
0,PKI,209,intra-pki,false,false,379735.13871813606,424973.865418144,425022.0606181104,48.195199966430664,0,48.195199966430664,0,0,1,0,"{""pkiCertTransferHttp"":6.67220002412796,""pkiCrossRelayHttp"":0,""pkiOpenSslVerifyLeaf"":9.570200026035309,""pkiLeafOcspHttpQuery"":11.627299964427948,""pkiOpenSslAssertionSign"":11.164200007915497,""pkiOpenSslAssertionVerify"":8.78600001335144}",0,,
0,PKI,210,intra-pki,false,false,384107.69047420536,429346.4171742133,429390.8723742298,44.455200016498566,0,44.455200016498566,0,0,1,0,"{""pkiCertTransferHttp"":1.6013000011444092,""pkiCrossRelayHttp"":0,""pkiOpenSslVerifyLeaf"":9.551599979400635,""pkiLeafOcspHttpQuery"":12.065999984741211,""pkiOpenSslAssertionSign"":11.828999996185303,""pkiOpenSslAssertionVerify"":9.01500004529953}",0,,
0,PKI,211,intra-pki,false,false,385044.27861199697,430283.0053120049,430346.6773119958,63.671999990940094,0,63.671999990940094,0,0,1,0,"{""pkiCertTransferHttp"":21.905799984931946,""pkiCrossRelayHttp"":0,""pkiOpenSslVerifyLeaf"":9.33840000629425,""pkiLeafOcspHttpQuery"":11.67469996213913,""pkiOpenSslAssertionSign"":11.501699984073639,""pkiOpenSslAssertionVerify"":8.858400046825409}",0,,
0,PKI,212,intra-pki,false,false,386135.1892622818,431373.9159622897,431435.8167622794,61.90079998970032,0,61.90079998970032,0,0,1,0,"{""pkiCertTransferHttp"":20.12000000476837,""pkiCrossRelayHttp"":0,""pkiOpenSslVerifyLeaf"":9.36650002002716,""pkiLeafOcspHttpQuery"":11.821000039577484,""pkiOpenSslAssertionSign"":11.253999948501587,""pkiOpenSslAssertionVerify"":8.918699979782104}",0,,
0,PKI,213,intra-pki,false,false,390066.7421159961,435305.468816004,435366.61911597033,61.1502999663353,0,61.1502999663353,0,0,1,0,"{""pkiCertTransferHttp"":19.459499955177307,""pkiCrossRelayHttp"":0,""pkiOpenSslVerifyLeaf"":9.53659999370575,""pkiLeafOcspHttpQuery"":11.837800025939941,""pkiOpenSslAssertionSign"":11.383099973201752,""pkiOpenSslAssertionVerify"":8.532499969005585}",0,,
0,PKI,214,intra-pki,false,false,390853.88596100017,436092.6126610081,436155.12646103307,62.51380002498627,0,62.51380002498627,0,0,1,0,"{""pkiCertTransferHttp"":20.64359998703003,""pkiCrossRelayHttp"":0,""pkiOpenSslVerifyLeaf"":9.290799975395203,""pkiLeafOcspHttpQuery"":11.517100036144257,""pkiOpenSslAssertionSign"":11.417200028896332,""pkiOpenSslAssertionVerify"":9.253199994564056}",0,,
0,PKI,215,intra-pki,false,false,395763.6851918127,441002.4118918206,441051.52829176444,49.11639994382858,0,49.11639994382858,0,0,1,0,"{""pkiCertTransferHttp"":6.739799976348877,""pkiCrossRelayHttp"":0,""pkiOpenSslVerifyLeaf"":9.289200007915497,""pkiLeafOcspHttpQuery"":12.178200006484985,""pkiOpenSslAssertionSign"":11.851899981498718,""pkiOpenSslAssertionVerify"":8.663600027561188}",0,,
0,PKI,216,intra-pki,false,false,396253.91827871994,441492.64497872785,441550.6727786918,58.02779996395111,0,58.02779996395111,0,0,1,0,"{""pkiCertTransferHttp"":16.330399990081787,""pkiCrossRelayHttp"":0,""pkiOpenSslVerifyLeaf"":9.688699960708618,""pkiLeafOcspHttpQuery"":11.459399998188019,""pkiOpenSslAssertionSign"":11.245999991893768,""pkiOpenSslAssertionVerify"":8.921900033950806}",0,,
0,PKI,217,intra-pki,false,false,396878.5432147856,442117.2699147935,442180.26531480503,62.99540001153946,0,62.99540001153946,0,0,1,0,"{""pkiCertTransferHttp"":0.515500009059906,""pkiCrossRelayHttp"":0,""pkiOpenSslVerifyLeaf"":8.850600004196167,""pkiLeafOcspHttpQuery"":31.211900055408478,""pkiOpenSslAssertionSign"":12.575200021266937,""pkiOpenSslAssertionVerify"":9.449400007724762}",0,,
0,PKI,218,intra-pki,false,false,397093.1917745796,442331.9184745875,442374.0897745815,42.17129999399185,0,42.17129999399185,0,0,1,0,"{""pkiCertTransferHttp"":1.133300006389618,""pkiCrossRelayHttp"":0,""pkiOpenSslVerifyLeaf"":8.99559998512268,""pkiLeafOcspHttpQuery"":11.796999990940094,""pkiOpenSslAssertionSign"":11.040499985218048,""pkiOpenSslAssertionVerify"":8.761100053787231}",0,,
0,PKI,219,intra-pki,false,false,399171.4865553691,444410.213255377,444452.38245538017,42.169200003147125,0,42.169200003147125,0,0,1,0,"{""pkiCertTransferHttp"":1.0832000374794006,""pkiCrossRelayHttp"":0,""pkiOpenSslVerifyLeaf"":8.482100009918213,""pkiLeafOcspHttpQuery"":11.281799972057343,""pkiOpenSslAssertionSign"":11.612399995326996,""pkiOpenSslAssertionVerify"":9.34799998998642}",0,,
0,PKI,220,intra-pki,false,false,400891.6819361979,446130.40863620583,446202.3395362431,71.93090003728867,0,71.93090003728867,0,0,1,0,"{""pkiCertTransferHttp"":28.52480000257492,""pkiCrossRelayHttp"":0,""pkiOpenSslVerifyLeaf"":9.996900022029877,""pkiLeafOcspHttpQuery"":12.59419995546341,""pkiOpenSslAssertionSign"":11.812600016593933,""pkiOpenSslAssertionVerify"":8.591899991035461}",0,,
0,PKI,221,intra-pki,false,false,401631.57598378445,446870.30268379237,446929.93188383366,59.6292000412941,0,59.6292000412941,0,0,1,0,"{""pkiCertTransferHttp"":18.17500001192093,""pkiCrossRelayHttp"":0,""pkiOpenSslVerifyLeaf"":9.564799964427948,""pkiLeafOcspHttpQuery"":11.958399951457977,""pkiOpenSslAssertionSign"":11.179200053215027,""pkiOpenSslAssertionVerify"":8.36159998178482}",0,,
0,PKI,222,intra-pki,false,false,403957.48368231195,449196.21038231987,449239.8593823089,43.648999989032745,0,43.648999989032745,0,0,1,0,"{""pkiCertTransferHttp"":2.1403000354766846,""pkiCrossRelayHttp"":0,""pkiOpenSslVerifyLeaf"":8.714600026607513,""pkiLeafOcspHttpQuery"":11.682099997997284,""pkiOpenSslAssertionSign"":11.711600005626678,""pkiOpenSslAssertionVerify"":9.021099984645844}",0,,
0,PKI,223,intra-pki,false,false,405247.03412130906,450485.760821317,450537.5363213165,51.77549999952316,0,51.77549999952316,0,0,1,0,"{""pkiCertTransferHttp"":5.491299986839294,""pkiCrossRelayHttp"":0,""pkiOpenSslVerifyLeaf"":8.92220002412796,""pkiLeafOcspHttpQuery"":11.56520003080368,""pkiOpenSslAssertionSign"":15.880899965763092,""pkiOpenSslAssertionVerify"":9.49889999628067}",0,,
0,PKI,224,intra-pki,false,false,407495.71731916844,452734.44401917636,452777.0994191545,42.65539997816086,0,42.65539997816086,0,0,1,0,"{""pkiCertTransferHttp"":0.3604999780654907,""pkiCrossRelayHttp"":0,""pkiOpenSslVerifyLeaf"":9.660700023174286,""pkiLeafOcspHttpQuery"":12.044799983501434,""pkiOpenSslAssertionSign"":11.493799984455109,""pkiOpenSslAssertionVerify"":8.701799988746643}",0,,
0,PKI,225,intra-pki,false,false,409256.99604277743,454495.72274278535,454538.57994281186,42.857200026512146,0,42.857200026512146,0,0,1,0,"{""pkiCertTransferHttp"":1.1057000160217285,""pkiCrossRelayHttp"":0,""pkiOpenSslVerifyLeaf"":8.64709997177124,""pkiLeafOcspHttpQuery"":11.767799973487854,""pkiOpenSslAssertionSign"":12.079899966716766,""pkiOpenSslAssertionVerify"":8.81439995765686}",0,,
0,PKI,226,intra-pki,false,false,409922.67193156,455161.3986315679,455202.62353157514,41.224900007247925,0,41.224900007247925,0,0,1,0,"{""pkiCertTransferHttp"":0.8022000193595886,""pkiCrossRelayHttp"":0,""pkiOpenSslVerifyLeaf"":8.614300012588501,""pkiLeafOcspHttpQuery"":11.289200007915497,""pkiOpenSslAssertionSign"":11.354499995708466,""pkiOpenSslAssertionVerify"":8.780999958515167}",0,,
0,PKI,227,intra-pki,false,false,413840.074436338,459078.8011363459,459126.73643633845,47.93529999256134,0,47.93529999256134,0,0,1,0,"{""pkiCertTransferHttp"":4.803799986839294,""pkiCrossRelayHttp"":0,""pkiOpenSslVerifyLeaf"":9.343100011348724,""pkiLeafOcspHttpQuery"":11.979900002479553,""pkiOpenSslAssertionSign"":12.030499994754791,""pkiOpenSslAssertionVerify"":9.40389996767044}",0,,
0,PKI,228,intra-pki,false,false,413899.7291459137,459138.4558459216,459207.140745967,68.6849000453949,0,68.6849000453949,0,0,1,0,"{""pkiCertTransferHttp"":0.43140000104904175,""pkiCrossRelayHttp"":0,""pkiOpenSslVerifyLeaf"":8.497599959373474,""pkiLeafOcspHttpQuery"":38.21299999952316,""pkiOpenSslAssertionSign"":12.102299988269806,""pkiOpenSslAssertionVerify"":9.044300019741058}",0,,
0,PKI,229,intra-pki,false,false,414434.1895619766,459672.9162619845,459716.3210619823,43.40479999780655,0,43.40479999780655,0,0,1,0,"{""pkiCertTransferHttp"":1.7473999857902527,""pkiCrossRelayHttp"":0,""pkiOpenSslVerifyLeaf"":8.819100022315979,""pkiLeafOcspHttpQuery"":12.08899998664856,""pkiOpenSslAssertionSign"":11.495000004768372,""pkiOpenSslAssertionVerify"":8.865399956703186}",0,,
0,PKI,230,intra-pki,false,false,415062.6863441843,460301.4130441922,460346.3273441571,44.914299964904785,0,44.914299964904785,0,0,1,0,"{""pkiCertTransferHttp"":2.052500009536743,""pkiCrossRelayHttp"":0,""pkiOpenSslVerifyLeaf"":8.906599998474121,""pkiLeafOcspHttpQuery"":12.089200019836426,""pkiOpenSslAssertionSign"":12.394400000572205,""pkiOpenSslAssertionVerify"":9.080300033092499}",0,,
0,PKI,231,intra-pki,false,false,417405.35527549026,462644.0819754982,462688.8642754936,44.78229999542236,0,44.78229999542236,0,0,1,0,"{""pkiCertTransferHttp"":3.33160001039505,""pkiCrossRelayHttp"":0,""pkiOpenSslVerifyLeaf"":8.937900006771088,""pkiLeafOcspHttpQuery"":11.2917999625206,""pkiOpenSslAssertionSign"":11.689500033855438,""pkiOpenSslAssertionVerify"":9.11329996585846}",0,,
0,PKI,232,intra-pki,false,false,420448.44228042284,465687.16898043075,465741.7461804263,54.57719999551773,0,54.57719999551773,0,0,1,0,"{""pkiCertTransferHttp"":13.242699980735779,""pkiCrossRelayHttp"":0,""pkiOpenSslVerifyLeaf"":9.050899982452393,""pkiLeafOcspHttpQuery"":11.491299986839294,""pkiOpenSslAssertionSign"":11.427100002765656,""pkiOpenSslAssertionVerify"":8.989199995994568}",0,,
0,PKI,233,intra-pki,false,false,423749.6988936557,468988.4255936636,469041.27379368676,52.848200023174286,0,52.848200023174286,0,0,1,0,"{""pkiCertTransferHttp"":8.896100044250488,""pkiCrossRelayHttp"":0,""pkiOpenSslVerifyLeaf"":10.47759997844696,""pkiLeafOcspHttpQuery"":12.534999966621399,""pkiOpenSslAssertionSign"":11.8192999958992,""pkiOpenSslAssertionVerify"":8.698500037193298}",0,,
0,PKI,234,intra-pki,false,false,424802.84543454705,470041.57213455497,470098.07233452855,56.50019997358322,0,56.50019997358322,0,0,1,0,"{""pkiCertTransferHttp"":14.481100022792816,""pkiCrossRelayHttp"":0,""pkiOpenSslVerifyLeaf"":9.496399998664856,""pkiLeafOcspHttpQuery"":11.572799980640411,""pkiOpenSslAssertionSign"":11.943100035190582,""pkiOpenSslAssertionVerify"":8.62449997663498}",0,,
0,PKI,235,intra-pki,false,false,425120.96195496095,470359.68865496886,470422.678754995,62.990100026130676,0,62.990100026130676,0,0,1,0,"{""pkiCertTransferHttp"":19.53990000486374,""pkiCrossRelayHttp"":0,""pkiOpenSslVerifyLeaf"":9.800000011920929,""pkiLeafOcspHttpQuery"":12.353299975395203,""pkiOpenSslAssertionSign"":11.542699992656708,""pkiOpenSslAssertionVerify"":9.311599969863892}",0,,
0,PKI,236,intra-pki,false,false,425839.8144803932,471078.5411804011,471140.45348039176,61.91229999065399,0,61.91229999065399,0,0,1,0,"{""pkiCertTransferHttp"":18.34639996290207,""pkiCrossRelayHttp"":0,""pkiOpenSslVerifyLeaf"":9.46560001373291,""pkiLeafOcspHttpQuery"":12.21450001001358,""pkiOpenSslAssertionSign"":12.312699973583221,""pkiOpenSslAssertionVerify"":9.160100042819977}",0,,
0,PKI,237,intra-pki,false,false,426112.44611578475,471351.17281579267,471395.54671578895,44.37389999628067,0,44.37389999628067,0,0,1,0,"{""pkiCertTransferHttp"":0.2715999484062195,""pkiCrossRelayHttp"":0,""pkiOpenSslVerifyLeaf"":9.378499984741211,""pkiLeafOcspHttpQuery"":12.172299981117249,""pkiOpenSslAssertionSign"":12.358700037002563,""pkiOpenSslAssertionVerify"":9.756500005722046}",0,,
0,PKI,238,intra-pki,false,false,427173.02031434927,472411.7470143572,472476.3735143677,64.62650001049042,0,64.62650001049042,0,0,1,0,"{""pkiCertTransferHttp"":18.508899986743927,""pkiCrossRelayHttp"":0,""pkiOpenSslVerifyLeaf"":10.533900022506714,""pkiLeafOcspHttpQuery"":13.146600008010864,""pkiOpenSslAssertionSign"":12.492399990558624,""pkiOpenSslAssertionVerify"":9.510699987411499}",0,,
0,PKI,239,intra-pki,false,false,427610.3385335468,472849.0652335547,472910.38493355736,61.31970000267029,0,61.31970000267029,0,0,1,0,"{""pkiCertTransferHttp"":15.49540001153946,""pkiCrossRelayHttp"":0,""pkiOpenSslVerifyLeaf"":10.03030002117157,""pkiLeafOcspHttpQuery"":13.273099958896637,""pkiOpenSslAssertionSign"":12.525300025939941,""pkiOpenSslAssertionVerify"":9.593699991703033}",0,,
0,PKI,240,intra-pki,false,false,428161.46004722646,473400.1867472344,473470.0300472789,69.84330004453659,0,69.84330004453659,0,0,1,0,"{""pkiCertTransferHttp"":14.956200003623962,""pkiCrossRelayHttp"":0,""pkiOpenSslVerifyLeaf"":12.711100041866302,""pkiLeafOcspHttpQuery"":14.506300032138824,""pkiOpenSslAssertionSign"":13.39410001039505,""pkiOpenSslAssertionVerify"":13.865599989891052}",0,,
0,PKI,241,intra-pki,false,false,429092.0349987071,474330.76169871504,474401.03609871084,70.27439999580383,0,70.27439999580383,0,0,1,0,"{""pkiCertTransferHttp"":21.111299991607666,""pkiCrossRelayHttp"":0,""pkiOpenSslVerifyLeaf"":11.573499977588654,""pkiLeafOcspHttpQuery"":14.401300013065338,""pkiOpenSslAssertionSign"":12.648499965667725,""pkiOpenSslAssertionVerify"":10.102400004863739}",0,,
0,PKI,242,intra-pki,false,false,429948.2188642182,475186.94556422613,475250.47946424864,63.533900022506714,0,63.533900022506714,0,0,1,0,"{""pkiCertTransferHttp"":4.177500009536743,""pkiCrossRelayHttp"":0,""pkiOpenSslVerifyLeaf"":10.095600008964539,""pkiLeafOcspHttpQuery"":26.388000011444092,""pkiOpenSslAssertionSign"":12.92929995059967,""pkiOpenSslAssertionVerify"":9.452800035476685}",0,,
0,PKI,243,intra-pki,false,false,431452.1864869268,476690.9131869347,476760.9081869395,69.99500000476837,0,69.99500000476837,0,0,1,0,"{""pkiCertTransferHttp"":23.680500030517578,""pkiCrossRelayHttp"":0,""pkiOpenSslVerifyLeaf"":9.963299989700317,""pkiLeafOcspHttpQuery"":12.574599981307983,""pkiOpenSslAssertionSign"":13.340999960899353,""pkiOpenSslAssertionVerify"":9.975099980831146}",0,,
0,PKI,244,intra-pki,false,false,433155.8397796258,478394.56647963374,478445.42077959626,50.8542999625206,0,50.8542999625206,0,0,1,0,"{""pkiCertTransferHttp"":5.4819000363349915,""pkiCrossRelayHttp"":0,""pkiOpenSslVerifyLeaf"":10.4685999751091,""pkiLeafOcspHttpQuery"":12.795899987220764,""pkiOpenSslAssertionSign"":12.279900014400482,""pkiOpenSslAssertionVerify"":9.399999976158142}",0,,
0,PKI,245,intra-pki,false,false,434300.63939508697,479539.3660950949,479594.9853951027,55.61930000782013,0,55.61930000782013,0,0,1,0,"{""pkiCertTransferHttp"":10.690600037574768,""pkiCrossRelayHttp"":0,""pkiOpenSslVerifyLeaf"":9.456799983978271,""pkiLeafOcspHttpQuery"":12.857800006866455,""pkiOpenSslAssertionSign"":12.416599988937378,""pkiOpenSslAssertionVerify"":9.757300019264221}",0,,
0,PKI,246,intra-pki,false,false,438803.63007314655,484042.35677315446,484104.7474731371,62.39069998264313,0,62.39069998264313,0,0,1,0,"{""pkiCertTransferHttp"":15.71340000629425,""pkiCrossRelayHttp"":0,""pkiOpenSslVerifyLeaf"":10.151199996471405,""pkiLeafOcspHttpQuery"":13.104200005531311,""pkiOpenSslAssertionSign"":13.315100014209747,""pkiOpenSslAssertionVerify"":9.654100000858307}",0,,
0,PKI,247,intra-pki,false,false,440634.9723088956,485873.6990089035,485921.78690888645,48.08789998292923,0,48.08789998292923,0,0,1,0,"{""pkiCertTransferHttp"":0.7467999458312988,""pkiCrossRelayHttp"":0,""pkiOpenSslVerifyLeaf"":10.541800022125244,""pkiLeafOcspHttpQuery"":13.495899975299835,""pkiOpenSslAssertionSign"":12.56139999628067,""pkiOpenSslAssertionVerify"":10.297399997711182}",0,,
0,PKI,248,intra-pki,false,false,440680.36326556705,485919.08996557497,485996.5700088954,77.48004332045093,2.696943311486393,74.78310000896454,0,0,1,0,"{""pkiCertTransferHttp"":28.464399993419647,""pkiCrossRelayHttp"":0,""pkiOpenSslVerifyLeaf"":11.340900003910065,""pkiLeafOcspHttpQuery"":12.827399969100952,""pkiOpenSslAssertionSign"":12.349200010299683,""pkiOpenSslAssertionVerify"":9.399500012397766}",0,,
0,PKI,249,intra-pki,false,false,442453.96162968635,487692.68832969427,487740.63562971115,47.947300016880035,0,47.947300016880035,0,0,1,0,"{""pkiCertTransferHttp"":3.991699993610382,""pkiCrossRelayHttp"":0,""pkiOpenSslVerifyLeaf"":9.29799997806549,""pkiLeafOcspHttpQuery"":12.674499988555908,""pkiOpenSslAssertionSign"":12.193300008773804,""pkiOpenSslAssertionVerify"":9.350099980831146}",0,,
0,PKI,250,intra-pki,false,false,450288.5156004675,495527.2423004754,495578.78000047285,51.53769999742508,0,51.53769999742508,0,0,1,0,"{""pkiCertTransferHttp"":5.812699973583221,""pkiCrossRelayHttp"":0,""pkiOpenSslVerifyLeaf"":10.874800026416779,""pkiLeafOcspHttpQuery"":13.020400047302246,""pkiOpenSslAssertionSign"":12.1003999710083,""pkiOpenSslAssertionVerify"":9.291000008583069}",0,,
0,PKI,251,intra-pki,false,false,450371.93496011675,495610.66166012466,495670.3687600988,59.707099974155426,0,59.707099974155426,0,0,1,0,"{""pkiCertTransferHttp"":10.551999986171722,""pkiCrossRelayHttp"":0,""pkiOpenSslVerifyLeaf"":9.899399995803833,""pkiLeafOcspHttpQuery"":12.237599968910217,""pkiOpenSslAssertionSign"":14.972900032997131,""pkiOpenSslAssertionVerify"":11.428399980068207}",0,,
0,PKI,252,intra-pki,false,false,451950.64860129746,497189.3753013054,497268.88530129584,79.50999999046326,0,79.50999999046326,0,0,1,0,"{""pkiCertTransferHttp"":24.300599992275238,""pkiCrossRelayHttp"":0,""pkiOpenSslVerifyLeaf"":12.964800000190735,""pkiLeafOcspHttpQuery"":17.905699968338013,""pkiOpenSslAssertionSign"":13.69240003824234,""pkiOpenSslAssertionVerify"":10.2049999833107}",0,,
0,PKI,253,intra-pki,false,false,453424.983512406,498663.7102124139,498744.74111241545,81.03090000152588,0,81.03090000152588,0,0,1,0,"{""pkiCertTransferHttp"":10.770399987697601,""pkiCrossRelayHttp"":0,""pkiOpenSslVerifyLeaf"":10.513199985027313,""pkiLeafOcspHttpQuery"":37.154699981212616,""pkiOpenSslAssertionSign"":13.029600024223328,""pkiOpenSslAssertionVerify"":9.161300003528595}",0,,
0,PKI,254,intra-pki,false,false,453645.49615544645,498884.22285545437,498930.89135546057,46.66850000619888,0,46.66850000619888,0,0,1,0,"{""pkiCertTransferHttp"":2.3348000049591064,""pkiCrossRelayHttp"":0,""pkiOpenSslVerifyLeaf"":9.646000027656555,""pkiLeafOcspHttpQuery"":12.695200026035309,""pkiOpenSslAssertionSign"":12.127399981021881,""pkiOpenSslAssertionVerify"":9.458600044250488}",0,,
0,PKI,255,intra-pki,false,false,455111.0541991044,500349.7808991123,500395.1081991244,45.327300012111664,0,45.327300012111664,0,0,1,0,"{""pkiCertTransferHttp"":3.0103999972343445,""pkiCrossRelayHttp"":0,""pkiOpenSslVerifyLeaf"":9.80950003862381,""pkiLeafOcspHttpQuery"":12.104499995708466,""pkiOpenSslAssertionSign"":11.12389999628067,""pkiOpenSslAssertionVerify"":8.828700006008148}",0,,
0,PKI,256,intra-pki,false,false,460707.0048562589,505945.73155626684,506026.1627562347,80.43119996786118,0,80.43119996786118,0,0,1,0,"{""pkiCertTransferHttp"":35.31520003080368,""pkiCrossRelayHttp"":0,""pkiOpenSslVerifyLeaf"":9.481000006198883,""pkiLeafOcspHttpQuery"":12.396399974822998,""pkiOpenSslAssertionSign"":12.424799978733063,""pkiOpenSslAssertionVerify"":10.391200006008148}",0,,
0,PKI,257,intra-pki,false,false,462168.3819845803,507407.1086845882,507452.77548461035,45.666800022125244,0,45.666800022125244,0,0,1,0,"{""pkiCertTransferHttp"":0.4347999691963196,""pkiCrossRelayHttp"":0,""pkiOpenSslVerifyLeaf"":9.444999992847443,""pkiLeafOcspHttpQuery"":12.168200016021729,""pkiOpenSslAssertionSign"":13.593400001525879,""pkiOpenSslAssertionVerify"":9.60970002412796}",0,,
0,PKI,258,intra-pki,false,false,464498.46155234304,509737.18825235096,509788.0774523231,50.88919997215271,0,50.88919997215271,0,0,1,0,"{""pkiCertTransferHttp"":5.2360000014305115,""pkiCrossRelayHttp"":0,""pkiOpenSslVerifyLeaf"":9.863099992275238,""pkiLeafOcspHttpQuery"":12.692499995231628,""pkiOpenSslAssertionSign"":12.756600022315979,""pkiOpenSslAssertionVerify"":9.9375}",0,,
0,PKI,259,intra-pki,false,false,464754.0629622887,509992.7896622966,510044.5748622964,51.785199999809265,0,51.785199999809265,0,0,1,0,"{""pkiCertTransferHttp"":0.6507999897003174,""pkiCrossRelayHttp"":0,""pkiOpenSslVerifyLeaf"":9.430500030517578,""pkiLeafOcspHttpQuery"":12.821099996566772,""pkiOpenSslAssertionSign"":12.110599994659424,""pkiOpenSslAssertionVerify"":16.377299964427948}",0,,
0,PKI,260,intra-pki,false,false,465872.0474362999,511110.7741363078,511163.93543631135,53.161300003528595,0,53.161300003528595,0,0,1,0,"{""pkiCertTransferHttp"":8.457599997520447,""pkiCrossRelayHttp"":0,""pkiOpenSslVerifyLeaf"":10.87959998846054,""pkiLeafOcspHttpQuery"":12.306299984455109,""pkiOpenSslAssertionSign"":11.469900012016296,""pkiOpenSslAssertionVerify"":9.610599994659424}",0,,
0,PKI,261,intra-pki,false,false,467048.530801229,512287.2575012369,512348.889501266,61.63200002908707,0,61.63200002908707,0,0,1,0,"{""pkiCertTransferHttp"":18.145900011062622,""pkiCrossRelayHttp"":0,""pkiOpenSslVerifyLeaf"":9.900099992752075,""pkiLeafOcspHttpQuery"":12.023000001907349,""pkiOpenSslAssertionSign"":11.998000025749207,""pkiOpenSslAssertionVerify"":9.156999945640564}",0,,
0,PKI,262,intra-pki,false,false,467276.75615967915,512515.48285968706,512575.18805964396,59.70519995689392,0,59.70519995689392,0,0,1,0,"{""pkiCertTransferHttp"":17.446100056171417,""pkiCrossRelayHttp"":0,""pkiOpenSslVerifyLeaf"":9.156499981880188,""pkiLeafOcspHttpQuery"":12.38969999551773,""pkiOpenSslAssertionSign"":11.800899982452393,""pkiOpenSslAssertionVerify"":8.48030000925064}",0,,
0,PKI,263,intra-pki,false,false,467329.55903604714,512568.28573605506,512654.1985596578,85.9128236027318,6.902323588903528,79.01050001382828,0,0,1,0,"{""pkiCertTransferHttp"":35.51890003681183,""pkiCrossRelayHttp"":0,""pkiOpenSslVerifyLeaf"":10.307700037956238,""pkiLeafOcspHttpQuery"":12.132499992847443,""pkiOpenSslAssertionSign"":11.917599976062775,""pkiOpenSslAssertionVerify"":8.712199985980988}",0,,
0,PKI,264,intra-pki,false,false,467527.4571010861,512766.183801094,512811.6680010948,45.48420000076294,0,45.48420000076294,0,0,1,0,"{""pkiCertTransferHttp"":3.6010000109672546,""pkiCrossRelayHttp"":0,""pkiOpenSslVerifyLeaf"":9.043199956417084,""pkiLeafOcspHttpQuery"":12.167200028896332,""pkiOpenSslAssertionSign"":11.592399954795837,""pkiOpenSslAssertionVerify"":8.660399973392487}",0,,
0,PKI,265,intra-pki,false,false,470512.63882081496,515751.3655208229,515800.4507208346,49.085200011730194,0,49.085200011730194,0,0,1,0,"{""pkiCertTransferHttp"":5.915700018405914,""pkiCrossRelayHttp"":0,""pkiOpenSslVerifyLeaf"":9.54260003566742,""pkiLeafOcspHttpQuery"":12.509399950504303,""pkiOpenSslAssertionSign"":11.64190000295639,""pkiOpenSslAssertionVerify"":9.057799994945526}",0,,
0,PKI,266,intra-pki,false,false,471534.73718311446,516773.4638831224,516833.69788308995,60.23399996757507,0,60.23399996757507,0,0,1,0,"{""pkiCertTransferHttp"":17.26800000667572,""pkiCrossRelayHttp"":0,""pkiOpenSslVerifyLeaf"":9.252799987792969,""pkiLeafOcspHttpQuery"":12.189000010490417,""pkiOpenSslAssertionSign"":11.90939998626709,""pkiOpenSslAssertionVerify"":9.212599992752075}",0,,
0,PKI,267,intra-pki,false,false,474601.04007358185,519839.76677358977,519902.14767355553,62.38089996576309,0,62.38089996576309,0,0,1,0,"{""pkiCertTransferHttp"":19.714400053024292,""pkiCrossRelayHttp"":0,""pkiOpenSslVerifyLeaf"":9.572399973869324,""pkiLeafOcspHttpQuery"":11.81989997625351,""pkiOpenSslAssertionSign"":11.527099967002869,""pkiOpenSslAssertionVerify"":9.387199997901917}",0,,
0,PKI,268,intra-pki,false,false,481953.6625382737,527192.3892382816,527241.1686382727,48.77939999103546,0,48.77939999103546,0,0,1,0,"{""pkiCertTransferHttp"":7.367800056934357,""pkiCrossRelayHttp"":0,""pkiOpenSslVerifyLeaf"":9.412800014019012,""pkiLeafOcspHttpQuery"":11.960000038146973,""pkiOpenSslAssertionSign"":11.066600024700165,""pkiOpenSslAssertionVerify"":8.62389999628067}",0,,
0,PKI,269,intra-pki,false,false,482194.5302135798,527433.2569135877,527494.0660136195,60.80910003185272,0,60.80910003185272,0,0,1,0,"{""pkiCertTransferHttp"":18.425599992275238,""pkiCrossRelayHttp"":0,""pkiOpenSslVerifyLeaf"":9.472799956798553,""pkiLeafOcspHttpQuery"":11.709399998188019,""pkiOpenSslAssertionSign"":11.849999964237213,""pkiOpenSslAssertionVerify"":8.741100013256073}",0,,
0,PKI,270,intra-pki,false,false,485707.4884173158,530946.2151173237,531009.6396173122,63.42449998855591,0,63.42449998855591,0,0,1,0,"{""pkiCertTransferHttp"":20.82920002937317,""pkiCrossRelayHttp"":0,""pkiOpenSslVerifyLeaf"":9.466099977493286,""pkiLeafOcspHttpQuery"":12.316799998283386,""pkiOpenSslAssertionSign"":11.481800019741058,""pkiOpenSslAssertionVerify"":8.947200000286102}",0,,
0,PKI,271,intra-pki,false,false,485887.0452052987,531125.7719053066,531189.5709053314,63.79900002479553,0,63.79900002479553,0,0,1,0,"{""pkiCertTransferHttp"":19.895500004291534,""pkiCrossRelayHttp"":0,""pkiOpenSslVerifyLeaf"":9.528199970722198,""pkiLeafOcspHttpQuery"":12.789899945259094,""pkiOpenSslAssertionSign"":11.959199965000153,""pkiOpenSslAssertionVerify"":9.242299973964691}",0,,
0,PKI,272,intra-pki,false,false,489306.5756214742,534545.3023214821,534606.6792214994,61.376900017261505,0,61.376900017261505,0,0,1,0,"{""pkiCertTransferHttp"":18.811299979686737,""pkiCrossRelayHttp"":0,""pkiOpenSslVerifyLeaf"":9.248300015926361,""pkiLeafOcspHttpQuery"":11.856899976730347,""pkiOpenSslAssertionSign"":11.895500004291534,""pkiOpenSslAssertionVerify"":9.083400011062622}",0,,
0,PKI,273,intra-pki,false,false,490482.027234847,535720.7539348549,535767.1696348137,46.41569995880127,0,46.41569995880127,0,0,1,0,"{""pkiCertTransferHttp"":5.072000026702881,""pkiCrossRelayHttp"":0,""pkiOpenSslVerifyLeaf"":9.296999990940094,""pkiLeafOcspHttpQuery"":11.921199977397919,""pkiOpenSslAssertionSign"":11.069100022315979,""pkiOpenSslAssertionVerify"":8.66480004787445}",0,,
0,PKI,274,intra-pki,false,false,492004.6161684651,537243.342868473,537286.5375684757,43.19470000267029,0,43.19470000267029,0,0,1,0,"{""pkiCertTransferHttp"":1.6261000037193298,""pkiCrossRelayHttp"":0,""pkiOpenSslVerifyLeaf"":8.77920001745224,""pkiLeafOcspHttpQuery"":11.927799999713898,""pkiOpenSslAssertionSign"":11.627800047397614,""pkiOpenSslAssertionVerify"":8.84610003232956}",0,,
0,PKI,275,intra-pki,false,false,492800.79972573253,538039.5264257404,538109.3488257739,69.82240003347397,0,69.82240003347397,0,0,1,0,"{""pkiCertTransferHttp"":26.96129995584488,""pkiCrossRelayHttp"":0,""pkiOpenSslVerifyLeaf"":9.763799965381622,""pkiLeafOcspHttpQuery"":12.009900033473969,""pkiOpenSslAssertionSign"":11.65990000963211,""pkiOpenSslAssertionVerify"":9.054800033569336}",0,,
0,PKI,276,intra-pki,false,false,495884.87212324236,541123.5988232503,541182.430923284,58.83210003376007,0,58.83210003376007,0,0,1,0,"{""pkiCertTransferHttp"":16.193900048732758,""pkiCrossRelayHttp"":0,""pkiOpenSslVerifyLeaf"":9.733100056648254,""pkiLeafOcspHttpQuery"":12.002300024032593,""pkiOpenSslAssertionSign"":11.290300011634827,""pkiOpenSslAssertionVerify"":9.18639999628067}",0,,
0,PKI,277,intra-pki,false,false,496458.2887532373,541697.0154532453,541772.6792532464,75.66380000114441,0,75.66380000114441,0,0,1,0,"{""pkiCertTransferHttp"":19.584700047969818,""pkiCrossRelayHttp"":0,""pkiOpenSslVerifyLeaf"":9.27209997177124,""pkiLeafOcspHttpQuery"":25.437299966812134,""pkiOpenSslAssertionSign"":11.703200042247772,""pkiOpenSslAssertionVerify"":9.297299981117249}",0,,
0,PKI,278,intra-pki,false,false,499057.62845934153,544296.3551593495,544344.1674593759,47.81230002641678,0,47.81230002641678,0,0,1,0,"{""pkiCertTransferHttp"":6.321399986743927,""pkiCrossRelayHttp"":0,""pkiOpenSslVerifyLeaf"":9.011399984359741,""pkiLeafOcspHttpQuery"":11.652499973773956,""pkiOpenSslAssertionSign"":11.391299962997437,""pkiOpenSslAssertionVerify"":9.064800024032593}",0,,
0,PKI,279,intra-pki,false,false,500435.47711560567,545674.2038156136,545735.7899155959,61.58609998226166,0,61.58609998226166,0,0,1,0,"{""pkiCertTransferHttp"":20.487999975681305,""pkiCrossRelayHttp"":0,""pkiOpenSslVerifyLeaf"":9.420400023460388,""pkiLeafOcspHttpQuery"":11.618300020694733,""pkiOpenSslAssertionSign"":11.375299990177155,""pkiOpenSslAssertionVerify"":8.319599986076355}",0,,
0,PKI,280,intra-pki,false,false,502437.24325224006,547675.969952248,547721.9480522498,45.97810000181198,0,45.97810000181198,0,0,1,0,"{""pkiCertTransferHttp"":3.827400028705597,""pkiCrossRelayHttp"":0,""pkiOpenSslVerifyLeaf"":8.812700033187866,""pkiLeafOcspHttpQuery"":11.620000004768372,""pkiOpenSslAssertionSign"":11.839800000190735,""pkiOpenSslAssertionVerify"":9.45660001039505}",0,,
0,PKI,281,intra-pki,false,false,504309.8551564261,549548.581856434,549595.9347564622,47.35290002822876,0,47.35290002822876,0,0,1,0,"{""pkiCertTransferHttp"":6.253599941730499,""pkiCrossRelayHttp"":0,""pkiOpenSslVerifyLeaf"":9.1942999958992,""pkiLeafOcspHttpQuery"":11.457000017166138,""pkiOpenSslAssertionSign"":11.451200008392334,""pkiOpenSslAssertionVerify"":8.609399974346161}",0,,
0,PKI,282,intra-pki,false,false,507005.34960549814,552244.076305506,552284.9288054679,40.85249996185303,0,40.85249996185303,0,0,1,0,"{""pkiCertTransferHttp"":0.23260003328323364,""pkiCrossRelayHttp"":0,""pkiOpenSslVerifyLeaf"":8.471200048923492,""pkiLeafOcspHttpQuery"":11.497099995613098,""pkiOpenSslAssertionSign"":11.651600003242493,""pkiOpenSslAssertionVerify"":8.66569995880127}",0,,
0,PKI,283,intra-pki,false,false,510167.2502802088,555405.9769802168,555459.8760802224,53.89910000562668,0,53.89910000562668,0,0,1,0,"{""pkiCertTransferHttp"":10.447700023651123,""pkiCrossRelayHttp"":0,""pkiOpenSslVerifyLeaf"":9.260599970817566,""pkiLeafOcspHttpQuery"":12.410799980163574,""pkiOpenSslAssertionSign"":12.107599973678589,""pkiOpenSslAssertionVerify"":9.291299998760223}",0,,
0,PKI,284,intra-pki,false,false,510308.59013501595,555547.3168350239,555589.199635007,41.8827999830246,0,41.8827999830246,0,0,1,0,"{""pkiCertTransferHttp"":0.8201000094413757,""pkiCrossRelayHttp"":0,""pkiOpenSslVerifyLeaf"":9.151199996471405,""pkiLeafOcspHttpQuery"":11.496700048446655,""pkiOpenSslAssertionSign"":11.277700006961823,""pkiOpenSslAssertionVerify"":8.765700042247772}",0,,
0,PKI,285,intra-pki,false,false,510923.325785498,556162.0524855059,556207.7372854751,45.68479996919632,0,45.68479996919632,0,0,1,0,"{""pkiCertTransferHttp"":1.8723000288009644,""pkiCrossRelayHttp"":0,""pkiOpenSslVerifyLeaf"":8.754000008106232,""pkiLeafOcspHttpQuery"":12.537499964237213,""pkiOpenSslAssertionSign"":12.615000009536743,""pkiOpenSslAssertionVerify"":9.458500027656555}",0,,
0,PKI,286,intra-pki,false,false,511774.23928600125,557012.9659860092,557064.8490859824,51.88309997320175,0,51.88309997320175,0,0,1,0,"{""pkiCertTransferHttp"":8.558299958705902,""pkiCrossRelayHttp"":0,""pkiOpenSslVerifyLeaf"":9.459200024604797,""pkiLeafOcspHttpQuery"":12.103899955749512,""pkiOpenSslAssertionSign"":12.034999966621399,""pkiOpenSslAssertionVerify"":9.19760000705719}",0,,
0,PKI,287,intra-pki,false,false,512042.49657608115,557281.2232760891,557326.1099760636,44.886699974536896,0,44.886699974536896,0,0,1,0,"{""pkiCertTransferHttp"":1.5889999866485596,""pkiCrossRelayHttp"":0,""pkiOpenSslVerifyLeaf"":9.129700005054474,""pkiLeafOcspHttpQuery"":12.438300013542175,""pkiOpenSslAssertionSign"":11.78470003604889,""pkiOpenSslAssertionVerify"":9.552000045776367}",0,,
0,PKI,288,intra-pki,false,false,514501.7798881388,559740.5065881468,559786.5675881363,46.06099998950958,0,46.06099998950958,0,0,1,0,"{""pkiCertTransferHttp"":1.4051000475883484,""pkiCrossRelayHttp"":0,""pkiOpenSslVerifyLeaf"":9.843699991703033,""pkiLeafOcspHttpQuery"":13.340599954128265,""pkiOpenSslAssertionSign"":12.155499994754791,""pkiOpenSslAssertionVerify"":8.914200007915497}",0,,
0,PKI,289,intra-pki,false,false,516778.16933063354,562016.8960306414,562084.1997306116,67.30369997024536,0,67.30369997024536,0,0,1,0,"{""pkiCertTransferHttp"":22.85079997777939,""pkiCrossRelayHttp"":0,""pkiOpenSslVerifyLeaf"":9.49210000038147,""pkiLeafOcspHttpQuery"":11.917900025844574,""pkiOpenSslAssertionSign"":12.42299997806549,""pkiOpenSslAssertionVerify"":10.195100009441376}",0,,
0,PKI,290,intra-pki,false,false,518027.93361167377,563266.6603116817,563339.9382116622,73.27789998054504,0,73.27789998054504,0,0,1,0,"{""pkiCertTransferHttp"":29.618000030517578,""pkiCrossRelayHttp"":0,""pkiOpenSslVerifyLeaf"":9.63969999551773,""pkiLeafOcspHttpQuery"":12.229200005531311,""pkiOpenSslAssertionSign"":12.226700007915497,""pkiOpenSslAssertionVerify"":9.150099992752075}",0,,
0,PKI,291,intra-pki,false,false,528135.8834963193,573374.6101963272,573437.738096272,63.12789994478226,0,63.12789994478226,0,0,1,0,"{""pkiCertTransferHttp"":19.138300001621246,""pkiCrossRelayHttp"":0,""pkiOpenSslVerifyLeaf"":9.665700018405914,""pkiLeafOcspHttpQuery"":12.434000015258789,""pkiOpenSslAssertionSign"":12.274200022220612,""pkiOpenSslAssertionVerify"":9.209699988365173}",0,,
0,PKI,292,intra-pki,false,false,531426.6826012942,576665.4093013022,576710.8861013267,45.47680002450943,0,45.47680002450943,0,0,1,0,"{""pkiCertTransferHttp"":1.4569000005722046,""pkiCrossRelayHttp"":0,""pkiOpenSslVerifyLeaf"":9.423399984836578,""pkiLeafOcspHttpQuery"":12.649699985980988,""pkiOpenSslAssertionSign"":12.275600016117096,""pkiOpenSslAssertionVerify"":9.26690000295639}",0,,
0,PKI,293,intra-pki,false,false,534128.5748800321,579367.30158004,579411.1913800521,43.889800012111664,0,43.889800012111664,0,0,1,0,"{""pkiCertTransferHttp"":0.9979000091552734,""pkiCrossRelayHttp"":0,""pkiOpenSslVerifyLeaf"":9.516600012779236,""pkiLeafOcspHttpQuery"":12.0450000166893,""pkiOpenSslAssertionSign"":11.552499949932098,""pkiOpenSslAssertionVerify"":9.258000016212463}",0,,
0,PKI,294,intra-pki,false,false,537795.2089282109,583033.9356282188,583097.4101282193,63.47450000047684,0,63.47450000047684,0,0,1,0,"{""pkiCertTransferHttp"":19.038199961185455,""pkiCrossRelayHttp"":0,""pkiOpenSslVerifyLeaf"":9.68970000743866,""pkiLeafOcspHttpQuery"":12.752900004386902,""pkiOpenSslAssertionSign"":12.196100056171417,""pkiOpenSslAssertionVerify"":9.379100024700165}",0,,
0,PKI,295,intra-pki,false,false,539294.6886010474,584533.4153010553,584595.4694010323,62.05409997701645,0,62.05409997701645,0,0,1,0,"{""pkiCertTransferHttp"":17.61049997806549,""pkiCrossRelayHttp"":0,""pkiOpenSslVerifyLeaf"":9.566600024700165,""pkiLeafOcspHttpQuery"":13.070500016212463,""pkiOpenSslAssertionSign"":12.325400054454803,""pkiOpenSslAssertionVerify"":9.065400004386902}",0,,
0,PKI,296,intra-pki,false,false,539753.5228525911,584992.249552599,585057.51165264,65.26210004091263,0,65.26210004091263,0,0,1,0,"{""pkiCertTransferHttp"":15.577699959278107,""pkiCrossRelayHttp"":0,""pkiOpenSslVerifyLeaf"":10.689800024032593,""pkiLeafOcspHttpQuery"":15.136000037193298,""pkiOpenSslAssertionSign"":13.50330001115799,""pkiOpenSslAssertionVerify"":9.86269998550415}",0,,
0,PKI,297,intra-pki,false,false,539851.2462848108,585089.9729848187,585144.0695848148,54.096599996089935,0,54.096599996089935,0,0,1,0,"{""pkiCertTransferHttp"":5.0314000248909,""pkiCrossRelayHttp"":0,""pkiOpenSslVerifyLeaf"":10.190199971199036,""pkiLeafOcspHttpQuery"":13.57099997997284,""pkiOpenSslAssertionSign"":14.500800013542175,""pkiOpenSslAssertionVerify"":10.280600011348724}",0,,
0,PKI,298,intra-pki,false,false,541003.9928613498,586242.7195613577,586290.6517613723,47.93220001459122,0,47.93220001459122,0,0,1,0,"{""pkiCertTransferHttp"":2.3019999861717224,""pkiCrossRelayHttp"":0,""pkiOpenSslVerifyLeaf"":9.90369999408722,""pkiLeafOcspHttpQuery"":13.328000009059906,""pkiOpenSslAssertionSign"":12.340799987316132,""pkiOpenSslAssertionVerify"":9.650599956512451}",0,,
0,PKI,299,intra-pki,false,false,541233.8654440864,586472.5921440943,586550.5079440697,77.9157999753952,0,77.9157999753952,0,0,1,0,"{""pkiCertTransferHttp"":30.211899995803833,""pkiCrossRelayHttp"":0,""pkiOpenSslVerifyLeaf"":10.789999961853027,""pkiLeafOcspHttpQuery"":13.620200037956238,""pkiOpenSslAssertionSign"":12.732699990272522,""pkiOpenSslAssertionVerify"":9.951600015163422}",0,,
