epsilon,model,requestIndex,kind,onChain,crossDomain,arrivalOffsetMs,arrivalWallMs,finishWallMs,latencyMs,queueMs,serviceMs,workerId,chainReads,verifiedCertificateSteps,proofNodes,stageTimingsJson,chainTxCount,chainBlockNumbers,chainTxHashes
0,DPKI,0,intra-off-chain,false,false,0,9009.104300022125,9076.271300017834,67.16699999570847,0,67.16699999570847,0,1,1,65,"{""dpkiOffchainCertTransferHttp"":0.5049999952316284,""dpkiMptProofHttpQuery"":11.863600015640259,""dpkiMptProofSignerCertVerify"":10.973400056362152,""dpkiMptProofResponseVerify"":0.7669999599456787,""dpkiChainRootRead"":2.9966999888420105,""dpkiMptVerify"":0.8920000195503235,""dpkiOpenSslVerifyCert"":9.983500003814697,""dpkiOffchainAssertionSign"":12.385200023651123,""dpkiOffchainAssertionVerify"":10.30950003862381,""dpkiAuthSignature"":5.1331000328063965}",0,,
0,DPKI,1,intra-off-chain,false,false,2500.0784290630327,11509.182729085158,11570.951829095553,61.76910001039505,0,61.76910001039505,0,1,1,65,"{""dpkiOffchainCertTransferHttp"":4.200399994850159,""dpkiMptProofHttpQuery"":5.293600022792816,""dpkiMptProofSignerCertVerify"":10.013700008392334,""dpkiMptProofResponseVerify"":0.5521000027656555,""dpkiChainRootRead"":2.6967000365257263,""dpkiMptVerify"":0.592199981212616,""dpkiOpenSslVerifyCert"":12.722699999809265,""dpkiOffchainAssertionSign"":12.90829998254776,""dpkiOffchainAssertionVerify"":9.45550000667572,""dpkiAuthSignature"":2.8621000051498413}",0,,
0,DPKI,2,intra-off-chain,false,false,3806.828966528641,12815.933266550766,12870.827666551339,54.894400000572205,0,54.894400000572205,0,1,1,65,"{""dpkiOffchainCertTransferHttp"":0.26340001821517944,""dpkiMptProofHttpQuery"":6.646600008010864,""dpkiMptProofSignerCertVerify"":10.116099953651428,""dpkiMptProofResponseVerify"":0.5763999819755554,""dpkiChainRootRead"":1.868499994277954,""dpkiMptVerify"":0.5591999888420105,""dpkiOpenSslVerifyCert"":10.113600015640259,""dpkiOffchainAssertionSign"":11.74889999628067,""dpkiOffchainAssertionVerify"":9.455599963665009,""dpkiAuthSignature"":3.115000009536743}",0,,
0,DPKI,3,intra-off-chain,false,false,8507.326962665093,17516.43126268722,17569.46466268636,53.03339999914169,0,53.03339999914169,0,1,1,65,"{""dpkiOffchainCertTransferHttp"":1.0976999998092651,""dpkiMptProofHttpQuery"":5.452099978923798,""dpkiMptProofSignerCertVerify"":9.450200021266937,""dpkiMptProofResponseVerify"":0.4717000126838684,""dpkiChainRootRead"":2.170199990272522,""dpkiMptVerify"":0.5776999592781067,""dpkiOpenSslVerifyCert"":10.133599996566772,""dpkiOffchainAssertionSign"":11.608399987220764,""dpkiOffchainAssertionVerify"":8.763300001621246,""dpkiAuthSignature"":2.7709999680519104}",0,,
0,DPKI,4,intra-off-chain,false,false,8624.041429037045,17633.14572905917,17681.662329012346,48.51659995317459,0,48.51659995317459,0,1,1,65,"{""dpkiOffchainCertTransferHttp"":0.9538999795913696,""dpkiMptProofHttpQuery"":3.1110000014305115,""dpkiMptProofSignerCertVerify"":9.079099953174591,""dpkiMptProofResponseVerify"":0.5347999930381775,""dpkiChainRootRead"":2.177299976348877,""dpkiMptVerify"":0.5170000195503235,""dpkiOpenSslVerifyCert"":9.169700026512146,""dpkiOffchainAssertionSign"":11.236699998378754,""dpkiOffchainAssertionVerify"":8.889100015163422,""dpkiAuthSignature"":2.3944000005722046}",0,,
0,DPKI,5,intra-off-chain,false,false,10912.537465268722,19921.64176529085,19974.797565335386,53.15580004453659,0,53.15580004453659,0,1,1,65,"{""dpkiOffchainCertTransferHttp"":0.6191999912261963,""dpkiMptProofHttpQuery"":7.577600002288818,""dpkiMptProofSignerCertVerify"":9.265500009059906,""dpkiMptProofResponseVerify"":0.4366999864578247,""dpkiChainRootRead"":2.1007999777793884,""dpkiMptVerify"":0.5496000051498413,""dpkiOpenSslVerifyCert"":9.284200012683868,""dpkiOffchainAssertionSign"":11.606599986553192,""dpkiOffchainAssertionVerify"":8.46230000257492,""dpkiAuthSignature"":2.5950000286102295}",0,,
0,DPKI,6,intra-off-chain,false,false,14635.707907722513,23644.81220774464,23707.435107753794,62.62290000915527,0,62.62290000915527,0,1,1,65,"{""dpkiOffchainCertTransferHttp"":0.11140000820159912,""dpkiMptProofHttpQuery"":15.298600018024445,""dpkiMptProofSignerCertVerify"":9.470600008964539,""dpkiMptProofResponseVerify"":0.4622000455856323,""dpkiChainRootRead"":2.2810999751091003,""dpkiMptVerify"":0.5347000360488892,""dpkiOpenSslVerifyCert"":9.631999969482422,""dpkiOffchainAssertionSign"":12.286300003528595,""dpkiOffchainAssertionVerify"":9.828199982643127,""dpkiAuthSignature"":2.2942000031471252}",0,,
0,DPKI,7,intra-off-chain,false,false,15317.160230498439,24326.264530520566,24381.218730490335,54.954199969768524,0,54.954199969768524,0,1,1,65,"{""dpkiOffchainCertTransferHttp"":1.1230000257492065,""dpkiMptProofHttpQuery"":6.6735000014305115,""dpkiMptProofSignerCertVerify"":10.029500007629395,""dpkiMptProofResponseVerify"":0.5415999889373779,""dpkiChainRootRead"":2.195800006389618,""dpkiMptVerify"":0.5144000053405762,""dpkiOpenSslVerifyCert"":9.722299993038177,""dpkiOffchainAssertionSign"":11.883700013160706,""dpkiOffchainAssertionVerify"":9.443800032138824,""dpkiAuthSignature"":2.365400016307831}",0,,
0,DPKI,8,intra-off-chain,false,false,15399.140834226628,24408.245134248755,24460.645134284518,52.40000003576279,0,52.40000003576279,0,1,1,65,"{""dpkiOffchainCertTransferHttp"":0.1525999903678894,""dpkiMptProofHttpQuery"":5.580899953842163,""dpkiMptProofSignerCertVerify"":10.111200034618378,""dpkiMptProofResponseVerify"":0.6129999756813049,""dpkiChainRootRead"":2.1072999835014343,""dpkiMptVerify"":0.48809999227523804,""dpkiOpenSslVerifyCert"":9.66210001707077,""dpkiOffchainAssertionSign"":11.542699992656708,""dpkiOffchainAssertionVerify"":8.986699998378754,""dpkiAuthSignature"":2.53329998254776}",0,,
0,DPKI,9,intra-off-chain,false,false,16426.12685501428,25435.231155036407,25487.623555062728,52.39240002632141,0,52.39240002632141,0,1,1,65,"{""dpkiOffchainCertTransferHttp"":0.5741999745368958,""dpkiMptProofHttpQuery"":5.332800030708313,""dpkiMptProofSignerCertVerify"":9.589800000190735,""dpkiMptProofResponseVerify"":0.510699987411499,""dpkiChainRootRead"":2.424500048160553,""dpkiMptVerify"":0.5121000409126282,""dpkiOpenSslVerifyCert"":10.001699984073639,""dpkiOffchainAssertionSign"":11.69539999961853,""dpkiOffchainAssertionVerify"":9.037199974060059,""dpkiAuthSignature"":2.1585999727249146}",0,,
0,DPKI,10,intra-off-chain,false,false,16638.8437040987,25647.948004120826,25700.698404127597,52.75040000677109,0,52.75040000677109,0,1,1,65,"{""dpkiOffchainCertTransferHttp"":0.3536999821662903,""dpkiMptProofHttpQuery"":6.089399993419647,""dpkiMptProofSignerCertVerify"":9.829199969768524,""dpkiMptProofResponseVerify"":0.48669999837875366,""dpkiChainRootRead"":2.0436999797821045,""dpkiMptVerify"":0.4916999936103821,""dpkiOpenSslVerifyCert"":9.278200030326843,""dpkiOffchainAssertionSign"":11.780700027942657,""dpkiOffchainAssertionVerify"":9.344500005245209,""dpkiAuthSignature"":2.592199981212616}",0,,
0,DPKI,11,intra-off-chain,false,false,20457.88571598142,29466.990016003547,29522.621716042457,55.63170003890991,0,55.63170003890991,0,1,1,65,"{""dpkiOffchainCertTransferHttp"":0.6168000102043152,""dpkiMptProofHttpQuery"":8.016300022602081,""dpkiMptProofSignerCertVerify"":10.125,""dpkiMptProofResponseVerify"":0.4633999466896057,""dpkiChainRootRead"":2.154900014400482,""dpkiMptVerify"":0.4753999710083008,""dpkiOpenSslVerifyCert"":9.369799971580505,""dpkiOffchainAssertionSign"":11.900600016117096,""dpkiOffchainAssertionVerify"":9.559200048446655,""dpkiAuthSignature"":2.3094000220298767}",0,,
0,DPKI,12,intra-off-chain,false,false,22897.303164980636,31906.40746500276,31957.20256497644,50.79509997367859,0,50.79509997367859,0,1,1,65,"{""dpkiOffchainCertTransferHttp"":0.7496999502182007,""dpkiMptProofHttpQuery"":4.986100018024445,""dpkiMptProofSignerCertVerify"":9.326200008392334,""dpkiMptProofResponseVerify"":0.5115000009536743,""dpkiChainRootRead"":2.1576000452041626,""dpkiMptVerify"":0.530500054359436,""dpkiOpenSslVerifyCert"":9.319200038909912,""dpkiOffchainAssertionSign"":11.708899974822998,""dpkiOffchainAssertionVerify"":8.838100016117096,""dpkiAuthSignature"":2.268899977207184}",0,,
0,DPKI,13,intra-off-chain,false,false,31510.471094865447,40519.57539488757,40568.36759491647,48.79220002889633,0,48.79220002889633,0,1,1,65,"{""dpkiOffchainCertTransferHttp"":0.16339999437332153,""dpkiMptProofHttpQuery"":3.619700014591217,""dpkiMptProofSignerCertVerify"":9.031499981880188,""dpkiMptProofResponseVerify"":0.4075000286102295,""dpkiChainRootRead"":2.115499973297119,""dpkiMptVerify"":0.454800009727478,""dpkiOpenSslVerifyCert"":9.45660001039505,""dpkiOffchainAssertionSign"":12.283700048923492,""dpkiOffchainAssertionVerify"":8.842299997806549,""dpkiAuthSignature"":2.005400002002716}",0,,
0,DPKI,14,intra-off-chain,false,false,33417.49699779905,42426.60129782117,42480.19089784778,53.58960002660751,0,53.58960002660751,0,1,1,65,"{""dpkiOffchainCertTransferHttp"":0.7972999811172485,""dpkiMptProofHttpQuery"":5.487200021743774,""dpkiMptProofSignerCertVerify"":9.528900027275085,""dpkiMptProofResponseVerify"":0.48889994621276855,""dpkiChainRootRead"":2.3111000061035156,""dpkiMptVerify"":0.47930002212524414,""dpkiOpenSslVerifyCert"":8.987800002098083,""dpkiOffchainAssertionSign"":12.755600035190582,""dpkiOffchainAssertionVerify"":10.274300038814545,""dpkiAuthSignature"":2.0760000348091125}",0,,
0,DPKI,15,intra-off-chain,false,false,36821.8255418698,45830.92984189193,45885.932341889544,55.002499997615814,0,55.002499997615814,0,1,1,65,"{""dpkiOffchainCertTransferHttp"":1.7301999926567078,""dpkiMptProofHttpQuery"":9.131900012493134,""dpkiMptProofSignerCertVerify"":9.41540002822876,""dpkiMptProofResponseVerify"":0.47850000858306885,""dpkiChainRootRead"":2.079599976539612,""dpkiMptVerify"":0.40549999475479126,""dpkiOpenSslVerifyCert"":9.239600002765656,""dpkiOffchainAssertionSign"":11.32339996099472,""dpkiOffchainAssertionVerify"":8.839699983596802,""dpkiAuthSignature"":1.9733999967575073}",0,,
0,DPKI,16,intra-off-chain,false,false,40405.2669119729,49414.37121199503,49469.045111943626,54.673899948596954,0,54.673899948596954,0,1,1,65,"{""dpkiOffchainCertTransferHttp"":2.5579999685287476,""dpkiMptProofHttpQuery"":7.095299959182739,""dpkiMptProofSignerCertVerify"":9.422399997711182,""dpkiMptProofResponseVerify"":0.48339998722076416,""dpkiChainRootRead"":1.926900029182434,""dpkiMptVerify"":0.4074000120162964,""dpkiOpenSslVerifyCert"":9.424599945545197,""dpkiOffchainAssertionSign"":11.993000030517578,""dpkiOffchainAssertionVerify"":8.901800036430359,""dpkiAuthSignature"":1.9890000224113464}",0,,
0,DPKI,17,intra-off-chain,false,false,43965.08613028936,52974.190430311486,53021.02083030157,46.83039999008179,0,46.83039999008179,0,1,1,65,"{""dpkiOffchainCertTransferHttp"":0.269599974155426,""dpkiMptProofHttpQuery"":3.355399966239929,""dpkiMptProofSignerCertVerify"":9.178600013256073,""dpkiMptProofResponseVerify"":0.43699997663497925,""dpkiChainRootRead"":2.025099992752075,""dpkiMptVerify"":0.41870003938674927,""dpkiOpenSslVerifyCert"":9.174000024795532,""dpkiOffchainAssertionSign"":11.154100000858307,""dpkiOffchainAssertionVerify"":8.456200003623962,""dpkiAuthSignature"":1.9468000531196594}",0,,
0,DPKI,18,intra-off-chain,false,false,44869.65372087876,53878.75802090089,53948.84492089669,70.08689999580383,0,70.08689999580383,0,1,1,65,"{""dpkiOffchainCertTransferHttp"":0.7738999724388123,""dpkiMptProofHttpQuery"":24.009299993515015,""dpkiMptProofSignerCertVerify"":9.890100002288818,""dpkiMptProofResponseVerify"":0.4758000373840332,""dpkiChainRootRead"":2.0026999711990356,""dpkiMptVerify"":0.42570000886917114,""dpkiOpenSslVerifyCert"":9.354900002479553,""dpkiOffchainAssertionSign"":11.771299958229065,""dpkiOffchainAssertionVerify"":8.851700007915497,""dpkiAuthSignature"":2.1321000456809998}",0,,
0,DPKI,19,intra-off-chain,false,false,50200.32683634763,59209.431136369756,59264.55543637281,55.12430000305176,0,55.12430000305176,0,1,1,65,"{""dpkiOffchainCertTransferHttp"":0.8631000518798828,""dpkiMptProofHttpQuery"":7.428799986839294,""dpkiMptProofSignerCertVerify"":10.031000018119812,""dpkiMptProofResponseVerify"":0.4422999620437622,""dpkiChainRootRead"":2.055799961090088,""dpkiMptVerify"":0.45419996976852417,""dpkiOpenSslVerifyCert"":9.749599993228912,""dpkiOffchainAssertionSign"":12.119599997997284,""dpkiOffchainAssertionVerify"":9.290000021457672,""dpkiAuthSignature"":2.2073999643325806}",0,,
0,DPKI,20,intra-off-chain,false,false,52395.009623912425,61404.11392393455,61455.55992391452,51.44599997997284,0,51.44599997997284,0,1,1,65,"{""dpkiOffchainCertTransferHttp"":0.8830999732017517,""dpkiMptProofHttpQuery"":4.483799993991852,""dpkiMptProofSignerCertVerify"":9.284300029277802,""dpkiMptProofResponseVerify"":0.42729997634887695,""dpkiChainRootRead"":2.070900022983551,""dpkiMptVerify"":0.4073999524116516,""dpkiOpenSslVerifyCert"":9.89139997959137,""dpkiOffchainAssertionSign"":12.3439000248909,""dpkiOffchainAssertionVerify"":9.292999982833862,""dpkiAuthSignature"":1.9627000093460083}",0,,
0,DPKI,21,intra-off-chain,false,false,56135.69530363843,65144.799603660555,65207.45850368306,62.658900022506714,0,62.658900022506714,0,1,1,65,"{""dpkiOffchainCertTransferHttp"":0.9510999917984009,""dpkiMptProofHttpQuery"":16.648499965667725,""dpkiMptProofSignerCertVerify"":9.433600008487701,""dpkiMptProofResponseVerify"":0.4333999752998352,""dpkiChainRootRead"":2.0938000082969666,""dpkiMptVerify"":0.40209996700286865,""dpkiOpenSslVerifyCert"":9.678300023078918,""dpkiOffchainAssertionSign"":11.756099998950958,""dpkiOffchainAssertionVerify"":8.89079999923706,""dpkiAuthSignature"":1.9942999482154846}",0,,
0,DPKI,22,intra-off-chain,false,false,57619.50608019751,66628.61038021964,66685.0605801813,56.45019996166229,0,56.45019996166229,0,1,1,65,"{""dpkiOffchainCertTransferHttp"":0.17979997396469116,""dpkiMptProofHttpQuery"":3.9637999534606934,""dpkiMptProofSignerCertVerify"":9.363300025463104,""dpkiMptProofResponseVerify"":0.453499972820282,""dpkiChainRootRead"":2.1068000197410583,""dpkiMptVerify"":0.42970001697540283,""dpkiOpenSslVerifyCert"":12.276800036430359,""dpkiOffchainAssertionSign"":13.672400057315826,""dpkiOffchainAssertionVerify"":11.384900033473969,""dpkiAuthSignature"":2.199899971485138}",0,,
0,DPKI,23,intra-off-chain,false,false,58893.95440198881,67903.05870201094,67964.28550197584,61.226799964904785,0,61.226799964904785,0,1,1,65,"{""dpkiOffchainCertTransferHttp"":1.4150000214576721,""dpkiMptProofHttpQuery"":3.2925000190734863,""dpkiMptProofSignerCertVerify"":11.594999969005585,""dpkiMptProofResponseVerify"":0.6222999691963196,""dpkiChainRootRead"":2.4827999472618103,""dpkiMptVerify"":0.42649996280670166,""dpkiOpenSslVerifyCert"":10.788199961185455,""dpkiOffchainAssertionSign"":18.305499970912933,""dpkiOffchainAssertionVerify"":9.493600010871887,""dpkiAuthSignature"":2.3894999623298645}",0,,
0,DPKI,24,intra-off-chain,false,false,62775.591697137716,71784.69599715984,71838.34759716308,53.65160000324249,0,53.65160000324249,0,1,1,65,"{""dpkiOffchainCertTransferHttp"":2.5443000197410583,""dpkiMptProofHttpQuery"":4.482100009918213,""dpkiMptProofSignerCertVerify"":9.898400008678436,""dpkiMptProofResponseVerify"":0.5942000150680542,""dpkiChainRootRead"":3.487500011920929,""dpkiMptVerify"":0.4221000075340271,""dpkiOpenSslVerifyCert"":9.527700006961823,""dpkiOffchainAssertionSign"":11.371200025081635,""dpkiOffchainAssertionVerify"":8.740799963474274,""dpkiAuthSignature"":2.163800001144409}",0,,
0,DPKI,25,intra-off-chain,false,false,62814.16966998058,71823.27397000272,71888.13579718387,64.8618271811647,15.073627160374599,49.7882000207901,0,1,1,65,"{""dpkiOffchainCertTransferHttp"":0.29189997911453247,""dpkiMptProofHttpQuery"":3.189999997615814,""dpkiMptProofSignerCertVerify"":9.680399954319,""dpkiMptProofResponseVerify"":0.453499972820282,""dpkiChainRootRead"":2.220200002193451,""dpkiMptVerify"":0.4277999997138977,""dpkiOpenSslVerifyCert"":9.585900008678436,""dpkiOffchainAssertionSign"":12.071599960327148,""dpkiOffchainAssertionVerify"":9.261500000953674,""dpkiAuthSignature"":2.1237000226974487}",0,,
0,DPKI,26,intra-off-chain,false,false,63588.889257058276,72597.9935570804,72648.58675710834,50.59320002794266,0,50.59320002794266,0,1,1,65,"{""dpkiOffchainCertTransferHttp"":0.9610999822616577,""dpkiMptProofHttpQuery"":4.470600008964539,""dpkiMptProofSignerCertVerify"":9.287400007247925,""dpkiMptProofResponseVerify"":0.4366000294685364,""dpkiChainRootRead"":1.897100031375885,""dpkiMptVerify"":0.4072999954223633,""dpkiOpenSslVerifyCert"":10.420199990272522,""dpkiOffchainAssertionSign"":11.535399973392487,""dpkiOffchainAssertionVerify"":8.89190000295639,""dpkiAuthSignature"":1.903600037097931}",0,,
0,DPKI,27,intra-off-chain,false,false,64652.58590689078,73661.6902069129,73713.72860690727,52.03839999437332,0,52.03839999437332,0,1,1,65,"{""dpkiOffchainCertTransferHttp"":0.10460001230239868,""dpkiMptProofHttpQuery"":7.309100031852722,""dpkiMptProofSignerCertVerify"":9.255400002002716,""dpkiMptProofResponseVerify"":0.42809998989105225,""dpkiChainRootRead"":2.3413000106811523,""dpkiMptVerify"":0.4183000326156616,""dpkiOpenSslVerifyCert"":9.464800000190735,""dpkiOffchainAssertionSign"":11.654900014400482,""dpkiOffchainAssertionVerify"":8.710200011730194,""dpkiAuthSignature"":1.9758999943733215}",0,,
0,DPKI,28,intra-off-chain,false,false,65984.61577753533,74993.72007755746,75061.44297753085,67.72289997339249,0,67.72289997339249,0,1,1,65,"{""dpkiOffchainCertTransferHttp"":0.5618000030517578,""dpkiMptProofHttpQuery"":18.43620002269745,""dpkiMptProofSignerCertVerify"":9.725600004196167,""dpkiMptProofResponseVerify"":0.4156000018119812,""dpkiChainRootRead"":2.095099985599518,""dpkiMptVerify"":0.40570002794265747,""dpkiOpenSslVerifyCert"":10.606800019741058,""dpkiOffchainAssertionSign"":12.896899998188019,""dpkiOffchainAssertionVerify"":10.04529994726181,""dpkiAuthSignature"":2.1111000180244446}",0,,
0,DPKI,29,intra-off-chain,false,false,68533.00217787483,77542.10647789696,77592.25717792967,50.15070003271103,0,50.15070003271103,0,1,1,65,"{""dpkiOffchainCertTransferHttp"":0.5667999982833862,""dpkiMptProofHttpQuery"":2.9842000007629395,""dpkiMptProofSignerCertVerify"":9.994500041007996,""dpkiMptProofResponseVerify"":0.44269996881484985,""dpkiChainRootRead"":2.2491000294685364,""dpkiMptVerify"":0.4106000065803528,""dpkiOpenSslVerifyCert"":9.3264000415802,""dpkiOffchainAssertionSign"":12.137500047683716,""dpkiOffchainAssertionVerify"":9.588100016117096,""dpkiAuthSignature"":2.056600034236908}",0,,
0,DPKI,30,intra-off-chain,false,false,72634.114804096,81643.21910411812,81715.13610411383,71.91699999570847,0,71.91699999570847,0,1,1,65,"{""dpkiOffchainCertTransferHttp"":3.051100015640259,""dpkiMptProofHttpQuery"":22.66100001335144,""dpkiMptProofSignerCertVerify"":9.70090001821518,""dpkiMptProofResponseVerify"":0.479699969291687,""dpkiChainRootRead"":2.766200006008148,""dpkiMptVerify"":0.44120001792907715,""dpkiOpenSslVerifyCert"":10.10400003194809,""dpkiOffchainAssertionSign"":11.883599996566772,""dpkiOffchainAssertionVerify"":8.438899993896484,""dpkiAuthSignature"":2.001300036907196}",0,,
0,DPKI,31,intra-off-chain,false,false,74046.39679977515,83055.50109979727,83107.42759976008,51.9264999628067,0,51.9264999628067,0,1,1,65,"{""dpkiOffchainCertTransferHttp"":0.33490002155303955,""dpkiMptProofHttpQuery"":6.564900040626526,""dpkiMptProofSignerCertVerify"":9.649900019168854,""dpkiMptProofResponseVerify"":0.44279998540878296,""dpkiChainRootRead"":1.988099992275238,""dpkiMptVerify"":0.41200000047683716,""dpkiOpenSslVerifyCert"":9.584899961948395,""dpkiOffchainAssertionSign"":11.709800004959106,""dpkiOffchainAssertionVerify"":8.834100008010864,""dpkiAuthSignature"":1.8885999917984009}",0,,
0,DPKI,32,intra-off-chain,false,false,74486.8293656437,83495.93366566583,83546.96246567651,51.02880001068115,0,51.02880001068115,0,1,1,65,"{""dpkiOffchainCertTransferHttp"":1.44760000705719,""dpkiMptProofHttpQuery"":4.467799961566925,""dpkiMptProofSignerCertVerify"":9.103999972343445,""dpkiMptProofResponseVerify"":0.4599999785423279,""dpkiChainRootRead"":2.083400011062622,""dpkiMptVerify"":0.4272000193595886,""dpkiOpenSslVerifyCert"":9.711499989032745,""dpkiOffchainAssertionSign"":11.631399989128113,""dpkiOffchainAssertionVerify"":9.334200024604797,""dpkiAuthSignature"":1.9733999967575073}",0,,
0,DPKI,33,intra-off-chain,false,false,74895.76562561607,83904.8699256382,83954.29192568874,49.42200005054474,0,49.42200005054474,0,1,1,65,"{""dpkiOffchainCertTransferHttp"":1.5118000507354736,""dpkiMptProofHttpQuery"":2.7491000294685364,""dpkiMptProofSignerCertVerify"":9.44300001859665,""dpkiMptProofResponseVerify"":0.40689998865127563,""dpkiChainRootRead"":1.9211999773979187,""dpkiMptVerify"":0.38830000162124634,""dpkiOpenSslVerifyCert"":9.883400022983551,""dpkiOffchainAssertionSign"":11.382099986076355,""dpkiOffchainAssertionVerify"":9.176800012588501,""dpkiAuthSignature"":2.0342000126838684}",0,,
0,DPKI,34,intra-off-chain,false,false,75543.83456901842,84552.93886904055,84630.43146900469,77.49259996414185,0,77.49259996414185,0,1,1,65,"{""dpkiOffchainCertTransferHttp"":3.2050999999046326,""dpkiMptProofHttpQuery"":29.526700019836426,""dpkiMptProofSignerCertVerify"":9.540499985218048,""dpkiMptProofResponseVerify"":0.42239999771118164,""dpkiChainRootRead"":1.9661999940872192,""dpkiMptVerify"":0.37800002098083496,""dpkiOpenSslVerifyCert"":9.167400002479553,""dpkiOffchainAssertionSign"":12.015500009059906,""dpkiOffchainAssertionVerify"":9.040600001811981,""dpkiAuthSignature"":1.8176000118255615}",0,,
0,DPKI,35,intra-off-chain,false,false,78017.02542109851,87026.12972112064,87079.44512112503,53.3154000043869,0,53.3154000043869,0,1,1,65,"{""dpkiOffchainCertTransferHttp"":2.9484000205993652,""dpkiMptProofHttpQuery"":5.759500026702881,""dpkiMptProofSignerCertVerify"":9.454500019550323,""dpkiMptProofResponseVerify"":0.5041999816894531,""dpkiChainRootRead"":1.9984999895095825,""dpkiMptVerify"":0.43879997730255127,""dpkiOpenSslVerifyCert"":9.377399981021881,""dpkiOffchainAssertionSign"":11.414099991321564,""dpkiOffchainAssertionVerify"":9.024200022220612,""dpkiAuthSignature"":1.9042999744415283}",0,,
0,DPKI,36,intra-off-chain,false,false,78702.84381917473,87711.94811919685,87759.84611919876,47.89800000190735,0,47.89800000190735,0,1,1,65,"{""dpkiOffchainCertTransferHttp"":0.414900004863739,""dpkiMptProofHttpQuery"":3.3252000212669373,""dpkiMptProofSignerCertVerify"":8.985899984836578,""dpkiMptProofResponseVerify"":0.4537000060081482,""dpkiChainRootRead"":2.0404000282287598,""dpkiMptVerify"":0.4789999723434448,""dpkiOpenSslVerifyCert"":9.521399974822998,""dpkiOffchainAssertionSign"":11.372099995613098,""dpkiOffchainAssertionVerify"":8.958700001239777,""dpkiAuthSignature"":1.9487000107765198}",0,,
0,DPKI,37,intra-off-chain,false,false,80433.56541306828,89442.6697130904,89498.8777130947,56.208000004291534,0,56.208000004291534,0,1,1,65,"{""dpkiOffchainCertTransferHttp"":1.6776000261306763,""dpkiMptProofHttpQuery"":9.896899998188019,""dpkiMptProofSignerCertVerify"":9.240199983119965,""dpkiMptProofResponseVerify"":0.3855000138282776,""dpkiChainRootRead"":2.1219000220298767,""dpkiMptVerify"":0.3734000325202942,""dpkiOpenSslVerifyCert"":9.801400005817413,""dpkiOffchainAssertionSign"":11.469500005245209,""dpkiOffchainAssertionVerify"":8.958700001239777,""dpkiAuthSignature"":1.9050999879837036}",0,,
0,DPKI,38,intra-off-chain,false,false,89561.97914095051,98571.08344097264,98620.41634101994,49.332900047302246,0,49.332900047302246,0,1,1,65,"{""dpkiOffchainCertTransferHttp"":0.18199998140335083,""dpkiMptProofHttpQuery"":4.055299997329712,""dpkiMptProofSignerCertVerify"":9.498499989509583,""dpkiMptProofResponseVerify"":0.4878000020980835,""dpkiChainRootRead"":1.9812999963760376,""dpkiMptVerify"":0.3965999484062195,""dpkiOpenSslVerifyCert"":8.917499959468842,""dpkiOffchainAssertionSign"":12.220300018787384,""dpkiOffchainAssertionVerify"":9.34850001335144,""dpkiAuthSignature"":1.885200023651123}",0,,
0,DPKI,39,intra-off-chain,false,false,89607.06644816183,98616.17074818395,98671.86294098027,55.692192796312156,4.245592835985008,51.44659996032715,0,1,1,65,"{""dpkiOffchainCertTransferHttp"":3.0927000045776367,""dpkiMptProofHttpQuery"":3.4702999591827393,""dpkiMptProofSignerCertVerify"":9.779699981212616,""dpkiMptProofResponseVerify"":0.44770002365112305,""dpkiChainRootRead"":1.915499985218048,""dpkiMptVerify"":0.37230002880096436,""dpkiOpenSslVerifyCert"":9.157399952411652,""dpkiOffchainAssertionSign"":12.050800025463104,""dpkiOffchainAssertionVerify"":8.892700016498566,""dpkiAuthSignature"":1.8907000422477722}",0,,
0,DPKI,40,intra-off-chain,false,false,91460.23585663378,100469.3401566559,100517.31895665466,47.97879999876022,0,47.97879999876022,0,1,1,65,"{""dpkiOffchainCertTransferHttp"":1.6341999769210815,""dpkiMptProofHttpQuery"":3.214800000190735,""dpkiMptProofSignerCertVerify"":8.699899971485138,""dpkiMptProofResponseVerify"":0.40640002489089966,""dpkiChainRootRead"":1.9319000244140625,""dpkiMptVerify"":0.41269999742507935,""dpkiOpenSslVerifyCert"":9.143700003623962,""dpkiOffchainAssertionSign"":11.508899986743927,""dpkiOffchainAssertionVerify"":8.853999972343445,""dpkiAuthSignature"":1.7804999947547913}",0,,
0,DPKI,41,intra-off-chain,false,false,100963.37523617892,109972.47953620105,110041.82713624387,69.34760004281998,0,69.34760004281998,0,1,1,65,"{""dpkiOffchainCertTransferHttp"":0.045700013637542725,""dpkiMptProofHttpQuery"":20.64800000190735,""dpkiMptProofSignerCertVerify"":9.549999952316284,""dpkiMptProofResponseVerify"":0.48420000076293945,""dpkiChainRootRead"":1.892300009727478,""dpkiMptVerify"":0.3986000418663025,""dpkiOpenSslVerifyCert"":9.43970000743866,""dpkiOffchainAssertionSign"":11.524399995803833,""dpkiOffchainAssertionVerify"":13.036600053310394,""dpkiAuthSignature"":1.9120000004768372}",0,,
0,DPKI,42,intra-off-chain,false,false,104232.29767051521,113241.40197053734,113322.11387053314,80.71189999580383,0,80.71189999580383,0,1,1,65,"{""dpkiOffchainCertTransferHttp"":2.6685999631881714,""dpkiMptProofHttpQuery"":25.902700006961823,""dpkiMptProofSignerCertVerify"":12.732800006866455,""dpkiMptProofResponseVerify"":0.48100000619888306,""dpkiChainRootRead"":2.355300009250641,""dpkiMptVerify"":0.5358999967575073,""dpkiOpenSslVerifyCert"":11.534899950027466,""dpkiOffchainAssertionSign"":12.55510002374649,""dpkiOffchainAssertionVerify"":9.51529997587204,""dpkiAuthSignature"":2.033300042152405}",0,,
0,DPKI,43,intra-off-chain,false,false,109603.24323477286,118612.34753479499,118668.18553479451,55.83799999952316,0,55.83799999952316,0,1,1,65,"{""dpkiOffchainCertTransferHttp"":0.31640005111694336,""dpkiMptProofHttpQuery"":10.363399982452393,""dpkiMptProofSignerCertVerify"":9.380900025367737,""dpkiMptProofResponseVerify"":0.3853999972343445,""dpkiChainRootRead"":2.1603000164031982,""dpkiMptVerify"":0.4872000217437744,""dpkiOpenSslVerifyCert"":10.32719999551773,""dpkiOffchainAssertionSign"":11.55979996919632,""dpkiOffchainAssertionVerify"":8.545199990272522,""dpkiAuthSignature"":1.9229999780654907}",0,,
0,DPKI,44,intra-off-chain,false,false,111362.12097080417,120371.2252708263,120434.13937081762,62.914099991321564,0,62.914099991321564,0,1,1,65,"{""dpkiOffchainCertTransferHttp"":3.697499990463257,""dpkiMptProofHttpQuery"":13.743600010871887,""dpkiMptProofSignerCertVerify"":9.783599972724915,""dpkiMptProofResponseVerify"":0.47280001640319824,""dpkiChainRootRead"":1.9700000286102295,""dpkiMptVerify"":0.39649999141693115,""dpkiOpenSslVerifyCert"":9.33730000257492,""dpkiOffchainAssertionSign"":11.877499997615814,""dpkiOffchainAssertionVerify"":9.166200041770935,""dpkiAuthSignature"":2.087499976158142}",0,,
0,DPKI,45,intra-off-chain,false,false,115012.9570115879,124022.06131161003,124099.07601160555,77.01469999551773,0,77.01469999551773,0,1,1,65,"{""dpkiOffchainCertTransferHttp"":0.7721999883651733,""dpkiMptProofHttpQuery"":30.635900020599365,""dpkiMptProofSignerCertVerify"":10.054800033569336,""dpkiMptProofResponseVerify"":0.4006999731063843,""dpkiChainRootRead"":1.9621000289916992,""dpkiMptVerify"":0.3637999892234802,""dpkiOpenSslVerifyCert"":9.518700003623962,""dpkiOffchainAssertionSign"":11.88129997253418,""dpkiOffchainAssertionVerify"":8.870100021362305,""dpkiAuthSignature"":2.126699984073639}",0,,
0,DPKI,46,intra-off-chain,false,false,115783.09964189019,124792.20394191232,124848.72824189153,56.5242999792099,0,56.5242999792099,0,1,1,65,"{""dpkiOffchainCertTransferHttp"":0.5033000111579895,""dpkiMptProofHttpQuery"":8.250199973583221,""dpkiMptProofSignerCertVerify"":9.921599984169006,""dpkiMptProofResponseVerify"":0.46480000019073486,""dpkiChainRootRead"":1.976199984550476,""dpkiMptVerify"":0.3940999507904053,""dpkiOpenSslVerifyCert"":10.200999975204468,""dpkiOffchainAssertionSign"":12.800400018692017,""dpkiOffchainAssertionVerify"":9.675600051879883,""dpkiAuthSignature"":1.905299961566925}",0,,
0,DPKI,47,intra-off-chain,false,false,116346.74732937558,125355.8516293977,125407.32072939618,51.46909999847412,0,51.46909999847412,0,1,1,65,"{""dpkiOffchainCertTransferHttp"":0.6518000364303589,""dpkiMptProofHttpQuery"":4.931500017642975,""dpkiMptProofSignerCertVerify"":9.374199986457825,""dpkiMptProofResponseVerify"":0.4564000368118286,""dpkiChainRootRead"":2.2026000022888184,""dpkiMptVerify"":0.4138999581336975,""dpkiOpenSslVerifyCert"":9.533999979496002,""dpkiOffchainAssertionSign"":12.097699999809265,""dpkiOffchainAssertionVerify"":9.419600009918213,""dpkiAuthSignature"":1.982100009918213}",0,,
0,DPKI,48,intra-off-chain,false,false,116968.53592605605,125977.64022607818,126031.65202612891,54.011800050735474,0,54.011800050735474,0,1,1,65,"{""dpkiOffchainCertTransferHttp"":1.9083999991416931,""dpkiMptProofHttpQuery"":3.52319997549057,""dpkiMptProofSignerCertVerify"":9.654500007629395,""dpkiMptProofResponseVerify"":0.48089998960494995,""dpkiChainRootRead"":2.1705999970436096,""dpkiMptVerify"":0.36570000648498535,""dpkiOpenSslVerifyCert"":11.667199969291687,""dpkiOffchainAssertionSign"":12.268100023269653,""dpkiOffchainAssertionVerify"":9.580099999904633,""dpkiAuthSignature"":1.9728000164031982}",0,,
0,DPKI,49,intra-off-chain,false,false,119621.3529200806,128630.45722010272,128700.14862009423,69.6913999915123,0,69.6913999915123,0,1,1,65,"{""dpkiOffchainCertTransferHttp"":0.39430004358291626,""dpkiMptProofHttpQuery"":24.741400003433228,""dpkiMptProofSignerCertVerify"":9.555000007152557,""dpkiMptProofResponseVerify"":0.46480000019073486,""dpkiChainRootRead"":1.9060999751091003,""dpkiMptVerify"":0.3718000054359436,""dpkiOpenSslVerifyCert"":9.181299984455109,""dpkiOffchainAssertionSign"":11.591200053691864,""dpkiOffchainAssertionVerify"":9.046299993991852,""dpkiAuthSignature"":2.004200041294098}",0,,
0,DPKI,50,intra-off-chain,false,false,126050.30005578391,135059.40435580604,135109.51145581595,50.10710000991821,0,50.10710000991821,0,1,1,65,"{""dpkiOffchainCertTransferHttp"":0.31550002098083496,""dpkiMptProofHttpQuery"":5.551500022411346,""dpkiMptProofSignerCertVerify"":9.044900000095367,""dpkiMptProofResponseVerify"":0.4055999517440796,""dpkiChainRootRead"":2.0394999980926514,""dpkiMptVerify"":0.3521000146865845,""dpkiOpenSslVerifyCert"":8.799600005149841,""dpkiOffchainAssertionSign"":11.787400007247925,""dpkiOffchainAssertionVerify"":9.488599956035614,""dpkiAuthSignature"":1.9434000253677368}",0,,
0,DPKI,51,intra-off-chain,false,false,128907.67690066657,137916.78120068868,137990.17810068687,73.39689999818802,0,73.39689999818802,0,1,1,65,"{""dpkiOffchainCertTransferHttp"":5.263100028038025,""dpkiMptProofHttpQuery"":24.14319998025894,""dpkiMptProofSignerCertVerify"":9.470800042152405,""dpkiMptProofResponseVerify"":0.4315999746322632,""dpkiChainRootRead"":1.9351999759674072,""dpkiMptVerify"":0.36890000104904175,""dpkiOpenSslVerifyCert"":9.596399962902069,""dpkiOffchainAssertionSign"":11.428900003433228,""dpkiOffchainAssertionVerify"":8.510299980640411,""dpkiAuthSignature"":1.8583999872207642}",0,,
0,DPKI,52,intra-off-chain,false,false,129678.38122544583,138687.48552546796,138746.49352548417,59.00800001621246,0,59.00800001621246,0,1,1,65,"{""dpkiOffchainCertTransferHttp"":5.31029999256134,""dpkiMptProofHttpQuery"":9.871200025081635,""dpkiMptProofSignerCertVerify"":9.516099989414215,""dpkiMptProofResponseVerify"":0.42659997940063477,""dpkiChainRootRead"":2,""dpkiMptVerify"":0.3596000075340271,""dpkiOpenSslVerifyCert"":8.917200028896332,""dpkiOffchainAssertionSign"":11.551699995994568,""dpkiOffchainAssertionVerify"":8.735700011253357,""dpkiAuthSignature"":1.794800043106079}",0,,
0,DPKI,53,intra-off-chain,false,false,131791.53933279196,140800.64363281408,140852.9491328446,52.30550003051758,0,52.30550003051758,0,1,1,65,"{""dpkiOffchainCertTransferHttp"":0.7598999738693237,""dpkiMptProofHttpQuery"":7.2276999950408936,""dpkiMptProofSignerCertVerify"":9.470200002193451,""dpkiMptProofResponseVerify"":0.4546000361442566,""dpkiChainRootRead"":1.8813999891281128,""dpkiMptVerify"":0.35519999265670776,""dpkiOpenSslVerifyCert"":9.100600004196167,""dpkiOffchainAssertionSign"":11.728299975395203,""dpkiOffchainAssertionVerify"":9.048399984836578,""dpkiAuthSignature"":1.907800018787384}",0,,
0,DPKI,54,intra-off-chain,false,false,135799.7909114632,144808.89521148533,144861.22771146626,52.332499980926514,0,52.332499980926514,0,1,1,65,"{""dpkiOffchainCertTransferHttp"":0.9787999987602234,""dpkiMptProofHttpQuery"":6.499199986457825,""dpkiMptProofSignerCertVerify"":9.34610003232956,""dpkiMptProofResponseVerify"":0.43709999322891235,""dpkiChainRootRead"":1.7232000231742859,""dpkiMptVerify"":0.35750001668930054,""dpkiOpenSslVerifyCert"":9.20200002193451,""dpkiOffchainAssertionSign"":11.605699956417084,""dpkiOffchainAssertionVerify"":9.90259999036789,""dpkiAuthSignature"":1.8993000388145447}",0,,
0,DPKI,55,intra-off-chain,false,false,138055.6918099471,147064.79610996923,147112.13460999212,47.338500022888184,0,47.338500022888184,0,1,1,65,"{""dpkiOffchainCertTransferHttp"":0.511400043964386,""dpkiMptProofHttpQuery"":3.0256999731063843,""dpkiMptProofSignerCertVerify"":9.712199985980988,""dpkiMptProofResponseVerify"":0.43199998140335083,""dpkiChainRootRead"":1.752199947834015,""dpkiMptVerify"":0.3655000329017639,""dpkiOpenSslVerifyCert"":9.032700002193451,""dpkiOffchainAssertionSign"":11.52130001783371,""dpkiOffchainAssertionVerify"":8.647000014781952,""dpkiAuthSignature"":1.9498000144958496}",0,,
0,DPKI,56,intra-off-chain,false,false,139504.74429334435,148513.84859336648,148596.49309338364,82.64450001716614,0,82.64450001716614,0,1,1,65,"{""dpkiOffchainCertTransferHttp"":1.0703999996185303,""dpkiMptProofHttpQuery"":35.50369995832443,""dpkiMptProofSignerCertVerify"":9.98199999332428,""dpkiMptProofResponseVerify"":0.43950003385543823,""dpkiChainRootRead"":1.8622000217437744,""dpkiMptVerify"":0.37150001525878906,""dpkiOpenSslVerifyCert"":9.337500035762787,""dpkiOffchainAssertionSign"":11.865599989891052,""dpkiOffchainAssertionVerify"":9.526300013065338,""dpkiAuthSignature"":2.274399995803833}",0,,
0,DPKI,57,intra-off-chain,false,false,141940.66664023174,150949.77094025386,151024.83134026302,75.06040000915527,0,75.06040000915527,0,1,1,65,"{""dpkiOffchainCertTransferHttp"":2.5000999569892883,""dpkiMptProofHttpQuery"":27.906700015068054,""dpkiMptProofSignerCertVerify"":9.513999998569489,""dpkiMptProofResponseVerify"":0.46710002422332764,""dpkiChainRootRead"":1.9819000363349915,""dpkiMptVerify"":0.36480003595352173,""dpkiOpenSslVerifyCert"":9.1182000041008,""dpkiOffchainAssertionSign"":11.513899981975555,""dpkiOffchainAssertionVerify"":9.34689998626709,""dpkiAuthSignature"":1.9271999597549438}",0,,
0,DPKI,58,intra-off-chain,false,false,143176.9736788174,152186.07797883952,152240.7073788544,54.62940001487732,0,54.62940001487732,0,1,1,65,"{""dpkiOffchainCertTransferHttp"":0.9375999569892883,""dpkiMptProofHttpQuery"":8.664700031280518,""dpkiMptProofSignerCertVerify"":9.522199988365173,""dpkiMptProofResponseVerify"":0.4628000259399414,""dpkiChainRootRead"":2.1514999866485596,""dpkiMptVerify"":0.4145999550819397,""dpkiOpenSslVerifyCert"":9.772299945354462,""dpkiOffchainAssertionSign"":11.574100017547607,""dpkiOffchainAssertionVerify"":8.808000028133392,""dpkiAuthSignature"":1.8960000276565552}",0,,
0,DPKI,59,intra-off-chain,false,false,143270.36656336716,152279.4708633893,152336.49286340407,57.02200001478195,0,57.02200001478195,0,1,1,65,"{""dpkiOffchainCertTransferHttp"":3.007699966430664,""dpkiMptProofHttpQuery"":6.4253000020980835,""dpkiMptProofSignerCertVerify"":9.464200019836426,""dpkiMptProofResponseVerify"":0.42590004205703735,""dpkiChainRootRead"":2.0449000000953674,""dpkiMptVerify"":0.5269999504089355,""dpkiOpenSslVerifyCert"":9.515500009059906,""dpkiOffchainAssertionSign"":11.814999997615814,""dpkiOffchainAssertionVerify"":11.498000025749207,""dpkiAuthSignature"":1.920799970626831}",0,,
0,DPKI,60,intra-off-chain,false,false,144507.95434000608,153517.0586400282,153578.54693999406,61.48829996585846,0,61.48829996585846,0,1,1,65,"{""dpkiOffchainCertTransferHttp"":0.6504999995231628,""dpkiMptProofHttpQuery"":4.155900001525879,""dpkiMptProofSignerCertVerify"":10.797500014305115,""dpkiMptProofResponseVerify"":0.5281000137329102,""dpkiChainRootRead"":2.5582000017166138,""dpkiMptVerify"":0.4355999827384949,""dpkiOpenSslVerifyCert"":12.553000032901764,""dpkiOffchainAssertionSign"":15.384099960327148,""dpkiOffchainAssertionVerify"":11.927699983119965,""dpkiAuthSignature"":2.053000032901764}",0,,
0,DPKI,61,intra-off-chain,false,false,146774.46479199018,155783.5690920123,155876.7199920186,93.15090000629425,0,93.15090000629425,0,1,1,65,"{""dpkiOffchainCertTransferHttp"":0.6580999493598938,""dpkiMptProofHttpQuery"":45.933399975299835,""dpkiMptProofSignerCertVerify"":9.751900017261505,""dpkiMptProofResponseVerify"":0.5216999650001526,""dpkiChainRootRead"":2.2647000551223755,""dpkiMptVerify"":0.3862999677658081,""dpkiOpenSslVerifyCert"":9.412199974060059,""dpkiOffchainAssertionSign"":12.47630000114441,""dpkiOffchainAssertionVerify"":9.367599964141846,""dpkiAuthSignature"":1.936900019645691}",0,,
0,DPKI,62,intra-off-chain,false,false,147997.97730700963,157007.08160703175,157067.70550702803,60.62389999628067,0,60.62389999628067,0,1,1,65,"{""dpkiOffchainCertTransferHttp"":1.205399990081787,""dpkiMptProofHttpQuery"":14.08619999885559,""dpkiMptProofSignerCertVerify"":9.702800035476685,""dpkiMptProofResponseVerify"":0.4717000126838684,""dpkiChainRootRead"":2.005299985408783,""dpkiMptVerify"":0.4028000235557556,""dpkiOpenSslVerifyCert"":9.335299968719482,""dpkiOffchainAssertionSign"":12.07449996471405,""dpkiOffchainAssertionVerify"":9.12940001487732,""dpkiAuthSignature"":1.7761000394821167}",0,,
0,DPKI,63,intra-off-chain,false,false,152913.31959143636,161922.4238914585,161972.3339914417,49.91009998321533,0,49.91009998321533,0,1,1,65,"{""dpkiOffchainCertTransferHttp"":0.3623000383377075,""dpkiMptProofHttpQuery"":4.083200037479401,""dpkiMptProofSignerCertVerify"":9.697200000286102,""dpkiMptProofResponseVerify"":0.49129998683929443,""dpkiChainRootRead"":1.9787999987602234,""dpkiMptVerify"":0.36500000953674316,""dpkiOpenSslVerifyCert"":9.572899997234344,""dpkiOffchainAssertionSign"":11.94350004196167,""dpkiOffchainAssertionVerify"":9.194300055503845,""dpkiAuthSignature"":1.8181999921798706}",0,,
0,DPKI,64,intra-off-chain,false,false,153174.45899192948,162183.5632919516,162235.69009195227,52.12680000066757,0,52.12680000066757,0,1,1,65,"{""dpkiOffchainCertTransferHttp"":0.33449995517730713,""dpkiMptProofHttpQuery"":3.715000033378601,""dpkiMptProofSignerCertVerify"":9.98360002040863,""dpkiMptProofResponseVerify"":0.5051999688148499,""dpkiChainRootRead"":2.114300012588501,""dpkiMptVerify"":0.37449997663497925,""dpkiOpenSslVerifyCert"":9.857400000095367,""dpkiOffchainAssertionSign"":12.288500010967255,""dpkiOffchainAssertionVerify"":10.524100005626678,""dpkiAuthSignature"":2.011899948120117}",0,,
0,DPKI,65,intra-off-chain,false,false,153630.69788154584,162639.80218156797,162700.96498152238,61.16279995441437,0,61.16279995441437,0,1,1,65,"{""dpkiOffchainCertTransferHttp"":0.5723000168800354,""dpkiMptProofHttpQuery"":6.120999991893768,""dpkiMptProofSignerCertVerify"":10.589600026607513,""dpkiMptProofResponseVerify"":0.5040000081062317,""dpkiChainRootRead"":1.9261999726295471,""dpkiMptVerify"":0.36390000581741333,""dpkiOpenSslVerifyCert"":10.13019996881485,""dpkiOffchainAssertionSign"":13.507699966430664,""dpkiOffchainAssertionVerify"":15.094799995422363,""dpkiAuthSignature"":1.8801000118255615}",0,,
0,DPKI,66,intra-off-chain,false,false,157265.78575754544,166274.89005756757,166330.3678575792,55.47780001163483,0,55.47780001163483,0,1,1,65,"{""dpkiOffchainCertTransferHttp"":2.315399944782257,""dpkiMptProofHttpQuery"":5.735700011253357,""dpkiMptProofSignerCertVerify"":10.26910001039505,""dpkiMptProofResponseVerify"":0.6603000164031982,""dpkiChainRootRead"":2.0164000391960144,""dpkiMptVerify"":0.3658999800682068,""dpkiOpenSslVerifyCert"":9.945899963378906,""dpkiOffchainAssertionSign"":12.065400004386902,""dpkiOffchainAssertionVerify"":9.801800012588501,""dpkiAuthSignature"":1.884600043296814}",0,,
0,DPKI,67,intra-off-chain,false,false,160773.72591850336,169782.8302185255,169835.51281854685,52.682600021362305,0,52.682600021362305,0,1,1,65,"{""dpkiOffchainCertTransferHttp"":0.33799999952316284,""dpkiMptProofHttpQuery"":5.991900026798248,""dpkiMptProofSignerCertVerify"":10.216600000858307,""dpkiMptProofResponseVerify"":0.45160001516342163,""dpkiChainRootRead"":2.0205999612808228,""dpkiMptVerify"":0.38099998235702515,""dpkiOpenSslVerifyCert"":9.85970002412796,""dpkiOffchainAssertionSign"":11.702800035476685,""dpkiOffchainAssertionVerify"":9.458400011062622,""dpkiAuthSignature"":1.8614000082015991}",0,,
0,DPKI,68,intra-off-chain,false,false,163703.17958040492,172712.28388042704,172765.63958038346,53.355699956417084,0,53.355699956417084,0,1,1,65,"{""dpkiOffchainCertTransferHttp"":0.5092000365257263,""dpkiMptProofHttpQuery"":4.420399963855743,""dpkiMptProofSignerCertVerify"":10.051400005817413,""dpkiMptProofResponseVerify"":0.48019999265670776,""dpkiChainRootRead"":1.732699990272522,""dpkiMptVerify"":0.4106000065803528,""dpkiOpenSslVerifyCert"":9.829699993133545,""dpkiOffchainAssertionSign"":11.927699983119965,""dpkiOffchainAssertionVerify"":11.366100013256073,""dpkiAuthSignature"":2.246500015258789}",0,,
0,DPKI,69,intra-off-chain,false,false,166468.70601857462,175477.81031859675,175555.50291860857,77.69260001182556,0,77.69260001182556,0,1,1,65,"{""dpkiOffchainCertTransferHttp"":1.0281999707221985,""dpkiMptProofHttpQuery"":30.481299996376038,""dpkiMptProofSignerCertVerify"":10.661399960517883,""dpkiMptProofResponseVerify"":0.4567999839782715,""dpkiChainRootRead"":1.8050999641418457,""dpkiMptVerify"":0.34299999475479126,""dpkiOpenSslVerifyCert"":9.969900012016296,""dpkiOffchainAssertionSign"":11.780200004577637,""dpkiOffchainAssertionVerify"":8.753700017929077,""dpkiAuthSignature"":2.005299985408783}",0,,
0,DPKI,70,intra-off-chain,false,false,169327.81358760377,178336.9178876259,178392.89028763553,55.97240000963211,0,55.97240000963211,0,1,1,65,"{""dpkiOffchainCertTransferHttp"":1.7443000078201294,""dpkiMptProofHttpQuery"":7.4133999943733215,""dpkiMptProofSignerCertVerify"":10.056400001049042,""dpkiMptProofResponseVerify"":0.4578999876976013,""dpkiChainRootRead"":1.8377000093460083,""dpkiMptVerify"":0.394599974155426,""dpkiOpenSslVerifyCert"":9.600799977779388,""dpkiOffchainAssertionSign"":12.405299961566925,""dpkiOffchainAssertionVerify"":9.850400030612946,""dpkiAuthSignature"":1.8025999665260315}",0,,
0,DPKI,71,intra-off-chain,false,false,169428.3855530842,178437.48985310632,178483.6639530881,46.17409998178482,0,46.17409998178482,0,1,1,65,"{""dpkiOffchainCertTransferHttp"":0.39590001106262207,""dpkiMptProofHttpQuery"":2.3274999856948853,""dpkiMptProofSignerCertVerify"":9.145699977874756,""dpkiMptProofResponseVerify"":0.417900025844574,""dpkiChainRootRead"":1.8411999940872192,""dpkiMptVerify"":0.4369000196456909,""dpkiOpenSslVerifyCert"":9.105000019073486,""dpkiOffchainAssertionSign"":11.7742999792099,""dpkiOffchainAssertionVerify"":8.573300004005432,""dpkiAuthSignature"":1.7865999937057495}",0,,
0,DPKI,72,intra-off-chain,false,false,172352.0236667817,181361.12796680382,181427.93446682146,66.80650001764297,0,66.80650001764297,0,1,1,65,"{""dpkiOffchainCertTransferHttp"":0.5719999670982361,""dpkiMptProofHttpQuery"":20.6288999915123,""dpkiMptProofSignerCertVerify"":9.377600014209747,""dpkiMptProofResponseVerify"":0.42320001125335693,""dpkiChainRootRead"":2.126599967479706,""dpkiMptVerify"":0.3693000078201294,""dpkiOpenSslVerifyCert"":9.764400005340576,""dpkiOffchainAssertionSign"":11.965000033378601,""dpkiOffchainAssertionVerify"":8.966600000858307,""dpkiAuthSignature"":2.2383999824523926}",0,,
0,DPKI,73,intra-off-chain,false,false,172957.84411621353,181966.94841623565,182059.04661619922,92.09819996356964,0,92.09819996356964,0,1,1,65,"{""dpkiOffchainCertTransferHttp"":3.1254000067710876,""dpkiMptProofHttpQuery"":43.30900001525879,""dpkiMptProofSignerCertVerify"":10.35019999742508,""dpkiMptProofResponseVerify"":0.4422000050544739,""dpkiChainRootRead"":1.7978000044822693,""dpkiMptVerify"":0.3411000370979309,""dpkiOpenSslVerifyCert"":9.458099961280823,""dpkiOffchainAssertionSign"":11.973299980163574,""dpkiOffchainAssertionVerify"":9.072899997234344,""dpkiAuthSignature"":1.8198999762535095}",0,,
0,DPKI,74,intra-off-chain,false,false,173924.27908500886,182933.383385031,183029.97118499732,96.5877999663353,0,96.5877999663353,0,1,1,65,"{""dpkiOffchainCertTransferHttp"":0.03850001096725464,""dpkiMptProofHttpQuery"":49.871499955654144,""dpkiMptProofSignerCertVerify"":9.925899982452393,""dpkiMptProofResponseVerify"":0.48489999771118164,""dpkiChainRootRead"":2.196000039577484,""dpkiMptVerify"":0.34850001335144043,""dpkiOpenSslVerifyCert"":9.372500002384186,""dpkiOffchainAssertionSign"":12.389100015163422,""dpkiOffchainAssertionVerify"":9.661700010299683,""dpkiAuthSignature"":1.8668000102043152}",0,,
0,DPKI,75,intra-off-chain,false,false,175868.23400663622,184877.33830665835,184937.62750666626,60.2892000079155,0,60.2892000079155,0,1,1,65,"{""dpkiOffchainCertTransferHttp"":0.20000004768371582,""dpkiMptProofHttpQuery"":14.2257000207901,""dpkiMptProofSignerCertVerify"":9.852500021457672,""dpkiMptProofResponseVerify"":0.4575999975204468,""dpkiChainRootRead"":1.9192000031471252,""dpkiMptVerify"":0.37070000171661377,""dpkiOpenSslVerifyCert"":9.249599993228912,""dpkiOffchainAssertionSign"":12.59630000591278,""dpkiOffchainAssertionVerify"":9.179799973964691,""dpkiAuthSignature"":1.8611000180244446}",0,,
0,DPKI,76,intra-off-chain,false,false,176635.2483005508,185644.35260057292,185696.60760056815,52.25499999523163,0,52.25499999523163,0,1,1,65,"{""dpkiOffchainCertTransferHttp"":1.6712000370025635,""dpkiMptProofHttpQuery"":4.872900009155273,""dpkiMptProofSignerCertVerify"":9.70169997215271,""dpkiMptProofResponseVerify"":0.4061000347137451,""dpkiChainRootRead"":2.142899990081787,""dpkiMptVerify"":0.3507000207901001,""dpkiOpenSslVerifyCert"":9.561500012874603,""dpkiOffchainAssertionSign"":12.412000000476837,""dpkiOffchainAssertionVerify"":8.795399963855743,""dpkiAuthSignature"":1.9598000049591064}",0,,
0,DPKI,77,intra-off-chain,false,false,182413.8021638188,191422.90646384092,191477.94106386037,55.034600019454956,0,55.034600019454956,0,1,1,65,"{""dpkiOffchainCertTransferHttp"":0.31269997358322144,""dpkiMptProofHttpQuery"":4.64790004491806,""dpkiMptProofSignerCertVerify"":9.135699987411499,""dpkiMptProofResponseVerify"":0.41300004720687866,""dpkiChainRootRead"":2.060200035572052,""dpkiMptVerify"":0.40130001306533813,""dpkiOpenSslVerifyCert"":10.148000001907349,""dpkiOffchainAssertionSign"":15.218500018119812,""dpkiOffchainAssertionVerify"":9.963100016117096,""dpkiAuthSignature"":2.357300043106079}",0,,
0,DPKI,78,intra-off-chain,false,false,182756.97947519057,191766.0837752127,191826.55197524064,60.46820002794266,0,60.46820002794266,0,1,1,65,"{""dpkiOffchainCertTransferHttp"":0.8518000245094299,""dpkiMptProofHttpQuery"":6.118500053882599,""dpkiMptProofSignerCertVerify"":12.966899991035461,""dpkiMptProofResponseVerify"":0.46469998359680176,""dpkiChainRootRead"":2.5175000429153442,""dpkiMptVerify"":0.35760003328323364,""dpkiOpenSslVerifyCert"":12.59309995174408,""dpkiOffchainAssertionSign"":12.452800035476685,""dpkiOffchainAssertionVerify"":9.430999994277954,""dpkiAuthSignature"":2.224000036716461}",0,,
0,DPKI,79,intra-off-chain,false,false,184505.71639443285,193514.82069445497,193569.537594446,54.71689999103546,0,54.71689999103546,0,1,1,65,"{""dpkiOffchainCertTransferHttp"":4.024599969387054,""dpkiMptProofHttpQuery"":3.531399965286255,""dpkiMptProofSignerCertVerify"":9.4932000041008,""dpkiMptProofResponseVerify"":0.4438999891281128,""dpkiChainRootRead"":2.3295000195503235,""dpkiMptVerify"":0.6906999945640564,""dpkiOpenSslVerifyCert"":10.169200003147125,""dpkiOffchainAssertionSign"":12.075100004673004,""dpkiOffchainAssertionVerify"":9.101100027561188,""dpkiAuthSignature"":2.4728000164031982}",0,,
0,DPKI,80,intra-off-chain,false,false,184852.48532132595,193861.58962134807,193916.05712131946,54.46749997138977,0,54.46749997138977,0,1,1,65,"{""dpkiOffchainCertTransferHttp"":0.6661999821662903,""dpkiMptProofHttpQuery"":7.632700026035309,""dpkiMptProofSignerCertVerify"":9.800999999046326,""dpkiMptProofResponseVerify"":0.48250001668930054,""dpkiChainRootRead"":1.9484000205993652,""dpkiMptVerify"":0.36559998989105225,""dpkiOpenSslVerifyCert"":10.282299995422363,""dpkiOffchainAssertionSign"":11.959600031375885,""dpkiOffchainAssertionVerify"":8.970999956130981,""dpkiAuthSignature"":1.9372000098228455}",0,,
0,DPKI,81,intra-off-chain,false,false,186612.70050985075,195621.80480987288,195669.66770989157,47.86290001869202,0,47.86290001869202,0,1,1,65,"{""dpkiOffchainCertTransferHttp"":0.5965999960899353,""dpkiMptProofHttpQuery"":2.7574999928474426,""dpkiMptProofSignerCertVerify"":9.211300015449524,""dpkiMptProofResponseVerify"":0.42260003089904785,""dpkiChainRootRead"":1.953000009059906,""dpkiMptVerify"":0.3367999792098999,""dpkiOpenSslVerifyCert"":9.395399987697601,""dpkiOffchainAssertionSign"":11.765399992465973,""dpkiOffchainAssertionVerify"":9.1007000207901,""dpkiAuthSignature"":1.9243000149726868}",0,,
0,DPKI,82,intra-off-chain,false,false,187567.3711509576,196576.47545097972,196628.9076509943,52.43220001459122,0,52.43220001459122,0,1,1,65,"{""dpkiOffchainCertTransferHttp"":0.3118000030517578,""dpkiMptProofHttpQuery"":7.732899963855743,""dpkiMptProofSignerCertVerify"":9.9307000041008,""dpkiMptProofResponseVerify"":0.42739999294281006,""dpkiChainRootRead"":1.6717000007629395,""dpkiMptVerify"":0.3564000129699707,""dpkiOpenSslVerifyCert"":9.157800018787384,""dpkiOffchainAssertionSign"":11.486600041389465,""dpkiOffchainAssertionVerify"":9.171800017356873,""dpkiAuthSignature"":1.812399983406067}",0,,
0,DPKI,83,intra-off-chain,false,false,188344.626818826,197353.7311188481,197409.10981886604,55.37870001792908,0,55.37870001792908,0,1,1,65,"{""dpkiOffchainCertTransferHttp"":0.8375999927520752,""dpkiMptProofHttpQuery"":4.137000024318695,""dpkiMptProofSignerCertVerify"":10.083900034427643,""dpkiMptProofResponseVerify"":0.49230003356933594,""dpkiChainRootRead"":2.069800019264221,""dpkiMptVerify"":0.3824999928474426,""dpkiOpenSslVerifyCert"":9.895300030708313,""dpkiOffchainAssertionSign"":15.066899955272675,""dpkiOffchainAssertionVerify"":9.886299967765808,""dpkiAuthSignature"":2.027399957180023}",0,,
0,DPKI,84,intra-off-chain,false,false,190894.1104253753,199903.2147253974,199981.33412542182,78.11940002441406,0,78.11940002441406,0,1,1,65,"{""dpkiOffchainCertTransferHttp"":0.2702999711036682,""dpkiMptProofHttpQuery"":30.477500021457672,""dpkiMptProofSignerCertVerify"":9.82590001821518,""dpkiMptProofResponseVerify"":0.4722999930381775,""dpkiChainRootRead"":2.015600025653839,""dpkiMptVerify"":0.43290001153945923,""dpkiOpenSslVerifyCert"":9.93180000782013,""dpkiOffchainAssertionSign"":12.658100008964539,""dpkiOffchainAssertionVerify"":9.688400030136108,""dpkiAuthSignature"":1.9235999584197998}",0,,
0,DPKI,85,intra-off-chain,false,false,194092.63219601108,203101.7364960332,203162.87309599115,61.13659995794296,0,61.13659995794296,0,1,1,65,"{""dpkiOffchainCertTransferHttp"":0.06720000505447388,""dpkiMptProofHttpQuery"":13.927500009536743,""dpkiMptProofSignerCertVerify"":9.96619999408722,""dpkiMptProofResponseVerify"":0.586400032043457,""dpkiChainRootRead"":2.1201000213623047,""dpkiMptVerify"":0.4047999978065491,""dpkiOpenSslVerifyCert"":9.91729998588562,""dpkiOffchainAssertionSign"":12.369099974632263,""dpkiOffchainAssertionVerify"":9.366499960422516,""dpkiAuthSignature"":2.026699960231781}",0,,
0,DPKI,86,intra-off-chain,false,false,194652.57691719252,203661.68121721465,203737.0349171968,75.35369998216629,0,75.35369998216629,0,1,1,65,"{""dpkiOffchainCertTransferHttp"":0.6078000068664551,""dpkiMptProofHttpQuery"":29.07499998807907,""dpkiMptProofSignerCertVerify"":9.705399990081787,""dpkiMptProofResponseVerify"":0.44450002908706665,""dpkiChainRootRead"":1.7144999504089355,""dpkiMptVerify"":0.3769000172615051,""dpkiOpenSslVerifyCert"":9.340400040149689,""dpkiOffchainAssertionSign"":12.575699985027313,""dpkiOffchainAssertionVerify"":9.266200006008148,""dpkiAuthSignature"":1.837499976158142}",0,,
0,DPKI,87,intra-off-chain,false,false,195707.66909024064,204716.77339026277,204766.0457902247,49.272399961948395,0,49.272399961948395,0,1,1,65,"{""dpkiOffchainCertTransferHttp"":0.6355999708175659,""dpkiMptProofHttpQuery"":2.4269999861717224,""dpkiMptProofSignerCertVerify"":9.461899995803833,""dpkiMptProofResponseVerify"":0.41659998893737793,""dpkiChainRootRead"":1.9402999877929688,""dpkiMptVerify"":0.352400004863739,""dpkiOpenSslVerifyCert"":9.793200016021729,""dpkiOffchainAssertionSign"":12.5,""dpkiOffchainAssertionVerify"":9.48309999704361,""dpkiAuthSignature"":1.8686000108718872}",0,,
0,DPKI,88,intra-off-chain,false,false,196073.5743311744,205082.67863119653,205142.88993121198,60.211300015449524,0,60.211300015449524,0,1,1,65,"{""dpkiOffchainCertTransferHttp"":0.8626999855041504,""dpkiMptProofHttpQuery"":12.475299954414368,""dpkiMptProofSignerCertVerify"":9.809499979019165,""dpkiMptProofResponseVerify"":0.49879997968673706,""dpkiChainRootRead"":1.9969000220298767,""dpkiMptVerify"":0.37849998474121094,""dpkiOpenSslVerifyCert"":9.808300018310547,""dpkiOffchainAssertionSign"":12.265200018882751,""dpkiOffchainAssertionVerify"":9.80790001153946,""dpkiAuthSignature"":1.8920000195503235}",0,,
0,DPKI,89,intra-off-chain,false,false,201799.74386702513,210808.84816704725,210859.19766704773,50.34950000047684,0,50.34950000047684,0,1,1,65,"{""dpkiOffchainCertTransferHttp"":0.7572000026702881,""dpkiMptProofHttpQuery"":5.068499982357025,""dpkiMptProofSignerCertVerify"":9.659099996089935,""dpkiMptProofResponseVerify"":0.48669999837875366,""dpkiChainRootRead"":1.86080002784729,""dpkiMptVerify"":0.3774999976158142,""dpkiOpenSslVerifyCert"":8.824999988079071,""dpkiOffchainAssertionSign"":11.717400014400482,""dpkiOffchainAssertionVerify"":9.310999989509583,""dpkiAuthSignature"":1.9229000210762024}",0,,
0,DPKI,90,intra-off-chain,false,false,202501.6342285589,211510.73852858102,211562.1941286043,51.45560002326965,0,51.45560002326965,0,1,1,65,"{""dpkiOffchainCertTransferHttp"":0.7599999904632568,""dpkiMptProofHttpQuery"":5.990799963474274,""dpkiMptProofSignerCertVerify"":9.873000025749207,""dpkiMptProofResponseVerify"":0.45899999141693115,""dpkiChainRootRead"":1.9067999720573425,""dpkiMptVerify"":0.4038999676704407,""dpkiOpenSslVerifyCert"":9.350899994373322,""dpkiOffchainAssertionSign"":11.58349996805191,""dpkiOffchainAssertionVerify"":8.937699973583221,""dpkiAuthSignature"":1.8057000041007996}",0,,
0,DPKI,91,intra-off-chain,false,false,203639.93181985046,212649.0361198726,212703.451819891,54.415700018405914,0,54.415700018405914,0,1,1,65,"{""dpkiOffchainCertTransferHttp"":2.15010005235672,""dpkiMptProofHttpQuery"":5.155100047588348,""dpkiMptProofSignerCertVerify"":9.405600011348724,""dpkiMptProofResponseVerify"":0.47839999198913574,""dpkiChainRootRead"":2.194000005722046,""dpkiMptVerify"":0.35589998960494995,""dpkiOpenSslVerifyCert"":9.751299977302551,""dpkiOffchainAssertionSign"":12.168200016021729,""dpkiOffchainAssertionVerify"":10.48199999332428,""dpkiAuthSignature"":1.8712999820709229}",0,,
0,DPKI,92,intra-off-chain,false,false,204001.46652887613,213010.57082889826,213066.2984288767,55.72759997844696,0,55.72759997844696,0,1,1,65,"{""dpkiOffchainCertTransferHttp"":0.5266000032424927,""dpkiMptProofHttpQuery"":7.953800022602081,""dpkiMptProofSignerCertVerify"":9.739300012588501,""dpkiMptProofResponseVerify"":0.4025999903678894,""dpkiChainRootRead"":1.9921000003814697,""dpkiMptVerify"":0.5290000438690186,""dpkiOpenSslVerifyCert"":10.156599998474121,""dpkiOffchainAssertionSign"":12.389999985694885,""dpkiOffchainAssertionVerify"":9.773999989032745,""dpkiAuthSignature"":1.8630000352859497}",0,,
0,DPKI,93,intra-off-chain,false,false,206867.39424543898,215876.4985454611,215931.43784546177,54.93930000066757,0,54.93930000066757,0,1,1,65,"{""dpkiOffchainCertTransferHttp"":3.875699996948242,""dpkiMptProofHttpQuery"":5.043299973011017,""dpkiMptProofSignerCertVerify"":10.100799977779388,""dpkiMptProofResponseVerify"":0.4879000186920166,""dpkiChainRootRead"":1.6313999891281128,""dpkiMptVerify"":0.35329997539520264,""dpkiOpenSslVerifyCert"":9.212800025939941,""dpkiOffchainAssertionSign"":12.492599964141846,""dpkiOffchainAssertionVerify"":9.417699992656708,""dpkiAuthSignature"":1.8648000359535217}",0,,
0,DPKI,94,intra-off-chain,false,false,209841.6854648156,218850.7897648377,218922.46346487233,71.67370003461838,0,71.67370003461838,0,1,1,65,"{""dpkiOffchainCertTransferHttp"":0.2851000428199768,""dpkiMptProofHttpQuery"":25.19570004940033,""dpkiMptProofSignerCertVerify"":9.84060001373291,""dpkiMptProofResponseVerify"":0.4368000030517578,""dpkiChainRootRead"":1.7732999920845032,""dpkiMptVerify"":0.3824999928474426,""dpkiOpenSslVerifyCert"":9.551500022411346,""dpkiOffchainAssertionSign"":12.414200007915497,""dpkiOffchainAssertionVerify"":9.536200046539307,""dpkiAuthSignature"":1.8598000407218933}",0,,
0,DPKI,95,intra-off-chain,false,false,210312.60569969378,219321.7099997159,219372.36809972487,50.65810000896454,0,50.65810000896454,0,1,1,65,"{""dpkiOffchainCertTransferHttp"":2.253600001335144,""dpkiMptProofHttpQuery"":3.8977999687194824,""dpkiMptProofSignerCertVerify"":9.70719999074936,""dpkiMptProofResponseVerify"":0.4314999580383301,""dpkiChainRootRead"":1.791100025177002,""dpkiMptVerify"":0.36729997396469116,""dpkiOpenSslVerifyCert"":9.371200025081635,""dpkiOffchainAssertionSign"":11.554200053215027,""dpkiOffchainAssertionVerify"":8.926999986171722,""dpkiAuthSignature"":1.945099949836731}",0,,
0,DPKI,96,intra-off-chain,false,false,211064.95641965812,220074.06071968024,220126.93131966537,52.87059998512268,0,52.87059998512268,0,1,1,65,"{""dpkiOffchainCertTransferHttp"":0.8318000435829163,""dpkiMptProofHttpQuery"":2.916800022125244,""dpkiMptProofSignerCertVerify"":9.676500022411346,""dpkiMptProofResponseVerify"":0.43059998750686646,""dpkiChainRootRead"":1.8119999766349792,""dpkiMptVerify"":0.36900001764297485,""dpkiOpenSslVerifyCert"":9.505800008773804,""dpkiOffchainAssertionSign"":14.979200005531311,""dpkiOffchainAssertionVerify"":10.035799980163574,""dpkiAuthSignature"":1.8657999634742737}",0,,
0,DPKI,97,intra-off-chain,false,false,212759.22140965392,221768.32570967605,221835.82280967166,67.4970999956131,0,67.4970999956131,0,1,1,65,"{""dpkiOffchainCertTransferHttp"":0.563800036907196,""dpkiMptProofHttpQuery"":18.657999992370605,""dpkiMptProofSignerCertVerify"":10.344099998474121,""dpkiMptProofResponseVerify"":0.4375,""dpkiChainRootRead"":1.987600028514862,""dpkiMptVerify"":0.37460005283355713,""dpkiOpenSslVerifyCert"":10.189999997615814,""dpkiOffchainAssertionSign"":13.09579998254776,""dpkiOffchainAssertionVerify"":9.44489997625351,""dpkiAuthSignature"":1.9765999913215637}",0,,
0,DPKI,98,intra-off-chain,false,false,215729.08675347432,224738.19105349644,224818.45875351294,80.26770001649857,0,80.26770001649857,0,1,1,65,"{""dpkiOffchainCertTransferHttp"":2.463800013065338,""dpkiMptProofHttpQuery"":26.028500020503998,""dpkiMptProofSignerCertVerify"":14.795199990272522,""dpkiMptProofResponseVerify"":0.4799000024795532,""dpkiChainRootRead"":2.640399992465973,""dpkiMptVerify"":0.3647000193595886,""dpkiOpenSslVerifyCert"":9.891099989414215,""dpkiOffchainAssertionSign"":12.00629997253418,""dpkiOffchainAssertionVerify"":9.382600009441376,""dpkiAuthSignature"":1.8022000193595886}",0,,
0,DPKI,99,intra-off-chain,false,false,216267.93747252788,225277.04177255,225332.70137256946,55.659600019454956,0,55.659600019454956,0,1,1,65,"{""dpkiOffchainCertTransferHttp"":1.5202000141143799,""dpkiMptProofHttpQuery"":9.608900010585785,""dpkiMptProofSignerCertVerify"":9.55919998884201,""dpkiMptProofResponseVerify"":0.5692999958992004,""dpkiChainRootRead"":1.974399983882904,""dpkiMptVerify"":0.35180002450942993,""dpkiOpenSslVerifyCert"":9.449899971485138,""dpkiOffchainAssertionSign"":11.362399995326996,""dpkiOffchainAssertionVerify"":8.768500030040741,""dpkiAuthSignature"":2.1114999651908875}",0,,
0,DPKI,100,intra-off-chain,false,false,222256.23305966033,231265.33735968245,231317.8762596406,52.5388999581337,0,52.5388999581337,0,1,1,65,"{""dpkiOffchainCertTransferHttp"":0.632099986076355,""dpkiMptProofHttpQuery"":6.0662999749183655,""dpkiMptProofSignerCertVerify"":9.6492999792099,""dpkiMptProofResponseVerify"":0.42660003900527954,""dpkiChainRootRead"":1.8543000221252441,""dpkiMptVerify"":0.39800000190734863,""dpkiOpenSslVerifyCert"":8.972099959850311,""dpkiOffchainAssertionSign"":12.840300023555756,""dpkiOffchainAssertionVerify"":9.521099984645844,""dpkiAuthSignature"":1.7932000160217285}",0,,
0,DPKI,101,intra-off-chain,false,false,223730.50644863996,232739.6107486621,232799.0181486741,59.407400012016296,0,59.407400012016296,0,1,1,65,"{""dpkiOffchainCertTransferHttp"":0.717799961566925,""dpkiMptProofHttpQuery"":11.078700006008148,""dpkiMptProofSignerCertVerify"":9.660500049591064,""dpkiMptProofResponseVerify"":0.4347999691963196,""dpkiChainRootRead"":2.0824999809265137,""dpkiMptVerify"":0.3611999750137329,""dpkiOpenSslVerifyCert"":9.468299984931946,""dpkiOffchainAssertionSign"":13.126299977302551,""dpkiOffchainAssertionVerify"":10.169200003147125,""dpkiAuthSignature"":1.878600001335144}",0,,
0,DPKI,102,intra-off-chain,false,false,224220.1895838695,233229.29388389163,233279.5809839087,50.28710001707077,0,50.28710001707077,0,1,1,65,"{""dpkiOffchainCertTransferHttp"":0.15359997749328613,""dpkiMptProofHttpQuery"":2.548400044441223,""dpkiMptProofSignerCertVerify"":9.584399998188019,""dpkiMptProofResponseVerify"":0.423799991607666,""dpkiChainRootRead"":2.0531999468803406,""dpkiMptVerify"":0.34860002994537354,""dpkiOpenSslVerifyCert"":9.53250002861023,""dpkiOffchainAssertionSign"":12.924600005149841,""dpkiOffchainAssertionVerify"":10.424899995326996,""dpkiAuthSignature"":1.866200029850006}",0,,
0,DPKI,103,intra-off-chain,false,false,226104.01234354268,235113.1166435648,235169.41234357844,56.29570001363754,0,56.29570001363754,0,1,1,65,"{""dpkiOffchainCertTransferHttp"":1.815500020980835,""dpkiMptProofHttpQuery"":4.095699965953827,""dpkiMptProofSignerCertVerify"":9.769299983978271,""dpkiMptProofResponseVerify"":0.5041999816894531,""dpkiChainRootRead"":2.114300012588501,""dpkiMptVerify"":0.3515999913215637,""dpkiOpenSslVerifyCert"":11.076900005340576,""dpkiOffchainAssertionSign"":13.952400028705597,""dpkiOffchainAssertionVerify"":9.854200005531311,""dpkiAuthSignature"":1.817900002002716}",0,,
0,DPKI,104,intra-off-chain,false,false,226867.54972778767,235876.6540278098,235935.80292778224,59.14889997243881,0,59.14889997243881,0,1,1,65,"{""dpkiOffchainCertTransferHttp"":0.5452999472618103,""dpkiMptProofHttpQuery"":13.165700018405914,""dpkiMptProofSignerCertVerify"":9.865900039672852,""dpkiMptProofResponseVerify"":0.4659000039100647,""dpkiChainRootRead"":1.796400010585785,""dpkiMptVerify"":0.3675999641418457,""dpkiOpenSslVerifyCert"":9.645399987697601,""dpkiOffchainAssertionSign"":12.135900020599365,""dpkiOffchainAssertionVerify"":8.930000007152557,""dpkiAuthSignature"":1.8238000273704529}",0,,
0,DPKI,105,intra-off-chain,false,false,227115.1457312817,236124.25003130382,236217.86403132623,93.61400002241135,0,93.61400002241135,0,1,1,65,"{""dpkiOffchainCertTransferHttp"":0.4203000068664551,""dpkiMptProofHttpQuery"":47.1114000082016,""dpkiMptProofSignerCertVerify"":10.060999989509583,""dpkiMptProofResponseVerify"":0.4338000416755676,""dpkiChainRootRead"":2.1205999851226807,""dpkiMptVerify"":0.35519999265670776,""dpkiOpenSslVerifyCert"":9.052300035953522,""dpkiOffchainAssertionSign"":12.046400010585785,""dpkiOffchainAssertionVerify"":9.751900017261505,""dpkiAuthSignature"":1.867799997329712}",0,,
0,DPKI,106,intra-off-chain,false,false,228027.59628449244,237036.70058451456,237097.23858450216,60.537999987602234,0,60.537999987602234,0,1,1,65,"{""dpkiOffchainCertTransferHttp"":0.4424999952316284,""dpkiMptProofHttpQuery"":14.782999992370605,""dpkiMptProofSignerCertVerify"":9.53380000591278,""dpkiMptProofResponseVerify"":0.5085999965667725,""dpkiChainRootRead"":2.002400040626526,""dpkiMptVerify"":0.40450000762939453,""dpkiOpenSslVerifyCert"":9.717400014400482,""dpkiOffchainAssertionSign"":12.273200035095215,""dpkiOffchainAssertionVerify"":8.587099969387054,""dpkiAuthSignature"":1.883799970149994}",0,,
0,DPKI,107,intra-off-chain,false,false,228980.67913952988,237989.783439552,238041.69053957384,51.90710002183914,0,51.90710002183914,0,1,1,65,"{""dpkiOffchainCertTransferHttp"":0.714400053024292,""dpkiMptProofHttpQuery"":5.327600002288818,""dpkiMptProofSignerCertVerify"":9.152500033378601,""dpkiMptProofResponseVerify"":0.48500001430511475,""dpkiChainRootRead"":1.9886000156402588,""dpkiMptVerify"":0.4571000337600708,""dpkiOpenSslVerifyCert"":9.476899981498718,""dpkiOffchainAssertionSign"":12.711300015449524,""dpkiOffchainAssertionVerify"":9.34529995918274,""dpkiAuthSignature"":1.8199999928474426}",0,,
0,DPKI,108,intra-off-chain,false,false,229407.94629382357,238417.0505938457,238488.09599380955,71.04539996385574,0,71.04539996385574,0,1,1,65,"{""dpkiOffchainCertTransferHttp"":0.4296000003814697,""dpkiMptProofHttpQuery"":25.83660000562668,""dpkiMptProofSignerCertVerify"":9.373000025749207,""dpkiMptProofResponseVerify"":0.44999998807907104,""dpkiChainRootRead"":2.0453999638557434,""dpkiMptVerify"":0.47780001163482666,""dpkiOpenSslVerifyCert"":9.309100031852722,""dpkiOffchainAssertionSign"":11.707799971103668,""dpkiOffchainAssertionVerify"":9.2014000415802,""dpkiAuthSignature"":1.7882999777793884}",0,,
0,DPKI,109,intra-off-chain,false,false,230082.03554702684,239091.13984704897,239141.8497470109,50.709899961948395,0,50.709899961948395,0,1,1,65,"{""dpkiOffchainCertTransferHttp"":1.4842000007629395,""dpkiMptProofHttpQuery"":2.962599992752075,""dpkiMptProofSignerCertVerify"":9.538100004196167,""dpkiMptProofResponseVerify"":0.4706000089645386,""dpkiChainRootRead"":2.2093000411987305,""dpkiMptVerify"":0.3447999954223633,""dpkiOpenSslVerifyCert"":9.749300003051758,""dpkiOffchainAssertionSign"":12.351299941539764,""dpkiOffchainAssertionVerify"":9.30050003528595,""dpkiAuthSignature"":1.9075000286102295}",0,,
0,DPKI,110,intra-off-chain,false,false,232625.19867427016,241634.30297429228,241709.97537429,75.67239999771118,0,75.67239999771118,0,1,1,65,"{""dpkiOffchainCertTransferHttp"":1.8173999786376953,""dpkiMptProofHttpQuery"":28.547899961471558,""dpkiMptProofSignerCertVerify"":9.479900002479553,""dpkiMptProofResponseVerify"":0.4075999855995178,""dpkiChainRootRead"":2.1604999899864197,""dpkiMptVerify"":0.34439998865127563,""dpkiOpenSslVerifyCert"":9.030999958515167,""dpkiOffchainAssertionSign"":12.01800000667572,""dpkiOffchainAssertionVerify"":9.524399995803833,""dpkiAuthSignature"":1.9378000497817993}",0,,
0,DPKI,111,intra-off-chain,false,false,233828.01418976943,242837.11848979155,242898.65018980662,61.531700015068054,0,61.531700015068054,0,1,1,65,"{""dpkiOffchainCertTransferHttp"":0.7470999956130981,""dpkiMptProofHttpQuery"":12.954299986362457,""dpkiMptProofSignerCertVerify"":9.855099976062775,""dpkiMptProofResponseVerify"":0.5199999809265137,""dpkiChainRootRead"":1.8123000264167786,""dpkiMptVerify"":0.3442000150680542,""dpkiOpenSslVerifyCert"":10.993900001049042,""dpkiOffchainAssertionSign"":12.882099986076355,""dpkiOffchainAssertionVerify"":9.107299983501434,""dpkiAuthSignature"":1.8400999903678894}",0,,
0,DPKI,112,intra-off-chain,false,false,234498.31050408227,243507.4148041044,243560.2789041434,52.86410003900528,0,52.86410003900528,0,1,1,65,"{""dpkiOffchainCertTransferHttp"":0.30260002613067627,""dpkiMptProofHttpQuery"":6.546099960803986,""dpkiMptProofSignerCertVerify"":9.36540001630783,""dpkiMptProofResponseVerify"":0.43740004301071167,""dpkiChainRootRead"":1.9857999682426453,""dpkiMptVerify"":0.32910001277923584,""dpkiOpenSslVerifyCert"":10.106900036334991,""dpkiOffchainAssertionSign"":12.391200006008148,""dpkiOffchainAssertionVerify"":9.172899961471558,""dpkiAuthSignature"":1.824500024318695}",0,,
0,DPKI,113,intra-off-chain,false,false,234959.8719366344,243968.9762366565,244017.60873670896,48.63250005245209,0,48.63250005245209,0,1,1,65,"{""dpkiOffchainCertTransferHttp"":0.7878000140190125,""dpkiMptProofHttpQuery"":3.0685999989509583,""dpkiMptProofSignerCertVerify"":8.784099996089935,""dpkiMptProofResponseVerify"":0.3756999969482422,""dpkiChainRootRead"":1.9253999590873718,""dpkiMptVerify"":0.36619997024536133,""dpkiOpenSslVerifyCert"":9.720699965953827,""dpkiOffchainAssertionSign"":12.074100017547607,""dpkiOffchainAssertionVerify"":9.27240002155304,""dpkiAuthSignature"":1.849299967288971}",0,,
0,DPKI,114,intra-off-chain,false,false,235031.11642892045,244040.22072894257,244101.64852894229,61.4277999997139,0,61.4277999997139,0,1,1,65,"{""dpkiOffchainCertTransferHttp"":0.46140003204345703,""dpkiMptProofHttpQuery"":6.525499999523163,""dpkiMptProofSignerCertVerify"":10.266200006008148,""dpkiMptProofResponseVerify"":0.4687999486923218,""dpkiChainRootRead"":3.2110000252723694,""dpkiMptVerify"":0.35589998960494995,""dpkiOpenSslVerifyCert"":10.359799981117249,""dpkiOffchainAssertionSign"":14.94159996509552,""dpkiOffchainAssertionVerify"":12.52369999885559,""dpkiAuthSignature"":1.8776000142097473}",0,,
0,DPKI,115,intra-off-chain,false,false,235257.61571094434,244266.72001096647,244322.03981098573,55.31980001926422,0,55.31980001926422,0,1,1,65,"{""dpkiOffchainCertTransferHttp"":1.7225000262260437,""dpkiMptProofHttpQuery"":7.455799996852875,""dpkiMptProofSignerCertVerify"":9.966299951076508,""dpkiMptProofResponseVerify"":0.47499996423721313,""dpkiChainRootRead"":1.721399962902069,""dpkiMptVerify"":0.32770001888275146,""dpkiOpenSslVerifyCert"":9.290899991989136,""dpkiOffchainAssertionSign"":12.79069995880127,""dpkiOffchainAssertionVerify"":9.377400040626526,""dpkiAuthSignature"":1.7985999584197998}",0,,
0,DPKI,116,intra-off-chain,false,false,236763.95595133794,245773.06025136006,245826.98825139296,53.928000032901764,0,53.928000032901764,0,1,1,65,"{""dpkiOffchainCertTransferHttp"":1.5271999835968018,""dpkiMptProofHttpQuery"":7.4132000207901,""dpkiMptProofSignerCertVerify"":9.299899995326996,""dpkiMptProofResponseVerify"":0.41760003566741943,""dpkiChainRootRead"":2.1915000081062317,""dpkiMptVerify"":0.3532000184059143,""dpkiOpenSslVerifyCert"":9.784599959850311,""dpkiOffchainAssertionSign"":11.519999980926514,""dpkiOffchainAssertionVerify"":8.879499971866608,""dpkiAuthSignature"":2.15829998254776}",0,,
0,DPKI,117,intra-off-chain,false,false,236923.16317824574,245932.26747826787,245994.86287824364,62.59539997577667,0,62.59539997577667,0,1,1,65,"{""dpkiOffchainCertTransferHttp"":0.07819998264312744,""dpkiMptProofHttpQuery"":18.50499999523163,""dpkiMptProofSignerCertVerify"":9.515199959278107,""dpkiMptProofResponseVerify"":0.42739999294281006,""dpkiChainRootRead"":1.8587999939918518,""dpkiMptVerify"":0.3651999831199646,""dpkiOpenSslVerifyCert"":9.303799986839294,""dpkiOffchainAssertionSign"":11.779300034046173,""dpkiOffchainAssertionVerify"":8.564300000667572,""dpkiAuthSignature"":1.8149999976158142}",0,,
0,DPKI,118,intra-off-chain,false,false,237692.1680586156,246701.27235863774,246754.87705866664,53.60470002889633,0,53.60470002889633,0,1,1,65,"{""dpkiOffchainCertTransferHttp"":0.3367000222206116,""dpkiMptProofHttpQuery"":6.486599981784821,""dpkiMptProofSignerCertVerify"":9.660199999809265,""dpkiMptProofResponseVerify"":0.4456000328063965,""dpkiChainRootRead"":2.007799983024597,""dpkiMptVerify"":0.5918999910354614,""dpkiOpenSslVerifyCert"":9.300400018692017,""dpkiOffchainAssertionSign"":12.867300033569336,""dpkiOffchainAssertionVerify"":9.647199988365173,""dpkiAuthSignature"":1.879800021648407}",0,,
0,DPKI,119,intra-off-chain,false,false,238287.2014173042,247296.30571732632,247370.5124172937,74.20669996738434,0,74.20669996738434,0,1,1,65,"{""dpkiOffchainCertTransferHttp"":1.7754999995231628,""dpkiMptProofHttpQuery"":24.444099962711334,""dpkiMptProofSignerCertVerify"":9.659200012683868,""dpkiMptProofResponseVerify"":0.4339999556541443,""dpkiChainRootRead"":2.158500015735626,""dpkiMptVerify"":0.34619998931884766,""dpkiOpenSslVerifyCert"":9.692200005054474,""dpkiOffchainAssertionSign"":13.260000050067902,""dpkiOffchainAssertionVerify"":10.085900008678436,""dpkiAuthSignature"":1.9101999998092651}",0,,
0,DPKI,120,intra-off-chain,false,false,240656.3970431258,249665.50134314792,249727.6809431483,62.17960000038147,0,62.17960000038147,0,1,1,65,"{""dpkiOffchainCertTransferHttp"":1.0841999650001526,""dpkiMptProofHttpQuery"":12.927799999713898,""dpkiMptProofSignerCertVerify"":9.60290002822876,""dpkiMptProofResponseVerify"":0.4456999897956848,""dpkiChainRootRead"":2.2164000272750854,""dpkiMptVerify"":0.3441999554634094,""dpkiOpenSslVerifyCert"":9.881999969482422,""dpkiOffchainAssertionSign"":12.164499998092651,""dpkiOffchainAssertionVerify"":11.084399998188019,""dpkiAuthSignature"":2.0040000081062317}",0,,
0,DPKI,121,intra-off-chain,false,false,240920.6577481034,249929.76204812553,249978.98224812772,49.22020000219345,0,49.22020000219345,0,1,1,65,"{""dpkiOffchainCertTransferHttp"":0.616100013256073,""dpkiMptProofHttpQuery"":2.8917999863624573,""dpkiMptProofSignerCertVerify"":9.903199970722198,""dpkiMptProofResponseVerify"":0.5180000066757202,""dpkiChainRootRead"":2.2562000155448914,""dpkiMptVerify"":0.359000027179718,""dpkiOpenSslVerifyCert"":9.728299975395203,""dpkiOffchainAssertionSign"":11.916299998760223,""dpkiOffchainAssertionVerify"":8.772700011730194,""dpkiAuthSignature"":1.8612000346183777}",0,,
0,DPKI,122,intra-off-chain,false,false,242264.07190645125,251273.17620647338,251320.41020650056,47.23400002717972,0,47.23400002717972,0,1,1,65,"{""dpkiOffchainCertTransferHttp"":0.2662000060081482,""dpkiMptProofHttpQuery"":2.226700007915497,""dpkiMptProofSignerCertVerify"":9.122399985790253,""dpkiMptProofResponseVerify"":0.39149999618530273,""dpkiChainRootRead"":2.3652999997138977,""dpkiMptVerify"":0.33969998359680176,""dpkiOpenSslVerifyCert"":8.886900007724762,""dpkiOffchainAssertionSign"":11.897100031375885,""dpkiOffchainAssertionVerify"":8.946799993515015,""dpkiAuthSignature"":2.33050000667572}",0,,
0,DPKI,123,intra-off-chain,false,false,242361.62619613504,251370.73049615716,251440.0927961359,69.36229997873306,0,69.36229997873306,0,1,1,65,"{""dpkiOffchainCertTransferHttp"":2.0012999773025513,""dpkiMptProofHttpQuery"":22.28329998254776,""dpkiMptProofSignerCertVerify"":10.014899969100952,""dpkiMptProofResponseVerify"":0.4453999996185303,""dpkiChainRootRead"":1.9017000198364258,""dpkiMptVerify"":0.339400053024292,""dpkiOpenSslVerifyCert"":9.177599966526031,""dpkiOffchainAssertionSign"":12.211899995803833,""dpkiOffchainAssertionVerify"":8.820900022983551,""dpkiAuthSignature"":1.7782000303268433}",0,,
0,DPKI,124,intra-off-chain,false,false,242896.76180460068,251905.8661046228,251968.15920462224,62.293099999427795,0,62.293099999427795,0,1,1,65,"{""dpkiOffchainCertTransferHttp"":0.1162000298500061,""dpkiMptProofHttpQuery"":16.906800031661987,""dpkiMptProofSignerCertVerify"":9.450999975204468,""dpkiMptProofResponseVerify"":0.4230000376701355,""dpkiChainRootRead"":2.0954999923706055,""dpkiMptVerify"":0.35670000314712524,""dpkiOpenSslVerifyCert"":9.256200015544891,""dpkiOffchainAssertionSign"":12.087599992752075,""dpkiOffchainAssertionVerify"":9.278700053691864,""dpkiAuthSignature"":1.923799991607666}",0,,
0,DPKI,125,intra-off-chain,false,false,243728.5801271985,252737.68442722064,252798.64452727538,60.960100054740906,0,60.960100054740906,0,1,1,65,"{""dpkiOffchainCertTransferHttp"":1.8097000122070312,""dpkiMptProofHttpQuery"":7.5051000118255615,""dpkiMptProofSignerCertVerify"":10.058200001716614,""dpkiMptProofResponseVerify"":0.4578999876976013,""dpkiChainRootRead"":1.9067999720573425,""dpkiMptVerify"":0.3637999892234802,""dpkiOpenSslVerifyCert"":9.5760999917984,""dpkiOffchainAssertionSign"":17.433399975299835,""dpkiOffchainAssertionVerify"":9.587499976158142,""dpkiAuthSignature"":1.8668999671936035}",0,,
0,DPKI,126,intra-off-chain,false,false,245337.03089166532,254346.13519168744,254409.1995917047,63.064400017261505,0,63.064400017261505,0,1,1,65,"{""dpkiOffchainCertTransferHttp"":1.1190000176429749,""dpkiMptProofHttpQuery"":16.15880000591278,""dpkiMptProofSignerCertVerify"":9.790700018405914,""dpkiMptProofResponseVerify"":0.4279000163078308,""dpkiChainRootRead"":1.9258000254631042,""dpkiMptVerify"":0.36319994926452637,""dpkiOpenSslVerifyCert"":9.369700014591217,""dpkiOffchainAssertionSign"":12.008799970149994,""dpkiOffchainAssertionVerify"":9.263999998569489,""dpkiAuthSignature"":2.2175999879837036}",0,,
0,DPKI,127,intra-off-chain,false,false,248451.75157494863,257460.85587497076,257508.1827749761,47.326900005340576,0,47.326900005340576,0,1,1,65,"{""dpkiOffchainCertTransferHttp"":0.11349999904632568,""dpkiMptProofHttpQuery"":3.0249000191688538,""dpkiMptProofSignerCertVerify"":9.439300000667572,""dpkiMptProofResponseVerify"":0.4052000045776367,""dpkiChainRootRead"":1.8963000178337097,""dpkiMptVerify"":0.36489999294281006,""dpkiOpenSslVerifyCert"":8.7364000082016,""dpkiOffchainAssertionSign"":12.23769998550415,""dpkiOffchainAssertionVerify"":8.887600004673004,""dpkiAuthSignature"":1.859499990940094}",0,,
0,DPKI,128,intra-off-chain,false,false,250517.0132646446,259526.11756466673,259585.62036465452,59.50279998779297,0,59.50279998779297,0,1,1,65,"{""dpkiOffchainCertTransferHttp"":0.01780003309249878,""dpkiMptProofHttpQuery"":14.265200018882751,""dpkiMptProofSignerCertVerify"":9.428299963474274,""dpkiMptProofResponseVerify"":0.3871999979019165,""dpkiChainRootRead"":1.8242000341415405,""dpkiMptVerify"":0.33880001306533813,""dpkiOpenSslVerifyCert"":9.707799971103668,""dpkiOffchainAssertionSign"":12.320899963378906,""dpkiOffchainAssertionVerify"":8.946000039577484,""dpkiAuthSignature"":1.855400025844574}",0,,
0,DPKI,129,intra-off-chain,false,false,252803.81034009016,261812.91464011229,261876.11514012373,63.20050001144409,0,63.20050001144409,0,1,1,65,"{""dpkiOffchainCertTransferHttp"":0.685699999332428,""dpkiMptProofHttpQuery"":16.59909999370575,""dpkiMptProofSignerCertVerify"":9.852600038051605,""dpkiMptProofResponseVerify"":0.43870002031326294,""dpkiChainRootRead"":2.104599952697754,""dpkiMptVerify"":0.34549999237060547,""dpkiOpenSslVerifyCert"":9.695599973201752,""dpkiOffchainAssertionSign"":11.681100010871887,""dpkiOffchainAssertionVerify"":9.564500033855438,""dpkiAuthSignature"":1.8378000259399414}",0,,
0,DPKI,130,intra-off-chain,false,false,254983.83149869967,263992.9357987218,264053.8348987274,60.89910000562668,0,60.89910000562668,0,1,1,65,"{""dpkiOffchainCertTransferHttp"":0.3960999846458435,""dpkiMptProofHttpQuery"":15.07480001449585,""dpkiMptProofSignerCertVerify"":9.50900000333786,""dpkiMptProofResponseVerify"":0.4406999945640564,""dpkiChainRootRead"":2.067300021648407,""dpkiMptVerify"":0.3188999891281128,""dpkiOpenSslVerifyCert"":9.226599991321564,""dpkiOffchainAssertionSign"":12.007000029087067,""dpkiOffchainAssertionVerify"":9.529900014400482,""dpkiAuthSignature"":1.9548999667167664}",0,,
0,DPKI,131,intra-off-chain,false,false,255106.31144736568,264115.4157473878,264181.00734738866,65.5916000008583,0,65.5916000008583,0,1,1,65,"{""dpkiOffchainCertTransferHttp"":0.9472999572753906,""dpkiMptProofHttpQuery"":18.664600014686584,""dpkiMptProofSignerCertVerify"":9.73309999704361,""dpkiMptProofResponseVerify"":0.4081999659538269,""dpkiChainRootRead"":2.239300012588501,""dpkiMptVerify"":0.3287000060081482,""dpkiOpenSslVerifyCert"":8.990399956703186,""dpkiOffchainAssertionSign"":12.428000032901764,""dpkiOffchainAssertionVerify"":9.62339997291565,""dpkiAuthSignature"":1.8344999551773071}",0,,
0,DPKI,132,intra-off-chain,false,false,258839.59963272393,267848.7039327461,267928.32263271394,79.61869996786118,0,79.61869996786118,0,1,1,65,"{""dpkiOffchainCertTransferHttp"":1.6501999497413635,""dpkiMptProofHttpQuery"":26.262099981307983,""dpkiMptProofSignerCertVerify"":12.076200008392334,""dpkiMptProofResponseVerify"":0.4544000029563904,""dpkiChainRootRead"":2.602899968624115,""dpkiMptVerify"":0.3367999792098999,""dpkiOpenSslVerifyCert"":11.75569999217987,""dpkiOffchainAssertionSign"":12.905400037765503,""dpkiOffchainAssertionVerify"":9.281899988651276,""dpkiAuthSignature"":1.8834999799728394}",0,,
0,DPKI,133,intra-off-chain,false,false,262171.0942616495,271180.1985616716,271231.5571616324,51.358599960803986,0,51.358599960803986,0,1,1,65,"{""dpkiOffchainCertTransferHttp"":1.632800042629242,""dpkiMptProofHttpQuery"":4.108500003814697,""dpkiMptProofSignerCertVerify"":10.086999952793121,""dpkiMptProofResponseVerify"":0.6029000282287598,""dpkiChainRootRead"":2.1217000484466553,""dpkiMptVerify"":0.3465999960899353,""dpkiOpenSslVerifyCert"":9.447800040245056,""dpkiOffchainAssertionSign"":11.86030000448227,""dpkiOffchainAssertionVerify"":8.790000021457672,""dpkiAuthSignature"":1.9800000190734863}",0,,
0,DPKI,134,intra-off-chain,false,false,264903.4888776903,273912.5931777124,273965.4725776677,52.879399955272675,0,52.879399955272675,0,1,1,65,"{""dpkiOffchainCertTransferHttp"":0.3347000479698181,""dpkiMptProofHttpQuery"":6.09469997882843,""dpkiMptProofSignerCertVerify"":10.06439995765686,""dpkiMptProofResponseVerify"":0.48750001192092896,""dpkiChainRootRead"":2.137499988079071,""dpkiMptVerify"":0.38760000467300415,""dpkiOpenSslVerifyCert"":9.479300022125244,""dpkiOffchainAssertionSign"":12.47630000114441,""dpkiOffchainAssertionVerify"":9.15420001745224,""dpkiAuthSignature"":1.8763999938964844}",0,,
0,DPKI,135,intra-off-chain,false,false,267746.20133686153,276755.30563688366,276830.71733689395,75.41170001029968,0,75.41170001029968,0,1,1,65,"{""dpkiOffchainCertTransferHttp"":1.838100016117096,""dpkiMptProofHttpQuery"":27.12710005044937,""dpkiMptProofSignerCertVerify"":10.34799998998642,""dpkiMptProofResponseVerify"":0.47930002212524414,""dpkiChainRootRead"":1.9908000230789185,""dpkiMptVerify"":0.37540000677108765,""dpkiOpenSslVerifyCert"":9.078100025653839,""dpkiOffchainAssertionSign"":11.977400004863739,""dpkiOffchainAssertionVerify"":9.838500022888184,""dpkiAuthSignature"":1.9602999687194824}",0,,
0,DPKI,136,intra-off-chain,false,false,268051.18277210376,277060.2870721259,277113.28077215335,52.99370002746582,0,52.99370002746582,0,1,1,65,"{""dpkiOffchainCertTransferHttp"":0.03829997777938843,""dpkiMptProofHttpQuery"":6.239800035953522,""dpkiMptProofSignerCertVerify"":9.707599997520447,""dpkiMptProofResponseVerify"":0.44349998235702515,""dpkiChainRootRead"":1.8603000044822693,""dpkiMptVerify"":0.3371000289916992,""dpkiOpenSslVerifyCert"":9.759200036525726,""dpkiOffchainAssertionSign"":12.687299966812134,""dpkiOffchainAssertionVerify"":9.405900001525879,""dpkiAuthSignature"":2.09689998626709}",0,,
0,DPKI,137,intra-off-chain,false,false,268154.8373583956,277163.94165841775,277224.593258421,60.65160000324249,0,60.65160000324249,0,1,1,65,"{""dpkiOffchainCertTransferHttp"":0.750499963760376,""dpkiMptProofHttpQuery"":10.691200017929077,""dpkiMptProofSignerCertVerify"":10.27480000257492,""dpkiMptProofResponseVerify"":0.4724999666213989,""dpkiChainRootRead"":2.1854000091552734,""dpkiMptVerify"":0.3263000249862671,""dpkiOpenSslVerifyCert"":10.569999992847443,""dpkiOffchainAssertionSign"":12.589100003242493,""dpkiOffchainAssertionVerify"":10.445200026035309,""dpkiAuthSignature"":1.87090003490448}",0,,
0,DPKI,138,intra-off-chain,false,false,268244.9961738997,277254.1004739218,277307.6424739175,53.541999995708466,0,53.541999995708466,0,1,1,65,"{""dpkiOffchainCertTransferHttp"":0.17599999904632568,""dpkiMptProofHttpQuery"":6.019800007343292,""dpkiMptProofSignerCertVerify"":10.10539996623993,""dpkiMptProofResponseVerify"":0.461899995803833,""dpkiChainRootRead"":1.8251999616622925,""dpkiMptVerify"":0.3497999906539917,""dpkiOpenSslVerifyCert"":9.966500043869019,""dpkiOffchainAssertionSign"":12.189999997615814,""dpkiOffchainAssertionVerify"":10.132099986076355,""dpkiAuthSignature"":1.9108999967575073}",0,,
0,DPKI,139,intra-off-chain,false,false,269996.151069857,279005.25536987913,279084.091569878,78.83619999885559,0,78.83619999885559,0,1,1,65,"{""dpkiOffchainCertTransferHttp"":0.6508000493049622,""dpkiMptProofHttpQuery"":33.00310003757477,""dpkiMptProofSignerCertVerify"":10.226100027561188,""dpkiMptProofResponseVerify"":0.5220999717712402,""dpkiChainRootRead"":1.8000999689102173,""dpkiMptVerify"":0.3418999910354614,""dpkiOpenSslVerifyCert"":9.467000007629395,""dpkiOffchainAssertionSign"":11.556199967861176,""dpkiOffchainAssertionVerify"":9.051700055599213,""dpkiAuthSignature"":1.8234000205993652}",0,,
0,DPKI,140,intra-off-chain,false,false,270003.6657690062,279012.7700690283,279147.60566989315,134.83560086484067,71.32150084967725,63.51410001516342,0,1,1,65,"{""dpkiOffchainCertTransferHttp"":1.0026999711990356,""dpkiMptProofHttpQuery"":16.566299974918365,""dpkiMptProofSignerCertVerify"":9.88400000333786,""dpkiMptProofResponseVerify"":0.5556000471115112,""dpkiChainRootRead"":1.9019999504089355,""dpkiMptVerify"":0.336899995803833,""dpkiOpenSslVerifyCert"":9.444800019264221,""dpkiOffchainAssertionSign"":11.61540001630783,""dpkiOffchainAssertionVerify"":9.805799961090088,""dpkiAuthSignature"":1.933500051498413}",0,,
0,DPKI,141,intra-off-chain,false,false,271164.3484222506,280173.4527222727,280235.97162230953,62.51890003681183,0,62.51890003681183,0,1,1,65,"{""dpkiOffchainCertTransferHttp"":0.21649998426437378,""dpkiMptProofHttpQuery"":15.733799993991852,""dpkiMptProofSignerCertVerify"":9.305200040340424,""dpkiMptProofResponseVerify"":0.3919999599456787,""dpkiChainRootRead"":1.873199999332428,""dpkiMptVerify"":0.32910001277923584,""dpkiOpenSslVerifyCert"":9.478100001811981,""dpkiOffchainAssertionSign"":12.561200022697449,""dpkiOffchainAssertionVerify"":10.280200004577637,""dpkiAuthSignature"":1.9830999970436096}",0,,
0,DPKI,142,intra-off-chain,false,false,271758.5943336916,280767.6986337137,280820.04563371657,52.34700000286102,0,52.34700000286102,0,1,1,65,"{""dpkiOffchainCertTransferHttp"":0.819100022315979,""dpkiMptProofHttpQuery"":5.599900007247925,""dpkiMptProofSignerCertVerify"":10.218800008296967,""dpkiMptProofResponseVerify"":0.43779999017715454,""dpkiChainRootRead"":1.9222000241279602,""dpkiMptVerify"":0.3547000288963318,""dpkiOpenSslVerifyCert"":9.103799998760223,""dpkiOffchainAssertionSign"":12.469399988651276,""dpkiOffchainAssertionVerify"":9.175000011920929,""dpkiAuthSignature"":1.8718000054359436}",0,,
0,DPKI,143,intra-off-chain,false,false,273419.6654073542,282428.7697073763,282501.2954073494,72.52569997310638,0,72.52569997310638,0,1,1,65,"{""dpkiOffchainCertTransferHttp"":0.8152999877929688,""dpkiMptProofHttpQuery"":25.15329998731613,""dpkiMptProofSignerCertVerify"":9.70360004901886,""dpkiMptProofResponseVerify"":0.4591999650001526,""dpkiChainRootRead"":2.872700035572052,""dpkiMptVerify"":0.42970001697540283,""dpkiOpenSslVerifyCert"":9.47630000114441,""dpkiOffchainAssertionSign"":12.403599977493286,""dpkiOffchainAssertionVerify"":8.954800009727478,""dpkiAuthSignature"":1.8422000408172607}",0,,
0,DPKI,144,intra-off-chain,false,false,273990.08917643514,282999.19347645727,283060.47237648454,61.278900027275085,0,61.278900027275085,0,1,1,65,"{""dpkiOffchainCertTransferHttp"":1.0906000137329102,""dpkiMptProofHttpQuery"":13.805299997329712,""dpkiMptProofSignerCertVerify"":10.218500018119812,""dpkiMptProofResponseVerify"":0.47269999980926514,""dpkiChainRootRead"":1.9218000173568726,""dpkiMptVerify"":0.4611999988555908,""dpkiOpenSslVerifyCert"":9.22240000963211,""dpkiOffchainAssertionSign"":12.758799970149994,""dpkiOffchainAssertionVerify"":9.144400000572205,""dpkiAuthSignature"":1.8105000257492065}",0,,
0,DPKI,145,intra-off-chain,false,false,276054.2322638841,285063.3365639062,285123.71816392854,60.38160002231598,0,60.38160002231598,0,1,1,65,"{""dpkiOffchainCertTransferHttp"":0.8672000169754028,""dpkiMptProofHttpQuery"":13.814800024032593,""dpkiMptProofSignerCertVerify"":9.660900056362152,""dpkiMptProofResponseVerify"":0.46789997816085815,""dpkiChainRootRead"":1.8711000084877014,""dpkiMptVerify"":0.3497999906539917,""dpkiOpenSslVerifyCert"":9.410899996757507,""dpkiOffchainAssertionSign"":11.94539999961853,""dpkiOffchainAssertionVerify"":9.434800028800964,""dpkiAuthSignature"":2.1639999747276306}",0,,
0,DPKI,146,intra-off-chain,false,false,277480.9689270435,286490.0732270656,286544.6630270658,54.589800000190735,0,54.589800000190735,0,1,1,65,"{""dpkiOffchainCertTransferHttp"":1.3496999740600586,""dpkiMptProofHttpQuery"":8.327300012111664,""dpkiMptProofSignerCertVerify"":10.015899956226349,""dpkiMptProofResponseVerify"":0.4617000222206116,""dpkiChainRootRead"":1.81850004196167,""dpkiMptVerify"":0.3458999991416931,""dpkiOpenSslVerifyCert"":9.632200002670288,""dpkiOffchainAssertionSign"":11.419900000095367,""dpkiOffchainAssertionVerify"":8.99509996175766,""dpkiAuthSignature"":1.7691999673843384}",0,,
0,DPKI,147,intra-off-chain,false,false,277777.3627802881,286786.4670803102,286838.45168031775,51.98460000753403,0,51.98460000753403,0,1,1,65,"{""dpkiOffchainCertTransferHttp"":0.975600004196167,""dpkiMptProofHttpQuery"":5.289999961853027,""dpkiMptProofSignerCertVerify"":10.129100024700165,""dpkiMptProofResponseVerify"":0.45329999923706055,""dpkiChainRootRead"":1.8491999506950378,""dpkiMptVerify"":0.3398999571800232,""dpkiOpenSslVerifyCert"":9.267800033092499,""dpkiOffchainAssertionSign"":12.299700021743774,""dpkiOffchainAssertionVerify"":9.144500017166138,""dpkiAuthSignature"":1.8537999987602234}",0,,
0,DPKI,148,intra-off-chain,false,false,282113.8494831494,291122.95378317154,291171.0436831883,48.08990001678467,0,48.08990001678467,0,1,1,65,"{""dpkiOffchainCertTransferHttp"":0.7056000232696533,""dpkiMptProofHttpQuery"":2.5056000351905823,""dpkiMptProofSignerCertVerify"":9.4128999710083,""dpkiMptProofResponseVerify"":0.4538000226020813,""dpkiChainRootRead"":2.1312000155448914,""dpkiMptVerify"":0.34310001134872437,""dpkiOpenSslVerifyCert"":9.23659998178482,""dpkiOffchainAssertionSign"":11.793299973011017,""dpkiOffchainAssertionVerify"":9.184700012207031,""dpkiAuthSignature"":1.901199996471405}",0,,
0,DPKI,149,intra-off-chain,false,false,282205.0107039471,291214.11500396923,291266.76560398535,52.650600016117096,0,52.650600016117096,0,1,1,65,"{""dpkiOffchainCertTransferHttp"":0.8883000016212463,""dpkiMptProofHttpQuery"":6.168900012969971,""dpkiMptProofSignerCertVerify"":9.988599956035614,""dpkiMptProofResponseVerify"":0.42110002040863037,""dpkiChainRootRead"":1.8155999779701233,""dpkiMptVerify"":0.3806999921798706,""dpkiOpenSslVerifyCert"":9.434499979019165,""dpkiOffchainAssertionSign"":11.83650004863739,""dpkiOffchainAssertionVerify"":9.380100011825562,""dpkiAuthSignature"":1.9175999760627747}",0,,
0,DPKI,150,intra-off-chain,false,false,283309.9252292433,292319.0295292654,292385.2661292472,66.23659998178482,0,66.23659998178482,0,1,1,65,"{""dpkiOffchainCertTransferHttp"":0.2392999529838562,""dpkiMptProofHttpQuery"":14.035600006580353,""dpkiMptProofSignerCertVerify"":9.625400006771088,""dpkiMptProofResponseVerify"":0.40560001134872437,""dpkiChainRootRead"":2.2056000232696533,""dpkiMptVerify"":0.3481000065803528,""dpkiOpenSslVerifyCert"":10.49150002002716,""dpkiOffchainAssertionSign"":13.480599999427795,""dpkiOffchainAssertionVerify"":13.037599980831146,""dpkiAuthSignature"":1.9646999835968018}",0,,
0,DPKI,151,intra-off-chain,false,false,284897.34674036026,293906.4510403824,293961.28694039106,54.835900008678436,0,54.835900008678436,0,1,1,65,"{""dpkiOffchainCertTransferHttp"":0.6064000129699707,""dpkiMptProofHttpQuery"":3.9143999814987183,""dpkiMptProofSignerCertVerify"":11.632300019264221,""dpkiMptProofResponseVerify"":0.46390002965927124,""dpkiChainRootRead"":2.3026000261306763,""dpkiMptVerify"":0.32749998569488525,""dpkiOpenSslVerifyCert"":10.68180000782013,""dpkiOffchainAssertionSign"":12.667200028896332,""dpkiOffchainAssertionVerify"":9.847599983215332,""dpkiAuthSignature"":1.958799958229065}",0,,
0,DPKI,152,intra-off-chain,false,false,285152.6702699164,294161.77456993854,294215.3596699337,53.58509999513626,0,53.58509999513626,0,1,1,65,"{""dpkiOffchainCertTransferHttp"":0.17989999055862427,""dpkiMptProofHttpQuery"":6.903800010681152,""dpkiMptProofSignerCertVerify"":9.943599998950958,""dpkiMptProofResponseVerify"":0.4854000210762024,""dpkiChainRootRead"":2.1064000129699707,""dpkiMptVerify"":0.3353999853134155,""dpkiOpenSslVerifyCert"":9.984899997711182,""dpkiOffchainAssertionSign"":12.024500012397766,""dpkiOffchainAssertionVerify"":9.262400031089783,""dpkiAuthSignature"":1.877399981021881}",0,,
0,DPKI,153,intra-off-chain,false,false,286360.53317339957,295369.6374734217,295429.1565734321,59.51910001039505,0,59.51910001039505,0,1,1,65,"{""dpkiOffchainCertTransferHttp"":0.6850000023841858,""dpkiMptProofHttpQuery"":5.0162999629974365,""dpkiMptProofSignerCertVerify"":9.623600006103516,""dpkiMptProofResponseVerify"":0.5224999785423279,""dpkiChainRootRead"":5.380400002002716,""dpkiMptVerify"":0.33570003509521484,""dpkiOpenSslVerifyCert"":14.275499999523163,""dpkiOffchainAssertionSign"":11.6628999710083,""dpkiOffchainAssertionVerify"":9.641699969768524,""dpkiAuthSignature"":1.9146999716758728}",0,,
0,DPKI,154,intra-off-chain,false,false,287058.5546290856,296067.6589291077,296135.0425291043,67.38359999656677,0,67.38359999656677,0,1,1,65,"{""dpkiOffchainCertTransferHttp"":0.535800039768219,""dpkiMptProofHttpQuery"":21.83660000562668,""dpkiMptProofSignerCertVerify"":9.625,""dpkiMptProofResponseVerify"":0.41019999980926514,""dpkiChainRootRead"":1.9720999598503113,""dpkiMptVerify"":0.33219999074935913,""dpkiOpenSslVerifyCert"":9.633099973201752,""dpkiOffchainAssertionSign"":11.67739999294281,""dpkiOffchainAssertionVerify"":8.959699988365173,""dpkiAuthSignature"":1.9591000080108643}",0,,
0,DPKI,155,intra-off-chain,false,false,288372.40683108044,297381.51113110257,297434.5867311306,53.075600028038025,0,53.075600028038025,0,1,1,65,"{""dpkiOffchainCertTransferHttp"":0.9424999952316284,""dpkiMptProofHttpQuery"":6.0103999972343445,""dpkiMptProofSignerCertVerify"":9.713499963283539,""dpkiMptProofResponseVerify"":0.4164999723434448,""dpkiChainRootRead"":2.058799982070923,""dpkiMptVerify"":0.3312000036239624,""dpkiOpenSslVerifyCert"":9.189699947834015,""dpkiOffchainAssertionSign"":12.156499981880188,""dpkiOffchainAssertionVerify"":10.000400006771088,""dpkiAuthSignature"":1.871399998664856}",0,,
0,DPKI,156,intra-off-chain,false,false,291997.5771829393,301006.6814829614,301081.47678296827,74.79530000686646,0,74.79530000686646,0,1,1,65,"{""dpkiOffchainCertTransferHttp"":3.9850000143051147,""dpkiMptProofHttpQuery"":22.48030000925064,""dpkiMptProofSignerCertVerify"":9.750899970531464,""dpkiMptProofResponseVerify"":0.4696999788284302,""dpkiChainRootRead"":2.051099956035614,""dpkiMptVerify"":0.33340001106262207,""dpkiOpenSslVerifyCert"":10.403599977493286,""dpkiOffchainAssertionSign"":12.727400004863739,""dpkiOffchainAssertionVerify"":10.279500007629395,""dpkiAuthSignature"":1.8531000018119812}",0,,
0,DPKI,157,intra-off-chain,false,false,293961.1030500997,302970.2073501218,303030.70705013163,60.499700009822845,0,60.499700009822845,0,1,1,65,"{""dpkiOffchainCertTransferHttp"":1.6455999612808228,""dpkiMptProofHttpQuery"":12.465100049972534,""dpkiMptProofSignerCertVerify"":9.585799992084503,""dpkiMptProofResponseVerify"":0.42739999294281006,""dpkiChainRootRead"":2.2875999808311462,""dpkiMptVerify"":0.35189998149871826,""dpkiOpenSslVerifyCert"":9.90990000963211,""dpkiOffchainAssertionSign"":12.258100032806396,""dpkiOffchainAssertionVerify"":9.105799973011017,""dpkiAuthSignature"":2.005500018596649}",0,,
0,DPKI,158,intra-off-chain,false,false,295567.312010617,304576.4163106391,304638.083510668,61.66720002889633,0,61.66720002889633,0,1,1,65,"{""dpkiOffchainCertTransferHttp"":1.5241999626159668,""dpkiMptProofHttpQuery"":13.902899980545044,""dpkiMptProofSignerCertVerify"":9.855199992656708,""dpkiMptProofResponseVerify"":0.6157000064849854,""dpkiChainRootRead"":1.9725000262260437,""dpkiMptVerify"":0.33379995822906494,""dpkiOpenSslVerifyCert"":9.87689995765686,""dpkiOffchainAssertionSign"":12.089800000190735,""dpkiOffchainAssertionVerify"":9.191100001335144,""dpkiAuthSignature"":1.864799976348877}",0,,
0,DPKI,159,intra-off-chain,false,false,297937.5285150071,306946.63281502924,306999.1743150612,52.54150003194809,0,52.54150003194809,0,1,1,65,"{""dpkiOffchainCertTransferHttp"":0.7249000072479248,""dpkiMptProofHttpQuery"":6.936300039291382,""dpkiMptProofSignerCertVerify"":9.588299989700317,""dpkiMptProofResponseVerify"":0.477899968624115,""dpkiChainRootRead"":1.8837000131607056,""dpkiMptVerify"":0.3325999975204468,""dpkiOpenSslVerifyCert"":9.994399964809418,""dpkiOffchainAssertionSign"":11.573899984359741,""dpkiOffchainAssertionVerify"":8.834200024604797,""dpkiAuthSignature"":1.7728999853134155}",0,,
0,DPKI,160,intra-off-chain,false,false,302851.05476852774,311860.15906854987,311930.8055685413,70.64649999141693,0,70.64649999141693,0,1,1,65,"{""dpkiOffchainCertTransferHttp"":0.644599974155426,""dpkiMptProofHttpQuery"":22.847100019454956,""dpkiMptProofSignerCertVerify"":9.362300038337708,""dpkiMptProofResponseVerify"":0.4147999882698059,""dpkiChainRootRead"":1.9749000072479248,""dpkiMptVerify"":0.32349997758865356,""dpkiOpenSslVerifyCert"":10.061000049114227,""dpkiOffchainAssertionSign"":12.096700012683868,""dpkiOffchainAssertionVerify"":10.614099979400635,""dpkiAuthSignature"":1.8708000183105469}",0,,
0,DPKI,161,intra-off-chain,false,false,304238.16143674206,313247.2657367642,313298.8947367127,51.62899994850159,0,51.62899994850159,0,1,1,65,"{""dpkiOffchainCertTransferHttp"":1.408199965953827,""dpkiMptProofHttpQuery"":4.026300013065338,""dpkiMptProofSignerCertVerify"":10.140300035476685,""dpkiMptProofResponseVerify"":0.44179999828338623,""dpkiChainRootRead"":2.2508000135421753,""dpkiMptVerify"":0.3644999861717224,""dpkiOpenSslVerifyCert"":9.53080004453659,""dpkiOffchainAssertionSign"":12.018800020217896,""dpkiOffchainAssertionVerify"":8.977299988269806,""dpkiAuthSignature"":2.050200045108795}",0,,
0,DPKI,162,intra-off-chain,false,false,304499.3518226556,313508.4561226777,313560.25702266017,51.80089998245239,0,51.80089998245239,0,1,1,65,"{""dpkiOffchainCertTransferHttp"":0.6671000123023987,""dpkiMptProofHttpQuery"":4.9403000473976135,""dpkiMptProofSignerCertVerify"":9.559100031852722,""dpkiMptProofResponseVerify"":0.4432000517845154,""dpkiChainRootRead"":2.0544999837875366,""dpkiMptVerify"":0.3431999683380127,""dpkiOpenSslVerifyCert"":9.574400007724762,""dpkiOffchainAssertionSign"":12.122500002384186,""dpkiOffchainAssertionVerify"":9.909000039100647,""dpkiAuthSignature"":1.8123000264167786}",0,,
0,DPKI,163,intra-off-chain,false,false,306724.0036922902,315733.10799231235,315783.25209232274,50.14410001039505,0,50.14410001039505,0,1,1,65,"{""dpkiOffchainCertTransferHttp"":1.1985000371932983,""dpkiMptProofHttpQuery"":2.4818999767303467,""dpkiMptProofSignerCertVerify"":9.875099956989288,""dpkiMptProofResponseVerify"":0.4491000175476074,""dpkiChainRootRead"":1.8043000102043152,""dpkiMptVerify"":0.33329999446868896,""dpkiOpenSslVerifyCert"":9.328999996185303,""dpkiOffchainAssertionSign"":12.248700022697449,""dpkiOffchainAssertionVerify"":10.050899982452393,""dpkiAuthSignature"":1.946999967098236}",0,,
0,DPKI,164,intra-off-chain,false,false,309425.71682551625,318434.8211255384,318496.68422559026,61.86310005187988,0,61.86310005187988,0,1,1,65,"{""dpkiOffchainCertTransferHttp"":0.21500003337860107,""dpkiMptProofHttpQuery"":16.62480002641678,""dpkiMptProofSignerCertVerify"":9.244899988174438,""dpkiMptProofResponseVerify"":0.37949997186660767,""dpkiChainRootRead"":1.9649999737739563,""dpkiMptVerify"":0.5198999643325806,""dpkiOpenSslVerifyCert"":9.377000033855438,""dpkiOffchainAssertionSign"":12.2882000207901,""dpkiOffchainAssertionVerify"":9.020199954509735,""dpkiAuthSignature"":1.810800015926361}",0,,
0,DPKI,165,intra-off-chain,false,false,309579.6361022185,318588.7404022406,318636.8121022771,48.071700036525726,0,48.071700036525726,0,1,1,65,"{""dpkiOffchainCertTransferHttp"":0.6013999581336975,""dpkiMptProofHttpQuery"":4.084699988365173,""dpkiMptProofSignerCertVerify"":8.810199975967407,""dpkiMptProofResponseVerify"":0.3962000012397766,""dpkiChainRootRead"":2.0470999479293823,""dpkiMptVerify"":0.32019996643066406,""dpkiOpenSslVerifyCert"":9.133899986743927,""dpkiOffchainAssertionSign"":11.82420003414154,""dpkiOffchainAssertionVerify"":8.682200014591217,""dpkiAuthSignature"":1.8087000250816345}",0,,
0,DPKI,166,intra-off-chain,false,false,315607.54942179954,324616.65372182167,324667.5174217943,50.86369997262955,0,50.86369997262955,0,1,1,65,"{""dpkiOffchainCertTransferHttp"":0.25550001859664917,""dpkiMptProofHttpQuery"":7.084100008010864,""dpkiMptProofSignerCertVerify"":9.068399965763092,""dpkiMptProofResponseVerify"":0.37620002031326294,""dpkiChainRootRead"":1.8535000085830688,""dpkiMptVerify"":0.4758000373840332,""dpkiOpenSslVerifyCert"":8.874799966812134,""dpkiOffchainAssertionSign"":11.932399988174438,""dpkiOffchainAssertionVerify"":8.657999992370605,""dpkiAuthSignature"":1.87090003490448}",0,,
0,DPKI,167,intra-off-chain,false,false,317697.08973893686,326706.194038959,326759.79363897606,53.59960001707077,0,53.59960001707077,0,1,1,65,"{""dpkiOffchainCertTransferHttp"":1.8136999607086182,""dpkiMptProofHttpQuery"":5.064799964427948,""dpkiMptProofSignerCertVerify"":9.63919997215271,""dpkiMptProofResponseVerify"":0.3651999831199646,""dpkiChainRootRead"":2.224299967288971,""dpkiMptVerify"":0.3629000186920166,""dpkiOpenSslVerifyCert"":9.303400039672852,""dpkiOffchainAssertionSign"":12.914900004863739,""dpkiOffchainAssertionVerify"":9.61410003900528,""dpkiAuthSignature"":1.8824999928474426}",0,,
0,DPKI,168,intra-off-chain,false,false,319270.63298726425,328279.7372872864,328329.89138728724,50.15410000085831,0,50.15410000085831,0,1,1,65,"{""dpkiOffchainCertTransferHttp"":0.8209999799728394,""dpkiMptProofHttpQuery"":4.911300003528595,""dpkiMptProofSignerCertVerify"":9.884299993515015,""dpkiMptProofResponseVerify"":0.3781999945640564,""dpkiChainRootRead"":1.8924999833106995,""dpkiMptVerify"":0.34539997577667236,""dpkiOpenSslVerifyCert"":8.803699970245361,""dpkiOffchainAssertionSign"":12.03600001335144,""dpkiOffchainAssertionVerify"":8.908399999141693,""dpkiAuthSignature"":1.8375999927520752}",0,,
0,DPKI,169,intra-off-chain,false,false,322765.5901496824,331774.69444970455,331826.9575497326,52.263100028038025,0,52.263100028038025,0,1,1,65,"{""dpkiOffchainCertTransferHttp"":0.7806999683380127,""dpkiMptProofHttpQuery"":6.444500029087067,""dpkiMptProofSignerCertVerify"":9.536399960517883,""dpkiMptProofResponseVerify"":0.45889997482299805,""dpkiChainRootRead"":1.8793999552726746,""dpkiMptVerify"":0.35019999742507935,""dpkiOpenSslVerifyCert"":9.6492999792099,""dpkiOffchainAssertionSign"":11.716400027275085,""dpkiOffchainAssertionVerify"":9.218999981880188,""dpkiAuthSignature"":1.825499951839447}",0,,
0,DPKI,170,intra-off-chain,false,false,325830.8778379669,334839.982137989,334904.98173798225,64.99959999322891,0,64.99959999322891,0,1,1,65,"{""dpkiOffchainCertTransferHttp"":1.607200026512146,""dpkiMptProofHttpQuery"":4.924099981784821,""dpkiMptProofSignerCertVerify"":11.685099959373474,""dpkiMptProofResponseVerify"":0.48240000009536743,""dpkiChainRootRead"":2.043299973011017,""dpkiMptVerify"":0.3352000117301941,""dpkiOpenSslVerifyCert"":12.89300000667572,""dpkiOffchainAssertionSign"":16.49159997701645,""dpkiOffchainAssertionVerify"":12.151400029659271,""dpkiAuthSignature"":1.9257000088691711}",0,,
0,DPKI,171,intra-off-chain,false,false,325902.6627491271,334911.7670491492,334962.71204914205,50.94499999284744,0,50.94499999284744,0,1,1,65,"{""dpkiOffchainCertTransferHttp"":0.1274999976158142,""dpkiMptProofHttpQuery"":2.4890000224113464,""dpkiMptProofSignerCertVerify"":10.326499998569489,""dpkiMptProofResponseVerify"":0.4876999855041504,""dpkiChainRootRead"":2.0115999579429626,""dpkiMptVerify"":0.3386000394821167,""dpkiOpenSslVerifyCert"":10.136799991130829,""dpkiOffchainAssertionSign"":12.640900015830994,""dpkiOffchainAssertionVerify"":10.116100013256073,""dpkiAuthSignature"":1.8177000284194946}",0,,
0,DPKI,172,intra-off-chain,false,false,327431.3065415827,336440.4108416048,336488.7180416194,48.30720001459122,0,48.30720001459122,0,1,1,65,"{""dpkiOffchainCertTransferHttp"":0.1850000023841858,""dpkiMptProofHttpQuery"":2.9526000022888184,""dpkiMptProofSignerCertVerify"":9.859799981117249,""dpkiMptProofResponseVerify"":0.4732999801635742,""dpkiChainRootRead"":2.03329998254776,""dpkiMptVerify"":0.33719998598098755,""dpkiOpenSslVerifyCert"":9.49430000782013,""dpkiOffchainAssertionSign"":11.682299971580505,""dpkiOffchainAssertionVerify"":8.916999995708466,""dpkiAuthSignature"":1.948199987411499}",0,,
0,DPKI,173,intra-off-chain,false,false,328625.7147656442,337634.81906566635,337688.2245656611,53.40549999475479,0,53.40549999475479,0,1,1,65,"{""dpkiOffchainCertTransferHttp"":1.4727999567985535,""dpkiMptProofHttpQuery"":8.220899999141693,""dpkiMptProofSignerCertVerify"":9.535300016403198,""dpkiMptProofResponseVerify"":0.45719999074935913,""dpkiChainRootRead"":1.9079999923706055,""dpkiMptVerify"":0.36239999532699585,""dpkiOpenSslVerifyCert"":8.958100020885468,""dpkiOffchainAssertionSign"":11.379200041294098,""dpkiOffchainAssertionVerify"":8.899999976158142,""dpkiAuthSignature"":1.7724000215530396}",0,,
0,DPKI,174,intra-off-chain,false,false,329114.5811260373,338123.6854260594,338170.7497260601,47.06430000066757,0,47.06430000066757,0,1,1,65,"{""dpkiOffchainCertTransferHttp"":0.2842000126838684,""dpkiMptProofHttpQuery"":2.6074000000953674,""dpkiMptProofSignerCertVerify"":9.29940003156662,""dpkiMptProofResponseVerify"":0.4993000030517578,""dpkiChainRootRead"":1.8860999941825867,""dpkiMptVerify"":0.3493000268936157,""dpkiOpenSslVerifyCert"":9.187600016593933,""dpkiOffchainAssertionSign"":11.49540001153946,""dpkiOffchainAssertionVerify"":9.181299984455109,""dpkiAuthSignature"":1.8866000175476074}",0,,
0,DPKI,175,intra-off-chain,false,false,332728.8421698958,341737.94646991795,341792.71006990975,54.7635999917984,0,54.7635999917984,0,1,1,65,"{""dpkiOffchainCertTransferHttp"":0.3760000467300415,""dpkiMptProofHttpQuery"":9.219600021839142,""dpkiMptProofSignerCertVerify"":9.393900036811829,""dpkiMptProofResponseVerify"":0.4347999691963196,""dpkiChainRootRead"":1.8788999915122986,""dpkiMptVerify"":0.34970003366470337,""dpkiOpenSslVerifyCert"":9.161900043487549,""dpkiOffchainAssertionSign"":11.647799968719482,""dpkiOffchainAssertionVerify"":9.983200013637543,""dpkiAuthSignature"":1.9376999735832214}",0,,
0,DPKI,176,intra-off-chain,false,false,334945.620356823,343954.72465684515,344021.5064568768,66.78180003166199,0,66.78180003166199,0,1,1,65,"{""dpkiOffchainCertTransferHttp"":0.6577000021934509,""dpkiMptProofHttpQuery"":15.73659998178482,""dpkiMptProofSignerCertVerify"":9.856599986553192,""dpkiMptProofResponseVerify"":0.43730002641677856,""dpkiChainRootRead"":2.322499990463257,""dpkiMptVerify"":0.3539999723434448,""dpkiOpenSslVerifyCert"":11.433599948883057,""dpkiOffchainAssertionSign"":13.97240000963211,""dpkiOffchainAssertionVerify"":9.780099987983704,""dpkiAuthSignature"":1.8033000230789185}",0,,
0,DPKI,177,intra-off-chain,false,false,335787.9215386104,344797.02583863254,344858.08433862444,61.05849999189377,0,61.05849999189377,0,1,1,65,"{""dpkiOffchainCertTransferHttp"":0.10820001363754272,""dpkiMptProofHttpQuery"":11.86049997806549,""dpkiMptProofSignerCertVerify"":9.995299994945526,""dpkiMptProofResponseVerify"":0.46160000562667847,""dpkiChainRootRead"":2.2646000385284424,""dpkiMptVerify"":0.3385999798774719,""dpkiOpenSslVerifyCert"":10.149100005626678,""dpkiOffchainAssertionSign"":13.106499969959259,""dpkiOffchainAssertionVerify"":10.39980000257492,""dpkiAuthSignature"":1.9496999979019165}",0,,
0,DPKI,178,intra-off-chain,false,false,338653.8759459013,347662.98024592345,347735.6288459057,72.64859998226166,0,72.64859998226166,0,1,1,65,"{""dpkiOffchainCertTransferHttp"":2.134599983692169,""dpkiMptProofHttpQuery"":25.155299961566925,""dpkiMptProofSignerCertVerify"":9.971500039100647,""dpkiMptProofResponseVerify"":0.41620004177093506,""dpkiChainRootRead"":2.126200020313263,""dpkiMptVerify"":0.39170002937316895,""dpkiOpenSslVerifyCert"":9.097699999809265,""dpkiOffchainAssertionSign"":11.830699980258942,""dpkiOffchainAssertionVerify"":9.212700009346008,""dpkiAuthSignature"":1.901099979877472}",0,,
0,DPKI,179,intra-off-chain,false,false,341071.55340206285,350080.657702085,350158.2974020805,77.63969999551773,0,77.63969999551773,0,1,1,65,"{""dpkiOffchainCertTransferHttp"":0.79830002784729,""dpkiMptProofHttpQuery"":31.814000010490417,""dpkiMptProofSignerCertVerify"":10.05239999294281,""dpkiMptProofResponseVerify"":0.5146999955177307,""dpkiChainRootRead"":1.9006999731063843,""dpkiMptVerify"":0.4139999747276306,""dpkiOpenSslVerifyCert"":9.14190000295639,""dpkiOffchainAssertionSign"":11.891499996185303,""dpkiOffchainAssertionVerify"":8.791800022125244,""dpkiAuthSignature"":1.9013000130653381}",0,,
0,DPKI,180,intra-off-chain,false,false,344148.07580513094,353157.18010515306,353219.57990515564,62.39980000257492,0,62.39980000257492,0,1,1,65,"{""dpkiOffchainCertTransferHttp"":0.8486999869346619,""dpkiMptProofHttpQuery"":16.0514999628067,""dpkiMptProofSignerCertVerify"":9.580399990081787,""dpkiMptProofResponseVerify"":0.4294000267982483,""dpkiChainRootRead"":1.8575999736785889,""dpkiMptVerify"":0.3628999590873718,""dpkiOpenSslVerifyCert"":10.052199959754944,""dpkiOffchainAssertionSign"":11.903500020503998,""dpkiOffchainAssertionVerify"":8.761799991130829,""dpkiAuthSignature"":2.138000011444092}",0,,
0,DPKI,181,intra-off-chain,false,false,344798.72282987286,353807.827129895,353856.3367299383,48.509600043296814,0,48.509600043296814,0,1,1,65,"{""dpkiOffchainCertTransferHttp"":0.0439000129699707,""dpkiMptProofHttpQuery"":4.051899969577789,""dpkiMptProofSignerCertVerify"":9.714700043201447,""dpkiMptProofResponseVerify"":0.45969998836517334,""dpkiChainRootRead"":1.9645000100135803,""dpkiMptVerify"":0.33980000019073486,""dpkiOpenSslVerifyCert"":9.595200002193451,""dpkiOffchainAssertionSign"":11.526199996471405,""dpkiOffchainAssertionVerify"":8.563199996948242,""dpkiAuthSignature"":1.867799997329712}",0,,
0,DPKI,182,intra-off-chain,false,false,344900.92127822153,353910.02557824366,353957.7095782589,47.68400001525879,0,47.68400001525879,0,1,1,65,"{""dpkiOffchainCertTransferHttp"":0.5254999995231628,""dpkiMptProofHttpQuery"":3.5299999713897705,""dpkiMptProofSignerCertVerify"":8.792999982833862,""dpkiMptProofResponseVerify"":0.4244999885559082,""dpkiChainRootRead"":1.994700014591217,""dpkiMptVerify"":0.3359000086784363,""dpkiOpenSslVerifyCert"":8.953499972820282,""dpkiOffchainAssertionSign"":12.109300017356873,""dpkiOffchainAssertionVerify"":8.486000001430511,""dpkiAuthSignature"":2.1007999777793884}",0,,
0,DPKI,183,intra-off-chain,false,false,353002.783635468,362011.8879354901,362064.2765354819,52.3885999917984,0,52.3885999917984,0,1,1,65,"{""dpkiOffchainCertTransferHttp"":0.3248000144958496,""dpkiMptProofHttpQuery"":6.23800003528595,""dpkiMptProofSignerCertVerify"":9.643500030040741,""dpkiMptProofResponseVerify"":0.4513000249862671,""dpkiChainRootRead"":1.838100016117096,""dpkiMptVerify"":0.35019999742507935,""dpkiOpenSslVerifyCert"":9.812799990177155,""dpkiOffchainAssertionSign"":12.126399993896484,""dpkiOffchainAssertionVerify"":9.265199959278107,""dpkiAuthSignature"":1.911400020122528}",0,,
0,DPKI,184,intra-off-chain,false,false,353328.42141237605,362337.5257123982,362396.5336123978,59.00789999961853,0,59.00789999961853,0,1,1,65,"{""dpkiOffchainCertTransferHttp"":0.4246000051498413,""dpkiMptProofHttpQuery"":13.363900005817413,""dpkiMptProofSignerCertVerify"":9.938499987125397,""dpkiMptProofResponseVerify"":0.4950999617576599,""dpkiChainRootRead"":1.91239994764328,""dpkiMptVerify"":0.4401000142097473,""dpkiOpenSslVerifyCert"":9.538399994373322,""dpkiOffchainAssertionSign"":11.676100015640259,""dpkiOffchainAssertionVerify"":8.96830004453659,""dpkiAuthSignature"":1.8708000183105469}",0,,
0,DPKI,185,intra-off-chain,false,false,358492.5176711529,367501.621971175,367553.96237115556,52.340399980545044,0,52.340399980545044,0,1,1,65,"{""dpkiOffchainCertTransferHttp"":0.22759997844696045,""dpkiMptProofHttpQuery"":6.3305999636650085,""dpkiMptProofSignerCertVerify"":9.822899997234344,""dpkiMptProofResponseVerify"":0.4666000008583069,""dpkiChainRootRead"":1.9399000406265259,""dpkiMptVerify"":0.34170001745224,""dpkiOpenSslVerifyCert"":9.345700025558472,""dpkiOffchainAssertionSign"":12.038500010967255,""dpkiOffchainAssertionVerify"":9.608200013637543,""dpkiAuthSignature"":1.7991999983787537}",0,,
0,DPKI,186,intra-off-chain,false,false,359323.56001674733,368332.66431676946,368402.69171678624,70.02740001678467,0,70.02740001678467,0,1,1,65,"{""dpkiOffchainCertTransferHttp"":0.40960001945495605,""dpkiMptProofHttpQuery"":24.02099996805191,""dpkiMptProofSignerCertVerify"":9.665199995040894,""dpkiMptProofResponseVerify"":0.388200044631958,""dpkiChainRootRead"":1.9712000489234924,""dpkiMptVerify"":0.3416000008583069,""dpkiOpenSslVerifyCert"":9.63670003414154,""dpkiOffchainAssertionSign"":12.268099963665009,""dpkiOffchainAssertionVerify"":9.098600029945374,""dpkiAuthSignature"":1.8273999691009521}",0,,
0,DPKI,187,intra-off-chain,false,false,359607.6301498731,368616.7344498952,368678.7249498685,61.99049997329712,0,61.99049997329712,0,1,1,65,"{""dpkiOffchainCertTransferHttp"":0.09679996967315674,""dpkiMptProofHttpQuery"":15.910899996757507,""dpkiMptProofSignerCertVerify"":9.780299961566925,""dpkiMptProofResponseVerify"":0.48890000581741333,""dpkiChainRootRead"":1.8917999863624573,""dpkiMptVerify"":0.34019994735717773,""dpkiOpenSslVerifyCert"":9.838299989700317,""dpkiOffchainAssertionSign"":11.858500003814697,""dpkiOffchainAssertionVerify"":9.149500012397766,""dpkiAuthSignature"":2.0562000274658203}",0,,
0,DPKI,188,intra-off-chain,false,false,362141.52413939993,371150.62843942206,371207.17483943264,56.546400010585785,0,56.546400010585785,0,1,1,65,"{""dpkiOffchainCertTransferHttp"":1.1389999985694885,""dpkiMptProofHttpQuery"":4.003200054168701,""dpkiMptProofSignerCertVerify"":9.764200031757355,""dpkiMptProofResponseVerify"":0.6657999753952026,""dpkiChainRootRead"":1.925000011920929,""dpkiMptVerify"":0.34849995374679565,""dpkiOpenSslVerifyCert"":11.250099956989288,""dpkiOffchainAssertionSign"":12.476500034332275,""dpkiOffchainAssertionVerify"":12.512499988079071,""dpkiAuthSignature"":2.034000039100647}",0,,
0,DPKI,189,intra-off-chain,false,false,363342.03197067603,372351.13627069816,372406.0471706949,54.91089999675751,0,54.91089999675751,0,1,1,65,"{""dpkiOffchainCertTransferHttp"":0.9061000347137451,""dpkiMptProofHttpQuery"":2.693499982357025,""dpkiMptProofSignerCertVerify"":12.272700011730194,""dpkiMptProofResponseVerify"":0.46310001611709595,""dpkiChainRootRead"":1.9705999493598938,""dpkiMptVerify"":0.364300012588501,""dpkiOpenSslVerifyCert"":10.757499992847443,""dpkiOffchainAssertionSign"":13.933300018310547,""dpkiOffchainAssertionVerify"":9.160100042819977,""dpkiAuthSignature"":1.969599962234497}",0,,
0,DPKI,190,intra-off-chain,false,false,364872.5728542476,373881.6771542697,373931.09355428506,49.41640001535416,0,49.41640001535416,0,1,1,65,"{""dpkiOffchainCertTransferHttp"":0.7057999968528748,""dpkiMptProofHttpQuery"":2.7734000086784363,""dpkiMptProofSignerCertVerify"":9.628600001335144,""dpkiMptProofResponseVerify"":0.545199990272522,""dpkiChainRootRead"":1.8969999551773071,""dpkiMptVerify"":0.3482000231742859,""dpkiOpenSslVerifyCert"":8.957699954509735,""dpkiOffchainAssertionSign"":13.047900021076202,""dpkiOffchainAssertionVerify"":9.293799996376038,""dpkiAuthSignature"":1.8586000204086304}",0,,
0,DPKI,191,intra-off-chain,false,false,369227.8692196052,378236.97351962735,378290.01981962135,53.04629999399185,0,53.04629999399185,0,1,1,65,"{""dpkiOffchainCertTransferHttp"":0.05339998006820679,""dpkiMptProofHttpQuery"":7.935100018978119,""dpkiMptProofSignerCertVerify"":9.738399982452393,""dpkiMptProofResponseVerify"":0.44929999113082886,""dpkiChainRootRead"":1.9580000042915344,""dpkiMptVerify"":0.3285999894142151,""dpkiOpenSslVerifyCert"":9.688099980354309,""dpkiOffchainAssertionSign"":11.742199957370758,""dpkiOffchainAssertionVerify"":8.941399991512299,""dpkiAuthSignature"":1.8217999935150146}",0,,
0,DPKI,192,intra-off-chain,false,false,369285.7747454318,378294.8790454539,378342.99934544886,48.120299994945526,0,48.120299994945526,0,1,1,65,"{""dpkiOffchainCertTransferHttp"":0.3992000222206116,""dpkiMptProofHttpQuery"":3.6485000252723694,""dpkiMptProofSignerCertVerify"":9.179100036621094,""dpkiMptProofResponseVerify"":0.39730000495910645,""dpkiChainRootRead"":1.9386999607086182,""dpkiMptVerify"":0.3492000102996826,""dpkiOpenSslVerifyCert"":9.00900000333786,""dpkiOffchainAssertionSign"":11.905799984931946,""dpkiOffchainAssertionVerify"":9.100799977779388,""dpkiAuthSignature"":1.8245999813079834}",0,,
0,DPKI,193,intra-off-chain,false,false,369923.2495094929,378932.353809515,378995.69680950977,63.34299999475479,0,63.34299999475479,0,1,1,65,"{""dpkiOffchainCertTransferHttp"":3.822700023651123,""dpkiMptProofHttpQuery"":14.334500014781952,""dpkiMptProofSignerCertVerify"":9.79969996213913,""dpkiMptProofResponseVerify"":0.4699000120162964,""dpkiChainRootRead"":1.9952000379562378,""dpkiMptVerify"":0.33880001306533813,""dpkiOpenSslVerifyCert"":9.432000041007996,""dpkiOffchainAssertionSign"":12.07099997997284,""dpkiOffchainAssertionVerify"":8.782200038433075,""dpkiAuthSignature"":1.8752999901771545}",0,,
0,DPKI,194,intra-off-chain,false,false,373706.3147149287,382715.4190149508,382765.9357149802,50.51670002937317,0,50.51670002937317,0,1,1,65,"{""dpkiOffchainCertTransferHttp"":0.10479998588562012,""dpkiMptProofHttpQuery"":3.43639999628067,""dpkiMptProofSignerCertVerify"":9.98530000448227,""dpkiMptProofResponseVerify"":0.45740002393722534,""dpkiChainRootRead"":2.231499969959259,""dpkiMptVerify"":0.336899995803833,""dpkiOpenSslVerifyCert"":9.586399972438812,""dpkiOffchainAssertionSign"":12.614499986171722,""dpkiOffchainAssertionVerify"":9.418299973011017,""dpkiAuthSignature"":1.9192000031471252}",0,,
0,DPKI,195,intra-off-chain,false,false,378801.34833986755,387810.45263988967,387863.3840398907,52.93140000104904,0,52.93140000104904,0,1,1,65,"{""dpkiOffchainCertTransferHttp"":1.4454999566078186,""dpkiMptProofHttpQuery"":3.109299957752228,""dpkiMptProofSignerCertVerify"":9.792900025844574,""dpkiMptProofResponseVerify"":0.46369999647140503,""dpkiChainRootRead"":2.392799973487854,""dpkiMptVerify"":0.3400999903678894,""dpkiOpenSslVerifyCert"":9.989600002765656,""dpkiOffchainAssertionSign"":12.931100010871887,""dpkiOffchainAssertionVerify"":10.011500000953674,""dpkiAuthSignature"":2.0046000480651855}",0,,
0,DPKI,196,intra-off-chain,false,false,381372.00090452057,390381.1052045427,390450.76630457264,69.66110002994537,0,69.66110002994537,0,1,1,65,"{""dpkiOffchainCertTransferHttp"":0.8228999972343445,""dpkiMptProofHttpQuery"":21.688700020313263,""dpkiMptProofSignerCertVerify"":9.623499989509583,""dpkiMptProofResponseVerify"":0.4243999719619751,""dpkiChainRootRead"":2.0030999779701233,""dpkiMptVerify"":0.32760000228881836,""dpkiOpenSslVerifyCert"":9.878199994564056,""dpkiOffchainAssertionSign"":12.44159996509552,""dpkiOffchainAssertionVerify"":10.12720000743866,""dpkiAuthSignature"":1.8675000071525574}",0,,
0,DPKI,197,intra-off-chain,false,false,384356.50439983123,393365.60869985336,393420.8539998483,55.245299994945526,0,55.245299994945526,0,1,1,65,"{""dpkiOffchainCertTransferHttp"":2.224900007247925,""dpkiMptProofHttpQuery"":7.705199956893921,""dpkiMptProofSignerCertVerify"":9.388800024986267,""dpkiMptProofResponseVerify"":0.40230000019073486,""dpkiChainRootRead"":1.9056000113487244,""dpkiMptVerify"":0.33160001039505005,""dpkiOpenSslVerifyCert"":9.549299955368042,""dpkiOffchainAssertionSign"":12.075100004673004,""dpkiOffchainAssertionVerify"":9.386900007724762,""dpkiAuthSignature"":1.8341000080108643}",0,,
0,DPKI,198,intra-off-chain,false,false,385624.2051940322,394633.30949405435,394681.102194047,47.79269999265671,0,47.79269999265671,0,1,1,65,"{""dpkiOffchainCertTransferHttp"":0.12660002708435059,""dpkiMptProofHttpQuery"":3.2110999822616577,""dpkiMptProofSignerCertVerify"":9.645600020885468,""dpkiMptProofResponseVerify"":0.4097999930381775,""dpkiChainRootRead"":1.9219000339508057,""dpkiMptVerify"":0.3514999747276306,""dpkiOpenSslVerifyCert"":9.031800031661987,""dpkiOffchainAssertionSign"":11.694400012493134,""dpkiOffchainAssertionVerify"":9.219799995422363,""dpkiAuthSignature"":1.791100025177002}",0,,
0,DPKI,199,intra-off-chain,false,false,388334.91452019784,397344.01882021996,397408.7860202131,64.76719999313354,0,64.76719999313354,0,1,1,65,"{""dpkiOffchainCertTransferHttp"":0.3643999695777893,""dpkiMptProofHttpQuery"":18.77149999141693,""dpkiMptProofSignerCertVerify"":9.538699984550476,""dpkiMptProofResponseVerify"":0.41269999742507935,""dpkiChainRootRead"":2.324899971485138,""dpkiMptVerify"":0.33129996061325073,""dpkiOpenSslVerifyCert"":9.96069997549057,""dpkiOffchainAssertionSign"":11.763000011444092,""dpkiOffchainAssertionVerify"":8.98829996585846,""dpkiAuthSignature"":1.827400028705597}",0,,
0,DPKI,200,intra-off-chain,false,false,390263.0155223424,399272.11982236453,399322.6531224067,50.533300042152405,0,50.533300042152405,0,1,1,65,"{""dpkiOffchainCertTransferHttp"":0.3531000018119812,""dpkiMptProofHttpQuery"":4.701099991798401,""dpkiMptProofSignerCertVerify"":9.814000010490417,""dpkiMptProofResponseVerify"":0.48680001497268677,""dpkiChainRootRead"":2.008799970149994,""dpkiMptVerify"":0.32109999656677246,""dpkiOpenSslVerifyCert"":9.547699987888336,""dpkiOffchainAssertionSign"":11.775999963283539,""dpkiOffchainAssertionVerify"":9.272300004959106,""dpkiAuthSignature"":1.8272000551223755}",0,,
0,DPKI,201,intra-off-chain,false,false,391570.1884833332,400579.29278335534,400630.0640833732,50.77130001783371,0,50.77130001783371,0,1,1,65,"{""dpkiOffchainCertTransferHttp"":0.8205000162124634,""dpkiMptProofHttpQuery"":4.977400004863739,""dpkiMptProofSignerCertVerify"":9.651300013065338,""dpkiMptProofResponseVerify"":0.42180001735687256,""dpkiChainRootRead"":1.9962000250816345,""dpkiMptVerify"":0.3382999897003174,""dpkiOpenSslVerifyCert"":9.57099997997284,""dpkiOffchainAssertionSign"":11.443300008773804,""dpkiOffchainAssertionVerify"":9.231100022792816,""dpkiAuthSignature"":1.9115999937057495}",0,,
0,DPKI,202,intra-off-chain,false,false,392027.3089767513,401036.4132767734,401088.9390767631,52.52579998970032,0,52.52579998970032,0,1,1,65,"{""dpkiOffchainCertTransferHttp"":2.9451000094413757,""dpkiMptProofHttpQuery"":5.399599969387054,""dpkiMptProofSignerCertVerify"":9.02700001001358,""dpkiMptProofResponseVerify"":0.35259997844696045,""dpkiChainRootRead"":1.9361000061035156,""dpkiMptVerify"":0.32330000400543213,""dpkiOpenSslVerifyCert"":9.737999975681305,""dpkiOffchainAssertionSign"":11.939599990844727,""dpkiOffchainAssertionVerify"":8.685500025749207,""dpkiAuthSignature"":1.7824000120162964}",0,,
0,DPKI,203,intra-off-chain,false,false,396035.46769693296,405044.5719969551,405140.1372969429,95.56529998779297,0,95.56529998779297,0,1,1,65,"{""dpkiOffchainCertTransferHttp"":0.305400013923645,""dpkiMptProofHttpQuery"":47.91399997472763,""dpkiMptProofSignerCertVerify"":10.739199995994568,""dpkiMptProofResponseVerify"":0.44999998807907104,""dpkiChainRootRead"":2.1532999873161316,""dpkiMptVerify"":0.3438999652862549,""dpkiOpenSslVerifyCert"":9.727800011634827,""dpkiOffchainAssertionSign"":12.539099991321564,""dpkiOffchainAssertionVerify"":9.151000022888184,""dpkiAuthSignature"":1.7890999913215637}",0,,
0,DPKI,204,intra-off-chain,false,false,397594.30728432804,406603.41158435016,406653.7142843333,50.302699983119965,0,50.302699983119965,0,1,1,65,"{""dpkiOffchainCertTransferHttp"":0.8486999869346619,""dpkiMptProofHttpQuery"":4.120999991893768,""dpkiMptProofSignerCertVerify"":9.684300005435944,""dpkiMptProofResponseVerify"":0.47099995613098145,""dpkiChainRootRead"":2.1854999661445618,""dpkiMptVerify"":0.3327000141143799,""dpkiOpenSslVerifyCert"":9.66509997844696,""dpkiOffchainAssertionSign"":11.44489997625351,""dpkiOffchainAssertionVerify"":9.123499989509583,""dpkiAuthSignature"":2.0310999751091003}",0,,
0,DPKI,205,intra-off-chain,false,false,403385.91708776506,412395.0213877872,412483.26238778385,88.24099999666214,0,88.24099999666214,0,1,1,65,"{""dpkiOffchainCertTransferHttp"":0.8391000032424927,""dpkiMptProofHttpQuery"":38.05290001630783,""dpkiMptProofSignerCertVerify"":10.023999989032745,""dpkiMptProofResponseVerify"":0.46279996633529663,""dpkiChainRootRead"":1.9814000129699707,""dpkiMptVerify"":0.42079997062683105,""dpkiOpenSslVerifyCert"":10.521600008010864,""dpkiOffchainAssertionSign"":14.084600031375885,""dpkiOffchainAssertionVerify"":9.51469999551773,""dpkiAuthSignature"":1.8307999968528748}",0,,
0,DPKI,206,intra-off-chain,false,false,405748.57071060105,414757.6750106232,414808.44161057635,50.76659995317459,0,50.76659995317459,0,1,1,65,"{""dpkiOffchainCertTransferHttp"":1.1538000106811523,""dpkiMptProofHttpQuery"":3.9957000017166138,""dpkiMptProofSignerCertVerify"":9.082000017166138,""dpkiMptProofResponseVerify"":0.3881000280380249,""dpkiChainRootRead"":1.7792999744415283,""dpkiMptVerify"":0.32440000772476196,""dpkiOpenSslVerifyCert"":9.638999998569489,""dpkiOffchainAssertionSign"":12.207899987697601,""dpkiOffchainAssertionVerify"":9.891499996185303,""dpkiAuthSignature"":1.8942999839782715}",0,,
0,DPKI,207,intra-off-chain,false,false,406485.1848821381,415494.2891821602,415560.36898216995,66.07980000972748,0,66.07980000972748,0,1,1,65,"{""dpkiOffchainCertTransferHttp"":0.1401999592781067,""dpkiMptProofHttpQuery"":6.644900023937225,""dpkiMptProofSignerCertVerify"":11.241599977016449,""dpkiMptProofResponseVerify"":0.5094999670982361,""dpkiChainRootRead"":2.4170000553131104,""dpkiMptVerify"":0.33990001678466797,""dpkiOpenSslVerifyCert"":14.353999972343445,""dpkiOffchainAssertionSign"":14.206300020217896,""dpkiOffchainAssertionVerify"":13.606799960136414,""dpkiAuthSignature"":2.1519999504089355}",0,,
0,DPKI,208,intra-off-chain,false,false,411280.90381636453,420290.00811638666,420355.5689164026,65.56080001592636,0,65.56080001592636,0,1,1,65,"{""dpkiOffchainCertTransferHttp"":0.0681999921798706,""dpkiMptProofHttpQuery"":20.595100045204163,""dpkiMptProofSignerCertVerify"":9.615500032901764,""dpkiMptProofResponseVerify"":0.44940000772476196,""dpkiChainRootRead"":2.1953999996185303,""dpkiMptVerify"":0.3295999765396118,""dpkiOpenSslVerifyCert"":9.499099969863892,""dpkiOffchainAssertionSign"":12.010399997234344,""dpkiOffchainAssertionVerify"":8.60019999742508,""dpkiAuthSignature"":1.8041000366210938}",0,,
0,DPKI,209,intra-off-chain,false,false,411367.92917749425,420377.0334775164,420430.8050775244,53.771600008010864,0,53.771600008010864,0,1,1,65,"{""dpkiOffchainCertTransferHttp"":0.18220001459121704,""dpkiMptProofHttpQuery"":7.298900008201599,""dpkiMptProofSignerCertVerify"":9.930000007152557,""dpkiMptProofResponseVerify"":0.4117000102996826,""dpkiChainRootRead"":1.9678000211715698,""dpkiMptVerify"":0.3545999526977539,""dpkiOpenSslVerifyCert"":9.61300003528595,""dpkiOffchainAssertionSign"":12.097199976444244,""dpkiOffchainAssertionVerify"":9.275099992752075,""dpkiAuthSignature"":2.2497000098228455}",0,,
0,DPKI,210,intra-off-chain,false,false,411947.6909009875,420956.7952010096,421043.0592010082,86.26399999856949,0,86.26399999856949,0,1,1,65,"{""dpkiOffchainCertTransferHttp"":1.6748000383377075,""dpkiMptProofHttpQuery"":39.24229997396469,""dpkiMptProofSignerCertVerify"":9.890600025653839,""dpkiMptProofResponseVerify"":0.43779999017715454,""dpkiChainRootRead"":1.912600040435791,""dpkiMptVerify"":0.33059996366500854,""dpkiOpenSslVerifyCert"":9.214800000190735,""dpkiOffchainAssertionSign"":11.641200006008148,""dpkiOffchainAssertionVerify"":9.387000024318695,""dpkiAuthSignature"":2.160099983215332}",0,,
0,DPKI,211,intra-off-chain,false,false,412840.52024774347,421849.6245477656,421912.2944477657,62.66990000009537,0,62.66990000009537,0,1,1,65,"{""dpkiOffchainCertTransferHttp"":0.34150004386901855,""dpkiMptProofHttpQuery"":16.233399987220764,""dpkiMptProofSignerCertVerify"":10.004600048065186,""dpkiMptProofResponseVerify"":0.4169999957084656,""dpkiChainRootRead"":2.250599980354309,""dpkiMptVerify"":0.3281000256538391,""dpkiOpenSslVerifyCert"":9.268100023269653,""dpkiOffchainAssertionSign"":11.874599993228912,""dpkiOffchainAssertionVerify"":9.731099963188171,""dpkiAuthSignature"":1.8325999975204468}",0,,
0,DPKI,212,intra-off-chain,false,false,419673.39730405883,428682.50160408096,428736.7915040858,54.28990000486374,0,54.28990000486374,0,1,1,65,"{""dpkiOffchainCertTransferHttp"":1.2261000275611877,""dpkiMptProofHttpQuery"":2.9259999990463257,""dpkiMptProofSignerCertVerify"":9.46340000629425,""dpkiMptProofResponseVerify"":0.4684000015258789,""dpkiChainRootRead"":4.259600043296814,""dpkiMptVerify"":0.37049996852874756,""dpkiOpenSslVerifyCert"":10.435799956321716,""dpkiOffchainAssertionSign"":12.980400025844574,""dpkiOffchainAssertionVerify"":9.809000015258789,""dpkiAuthSignature"":1.8801000118255615}",0,,
0,DPKI,213,intra-off-chain,false,false,422677.1879168716,431686.29221689375,431758.9148168531,72.62259995937347,0,72.62259995937347,0,1,1,65,"{""dpkiOffchainCertTransferHttp"":0.718500018119812,""dpkiMptProofHttpQuery"":22.834999978542328,""dpkiMptProofSignerCertVerify"":10.244199991226196,""dpkiMptProofResponseVerify"":0.44199997186660767,""dpkiChainRootRead"":2.249300003051758,""dpkiMptVerify"":0.6326000094413757,""dpkiOpenSslVerifyCert"":10.697400033473969,""dpkiOffchainAssertionSign"":12.401400029659271,""dpkiOffchainAssertionVerify"":9.928599953651428,""dpkiAuthSignature"":1.9495999813079834}",0,,
0,DPKI,214,intra-off-chain,false,false,425452.69617234875,434461.8004723709,434512.1681723516,50.36769998073578,0,50.36769998073578,0,1,1,65,"{""dpkiOffchainCertTransferHttp"":0.017799973487854004,""dpkiMptProofHttpQuery"":4.0192999839782715,""dpkiMptProofSignerCertVerify"":9.617799997329712,""dpkiMptProofResponseVerify"":0.5989999771118164,""dpkiChainRootRead"":2.180500030517578,""dpkiMptVerify"":0.3400000333786011,""dpkiOpenSslVerifyCert"":9.958299994468689,""dpkiOffchainAssertionSign"":11.786999940872192,""dpkiOffchainAssertionVerify"":9.580600023269653,""dpkiAuthSignature"":1.8151999711990356}",0,,
0,DPKI,215,intra-off-chain,false,false,430362.43684375373,439371.54114377586,439419.0527437934,47.51160001754761,0,47.51160001754761,0,1,1,65,"{""dpkiOffchainCertTransferHttp"":1.0555999875068665,""dpkiMptProofHttpQuery"":2.8555999994277954,""dpkiMptProofSignerCertVerify"":8.774399995803833,""dpkiMptProofResponseVerify"":0.4010999798774719,""dpkiChainRootRead"":2.021000027656555,""dpkiMptVerify"":0.3384000062942505,""dpkiOpenSslVerifyCert"":8.654699981212616,""dpkiOffchainAssertionSign"":11.508000016212463,""dpkiOffchainAssertionVerify"":9.598800003528595,""dpkiAuthSignature"":1.9046000242233276}",0,,
0,DPKI,216,intra-off-chain,false,false,432847.99298426707,441857.0972842892,441911.2153842767,54.11809998750687,0,54.11809998750687,0,1,1,65,"{""dpkiOffchainCertTransferHttp"":0.2652999758720398,""dpkiMptProofHttpQuery"":6.228799998760223,""dpkiMptProofSignerCertVerify"":9.788600027561188,""dpkiMptProofResponseVerify"":0.4503999948501587,""dpkiChainRootRead"":2.1486000418663025,""dpkiMptVerify"":0.3325999975204468,""dpkiOpenSslVerifyCert"":9.844300031661987,""dpkiOffchainAssertionSign"":13.106799960136414,""dpkiOffchainAssertionVerify"":9.60209995508194,""dpkiAuthSignature"":1.892799973487854}",0,,
0,DPKI,217,intra-off-chain,false,false,434154.97316379816,443164.0774638203,443226.68936385185,62.61190003156662,0,62.61190003156662,0,1,1,65,"{""dpkiOffchainCertTransferHttp"":1.5217000246047974,""dpkiMptProofHttpQuery"":15.25629997253418,""dpkiMptProofSignerCertVerify"":9.499400019645691,""dpkiMptProofResponseVerify"":0.44849997758865356,""dpkiChainRootRead"":2.633400022983551,""dpkiMptVerify"":0.3319000005722046,""dpkiOpenSslVerifyCert"":9.89190000295639,""dpkiOffchainAssertionSign"":11.743499994277954,""dpkiOffchainAssertionVerify"":8.990800023078918,""dpkiAuthSignature"":1.852299988269806}",0,,
0,DPKI,218,intra-off-chain,false,false,435510.7334611516,444519.8377611737,444569.69756115484,49.85979998111725,0,49.85979998111725,0,1,1,65,"{""dpkiOffchainCertTransferHttp"":0.5871999859809875,""dpkiMptProofHttpQuery"":4.367000043392181,""dpkiMptProofSignerCertVerify"":9.682700037956238,""dpkiMptProofResponseVerify"":0.45169997215270996,""dpkiChainRootRead"":1.835099995136261,""dpkiMptVerify"":0.3238000273704529,""dpkiOpenSslVerifyCert"":9.708600044250488,""dpkiOffchainAssertionSign"":11.342099964618683,""dpkiOffchainAssertionVerify"":9.164799988269806,""dpkiAuthSignature"":1.9194999933242798}",0,,
0,DPKI,219,intra-off-chain,false,false,435787.6835745088,444796.78787453094,444868.1467745415,71.35890001058578,0,71.35890001058578,0,1,1,65,"{""dpkiOffchainCertTransferHttp"":1.8553999662399292,""dpkiMptProofHttpQuery"":22.965999960899353,""dpkiMptProofSignerCertVerify"":9.809100031852722,""dpkiMptProofResponseVerify"":0.43049997091293335,""dpkiChainRootRead"":1.8770999908447266,""dpkiMptVerify"":0.35350000858306885,""dpkiOpenSslVerifyCert"":9.675399959087372,""dpkiOffchainAssertionSign"":12.010299980640411,""dpkiOffchainAssertionVerify"":10.04449999332428,""dpkiAuthSignature"":1.8880000114440918}",0,,
0,DPKI,220,intra-off-chain,false,false,436858.98396031756,445868.0882603397,445922.20036034484,54.11210000514984,0,54.11210000514984,0,1,1,65,"{""dpkiOffchainCertTransferHttp"":1.2146000266075134,""dpkiMptProofHttpQuery"":6.802799999713898,""dpkiMptProofSignerCertVerify"":9.629100024700165,""dpkiMptProofResponseVerify"":0.4539000391960144,""dpkiChainRootRead"":1.8583999872207642,""dpkiMptVerify"":0.47109997272491455,""dpkiOpenSslVerifyCert"":9.610000014305115,""dpkiOffchainAssertionSign"":12.387899994850159,""dpkiOffchainAssertionVerify"":9.396799981594086,""dpkiAuthSignature"":1.8366000056266785}",0,,
0,DPKI,221,intra-off-chain,false,false,437154.62108681974,446163.72538684186,446216.4113868314,52.68599998950958,0,52.68599998950958,0,1,1,65,"{""dpkiOffchainCertTransferHttp"":0.20650005340576172,""dpkiMptProofHttpQuery"":7.586400032043457,""dpkiMptProofSignerCertVerify"":10.046099960803986,""dpkiMptProofResponseVerify"":0.4610000252723694,""dpkiChainRootRead"":1.9596999883651733,""dpkiMptVerify"":0.3287000060081482,""dpkiOpenSslVerifyCert"":9.06800001859665,""dpkiOffchainAssertionSign"":11.961100041866302,""dpkiOffchainAssertionVerify"":8.77319997549057,""dpkiAuthSignature"":1.892699956893921}",0,,
0,DPKI,222,intra-off-chain,false,false,437263.0258115612,446272.13011158333,446326.1957115613,54.06559997797012,0,54.06559997797012,0,1,1,65,"{""dpkiOffchainCertTransferHttp"":0.6550999879837036,""dpkiMptProofHttpQuery"":6.48989999294281,""dpkiMptProofSignerCertVerify"":10.29069995880127,""dpkiMptProofResponseVerify"":0.4694000482559204,""dpkiChainRootRead"":2.2800000309944153,""dpkiMptVerify"":0.3506999611854553,""dpkiOpenSslVerifyCert"":9.842700004577637,""dpkiOffchainAssertionSign"":11.839199960231781,""dpkiOffchainAssertionVerify"":9.348900020122528,""dpkiAuthSignature"":2.02020001411438}",0,,
0,DPKI,223,intra-off-chain,false,false,439015.4797524441,448024.5840524662,448095.50885244494,70.92479997873306,0,70.92479997873306,0,1,1,65,"{""dpkiOffchainCertTransferHttp"":4.580899953842163,""dpkiMptProofHttpQuery"":20.38270002603531,""dpkiMptProofSignerCertVerify"":9.643700003623962,""dpkiMptProofResponseVerify"":0.44940000772476196,""dpkiChainRootRead"":2.0681000351905823,""dpkiMptVerify"":0.3511999845504761,""dpkiOpenSslVerifyCert"":9.692600011825562,""dpkiOffchainAssertionSign"":12.42960000038147,""dpkiOffchainAssertionVerify"":8.949000000953674,""dpkiAuthSignature"":1.947700023651123}",0,,
0,DPKI,224,intra-off-chain,false,false,439384.5100811635,448393.6143811856,448442.48358117684,48.869199991226196,0,48.869199991226196,0,1,1,65,"{""dpkiOffchainCertTransferHttp"":0.022899985313415527,""dpkiMptProofHttpQuery"":2.531599998474121,""dpkiMptProofSignerCertVerify"":8.944099962711334,""dpkiMptProofResponseVerify"":0.40029996633529663,""dpkiChainRootRead"":2.2748000025749207,""dpkiMptVerify"":0.354699969291687,""dpkiOpenSslVerifyCert"":9.931599974632263,""dpkiOffchainAssertionSign"":12.056500017642975,""dpkiOffchainAssertionVerify"":9.919800043106079,""dpkiAuthSignature"":1.977899968624115}",0,,
0,DPKI,225,intra-off-chain,false,false,439874.94833382533,448884.05263384746,448960.858133878,76.80550003051758,0,76.80550003051758,0,1,1,65,"{""dpkiOffchainCertTransferHttp"":0.5939000248908997,""dpkiMptProofHttpQuery"":29.615700006484985,""dpkiMptProofSignerCertVerify"":9.773800015449524,""dpkiMptProofResponseVerify"":0.4544999599456787,""dpkiChainRootRead"":2.1591999530792236,""dpkiMptVerify"":0.3262999653816223,""dpkiOpenSslVerifyCert"":9.491199970245361,""dpkiOffchainAssertionSign"":12.576499998569489,""dpkiOffchainAssertionVerify"":9.593800008296967,""dpkiAuthSignature"":1.8321999907493591}",0,,
0,DPKI,226,intra-off-chain,false,false,443558.1885053298,452567.2928053519,452625.3225053331,58.029699981212616,0,58.029699981212616,0,1,1,65,"{""dpkiOffchainCertTransferHttp"":0.7462999820709229,""dpkiMptProofHttpQuery"":12.12310004234314,""dpkiMptProofSignerCertVerify"":9.507499992847443,""dpkiMptProofResponseVerify"":0.40599995851516724,""dpkiChainRootRead"":2.0748000144958496,""dpkiMptVerify"":0.35680001974105835,""dpkiOpenSslVerifyCert"":9.093200027942657,""dpkiOffchainAssertionSign"":12.104100048542023,""dpkiOffchainAssertionVerify"":9.323000013828278,""dpkiAuthSignature"":1.8366999626159668}",0,,
0,DPKI,227,intra-off-chain,false,false,444689.0450893012,453698.1493893233,453747.3436893192,49.1942999958992,0,49.1942999958992,0,1,1,65,"{""dpkiOffchainCertTransferHttp"":0.013400018215179443,""dpkiMptProofHttpQuery"":2.5760000348091125,""dpkiMptProofSignerCertVerify"":9.628499984741211,""dpkiMptProofResponseVerify"":0.4580000042915344,""dpkiChainRootRead"":2.243299961090088,""dpkiMptVerify"":0.35920000076293945,""dpkiOpenSslVerifyCert"":9.48879998922348,""dpkiOffchainAssertionSign"":12.380599975585938,""dpkiOffchainAssertionVerify"":9.72079998254776,""dpkiAuthSignature"":1.8806000351905823}",0,,
0,DPKI,228,intra-off-chain,false,false,449613.98205222236,458623.0863522445,458676.41555227386,53.32920002937317,0,53.32920002937317,0,1,1,65,"{""dpkiOffchainCertTransferHttp"":0.21660000085830688,""dpkiMptProofHttpQuery"":7.327099978923798,""dpkiMptProofSignerCertVerify"":9.522399961948395,""dpkiMptProofResponseVerify"":0.4577000141143799,""dpkiChainRootRead"":2.847599983215332,""dpkiMptVerify"":0.5110000371932983,""dpkiOpenSslVerifyCert"":10.007000029087067,""dpkiOffchainAssertionSign"":11.564200043678284,""dpkiOffchainAssertionVerify"":8.547100007534027,""dpkiAuthSignature"":1.7888000011444092}",0,,
0,DPKI,229,intra-off-chain,false,false,452126.9347135907,461136.03901361284,461190.8150135761,54.77599996328354,0,54.77599996328354,0,1,1,65,"{""dpkiOffchainCertTransferHttp"":1.1642000079154968,""dpkiMptProofHttpQuery"":5.4896000027656555,""dpkiMptProofSignerCertVerify"":9.81819999217987,""dpkiMptProofResponseVerify"":0.520300030708313,""dpkiChainRootRead"":5.005400002002716,""dpkiMptVerify"":0.3296999931335449,""dpkiOpenSslVerifyCert"":9.399399995803833,""dpkiOffchainAssertionSign"":11.94920003414154,""dpkiOffchainAssertionVerify"":8.793299973011017,""dpkiAuthSignature"":1.9229000210762024}",0,,
0,DPKI,230,intra-off-chain,false,false,452954.57330013276,461963.6776001549,462016.2631001568,52.58550000190735,0,52.58550000190735,0,1,1,65,"{""dpkiOffchainCertTransferHttp"":0.11900001764297485,""dpkiMptProofHttpQuery"":6.776400029659271,""dpkiMptProofSignerCertVerify"":9.938399970531464,""dpkiMptProofResponseVerify"":0.45430004596710205,""dpkiChainRootRead"":2.1963000297546387,""dpkiMptVerify"":0.3623000383377075,""dpkiOpenSslVerifyCert"":9.808899998664856,""dpkiOffchainAssertionSign"":11.81580001115799,""dpkiOffchainAssertionVerify"":8.826299965381622,""dpkiAuthSignature"":1.8439000248908997}",0,,
0,DPKI,231,intra-off-chain,false,false,452969.82929199736,461978.9335920195,462064.43090010644,85.49730808695313,37.32950813730713,48.167799949645996,0,1,1,65,"{""dpkiOffchainCertTransferHttp"":1.0285000205039978,""dpkiMptProofHttpQuery"":3.0567999482154846,""dpkiMptProofSignerCertVerify"":9.194500029087067,""dpkiMptProofResponseVerify"":0.40780001878738403,""dpkiChainRootRead"":2.0131999850273132,""dpkiMptVerify"":0.317300021648407,""dpkiOpenSslVerifyCert"":9.042499959468842,""dpkiOffchainAssertionSign"":11.496700048446655,""dpkiOffchainAssertionVerify"":9.4371999502182,""dpkiAuthSignature"":1.7800000309944153}",0,,
0,DPKI,232,intra-off-chain,false,false,453903.13686845166,462912.2411684738,462964.91806844337,52.67689996957779,0,52.67689996957779,0,1,1,65,"{""dpkiOffchainCertTransferHttp"":1.811900019645691,""dpkiMptProofHttpQuery"":6.300599992275238,""dpkiMptProofSignerCertVerify"":9.18010002374649,""dpkiMptProofResponseVerify"":0.43199998140335083,""dpkiChainRootRead"":1.9621000289916992,""dpkiMptVerify"":0.435699999332428,""dpkiOpenSslVerifyCert"":9.511699974536896,""dpkiOffchainAssertionSign"":11.787600040435791,""dpkiOffchainAssertionVerify"":9.02369999885559,""dpkiAuthSignature"":1.8288999795913696}",0,,
0,DPKI,233,intra-off-chain,false,false,454875.94341490127,463885.0477149234,463947.7490148888,62.70129996538162,0,62.70129996538162,0,1,1,65,"{""dpkiOffchainCertTransferHttp"":0.1948000192642212,""dpkiMptProofHttpQuery"":18.175099968910217,""dpkiMptProofSignerCertVerify"":9.52920001745224,""dpkiMptProofResponseVerify"":0.4300000071525574,""dpkiChainRootRead"":2.03219997882843,""dpkiMptVerify"":0.35440003871917725,""dpkiOpenSslVerifyCert"":9.245299994945526,""dpkiOffchainAssertionSign"":11.695699989795685,""dpkiOffchainAssertionVerify"":8.766499996185303,""dpkiAuthSignature"":1.916599988937378}",0,,
0,DPKI,234,intra-off-chain,false,false,460567.9021577267,469577.0064577488,469656.3818577556,79.37540000677109,0,79.37540000677109,0,1,1,65,"{""dpkiOffchainCertTransferHttp"":0.7766000032424927,""dpkiMptProofHttpQuery"":31.98690003156662,""dpkiMptProofSignerCertVerify"":9.802500009536743,""dpkiMptProofResponseVerify"":0.4131999611854553,""dpkiChainRootRead"":2.17739999294281,""dpkiMptVerify"":0.3721999526023865,""dpkiOpenSslVerifyCert"":9.098399996757507,""dpkiOffchainAssertionSign"":12.673400044441223,""dpkiOffchainAssertionVerify"":9.772799968719482,""dpkiAuthSignature"":1.9277999997138977}",0,,
0,DPKI,235,intra-off-chain,false,false,466473.6747333956,475482.7790334177,475546.76463341236,63.985599994659424,0,63.985599994659424,0,1,1,65,"{""dpkiOffchainCertTransferHttp"":3.4923999905586243,""dpkiMptProofHttpQuery"":5.0848000049591064,""dpkiMptProofSignerCertVerify"":9.88919997215271,""dpkiMptProofResponseVerify"":0.628000020980835,""dpkiChainRootRead"":2.977199971675873,""dpkiMptVerify"":0.3342999815940857,""dpkiOpenSslVerifyCert"":10.63459998369217,""dpkiOffchainAssertionSign"":15.7878999710083,""dpkiOffchainAssertionVerify"":12.37310004234314,""dpkiAuthSignature"":2.295199990272522}",0,,
0,DPKI,236,intra-off-chain,false,false,467024.83835935406,476033.9426593762,476092.8205593806,58.8779000043869,0,58.8779000043869,0,1,1,65,"{""dpkiOffchainCertTransferHttp"":1.7056000232696533,""dpkiMptProofHttpQuery"":10.151000022888184,""dpkiMptProofSignerCertVerify"":10.195600032806396,""dpkiMptProofResponseVerify"":0.45639997720718384,""dpkiChainRootRead"":1.9455000162124634,""dpkiMptVerify"":0.3263000249862671,""dpkiOpenSslVerifyCert"":9.546000003814697,""dpkiOffchainAssertionSign"":12.305299997329712,""dpkiOffchainAssertionVerify"":9.942999958992004,""dpkiAuthSignature"":1.9145999550819397}",0,,
0,DPKI,237,intra-off-chain,false,false,468248.62576006266,477257.7300600848,477305.5584601006,47.828400015830994,0,47.828400015830994,0,1,1,65,"{""dpkiOffchainCertTransferHttp"":0.28280001878738403,""dpkiMptProofHttpQuery"":2.6568000316619873,""dpkiMptProofSignerCertVerify"":9.22819995880127,""dpkiMptProofResponseVerify"":0.4043999910354614,""dpkiChainRootRead"":2.0109000205993652,""dpkiMptVerify"":0.32100003957748413,""dpkiOpenSslVerifyCert"":9.024200022220612,""dpkiOffchainAssertionSign"":12.041700005531311,""dpkiOffchainAssertionVerify"":9.586400032043457,""dpkiAuthSignature"":1.8831000328063965}",0,,
0,DPKI,238,intra-off-chain,false,false,468384.04355265887,477393.147852681,477452.09405269416,58.946200013160706,0,58.946200013160706,0,1,1,65,"{""dpkiOffchainCertTransferHttp"":0.5806000232696533,""dpkiMptProofHttpQuery"":12.774100005626678,""dpkiMptProofSignerCertVerify"":9.803999960422516,""dpkiMptProofResponseVerify"":0.4456000328063965,""dpkiChainRootRead"":1.79339998960495,""dpkiMptVerify"":0.3319999575614929,""dpkiOpenSslVerifyCert"":9.306699991226196,""dpkiOffchainAssertionSign"":12.122999966144562,""dpkiOffchainAssertionVerify"":9.50220000743866,""dpkiAuthSignature"":1.8507999777793884}",0,,
0,DPKI,239,intra-off-chain,false,false,469437.82865774835,478446.9329577705,478509.99335777963,63.06040000915527,0,63.06040000915527,0,1,1,65,"{""dpkiOffchainCertTransferHttp"":1.6110000014305115,""dpkiMptProofHttpQuery"":14.473499953746796,""dpkiMptProofSignerCertVerify"":10.229399979114532,""dpkiMptProofResponseVerify"":0.5316999554634094,""dpkiChainRootRead"":2.0012999773025513,""dpkiMptVerify"":0.34759998321533203,""dpkiOpenSslVerifyCert"":9.988999962806702,""dpkiOffchainAssertionSign"":12.169099986553192,""dpkiOffchainAssertionVerify"":9.358200013637543,""dpkiAuthSignature"":1.9539999961853027}",0,,
0,DPKI,240,intra-off-chain,false,false,470461.4293095885,479470.53360961063,479521.2824096499,50.74880003929138,0,50.74880003929138,0,1,1,65,"{""dpkiOffchainCertTransferHttp"":0.621399998664856,""dpkiMptProofHttpQuery"":3.2660000324249268,""dpkiMptProofSignerCertVerify"":9.344000041484833,""dpkiMptProofResponseVerify"":0.4293000102043152,""dpkiChainRootRead"":1.9502000212669373,""dpkiMptVerify"":0.32580000162124634,""dpkiOpenSslVerifyCert"":9.875800013542175,""dpkiOffchainAssertionSign"":12.171199977397919,""dpkiOffchainAssertionVerify"":10.409599959850311,""dpkiAuthSignature"":1.9574999809265137}",0,,
0,DPKI,241,intra-off-chain,false,false,473498.77750476345,482507.8818047856,482569.5850047682,61.70319998264313,0,61.70319998264313,0,1,1,65,"{""dpkiOffchainCertTransferHttp"":0.8842000365257263,""dpkiMptProofHttpQuery"":9.772300004959106,""dpkiMptProofSignerCertVerify"":9.815999984741211,""dpkiMptProofResponseVerify"":0.5166000127792358,""dpkiChainRootRead"":2.435800015926361,""dpkiMptVerify"":0.33100003004074097,""dpkiOpenSslVerifyCert"":10.111999988555908,""dpkiOffchainAssertionSign"":14.734000027179718,""dpkiOffchainAssertionVerify"":9.704799950122833,""dpkiAuthSignature"":2.9491999745368958}",0,,
0,DPKI,242,intra-off-chain,false,false,474628.11556260416,483637.2198626263,483690.9207626445,53.70090001821518,0,53.70090001821518,0,1,1,65,"{""dpkiOffchainCertTransferHttp"":0.03240001201629639,""dpkiMptProofHttpQuery"":4.924499988555908,""dpkiMptProofSignerCertVerify"":10.273400008678436,""dpkiMptProofResponseVerify"":0.6105999946594238,""dpkiChainRootRead"":2.0100000500679016,""dpkiMptVerify"":0.3433000445365906,""dpkiOpenSslVerifyCert"":10.03439998626709,""dpkiOffchainAssertionSign"":13.065599977970123,""dpkiOffchainAssertionVerify"":9.984699964523315,""dpkiAuthSignature"":1.9404999613761902}",0,,
0,DPKI,243,intra-off-chain,false,false,476979.2694417451,485988.37374176725,486043.7722417925,55.39850002527237,0,55.39850002527237,0,1,1,65,"{""dpkiOffchainCertTransferHttp"":1.093999981880188,""dpkiMptProofHttpQuery"":5.304099977016449,""dpkiMptProofSignerCertVerify"":10.28380000591278,""dpkiMptProofResponseVerify"":0.46960002183914185,""dpkiChainRootRead"":2.374399960041046,""dpkiMptVerify"":0.3615000247955322,""dpkiOpenSslVerifyCert"":10.157100021839142,""dpkiOffchainAssertionSign"":14.263300001621246,""dpkiOffchainAssertionVerify"":8.862700045108795,""dpkiAuthSignature"":1.8000999689102173}",0,,
0,DPKI,244,intra-off-chain,false,false,477134.4900914267,486143.59439144883,486193.9995914534,50.40520000457764,0,50.40520000457764,0,1,1,65,"{""dpkiOffchainCertTransferHttp"":1.390999972820282,""dpkiMptProofHttpQuery"":2.9391000270843506,""dpkiMptProofSignerCertVerify"":9.859499990940094,""dpkiMptProofResponseVerify"":0.45840001106262207,""dpkiChainRootRead"":1.8996000289916992,""dpkiMptVerify"":0.34369999170303345,""dpkiOpenSslVerifyCert"":9.878799974918365,""dpkiOffchainAssertionSign"":12.065100014209747,""dpkiOffchainAssertionVerify"":9.397300004959106,""dpkiAuthSignature"":1.7502999901771545}",0,,
0,DPKI,245,intra-off-chain,false,false,478398.8796766586,487407.9839766807,487462.78657670686,54.802600026130676,0,54.802600026130676,0,1,1,65,"{""dpkiOffchainCertTransferHttp"":1.3982999920845032,""dpkiMptProofHttpQuery"":7.649600028991699,""dpkiMptProofSignerCertVerify"":9.852200031280518,""dpkiMptProofResponseVerify"":0.42980003356933594,""dpkiChainRootRead"":1.9914000034332275,""dpkiMptVerify"":0.3458999991416931,""dpkiOpenSslVerifyCert"":9.233200013637543,""dpkiOffchainAssertionSign"":12.210900008678436,""dpkiOffchainAssertionVerify"":9.386799991130829,""dpkiAuthSignature"":1.9323000311851501}",0,,
0,DPKI,246,intra-off-chain,false,false,479108.96174555586,488118.066045578,488174.52604555653,56.45999997854233,0,56.45999997854233,0,1,1,65,"{""dpkiOffchainCertTransferHttp"":3.694000005722046,""dpkiMptProofHttpQuery"":7.535000026226044,""dpkiMptProofSignerCertVerify"":10.046400010585785,""dpkiMptProofResponseVerify"":0.4668000340461731,""dpkiChainRootRead"":1.7777000069618225,""dpkiMptVerify"":0.35740000009536743,""dpkiOpenSslVerifyCert"":9.931199967861176,""dpkiOffchainAssertionSign"":11.652899980545044,""dpkiOffchainAssertionVerify"":8.764299988746643,""dpkiAuthSignature"":1.8569999933242798}",0,,
0,DPKI,247,intra-off-chain,false,false,480018.4090915785,489027.51339160063,489106.93539159157,79.4219999909401,0,79.4219999909401,0,1,1,65,"{""dpkiOffchainCertTransferHttp"":3.287899971008301,""dpkiMptProofHttpQuery"":30.54739999771118,""dpkiMptProofSignerCertVerify"":9.750200033187866,""dpkiMptProofResponseVerify"":0.43730002641677856,""dpkiChainRootRead"":1.9034000039100647,""dpkiMptVerify"":0.3277999758720398,""dpkiOpenSslVerifyCert"":9.595499992370605,""dpkiOffchainAssertionSign"":12.206399977207184,""dpkiOffchainAssertionVerify"":9.08210003376007,""dpkiAuthSignature"":1.8436999917030334}",0,,
0,DPKI,248,intra-off-chain,false,false,482783.46803425637,491792.5723342785,491868.87193428364,76.29960000514984,0,76.29960000514984,0,1,1,65,"{""dpkiOffchainCertTransferHttp"":2.746299982070923,""dpkiMptProofHttpQuery"":27.831900000572205,""dpkiMptProofSignerCertVerify"":9.599700033664703,""dpkiMptProofResponseVerify"":0.4132000207901001,""dpkiChainRootRead"":1.9901000261306763,""dpkiMptVerify"":0.3645000457763672,""dpkiOpenSslVerifyCert"":9.980799973011017,""dpkiOffchainAssertionSign"":12.338100016117096,""dpkiOffchainAssertionVerify"":8.745000004768372,""dpkiAuthSignature"":1.8562999963760376}",0,,
0,DPKI,249,intra-off-chain,false,false,483137.6487063343,492146.7530063564,492211.26480634755,64.51179999113083,0,64.51179999113083,0,1,1,65,"{""dpkiOffchainCertTransferHttp"":2.6118000149726868,""dpkiMptProofHttpQuery"":17.250600039958954,""dpkiMptProofSignerCertVerify"":9.112399995326996,""dpkiMptProofResponseVerify"":0.4433000087738037,""dpkiChainRootRead"":2.158399999141693,""dpkiMptVerify"":0.33880001306533813,""dpkiOpenSslVerifyCert"":9.37720000743866,""dpkiOffchainAssertionSign"":12.036400020122528,""dpkiOffchainAssertionVerify"":8.982900023460388,""dpkiAuthSignature"":1.7754999995231628}",0,,
0,DPKI,250,intra-off-chain,false,false,483895.33390044724,492904.43820046936,492979.79590045963,75.35769999027252,0,75.35769999027252,0,1,1,65,"{""dpkiOffchainCertTransferHttp"":0.283799946308136,""dpkiMptProofHttpQuery"":28.298699975013733,""dpkiMptProofSignerCertVerify"":10.225600004196167,""dpkiMptProofResponseVerify"":0.504800021648407,""dpkiChainRootRead"":1.8636999726295471,""dpkiMptVerify"":0.3621000051498413,""dpkiOpenSslVerifyCert"":9.484000027179718,""dpkiOffchainAssertionSign"":12.219999969005585,""dpkiOffchainAssertionVerify"":9.82779997587204,""dpkiAuthSignature"":1.9121999740600586}",0,,
0,DPKI,251,intra-off-chain,false,false,486591.26049486856,495600.3647948907,495659.6211948798,59.25639998912811,0,59.25639998912811,0,1,1,65,"{""dpkiOffchainCertTransferHttp"":0.029799997806549072,""dpkiMptProofHttpQuery"":14.254999995231628,""dpkiMptProofSignerCertVerify"":9.763000011444092,""dpkiMptProofResponseVerify"":0.4455000162124634,""dpkiChainRootRead"":1.8675000071525574,""dpkiMptVerify"":0.3614000082015991,""dpkiOpenSslVerifyCert"":9.330299973487854,""dpkiOffchainAssertionSign"":11.917900025844574,""dpkiOffchainAssertionVerify"":8.972899973392487,""dpkiAuthSignature"":1.9400999546051025}",0,,
0,DPKI,252,intra-off-chain,false,false,486745.79882512166,495754.9031251438,495815.7534251578,60.85030001401901,0,60.85030001401901,0,1,1,65,"{""dpkiOffchainCertTransferHttp"":0.7423999905586243,""dpkiMptProofHttpQuery"":15.77130001783371,""dpkiMptProofSignerCertVerify"":9.809499979019165,""dpkiMptProofResponseVerify"":0.42640000581741333,""dpkiChainRootRead"":1.7967000007629395,""dpkiMptVerify"":0.3458000421524048,""dpkiOpenSslVerifyCert"":9.526700019836426,""dpkiOffchainAssertionSign"":11.333799958229065,""dpkiOffchainAssertionVerify"":8.82940000295639,""dpkiAuthSignature"":1.848300039768219}",0,,
0,DPKI,253,intra-off-chain,false,false,487997.9766987078,497007.0809987299,497078.86159874126,71.78060001134872,0,71.78060001134872,0,1,1,65,"{""dpkiOffchainCertTransferHttp"":0.5175999999046326,""dpkiMptProofHttpQuery"":17.991100013256073,""dpkiMptProofSignerCertVerify"":9.73879998922348,""dpkiMptProofResponseVerify"":0.4206000566482544,""dpkiChainRootRead"":2.223100006580353,""dpkiMptVerify"":0.3400999903678894,""dpkiOpenSslVerifyCert"":10.526600003242493,""dpkiOffchainAssertionSign"":14.531899988651276,""dpkiOffchainAssertionVerify"":13.175499975681305,""dpkiAuthSignature"":1.9053000211715698}",0,,
0,DPKI,254,intra-off-chain,false,false,488888.9590738289,497898.063373851,497984.9306738846,86.86730003356934,0,86.86730003356934,0,1,1,65,"{""dpkiOffchainCertTransferHttp"":0.3840000033378601,""dpkiMptProofHttpQuery"":39.64910000562668,""dpkiMptProofSignerCertVerify"":9.60400003194809,""dpkiMptProofResponseVerify"":0.45260000228881836,""dpkiChainRootRead"":2.3088000416755676,""dpkiMptVerify"":0.34679996967315674,""dpkiOpenSslVerifyCert"":9.990199983119965,""dpkiOffchainAssertionSign"":12.690600037574768,""dpkiOffchainAssertionVerify"":9.206100046634674,""dpkiAuthSignature"":1.8435999751091003}",0,,
0,DPKI,255,intra-off-chain,false,false,489803.63101517875,498812.7353152009,498873.16791516263,60.43259996175766,0,60.43259996175766,0,1,1,65,"{""dpkiOffchainCertTransferHttp"":1.7613999843597412,""dpkiMptProofHttpQuery"":13.137199997901917,""dpkiMptProofSignerCertVerify"":9.52999997138977,""dpkiMptProofResponseVerify"":0.3865000009536743,""dpkiChainRootRead"":1.9135000109672546,""dpkiMptVerify"":0.35370004177093506,""dpkiOpenSslVerifyCert"":9.62059998512268,""dpkiOffchainAssertionSign"":11.993600010871887,""dpkiOffchainAssertionVerify"":9.4307000041008,""dpkiAuthSignature"":1.9223999977111816}",0,,
0,DPKI,256,intra-off-chain,false,false,498197.88566929987,507206.989969322,507256.465369293,49.4753999710083,0,49.4753999710083,0,1,1,65,"{""dpkiOffchainCertTransferHttp"":0.22430002689361572,""dpkiMptProofHttpQuery"":3.7110000252723694,""dpkiMptProofSignerCertVerify"":9.404100000858307,""dpkiMptProofResponseVerify"":0.41679996252059937,""dpkiChainRootRead"":2.065600037574768,""dpkiMptVerify"":0.3296999931335449,""dpkiOpenSslVerifyCert"":9.422899961471558,""dpkiOffchainAssertionSign"":11.859899997711182,""dpkiOffchainAssertionVerify"":9.665000021457672,""dpkiAuthSignature"":1.9539999961853027}",0,,
0,DPKI,257,intra-off-chain,false,false,500935.0489887255,509944.15328874765,510035.3738887566,91.22060000896454,0,91.22060000896454,0,1,1,65,"{""dpkiOffchainCertTransferHttp"":0.26109999418258667,""dpkiMptProofHttpQuery"":44.239099979400635,""dpkiMptProofSignerCertVerify"":9.785699963569641,""dpkiMptProofResponseVerify"":0.4919999837875366,""dpkiChainRootRead"":2.115399956703186,""dpkiMptVerify"":0.3676000237464905,""dpkiOpenSslVerifyCert"":9.44650000333786,""dpkiOffchainAssertionSign"":12.146200001239777,""dpkiOffchainAssertionVerify"":9.938399970531464,""dpkiAuthSignature"":2.0396000146865845}",0,,
0,DPKI,258,intra-off-chain,false,false,502299.2512943545,511308.3555943766,511390.6509943405,82.29539996385574,0,82.29539996385574,0,1,1,65,"{""dpkiOffchainCertTransferHttp"":2.1280999779701233,""dpkiMptProofHttpQuery"":31.68879997730255,""dpkiMptProofSignerCertVerify"":9.829299986362457,""dpkiMptProofResponseVerify"":0.4512999653816223,""dpkiChainRootRead"":1.9355999827384949,""dpkiMptVerify"":0.34710001945495605,""dpkiOpenSslVerifyCert"":9.655900001525879,""dpkiOffchainAssertionSign"":13.760199964046478,""dpkiOffchainAssertionVerify"":10.087000012397766,""dpkiAuthSignature"":1.9379000067710876}",0,,
0,DPKI,259,intra-off-chain,false,false,503415.5301990292,512424.6344990513,512500.6701990149,76.03569996356964,0,76.03569996356964,0,1,1,65,"{""dpkiOffchainCertTransferHttp"":0.8436999917030334,""dpkiMptProofHttpQuery"":24.771399974822998,""dpkiMptProofSignerCertVerify"":12.231500029563904,""dpkiMptProofResponseVerify"":0.5262999534606934,""dpkiChainRootRead"":2.829900026321411,""dpkiMptVerify"":0.3348999619483948,""dpkiOpenSslVerifyCert"":9.922699987888336,""dpkiOffchainAssertionSign"":12.166099965572357,""dpkiOffchainAssertionVerify"":10.074000000953674,""dpkiAuthSignature"":1.9056000113487244}",0,,
0,DPKI,260,intra-off-chain,false,false,510327.1088861699,519336.21318619204,519390.3587862129,54.14560002088547,0,54.14560002088547,0,1,1,65,"{""dpkiOffchainCertTransferHttp"":1.5146999955177307,""dpkiMptProofHttpQuery"":7.17629998922348,""dpkiMptProofSignerCertVerify"":9.759199976921082,""dpkiMptProofResponseVerify"":0.42640000581741333,""dpkiChainRootRead"":1.807099997997284,""dpkiMptVerify"":0.33820003271102905,""dpkiOpenSslVerifyCert"":9.300200045108795,""dpkiOffchainAssertionSign"":12.038399994373322,""dpkiOffchainAssertionVerify"":9.524399995803833,""dpkiAuthSignature"":1.868499994277954}",0,,
0,DPKI,261,intra-off-chain,false,false,511766.4974958659,520775.60179588804,520823.98459587106,48.3827999830246,0,48.3827999830246,0,1,1,65,"{""dpkiOffchainCertTransferHttp"":0.9688000082969666,""dpkiMptProofHttpQuery"":2.888800024986267,""dpkiMptProofSignerCertVerify"":9.279799997806549,""dpkiMptProofResponseVerify"":0.39809995889663696,""dpkiChainRootRead"":1.8025000095367432,""dpkiMptVerify"":0.3460000157356262,""dpkiOpenSslVerifyCert"":9.530499994754791,""dpkiOffchainAssertionSign"":11.788000047206879,""dpkiOffchainAssertionVerify"":9.192200005054474,""dpkiAuthSignature"":1.8015999794006348}",0,,
0,DPKI,262,intra-off-chain,false,false,514010.92897583597,523020.0332758581,523079.49187584274,59.45859998464584,0,59.45859998464584,0,1,1,65,"{""dpkiOffchainCertTransferHttp"":1.6657999753952026,""dpkiMptProofHttpQuery"":6.097500026226044,""dpkiMptProofSignerCertVerify"":9.671300053596497,""dpkiMptProofResponseVerify"":0.4189000129699707,""dpkiChainRootRead"":2.2908999919891357,""dpkiMptVerify"":0.3442000150680542,""dpkiOpenSslVerifyCert"":10.038600027561188,""dpkiOffchainAssertionSign"":17.21270000934601,""dpkiOffchainAssertionVerify"":9.172100007534027,""dpkiAuthSignature"":1.907700002193451}",0,,
0,DPKI,263,intra-off-chain,false,false,517955.2364224855,526964.3407225076,527028.113922483,63.77319997549057,0,63.77319997549057,0,1,1,65,"{""dpkiOffchainCertTransferHttp"":2.9024999737739563,""dpkiMptProofHttpQuery"":16.230200052261353,""dpkiMptProofSignerCertVerify"":9.756999969482422,""dpkiMptProofResponseVerify"":0.397100031375885,""dpkiChainRootRead"":1.998199999332428,""dpkiMptVerify"":0.3314000368118286,""dpkiOpenSslVerifyCert"":9.505800008773804,""dpkiOffchainAssertionSign"":11.503299951553345,""dpkiOffchainAssertionVerify"":8.926800012588501,""dpkiAuthSignature"":1.7857999801635742}",0,,
0,DPKI,264,intra-off-chain,false,false,522837.87670358067,531846.9810036027,531926.0490035617,79.067999958992,0,79.067999958992,0,1,1,65,"{""dpkiOffchainCertTransferHttp"":0.023800015449523926,""dpkiMptProofHttpQuery"":32.63969999551773,""dpkiMptProofSignerCertVerify"":10.058999955654144,""dpkiMptProofResponseVerify"":0.4311000108718872,""dpkiChainRootRead"":2.0742000341415405,""dpkiMptVerify"":0.36959999799728394,""dpkiOpenSslVerifyCert"":9.627099990844727,""dpkiOffchainAssertionSign"":12.181099951267242,""dpkiOffchainAssertionVerify"":9.274500012397766,""dpkiAuthSignature"":1.9696000218391418}",0,,
0,DPKI,265,intra-off-chain,false,false,525550.2508754274,534559.3551754495,534620.951575472,61.596400022506714,0,61.596400022506714,0,1,1,65,"{""dpkiOffchainCertTransferHttp"":2.2786999940872192,""dpkiMptProofHttpQuery"":13.670800030231476,""dpkiMptProofSignerCertVerify"":9.768100023269653,""dpkiMptProofResponseVerify"":0.420199990272522,""dpkiChainRootRead"":2.024399995803833,""dpkiMptVerify"":0.3515000343322754,""dpkiOpenSslVerifyCert"":9.605099976062775,""dpkiOffchainAssertionSign"":12.037600040435791,""dpkiOffchainAssertionVerify"":9.099900007247925,""dpkiAuthSignature"":1.9041000008583069}",0,,
0,DPKI,266,intra-off-chain,false,false,525735.207287392,534744.3115874141,534797.7424873918,53.43089997768402,0,53.43089997768402,0,1,1,65,"{""dpkiOffchainCertTransferHttp"":1.4082000255584717,""dpkiMptProofHttpQuery"":5.335099995136261,""dpkiMptProofSignerCertVerify"":9.700400054454803,""dpkiMptProofResponseVerify"":0.47699999809265137,""dpkiChainRootRead"":1.8036999702453613,""dpkiMptVerify"":0.35189998149871826,""dpkiOpenSslVerifyCert"":9.678700029850006,""dpkiOffchainAssertionSign"":12.939199984073639,""dpkiOffchainAssertionVerify"":9.518100023269653,""dpkiAuthSignature"":1.7882999777793884}",0,,
0,DPKI,267,intra-off-chain,false,false,528661.655879555,537670.7601795772,537723.1412795761,52.38109999895096,0,52.38109999895096,0,1,1,65,"{""dpkiOffchainCertTransferHttp"":0.8586000204086304,""dpkiMptProofHttpQuery"":5.283800005912781,""dpkiMptProofSignerCertVerify"":9.603200018405914,""dpkiMptProofResponseVerify"":0.43529999256134033,""dpkiChainRootRead"":2.2455999851226807,""dpkiMptVerify"":0.33570003509521484,""dpkiOpenSslVerifyCert"":9.412599980831146,""dpkiOffchainAssertionSign"":12.432899951934814,""dpkiOffchainAssertionVerify"":9.307400047779083,""dpkiAuthSignature"":2.0318000316619873}",0,,
0,DPKI,268,intra-off-chain,false,false,529837.6374163578,538846.7417163799,538910.424116368,63.68239998817444,0,63.68239998817444,0,1,1,65,"{""dpkiOffchainCertTransferHttp"":0.29770004749298096,""dpkiMptProofHttpQuery"":17.414200007915497,""dpkiMptProofSignerCertVerify"":9.466600000858307,""dpkiMptProofResponseVerify"":0.42920005321502686,""dpkiChainRootRead"":2.046400010585785,""dpkiMptVerify"":0.3313000202178955,""dpkiOpenSslVerifyCert"":9.953700006008148,""dpkiOffchainAssertionSign"":12.474900007247925,""dpkiOffchainAssertionVerify"":8.960399985313416,""dpkiAuthSignature"":1.910599946975708}",0,,
0,DPKI,269,intra-off-chain,false,false,531672.4856965032,540681.5899965253,540744.2740964976,62.68409997224808,0,62.68409997224808,0,1,1,65,"{""dpkiOffchainCertTransferHttp"":3.257099986076355,""dpkiMptProofHttpQuery"":12.565099954605103,""dpkiMptProofSignerCertVerify"":10.327600002288818,""dpkiMptProofResponseVerify"":0.4513999819755554,""dpkiChainRootRead"":1.822700023651123,""dpkiMptVerify"":0.4664999842643738,""dpkiOpenSslVerifyCert"":9.547299981117249,""dpkiOffchainAssertionSign"":12.122199952602386,""dpkiOffchainAssertionVerify"":9.859600007534027,""dpkiAuthSignature"":1.8228000402450562}",0,,
0,DPKI,270,intra-off-chain,false,false,534063.2307121768,543072.3350121989,543171.9875121727,99.65249997377396,0,99.65249997377396,0,1,1,65,"{""dpkiOffchainCertTransferHttp"":0.0821000337600708,""dpkiMptProofHttpQuery"":44.06120002269745,""dpkiMptProofSignerCertVerify"":10.3996000289917,""dpkiMptProofResponseVerify"":0.6358999609947205,""dpkiChainRootRead"":2.3841999769210815,""dpkiMptVerify"":0.370199978351593,""dpkiOpenSslVerifyCert"":10.935000002384186,""dpkiOffchainAssertionSign"":16.214100003242493,""dpkiOffchainAssertionVerify"":12.245199978351593,""dpkiAuthSignature"":1.8978999853134155}",0,,
0,DPKI,271,intra-off-chain,false,false,537012.5136794357,546021.6179794578,546075.3877794652,53.76980000734329,0,53.76980000734329,0,1,1,65,"{""dpkiOffchainCertTransferHttp"":1.278700053691864,""dpkiMptProofHttpQuery"":6.500399947166443,""dpkiMptProofSignerCertVerify"":10.120500028133392,""dpkiMptProofResponseVerify"":0.46480000019073486,""dpkiChainRootRead"":2.077400028705597,""dpkiMptVerify"":0.3539999723434448,""dpkiOpenSslVerifyCert"":10.009299993515015,""dpkiOffchainAssertionSign"":12.038500010967255,""dpkiOffchainAssertionVerify"":8.672600030899048,""dpkiAuthSignature"":1.8247999548912048}",0,,
0,DPKI,272,intra-off-chain,false,false,537557.0502045598,546566.1545045819,546619.9915045943,53.837000012397766,0,53.837000012397766,0,1,1,65,"{""dpkiOffchainCertTransferHttp"":0.08329999446868896,""dpkiMptProofHttpQuery"":7.635999977588654,""dpkiMptProofSignerCertVerify"":9.890700042247772,""dpkiMptProofResponseVerify"":0.7407000064849854,""dpkiChainRootRead"":2.3302000164985657,""dpkiMptVerify"":0.34029996395111084,""dpkiOpenSslVerifyCert"":9.355000019073486,""dpkiOffchainAssertionSign"":11.864800035953522,""dpkiOffchainAssertionVerify"":9.232599973678589,""dpkiAuthSignature"":1.9052000045776367}",0,,
0,DPKI,273,intra-off-chain,false,false,539848.3229892215,548857.4272892437,548905.5915892682,48.16430002450943,0,48.16430002450943,0,1,1,65,"{""dpkiOffchainCertTransferHttp"":0.1843000054359436,""dpkiMptProofHttpQuery"":2.8441999554634094,""dpkiMptProofSignerCertVerify"":9.52290004491806,""dpkiMptProofResponseVerify"":0.45489996671676636,""dpkiChainRootRead"":2.1812999844551086,""dpkiMptVerify"":0.33810001611709595,""dpkiOpenSslVerifyCert"":9.741599977016449,""dpkiOffchainAssertionSign"":11.854300022125244,""dpkiOffchainAssertionVerify"":8.67770004272461,""dpkiAuthSignature"":1.9860000014305115}",0,,
0,DPKI,274,intra-off-chain,false,false,539914.9001441522,548924.0044441744,548990.3431441708,66.3386999964714,0,66.3386999964714,0,1,1,65,"{""dpkiOffchainCertTransferHttp"":0.07739996910095215,""dpkiMptProofHttpQuery"":19.52020001411438,""dpkiMptProofSignerCertVerify"":9.471099972724915,""dpkiMptProofResponseVerify"":0.4029000401496887,""dpkiChainRootRead"":1.8261000514030457,""dpkiMptVerify"":0.35019999742507935,""dpkiOpenSslVerifyCert"":10.124800026416779,""dpkiOffchainAssertionSign"":12.477500021457672,""dpkiOffchainAssertionVerify"":9.605499982833862,""dpkiAuthSignature"":2.031700015068054}",0,,
0,DPKI,275,intra-off-chain,false,false,540866.7082499443,549875.8125499664,549931.8496499835,56.03710001707077,0,56.03710001707077,0,1,1,65,"{""dpkiOffchainCertTransferHttp"":0.018500030040740967,""dpkiMptProofHttpQuery"":8.339399993419647,""dpkiMptProofSignerCertVerify"":9.915499985218048,""dpkiMptProofResponseVerify"":0.42469996213912964,""dpkiChainRootRead"":2.172600030899048,""dpkiMptVerify"":0.33420002460479736,""dpkiOpenSslVerifyCert"":9.771399974822998,""dpkiOffchainAssertionSign"":12.778800010681152,""dpkiOffchainAssertionVerify"":9.946899950504303,""dpkiAuthSignature"":1.8730000257492065}",0,,
0,DPKI,276,intra-off-chain,false,false,542422.6671274975,551431.7714275196,551490.3002274707,58.52879995107651,0,58.52879995107651,0,1,1,65,"{""dpkiOffchainCertTransferHttp"":0.4187999963760376,""dpkiMptProofHttpQuery"":5.870800018310547,""dpkiMptProofSignerCertVerify"":9.916599988937378,""dpkiMptProofResponseVerify"":0.46399998664855957,""dpkiChainRootRead"":2.247599959373474,""dpkiMptVerify"":0.3401000499725342,""dpkiOpenSslVerifyCert"":14.163500010967255,""dpkiOffchainAssertionSign"":13.250999987125397,""dpkiOffchainAssertionVerify"":9.510299980640411,""dpkiAuthSignature"":1.8907999992370605}",0,,
0,DPKI,277,intra-off-chain,false,false,544848.8386954694,553857.9429954916,553944.8727955251,86.92980003356934,0,86.92980003356934,0,1,1,65,"{""dpkiOffchainCertTransferHttp"":0.39480000734329224,""dpkiMptProofHttpQuery"":39.71119999885559,""dpkiMptProofSignerCertVerify"":9.761000037193298,""dpkiMptProofResponseVerify"":0.45579999685287476,""dpkiChainRootRead"":1.983900010585785,""dpkiMptVerify"":0.3270000219345093,""dpkiOpenSslVerifyCert"":9.799899995326996,""dpkiOffchainAssertionSign"":12.8503999710083,""dpkiOffchainAssertionVerify"":9.305299997329712,""dpkiAuthSignature"":1.88510000705719}",0,,
0,DPKI,278,intra-off-chain,false,false,545611.5384545213,554620.6427545435,554676.6418545133,55.99909996986389,0,55.99909996986389,0,1,1,65,"{""dpkiOffchainCertTransferHttp"":1.1868000030517578,""dpkiMptProofHttpQuery"":4.088599979877472,""dpkiMptProofSignerCertVerify"":9.366900026798248,""dpkiMptProofResponseVerify"":0.4425000548362732,""dpkiChainRootRead"":1.892899990081787,""dpkiMptVerify"":0.32489997148513794,""dpkiOpenSslVerifyCert"":8.901800036430359,""dpkiOffchainAssertionSign"":17.794200003147125,""dpkiOffchainAssertionVerify"":9.653300046920776,""dpkiAuthSignature"":1.9339999556541443}",0,,
0,DPKI,279,intra-off-chain,false,false,545914.4501636171,554923.5544636393,554977.9835636163,54.42909997701645,0,54.42909997701645,0,1,1,65,"{""dpkiOffchainCertTransferHttp"":0.10350000858306885,""dpkiMptProofHttpQuery"":8.364499986171722,""dpkiMptProofSignerCertVerify"":9.54280000925064,""dpkiMptProofResponseVerify"":0.4402000308036804,""dpkiChainRootRead"":2.423799991607666,""dpkiMptVerify"":0.32190001010894775,""dpkiOpenSslVerifyCert"":9.520699977874756,""dpkiOffchainAssertionSign"":12.155900001525879,""dpkiOffchainAssertionVerify"":9.236299991607666,""dpkiAuthSignature"":1.8844000101089478}",0,,
0,DPKI,280,intra-off-chain,false,false,546848.9469133959,555858.051213418,555907.2941134319,49.242900013923645,0,49.242900013923645,0,1,1,65,"{""dpkiOffchainCertTransferHttp"":0.11009997129440308,""dpkiMptProofHttpQuery"":5.080399990081787,""dpkiMptProofSignerCertVerify"":9.54069995880127,""dpkiMptProofResponseVerify"":0.4043000340461731,""dpkiChainRootRead"":2.036300003528595,""dpkiMptVerify"":0.3313000202178955,""dpkiOpenSslVerifyCert"":8.995000004768372,""dpkiOffchainAssertionSign"":11.434599995613098,""dpkiOffchainAssertionVerify"":8.875699996948242,""dpkiAuthSignature"":1.859600007534027}",0,,
0,DPKI,281,intra-off-chain,false,false,558104.1097415158,567113.214041538,567184.0588415334,70.84479999542236,0,70.84479999542236,0,1,1,65,"{""dpkiOffchainCertTransferHttp"":0.26440000534057617,""dpkiMptProofHttpQuery"":26.002300024032593,""dpkiMptProofSignerCertVerify"":9.689999997615814,""dpkiMptProofResponseVerify"":0.4229000210762024,""dpkiChainRootRead"":2.073300004005432,""dpkiMptVerify"":0.3647000193595886,""dpkiOpenSslVerifyCert"":9.56089997291565,""dpkiOffchainAssertionSign"":11.568499982357025,""dpkiOffchainAssertionVerify"":8.7117999792099,""dpkiAuthSignature"":1.8079000115394592}",0,,
0,DPKI,282,intra-off-chain,false,false,558405.3535644158,567414.457864438,567495.0096644505,80.5518000125885,0,80.5518000125885,0,1,1,65,"{""dpkiOffchainCertTransferHttp"":3.76610004901886,""dpkiMptProofHttpQuery"":29.74889999628067,""dpkiMptProofSignerCertVerify"":9.661800026893616,""dpkiMptProofResponseVerify"":0.46890002489089966,""dpkiChainRootRead"":2.48499995470047,""dpkiMptVerify"":0.32580000162124634,""dpkiOpenSslVerifyCert"":9.328199982643127,""dpkiOffchainAssertionSign"":12.671500027179718,""dpkiOffchainAssertionVerify"":9.842599987983704,""dpkiAuthSignature"":1.8487000465393066}",0,,
0,DPKI,283,intra-off-chain,false,false,561747.0028655009,570756.107165523,570805.3549655752,49.247800052165985,0,49.247800052165985,0,1,1,65,"{""dpkiOffchainCertTransferHttp"":0.6654000282287598,""dpkiMptProofHttpQuery"":2.6383000016212463,""dpkiMptProofSignerCertVerify"":9.74480003118515,""dpkiMptProofResponseVerify"":0.43199998140335083,""dpkiChainRootRead"":2.094099998474121,""dpkiMptVerify"":0.3220999836921692,""dpkiOpenSslVerifyCert"":9.704299986362457,""dpkiOffchainAssertionSign"":12.083999991416931,""dpkiOffchainAssertionVerify"":9.259400010108948,""dpkiAuthSignature"":1.8880000114440918}",0,,
0,DPKI,284,intra-off-chain,false,false,564206.2674873222,573215.3717873443,573266.8132873524,51.44150000810623,0,51.44150000810623,0,1,1,65,"{""dpkiOffchainCertTransferHttp"":0.3889000415802002,""dpkiMptProofHttpQuery"":4.4926000237464905,""dpkiMptProofSignerCertVerify"":9.697499990463257,""dpkiMptProofResponseVerify"":0.4500999450683594,""dpkiChainRootRead"":2.116599977016449,""dpkiMptVerify"":0.34230005741119385,""dpkiOpenSslVerifyCert"":9.701100051403046,""dpkiOffchainAssertionSign"":12.887100040912628,""dpkiOffchainAssertionVerify"":9.016600012779236,""dpkiAuthSignature"":1.857300043106079}",0,,
0,DPKI,285,intra-off-chain,false,false,567642.5598897898,576651.6641898119,576716.5984898173,64.93430000543594,0,64.93430000543594,0,1,1,65,"{""dpkiOffchainCertTransferHttp"":1.3853000402450562,""dpkiMptProofHttpQuery"":18.35609996318817,""dpkiMptProofSignerCertVerify"":9.81410002708435,""dpkiMptProofResponseVerify"":0.44040000438690186,""dpkiChainRootRead"":1.8946999907493591,""dpkiMptVerify"":0.3398999571800232,""dpkiOpenSslVerifyCert"":9.310100018978119,""dpkiOffchainAssertionSign"":12.003099977970123,""dpkiOffchainAssertionVerify"":9.030000030994415,""dpkiAuthSignature"":1.960099995136261}",0,,
0,DPKI,286,intra-off-chain,false,false,569870.2387773566,578879.3430773787,578958.5766773991,79.23360002040863,0,79.23360002040863,0,1,1,65,"{""dpkiOffchainCertTransferHttp"":1.1172999739646912,""dpkiMptProofHttpQuery"":31.573800027370453,""dpkiMptProofSignerCertVerify"":10.04940003156662,""dpkiMptProofResponseVerify"":0.43369996547698975,""dpkiChainRootRead"":2.208299994468689,""dpkiMptVerify"":0.3562999963760376,""dpkiOpenSslVerifyCert"":9.387899994850159,""dpkiOffchainAssertionSign"":12.292400002479553,""dpkiOffchainAssertionVerify"":9.486499965190887,""dpkiAuthSignature"":1.8888999819755554}",0,,
0,DPKI,287,intra-off-chain,false,false,570902.164305664,579911.2686056861,579969.5296056637,58.260999977588654,0,58.260999977588654,0,1,1,65,"{""dpkiOffchainCertTransferHttp"":0.31540000438690186,""dpkiMptProofHttpQuery"":4.280099987983704,""dpkiMptProofSignerCertVerify"":9.60860002040863,""dpkiMptProofResponseVerify"":0.45309996604919434,""dpkiChainRootRead"":2.350499987602234,""dpkiMptVerify"":0.36820000410079956,""dpkiOpenSslVerifyCert"":11.562400043010712,""dpkiOffchainAssertionSign"":14.455000042915344,""dpkiOffchainAssertionVerify"":12.12799996137619,""dpkiAuthSignature"":2.2091000080108643}",0,,
0,DPKI,288,intra-off-chain,false,false,571067.441741588,580076.5460416101,580129.4004415892,52.85439997911453,0,52.85439997911453,0,1,1,65,"{""dpkiOffchainCertTransferHttp"":0.44009995460510254,""dpkiMptProofHttpQuery"":4.405099987983704,""dpkiMptProofSignerCertVerify"":11.631300032138824,""dpkiMptProofResponseVerify"":0.48360002040863037,""dpkiChainRootRead"":2.1887999773025513,""dpkiMptVerify"":0.34219998121261597,""dpkiOpenSslVerifyCert"":9.487100005149841,""dpkiOffchainAssertionSign"":12.019299983978271,""dpkiOffchainAssertionVerify"":9.535099983215332,""dpkiAuthSignature"":1.8981000185012817}",0,,
0,DPKI,289,intra-off-chain,false,false,574329.4893011145,583338.5936011366,583417.6878011517,79.09420001506805,0,79.09420001506805,0,1,1,65,"{""dpkiOffchainCertTransferHttp"":0.43070000410079956,""dpkiMptProofHttpQuery"":27.885300040245056,""dpkiMptProofSignerCertVerify"":10.382699966430664,""dpkiMptProofResponseVerify"":0.49220001697540283,""dpkiChainRootRead"":2.5992000102996826,""dpkiMptVerify"":0.3740999698638916,""dpkiOpenSslVerifyCert"":11.496599972248077,""dpkiOffchainAssertionSign"":13.565899968147278,""dpkiOffchainAssertionVerify"":9.434499979019165,""dpkiAuthSignature"":1.7978000044822693}",0,,
0,DPKI,290,intra-off-chain,false,false,576143.6385454712,585152.7428454934,585199.1963454662,46.45349997282028,0,46.45349997282028,0,1,1,65,"{""dpkiOffchainCertTransferHttp"":0.21649998426437378,""dpkiMptProofHttpQuery"":2.3733999729156494,""dpkiMptProofSignerCertVerify"":9.133800029754639,""dpkiMptProofResponseVerify"":0.40049999952316284,""dpkiChainRootRead"":1.893500030040741,""dpkiMptVerify"":0.33389997482299805,""dpkiOpenSslVerifyCert"":9.20389997959137,""dpkiOffchainAssertionSign"":11.98769998550415,""dpkiOffchainAssertionVerify"":8.694600045681,""dpkiAuthSignature"":1.810699999332428}",0,,
0,DPKI,291,intra-off-chain,false,false,577489.7473195032,586498.8516195253,586561.864319487,63.01269996166229,0,63.01269996166229,0,1,1,65,"{""dpkiOffchainCertTransferHttp"":0.4853999614715576,""dpkiMptProofHttpQuery"":13.65719997882843,""dpkiMptProofSignerCertVerify"":10.428799986839294,""dpkiMptProofResponseVerify"":0.4829000234603882,""dpkiChainRootRead"":1.9244999885559082,""dpkiMptVerify"":0.329800009727478,""dpkiOpenSslVerifyCert"":10.208000004291534,""dpkiOffchainAssertionSign"":12.933300018310547,""dpkiOffchainAssertionVerify"":10.10530000925064,""dpkiAuthSignature"":1.8968999981880188}",0,,
0,DPKI,292,intra-off-chain,false,false,577675.1671146859,586684.271414708,586763.3160147179,79.04460000991821,0,79.04460000991821,0,1,1,65,"{""dpkiOffchainCertTransferHttp"":2.804800033569336,""dpkiMptProofHttpQuery"":21.698000013828278,""dpkiMptProofSignerCertVerify"":10.635900020599365,""dpkiMptProofResponseVerify"":0.4729999899864197,""dpkiChainRootRead"":2.196299970149994,""dpkiMptVerify"":0.3416000008583069,""dpkiOpenSslVerifyCert"":10.161300003528595,""dpkiOffchainAssertionSign"":13.430099964141846,""dpkiOffchainAssertionVerify"":15.00330001115799,""dpkiAuthSignature"":1.883799970149994}",0,,
0,DPKI,293,intra-off-chain,false,false,577884.2168686991,586893.3211687212,586947.4440687303,54.12290000915527,0,54.12290000915527,0,1,1,65,"{""dpkiOffchainCertTransferHttp"":0.45639997720718384,""dpkiMptProofHttpQuery"":6.33950001001358,""dpkiMptProofSignerCertVerify"":9.580699980258942,""dpkiMptProofResponseVerify"":0.444599986076355,""dpkiChainRootRead"":2.2799999713897705,""dpkiMptVerify"":0.3392999768257141,""dpkiOpenSslVerifyCert"":9.797900021076202,""dpkiOffchainAssertionSign"":12.527700006961823,""dpkiOffchainAssertionVerify"":10.018999993801117,""dpkiAuthSignature"":1.9394000172615051}",0,,
0,DPKI,294,intra-off-chain,false,false,578160.850063756,587169.9543637781,587247.1392637639,77.18489998579025,0,77.18489998579025,0,1,1,65,"{""dpkiOffchainCertTransferHttp"":2.356600046157837,""dpkiMptProofHttpQuery"":26.262399971485138,""dpkiMptProofSignerCertVerify"":9.976400017738342,""dpkiMptProofResponseVerify"":0.45579999685287476,""dpkiChainRootRead"":1.8269000053405762,""dpkiMptVerify"":0.35620003938674927,""dpkiOpenSslVerifyCert"":10.110199987888336,""dpkiOffchainAssertionSign"":12.877099990844727,""dpkiOffchainAssertionVerify"":10.512899994850159,""dpkiAuthSignature"":1.974399983882904}",0,,
0,DPKI,295,intra-off-chain,false,false,578824.4265835999,587833.530883622,587881.2649836062,47.734099984169006,0,47.734099984169006,0,1,1,65,"{""dpkiOffchainCertTransferHttp"":0.29280000925064087,""dpkiMptProofHttpQuery"":3.203499972820282,""dpkiMptProofSignerCertVerify"":9.35530000925064,""dpkiMptProofResponseVerify"":0.6556000113487244,""dpkiChainRootRead"":2.062100052833557,""dpkiMptVerify"":0.3351999521255493,""dpkiOpenSslVerifyCert"":9.109599947929382,""dpkiOffchainAssertionSign"":11.313799977302551,""dpkiOffchainAssertionVerify"":8.80189996957779,""dpkiAuthSignature"":2.210799992084503}",0,,
0,DPKI,296,intra-off-chain,false,false,581790.850144523,590799.9544445451,590852.3644445117,52.4099999666214,0,52.4099999666214,0,1,1,65,"{""dpkiOffchainCertTransferHttp"":1.0884999632835388,""dpkiMptProofHttpQuery"":6.774800002574921,""dpkiMptProofSignerCertVerify"":9.843800008296967,""dpkiMptProofResponseVerify"":0.4887000322341919,""dpkiChainRootRead"":1.7396000027656555,""dpkiMptVerify"":0.3294000029563904,""dpkiOpenSslVerifyCert"":9.263299942016602,""dpkiOffchainAssertionSign"":11.732300043106079,""dpkiOffchainAssertionVerify"":8.891400039196014,""dpkiAuthSignature"":1.7878000140190125}",0,,
0,DPKI,297,intra-off-chain,false,false,583196.4299560423,592205.5342560644,592257.2267560597,51.69249999523163,0,51.69249999523163,0,1,1,65,"{""dpkiOffchainCertTransferHttp"":0.682200014591217,""dpkiMptProofHttpQuery"":6.280499994754791,""dpkiMptProofSignerCertVerify"":9.834299981594086,""dpkiMptProofResponseVerify"":0.5196999907493591,""dpkiChainRootRead"":1.7728999853134155,""dpkiMptVerify"":0.3734999895095825,""dpkiOpenSslVerifyCert"":9.103200018405914,""dpkiOffchainAssertionSign"":11.835900008678436,""dpkiOffchainAssertionVerify"":9.05160003900528,""dpkiAuthSignature"":1.8697999715805054}",0,,
0,DPKI,298,intra-off-chain,false,false,584160.4033752219,593169.507675244,593233.6943752305,64.18669998645782,0,64.18669998645782,0,1,1,65,"{""dpkiOffchainCertTransferHttp"":1.4519000053405762,""dpkiMptProofHttpQuery"":17.309599995613098,""dpkiMptProofSignerCertVerify"":9.580000042915344,""dpkiMptProofResponseVerify"":0.4674000144004822,""dpkiChainRootRead"":1.9070000052452087,""dpkiMptVerify"":0.3325999975204468,""dpkiOpenSslVerifyCert"":9.119700014591217,""dpkiOffchainAssertionSign"":12.256200015544891,""dpkiOffchainAssertionVerify"":9.374399960041046,""dpkiAuthSignature"":1.9819999933242798}",0,,
0,DPKI,299,intra-off-chain,false,false,584537.3515773187,593546.4558773409,593607.8130773674,61.357200026512146,0,61.357200026512146,0,1,1,65,"{""dpkiOffchainCertTransferHttp"":0.7653999924659729,""dpkiMptProofHttpQuery"":15.848699986934662,""dpkiMptProofSignerCertVerify"":9.417700052261353,""dpkiMptProofResponseVerify"":0.3783000111579895,""dpkiChainRootRead"":1.8895000219345093,""dpkiMptVerify"":0.3658999800682068,""dpkiOpenSslVerifyCert"":9.344600021839142,""dpkiOffchainAssertionSign"":11.85970002412796,""dpkiOffchainAssertionVerify"":9.080000042915344,""dpkiAuthSignature"":2.014899969100952}",0,,
0,PKI,0,intra-pki,false,false,0,26970.710399985313,27028.97539997101,58.264999985694885,0,58.264999985694885,0,0,1,0,"{""pkiCertTransferHttp"":11.19130003452301,""pkiCrossRelayHttp"":0,""pkiOpenSslVerifyLeaf"":10.32590001821518,""pkiLeafOcspHttpQuery"":14.641599953174591,""pkiOpenSslAssertionSign"":12.109099984169006,""pkiOpenSslAssertionVerify"":9.153299987316132}",0,,
0,PKI,1,intra-pki,false,false,3469.299599497905,30440.00999948322,30485.211399465195,45.201399981975555,0,45.201399981975555,0,0,1,0,"{""pkiCertTransferHttp"":0.8730000257492065,""pkiCrossRelayHttp"":0,""pkiOpenSslVerifyLeaf"":9.706799983978271,""pkiLeafOcspHttpQuery"":12.23309999704361,""pkiOpenSslAssertionSign"":12.603500008583069,""pkiOpenSslAssertionVerify"":9.18419998884201}",0,,
0,PKI,2,intra-pki,false,false,7755.742889402769,34726.45328938808,34804.89428943243,78.44100004434586,0,78.44100004434586,0,0,1,0,"{""pkiCertTransferHttp"":32.28150004148483,""pkiCrossRelayHttp"":0,""pkiOpenSslVerifyLeaf"":10.619599997997284,""pkiLeafOcspHttpQuery"":12.820500016212463,""pkiOpenSslAssertionSign"":13.18230003118515,""pkiOpenSslAssertionVerify"":9.05790001153946}",0,,
0,PKI,3,intra-pki,false,false,11206.359625281888,38177.0700252672,38221.71942526301,44.64939999580383,0,44.64939999580383,0,0,1,0,"{""pkiCertTransferHttp"":0.4557000398635864,""pkiCrossRelayHttp"":0,""pkiOpenSslVerifyLeaf"":10.025200009346008,""pkiLeafOcspHttpQuery"":12.282999992370605,""pkiOpenSslAssertionSign"":11.82339996099472,""pkiOpenSslAssertionVerify"":9.615299999713898}",0,,
0,PKI,4,intra-pki,false,false,11670.508215087446,38641.21861507276,38686.62041510919,45.40180003643036,0,45.40180003643036,0,0,1,0,"{""pkiCertTransferHttp"":2.5401999950408936,""pkiCrossRelayHttp"":0,""pkiOpenSslVerifyLeaf"":9.170199990272522,""pkiLeafOcspHttpQuery"":11.776000022888184,""pkiOpenSslAssertionSign"":11.59689998626709,""pkiOpenSslAssertionVerify"":9.83160001039505}",0,,
0,PKI,5,intra-pki,false,false,12107.50844176531,39078.218841750626,39124.620741744046,46.40189999341965,0,46.40189999341965,0,0,1,0,"{""pkiCertTransferHttp"":0.28369998931884766,""pkiCrossRelayHttp"":0,""pkiOpenSslVerifyLeaf"":8.669400036334991,""pkiLeafOcspHttpQuery"":12.140200018882751,""pkiOpenSslAssertionSign"":15.02099996805191,""pkiOpenSslAssertionVerify"":9.820900022983551}",0,,
0,PKI,6,intra-pki,false,false,13804.193496475415,40774.90389646073,40844.521696517666,69.61780005693436,0,69.61780005693436,0,0,1,0,"{""pkiCertTransferHttp"":19.334899961948395,""pkiCrossRelayHttp"":0,""pkiOpenSslVerifyLeaf"":12.681400001049042,""pkiLeafOcspHttpQuery"":15.529799997806549,""pkiOpenSslAssertionSign"":12.150699973106384,""pkiOpenSslAssertionVerify"":9.432299971580505}",0,,
0,PKI,7,intra-pki,false,false,17633.63533544302,44604.34573542833,44651.84223544359,47.49650001525879,0,47.49650001525879,0,0,1,0,"{""pkiCertTransferHttp"":3.5979999899864197,""pkiCrossRelayHttp"":0,""pkiOpenSslVerifyLeaf"":9.623700022697449,""pkiLeafOcspHttpQuery"":11.876299977302551,""pkiOpenSslAssertionSign"":12.499000012874603,""pkiOpenSslAssertionVerify"":9.475600004196167}",0,,
0,PKI,8,intra-pki,false,false,22304.429640397582,49275.140040382896,49342.519840404544,67.3798000216484,0,67.3798000216484,0,0,1,0,"{""pkiCertTransferHttp"":4.564600050449371,""pkiCrossRelayHttp"":0,""pkiOpenSslVerifyLeaf"":9.48030000925064,""pkiLeafOcspHttpQuery"":31.15149998664856,""pkiOpenSslAssertionSign"":12.051300048828125,""pkiOpenSslAssertionVerify"":9.632600009441376}",0,,
0,PKI,9,intra-pki,false,false,25159.61241774795,52130.322817733264,52175.078817775226,44.75600004196167,0,44.75600004196167,0,0,1,0,"{""pkiCertTransferHttp"":2.703100025653839,""pkiCrossRelayHttp"":0,""pkiOpenSslVerifyLeaf"":9.317200005054474,""pkiLeafOcspHttpQuery"":11.744000017642975,""pkiOpenSslAssertionSign"":11.515600025653839,""pkiOpenSslAssertionVerify"":8.796599984169006}",0,,
0,PKI,10,intra-pki,false,false,27309.294889634028,54280.00528961934,54323.55958962954,43.554300010204315,0,43.554300010204315,0,0,1,0,"{""pkiCertTransferHttp"":0.19040000438690186,""pkiCrossRelayHttp"":0,""pkiOpenSslVerifyLeaf"":8.89190000295639,""pkiLeafOcspHttpQuery"":12.77999997138977,""pkiOpenSslAssertionSign"":11.72819995880127,""pkiOpenSslAssertionVerify"":9.227400004863739}",0,,
0,PKI,11,intra-pki,false,false,29539.675745992146,56510.38614597746,56579.85364600846,69.46750003099442,0,69.46750003099442,0,0,1,0,"{""pkiCertTransferHttp"":23.23690003156662,""pkiCrossRelayHttp"":0,""pkiOpenSslVerifyLeaf"":10.265200018882751,""pkiLeafOcspHttpQuery"":12.5621999502182,""pkiOpenSslAssertionSign"":12.552500009536743,""pkiOpenSslAssertionVerify"":10.221199989318848}",0,,
0,PKI,12,intra-pki,false,false,31132.97007781112,58103.68047779643,58191.93877780282,88.25830000638962,0,88.25830000638962,0,0,1,0,"{""pkiCertTransferHttp"":16.38679999113083,""pkiCrossRelayHttp"":0,""pkiOpenSslVerifyLeaf"":12.526600003242493,""pkiLeafOcspHttpQuery"":37.01520001888275,""pkiOpenSslAssertionSign"":12.229499995708466,""pkiOpenSslAssertionVerify"":9.63450002670288}",0,,
0,PKI,13,intra-pki,false,false,31967.646952327428,58938.35735231274,59007.12705230349,68.76969999074936,0,68.76969999074936,0,0,1,0,"{""pkiCertTransferHttp"":23.762000024318695,""pkiCrossRelayHttp"":0,""pkiOpenSslVerifyLeaf"":10.099300026893616,""pkiLeafOcspHttpQuery"":12.730599999427795,""pkiOpenSslAssertionSign"":12.165600001811981,""pkiOpenSslAssertionVerify"":9.315900027751923}",0,,
0,PKI,14,intra-pki,false,false,33048.61561881747,60019.326018802785,60092.87861876931,73.55259996652603,0,73.55259996652603,0,0,1,0,"{""pkiCertTransferHttp"":28.975499987602234,""pkiCrossRelayHttp"":0,""pkiOpenSslVerifyLeaf"":10.268100023269653,""pkiLeafOcspHttpQuery"":12.004200041294098,""pkiOpenSslAssertionSign"":12.383799970149994,""pkiOpenSslAssertionVerify"":9.439799964427948}",0,,
0,PKI,15,intra-pki,false,false,33226.575253264746,60197.28565325006,60257.620353238424,60.33469998836517,0,60.33469998836517,0,0,1,0,"{""pkiCertTransferHttp"":17.607800006866455,""pkiCrossRelayHttp"":0,""pkiOpenSslVerifyLeaf"":9.14300000667572,""pkiLeafOcspHttpQuery"":11.685900032520294,""pkiOpenSslAssertionSign"":12.175099968910217,""pkiOpenSslAssertionVerify"":9.330699980258942}",0,,
0,PKI,16,intra-pki,false,false,35108.304120442845,62079.01452042816,62141.528320453144,62.51380002498627,0,62.51380002498627,0,0,1,0,"{""pkiCertTransferHttp"":20.556799948215485,""pkiCrossRelayHttp"":0,""pkiOpenSslVerifyLeaf"":9.181700050830841,""pkiLeafOcspHttpQuery"":11.82829999923706,""pkiOpenSslAssertionSign"":11.494199991226196,""pkiOpenSslAssertionVerify"":9.060200035572052}",0,,
0,PKI,17,intra-pki,false,false,39055.27161040182,66025.98201038713,66072.44021042461,46.4582000374794,0,46.4582000374794,0,0,1,0,"{""pkiCertTransferHttp"":4.081099987030029,""pkiCrossRelayHttp"":0,""pkiOpenSslVerifyLeaf"":9.094799995422363,""pkiLeafOcspHttpQuery"":12.032899975776672,""pkiOpenSslAssertionSign"":11.810199975967407,""pkiOpenSslAssertionVerify"":9.020600020885468}",0,,
0,PKI,18,intra-pki,false,false,40204.54177293167,67175.25217291698,67224.42067292318,49.16850000619888,0,49.16850000619888,0,0,1,0,"{""pkiCertTransferHttp"":6.328900039196014,""pkiCrossRelayHttp"":0,""pkiOpenSslVerifyLeaf"":9.123700022697449,""pkiLeafOcspHttpQuery"":12.4235999584198,""pkiOpenSslAssertionSign"":11.69269996881485,""pkiOpenSslAssertionVerify"":9.187900006771088}",0,,
0,PKI,19,intra-pki,false,false,40921.303254224345,67892.01365420966,67939.13145420699,47.11779999732971,0,47.11779999732971,0,0,1,0,"{""pkiCertTransferHttp"":2.655799984931946,""pkiCrossRelayHttp"":0,""pkiOpenSslVerifyLeaf"":9.865099966526031,""pkiLeafOcspHttpQuery"":12.9685999751091,""pkiOpenSslAssertionSign"":11.774999976158142,""pkiOpenSslAssertionVerify"":9.32370001077652}",0,,
0,PKI,20,intra-pki,false,false,42040.189961977194,69010.9003619625,69056.76266200084,45.86230003833771,0,45.86230003833771,0,0,1,0,"{""pkiCertTransferHttp"":3.4419000148773193,""pkiCrossRelayHttp"":0,""pkiOpenSslVerifyLeaf"":8.86710000038147,""pkiLeafOcspHttpQuery"":11.73360002040863,""pkiOpenSslAssertionSign"":12.12959998846054,""pkiOpenSslAssertionVerify"":9.085299968719482}",0,,
0,PKI,21,intra-pki,false,false,46916.7355179445,73887.44591792981,73964.57021793287,77.12430000305176,0,77.12430000305176,0,0,1,0,"{""pkiCertTransferHttp"":33.495700001716614,""pkiCrossRelayHttp"":0,""pkiOpenSslVerifyLeaf"":9.689499974250793,""pkiLeafOcspHttpQuery"":12.383599996566772,""pkiOpenSslAssertionSign"":11.979099988937378,""pkiOpenSslAssertionVerify"":9.160199999809265}",0,,
0,PKI,22,intra-pki,false,false,47487.30650324727,74458.01690323258,74520.01080323363,61.99390000104904,0,61.99390000104904,0,0,1,0,"{""pkiCertTransferHttp"":18.012700021266937,""pkiCrossRelayHttp"":0,""pkiOpenSslVerifyLeaf"":9.916999995708466,""pkiLeafOcspHttpQuery"":12.373799979686737,""pkiOpenSslAssertionSign"":11.908300042152405,""pkiOpenSslAssertionVerify"":9.383799970149994}",0,,
0,PKI,23,intra-pki,false,false,47707.976434545766,74678.68683453108,74726.11623449827,47.4293999671936,0,47.4293999671936,0,0,1,0,"{""pkiCertTransferHttp"":2.638800024986267,""pkiCrossRelayHttp"":0,""pkiOpenSslVerifyLeaf"":9.100800037384033,""pkiLeafOcspHttpQuery"":11.674899995326996,""pkiOpenSslAssertionSign"":12.160000026226044,""pkiOpenSslAssertionVerify"":11.4128999710083}",0,,
0,PKI,24,intra-pki,false,false,49330.55535632081,76301.26575630612,76353.67885631032,52.41310000419617,0,52.41310000419617,0,0,1,0,"{""pkiCertTransferHttp"":0.027599990367889404,""pkiCrossRelayHttp"":0,""pkiOpenSslVerifyLeaf"":10.935100018978119,""pkiLeafOcspHttpQuery"":14.339700043201447,""pkiOpenSslAssertionSign"":15.208099961280823,""pkiOpenSslAssertionVerify"":11.471400022506714}",0,,
0,PKI,25,intra-pki,false,false,49763.60005681973,76734.31045680505,76800.76395677787,66.45349997282028,0,66.45349997282028,0,0,1,0,"{""pkiCertTransferHttp"":2.0074999928474426,""pkiCrossRelayHttp"":0,""pkiOpenSslVerifyLeaf"":10.888000011444092,""pkiLeafOcspHttpQuery"":32.4932000041008,""pkiOpenSslAssertionSign"":11.563399970531464,""pkiOpenSslAssertionVerify"":9.094900012016296}",0,,
0,PKI,26,intra-pki,false,false,50122.177323744814,77092.88772373012,77142.460023747,49.572300016880035,0,49.572300016880035,0,0,1,0,"{""pkiCertTransferHttp"":7.252300024032593,""pkiCrossRelayHttp"":0,""pkiOpenSslVerifyLeaf"":9.396499991416931,""pkiLeafOcspHttpQuery"":12.082300007343292,""pkiOpenSslAssertionSign"":11.69080001115799,""pkiOpenSslAssertionVerify"":8.731500029563904}",0,,
0,PKI,27,intra-pki,false,false,51327.140168848164,78297.85056883347,78343.25356883061,45.40299999713898,0,45.40299999713898,0,0,1,0,"{""pkiCertTransferHttp"":4.19760000705719,""pkiCrossRelayHttp"":0,""pkiOpenSslVerifyLeaf"":8.63239997625351,""pkiLeafOcspHttpQuery"":11.751700043678284,""pkiOpenSslAssertionSign"":11.588900029659271,""pkiOpenSslAssertionVerify"":8.850600004196167}",0,,
0,PKI,28,intra-pki,false,false,53472.68487303046,80443.39527301578,80489.22297303466,45.82770001888275,0,45.82770001888275,0,0,1,0,"{""pkiCertTransferHttp"":2.0320000052452087,""pkiCrossRelayHttp"":0,""pkiOpenSslVerifyLeaf"":9.385699987411499,""pkiLeafOcspHttpQuery"":12.278099954128265,""pkiOpenSslAssertionSign"":12.095099985599518,""pkiOpenSslAssertionVerify"":9.60259997844696}",0,,
0,PKI,29,intra-pki,false,false,53928.796582055205,80899.50698204052,80979.8060820223,80.29909998178482,0,80.29909998178482,0,0,1,0,"{""pkiCertTransferHttp"":21.988499999046326,""pkiCrossRelayHttp"":0,""pkiOpenSslVerifyLeaf"":9.695699989795685,""pkiLeafOcspHttpQuery"":24.733500003814697,""pkiOpenSslAssertionSign"":12.989799976348877,""pkiOpenSslAssertionVerify"":10.472199976444244}",0,,
0,PKI,30,intra-pki,false,false,54414.16319425216,81384.87359423748,81452.15249426475,67.27890002727509,0,67.27890002727509,0,0,1,0,"{""pkiCertTransferHttp"":19.10149997472763,""pkiCrossRelayHttp"":0,""pkiOpenSslVerifyLeaf"":10.336700022220612,""pkiLeafOcspHttpQuery"":13.101199984550476,""pkiOpenSslAssertionSign"":13.005400002002716,""pkiOpenSslAssertionVerify"":10.03169995546341}",0,,
0,PKI,31,intra-pki,false,false,55304.47837658985,82275.18877657516,82347.54227658374,72.35350000858307,0,72.35350000858307,0,0,1,0,"{""pkiCertTransferHttp"":28.798999965190887,""pkiCrossRelayHttp"":0,""pkiOpenSslVerifyLeaf"":10.610599994659424,""pkiLeafOcspHttpQuery"":12.101999998092651,""pkiOpenSslAssertionSign"":11.721799969673157,""pkiOpenSslAssertionVerify"":8.70329999923706}",0,,
0,PKI,32,intra-pki,false,false,55886.1340180565,82856.84441804182,82916.44181805145,59.59740000963211,0,59.59740000963211,0,0,1,0,"{""pkiCertTransferHttp"":17.698499977588654,""pkiCrossRelayHttp"":0,""pkiOpenSslVerifyLeaf"":9.269599974155426,""pkiLeafOcspHttpQuery"":12.163899958133698,""pkiOpenSslAssertionSign"":11.601899981498718,""pkiOpenSslAssertionVerify"":8.465900003910065}",0,,
0,PKI,33,intra-pki,false,false,59799.90248003788,86770.6128800232,86834.32378003187,63.710900008678436,0,63.710900008678436,0,0,1,0,"{""pkiCertTransferHttp"":19.686800003051758,""pkiCrossRelayHttp"":0,""pkiOpenSslVerifyLeaf"":9.947200000286102,""pkiLeafOcspHttpQuery"":12.809099972248077,""pkiOpenSslAssertionSign"":11.980199992656708,""pkiOpenSslAssertionVerify"":8.748700022697449}",0,,
0,PKI,34,intra-pki,false,false,61004.53582711535,87975.24622710067,88022.25312711316,47.00690001249313,0,47.00690001249313,0,0,1,0,"{""pkiCertTransferHttp"":3.861899971961975,""pkiCrossRelayHttp"":0,""pkiOpenSslVerifyLeaf"":8.964900016784668,""pkiLeafOcspHttpQuery"":12.64300000667572,""pkiOpenSslAssertionSign"":11.55239999294281,""pkiOpenSslAssertionVerify"":9.571600019931793}",0,,
0,PKI,35,intra-pki,false,false,63878.26824168635,90848.97864167167,90910.07544164134,61.09679996967316,0,61.09679996967316,0,0,1,0,"{""pkiCertTransferHttp"":17.254500031471252,""pkiCrossRelayHttp"":0,""pkiOpenSslVerifyLeaf"":9.615900039672852,""pkiLeafOcspHttpQuery"":12.335200011730194,""pkiOpenSslAssertionSign"":12.2121000289917,""pkiOpenSslAssertionVerify"":9.28250002861023}",0,,
0,PKI,36,intra-pki,false,false,73759.11733494166,100729.82773492698,100777.34443489675,47.516699969768524,0,47.516699969768524,0,0,1,0,"{""pkiCertTransferHttp"":4.797100007534027,""pkiCrossRelayHttp"":0,""pkiOpenSslVerifyLeaf"":9.55129998922348,""pkiLeafOcspHttpQuery"":11.936500012874603,""pkiOpenSslAssertionSign"":12.009299993515015,""pkiOpenSslAssertionVerify"":8.771899998188019}",0,,
0,PKI,37,intra-pki,false,false,78915.87686481433,105886.58726479964,105963.34366478877,76.75639998912811,0,76.75639998912811,0,0,1,0,"{""pkiCertTransferHttp"":32.69669997692108,""pkiCrossRelayHttp"":0,""pkiOpenSslVerifyLeaf"":11.05189996957779,""pkiLeafOcspHttpQuery"":12.04449999332428,""pkiOpenSslAssertionSign"":11.950100004673004,""pkiOpenSslAssertionVerify"":8.616199970245361}",0,,
0,PKI,38,intra-pki,false,false,79150.83702394467,106121.54742392998,106182.13792392712,60.59049999713898,0,60.59049999713898,0,0,1,0,"{""pkiCertTransferHttp"":17.111199975013733,""pkiCrossRelayHttp"":0,""pkiOpenSslVerifyLeaf"":10.244899988174438,""pkiLeafOcspHttpQuery"":12.256200015544891,""pkiOpenSslAssertionSign"":11.640699982643127,""pkiOpenSslAssertionVerify"":8.924199998378754}",0,,
0,PKI,39,intra-pki,false,false,83113.0784637443,110083.78886372961,110128.41056377806,44.621700048446655,0,44.621700048446655,0,0,1,0,"{""pkiCertTransferHttp"":2.3237000107765198,""pkiCrossRelayHttp"":0,""pkiOpenSslVerifyLeaf"":9.15090000629425,""pkiLeafOcspHttpQuery"":12.162800014019012,""pkiOpenSslAssertionSign"":11.815699994564056,""pkiOpenSslAssertionVerify"":8.53030002117157}",0,,
0,PKI,40,intra-pki,false,false,85101.57338450644,112072.28378449175,112121.12808446381,48.84429997205734,0,48.84429997205734,0,0,1,0,"{""pkiCertTransferHttp"":5.9412999749183655,""pkiCrossRelayHttp"":0,""pkiOpenSslVerifyLeaf"":9.300599992275238,""pkiLeafOcspHttpQuery"":12.469099998474121,""pkiOpenSslAssertionSign"":11.66890001296997,""pkiOpenSslAssertionVerify"":9.037199974060059}",0,,
0,PKI,41,intra-pki,false,false,95697.10633870611,122667.81673869143,122730.77783867369,62.96109998226166,0,62.96109998226166,0,0,1,0,"{""pkiCertTransferHttp"":18.7146999835968,""pkiCrossRelayHttp"":0,""pkiOpenSslVerifyLeaf"":10.251500010490417,""pkiLeafOcspHttpQuery"":12.737700045108795,""pkiOpenSslAssertionSign"":11.86439996957779,""pkiOpenSslAssertionVerify"":8.998099982738495}",0,,
0,PKI,42,intra-pki,false,false,96305.38939812282,123276.09979810813,123335.35729810098,59.25749999284744,0,59.25749999284744,0,0,1,0,"{""pkiCertTransferHttp"":6.638000011444092,""pkiCrossRelayHttp"":0,""pkiOpenSslVerifyLeaf"":10.986799955368042,""pkiLeafOcspHttpQuery"":14.186900019645691,""pkiOpenSslAssertionSign"":14.573400020599365,""pkiOpenSslAssertionVerify"":12.43369996547699}",0,,
0,PKI,43,intra-pki,false,false,99188.41112075478,126159.1215207401,126210.99882070452,51.87729996442795,0,51.87729996442795,0,0,1,0,"{""pkiCertTransferHttp"":2.9118000268936157,""pkiCrossRelayHttp"":0,""pkiOpenSslVerifyLeaf"":12.90880000591278,""pkiLeafOcspHttpQuery"":13.131099998950958,""pkiOpenSslAssertionSign"":12.92220002412796,""pkiOpenSslAssertionVerify"":9.590900003910065}",0,,
0,PKI,44,intra-pki,false,false,99465.13861516905,126435.84901515437,126494.36401519967,58.51500004529953,0,58.51500004529953,0,0,1,0,"{""pkiCertTransferHttp"":16.247700035572052,""pkiCrossRelayHttp"":0,""pkiOpenSslVerifyLeaf"":9.466000020503998,""pkiLeafOcspHttpQuery"":11.947300016880035,""pkiOpenSslAssertionSign"":11.646200001239777,""pkiOpenSslAssertionVerify"":8.821099996566772}",0,,
0,PKI,45,intra-pki,false,false,100838.77432380285,127809.48472378816,127871.93622378673,62.45149999856949,0,62.45149999856949,0,0,1,0,"{""pkiCertTransferHttp"":18.159199953079224,""pkiCrossRelayHttp"":0,""pkiOpenSslVerifyLeaf"":9.539499998092651,""pkiLeafOcspHttpQuery"":13.057999968528748,""pkiOpenSslAssertionSign"":12.202700018882751,""pkiOpenSslAssertionVerify"":9.080499947071075}",0,,
0,PKI,46,intra-pki,false,false,101093.28862237693,128063.99902236224,128126.94722234966,62.9481999874115,0,62.9481999874115,0,0,1,0,"{""pkiCertTransferHttp"":17.016600012779236,""pkiCrossRelayHttp"":0,""pkiOpenSslVerifyLeaf"":9.520099997520447,""pkiLeafOcspHttpQuery"":13.039900004863739,""pkiOpenSslAssertionSign"":12.133199989795685,""pkiOpenSslAssertionVerify"":10.522700011730194}",0,,
0,PKI,47,intra-pki,false,false,106851.75588109726,133822.46628108257,133866.1723810696,43.70609998703003,0,43.70609998703003,0,0,1,0,"{""pkiCertTransferHttp"":0.6500999927520752,""pkiCrossRelayHttp"":0,""pkiOpenSslVerifyLeaf"":8.943499982357025,""pkiLeafOcspHttpQuery"":12.049100041389465,""pkiOpenSslAssertionSign"":12.21509999036789,""pkiOpenSslAssertionVerify"":9.4685999751091}",0,,
0,PKI,48,intra-pki,false,false,108416.8022513538,135387.51265133912,135432.12225128704,44.60959994792938,0,44.60959994792938,0,0,1,0,"{""pkiCertTransferHttp"":0.2343999743461609,""pkiCrossRelayHttp"":0,""pkiOpenSslVerifyLeaf"":9.494599997997284,""pkiLeafOcspHttpQuery"":12.414400041103363,""pkiOpenSslAssertionSign"":12.648399949073792,""pkiOpenSslAssertionVerify"":9.370800018310547}",0,,
0,PKI,49,intra-pki,false,false,111154.40403295754,138125.11443294285,138188.16873295305,63.054300010204315,0,63.054300010204315,0,0,1,0,"{""pkiCertTransferHttp"":18.285600006580353,""pkiCrossRelayHttp"":0,""pkiOpenSslVerifyLeaf"":9.659500002861023,""pkiLeafOcspHttpQuery"":12.944699943065643,""pkiOpenSslAssertionSign"":12.196000039577484,""pkiOpenSslAssertionVerify"":9.548500001430511}",0,,
0,PKI,50,intra-pki,false,false,111613.92289073324,138584.63329071854,138633.9230907068,49.289799988269806,0,49.289799988269806,0,0,1,0,"{""pkiCertTransferHttp"":4.316900014877319,""pkiCrossRelayHttp"":0,""pkiOpenSslVerifyLeaf"":9.442399978637695,""pkiLeafOcspHttpQuery"":13.704900026321411,""pkiOpenSslAssertionSign"":12.195100009441376,""pkiOpenSslAssertionVerify"":9.193899989128113}",0,,
0,PKI,51,intra-pki,false,false,118385.56710144633,145356.27750143164,145415.4345014369,59.15700000524521,0,59.15700000524521,0,0,1,0,"{""pkiCertTransferHttp"":17.595100045204163,""pkiCrossRelayHttp"":0,""pkiOpenSslVerifyLeaf"":8.925099968910217,""pkiLeafOcspHttpQuery"":12.08050000667572,""pkiOpenSslAssertionSign"":11.339299976825714,""pkiOpenSslAssertionVerify"":8.590799987316132}",0,,
0,PKI,52,intra-pki,false,false,119678.9980396554,146649.7084396407,146711.41323965043,61.70480000972748,0,61.70480000972748,0,0,1,0,"{""pkiCertTransferHttp"":18.131700038909912,""pkiCrossRelayHttp"":0,""pkiOpenSslVerifyLeaf"":9.714299976825714,""pkiLeafOcspHttpQuery"":12.631200015544891,""pkiOpenSslAssertionSign"":12.201300024986267,""pkiOpenSslAssertionVerify"":8.637499988079071}",0,,
0,PKI,53,intra-pki,false,false,120257.7598664302,147228.4702664155,147275.13936640206,46.66909998655319,0,46.66909998655319,0,0,1,0,"{""pkiCertTransferHttp"":3.6737000346183777,""pkiCrossRelayHttp"":0,""pkiOpenSslVerifyLeaf"":9.275400042533875,""pkiLeafOcspHttpQuery"":12.833400011062622,""pkiOpenSslAssertionSign"":11.444800019264221,""pkiOpenSslAssertionVerify"":9.051800012588501}",0,,
0,PKI,54,intra-pki,false,false,121054.1630293152,148024.8734293005,148086.80042928667,61.92699998617172,0,61.92699998617172,0,0,1,0,"{""pkiCertTransferHttp"":18.87830001115799,""pkiCrossRelayHttp"":0,""pkiOpenSslVerifyLeaf"":9.672500014305115,""pkiLeafOcspHttpQuery"":11.75900000333786,""pkiOpenSslAssertionSign"":12.065599977970123,""pkiOpenSslAssertionVerify"":9.123199999332428}",0,,
0,PKI,55,intra-pki,false,false,125467.63446564319,152438.34486562852,152488.56756562833,50.222699999809265,0,50.222699999809265,0,0,1,0,"{""pkiCertTransferHttp"":6.129499971866608,""pkiCrossRelayHttp"":0,""pkiOpenSslVerifyLeaf"":9.43529999256134,""pkiLeafOcspHttpQuery"":12.295499980449677,""pkiOpenSslAssertionSign"":12.256099998950958,""pkiOpenSslAssertionVerify"":9.630100011825562}",0,,
0,PKI,56,intra-pki,false,false,130207.75653848094,157178.46693846624,157222.9131384794,44.446200013160706,0,44.446200013160706,0,0,1,0,"{""pkiCertTransferHttp"":0.6128999590873718,""pkiCrossRelayHttp"":0,""pkiOpenSslVerifyLeaf"":9.487599968910217,""pkiLeafOcspHttpQuery"":12.221699953079224,""pkiOpenSslAssertionSign"":12.613099992275238,""pkiOpenSslAssertionVerify"":9.09029996395111}",0,,
0,PKI,57,intra-pki,false,false,130626.31268671624,157597.02308670155,157644.1977867233,47.174700021743774,0,47.174700021743774,0,0,1,0,"{""pkiCertTransferHttp"":5.688799977302551,""pkiCrossRelayHttp"":0,""pkiOpenSslVerifyLeaf"":8.736999988555908,""pkiLeafOcspHttpQuery"":11.819599986076355,""pkiOpenSslAssertionSign"":11.90750002861023,""pkiOpenSslAssertionVerify"":8.59170001745224}",0,,
0,PKI,58,intra-pki,false,false,133499.81924408366,160470.52964406897,160515.46704405238,44.93739998340607,0,44.93739998340607,0,0,1,0,"{""pkiCertTransferHttp"":2.2127000093460083,""pkiCrossRelayHttp"":0,""pkiOpenSslVerifyLeaf"":8.876300036907196,""pkiLeafOcspHttpQuery"":12.406899988651276,""pkiOpenSslAssertionSign"":11.53439998626709,""pkiOpenSslAssertionVerify"":9.537600040435791}",0,,
0,PKI,59,intra-pki,false,false,139362.62610154186,166333.33650152717,166395.54750149284,62.210999965667725,0,62.210999965667725,0,0,1,0,"{""pkiCertTransferHttp"":18.735199987888336,""pkiCrossRelayHttp"":0,""pkiOpenSslVerifyLeaf"":9.858399987220764,""pkiLeafOcspHttpQuery"":12.053299963474274,""pkiOpenSslAssertionSign"":12.047900021076202,""pkiOpenSslAssertionVerify"":9.107800006866455}",0,,
0,PKI,60,intra-pki,false,false,140917.5899837913,167888.3003837766,167934.32018378394,46.01980000734329,0,46.01980000734329,0,0,1,0,"{""pkiCertTransferHttp"":3.2723000049591064,""pkiCrossRelayHttp"":0,""pkiOpenSslVerifyLeaf"":8.984600007534027,""pkiLeafOcspHttpQuery"":12.470600008964539,""pkiOpenSslAssertionSign"":11.910099983215332,""pkiOpenSslAssertionVerify"":8.965900003910065}",0,,
0,PKI,61,intra-pki,false,false,142398.47279877908,169369.1831987644,169431.98249871976,62.79929995536804,0,62.79929995536804,0,0,1,0,"{""pkiCertTransferHttp"":18.83250004053116,""pkiCrossRelayHttp"":0,""pkiOpenSslVerifyLeaf"":9.73879998922348,""pkiLeafOcspHttpQuery"":12.322200000286102,""pkiOpenSslAssertionSign"":11.784699976444244,""pkiOpenSslAssertionVerify"":9.453999996185303}",0,,
0,PKI,62,intra-pki,false,false,146981.68494617095,173952.39534615626,174024.39044617763,71.9951000213623,0,71.9951000213623,0,0,1,0,"{""pkiCertTransferHttp"":18.855000019073486,""pkiCrossRelayHttp"":0,""pkiOpenSslVerifyLeaf"":10.065299987792969,""pkiLeafOcspHttpQuery"":22.040799975395203,""pkiOpenSslAssertionSign"":11.865799963474274,""pkiOpenSslAssertionVerify"":8.768899977207184}",0,,
0,PKI,63,intra-pki,false,false,149559.2244051711,176529.9348051564,176577.23540514868,47.30059999227524,0,47.30059999227524,0,0,1,0,"{""pkiCertTransferHttp"":5.33789998292923,""pkiCrossRelayHttp"":0,""pkiOpenSslVerifyLeaf"":9.495899975299835,""pkiLeafOcspHttpQuery"":11.999899983406067,""pkiOpenSslAssertionSign"":11.461699962615967,""pkiOpenSslAssertionVerify"":8.61030000448227}",0,,
0,PKI,64,intra-pki,false,false,149783.4405220217,176754.15092200701,176797.95062202876,43.799700021743774,0,43.799700021743774,0,0,1,0,"{""pkiCertTransferHttp"":1.60999995470047,""pkiCrossRelayHttp"":0,""pkiOpenSslVerifyLeaf"":9.315400004386902,""pkiLeafOcspHttpQuery"":11.934000015258789,""pkiOpenSslAssertionSign"":11.050400018692017,""pkiOpenSslAssertionVerify"":9.46119999885559}",0,,
0,PKI,65,intra-pki,false,false,150197.1425967517,177167.85299673703,177216.6235967579,48.77060002088547,0,48.77060002088547,0,0,1,0,"{""pkiCertTransferHttp"":5.64709997177124,""pkiCrossRelayHttp"":0,""pkiOpenSslVerifyLeaf"":9.092399954795837,""pkiLeafOcspHttpQuery"":12.422100007534027,""pkiOpenSslAssertionSign"":11.73470002412796,""pkiOpenSslAssertionVerify"":9.446900010108948}",0,,
0,PKI,66,intra-pki,false,false,153677.9396825031,180648.65008248843,180703.903282483,55.253199994564056,0,55.253199994564056,0,0,1,0,"{""pkiCertTransferHttp"":3.941100001335144,""pkiCrossRelayHttp"":0,""pkiOpenSslVerifyLeaf"":10.198300004005432,""pkiLeafOcspHttpQuery"":12.76960003376007,""pkiOpenSslAssertionSign"":12.693900048732758,""pkiOpenSslAssertionVerify"":15.16729998588562}",0,,
0,PKI,67,intra-pki,false,false,154585.3047161887,181556.015116174,181599.2406161616,43.225499987602234,0,43.225499987602234,0,0,1,0,"{""pkiCertTransferHttp"":1.2286999821662903,""pkiCrossRelayHttp"":0,""pkiOpenSslVerifyLeaf"":8.827399969100952,""pkiLeafOcspHttpQuery"":11.675000011920929,""pkiOpenSslAssertionSign"":12.208700001239777,""pkiOpenSslAssertionVerify"":8.797699987888336}",0,,
0,PKI,68,intra-pki,false,false,157054.83742299245,184025.54782297777,184069.05982300208,43.512000024318695,0,43.512000024318695,0,0,1,0,"{""pkiCertTransferHttp"":0.3791999816894531,""pkiCrossRelayHttp"":0,""pkiOpenSslVerifyLeaf"":9.071200013160706,""pkiLeafOcspHttpQuery"":12.399900019168854,""pkiOpenSslAssertionSign"":12.296900033950806,""pkiOpenSslAssertionVerify"":8.977800011634827}",0,,
0,PKI,69,intra-pki,false,false,162830.87116704226,189801.58156702758,189863.15526697875,61.573699951171875,0,61.573699951171875,0,0,1,0,"{""pkiCertTransferHttp"":7.653499960899353,""pkiCrossRelayHttp"":0,""pkiOpenSslVerifyLeaf"":9.085799992084503,""pkiLeafOcspHttpQuery"":23.75880002975464,""pkiOpenSslAssertionSign"":11.996200025081635,""pkiOpenSslAssertionVerify"":8.660599946975708}",0,,
0,PKI,70,intra-pki,false,false,167594.59770816838,194565.3081081537,194630.0838081268,64.77569997310638,0,64.77569997310638,0,0,1,0,"{""pkiCertTransferHttp"":21.70039999485016,""pkiCrossRelayHttp"":0,""pkiOpenSslVerifyLeaf"":9.748800039291382,""pkiLeafOcspHttpQuery"":12.044200003147125,""pkiOpenSslAssertionSign"":11.687299966812134,""pkiOpenSslAssertionVerify"":9.20990002155304}",0,,
0,PKI,71,intra-pki,false,false,170740.5892770978,197711.29967708312,197756.589577088,45.28990000486374,0,45.28990000486374,0,0,1,0,"{""pkiCertTransferHttp"":1.7551000118255615,""pkiCrossRelayHttp"":0,""pkiOpenSslVerifyLeaf"":9.252499997615814,""pkiLeafOcspHttpQuery"":11.864200055599213,""pkiOpenSslAssertionSign"":12.114600002765656,""pkiOpenSslAssertionVerify"":9.889100015163422}",0,,
0,PKI,72,intra-pki,false,false,175345.61897614715,202316.32937613246,202383.04987612483,66.7204999923706,0,66.7204999923706,0,0,1,0,"{""pkiCertTransferHttp"":20.307700037956238,""pkiCrossRelayHttp"":0,""pkiOpenSslVerifyLeaf"":9.849699974060059,""pkiLeafOcspHttpQuery"":12.787999987602234,""pkiOpenSslAssertionSign"":12.171999990940094,""pkiOpenSslAssertionVerify"":11.142400026321411}",0,,
0,PKI,73,intra-pki,false,false,180255.1094594726,207225.8198594579,207282.14805944054,56.32819998264313,0,56.32819998264313,0,0,1,0,"{""pkiCertTransferHttp"":0.37240004539489746,""pkiCrossRelayHttp"":0,""pkiOpenSslVerifyLeaf"":9.9549999833107,""pkiLeafOcspHttpQuery"":16.627599954605103,""pkiOpenSslAssertionSign"":17.02410000562668,""pkiOpenSslAssertionVerify"":11.362599968910217}",0,,
0,PKI,74,intra-pki,false,false,182893.2969043448,209864.00730433012,209909.68350430275,45.67619997262955,0,45.67619997262955,0,0,1,0,"{""pkiCertTransferHttp"":1.1894999742507935,""pkiCrossRelayHttp"":0,""pkiOpenSslVerifyLeaf"":9.446599960327148,""pkiLeafOcspHttpQuery"":13.201200008392334,""pkiOpenSslAssertionSign"":11.821699976921082,""pkiOpenSslAssertionVerify"":9.61540001630783}",0,,
0,PKI,75,intra-pki,false,false,183267.38534564237,210238.09574562768,210284.28734565238,46.191600024700165,0,46.191600024700165,0,0,1,0,"{""pkiCertTransferHttp"":1.1036999821662903,""pkiCrossRelayHttp"":0,""pkiOpenSslVerifyLeaf"":9.338800013065338,""pkiLeafOcspHttpQuery"":13.009400010108948,""pkiOpenSslAssertionSign"":12.386699974536896,""pkiOpenSslAssertionVerify"":9.897599995136261}",0,,
0,PKI,76,intra-pki,false,false,183809.60090470806,210780.31130469337,210824.50860465065,44.19729995727539,0,44.19729995727539,0,0,1,0,"{""pkiCertTransferHttp"":0.7599999904632568,""pkiCrossRelayHttp"":0,""pkiOpenSslVerifyLeaf"":9.351999998092651,""pkiLeafOcspHttpQuery"":12.38349997997284,""pkiOpenSslAssertionSign"":11.742999970912933,""pkiOpenSslAssertionVerify"":9.416100025177002}",0,,
0,PKI,77,intra-pki,false,false,184769.1887966065,211739.8991965918,211792.34429660125,52.445100009441376,0,52.445100009441376,0,0,1,0,"{""pkiCertTransferHttp"":9.964299976825714,""pkiCrossRelayHttp"":0,""pkiOpenSslVerifyLeaf"":9.699500024318695,""pkiLeafOcspHttpQuery"":11.886199951171875,""pkiOpenSslAssertionSign"":11.578800022602081,""pkiOpenSslAssertionVerify"":8.904100000858307}",0,,
0,PKI,78,intra-pki,false,false,185200.6767379725,212171.38713795782,212220.9960379684,49.608900010585785,0,49.608900010585785,0,0,1,0,"{""pkiCertTransferHttp"":7.0533000230789185,""pkiCrossRelayHttp"":0,""pkiOpenSslVerifyLeaf"":8.858700037002563,""pkiLeafOcspHttpQuery"":12.527199983596802,""pkiOpenSslAssertionSign"":11.9378000497818,""pkiOpenSslAssertionVerify"":8.85920000076294}",0,,
0,PKI,79,intra-pki,false,false,186312.11958293393,213282.82998291924,213344.1852829285,61.35530000925064,0,61.35530000925064,0,0,1,0,"{""pkiCertTransferHttp"":16.483800053596497,""pkiCrossRelayHttp"":0,""pkiOpenSslVerifyLeaf"":10.050800025463104,""pkiLeafOcspHttpQuery"":12.454699993133545,""pkiOpenSslAssertionSign"":12.319999992847443,""pkiOpenSslAssertionVerify"":9.613399982452393}",0,,
0,PKI,80,intra-pki,false,false,187061.37349066554,214032.08389065086,214105.0031906706,72.91930001974106,0,72.91930001974106,0,0,1,0,"{""pkiCertTransferHttp"":15.396699965000153,""pkiCrossRelayHttp"":0,""pkiOpenSslVerifyLeaf"":9.8439000248909,""pkiLeafOcspHttpQuery"":24.258000016212463,""pkiOpenSslAssertionSign"":12.72620004415512,""pkiOpenSslAssertionVerify"":10.283300042152405}",0,,
0,PKI,81,intra-pki,false,false,189571.97959294333,216542.68999292864,216606.15189292445,63.46189999580383,0,63.46189999580383,0,0,1,0,"{""pkiCertTransferHttp"":19.927799999713898,""pkiCrossRelayHttp"":0,""pkiOpenSslVerifyLeaf"":9.749800026416779,""pkiLeafOcspHttpQuery"":12.218500018119812,""pkiOpenSslAssertionSign"":12.012400031089783,""pkiOpenSslAssertionVerify"":9.151099979877472}",0,,
0,PKI,82,intra-pki,false,false,193477.14895266757,220447.8593526529,220492.58925259576,44.72989994287491,0,44.72989994287491,0,0,1,0,"{""pkiCertTransferHttp"":2.7691999673843384,""pkiCrossRelayHttp"":0,""pkiOpenSslVerifyLeaf"":9.346000015735626,""pkiLeafOcspHttpQuery"":12.167300045490265,""pkiOpenSslAssertionSign"":11.36080002784729,""pkiOpenSslAssertionVerify"":8.704800009727478}",0,,
0,PKI,83,intra-pki,false,false,195238.2822756606,222208.99267564592,222254.8925756651,45.899900019168854,0,45.899900019168854,0,0,1,0,"{""pkiCertTransferHttp"":4.084999978542328,""pkiCrossRelayHttp"":0,""pkiOpenSslVerifyLeaf"":8.603600025177002,""pkiLeafOcspHttpQuery"":11.493399977684021,""pkiOpenSslAssertionSign"":12.597599983215332,""pkiOpenSslAssertionVerify"":8.712599992752075}",0,,
0,PKI,84,intra-pki,false,false,197947.53810783403,224918.24850781934,224962.3959078409,44.14740002155304,0,44.14740002155304,0,0,1,0,"{""pkiCertTransferHttp"":1.4811999797821045,""pkiCrossRelayHttp"":0,""pkiOpenSslVerifyLeaf"":9.093100011348724,""pkiLeafOcspHttpQuery"":12.3957000374794,""pkiOpenSslAssertionSign"":11.631500005722046,""pkiOpenSslAssertionVerify"":9.157700002193451}",0,,
0,PKI,85,intra-pki,false,false,200342.05717840695,227312.76757839226,227364.3973783543,51.62979996204376,0,51.62979996204376,0,0,1,0,"{""pkiCertTransferHttp"":4.776899993419647,""pkiCrossRelayHttp"":0,""pkiOpenSslVerifyLeaf"":9.366599977016449,""pkiLeafOcspHttpQuery"":11.769499957561493,""pkiOpenSslAssertionSign"":11.821400046348572,""pkiOpenSslAssertionVerify"":13.49889999628067}",0,,
0,PKI,86,intra-pki,false,false,203451.13750981746,230421.84790980277,230468.5949098414,46.74700003862381,0,46.74700003862381,0,0,1,0,"{""pkiCertTransferHttp"":3.5142000317573547,""pkiCrossRelayHttp"":0,""pkiOpenSslVerifyLeaf"":9.147700011730194,""pkiLeafOcspHttpQuery"":12.546299993991852,""pkiOpenSslAssertionSign"":12.16569995880127,""pkiOpenSslAssertionVerify"":8.925100028514862}",0,,
0,PKI,87,intra-pki,false,false,205337.26436286492,232307.97476285024,232350.17866282983,42.20389997959137,0,42.20389997959137,0,0,1,0,"{""pkiCertTransferHttp"":0.5573000311851501,""pkiCrossRelayHttp"":0,""pkiOpenSslVerifyLeaf"":8.758399963378906,""pkiLeafOcspHttpQuery"":12.378499984741211,""pkiOpenSslAssertionSign"":11.1317999958992,""pkiOpenSslAssertionVerify"":8.983199954032898}",0,,
0,PKI,88,intra-pki,false,false,206029.0309172161,232999.7413172014,233064.8501171954,65.10879999399185,0,65.10879999399185,0,0,1,0,"{""pkiCertTransferHttp"":21.856799960136414,""pkiCrossRelayHttp"":0,""pkiOpenSslVerifyLeaf"":9.63069999217987,""pkiLeafOcspHttpQuery"":12.213600039482117,""pkiOpenSslAssertionSign"":11.886900007724762,""pkiOpenSslAssertionVerify"":9.102899968624115}",0,,
0,PKI,89,intra-pki,false,false,207180.1291484886,234150.83954847392,234193.51994848784,42.680400013923645,0,42.680400013923645,0,0,1,0,"{""pkiCertTransferHttp"":0.29809999465942383,""pkiCrossRelayHttp"":0,""pkiOpenSslVerifyLeaf"":9.162299990653992,""pkiLeafOcspHttpQuery"":12.33629995584488,""pkiOpenSslAssertionSign"":11.4582000374794,""pkiOpenSslAssertionVerify"":8.987599968910217}",0,,
0,PKI,90,intra-pki,false,false,207356.90555760643,234327.61595759174,234374.71785757324,47.10189998149872,0,47.10189998149872,0,0,1,0,"{""pkiCertTransferHttp"":4.46399998664856,""pkiCrossRelayHttp"":0,""pkiOpenSslVerifyLeaf"":9.224200010299683,""pkiLeafOcspHttpQuery"":12.12059998512268,""pkiOpenSslAssertionSign"":11.304700016975403,""pkiOpenSslAssertionVerify"":9.562900006771088}",0,,
0,PKI,91,intra-pki,false,false,209413.900570466,236384.61097045132,236429.80037046858,45.189400017261505,0,45.189400017261505,0,0,1,0,"{""pkiCertTransferHttp"":1.8984000086784363,""pkiCrossRelayHttp"":0,""pkiOpenSslVerifyLeaf"":9.497699975967407,""pkiLeafOcspHttpQuery"":11.902400016784668,""pkiOpenSslAssertionSign"":11.972299993038177,""pkiOpenSslAssertionVerify"":9.401199996471405}",0,,
0,PKI,92,intra-pki,false,false,209431.24683227148,236401.9572322568,236477.13887049147,75.1816382346733,27.843138211785117,47.338500022888184,0,0,1,0,"{""pkiCertTransferHttp"":3.646299958229065,""pkiCrossRelayHttp"":0,""pkiOpenSslVerifyLeaf"":9.47790002822876,""pkiLeafOcspHttpQuery"":11.981599986553192,""pkiOpenSslAssertionSign"":12.375400006771088,""pkiOpenSslAssertionVerify"":9.208700001239777}",0,,
0,PKI,93,intra-pki,false,false,211417.18119707567,238387.89159706098,238435.720297067,47.82870000600815,0,47.82870000600815,0,0,1,0,"{""pkiCertTransferHttp"":4.702899992465973,""pkiCrossRelayHttp"":0,""pkiOpenSslVerifyLeaf"":9.212499976158142,""pkiLeafOcspHttpQuery"":12.403400003910065,""pkiOpenSslAssertionSign"":11.639999985694885,""pkiOpenSslAssertionVerify"":9.469099998474121}",0,,
0,PKI,94,intra-pki,false,false,217655.5235159515,244626.2339159368,244704.08691592203,77.85299998521805,0,77.85299998521805,0,0,1,0,"{""pkiCertTransferHttp"":21.820800006389618,""pkiCrossRelayHttp"":0,""pkiOpenSslVerifyLeaf"":13.274100005626678,""pkiLeafOcspHttpQuery"":14.637600004673004,""pkiOpenSslAssertionSign"":15.008900046348572,""pkiOpenSslAssertionVerify"":12.633000016212463}",0,,
0,PKI,95,intra-pki,false,false,221392.83270125056,248363.54310123587,248414.13880120183,50.59569996595383,0,50.59569996595383,0,0,1,0,"{""pkiCertTransferHttp"":1.916599988937378,""pkiCrossRelayHttp"":0,""pkiOpenSslVerifyLeaf"":12.85699999332428,""pkiLeafOcspHttpQuery"":12.940300047397614,""pkiOpenSslAssertionSign"":13.141200006008148,""pkiOpenSslAssertionVerify"":9.294400036334991}",0,,
0,PKI,96,intra-pki,false,false,221518.22002249127,248488.93042247658,248548.20432244902,59.27389997243881,0,59.27389997243881,0,0,1,0,"{""pkiCertTransferHttp"":17.10420000553131,""pkiCrossRelayHttp"":0,""pkiOpenSslVerifyLeaf"":9.551699995994568,""pkiLeafOcspHttpQuery"":11.916599988937378,""pkiOpenSslAssertionSign"":11.454900026321411,""pkiOpenSslAssertionVerify"":8.840300023555756}",0,,
0,PKI,97,intra-pki,false,false,225339.75915949736,252310.46955948268,252374.6323594967,64.16280001401901,0,64.16280001401901,0,0,1,0,"{""pkiCertTransferHttp"":21.107299983501434,""pkiCrossRelayHttp"":0,""pkiOpenSslVerifyLeaf"":9.730799973011017,""pkiLeafOcspHttpQuery"":12.159899950027466,""pkiOpenSslAssertionSign"":11.838899970054626,""pkiOpenSslAssertionVerify"":8.872300028800964}",0,,
0,PKI,98,intra-pki,false,false,227011.18479860778,253981.8951985931,254044.98129857535,63.08609998226166,0,63.08609998226166,0,0,1,0,"{""pkiCertTransferHttp"":18.702399969100952,""pkiCrossRelayHttp"":0,""pkiOpenSslVerifyLeaf"":9.79119998216629,""pkiLeafOcspHttpQuery"":12.580299973487854,""pkiOpenSslAssertionSign"":11.966800034046173,""pkiOpenSslAssertionVerify"":9.565599977970123}",0,,
0,PKI,99,intra-pki,false,false,228265.4648306303,255236.17523061563,255297.26883065034,61.093600034713745,0,61.093600034713745,0,0,1,0,"{""pkiCertTransferHttp"":3.4187999963760376,""pkiCrossRelayHttp"":0,""pkiOpenSslVerifyLeaf"":9.830099999904633,""pkiLeafOcspHttpQuery"":23.812900006771088,""pkiOpenSslAssertionSign"":13.119000017642975,""pkiOpenSslAssertionVerify"":10.300000011920929}",0,,
0,PKI,100,intra-pki,false,false,232607.08130078137,259577.79170076668,259643.01270072281,65.22099995613098,0,65.22099995613098,0,0,1,0,"{""pkiCertTransferHttp"":18.847599983215332,""pkiCrossRelayHttp"":0,""pkiOpenSslVerifyLeaf"":9.72519999742508,""pkiLeafOcspHttpQuery"":13.0867999792099,""pkiOpenSslAssertionSign"":13.18910002708435,""pkiOpenSslAssertionVerify"":9.805899977684021}",0,,
0,PKI,101,intra-pki,false,false,233054.54354378942,260025.25394377473,260084.59324375156,59.339299976825714,0,59.339299976825714,0,0,1,0,"{""pkiCertTransferHttp"":14.718500018119812,""pkiCrossRelayHttp"":0,""pkiOpenSslVerifyLeaf"":9.704699993133545,""pkiLeafOcspHttpQuery"":12.770400047302246,""pkiOpenSslAssertionSign"":12.44650000333786,""pkiOpenSslAssertionVerify"":9.262400031089783}",0,,
0,PKI,102,intra-pki,false,false,235787.48696036532,262758.19736035063,262820.3401603241,62.142799973487854,0,62.142799973487854,0,0,1,0,"{""pkiCertTransferHttp"":17.54449999332428,""pkiCrossRelayHttp"":0,""pkiOpenSslVerifyLeaf"":9.750599980354309,""pkiLeafOcspHttpQuery"":12.357900023460388,""pkiOpenSslAssertionSign"":12.694399952888489,""pkiOpenSslAssertionVerify"":9.390900015830994}",0,,
0,PKI,103,intra-pki,false,false,236650.509062459,263621.2194624443,263687.10086243344,65.88139998912811,0,65.88139998912811,0,0,1,0,"{""pkiCertTransferHttp"":19.193499982357025,""pkiCrossRelayHttp"":0,""pkiOpenSslVerifyLeaf"":10.08430004119873,""pkiLeafOcspHttpQuery"":12.964900016784668,""pkiOpenSslAssertionSign"":11.89680004119873,""pkiOpenSslAssertionVerify"":11.25270003080368}",0,,
0,PKI,104,intra-pki,false,false,238371.5027835147,265342.2131835,265390.606783487,48.39359998703003,0,48.39359998703003,0,0,1,0,"{""pkiCertTransferHttp"":3.5286999940872192,""pkiCrossRelayHttp"":0,""pkiOpenSslVerifyLeaf"":9.75900000333786,""pkiLeafOcspHttpQuery"":12.204100012779236,""pkiOpenSslAssertionSign"":12.513199985027313,""pkiOpenSslAssertionVerify"":9.956599950790405}",0,,
0,PKI,105,intra-pki,false,false,238572.55533508142,265543.2657350667,265609.2034350403,65.93769997358322,0,65.93769997358322,0,0,1,0,"{""pkiCertTransferHttp"":10.258300006389618,""pkiCrossRelayHttp"":0,""pkiOpenSslVerifyLeaf"":10.12169998884201,""pkiLeafOcspHttpQuery"":24.193099975585938,""pkiOpenSslAssertionSign"":11.803999960422516,""pkiOpenSslAssertionVerify"":9.125600039958954}",0,,
0,PKI,106,intra-pki,false,false,240269.3578364322,267240.0682364175,267291.6577363679,51.589499950408936,0,51.589499950408936,0,0,1,0,"{""pkiCertTransferHttp"":8.80349999666214,""pkiCrossRelayHttp"":0,""pkiOpenSslVerifyLeaf"":8.86379998922348,""pkiLeafOcspHttpQuery"":12.55290001630783,""pkiOpenSslAssertionSign"":11.651199996471405,""pkiOpenSslAssertionVerify"":9.332099974155426}",0,,
0,PKI,107,intra-pki,false,false,242305.58080508915,269276.29120507446,269335.90430506674,59.61309999227524,0,59.61309999227524,0,0,1,0,"{""pkiCertTransferHttp"":16.075000047683716,""pkiCrossRelayHttp"":0,""pkiOpenSslVerifyLeaf"":9.580099999904633,""pkiLeafOcspHttpQuery"":12.244599997997284,""pkiOpenSslAssertionSign"":12.103999972343445,""pkiOpenSslAssertionVerify"":9.198199987411499}",0,,
0,PKI,108,intra-pki,false,false,245403.68289595065,272374.39329593594,272420.43639593536,46.043099999427795,0,46.043099999427795,0,0,1,0,"{""pkiCertTransferHttp"":3.636199951171875,""pkiCrossRelayHttp"":0,""pkiOpenSslVerifyLeaf"":8.834699988365173,""pkiLeafOcspHttpQuery"":11.984899997711182,""pkiOpenSslAssertionSign"":11.867299973964691,""pkiOpenSslAssertionVerify"":9.344599962234497}",0,,
0,PKI,109,intra-pki,false,false,249201.56778796387,276172.2781879492,276219.5496879406,47.27149999141693,0,47.27149999141693,0,0,1,0,"{""pkiCertTransferHttp"":3.2038000226020813,""pkiCrossRelayHttp"":0,""pkiOpenSslVerifyLeaf"":9.883500039577484,""pkiLeafOcspHttpQuery"":12.4549999833107,""pkiOpenSslAssertionSign"":12.295499980449677,""pkiOpenSslAssertionVerify"":9.027300000190735}",0,,
0,PKI,110,intra-pki,false,false,251130.6902511969,278101.4006511822,278162.73575117736,61.33509999513626,0,61.33509999513626,0,0,1,0,"{""pkiCertTransferHttp"":17.290999948978424,""pkiCrossRelayHttp"":0,""pkiOpenSslVerifyLeaf"":9.9932000041008,""pkiLeafOcspHttpQuery"":12.246600031852722,""pkiOpenSslAssertionSign"":11.685100018978119,""pkiOpenSslAssertionVerify"":9.601999998092651}",0,,
0,PKI,111,intra-pki,false,false,252336.57449537315,279307.2848953585,279352.2396953682,44.95480000972748,0,44.95480000972748,0,0,1,0,"{""pkiCertTransferHttp"":1.7057999968528748,""pkiCrossRelayHttp"":0,""pkiOpenSslVerifyLeaf"":9.052000045776367,""pkiLeafOcspHttpQuery"":11.583400011062622,""pkiOpenSslAssertionSign"":12.304700016975403,""pkiOpenSslAssertionVerify"":9.893299996852875}",0,,
0,PKI,112,intra-pki,false,false,253111.36518202524,280082.07558201056,280132.0721820424,49.99660003185272,0,49.99660003185272,0,0,1,0,"{""pkiCertTransferHttp"":7.386600017547607,""pkiCrossRelayHttp"":0,""pkiOpenSslVerifyLeaf"":10.158500015735626,""pkiLeafOcspHttpQuery"":11.830399990081787,""pkiOpenSslAssertionSign"":11.274900019168854,""pkiOpenSslAssertionVerify"":8.96119999885559}",0,,
0,PKI,113,intra-pki,false,false,256206.29261716557,283177.0030171509,283246.82871713594,69.82569998502731,0,69.82569998502731,0,0,1,0,"{""pkiCertTransferHttp"":16.945699989795685,""pkiCrossRelayHttp"":0,""pkiOpenSslVerifyLeaf"":10.943499982357025,""pkiLeafOcspHttpQuery"":14.072899997234344,""pkiOpenSslAssertionSign"":14.514400005340576,""pkiOpenSslAssertionVerify"":12.943900048732758}",0,,
0,PKI,114,intra-pki,false,false,258095.45926079404,285066.16966077936,285113.4016607727,47.23199999332428,0,47.23199999332428,0,0,1,0,"{""pkiCertTransferHttp"":0.3294000029563904,""pkiCrossRelayHttp"":0,""pkiOpenSslVerifyLeaf"":11.743299961090088,""pkiLeafOcspHttpQuery"":12.493900001049042,""pkiOpenSslAssertionSign"":12.494799971580505,""pkiOpenSslAssertionVerify"":9.765100002288818}",0,,
0,PKI,115,intra-pki,false,false,261935.99374595497,288906.70414594025,288953.27324590296,46.569099962711334,0,46.569099962711334,0,0,1,0,"{""pkiCertTransferHttp"":1.9900999665260315,""pkiCrossRelayHttp"":0,""pkiOpenSslVerifyLeaf"":9.708299994468689,""pkiLeafOcspHttpQuery"":12.282299995422363,""pkiOpenSslAssertionSign"":12.597099959850311,""pkiOpenSslAssertionVerify"":9.591899991035461}",0,,
0,PKI,116,intra-pki,false,false,262079.56659964687,289050.2769996322,289096.4589996136,46.18199998140335,0,46.18199998140335,0,0,1,0,"{""pkiCertTransferHttp"":3.578599989414215,""pkiCrossRelayHttp"":0,""pkiOpenSslVerifyLeaf"":8.891800045967102,""pkiLeafOcspHttpQuery"":12.260399997234344,""pkiOpenSslAssertionSign"":12.413699984550476,""pkiOpenSslAssertionVerify"":8.623300015926361}",0,,
0,PKI,117,intra-pki,false,false,263468.65569837263,290439.36609835795,290507.41889835766,68.0527999997139,0,68.0527999997139,0,0,1,0,"{""pkiCertTransferHttp"":22.39819997549057,""pkiCrossRelayHttp"":0,""pkiOpenSslVerifyLeaf"":9.653500020503998,""pkiLeafOcspHttpQuery"":12.449400007724762,""pkiOpenSslAssertionSign"":12.630999982357025,""pkiOpenSslAssertionVerify"":10.501300036907196}",0,,
0,PKI,118,intra-pki,false,false,264028.3372837834,290999.04768376873,291061.66818373726,62.62049996852875,0,62.62049996852875,0,0,1,0,"{""pkiCertTransferHttp"":18.918299973011017,""pkiCrossRelayHttp"":0,""pkiOpenSslVerifyLeaf"":9.923399984836578,""pkiLeafOcspHttpQuery"":12.44269996881485,""pkiOpenSslAssertionSign"":12.007699966430664,""pkiOpenSslAssertionVerify"":8.88809996843338}",0,,
0,PKI,119,intra-pki,false,false,269375.7152277153,296346.42562770064,296410.02202766354,63.59639996290207,0,63.59639996290207,0,0,1,0,"{""pkiCertTransferHttp"":17.52680003643036,""pkiCrossRelayHttp"":0,""pkiOpenSslVerifyLeaf"":10.21040004491806,""pkiLeafOcspHttpQuery"":13.052699983119965,""pkiOpenSslAssertionSign"":12.71040004491806,""pkiOpenSslAssertionVerify"":9.616200029850006}",0,,
0,PKI,120,intra-pki,false,false,275268.1131915077,302238.823591493,302289.4132915362,50.58970004320145,0,50.58970004320145,0,0,1,0,"{""pkiCertTransferHttp"":3.545800030231476,""pkiCrossRelayHttp"":0,""pkiOpenSslVerifyLeaf"":10.049600005149841,""pkiLeafOcspHttpQuery"":12.479300022125244,""pkiOpenSslAssertionSign"":14.208199977874756,""pkiOpenSslAssertionVerify"":9.881099998950958}",0,,
0,PKI,121,intra-pki,false,false,275314.96829433297,302285.6786943183,302334.26589151466,48.58719719637884,3.734597217931878,44.85259997844696,0,0,1,0,"{""pkiCertTransferHttp"":0.7652000188827515,""pkiCrossRelayHttp"":0,""pkiOpenSslVerifyLeaf"":9.585500001907349,""pkiLeafOcspHttpQuery"":12.523400008678436,""pkiOpenSslAssertionSign"":12.275299966335297,""pkiOpenSslAssertionVerify"":9.292999982833862}",0,,
0,PKI,122,intra-pki,false,false,275672.13477587077,302642.8451758561,302696.91377585504,54.06859999895096,0,54.06859999895096,0,0,1,0,"{""pkiCertTransferHttp"":5.247699975967407,""pkiCrossRelayHttp"":0,""pkiOpenSslVerifyLeaf"":9.868399977684021,""pkiLeafOcspHttpQuery"":12.185699999332428,""pkiOpenSslAssertionSign"":17.113499999046326,""pkiOpenSslAssertionVerify"":9.240599989891052}",0,,
0,PKI,123,intra-pki,false,false,281317.79791750526,308288.5083174906,308335.4578174553,46.94949996471405,0,46.94949996471405,0,0,1,0,"{""pkiCertTransferHttp"":4.62090003490448,""pkiCrossRelayHttp"":0,""pkiOpenSslVerifyLeaf"":9.697599947452545,""pkiLeafOcspHttpQuery"":11.84009999036789,""pkiOpenSslAssertionSign"":11.598399996757507,""pkiOpenSslAssertionVerify"":8.746500015258789}",0,,
0,PKI,124,intra-pki,false,false,284387.05752314173,311357.76792312704,311425.9095230802,68.14159995317459,0,68.14159995317459,0,0,1,0,"{""pkiCertTransferHttp"":22.81760001182556,""pkiCrossRelayHttp"":0,""pkiOpenSslVerifyLeaf"":10.32039999961853,""pkiLeafOcspHttpQuery"":12.42029994726181,""pkiOpenSslAssertionSign"":12.753600001335144,""pkiOpenSslAssertionVerify"":9.402400016784668}",0,,
0,PKI,125,intra-pki,false,false,288617.87684505316,315588.5872450385,315631.66344498727,43.07619994878769,0,43.07619994878769,0,0,1,0,"{""pkiCertTransferHttp"":1.6765000224113464,""pkiCrossRelayHttp"":0,""pkiOpenSslVerifyLeaf"":8.653599977493286,""pkiLeafOcspHttpQuery"":12.107699990272522,""pkiOpenSslAssertionSign"":11.493599951267242,""pkiOpenSslAssertionVerify"":8.779900014400482}",0,,
0,PKI,126,intra-pki,false,false,294969.4279853346,321940.1383853199,322014.4928853156,74.35449999570847,0,74.35449999570847,0,0,1,0,"{""pkiCertTransferHttp"":18.001900017261505,""pkiCrossRelayHttp"":0,""pkiOpenSslVerifyLeaf"":9.606599986553192,""pkiLeafOcspHttpQuery"":25.108500003814697,""pkiOpenSslAssertionSign"":12.127399981021881,""pkiOpenSslAssertionVerify"":9.099699974060059}",0,,
0,PKI,127,intra-pki,false,false,295192.3391977438,322163.0495977291,322211.71339773026,48.66380000114441,0,48.66380000114441,0,0,1,0,"{""pkiCertTransferHttp"":6.161800026893616,""pkiCrossRelayHttp"":0,""pkiOpenSslVerifyLeaf"":9.238200008869171,""pkiLeafOcspHttpQuery"":11.822300016880035,""pkiOpenSslAssertionSign"":11.774999976158142,""pkiOpenSslAssertionVerify"":9.218999981880188}",0,,
0,PKI,128,intra-pki,false,false,296098.353625339,323069.0640253243,323119.605925363,50.54190003871918,0,50.54190003871918,0,0,1,0,"{""pkiCertTransferHttp"":6.110400021076202,""pkiCrossRelayHttp"":0,""pkiOpenSslVerifyLeaf"":9.453099966049194,""pkiLeafOcspHttpQuery"":12.881999969482422,""pkiOpenSslAssertionSign"":11.973600029945374,""pkiOpenSslAssertionVerify"":9.607100009918213}",0,,
0,PKI,129,intra-pki,false,false,298420.28438349103,325390.99478347634,325461.0049834404,70.01019996404648,0,70.01019996404648,0,0,1,0,"{""pkiCertTransferHttp"":14.053399980068207,""pkiCrossRelayHttp"":0,""pkiOpenSslVerifyLeaf"":9.742900013923645,""pkiLeafOcspHttpQuery"":24.401199996471405,""pkiOpenSslAssertionSign"":11.505599975585938,""pkiOpenSslAssertionVerify"":9.90200001001358}",0,,
0,PKI,130,intra-pki,false,false,298522.8994901549,325493.6098901402,325539.82499019016,46.215100049972534,0,46.215100049972534,0,0,1,0,"{""pkiCertTransferHttp"":1.928000032901764,""pkiCrossRelayHttp"":0,""pkiOpenSslVerifyLeaf"":9.154799997806549,""pkiLeafOcspHttpQuery"":11.910000026226044,""pkiOpenSslAssertionSign"":12.904500007629395,""pkiOpenSslAssertionVerify"":9.68340003490448}",0,,
0,PKI,131,intra-pki,false,false,299383.8475893847,326354.55798937,326400.4751893989,45.91720002889633,0,45.91720002889633,0,0,1,0,"{""pkiCertTransferHttp"":3.2207000255584717,""pkiCrossRelayHttp"":0,""pkiOpenSslVerifyLeaf"":9.54390001296997,""pkiLeafOcspHttpQuery"":11.900200009346008,""pkiOpenSslAssertionSign"":11.781700015068054,""pkiOpenSslAssertionVerify"":8.983199954032898}",0,,
0,PKI,132,intra-pki,false,false,302573.51253900595,329544.22293899127,329609.93813899823,65.71520000696182,0,65.71520000696182,0,0,1,0,"{""pkiCertTransferHttp"":20.863300025463104,""pkiCrossRelayHttp"":0,""pkiOpenSslVerifyLeaf"":9.42689996957779,""pkiLeafOcspHttpQuery"":12.129600048065186,""pkiOpenSslAssertionSign"":11.883899986743927,""pkiOpenSslAssertionVerify"":10.986199975013733}",0,,
0,PKI,133,intra-pki,false,false,305606.49245413876,332577.2028541241,332630.7757541213,53.572899997234344,0,53.572899997234344,0,0,1,0,"{""pkiCertTransferHttp"":1.6007000207901,""pkiCrossRelayHttp"":0,""pkiOpenSslVerifyLeaf"":11.246500015258789,""pkiLeafOcspHttpQuery"":13.412000000476837,""pkiOpenSslAssertionSign"":14.518999993801117,""pkiOpenSslAssertionVerify"":12.369400024414062}",0,,
0,PKI,134,intra-pki,false,false,307682.75613119453,334653.46653117985,334721.13193114847,67.66539996862411,0,67.66539996862411,0,0,1,0,"{""pkiCertTransferHttp"":0.3652999997138977,""pkiCrossRelayHttp"":0,""pkiOpenSslVerifyLeaf"":12.288100004196167,""pkiLeafOcspHttpQuery"":31.197999954223633,""pkiOpenSslAssertionSign"":13.831200003623962,""pkiOpenSslAssertionVerify"":9.55699998140335}",0,,
0,PKI,135,intra-pki,false,false,313252.937213621,340223.6476136063,340303.762913606,80.1152999997139,0,80.1152999997139,0,0,1,0,"{""pkiCertTransferHttp"":34.26190000772476,""pkiCrossRelayHttp"":0,""pkiOpenSslVerifyLeaf"":9.54799997806549,""pkiLeafOcspHttpQuery"":12.176400005817413,""pkiOpenSslAssertionSign"":14.227399945259094,""pkiOpenSslAssertionVerify"":9.451399981975555}",0,,
0,PKI,136,intra-pki,false,false,314425.31529653823,341396.02569652355,341469.2190965489,73.19340002536774,0,73.19340002536774,0,0,1,0,"{""pkiCertTransferHttp"":31.02700001001358,""pkiCrossRelayHttp"":0,""pkiOpenSslVerifyLeaf"":9.731900036334991,""pkiLeafOcspHttpQuery"":11.899799942970276,""pkiOpenSslAssertionSign"":11.248000025749207,""pkiOpenSslAssertionVerify"":8.866800010204315}",0,,
0,PKI,137,intra-pki,false,false,314925.4725651281,341896.18296511343,341947.28736515215,51.10440003871918,0,51.10440003871918,0,0,1,0,"{""pkiCertTransferHttp"":6.786400020122528,""pkiCrossRelayHttp"":0,""pkiOpenSslVerifyLeaf"":10.041400015354156,""pkiLeafOcspHttpQuery"":12.512600004673004,""pkiOpenSslAssertionSign"":12.431600034236908,""pkiOpenSslAssertionVerify"":8.935900032520294}",0,,
0,PKI,138,intra-pki,false,false,318979.79237188096,345950.5027718663,346011.27487183805,60.77209997177124,0,60.77209997177124,0,0,1,0,"{""pkiCertTransferHttp"":15.255400002002716,""pkiCrossRelayHttp"":0,""pkiOpenSslVerifyLeaf"":9.75160002708435,""pkiLeafOcspHttpQuery"":13.3299999833107,""pkiOpenSslAssertionSign"":12.492900013923645,""pkiOpenSslAssertionVerify"":9.494400024414062}",0,,
0,PKI,139,intra-pki,false,false,321160.89964696247,348131.6100469478,348211.7566469558,80.14660000801086,0,80.14660000801086,0,0,1,0,"{""pkiCertTransferHttp"":32.01969999074936,""pkiCrossRelayHttp"":0,""pkiOpenSslVerifyLeaf"":9.7432000041008,""pkiLeafOcspHttpQuery"":12.950400054454803,""pkiOpenSslAssertionSign"":14.11899995803833,""pkiOpenSslAssertionVerify"":10.805900037288666}",0,,
0,PKI,140,intra-pki,false,false,324127.1845800586,351097.89498004393,351143.11328008847,45.21830004453659,0,45.21830004453659,0,0,1,0,"{""pkiCertTransferHttp"":2.287899971008301,""pkiCrossRelayHttp"":0,""pkiOpenSslVerifyLeaf"":9.343200027942657,""pkiLeafOcspHttpQuery"":12.39379996061325,""pkiOpenSslAssertionSign"":12.000400006771088,""pkiOpenSslAssertionVerify"":8.78930002450943}",0,,
0,PKI,141,intra-pki,false,false,330162.0893958708,357132.7997958561,357176.1168959042,43.317100048065186,0,43.317100048065186,0,0,1,0,"{""pkiCertTransferHttp"":1.520799994468689,""pkiCrossRelayHttp"":0,""pkiOpenSslVerifyLeaf"":8.803299963474274,""pkiLeafOcspHttpQuery"":11.91159999370575,""pkiOpenSslAssertionSign"":11.375899970531464,""pkiOpenSslAssertionVerify"":9.341900050640106}",0,,
0,PKI,142,intra-pki,false,false,331058.9241947011,358029.6345946864,358108.58349473035,78.94890004396439,0,78.94890004396439,0,0,1,0,"{""pkiCertTransferHttp"":33.90939998626709,""pkiCrossRelayHttp"":0,""pkiOpenSslVerifyLeaf"":10.393400013446808,""pkiLeafOcspHttpQuery"":12.836499989032745,""pkiOpenSslAssertionSign"":12.149500012397766,""pkiOpenSslAssertionVerify"":9.25380003452301}",0,,
0,PKI,143,intra-pki,false,false,331507.1154856544,358477.8258856397,358537.99908565095,60.17320001125336,0,60.17320001125336,0,0,1,0,"{""pkiCertTransferHttp"":16.566799998283386,""pkiCrossRelayHttp"":0,""pkiOpenSslVerifyLeaf"":9.629499971866608,""pkiLeafOcspHttpQuery"":12.093699991703033,""pkiOpenSslAssertionSign"":12.118499994277954,""pkiOpenSslAssertionVerify"":9.339899957180023}",0,,
0,PKI,144,intra-pki,false,false,332398.7623969879,359369.4727969732,359430.888396975,61.41560000181198,0,61.41560000181198,0,0,1,0,"{""pkiCertTransferHttp"":18.192299962043762,""pkiCrossRelayHttp"":0,""pkiOpenSslVerifyLeaf"":9.564999997615814,""pkiLeafOcspHttpQuery"":12.178900003433228,""pkiOpenSslAssertionSign"":12.038900017738342,""pkiOpenSslAssertionVerify"":8.969099998474121}",0,,
0,PKI,145,intra-pki,false,false,333068.7628139109,360039.4732138962,360103.7819138617,64.30869996547699,0,64.30869996547699,0,0,1,0,"{""pkiCertTransferHttp"":19.43939995765686,""pkiCrossRelayHttp"":0,""pkiOpenSslVerifyLeaf"":10.342399954795837,""pkiLeafOcspHttpQuery"":12.536600053310394,""pkiOpenSslAssertionSign"":11.808899998664856,""pkiOpenSslAssertionVerify"":9.65530002117157}",0,,
0,PKI,146,intra-pki,false,false,333641.4606858083,360612.17108579364,360671.32568581786,59.15460002422333,0,59.15460002422333,0,0,1,0,"{""pkiCertTransferHttp"":16.514099955558777,""pkiCrossRelayHttp"":0,""pkiOpenSslVerifyLeaf"":9.377900004386902,""pkiLeafOcspHttpQuery"":12.417999982833862,""pkiOpenSslAssertionSign"":11.788500010967255,""pkiOpenSslAssertionVerify"":8.674299955368042}",0,,
0,PKI,147,intra-pki,false,false,335381.31919302396,362352.02959300927,362416.1349929755,64.10539996623993,0,64.10539996623993,0,0,1,0,"{""pkiCertTransferHttp"":19.632099986076355,""pkiCrossRelayHttp"":0,""pkiOpenSslVerifyLeaf"":9.504700005054474,""pkiLeafOcspHttpQuery"":12.625999987125397,""pkiOpenSslAssertionSign"":12.651700019836426,""pkiOpenSslAssertionVerify"":9.28710001707077}",0,,
0,PKI,148,intra-pki,false,false,338076.5303170741,365047.2407170594,365094.13151705865,46.89079999923706,0,46.89079999923706,0,0,1,0,"{""pkiCertTransferHttp"":4.813799977302551,""pkiCrossRelayHttp"":0,""pkiOpenSslVerifyLeaf"":9.425999999046326,""pkiLeafOcspHttpQuery"":11.978799998760223,""pkiOpenSslAssertionSign"":11.282100021839142,""pkiOpenSslAssertionVerify"":9.011099994182587}",0,,
0,PKI,149,intra-pki,false,false,341918.3479414076,368889.0583413929,368960.1788413614,71.12049996852875,0,71.12049996852875,0,0,1,0,"{""pkiCertTransferHttp"":18.865700006484985,""pkiCrossRelayHttp"":0,""pkiOpenSslVerifyLeaf"":9.802699983119965,""pkiLeafOcspHttpQuery"":21.646799981594086,""pkiOpenSslAssertionSign"":11.573800027370453,""pkiOpenSslAssertionVerify"":8.830699980258942}",0,,
0,PKI,150,intra-pki,false,false,344077.1935517582,371047.9039517435,371102.0062517318,54.102299988269806,0,54.102299988269806,0,0,1,0,"{""pkiCertTransferHttp"":8.500299990177155,""pkiCrossRelayHttp"":0,""pkiOpenSslVerifyLeaf"":8.880400002002716,""pkiLeafOcspHttpQuery"":12.72299998998642,""pkiOpenSslAssertionSign"":12.05290001630783,""pkiOpenSslAssertionVerify"":11.51469999551773}",0,,
0,PKI,151,intra-pki,false,false,345419.70782996406,372390.41822994937,372445.4924299239,55.074199974536896,0,55.074199974536896,0,0,1,0,"{""pkiCertTransferHttp"":1.352999985218048,""pkiCrossRelayHttp"":0,""pkiOpenSslVerifyLeaf"":11.477699995040894,""pkiLeafOcspHttpQuery"":14.668099999427795,""pkiOpenSslAssertionSign"":14.331100046634674,""pkiOpenSslAssertionVerify"":12.61599999666214}",0,,
0,PKI,152,intra-pki,false,false,348658.27752248873,375628.98792247404,375690.56142245163,61.573499977588654,0,61.573499977588654,0,0,1,0,"{""pkiCertTransferHttp"":6.463800013065338,""pkiCrossRelayHttp"":0,""pkiOpenSslVerifyLeaf"":9.982800006866455,""pkiLeafOcspHttpQuery"":22.917400002479553,""pkiOpenSslAssertionSign"":12.142199993133545,""pkiOpenSslAssertionVerify"":9.539000034332275}",0,,
0,PKI,153,intra-pki,false,false,349056.2841909688,376026.9945909541,376079.03579093626,52.04119998216629,0,52.04119998216629,0,0,1,0,"{""pkiCertTransferHttp"":7.8144999742507935,""pkiCrossRelayHttp"":0,""pkiOpenSslVerifyLeaf"":9.833300054073334,""pkiLeafOcspHttpQuery"":12.109300017356873,""pkiOpenSslAssertionSign"":11.793500006198883,""pkiOpenSslAssertionVerify"":10.103300034999847}",0,,
0,PKI,154,intra-pki,false,false,353398.0563918751,380368.7667918604,380427.7976918619,59.03090000152588,0,59.03090000152588,0,0,1,0,"{""pkiCertTransferHttp"":16.196799993515015,""pkiCrossRelayHttp"":0,""pkiOpenSslVerifyLeaf"":9.367699980735779,""pkiLeafOcspHttpQuery"":12.503500044345856,""pkiOpenSslAssertionSign"":11.525600016117096,""pkiOpenSslAssertionVerify"":8.93010002374649}",0,,
0,PKI,155,intra-pki,false,false,354192.8390380491,381163.5494380344,381226.37073800457,62.821299970149994,0,62.821299970149994,0,0,1,0,"{""pkiCertTransferHttp"":19.550800025463104,""pkiCrossRelayHttp"":0,""pkiOpenSslVerifyLeaf"":9.591400027275085,""pkiLeafOcspHttpQuery"":12.42409998178482,""pkiOpenSslAssertionSign"":11.790600001811981,""pkiOpenSslAssertionVerify"":9.006099998950958}",0,,
0,PKI,156,intra-pki,false,false,355947.09295209916,382917.8033520845,382962.29015209945,44.48680001497269,0,44.48680001497269,0,0,1,0,"{""pkiCertTransferHttp"":0.26759999990463257,""pkiCrossRelayHttp"":0,""pkiOpenSslVerifyLeaf"":8.90829998254776,""pkiLeafOcspHttpQuery"":12.908900022506714,""pkiOpenSslAssertionSign"":12.42960000038147,""pkiOpenSslAssertionVerify"":9.58490002155304}",0,,
0,PKI,157,intra-pki,false,false,358056.00662526,385026.7170252453,385076.1068252574,49.389800012111664,0,49.389800012111664,0,0,1,0,"{""pkiCertTransferHttp"":1.6165000200271606,""pkiCrossRelayHttp"":0,""pkiOpenSslVerifyLeaf"":10.35699999332428,""pkiLeafOcspHttpQuery"":14.771499991416931,""pkiOpenSslAssertionSign"":12.258000016212463,""pkiOpenSslAssertionVerify"":9.954299986362457}",0,,
0,PKI,158,intra-pki,false,false,359481.15974458365,386451.87014456897,386505.0801445475,53.20999997854233,0,53.20999997854233,0,0,1,0,"{""pkiCertTransferHttp"":6.851499974727631,""pkiCrossRelayHttp"":0,""pkiOpenSslVerifyLeaf"":10.324299991130829,""pkiLeafOcspHttpQuery"":13.048500001430511,""pkiOpenSslAssertionSign"":11.995999991893768,""pkiOpenSslAssertionVerify"":10.57719999551773}",0,,
0,PKI,159,intra-pki,false,false,360086.5587885941,387057.2691885794,387125.91148858913,68.64230000972748,0,68.64230000972748,0,0,1,0,"{""pkiCertTransferHttp"":11.832599997520447,""pkiCrossRelayHttp"":0,""pkiOpenSslVerifyLeaf"":9.805799961090088,""pkiLeafOcspHttpQuery"":24.953799962997437,""pkiOpenSslAssertionSign"":11.718199968338013,""pkiOpenSslAssertionVerify"":9.90719997882843}",0,,
0,PKI,160,intra-pki,false,false,361675.1730392791,388645.88343926443,388691.33563925995,45.45219999551773,0,45.45219999551773,0,0,1,0,"{""pkiCertTransferHttp"":0.6700999736785889,""pkiCrossRelayHttp"":0,""pkiOpenSslVerifyLeaf"":9.56819999217987,""pkiLeafOcspHttpQuery"":12.98199999332428,""pkiOpenSslAssertionSign"":12.16729998588562,""pkiOpenSslAssertionVerify"":9.638499975204468}",0,,
0,PKI,161,intra-pki,false,false,365172.89896286384,392143.60936284915,392186.6069628681,42.99760001897812,0,42.99760001897812,0,0,1,0,"{""pkiCertTransferHttp"":0.10040003061294556,""pkiCrossRelayHttp"":0,""pkiOpenSslVerifyLeaf"":8.98030000925064,""pkiLeafOcspHttpQuery"":12.60369998216629,""pkiOpenSslAssertionSign"":11.736500024795532,""pkiOpenSslAssertionVerify"":9.194099962711334}",0,,
0,PKI,162,intra-pki,false,false,366709.3259585105,393680.0363584958,393726.3504585229,46.31410002708435,0,46.31410002708435,0,0,1,0,"{""pkiCertTransferHttp"":0.39890003204345703,""pkiCrossRelayHttp"":0,""pkiOpenSslVerifyLeaf"":10.279900014400482,""pkiLeafOcspHttpQuery"":12.763700008392334,""pkiOpenSslAssertionSign"":12.593800008296967,""pkiOpenSslAssertionVerify"":9.86329996585846}",0,,
0,PKI,163,intra-pki,false,false,367449.92325865367,394420.633658639,394489.418458632,68.78479999303818,0,68.78479999303818,0,0,1,0,"{""pkiCertTransferHttp"":24.26249998807907,""pkiCrossRelayHttp"":0,""pkiOpenSslVerifyLeaf"":9.852600038051605,""pkiLeafOcspHttpQuery"":13.142399966716766,""pkiOpenSslAssertionSign"":12.286400020122528,""pkiOpenSslAssertionVerify"":8.846099972724915}",0,,
0,PKI,164,intra-pki,false,false,369705.0015328336,396675.71193281893,396721.7079328108,45.99599999189377,0,45.99599999189377,0,0,1,0,"{""pkiCertTransferHttp"":1.7574999928474426,""pkiCrossRelayHttp"":0,""pkiOpenSslVerifyLeaf"":9.516899943351746,""pkiLeafOcspHttpQuery"":12.99049997329712,""pkiOpenSslAssertionSign"":12.067800045013428,""pkiOpenSslAssertionVerify"":9.161400020122528}",0,,
0,PKI,165,intra-pki,false,false,370042.0162086127,397012.726608598,397057.7741086123,45.047500014305115,0,45.047500014305115,0,0,1,0,"{""pkiCertTransferHttp"":1.643600046634674,""pkiCrossRelayHttp"":0,""pkiOpenSslVerifyLeaf"":9.21069997549057,""pkiLeafOcspHttpQuery"":11.98549997806549,""pkiOpenSslAssertionSign"":12.203599989414215,""pkiOpenSslAssertionVerify"":9.61650002002716}",0,,
0,PKI,166,intra-pki,false,false,372103.24306329625,399073.95346328156,399116.6717633261,42.71830004453659,0,42.71830004453659,0,0,1,0,"{""pkiCertTransferHttp"":0.10399997234344482,""pkiCrossRelayHttp"":0,""pkiOpenSslVerifyLeaf"":9.171800017356873,""pkiLeafOcspHttpQuery"":11.932800054550171,""pkiOpenSslAssertionSign"":11.70219999551773,""pkiOpenSslAssertionVerify"":9.389999985694885}",0,,
0,PKI,167,intra-pki,false,false,372743.18473969866,399713.89513968397,399761.2456396716,47.350499987602234,0,47.350499987602234,0,0,1,0,"{""pkiCertTransferHttp"":1.9280999898910522,""pkiCrossRelayHttp"":0,""pkiOpenSslVerifyLeaf"":10.00789999961853,""pkiLeafOcspHttpQuery"":12.888199985027313,""pkiOpenSslAssertionSign"":12.315699994564056,""pkiOpenSslAssertionVerify"":9.814599990844727}",0,,
0,PKI,168,intra-pki,false,false,373287.46312785853,400258.17352784384,400307.0882278751,48.91470003128052,0,48.91470003128052,0,0,1,0,"{""pkiCertTransferHttp"":6.391200006008148,""pkiCrossRelayHttp"":0,""pkiOpenSslVerifyLeaf"":9.523600041866302,""pkiLeafOcspHttpQuery"":12.375100016593933,""pkiOpenSslAssertionSign"":11.372500002384186,""pkiOpenSslAssertionVerify"":8.878499984741211}",0,,
0,PKI,169,intra-pki,false,false,373677.3026380974,400648.0130380827,400697.6857381302,49.67270004749298,0,49.67270004749298,0,0,1,0,"{""pkiCertTransferHttp"":7.269899964332581,""pkiCrossRelayHttp"":0,""pkiOpenSslVerifyLeaf"":8.847299993038177,""pkiLeafOcspHttpQuery"":12.73470002412796,""pkiOpenSslAssertionSign"":11.427500009536743,""pkiOpenSslAssertionVerify"":9.001299977302551}",0,,
0,PKI,170,intra-pki,false,false,376630.43727351923,403601.14767350454,403661.78217347164,60.634499967098236,0,60.634499967098236,0,0,1,0,"{""pkiCertTransferHttp"":16.238300025463104,""pkiCrossRelayHttp"":0,""pkiOpenSslVerifyLeaf"":9.791000008583069,""pkiLeafOcspHttpQuery"":12.944500029087067,""pkiOpenSslAssertionSign"":12.14029997587204,""pkiOpenSslAssertionVerify"":9.074699997901917}",0,,
0,PKI,171,intra-pki,false,false,379670.81858356245,406641.52898354776,406685.19908358104,43.670100033283234,0,43.670100033283234,0,0,1,0,"{""pkiCertTransferHttp"":0.8128999471664429,""pkiCrossRelayHttp"":0,""pkiOpenSslVerifyLeaf"":9.235199987888336,""pkiLeafOcspHttpQuery"":12.296400010585785,""pkiOpenSslAssertionSign"":11.864400029182434,""pkiOpenSslAssertionVerify"":8.956800043582916}",0,,
0,PKI,172,intra-pki,false,false,382321.4656269168,409292.1760269021,409365.50282689085,73.32679998874664,0,73.32679998874664,0,0,1,0,"{""pkiCertTransferHttp"":20.05440002679825,""pkiCrossRelayHttp"":0,""pkiOpenSslVerifyLeaf"":11.298500001430511,""pkiLeafOcspHttpQuery"":15.17689996957779,""pkiOpenSslAssertionSign"":14.678599953651428,""pkiOpenSslAssertionVerify"":11.631099998950958}",0,,
0,PKI,173,intra-pki,false,false,386935.5136722088,413906.22407219413,413952.0843721986,45.86030000448227,0,45.86030000448227,0,0,1,0,"{""pkiCertTransferHttp"":1.185800015926361,""pkiCrossRelayHttp"":0,""pkiOpenSslVerifyLeaf"":9.315500020980835,""pkiLeafOcspHttpQuery"":12.490399956703186,""pkiOpenSslAssertionSign"":12.045500040054321,""pkiOpenSslAssertionVerify"":10.408199965953827}",0,,
0,PKI,174,intra-pki,false,false,386990.06582517724,413960.77622516255,414008.7391251455,47.96289998292923,0,47.96289998292923,0,0,1,0,"{""pkiCertTransferHttp"":5.370999991893768,""pkiCrossRelayHttp"":0,""pkiOpenSslVerifyLeaf"":9.5557000041008,""pkiLeafOcspHttpQuery"":11.80129998922348,""pkiOpenSslAssertionSign"":11.373400032520294,""pkiOpenSslAssertionVerify"":9.46619999408722}",0,,
0,PKI,175,intra-pki,false,false,388994.6316898385,415965.3420898238,416031.3286898056,65.98659998178482,0,65.98659998178482,0,0,1,0,"{""pkiCertTransferHttp"":22.401899993419647,""pkiCrossRelayHttp"":0,""pkiOpenSslVerifyLeaf"":10.236000001430511,""pkiLeafOcspHttpQuery"":12.094799995422363,""pkiOpenSslAssertionSign"":11.94020003080368,""pkiOpenSslAssertionVerify"":8.922299981117249}",0,,
0,PKI,176,intra-pki,false,false,394587.1101194645,421557.82051944983,421604.33391946804,46.51340001821518,0,46.51340001821518,0,0,1,0,"{""pkiCertTransferHttp"":2.5390000343322754,""pkiCrossRelayHttp"":0,""pkiOpenSslVerifyLeaf"":9.435399949550629,""pkiLeafOcspHttpQuery"":12.415899991989136,""pkiOpenSslAssertionSign"":11.949000000953674,""pkiOpenSslAssertionVerify"":9.779699981212616}",0,,
0,PKI,177,intra-pki,false,false,398883.5725999511,425854.28299993643,425900.8319999612,46.54900002479553,0,46.54900002479553,0,0,1,0,"{""pkiCertTransferHttp"":2.9825000166893005,""pkiCrossRelayHttp"":0,""pkiOpenSslVerifyLeaf"":9.326300024986267,""pkiLeafOcspHttpQuery"":12.535899996757507,""pkiOpenSslAssertionSign"":11.63050001859665,""pkiOpenSslAssertionVerify"":9.479700028896332}",0,,
0,PKI,178,intra-pki,false,false,401355.742047622,428326.4524476073,428388.92034758546,62.46789997816086,0,62.46789997816086,0,0,1,0,"{""pkiCertTransferHttp"":17.211499989032745,""pkiCrossRelayHttp"":0,""pkiOpenSslVerifyLeaf"":9.904799997806549,""pkiLeafOcspHttpQuery"":13.101000010967255,""pkiOpenSslAssertionSign"":12.585799992084503,""pkiOpenSslAssertionVerify"":9.260900020599365}",0,,
0,PKI,179,intra-pki,false,false,402138.919961244,429109.6303612293,429176.1373611988,66.50699996948242,0,66.50699996948242,0,0,1,0,"{""pkiCertTransferHttp"":18.858399987220764,""pkiCrossRelayHttp"":0,""pkiOpenSslVerifyLeaf"":10.725400030612946,""pkiLeafOcspHttpQuery"":13.493600010871887,""pkiOpenSslAssertionSign"":13.282000005245209,""pkiOpenSslAssertionVerify"":9.705399990081787}",0,,
0,PKI,180,intra-pki,false,false,402911.22381825454,429881.93421823985,429938.55811823613,56.62389999628067,0,56.62389999628067,0,0,1,0,"{""pkiCertTransferHttp"":11.68639999628067,""pkiCrossRelayHttp"":0,""pkiOpenSslVerifyLeaf"":10.157599985599518,""pkiLeafOcspHttpQuery"":12.841000020503998,""pkiOpenSslAssertionSign"":12.155200004577637,""pkiOpenSslAssertionVerify"":9.361899971961975}",0,,
0,PKI,181,intra-pki,false,false,404855.10931052483,431825.81971051014,431874.70401050366,48.884299993515015,0,48.884299993515015,0,0,1,0,"{""pkiCertTransferHttp"":5.852399945259094,""pkiCrossRelayHttp"":0,""pkiOpenSslVerifyLeaf"":9.160899996757507,""pkiLeafOcspHttpQuery"":12.149999976158142,""pkiOpenSslAssertionSign"":11.929100036621094,""pkiOpenSslAssertionVerify"":9.349300026893616}",0,,
0,PKI,182,intra-pki,false,false,412144.282746284,439114.9931462693,439158.3393463182,43.34620004892349,0,43.34620004892349,0,0,1,0,"{""pkiCertTransferHttp"":0.9813000559806824,""pkiCrossRelayHttp"":0,""pkiOpenSslVerifyLeaf"":8.97869998216629,""pkiLeafOcspHttpQuery"":11.90719997882843,""pkiOpenSslAssertionSign"":12.014299988746643,""pkiOpenSslAssertionVerify"":9.046299993991852}",0,,
0,PKI,183,intra-pki,false,false,413682.1620411852,440652.8724411705,440704.01834118157,51.14590001106262,0,51.14590001106262,0,0,1,0,"{""pkiCertTransferHttp"":6.654900014400482,""pkiCrossRelayHttp"":0,""pkiOpenSslVerifyLeaf"":9.487399995326996,""pkiLeafOcspHttpQuery"":12.43800002336502,""pkiOpenSslAssertionSign"":12.414900004863739,""pkiOpenSslAssertionVerify"":9.687399983406067}",0,,
0,PKI,184,intra-pki,false,false,415146.9409443197,442117.651344305,442163.30044431065,45.64910000562668,0,45.64910000562668,0,0,1,0,"{""pkiCertTransferHttp"":1.6225000023841858,""pkiCrossRelayHttp"":0,""pkiOpenSslVerifyLeaf"":9.65970003604889,""pkiLeafOcspHttpQuery"":12.395799994468689,""pkiOpenSslAssertionSign"":12.348800003528595,""pkiOpenSslAssertionVerify"":9.154100000858307}",0,,
0,PKI,185,intra-pki,false,false,416164.06878030516,443134.77918029047,443176.61358028866,41.83439999818802,0,41.83439999818802,0,0,1,0,"{""pkiCertTransferHttp"":0.491100013256073,""pkiCrossRelayHttp"":0,""pkiOpenSslVerifyLeaf"":8.650200009346008,""pkiLeafOcspHttpQuery"":11.857299983501434,""pkiOpenSslAssertionSign"":11.430599987506866,""pkiOpenSslAssertionVerify"":8.766499996185303}",0,,
0,PKI,186,intra-pki,false,false,416813.3200728853,443784.0304728706,443827.0254728754,42.99500000476837,0,42.99500000476837,0,0,1,0,"{""pkiCertTransferHttp"":0.5741000175476074,""pkiCrossRelayHttp"":0,""pkiOpenSslVerifyLeaf"":8.50950002670288,""pkiLeafOcspHttpQuery"":12.174800038337708,""pkiOpenSslAssertionSign"":12.343800008296967,""pkiOpenSslAssertionVerify"":8.964999973773956}",0,,
0,PKI,187,intra-pki,false,false,417603.1916085719,444573.9020085572,444620.7987085222,46.89669996500015,0,46.89669996500015,0,0,1,0,"{""pkiCertTransferHttp"":3.2269999980926514,""pkiCrossRelayHttp"":0,""pkiOpenSslVerifyLeaf"":9.237100005149841,""pkiLeafOcspHttpQuery"":12.073000013828278,""pkiOpenSslAssertionSign"":11.938899993896484,""pkiOpenSslAssertionVerify"":9.97409999370575}",0,,
0,PKI,188,intra-pki,false,false,417959.7589839173,444930.4693839026,444979.10608393676,48.63670003414154,0,48.63670003414154,0,0,1,0,"{""pkiCertTransferHttp"":1.9781000018119812,""pkiCrossRelayHttp"":0,""pkiOpenSslVerifyLeaf"":9.7503000497818,""pkiLeafOcspHttpQuery"":12.778600037097931,""pkiOpenSslAssertionSign"":14.22900003194809,""pkiOpenSslAssertionVerify"":9.445200026035309}",0,,
0,PKI,189,intra-pki,false,false,420233.5053271846,447204.21572716994,447254.0655271606,49.84979999065399,0,49.84979999065399,0,0,1,0,"{""pkiCertTransferHttp"":6.839899957180023,""pkiCrossRelayHttp"":0,""pkiOpenSslVerifyLeaf"":9.63459998369217,""pkiLeafOcspHttpQuery"":12.18860000371933,""pkiOpenSslAssertionSign"":11.47350001335144,""pkiOpenSslAssertionVerify"":9.279699981212616}",0,,
0,PKI,190,intra-pki,false,false,424031.28079432895,451001.99119431427,451050.5858943527,48.594700038433075,0,48.594700038433075,0,0,1,0,"{""pkiCertTransferHttp"":3.9512999653816223,""pkiCrossRelayHttp"":0,""pkiOpenSslVerifyLeaf"":9.729600012302399,""pkiLeafOcspHttpQuery"":12.35209995508194,""pkiOpenSslAssertionSign"":12.378699958324432,""pkiOpenSslAssertionVerify"":9.740899980068207}",0,,
0,PKI,191,intra-pki,false,false,426439.3942293829,453410.10462936823,453469.0790293521,58.974399983882904,0,58.974399983882904,0,0,1,0,"{""pkiCertTransferHttp"":14.825500011444092,""pkiCrossRelayHttp"":0,""pkiOpenSslVerifyLeaf"":9.59909999370575,""pkiLeafOcspHttpQuery"":12.060500025749207,""pkiOpenSslAssertionSign"":12.409099996089935,""pkiOpenSslAssertionVerify"":9.65389996767044}",0,,
0,PKI,192,intra-pki,false,false,431885.8508648225,458856.5612648078,458902.55436485494,45.99310004711151,0,45.99310004711151,0,0,1,0,"{""pkiCertTransferHttp"":3.096400022506714,""pkiCrossRelayHttp"":0,""pkiOpenSslVerifyLeaf"":9.278199970722198,""pkiLeafOcspHttpQuery"":12.54229998588562,""pkiOpenSslAssertionSign"":12.087199985980988,""pkiOpenSslAssertionVerify"":8.550099968910217}",0,,
0,PKI,193,intra-pki,false,false,433729.7035610783,460700.4139610636,460774.45936108707,74.04540002346039,0,74.04540002346039,0,0,1,0,"{""pkiCertTransferHttp"":19.617399990558624,""pkiCrossRelayHttp"":0,""pkiOpenSslVerifyLeaf"":11.634800016880035,""pkiLeafOcspHttpQuery"":14.128500044345856,""pkiOpenSslAssertionSign"":14.320299983024597,""pkiOpenSslAssertionVerify"":13.910000026226044}",0,,
0,PKI,194,intra-pki,false,false,434426.1267832846,461396.8371832699,461443.4551832408,46.61799997091293,0,46.61799997091293,0,0,1,0,"{""pkiCertTransferHttp"":0.9663999676704407,""pkiCrossRelayHttp"":0,""pkiOpenSslVerifyLeaf"":11.132499992847443,""pkiLeafOcspHttpQuery"":12.278599977493286,""pkiOpenSslAssertionSign"":12.330099999904633,""pkiOpenSslAssertionVerify"":9.503099977970123}",0,,
0,PKI,195,intra-pki,false,false,434822.97443107644,461793.68483106175,461855.8007311014,62.11590003967285,0,62.11590003967285,0,0,1,0,"{""pkiCertTransferHttp"":0.2835000157356262,""pkiCrossRelayHttp"":0,""pkiOpenSslVerifyLeaf"":9.424300014972687,""pkiLeafOcspHttpQuery"":30.108900010585785,""pkiOpenSslAssertionSign"":12.736000001430511,""pkiOpenSslAssertionVerify"":9.161899983882904}",0,,
0,PKI,196,intra-pki,false,false,436836.44645661366,463807.156856599,463853.55665660155,46.39980000257492,0,46.39980000257492,0,0,1,0,"{""pkiCertTransferHttp"":3.8526000380516052,""pkiCrossRelayHttp"":0,""pkiOpenSslVerifyLeaf"":9.540199995040894,""pkiLeafOcspHttpQuery"":12.259800016880035,""pkiOpenSslAssertionSign"":11.641600012779236,""pkiOpenSslAssertionVerify"":8.674700021743774}",0,,
0,PKI,197,intra-pki,false,false,437929.3633562812,464900.0737562665,464962.4270563015,62.35330003499985,0,62.35330003499985,0,0,1,0,"{""pkiCertTransferHttp"":19.332000017166138,""pkiCrossRelayHttp"":0,""pkiOpenSslVerifyLeaf"":9.763399958610535,""pkiLeafOcspHttpQuery"":12.374100029468536,""pkiOpenSslAssertionSign"":11.680999994277954,""pkiOpenSslAssertionVerify"":8.778800010681152}",0,,
0,PKI,198,intra-pki,false,false,438064.4255626654,465035.1359626507,465098.67476265185,63.53880000114441,0,63.53880000114441,0,0,1,0,"{""pkiCertTransferHttp"":18.630599975585938,""pkiCrossRelayHttp"":0,""pkiOpenSslVerifyLeaf"":9.338299989700317,""pkiLeafOcspHttpQuery"":12.120000004768372,""pkiOpenSslAssertionSign"":13.29780000448227,""pkiOpenSslAssertionVerify"":9.74130004644394}",0,,
0,PKI,199,intra-pki,false,false,439317.61509225075,466288.32549223606,466350.40859225695,62.08310002088547,0,62.08310002088547,0,0,1,0,"{""pkiCertTransferHttp"":16.59520000219345,""pkiCrossRelayHttp"":0,""pkiOpenSslVerifyLeaf"":10.055299997329712,""pkiLeafOcspHttpQuery"":12.64599996805191,""pkiOpenSslAssertionSign"":12.993799984455109,""pkiOpenSslAssertionVerify"":9.33129996061325}",0,,
0,PKI,200,intra-pki,false,false,442342.3680584103,469313.0784583956,469379.9753583938,66.89689999818802,0,66.89689999818802,0,0,1,0,"{""pkiCertTransferHttp"":16.399699985980988,""pkiCrossRelayHttp"":0,""pkiOpenSslVerifyLeaf"":10.129999995231628,""pkiLeafOcspHttpQuery"":17.5203999876976,""pkiOpenSslAssertionSign"":12.485900044441223,""pkiOpenSslAssertionVerify"":9.904399991035461}",0,,
0,PKI,201,intra-pki,false,false,445946.94627672405,472917.65667670936,472962.15277671785,44.4961000084877,0,44.4961000084877,0,0,1,0,"{""pkiCertTransferHttp"":0.022599995136260986,""pkiCrossRelayHttp"":0,""pkiOpenSslVerifyLeaf"":9.003400027751923,""pkiLeafOcspHttpQuery"":12.827099978923798,""pkiOpenSslAssertionSign"":12.476700007915497,""pkiOpenSslAssertionVerify"":9.735399961471558}",0,,
0,PKI,202,intra-pki,false,false,447231.28888749843,474201.99928748375,474259.5138875223,57.51460003852844,0,57.51460003852844,0,0,1,0,"{""pkiCertTransferHttp"":14.775599956512451,""pkiCrossRelayHttp"":0,""pkiOpenSslVerifyLeaf"":9.569500029087067,""pkiLeafOcspHttpQuery"":12.558600008487701,""pkiOpenSslAssertionSign"":11.719300031661987,""pkiOpenSslAssertionVerify"":8.485199987888336}",0,,
0,PKI,203,intra-pki,false,false,447555.3475786994,474526.0579786847,474573.0895786832,47.03159999847412,0,47.03159999847412,0,0,1,0,"{""pkiCertTransferHttp"":4.0085999965667725,""pkiCrossRelayHttp"":0,""pkiOpenSslVerifyLeaf"":9.118000030517578,""pkiLeafOcspHttpQuery"":12.68199998140335,""pkiOpenSslAssertionSign"":12.036700010299683,""pkiOpenSslAssertionVerify"":8.802799999713898}",0,,
0,PKI,204,intra-pki,false,false,447648.77149043133,474619.48189041665,474667.74809042265,48.26620000600815,0,48.26620000600815,0,0,1,0,"{""pkiCertTransferHttp"":5.506699979305267,""pkiCrossRelayHttp"":0,""pkiOpenSslVerifyLeaf"":9.383300006389618,""pkiLeafOcspHttpQuery"":12.052000045776367,""pkiOpenSslAssertionSign"":11.993300020694733,""pkiOpenSslAssertionVerify"":8.881399989128113}",0,,
0,PKI,205,intra-pki,false,false,448786.33617963974,475757.04657962505,475811.5909796614,54.54440003633499,0,54.54440003633499,0,0,1,0,"{""pkiCertTransferHttp"":12.286899983882904,""pkiCrossRelayHttp"":0,""pkiOpenSslVerifyLeaf"":9.645900011062622,""pkiLeafOcspHttpQuery"":11.768700003623962,""pkiOpenSslAssertionSign"":11.64980000257492,""pkiOpenSslAssertionVerify"":8.789399981498718}",0,,
0,PKI,206,intra-pki,false,false,449016.07660571125,475986.78700569656,476032.15650567797,45.36949998140335,0,45.36949998140335,0,0,1,0,"{""pkiCertTransferHttp"":2.3279000520706177,""pkiCrossRelayHttp"":0,""pkiOpenSslVerifyLeaf"":9.949999988079071,""pkiLeafOcspHttpQuery"":12.612299978733063,""pkiOpenSslAssertionSign"":11.500499963760376,""pkiOpenSslAssertionVerify"":8.596599996089935}",0,,
0,PKI,207,intra-pki,false,false,459982.96837186045,486953.67877184576,487023.3178718013,69.63909995555878,0,69.63909995555878,0,0,1,0,"{""pkiCertTransferHttp"":24.056900024414062,""pkiCrossRelayHttp"":0,""pkiOpenSslVerifyLeaf"":9.473200023174286,""pkiLeafOcspHttpQuery"":12.715700030326843,""pkiOpenSslAssertionSign"":12.98829996585846,""pkiOpenSslAssertionVerify"":9.929199993610382}",0,,
0,PKI,208,intra-pki,false,false,464021.99420839484,490992.70460838015,491056.1037083858,63.39910000562668,0,63.39910000562668,0,0,1,0,"{""pkiCertTransferHttp"":18.321399986743927,""pkiCrossRelayHttp"":0,""pkiOpenSslVerifyLeaf"":9.786700010299683,""pkiLeafOcspHttpQuery"":12.683300018310547,""pkiOpenSslAssertionSign"":12.557200014591217,""pkiOpenSslAssertionVerify"":9.625599980354309}",0,,
0,PKI,209,intra-pki,false,false,465538.62419222546,492509.33459221077,492556.1451921935,46.810599982738495,0,46.810599982738495,0,0,1,0,"{""pkiCertTransferHttp"":2.987999975681305,""pkiCrossRelayHttp"":0,""pkiOpenSslVerifyLeaf"":9.3614000082016,""pkiLeafOcspHttpQuery"":12.575000047683716,""pkiOpenSslAssertionSign"":12.154799997806549,""pkiOpenSslAssertionVerify"":9.357899963855743}",0,,
0,PKI,210,intra-pki,false,false,467299.53456739464,494270.24496737996,494314.0622674016,43.81730002164841,0,43.81730002164841,0,0,1,0,"{""pkiCertTransferHttp"":1.1051999926567078,""pkiCrossRelayHttp"":0,""pkiOpenSslVerifyLeaf"":9.194900035858154,""pkiLeafOcspHttpQuery"":12.2950000166893,""pkiOpenSslAssertionSign"":11.858200013637543,""pkiOpenSslAssertionVerify"":8.958700001239777}",0,,
0,PKI,211,intra-pki,false,false,476465.36418521794,503436.07458520326,503478.20088524016,42.126300036907196,0,42.126300036907196,0,0,1,0,"{""pkiCertTransferHttp"":0.10300004482269287,""pkiCrossRelayHttp"":0,""pkiOpenSslVerifyLeaf"":9.035700023174286,""pkiLeafOcspHttpQuery"":11.79040002822876,""pkiOpenSslAssertionSign"":11.362800002098083,""pkiOpenSslAssertionVerify"":9.44839996099472}",0,,
0,PKI,212,intra-pki,false,false,478125.93631019804,505096.64671018336,505164.2070101759,67.56029999256134,0,67.56029999256134,0,0,1,0,"{""pkiCertTransferHttp"":24.299000024795532,""pkiCrossRelayHttp"":0,""pkiOpenSslVerifyLeaf"":9.821999967098236,""pkiLeafOcspHttpQuery"":12.345400035381317,""pkiOpenSslAssertionSign"":11.55919998884201,""pkiOpenSslAssertionVerify"":9.142099976539612}",0,,
0,PKI,213,intra-pki,false,false,478957.6075555159,505928.3179555012,505981.8452555014,53.527300000190735,0,53.527300000190735,0,0,1,0,"{""pkiCertTransferHttp"":3.29339998960495,""pkiCrossRelayHttp"":0,""pkiOpenSslVerifyLeaf"":9.602400004863739,""pkiLeafOcspHttpQuery"":13.25,""pkiOpenSslAssertionSign"":14.203199982643127,""pkiOpenSslAssertionVerify"":12.725600004196167}",0,,
0,PKI,214,intra-pki,false,false,479214.83731253893,506185.54771252425,506242.64841254504,57.1007000207901,0,57.1007000207901,0,0,1,0,"{""pkiCertTransferHttp"":4.824599981307983,""pkiCrossRelayHttp"":0,""pkiOpenSslVerifyLeaf"":11.919600009918213,""pkiLeafOcspHttpQuery"":14.825999975204468,""pkiOpenSslAssertionSign"":12.719399988651276,""pkiOpenSslAssertionVerify"":12.373199999332428}",0,,
0,PKI,215,intra-pki,false,false,484541.82754643884,511512.53794642416,511584.11954637495,71.5815999507904,0,71.5815999507904,0,0,1,0,"{""pkiCertTransferHttp"":1.851199984550476,""pkiCrossRelayHttp"":0,""pkiOpenSslVerifyLeaf"":9.411900043487549,""pkiLeafOcspHttpQuery"":38.76789999008179,""pkiOpenSslAssertionSign"":12.372900009155273,""pkiOpenSslAssertionVerify"":8.757200002670288}",0,,
0,PKI,216,intra-pki,false,false,484673.8872788994,511644.5976788847,511712.01247893256,67.41480004787445,0,67.41480004787445,0,0,1,0,"{""pkiCertTransferHttp"":22.830900013446808,""pkiCrossRelayHttp"":0,""pkiOpenSslVerifyLeaf"":9.37610000371933,""pkiLeafOcspHttpQuery"":13.161199986934662,""pkiOpenSslAssertionSign"":12.718299984931946,""pkiOpenSslAssertionVerify"":8.916800022125244}",0,,
0,PKI,217,intra-pki,false,false,484752.0280205516,511722.7384205369,511780.87902056257,58.14060002565384,0,58.14060002565384,0,0,1,0,"{""pkiCertTransferHttp"":14.924000024795532,""pkiCrossRelayHttp"":0,""pkiOpenSslVerifyLeaf"":9.807299971580505,""pkiLeafOcspHttpQuery"":12.04390001296997,""pkiOpenSslAssertionSign"":11.831300020217896,""pkiOpenSslAssertionVerify"":9.116699993610382}",0,,
0,PKI,218,intra-pki,false,false,485171.0557522096,512141.76615219493,512186.9431521811,45.17699998617172,0,45.17699998617172,0,0,1,0,"{""pkiCertTransferHttp"":2.60589998960495,""pkiCrossRelayHttp"":0,""pkiOpenSslVerifyLeaf"":8.982200026512146,""pkiLeafOcspHttpQuery"":11.920699954032898,""pkiOpenSslAssertionSign"":12.122200012207031,""pkiOpenSslAssertionVerify"":9.166700005531311}",0,,
0,PKI,219,intra-pki,false,false,486282.7684718067,513253.47887179203,513302.7181718046,49.2393000125885,0,49.2393000125885,0,0,1,0,"{""pkiCertTransferHttp"":2.3054999709129333,""pkiCrossRelayHttp"":0,""pkiOpenSslVerifyLeaf"":10.44489997625351,""pkiLeafOcspHttpQuery"":13.425599992275238,""pkiOpenSslAssertionSign"":12.675999999046326,""pkiOpenSslAssertionVerify"":9.938099980354309}",0,,
0,PKI,220,intra-pki,false,false,490230.71223598724,517201.42263597256,517267.12933599955,65.70670002698898,0,65.70670002698898,0,0,1,0,"{""pkiCertTransferHttp"":16.9582000374794,""pkiCrossRelayHttp"":0,""pkiOpenSslVerifyLeaf"":10.118300020694733,""pkiLeafOcspHttpQuery"":13.795300006866455,""pkiOpenSslAssertionSign"":13.626699984073639,""pkiOpenSslAssertionVerify"":10.739300012588501}",0,,
0,PKI,221,intra-pki,false,false,492050.49295622675,519021.20335621206,519067.2392562088,46.03589999675751,0,46.03589999675751,0,0,1,0,"{""pkiCertTransferHttp"":1.180799961090088,""pkiCrossRelayHttp"":0,""pkiOpenSslVerifyLeaf"":10.878499984741211,""pkiLeafOcspHttpQuery"":12.418200016021729,""pkiOpenSslAssertionSign"":12.000400006771088,""pkiOpenSslAssertionVerify"":9.092500030994415}",0,,
0,PKI,222,intra-pki,false,false,492069.7040825497,519040.41448253504,519113.3984561619,72.98397362686228,26.824773673783056,46.159199953079224,0,0,1,0,"{""pkiCertTransferHttp"":3.131600022315979,""pkiCrossRelayHttp"":0,""pkiOpenSslVerifyLeaf"":9.071099996566772,""pkiLeafOcspHttpQuery"":12.253600001335144,""pkiOpenSslAssertionSign"":11.585900008678436,""pkiOpenSslAssertionVerify"":9.705099999904633}",0,,
0,PKI,223,intra-pki,false,false,493142.91956456593,520113.62996455125,520171.5993645399,57.969399988651276,0,57.969399988651276,0,0,1,0,"{""pkiCertTransferHttp"":14.612500011920929,""pkiCrossRelayHttp"":0,""pkiOpenSslVerifyLeaf"":9.474500000476837,""pkiLeafOcspHttpQuery"":12.454499959945679,""pkiOpenSslAssertionSign"":11.99729996919632,""pkiOpenSslAssertionVerify"":9.0067999958992}",0,,
0,PKI,224,intra-pki,false,false,493868.7031375757,520839.413537561,520901.4515375486,62.037999987602234,0,62.037999987602234,0,0,1,0,"{""pkiCertTransferHttp"":18.718799948692322,""pkiCrossRelayHttp"":0,""pkiOpenSslVerifyLeaf"":9.447200000286102,""pkiLeafOcspHttpQuery"":12.342299997806549,""pkiOpenSslAssertionSign"":12.33600002527237,""pkiOpenSslAssertionVerify"":8.723800003528595}",0,,
0,PKI,225,intra-pki,false,false,495083.2549764569,522053.96537644224,522098.7076764758,44.742300033569336,0,44.742300033569336,0,0,1,0,"{""pkiCertTransferHttp"":2.998099982738495,""pkiCrossRelayHttp"":0,""pkiOpenSslVerifyLeaf"":9.021699965000153,""pkiLeafOcspHttpQuery"":11.754899978637695,""pkiOpenSslAssertionSign"":11.631200015544891,""pkiOpenSslAssertionVerify"":8.815500020980835}",0,,
0,PKI,226,intra-pki,false,false,495341.5599416839,522312.2703416692,522359.24924162496,46.97889995574951,0,46.97889995574951,0,0,1,0,"{""pkiCertTransferHttp"":4.525499999523163,""pkiCrossRelayHttp"":0,""pkiOpenSslVerifyLeaf"":9.475600004196167,""pkiLeafOcspHttpQuery"":11.778299987316132,""pkiOpenSslAssertionSign"":11.907599985599518,""pkiOpenSslAssertionVerify"":8.867199957370758}",0,,
0,PKI,227,intra-pki,false,false,496511.2487441804,523481.95914416574,523546.7710441854,64.81190001964569,0,64.81190001964569,0,0,1,0,"{""pkiCertTransferHttp"":20.57229995727539,""pkiCrossRelayHttp"":0,""pkiOpenSslVerifyLeaf"":9.77970004081726,""pkiLeafOcspHttpQuery"":12.681299984455109,""pkiOpenSslAssertionSign"":12.199400007724762,""pkiOpenSslAssertionVerify"":9.200899958610535}",0,,
0,PKI,228,intra-pki,false,false,497954.78451777826,524925.4949177636,524968.9474177493,43.452499985694885,0,43.452499985694885,0,0,1,0,"{""pkiCertTransferHttp"":1.1544000506401062,""pkiCrossRelayHttp"":0,""pkiOpenSslVerifyLeaf"":9.093699991703033,""pkiLeafOcspHttpQuery"":11.867499947547913,""pkiOpenSslAssertionSign"":11.893700003623962,""pkiOpenSslAssertionVerify"":9.027100026607513}",0,,
0,PKI,229,intra-pki,false,false,499138.06506924244,526108.7754692277,526152.1501692375,43.374700009822845,0,43.374700009822845,0,0,1,0,"{""pkiCertTransferHttp"":0.06419998407363892,""pkiCrossRelayHttp"":0,""pkiOpenSslVerifyLeaf"":8.70440000295639,""pkiLeafOcspHttpQuery"":12.56139999628067,""pkiOpenSslAssertionSign"":12.1007000207901,""pkiOpenSslAssertionVerify"":9.531500041484833}",0,,
0,PKI,230,intra-pki,false,false,500968.6056212922,527939.3160212776,528007.4420212647,68.1259999871254,0,68.1259999871254,0,0,1,0,"{""pkiCertTransferHttp"":24.164600014686584,""pkiCrossRelayHttp"":0,""pkiOpenSslVerifyLeaf"":9.293599963188171,""pkiLeafOcspHttpQuery"":12.796600043773651,""pkiOpenSslAssertionSign"":12.285899996757507,""pkiOpenSslAssertionVerify"":9.148100018501282}",0,,
0,PKI,231,intra-pki,false,false,502291.8356950242,529262.5460950094,529323.2660949784,60.719999969005585,0,60.719999969005585,0,0,1,0,"{""pkiCertTransferHttp"":17.157599985599518,""pkiCrossRelayHttp"":0,""pkiOpenSslVerifyLeaf"":9.942399978637695,""pkiLeafOcspHttpQuery"":12.514899969100952,""pkiOpenSslAssertionSign"":11.985899984836578,""pkiOpenSslAssertionVerify"":8.708399951457977}",0,,
0,PKI,232,intra-pki,false,false,503077.91431805457,530048.6247180399,530136.5768180188,87.9520999789238,0,87.9520999789238,0,0,1,0,"{""pkiCertTransferHttp"":33.66359996795654,""pkiCrossRelayHttp"":0,""pkiOpenSslVerifyLeaf"":10.850899994373322,""pkiLeafOcspHttpQuery"":14.923099994659424,""pkiOpenSslAssertionSign"":15.508199989795685,""pkiOpenSslAssertionVerify"":12.579599976539612}",0,,
0,PKI,233,intra-pki,false,false,505924.9502547099,532895.6606546952,532949.049254687,53.3885999917984,0,53.3885999917984,0,0,1,0,"{""pkiCertTransferHttp"":8.746200025081635,""pkiCrossRelayHttp"":0,""pkiOpenSslVerifyLeaf"":10.240100026130676,""pkiLeafOcspHttpQuery"":12.924899995326996,""pkiOpenSslAssertionSign"":11.917199969291687,""pkiOpenSslAssertionVerify"":9.151400029659271}",0,,
0,PKI,234,intra-pki,false,false,510679.65031547437,537650.3607154597,537695.0014154423,44.64069998264313,0,44.64069998264313,0,0,1,0,"{""pkiCertTransferHttp"":2.0959999561309814,""pkiCrossRelayHttp"":0,""pkiOpenSslVerifyLeaf"":8.820200026035309,""pkiLeafOcspHttpQuery"":11.865199983119965,""pkiOpenSslAssertionSign"":12.088800013065338,""pkiOpenSslAssertionVerify"":9.315600037574768}",0,,
0,PKI,235,intra-pki,false,false,510695.92294453236,537666.6333445177,537773.2222154249,106.58887090720236,28.368070924654603,78.22079998254776,0,0,1,0,"{""pkiCertTransferHttp"":34.76280003786087,""pkiCrossRelayHttp"":0,""pkiOpenSslVerifyLeaf"":10.19920003414154,""pkiLeafOcspHttpQuery"":12.38459998369217,""pkiOpenSslAssertionSign"":11.77369999885559,""pkiOpenSslAssertionVerify"":8.688300013542175}",0,,
0,PKI,236,intra-pki,false,false,512099.3858750796,539070.0962750649,539133.6098750567,63.5135999917984,0,63.5135999917984,0,0,1,0,"{""pkiCertTransferHttp"":20.040199995040894,""pkiCrossRelayHttp"":0,""pkiOpenSslVerifyLeaf"":9.747600018978119,""pkiLeafOcspHttpQuery"":12.720200002193451,""pkiOpenSslAssertionSign"":11.8435999751091,""pkiOpenSslAssertionVerify"":8.754499971866608}",0,,
0,PKI,237,intra-pki,false,false,512290.10760277865,539260.8180027639,539307.9361027514,47.11809998750687,0,47.11809998750687,0,0,1,0,"{""pkiCertTransferHttp"":0.7459999918937683,""pkiCrossRelayHttp"":0,""pkiOpenSslVerifyLeaf"":9.539099991321564,""pkiLeafOcspHttpQuery"":12.923299968242645,""pkiOpenSslAssertionSign"":12.667199969291687,""pkiOpenSslAssertionVerify"":10.740700006484985}",0,,
0,PKI,238,intra-pki,false,false,513481.9402227618,540452.6506227471,540519.6100227453,66.95939999818802,0,66.95939999818802,0,0,1,0,"{""pkiCertTransferHttp"":18.117399990558624,""pkiCrossRelayHttp"":0,""pkiOpenSslVerifyLeaf"":11.58789998292923,""pkiLeafOcspHttpQuery"":13.690999984741211,""pkiOpenSslAssertionSign"":13.174100041389465,""pkiOpenSslAssertionVerify"":9.748499989509583}",0,,
0,PKI,239,intra-pki,false,false,518865.3685256419,545836.0789256273,545895.1629256187,59.08399999141693,0,59.08399999141693,0,0,1,0,"{""pkiCertTransferHttp"":13.873799979686737,""pkiCrossRelayHttp"":0,""pkiOpenSslVerifyLeaf"":10.138200044631958,""pkiLeafOcspHttpQuery"":12.737600028514862,""pkiOpenSslAssertionSign"":12.936100006103516,""pkiOpenSslAssertionVerify"":8.945800006389618}",0,,
0,PKI,240,intra-pki,false,false,519342.9612614455,546313.6716614307,546373.2452614249,59.57359999418259,0,59.57359999418259,0,0,1,0,"{""pkiCertTransferHttp"":15.360000014305115,""pkiCrossRelayHttp"":0,""pkiOpenSslVerifyLeaf"":9.586600005626678,""pkiLeafOcspHttpQuery"":12.436699986457825,""pkiOpenSslAssertionSign"":11.960500001907349,""pkiOpenSslAssertionVerify"":9.737599968910217}",0,,
0,PKI,241,intra-pki,false,false,519771.84267367434,546742.5530736597,546804.9842736275,62.431199967861176,0,62.431199967861176,0,0,1,0,"{""pkiCertTransferHttp"":17.402200043201447,""pkiCrossRelayHttp"":0,""pkiOpenSslVerifyLeaf"":10.518800020217896,""pkiLeafOcspHttpQuery"":11.909500002861023,""pkiOpenSslAssertionSign"":12.281700015068054,""pkiOpenSslAssertionVerify"":9.903999984264374}",0,,
0,PKI,242,intra-pki,false,false,524385.8955412986,551356.6059412839,551402.4103413107,45.80440002679825,0,45.80440002679825,0,0,1,0,"{""pkiCertTransferHttp"":2.7100000381469727,""pkiCrossRelayHttp"":0,""pkiOpenSslVerifyLeaf"":9.46150004863739,""pkiLeafOcspHttpQuery"":12.23659998178482,""pkiOpenSslAssertionSign"":11.819700002670288,""pkiOpenSslAssertionVerify"":9.133799970149994}",0,,
0,PKI,243,intra-pki,false,false,526817.9922267257,553788.702626711,553854.9620267211,66.25940001010895,0,66.25940001010895,0,0,1,0,"{""pkiCertTransferHttp"":19.28659999370575,""pkiCrossRelayHttp"":0,""pkiOpenSslVerifyLeaf"":11.987200021743774,""pkiLeafOcspHttpQuery"":12.992999970912933,""pkiOpenSslAssertionSign"":12.244799971580505,""pkiOpenSslAssertionVerify"":9.30290001630783}",0,,
0,PKI,244,intra-pki,false,false,527665.3214702551,554636.0318702405,554682.0089702551,45.977100014686584,0,45.977100014686584,0,0,1,0,"{""pkiCertTransferHttp"":2.7926999926567078,""pkiCrossRelayHttp"":0,""pkiOpenSslVerifyLeaf"":9.34799998998642,""pkiLeafOcspHttpQuery"":12.356900036334991,""pkiOpenSslAssertionSign"":12.02369999885559,""pkiOpenSslAssertionVerify"":9.06439995765686}",0,,
0,PKI,245,intra-pki,false,false,530792.3409474869,557763.0513474722,557812.6374474545,49.58609998226166,0,49.58609998226166,0,0,1,0,"{""pkiCertTransferHttp"":4.102400004863739,""pkiCrossRelayHttp"":0,""pkiOpenSslVerifyLeaf"":9.824199974536896,""pkiLeafOcspHttpQuery"":12.456399977207184,""pkiOpenSslAssertionSign"":12.958700001239777,""pkiOpenSslAssertionVerify"":9.807600021362305}",0,,
0,PKI,246,intra-pki,false,false,530874.2551567612,557844.9655567465,557894.2373567281,49.271799981594086,0,49.271799981594086,0,0,1,0,"{""pkiCertTransferHttp"":5.163299977779388,""pkiCrossRelayHttp"":0,""pkiOpenSslVerifyLeaf"":9.893700003623962,""pkiLeafOcspHttpQuery"":12.17280000448227,""pkiOpenSslAssertionSign"":12.251200020313263,""pkiOpenSslAssertionVerify"":9.371899962425232}",0,,
0,PKI,247,intra-pki,false,false,531350.3193132349,558321.0297132202,558366.8490132161,45.8192999958992,0,45.8192999958992,0,0,1,0,"{""pkiCertTransferHttp"":2.2237000465393066,""pkiCrossRelayHttp"":0,""pkiOpenSslVerifyLeaf"":8.98089998960495,""pkiLeafOcspHttpQuery"":12.923400044441223,""pkiOpenSslAssertionSign"":11.974300026893616,""pkiOpenSslAssertionVerify"":9.301999986171722}",0,,
0,PKI,248,intra-pki,false,false,532615.0283974473,559585.7387974326,559640.0346974198,54.295899987220764,0,54.295899987220764,0,0,1,0,"{""pkiCertTransferHttp"":11.341800034046173,""pkiCrossRelayHttp"":0,""pkiOpenSslVerifyLeaf"":9.553799986839294,""pkiLeafOcspHttpQuery"":11.862399995326996,""pkiOpenSslAssertionSign"":11.975100040435791,""pkiOpenSslAssertionVerify"":9.129299998283386}",0,,
0,PKI,249,intra-pki,false,false,533699.9454739857,560670.6558739711,560717.1361739803,46.48030000925064,0,46.48030000925064,0,0,1,0,"{""pkiCertTransferHttp"":3.5606000423431396,""pkiCrossRelayHttp"":0,""pkiOpenSslVerifyLeaf"":8.885299980640411,""pkiLeafOcspHttpQuery"":11.986200034618378,""pkiOpenSslAssertionSign"":12.17900002002716,""pkiOpenSslAssertionVerify"":9.445699989795685}",0,,
0,PKI,250,intra-pki,false,false,533820.4686534433,560791.1790534286,560835.6321534542,44.45310002565384,0,44.45310002565384,0,0,1,0,"{""pkiCertTransferHttp"":1.0873000025749207,""pkiCrossRelayHttp"":0,""pkiOpenSslVerifyLeaf"":9.885699987411499,""pkiLeafOcspHttpQuery"":11.863700032234192,""pkiOpenSslAssertionSign"":11.648399949073792,""pkiOpenSslAssertionVerify"":9.57200002670288}",0,,
0,PKI,251,intra-pki,false,false,535368.9760163168,562339.6864163021,562471.8449162582,132.15849995613098,0,132.15849995613098,0,0,1,0,"{""pkiCertTransferHttp"":2.596400022506714,""pkiCrossRelayHttp"":0,""pkiOpenSslVerifyLeaf"":9.338299989700317,""pkiLeafOcspHttpQuery"":94.26410001516342,""pkiOpenSslAssertionSign"":14.09799998998642,""pkiOpenSslAssertionVerify"":11.4064000248909}",0,,
0,PKI,252,intra-pki,false,false,539361.3768967597,566332.087296745,566400.8348967044,68.74759995937347,0,68.74759995937347,0,0,1,0,"{""pkiCertTransferHttp"":11.069999992847443,""pkiCrossRelayHttp"":0,""pkiOpenSslVerifyLeaf"":11.042400002479553,""pkiLeafOcspHttpQuery"":24.110700011253357,""pkiOpenSslAssertionSign"":12.539299964904785,""pkiOpenSslAssertionVerify"":9.571999967098236}",0,,
0,PKI,253,intra-pki,false,false,541450.4296319511,568421.1400319365,568470.8252319124,49.68519997596741,0,49.68519997596741,0,0,1,0,"{""pkiCertTransferHttp"":4.936600029468536,""pkiCrossRelayHttp"":0,""pkiOpenSslVerifyLeaf"":9.506200015544891,""pkiLeafOcspHttpQuery"":12.815199971199036,""pkiOpenSslAssertionSign"":12.552599966526031,""pkiOpenSslAssertionVerify"":9.470699965953827}",0,,
0,PKI,254,intra-pki,false,false,542049.5765684827,569020.286968468,569065.7740684731,45.48710000514984,0,45.48710000514984,0,0,1,0,"{""pkiCertTransferHttp"":2.3907999992370605,""pkiCrossRelayHttp"":0,""pkiOpenSslVerifyLeaf"":8.714200019836426,""pkiLeafOcspHttpQuery"":12.39190000295639,""pkiOpenSslAssertionSign"":12.288000047206879,""pkiOpenSslAssertionVerify"":9.315300047397614}",0,,
0,PKI,255,intra-pki,false,false,545842.1636780663,572812.8740780517,572872.4254780575,59.55140000581741,0,59.55140000581741,0,0,1,0,"{""pkiCertTransferHttp"":16.281999945640564,""pkiCrossRelayHttp"":0,""pkiOpenSslVerifyLeaf"":9.990899980068207,""pkiLeafOcspHttpQuery"":12.232099950313568,""pkiOpenSslAssertionSign"":11.601599991321564,""pkiOpenSslAssertionVerify"":9.000299990177155}",0,,
0,PKI,256,intra-pki,false,false,546379.4535231848,573350.1639231701,573397.7228231687,47.558899998664856,0,47.558899998664856,0,0,1,0,"{""pkiCertTransferHttp"":3.658899962902069,""pkiCrossRelayHttp"":0,""pkiOpenSslVerifyLeaf"":9.594799995422363,""pkiLeafOcspHttpQuery"":12.643099963665009,""pkiOpenSslAssertionSign"":11.705999970436096,""pkiOpenSslAssertionVerify"":9.513700008392334}",0,,
0,PKI,257,intra-pki,false,false,547676.5522327863,574647.2626327716,574696.727732762,49.46509999036789,0,49.46509999036789,0,0,1,0,"{""pkiCertTransferHttp"":1.9563000202178955,""pkiCrossRelayHttp"":0,""pkiOpenSslVerifyLeaf"":9.834000051021576,""pkiLeafOcspHttpQuery"":13.138000011444092,""pkiOpenSslAssertionSign"":13.0799999833107,""pkiOpenSslAssertionVerify"":10.94760000705719}",0,,
0,PKI,258,intra-pki,false,false,547746.2567661484,574716.9671661337,574763.9226661404,46.95550000667572,0,46.95550000667572,0,0,1,0,"{""pkiCertTransferHttp"":1.1721999645233154,""pkiCrossRelayHttp"":0,""pkiOpenSslVerifyLeaf"":9.531199991703033,""pkiLeafOcspHttpQuery"":13.316500008106232,""pkiOpenSslAssertionSign"":12.446699976921082,""pkiOpenSslAssertionVerify"":10.031599998474121}",0,,
0,PKI,259,intra-pki,false,false,551758.6509720199,578729.3613720052,578789.3734719865,60.01209998130798,0,60.01209998130798,0,0,1,0,"{""pkiCertTransferHttp"":13.631699979305267,""pkiCrossRelayHttp"":0,""pkiOpenSslVerifyLeaf"":10.414700031280518,""pkiLeafOcspHttpQuery"":12.810599982738495,""pkiOpenSslAssertionSign"":12.945100009441376,""pkiOpenSslAssertionVerify"":9.80079996585846}",0,,
0,PKI,260,intra-pki,false,false,553227.924495689,580198.6348956743,580246.0289956251,47.394099950790405,0,47.394099950790405,0,0,1,0,"{""pkiCertTransferHttp"":4.32370001077652,""pkiCrossRelayHttp"":0,""pkiOpenSslVerifyLeaf"":9.557999968528748,""pkiLeafOcspHttpQuery"":11.879100024700165,""pkiOpenSslAssertionSign"":12.08380001783371,""pkiOpenSslAssertionVerify"":9.12610000371933}",0,,
0,PKI,261,intra-pki,false,false,553263.4766807974,580234.1870807827,580292.7187956491,58.53171486640349,11.841914842370898,46.68980002403259,0,0,1,0,"{""pkiCertTransferHttp"":3.9688000082969666,""pkiCrossRelayHttp"":0,""pkiOpenSslVerifyLeaf"":9.50299996137619,""pkiLeafOcspHttpQuery"":12.30919998884201,""pkiOpenSslAssertionSign"":11.438499987125397,""pkiOpenSslAssertionVerify"":9.05400002002716}",0,,
0,PKI,262,intra-pki,false,false,555222.4759297442,582193.1863297295,582280.1953296732,87.00899994373322,0,87.00899994373322,0,0,1,0,"{""pkiCertTransferHttp"":30.898099958896637,""pkiCrossRelayHttp"":0,""pkiOpenSslVerifyLeaf"":9.873199999332428,""pkiLeafOcspHttpQuery"":23.94080001115799,""pkiOpenSslAssertionSign"":12.504199981689453,""pkiOpenSslAssertionVerify"":9.269599974155426}",0,,
0,PKI,263,intra-pki,false,false,556405.6445215933,583376.3549215787,583422.1182215803,45.763300001621246,0,45.763300001621246,0,0,1,0,"{""pkiCertTransferHttp"":3.6348999738693237,""pkiCrossRelayHttp"":0,""pkiOpenSslVerifyLeaf"":9.518499970436096,""pkiLeafOcspHttpQuery"":12.092000007629395,""pkiOpenSslAssertionSign"":11.142599999904633,""pkiOpenSslAssertionVerify"":8.893800020217896}",0,,
0,PKI,264,intra-pki,false,false,560681.7681222395,587652.4785222248,587699.4280222491,46.949500024318695,0,46.949500024318695,0,0,1,0,"{""pkiCertTransferHttp"":4.678999960422516,""pkiCrossRelayHttp"":0,""pkiOpenSslVerifyLeaf"":9.365199983119965,""pkiLeafOcspHttpQuery"":11.536899983882904,""pkiOpenSslAssertionSign"":11.633599996566772,""pkiOpenSslAssertionVerify"":9.343899965286255}",0,,
0,PKI,265,intra-pki,false,false,560985.6776939214,587956.3880939067,588001.8927939117,45.504700005054474,0,45.504700005054474,0,0,1,0,"{""pkiCertTransferHttp"":1.9449000358581543,""pkiCrossRelayHttp"":0,""pkiOpenSslVerifyLeaf"":9.415300011634827,""pkiLeafOcspHttpQuery"":12.341899991035461,""pkiOpenSslAssertionSign"":12.18180000782013,""pkiOpenSslAssertionVerify"":9.19319999217987}",0,,
0,PKI,266,intra-pki,false,false,561662.6382353189,588633.3486353043,588679.7150353077,46.36640000343323,0,46.36640000343323,0,0,1,0,"{""pkiCertTransferHttp"":2.3045000433921814,""pkiCrossRelayHttp"":0,""pkiOpenSslVerifyLeaf"":9.964499950408936,""pkiLeafOcspHttpQuery"":12.38459998369217,""pkiOpenSslAssertionSign"":11.964499950408936,""pkiOpenSslAssertionVerify"":9.335200011730194}",0,,
0,PKI,267,intra-pki,false,false,561765.2070168935,588735.9174168789,588778.2662168824,42.348800003528595,0,42.348800003528595,0,0,1,0,"{""pkiCertTransferHttp"":0.42069995403289795,""pkiCrossRelayHttp"":0,""pkiOpenSslVerifyLeaf"":8.920200049877167,""pkiLeafOcspHttpQuery"":11.824699997901917,""pkiOpenSslAssertionSign"":11.73039996623993,""pkiOpenSslAssertionVerify"":9.073300004005432}",0,,
0,PKI,268,intra-pki,false,false,563135.5722427891,590106.2826427744,590149.9302427695,43.64759999513626,0,43.64759999513626,0,0,1,0,"{""pkiCertTransferHttp"":1.3476999998092651,""pkiCrossRelayHttp"":0,""pkiOpenSslVerifyLeaf"":8.639900028705597,""pkiLeafOcspHttpQuery"":11.66269999742508,""pkiOpenSslAssertionSign"":12.523400008678436,""pkiOpenSslAssertionVerify"":9.058799982070923}",0,,
0,PKI,269,intra-pki,false,false,564195.2691233217,591165.9795233071,591209.646823293,43.66729998588562,0,43.66729998588562,0,0,1,0,"{""pkiCertTransferHttp"":0.15969997644424438,""pkiCrossRelayHttp"":0,""pkiOpenSslVerifyLeaf"":8.87359994649887,""pkiLeafOcspHttpQuery"":11.936299979686737,""pkiOpenSslAssertionSign"":12.402800023555756,""pkiOpenSslAssertionVerify"":9.632200002670288}",0,,
0,PKI,270,intra-pki,false,false,566222.472737171,593193.1831371563,593237.3121371644,44.12900000810623,0,44.12900000810623,0,0,1,0,"{""pkiCertTransferHttp"":1.3583999872207642,""pkiCrossRelayHttp"":0,""pkiOpenSslVerifyLeaf"":9.478600025177002,""pkiLeafOcspHttpQuery"":11.9825000166893,""pkiOpenSslAssertionSign"":11.788399994373322,""pkiOpenSslAssertionVerify"":9.11329996585846}",0,,
0,PKI,271,intra-pki,false,false,567197.7141774083,594168.4245773936,594229.6067774082,61.18220001459122,0,61.18220001459122,0,0,1,0,"{""pkiCertTransferHttp"":16.774599969387054,""pkiCrossRelayHttp"":0,""pkiOpenSslVerifyLeaf"":9.831700026988983,""pkiLeafOcspHttpQuery"":12.699000000953674,""pkiOpenSslAssertionSign"":12.43699997663498,""pkiOpenSslAssertionVerify"":9.030600011348724}",0,,
0,PKI,272,intra-pki,false,false,571890.3702509989,598861.0806509842,598919.87355101,58.792900025844574,0,58.792900025844574,0,0,1,0,"{""pkiCertTransferHttp"":2.856599986553192,""pkiCrossRelayHttp"":0,""pkiOpenSslVerifyLeaf"":11.994599997997284,""pkiLeafOcspHttpQuery"":14.361000001430511,""pkiOpenSslAssertionSign"":15.022700011730194,""pkiOpenSslAssertionVerify"":14.083600044250488}",0,,
0,PKI,273,intra-pki,false,false,572730.9501781675,599701.6605781529,599779.0262781593,77.36570000648499,0,77.36570000648499,0,0,1,0,"{""pkiCertTransferHttp"":19.90479999780655,""pkiCrossRelayHttp"":0,""pkiOpenSslVerifyLeaf"":10.26529997587204,""pkiLeafOcspHttpQuery"":24.54780000448227,""pkiOpenSslAssertionSign"":12.578999996185303,""pkiOpenSslAssertionVerify"":9.636300027370453}",0,,
0,PKI,274,intra-pki,false,false,575827.8389558208,602798.5493558061,602862.2723558557,63.723000049591064,0,63.723000049591064,0,0,1,0,"{""pkiCertTransferHttp"":21.002900004386902,""pkiCrossRelayHttp"":0,""pkiOpenSslVerifyLeaf"":9.629499971866608,""pkiLeafOcspHttpQuery"":12.10099995136261,""pkiOpenSslAssertionSign"":11.640099942684174,""pkiOpenSslAssertionVerify"":8.951399981975555}",0,,
0,PKI,275,intra-pki,false,false,577903.1266744487,604873.837074434,604937.0652744524,63.228200018405914,0,63.228200018405914,0,0,1,0,"{""pkiCertTransferHttp"":19.90030002593994,""pkiCrossRelayHttp"":0,""pkiOpenSslVerifyLeaf"":9.819199979305267,""pkiLeafOcspHttpQuery"":12.218200027942657,""pkiOpenSslAssertionSign"":11.846799969673157,""pkiOpenSslAssertionVerify"":9.036899983882904}",0,,
0,PKI,276,intra-pki,false,false,580187.9644277601,607158.6748277454,607239.335327795,80.66050004959106,0,80.66050004959106,0,0,1,0,"{""pkiCertTransferHttp"":33.820100009441376,""pkiCrossRelayHttp"":0,""pkiOpenSslVerifyLeaf"":11.977299988269806,""pkiLeafOcspHttpQuery"":12.12959998846054,""pkiOpenSslAssertionSign"":12.89489996433258,""pkiOpenSslAssertionVerify"":9.380100011825562}",0,,
0,PKI,277,intra-pki,false,false,583356.513465473,610327.2238654583,610388.1837654798,60.95990002155304,0,60.95990002155304,0,0,1,0,"{""pkiCertTransferHttp"":16.21119999885559,""pkiCrossRelayHttp"":0,""pkiOpenSslVerifyLeaf"":9.987500011920929,""pkiLeafOcspHttpQuery"":12.612300038337708,""pkiOpenSslAssertionSign"":11.849799990653992,""pkiOpenSslAssertionVerify"":9.857499957084656}",0,,
0,PKI,278,intra-pki,false,false,587885.1439977579,614855.8543977432,614906.9304977946,51.076100051403046,0,51.076100051403046,0,0,1,0,"{""pkiCertTransferHttp"":4.174499988555908,""pkiCrossRelayHttp"":0,""pkiOpenSslVerifyLeaf"":9.9132000207901,""pkiLeafOcspHttpQuery"":13.905700027942657,""pkiOpenSslAssertionSign"":13.1214000582695,""pkiOpenSslAssertionVerify"":9.515999972820282}",0,,
0,PKI,279,intra-pki,false,false,588804.6972844518,615775.4076844371,615818.8263844765,43.41870003938675,0,43.41870003938675,0,0,1,0,"{""pkiCertTransferHttp"":0.5382000207901001,""pkiCrossRelayHttp"":0,""pkiOpenSslVerifyLeaf"":9.569900035858154,""pkiLeafOcspHttpQuery"":12.910399973392487,""pkiOpenSslAssertionSign"":11.520199954509735,""pkiOpenSslAssertionVerify"":8.461499989032745}",0,,
0,PKI,280,intra-pki,false,false,590899.5327123174,617870.2431123027,617918.5376123557,48.294500052928925,0,48.294500052928925,0,0,1,0,"{""pkiCertTransferHttp"":5.507700026035309,""pkiCrossRelayHttp"":0,""pkiOpenSslVerifyLeaf"":9.440299987792969,""pkiLeafOcspHttpQuery"":11.56800001859665,""pkiOpenSslAssertionSign"":12.052600026130676,""pkiOpenSslAssertionVerify"":9.3435999751091}",0,,
0,PKI,281,intra-pki,false,false,598476.1814479572,625446.8918479425,625495.2998479349,48.407999992370605,0,48.407999992370605,0,0,1,0,"{""pkiCertTransferHttp"":3.886299967765808,""pkiCrossRelayHttp"":0,""pkiOpenSslVerifyLeaf"":9.991900026798248,""pkiLeafOcspHttpQuery"":12.535300016403198,""pkiOpenSslAssertionSign"":12.272499978542328,""pkiOpenSslAssertionVerify"":9.277999997138977}",0,,
0,PKI,282,intra-pki,false,false,599552.4958471962,626523.2062471815,626579.0506472298,55.84440004825592,0,55.84440004825592,0,0,1,0,"{""pkiCertTransferHttp"":11.800800025463104,""pkiCrossRelayHttp"":0,""pkiOpenSslVerifyLeaf"":9.873400032520294,""pkiLeafOcspHttpQuery"":12.225499987602234,""pkiOpenSslAssertionSign"":12.040100038051605,""pkiOpenSslAssertionVerify"":9.480400025844574}",0,,
0,PKI,283,intra-pki,false,false,604228.6570782744,631199.3674782597,631242.4021782362,43.034699976444244,0,43.034699976444244,0,0,1,0,"{""pkiCertTransferHttp"":1.756500005722046,""pkiCrossRelayHttp"":0,""pkiOpenSslVerifyLeaf"":9.273200035095215,""pkiLeafOcspHttpQuery"":11.599799990653992,""pkiOpenSslAssertionSign"":11.161400020122528,""pkiOpenSslAssertionVerify"":8.86760002374649}",0,,
0,PKI,284,intra-pki,false,false,604690.2810409717,631660.9914409571,631707.674940949,46.68349999189377,0,46.68349999189377,0,0,1,0,"{""pkiCertTransferHttp"":5.0002999901771545,""pkiCrossRelayHttp"":0,""pkiOpenSslVerifyLeaf"":9.56300002336502,""pkiLeafOcspHttpQuery"":11.620000004768372,""pkiOpenSslAssertionSign"":11.262000024318695,""pkiOpenSslAssertionVerify"":8.82719999551773}",0,,
0,PKI,285,intra-pki,false,false,605496.5972438492,632467.3076438345,632511.0279438533,43.720300018787384,0,43.720300018787384,0,0,1,0,"{""pkiCertTransferHttp"":0.9890000224113464,""pkiCrossRelayHttp"":0,""pkiOpenSslVerifyLeaf"":8.883800029754639,""pkiLeafOcspHttpQuery"":11.712500035762787,""pkiOpenSslAssertionSign"":12.111899971961975,""pkiOpenSslAssertionVerify"":9.639400005340576}",0,,
0,PKI,286,intra-pki,false,false,607061.9497829317,634032.660182917,634076.3396829008,43.67949998378754,0,43.67949998378754,0,0,1,0,"{""pkiCertTransferHttp"":0.6182999610900879,""pkiCrossRelayHttp"":0,""pkiOpenSslVerifyLeaf"":9.292599976062775,""pkiLeafOcspHttpQuery"":12.115599989891052,""pkiOpenSslAssertionSign"":12.247200012207031,""pkiOpenSslAssertionVerify"":8.992399990558624}",0,,
0,PKI,287,intra-pki,false,false,613666.7589434666,640637.4693434519,640680.0816434306,42.61229997873306,0,42.61229997873306,0,0,1,0,"{""pkiCertTransferHttp"":1.2646999955177307,""pkiCrossRelayHttp"":0,""pkiOpenSslVerifyLeaf"":8.4792999625206,""pkiLeafOcspHttpQuery"":11.890199959278107,""pkiOpenSslAssertionSign"":11.94300001859665,""pkiOpenSslAssertionVerify"":8.607400000095367}",0,,
0,PKI,288,intra-pki,false,false,615461.7235177478,642432.4339177331,642509.6286177358,77.19470000267029,0,77.19470000267029,0,0,1,0,"{""pkiCertTransferHttp"":34.02900004386902,""pkiCrossRelayHttp"":0,""pkiOpenSslVerifyLeaf"":9.768399953842163,""pkiLeafOcspHttpQuery"":12.195900022983551,""pkiOpenSslAssertionSign"":11.886899948120117,""pkiOpenSslAssertionVerify"":8.917699992656708}",0,,
0,PKI,289,intra-pki,false,false,619198.8630241011,646169.5734240864,646232.3693240737,62.795899987220764,0,62.795899987220764,0,0,1,0,"{""pkiCertTransferHttp"":19.575700044631958,""pkiCrossRelayHttp"":0,""pkiOpenSslVerifyLeaf"":9.64469999074936,""pkiLeafOcspHttpQuery"":12.023400008678436,""pkiOpenSslAssertionSign"":11.916299998760223,""pkiOpenSslAssertionVerify"":9.245199978351593}",0,,
0,PKI,290,intra-pki,false,false,622573.4458685874,649544.1562685727,649589.2154685615,45.05919998884201,0,45.05919998884201,0,0,1,0,"{""pkiCertTransferHttp"":3.027999997138977,""pkiCrossRelayHttp"":0,""pkiOpenSslVerifyLeaf"":8.770600020885468,""pkiLeafOcspHttpQuery"":11.830599963665009,""pkiOpenSslAssertionSign"":12.128700017929077,""pkiOpenSslAssertionVerify"":8.824299991130829}",0,,
0,PKI,291,intra-pki,false,false,623028.5540964906,649999.2644964759,650065.8423964684,66.57789999246597,0,66.57789999246597,0,0,1,0,"{""pkiCertTransferHttp"":4.065999984741211,""pkiCrossRelayHttp"":0,""pkiOpenSslVerifyLeaf"":8.89079999923706,""pkiLeafOcspHttpQuery"":26.96650004386902,""pkiOpenSslAssertionSign"":13.780200004577637,""pkiOpenSslAssertionVerify"":12.479399979114532}",0,,
0,PKI,292,intra-pki,false,false,625947.0661721467,652917.776572132,652990.268172109,72.49159997701645,0,72.49159997701645,0,0,1,0,"{""pkiCertTransferHttp"":17.02410000562668,""pkiCrossRelayHttp"":0,""pkiOpenSslVerifyLeaf"":10.05129998922348,""pkiLeafOcspHttpQuery"":23.844299972057343,""pkiOpenSslAssertionSign"":12.101700007915497,""pkiOpenSslAssertionVerify"":9.019099950790405}",0,,
0,PKI,293,intra-pki,false,false,626040.2628212849,653010.9732212703,653057.0659212748,46.09270000457764,0,46.09270000457764,0,0,1,0,"{""pkiCertTransferHttp"":2.5350000262260437,""pkiCrossRelayHttp"":0,""pkiOpenSslVerifyLeaf"":9.495000004768372,""pkiLeafOcspHttpQuery"":12.004799962043762,""pkiOpenSslAssertionSign"":12.066500008106232,""pkiOpenSslAssertionVerify"":9.433700025081635}",0,,
0,PKI,294,intra-pki,false,false,627560.9861304982,654531.6965304835,654572.9539305194,41.257400035858154,0,41.257400035858154,0,0,1,0,"{""pkiCertTransferHttp"":0.17669999599456787,""pkiCrossRelayHttp"":0,""pkiOpenSslVerifyLeaf"":9.251199960708618,""pkiLeafOcspHttpQuery"":11.452700018882751,""pkiOpenSslAssertionSign"":11.36379998922348,""pkiOpenSslAssertionVerify"":8.63430005311966}",0,,
0,PKI,295,intra-pki,false,false,627967.974929107,654938.6853290923,654995.2477290757,56.56239998340607,0,56.56239998340607,0,0,1,0,"{""pkiCertTransferHttp"":12.857299983501434,""pkiCrossRelayHttp"":0,""pkiOpenSslVerifyLeaf"":10.28930002450943,""pkiLeafOcspHttpQuery"":12.08760005235672,""pkiOpenSslAssertionSign"":11.867400050163269,""pkiOpenSslAssertionVerify"":8.92689996957779}",0,,
0,PKI,296,intra-pki,false,false,629197.7362821966,656168.4466821819,656219.3265821605,50.879899978637695,0,50.879899978637695,0,0,1,0,"{""pkiCertTransferHttp"":6.802799999713898,""pkiCrossRelayHttp"":0,""pkiOpenSslVerifyLeaf"":9.526199996471405,""pkiLeafOcspHttpQuery"":12.698400020599365,""pkiOpenSslAssertionSign"":12.250100016593933,""pkiOpenSslAssertionVerify"":9.204899966716766}",0,,
0,PKI,297,intra-pki,false,false,630496.4440180452,657467.1544180305,657532.1727180274,65.01829999685287,0,65.01829999685287,0,0,1,0,"{""pkiCertTransferHttp"":13.916499972343445,""pkiCrossRelayHttp"":0,""pkiOpenSslVerifyLeaf"":10.302100002765656,""pkiLeafOcspHttpQuery"":14.657900035381317,""pkiOpenSslAssertionSign"":13.481599986553192,""pkiOpenSslAssertionVerify"":12.097499966621399}",0,,
0,PKI,298,intra-pki,false,false,632008.5102462111,658979.2206461964,659025.2293462096,46.008700013160706,0,46.008700013160706,0,0,1,0,"{""pkiCertTransferHttp"":0.2361999750137329,""pkiCrossRelayHttp"":0,""pkiOpenSslVerifyLeaf"":10.274699985980988,""pkiLeafOcspHttpQuery"":12.884400010108948,""pkiOpenSslAssertionSign"":12.846799969673157,""pkiOpenSslAssertionVerify"":9.347599983215332}",0,,
0,PKI,299,intra-pki,false,false,637620.1015491438,664590.8119491291,664660.7612491202,69.94929999113083,0,69.94929999113083,0,0,1,0,"{""pkiCertTransferHttp"":25.421900033950806,""pkiCrossRelayHttp"":0,""pkiOpenSslVerifyLeaf"":10.016600012779236,""pkiLeafOcspHttpQuery"":12.742699980735779,""pkiOpenSslAssertionSign"":12.497800052165985,""pkiOpenSslAssertionVerify"":8.843100011348724}",0,,
