dataKind,lambda,DPKI_upper_bound,DPKI_lower_bound,DPKI_experimental,epsilon,lambdaTotalMeasured,pManageMeasured,gammaOnChainMeasured,qManageMeasured,muModelOffchainAuthMeasured,lambdaBlockMeasured,lambdaBlockHeightMeasured,lambdaBlockTxConfirmMeanMs,serviceCAs,calibrationScope,runDir,meanBlockMs,configuredLambdaBlock
measured_point,2.0,0.12301174906685237,0.07868493006374118,0.10921418751299382,0.1,1.9509517081705576,0.1,0.19753086419753085,0.3,16.445946045086185,9.029306391354186,9.814358099016273,108.5354685647147,4.0,Fig6 epsilon measured parameters,C:\Users\admin\Desktop\Blockchain_based DPKI platform\DPKI-and-DID-platform-Lenovo\chain33-dpki-real-experiment\outputs\real_sweeps\lambda_experiment\scout_stable_three_lambdap_120_100_90_r200_lambda20_blockms_90_lambda_2_r200,90.0,11.11111111111111
measured_point,4.0,0.14566166939694752,0.08329922907707343,0.11932884666941598,0.1,3.9274334599917036,0.1,0.19753086419753085,0.3,16.39826387437282,7.307894340115541,9.334694058432241,134.10155571358544,4.0,Fig6 epsilon measured parameters,C:\Users\admin\Desktop\Blockchain_based DPKI platform\DPKI-and-DID-platform-Lenovo\chain33-dpki-real-experiment\outputs\real_sweeps\lambda_experiment\scout_stable_three_lambdap_120_100_90_r200_lambda20_blockms_90_lambda_4_r200,90.0,11.11111111111111
measured_point,6.0,0.15681961862801494,0.0886946939273191,0.11993746557225893,0.1,6.143235304784839,0.1,0.19753086419753085,0.3,16.466773754537027,7.684749872874209,9.213666801914453,127.52529571056365,4.0,Fig6 epsilon measured parameters,C:\Users\admin\Desktop\Blockchain_based DPKI platform\DPKI-and-DID-platform-Lenovo\chain33-dpki-real-experiment\outputs\real_sweeps\lambda_experiment\scout_stable_three_lambdap_120_100_90_r200_lambda20_blockms_90_lambda_6_r200,90.0,11.11111111111111
measured_point,8.0,0.16923431405210881,0.09895566031384523,0.11422940112763841,0.1,8.660009787434987,0.1,0.19753086419753085,0.3,16.20297875846304,8.78894331458745,10.724453293276976,111.50373428549085,4.0,Fig6 epsilon measured parameters,C:\Users\admin\Desktop\Blockchain_based DPKI platform\DPKI-and-DID-platform-Lenovo\chain33-dpki-real-experiment\outputs\real_sweeps\lambda_experiment\scout_stable_three_lambdap_120_100_90_r200_lambda20_blockms_90_lambda_8_r200,90.0,11.11111111111111
measured_point,10.0,0.1846515815795699,0.10244849275275304,0.12258337258406554,0.1,9.909081824006083,0.1,0.19753086419753085,0.3,16.38492329313541,8.080586392574862,9.340399716564212,121.27832713978631,4.0,Fig6 epsilon measured parameters,C:\Users\admin\Desktop\Blockchain_based DPKI platform\DPKI-and-DID-platform-Lenovo\chain33-dpki-real-experiment\outputs\real_sweeps\lambda_experiment\scout_stable_three_lambdap_120_100_90_r200_lambda20_blockms_90_lambda_10_r200,90.0,11.11111111111111
measured_point,12.0,0.22686895268373897,0.12063373670716311,0.15342696495279542,0.1,12.580278590658178,0.1,0.19753086419753085,0.3,15.977501514054424,7.606393823875179,10.128162258498088,128.83897714103972,4.0,Fig6 epsilon measured parameters,C:\Users\admin\Desktop\Blockchain_based DPKI platform\DPKI-and-DID-platform-Lenovo\chain33-dpki-real-experiment\outputs\real_sweeps\lambda_experiment\scout_stable_three_lambdap_120_100_90_r200_lambda20_blockms_90_lambda_12_r200,90.0,11.11111111111111
measured_point,14.0,0.2077990413173966,0.11319046661177479,0.12714153850145285,0.1,11.875357879495704,0.1,0.19753086419753085,0.3,16.2561310005196,8.023010086461147,8.82200484278256,122.14866857188089,4.0,Fig6 epsilon measured parameters,C:\Users\admin\Desktop\Blockchain_based DPKI platform\DPKI-and-DID-platform-Lenovo\chain33-dpki-real-experiment\outputs\real_sweeps\lambda_experiment\scout_stable_three_lambdap_120_100_90_r200_lambda20_blockms_90_lambda_14_r200,90.0,11.11111111111111
measured_point,16.0,0.30297209476704057,0.14699654468366263,0.1701958197203541,0.1,16.482123595355485,0.1,0.19753086419753085,0.3,16.33948051168136,6.772487742090978,9.379719410610214,144.70310428312845,4.0,Fig6 epsilon measured parameters,C:\Users\admin\Desktop\Blockchain_based DPKI platform\DPKI-and-DID-platform-Lenovo\chain33-dpki-real-experiment\outputs\real_sweeps\lambda_experiment\scout_stable_three_lambdap_120_100_90_r200_lambda20_blockms_90_lambda_16_r200,90.0,11.11111111111111
measured_point,18.0,0.3684830416016655,0.18637159917437507,0.18877287996313513,0.1,19.02847934186937,0.1,0.19753086419753085,0.3,16.187268263762615,7.433149976554062,9.094166512038662,131.84181714228222,4.0,Fig6 epsilon measured parameters,C:\Users\admin\Desktop\Blockchain_based DPKI platform\DPKI-and-DID-platform-Lenovo\chain33-dpki-real-experiment\outputs\real_sweeps\lambda_experiment\scout_stable_three_lambdap_120_100_90_r200_lambda20_blockms_90_lambda_18_r200,90.0,11.11111111111111
measured_point,20.0,0.35269017501985445,0.2055720577726513,0.12212303626474771,0.1,20.23595836682455,0.1,0.19753086419753085,0.3,16.342496280448685,10.285578795205916,9.900279880891707,95.27903285878045,4.0,Fig6 epsilon measured parameters,C:\Users\admin\Desktop\Blockchain_based DPKI platform\DPKI-and-DID-platform-Lenovo\chain33-dpki-real-experiment\outputs\real_sweeps\lambda_experiment\scout_stable_three_lambdap_120_100_90_r200_lambda20_blockms_90_lambda_20_r200,90.0,11.11111111111111
measured_point,2.0,0.13718545293505807,0.08138301040315866,0.1192470011279844,0.1,2.0688876114879124,0.1,0.19753086419753085,0.3,15.97474338873139,7.258536325122004,8.509557801697783,135.0134457009179,4.0,Fig6 epsilon measured parameters,C:\Users\admin\Desktop\Blockchain_based DPKI platform\DPKI-and-DID-platform-Lenovo\chain33-dpki-real-experiment\outputs\real_sweeps\lambda_experiment\scout_stable_three_lambdap_120_100_90_r200_lambda20_blockms_100_lambda_2_r200,100.0,10.0
measured_point,4.0,0.14641690386015513,0.08068994274023068,0.12311420656669056,0.1,4.082013600690054,0.1,0.19753086419753085,0.3,16.940219503265777,6.944497450270692,8.66447410711455,141.1189228619848,4.0,Fig6 epsilon measured parameters,C:\Users\admin\Desktop\Blockchain_based DPKI platform\DPKI-and-DID-platform-Lenovo\chain33-dpki-real-experiment\outputs\real_sweeps\lambda_experiment\scout_stable_three_lambdap_120_100_90_r200_lambda20_blockms_100_lambda_4_r200,100.0,10.0
measured_point,6.0,0.16192439281653886,0.09127936624316443,0.11977058997556703,0.1,6.233469237014538,0.1,0.19753086419753085,0.3,16.118245634428483,7.515289671112517,7.874086081593637,130.40082856246403,4.0,Fig6 epsilon measured parameters,C:\Users\admin\Desktop\Blockchain_based DPKI platform\DPKI-and-DID-platform-Lenovo\chain33-dpki-real-experiment\outputs\real_sweeps\lambda_experiment\scout_stable_three_lambdap_120_100_90_r200_lambda20_blockms_100_lambda_6_r200,100.0,10.0
measured_point,8.0,0.1852181326516751,0.10088616171284673,0.12854120045103343,0.1,8.346987266882312,0.1,0.19753086419753085,0.3,15.823773032265143,7.272011520376333,8.713674285577214,134.76326285430363,4.0,Fig6 epsilon measured parameters,C:\Users\admin\Desktop\Blockchain_based DPKI platform\DPKI-and-DID-platform-Lenovo\chain33-dpki-real-experiment\outputs\real_sweeps\lambda_experiment\scout_stable_three_lambdap_120_100_90_r200_lambda20_blockms_100_lambda_8_r200,100.0,10.0
measured_point,10.0,0.2083490802156287,0.11454766839315125,0.12798696734606033,0.1,10.849182236681504,0.1,0.19753086419753085,0.3,15.623389029772712,7.783353906732419,8.917750750412827,125.90973142726081,4.0,Fig6 epsilon measured parameters,C:\Users\admin\Desktop\Blockchain_based DPKI platform\DPKI-and-DID-platform-Lenovo\chain33-dpki-real-experiment\outputs\real_sweeps\lambda_experiment\scout_stable_three_lambdap_120_100_90_r200_lambda20_blockms_100_lambda_10_r200,100.0,10.0
measured_point,12.0,0.22931075320921812,0.1071636695004285,0.15873152733500562,0.1,11.546564988998142,0.1,0.19753086419753085,0.3,16.675107692247593,5.964517779383818,7.769439939209826,164.30498428344725,4.0,Fig6 epsilon measured parameters,C:\Users\admin\Desktop\Blockchain_based DPKI platform\DPKI-and-DID-platform-Lenovo\chain33-dpki-real-experiment\outputs\real_sweeps\lambda_experiment\scout_stable_three_lambdap_120_100_90_r200_lambda20_blockms_100_lambda_12_r200,100.0,10.0
measured_point,14.0,0.22788881882393253,0.11357750198317168,0.13722114070835337,0.1,12.523925612454054,0.1,0.19753086419753085,0.3,16.54637073097106,6.8343123485667485,7.801923302598861,143.3940900002207,4.0,Fig6 epsilon measured parameters,C:\Users\admin\Desktop\Blockchain_based DPKI platform\DPKI-and-DID-platform-Lenovo\chain33-dpki-real-experiment\outputs\real_sweeps\lambda_experiment\scout_stable_three_lambdap_120_100_90_r200_lambda20_blockms_100_lambda_14_r200,100.0,10.0
measured_point,16.0,0.3205497673636573,0.15439634603283864,0.19644850286624793,0.1,17.195072117389852,0.1,0.19753086419753085,0.3,16.367435327240866,6.731650184099227,8.15664604182124,145.58094571147646,4.0,Fig6 epsilon measured parameters,C:\Users\admin\Desktop\Blockchain_based DPKI platform\DPKI-and-DID-platform-Lenovo\chain33-dpki-real-experiment\outputs\real_sweeps\lambda_experiment\scout_stable_three_lambdap_120_100_90_r200_lambda20_blockms_100_lambda_16_r200,100.0,10.0
measured_point,18.0,0.3680091885212175,0.18806478004736235,0.14916730954769034,0.1,19.67950716497695,0.1,0.19753086419753085,0.3,16.49900002762255,7.7469247279667535,8.402136926583733,126.50180999721799,4.0,Fig6 epsilon measured parameters,C:\Users\admin\Desktop\Blockchain_based DPKI platform\DPKI-and-DID-platform-Lenovo\chain33-dpki-real-experiment\outputs\real_sweeps\lambda_experiment\scout_stable_three_lambdap_120_100_90_r200_lambda20_blockms_100_lambda_18_r200,100.0,10.0
measured_point,20.0,0.37398812759866484,0.17883737204915176,0.24828481032495564,0.1,18.60546436229348,0.1,0.19753086419753085,0.3,16.190564441011638,6.642659102536552,8.59484973218344,147.5312799998692,4.0,Fig6 epsilon measured parameters,C:\Users\admin\Desktop\Blockchain_based DPKI platform\DPKI-and-DID-platform-Lenovo\chain33-dpki-real-experiment\outputs\real_sweeps\lambda_experiment\scout_stable_three_lambdap_120_100_90_r200_lambda20_blockms_100_lambda_20_r200,100.0,10.0
measured_point,2.0,0.1613994011564724,0.08035822261455966,0.1433344725693065,0.1,2.1185875656913855,0.1,0.19753086419753085,0.3,16.187939084579355,5.005466648201223,6.252487746697656,195.7859414270946,4.0,Fig6 epsilon measured parameters,C:\Users\admin\Desktop\Blockchain_based DPKI platform\DPKI-and-DID-platform-Lenovo\chain33-dpki-real-experiment\outputs\real_sweeps\lambda_experiment\scout_stable_three_lambdap_120_100_90_r200_lambda20_blockms_120_lambda_2_r200,120.0,8.333333333333334
measured_point,4.0,0.1684682672493085,0.08771258245221303,0.1320824484904202,0.1,4.215806400170727,0.1,0.19753086419753085,0.3,15.780036772526476,5.8096283208961275,6.608543430181375,168.685489995139,4.0,Fig6 epsilon measured parameters,C:\Users\admin\Desktop\Blockchain_based DPKI platform\DPKI-and-DID-platform-Lenovo\chain33-dpki-real-experiment\outputs\real_sweeps\lambda_experiment\scout_stable_three_lambdap_120_100_90_r200_lambda20_blockms_120_lambda_4_r200,120.0,8.333333333333334
measured_point,6.0,0.17080091474288375,0.09097561440426116,0.13020892452866972,0.1,6.217051277910773,0.1,0.19753086419753085,0.3,16.155433762932738,6.638001723363751,6.6613740022722014,147.63479143892016,4.0,Fig6 epsilon measured parameters,C:\Users\admin\Desktop\Blockchain_based DPKI platform\DPKI-and-DID-platform-Lenovo\chain33-dpki-real-experiment\outputs\real_sweeps\lambda_experiment\scout_stable_three_lambdap_120_100_90_r200_lambda20_blockms_120_lambda_6_r200,120.0,8.333333333333334
measured_point,8.0,0.1936443776134696,0.0974889466191396,0.1393222899058657,0.1,8.386156117643745,0.1,0.19753086419753085,0.3,16.25739101874273,6.301917905020935,7.026147022358262,155.50821428809846,4.0,Fig6 epsilon measured parameters,C:\Users\admin\Desktop\Blockchain_based DPKI platform\DPKI-and-DID-platform-Lenovo\chain33-dpki-real-experiment\outputs\real_sweeps\lambda_experiment\scout_stable_three_lambdap_120_100_90_r200_lambda20_blockms_120_lambda_8_r200,120.0,8.333333333333334
measured_point,10.0,0.2112734023407945,0.09859032137789137,0.1580716938890427,0.1,9.126229606114945,0.1,0.19753086419753085,0.3,16.467726402896265,5.593963588156629,6.764939318810573,175.1888414280755,4.0,Fig6 epsilon measured parameters,C:\Users\admin\Desktop\Blockchain_based DPKI platform\DPKI-and-DID-platform-Lenovo\chain33-dpki-real-experiment\outputs\real_sweeps\lambda_experiment\scout_stable_three_lambdap_120_100_90_r200_lambda20_blockms_120_lambda_10_r200,120.0,8.333333333333334
measured_point,12.0,0.23484029901034512,0.1186532224394792,0.1727514339480391,0.1,12.622035045551556,0.1,0.19753086419753085,0.3,16.15882523889768,6.90657052153264,7.173242838855657,141.89386714356286,4.0,Fig6 epsilon measured parameters,C:\Users\admin\Desktop\Blockchain_based DPKI platform\DPKI-and-DID-platform-Lenovo\chain33-dpki-real-experiment\outputs\real_sweeps\lambda_experiment\scout_stable_three_lambdap_120_100_90_r200_lambda20_blockms_120_lambda_12_r200,120.0,8.333333333333334
measured_point,14.0,0.28717191863574587,0.12856481098758893,0.2201889932089345,0.1,15.305634680971492,0.1,0.19753086419753085,0.3,16.801469383483195,5.881792299668589,7.005426223019003,166.61588000229426,4.0,Fig6 epsilon measured parameters,C:\Users\admin\Desktop\Blockchain_based DPKI platform\DPKI-and-DID-platform-Lenovo\chain33-dpki-real-experiment\outputs\real_sweeps\lambda_experiment\scout_stable_three_lambdap_120_100_90_r200_lambda20_blockms_120_lambda_14_r200,120.0,8.333333333333334
measured_point,16.0,0.267042791777276,0.12327334254289336,0.244795072899941,0.1,14.56630239039129,0.1,0.19753086419753085,0.3,16.793833455832416,6.159381226146834,7.7961047925657825,159.1068914260183,4.0,Fig6 epsilon measured parameters,C:\Users\admin\Desktop\Blockchain_based DPKI platform\DPKI-and-DID-platform-Lenovo\chain33-dpki-real-experiment\outputs\real_sweeps\lambda_experiment\scout_stable_three_lambdap_120_100_90_r200_lambda20_blockms_120_lambda_16_r200,120.0,8.333333333333334
measured_point,18.0,0.36305350171629763,0.16781442848042927,0.20895629755270204,0.1,17.75891974720781,0.1,0.19753086419753085,0.3,16.11544210449808,6.171372408735563,6.844323733783889,158.79774142503737,4.0,Fig6 epsilon measured parameters,C:\Users\admin\Desktop\Blockchain_based DPKI platform\DPKI-and-DID-platform-Lenovo\chain33-dpki-real-experiment\outputs\real_sweeps\lambda_experiment\scout_stable_three_lambdap_120_100_90_r200_lambda20_blockms_120_lambda_18_r200,120.0,8.333333333333334
measured_point,20.0,0.4893540104681638,0.2395990932890742,0.2734382074985917,0.1,21.002694563193586,0.1,0.19753086419753085,0.3,16.076172367998332,6.958458499841379,6.738995616951165,140.83578999894007,4.0,Fig6 epsilon measured parameters,C:\Users\admin\Desktop\Blockchain_based DPKI platform\DPKI-and-DID-platform-Lenovo\chain33-dpki-real-experiment\outputs\real_sweeps\lambda_experiment\scout_stable_three_lambdap_120_100_90_r200_lambda20_blockms_120_lambda_20_r200,120.0,8.333333333333334
plot_curve,2.0,0.15339752049631017,0.076184635993203,0.13680436441242125,,,,,,,,,,,,,120.0,
plot_curve,2.060200668896321,0.15416973757546626,0.07677016155534036,0.13649163624869584,,,,,,,,,,,,,120.0,
plot_curve,2.120401337792642,0.1549299880620881,0.07734511195055316,0.13618819911813118,,,,,,,,,,,,,120.0,
plot_curve,2.180602006688963,0.15567841368757634,0.07790958957783527,0.13589400950444644,,,,,,,,,,,,,120.0,
plot_curve,2.240802675585284,0.15641515618333166,0.07846369683618057,0.13560902389136087,,,,,,,,,,,,,120.0,
plot_curve,2.3010033444816056,0.1571403572807546,0.07900753612458297,0.13533319876259362,,,,,,,,,,,,,120.0,
plot_curve,2.361204013377926,0.15785415871124575,0.0795412098420363,0.13506649060186388,,,,,,,,,,,,,120.0,
plot_curve,2.4214046822742477,0.15855670220620582,0.0800648203875345,0.13480885589289088,,,,,,,,,,,,,120.0,
plot_curve,2.4816053511705687,0.15924812949703537,0.08057847016007141,0.13456025111939382,,,,,,,,,,,,,120.0,
plot_curve,2.5418060200668897,0.15992858231513504,0.08108226155864091,0.13432063276509187,,,,,,,,,,,,,120.0,
plot_curve,2.6020066889632107,0.16059820239190542,0.0815762969822369,0.13408995731370427,,,,,,,,,,,,,120.0,
plot_curve,2.6622073578595318,0.16125713145874715,0.08206067882985324,0.13386818124895014,,,,,,,,,,,,,120.0,
plot_curve,2.722408026755853,0.16190551124706087,0.08253550950048383,0.13365526105454875,,,,,,,,,,,,,120.0,
plot_curve,2.782608695652174,0.16254348348824713,0.08300089139312253,0.13345115321421924,,,,,,,,,,,,,120.0,
plot_curve,2.842809364548495,0.1631711899137066,0.08345692690676323,0.13325581421168087,,,,,,,,,,,,,120.0,
plot_curve,2.903010033444816,0.1637887722548399,0.08390371844039982,0.13306920053065277,,,,,,,,,,,,,120.0,
plot_curve,2.9632107023411374,0.1643963722430476,0.08434136839302617,0.13289126865485418,,,,,,,,,,,,,120.0,
plot_curve,3.023411371237458,0.16499413160973037,0.08476997916363616,0.1327219750680043,,,,,,,,,,,,,120.0,
plot_curve,3.0836120401337794,0.1655821920862888,0.08518965315122366,0.1325612762538223,,,,,,,,,,,,,120.0,
plot_curve,3.1438127090301005,0.1661606954041235,0.08560049275478257,0.1324091286960274,,,,,,,,,,,,,120.0,
plot_curve,3.2040133779264215,0.16672978329463514,0.08600260037330676,0.13226548887833875,,,,,,,,,,,,,120.0,
plot_curve,3.2642140468227425,0.16728959748922426,0.08639607840579011,0.1321303132844756,,,,,,,,,,,,,120.0,
plot_curve,3.3244147157190636,0.16784027971929152,0.0867810292512265,0.13200355839815714,,,,,,,,,,,,,120.0,
plot_curve,3.3846153846153846,0.16838197171623753,0.08715755530860982,0.13188518070310257,,,,,,,,,,,,,120.0,
plot_curve,3.4448160535117056,0.16891481521146293,0.08752575897693393,0.13177513668303104,,,,,,,,,,,,,120.0,
plot_curve,3.505016722408027,0.16943895193636832,0.08788574265519272,0.13167338282166177,,,,,,,,,,,,,120.0,
plot_curve,3.5652173913043477,0.1699545236223543,0.08823760874238007,0.131579875602714,,,,,,,,,,,,,120.0,
plot_curve,3.625418060200669,0.1704616720008215,0.08858145963748987,0.13149457150990687,,,,,,,,,,,,,120.0,
plot_curve,3.6856187290969897,0.17096053880317053,0.08891739773951599,0.1314174270269596,,,,,,,,,,,,,120.0,
plot_curve,3.745819397993311,0.17145126576080202,0.08924552544745232,0.1313483986375914,,,,,,,,,,,,,120.0,
plot_curve,3.8060200668896322,0.1719339946051166,0.08956594516029272,0.13128744282552143,,,,,,,,,,,,,120.0,
plot_curve,3.8662207357859533,0.17240886706751485,0.0898787592770311,0.13123451607446893,,,,,,,,,,,,,120.0,
plot_curve,3.9264214046822743,0.17287602487939743,0.09018407019666129,0.13118957486815305,,,,,,,,,,,,,120.0,
plot_curve,3.9866220735785953,0.17333560977216492,0.09048198031817722,0.13115257569029304,,,,,,,,,,,,,120.0,
plot_curve,4.046822742474916,0.17378776347721794,0.09077259204057275,0.13112347502460805,,,,,,,,,,,,,120.0,
plot_curve,4.107023411371237,0.17423262772595716,0.09105600776284176,0.1311022293548173,,,,,,,,,,,,,120.0,
plot_curve,4.167224080267559,0.17467034424978312,0.09133232988397814,0.13108879516463998,,,,,,,,,,,,,120.0,
plot_curve,4.2274247491638794,0.1751010547800965,0.09160166080297577,0.1310831289377953,,,,,,,,,,,,,120.0,
plot_curve,4.287625418060201,0.17552490104829788,0.09186410291882852,0.13108518715800244,,,,,,,,,,,,,120.0,
plot_curve,4.3478260869565215,0.17594202478578788,0.09211975863053026,0.1310949263089806,,,,,,,,,,,,,120.0,
plot_curve,4.408026755852843,0.17635256772396712,0.09236873033707488,0.13111230287444897,,,,,,,,,,,,,120.0,
plot_curve,4.4682274247491645,0.17675667159423625,0.09261112043745628,0.13113727333812675,,,,,,,,,,,,,120.0,
plot_curve,4.528428093645485,0.17715447812799584,0.09284703133066832,0.13116979418373317,,,,,,,,,,,,,120.0,
plot_curve,4.588628762541806,0.17754612905664655,0.09307656541570486,0.13120982189498737,,,,,,,,,,,,,120.0,
plot_curve,4.648829431438127,0.17793176611158895,0.09329982509155985,0.1312573129556086,,,,,,,,,,,,,120.0,
plot_curve,4.709030100334449,0.1783115310242237,0.0935169127572271,0.131312223849316,,,,,,,,,,,,,120.0,
plot_curve,4.769230769230769,0.1786855655259514,0.0937279308117005,0.13137451105982884,,,,,,,,,,,,,120.0,
plot_curve,4.82943143812709,0.17905401134817267,0.09393298165397396,0.13144413107086625,,,,,,,,,,,,,120.0,
plot_curve,4.889632107023411,0.17941701022228812,0.09413216768304133,0.13152104036614745,,,,,,,,,,,,,120.0,
plot_curve,4.949832775919733,0.17977470387969835,0.09432559129789653,0.13160519542939164,,,,,,,,,,,,,120.0,
plot_curve,5.010033444816054,0.18012723405180403,0.09451335489753337,0.13169655274431805,,,,,,,,,,,,,120.0,
plot_curve,5.070234113712375,0.18047474247000575,0.09469556088094581,0.1317950687946458,,,,,,,,,,,,,120.0,
plot_curve,5.130434782608695,0.1808173708657041,0.0948723116471277,0.13190070006409416,,,,,,,,,,,,,120.0,
plot_curve,5.190635451505017,0.18115526097029971,0.09504370959507291,0.13201340303638226,,,,,,,,,,,,,120.0,
plot_curve,5.250836120401338,0.18148855451519325,0.0952098571237753,0.13213313419522935,,,,,,,,,,,,,120.0,
plot_curve,5.311036789297659,0.18181739323178528,0.0953708566322288,0.1322598500243546,,,,,,,,,,,,,120.0,
plot_curve,5.3712374581939795,0.18214191885147643,0.09552681051942727,0.13239350700747723,,,,,,,,,,,,,120.0,
plot_curve,5.431438127090301,0.18246227310566732,0.09567782118436456,0.13253406162831644,,,,,,,,,,,,,120.0,
plot_curve,5.491638795986622,0.18277859772575858,0.09582399102603459,0.13268147037059136,,,,,,,,,,,,,120.0,
plot_curve,5.551839464882944,0.18309103444315078,0.09596542244343123,0.13283568971802126,,,,,,,,,,,,,120.0,
plot_curve,5.6120401337792645,0.18339972498924462,0.09610221783554836,0.1329966761543253,,,,,,,,,,,,,120.0,
plot_curve,5.672240802675585,0.18370481109544062,0.09623447960137983,0.13316438616322274,,,,,,,,,,,,,120.0,
plot_curve,5.7324414715719065,0.1840064344931395,0.09636231013991957,0.13333877622843268,,,,,,,,,,,,,120.0,
plot_curve,5.792642140468228,0.18430473691374177,0.09648581185016142,0.13351980283367437,,,,,,,,,,,,,120.0,
plot_curve,5.852842809364549,0.18459986008864815,0.09660508713109928,0.13370742246266698,,,,,,,,,,,,,120.0,
plot_curve,5.913043478260869,0.18489194574925918,0.09672023838172704,0.13390159159912976,,,,,,,,,,,,,120.0,
plot_curve,5.973244147157191,0.18518113562697552,0.09683136800103856,0.13410226672678185,,,,,,,,,,,,,120.0,
plot_curve,6.033444816053512,0.18546757145319775,0.09693857838802772,0.1343094043293425,,,,,,,,,,,,,120.0,
plot_curve,6.093645484949833,0.18575139495932652,0.09704197194168841,0.13452296089053084,,,,,,,,,,,,,120.0,
plot_curve,6.153846153846154,0.1860327478767625,0.09714165106101451,0.13474289289406613,,,,,,,,,,,,,120.0,
plot_curve,6.214046822742475,0.18631177193690618,0.09723771814499989,0.1349691568236675,,,,,,,,,,,,,120.0,
plot_curve,6.274247491638796,0.18658860887115825,0.09733027559263845,0.13520170916305424,,,,,,,,,,,,,120.0,
plot_curve,6.334448160535117,0.1868634004109193,0.09741942580292404,0.13544050639594546,,,,,,,,,,,,,120.0,
plot_curve,6.394648829431438,0.18713628828759,0.09750527117485057,0.1356855050060604,,,,,,,,,,,,,120.0,
plot_curve,6.454849498327759,0.18740741423257093,0.09758791410741191,0.13593666147711822,,,,,,,,,,,,,120.0,
plot_curve,6.51505016722408,0.1876769199772627,0.09766745699960191,0.13619393229283816,,,,,,,,,,,,,120.0,
plot_curve,6.575250836120402,0.18794494725306599,0.0977440022504145,0.1364572739369394,,,,,,,,,,,,,120.0,
plot_curve,6.635451505016722,0.18821163779138128,0.09781765225884355,0.13672664289314113,,,,,,,,,,,,,120.0,
plot_curve,6.695652173913044,0.18847713332360932,0.09788850942388291,0.13700199564516258,,,,,,,,,,,,,120.0,
plot_curve,6.7558528428093645,0.18874157558115068,0.0979566761445265,0.13728328867672288,,,,,,,,,,,,,120.0,
plot_curve,6.816053511705686,0.189005106295406,0.09802225481976815,0.1375704784715413,,,,,,,,,,,,,120.0,
plot_curve,6.8762541806020065,0.18926786719777583,0.09808534784860176,0.13786352151333697,,,,,,,,,,,,,120.0,
plot_curve,6.936454849498328,0.18953000001966086,0.09814605763002127,0.13816237428582914,,,,,,,,,,,,,120.0,
plot_curve,6.996655518394649,0.1897916464924617,0.09820448656302046,0.13846699327273698,,,,,,,,,,,,,120.0,
plot_curve,7.05685618729097,0.1900529483475789,0.09826073704659327,0.1387773349577797,,,,,,,,,,,,,120.0,
plot_curve,7.117056856187291,0.19031404731641316,0.09831491147973356,0.13909335582467647,,,,,,,,,,,,,120.0,
plot_curve,7.177257525083612,0.19057508513036506,0.09836711226143524,0.13941501235714654,,,,,,,,,,,,,120.0,
plot_curve,7.237458193979934,0.19083620352083522,0.09841744179069216,0.13974226103890905,,,,,,,,,,,,,120.0,
plot_curve,7.297658862876254,0.19109754421922426,0.09846600246649823,0.1400750583536832,,,,,,,,,,,,,120.0,
plot_curve,7.357859531772576,0.1913592489569328,0.09851289668784727,0.14041336078518823,,,,,,,,,,,,,120.0,
plot_curve,7.418060200668896,0.1916214594653614,0.09855822685373322,0.1407571248171433,,,,,,,,,,,,,120.0,
plot_curve,7.478260869565218,0.19188431747591078,0.09860209536314994,0.14110630693326767,,,,,,,,,,,,,120.0,
plot_curve,7.538461538461538,0.19214796471998147,0.0986446046150913,0.1414608636172804,,,,,,,,,,,,,120.0,
plot_curve,7.59866220735786,0.19241254292897417,0.0986858570085512,0.14182075135290084,,,,,,,,,,,,,120.0,
plot_curve,7.65886287625418,0.1926781938342894,0.09872595494252351,0.1421859266238481,,,,,,,,,,,,,120.0,
plot_curve,7.719063545150502,0.19294505916732785,0.09876500081600209,0.1425563459138414,,,,,,,,,,,,,120.0,
plot_curve,7.7792642140468224,0.19321328065949012,0.09880309702798087,0.1429319657065999,,,,,,,,,,,,,120.0,
plot_curve,7.839464882943144,0.19348300004217683,0.0988403459774537,0.1433127424858429,,,,,,,,,,,,,120.0,
plot_curve,7.899665551839465,0.1937543590467886,0.09887685006341443,0.14369863273528946,,,,,,,,,,,,,120.0,
plot_curve,7.959866220735786,0.19402749940472602,0.098912711684857,0.14408959293865886,,,,,,,,,,,,,120.0,
plot_curve,8.020066889632108,0.19430256284738973,0.09894803324077525,0.1444855795796703,,,,,,,,,,,,,120.0,
plot_curve,8.080267558528428,0.1945796911061803,0.09898291713016306,0.14488654914204294,,,,,,,,,,,,,120.0,
plot_curve,8.14046822742475,0.19485902591249843,0.09901746575201434,0.145292458109496,,,,,,,,,,,,,120.0,
plot_curve,8.20066889632107,0.19514070899774472,0.09905178150532293,0.14570326296574865,,,,,,,,,,,,,120.0,
plot_curve,8.26086956521739,0.1954248820933197,0.09908596678908274,0.1461189201945201,,,,,,,,,,,,,120.0,
plot_curve,8.321070234113712,0.1957116869306241,0.09912012400228766,0.1465393862795296,,,,,,,,,,,,,120.0,
plot_curve,8.381270903010034,0.19600126524105846,0.09915435554393152,0.1469646177044963,,,,,,,,,,,,,120.0,
plot_curve,8.441471571906355,0.19629375875602345,0.09918876381300827,0.14739457095313935,,,,,,,,,,,,,120.0,
plot_curve,8.501672240802677,0.19658930920691967,0.09922345120851171,0.14782920250917803,,,,,,,,,,,,,120.0,
plot_curve,8.561872909698998,0.19688805832514772,0.09925852012943578,0.14826846885633146,,,,,,,,,,,,,120.0,
plot_curve,8.622073578595318,0.1971901478421082,0.09929407297477436,0.14871232647831892,,,,,,,,,,,,,120.0,
plot_curve,8.68227424749164,0.19749571948920175,0.09933021214352128,0.14916073185885953,,,,,,,,,,,,,120.0,
plot_curve,8.742474916387959,0.19780491499782904,0.09936704003467045,0.14961364148167253,,,,,,,,,,,,,120.0,
plot_curve,8.80267558528428,0.1981178760993906,0.09940465904721578,0.1500710118304771,,,,,,,,,,,,,120.0,
plot_curve,8.862876254180602,0.19843474452528712,0.09944317158015112,0.15053279938899244,,,,,,,,,,,,,120.0,
plot_curve,8.923076923076923,0.1987556620069192,0.09948268003247034,0.15099896064093776,,,,,,,,,,,,,120.0,
plot_curve,8.983277591973245,0.19908077027568738,0.09952328680316733,0.1514694520700323,,,,,,,,,,,,,120.0,
plot_curve,9.043478260869566,0.19941021106299237,0.09956509429123597,0.15194423015999511,,,,,,,,,,,,,120.0,
plot_curve,9.103678929765888,0.19974412610023476,0.09960820489567018,0.15242325139454554,,,,,,,,,,,,,120.0,
plot_curve,9.163879598662207,0.20008265711881515,0.09965272101546377,0.1529064722574027,,,,,,,,,,,,,120.0,
plot_curve,9.224080267558529,0.20042594585013418,0.09969874504961063,0.15339384923228583,,,,,,,,,,,,,120.0,
plot_curve,9.284280936454849,0.20077413402559247,0.0997463793971047,0.15388533880291408,,,,,,,,,,,,,120.0,
plot_curve,9.34448160535117,0.2011273633765906,0.09979572645693982,0.1543808974530067,,,,,,,,,,,,,120.0,
plot_curve,9.404682274247492,0.2014857756345292,0.09984688862810984,0.15488048166628285,,,,,,,,,,,,,120.0,
plot_curve,9.464882943143813,0.20184951253080896,0.09989996830960873,0.15538404792646177,,,,,,,,,,,,,120.0,
plot_curve,9.525083612040135,0.20221871579683037,0.09995506790043027,0.1558915527172626,,,,,,,,,,,,,120.0,
plot_curve,9.585284280936456,0.20259352716399415,0.1000122897995684,0.15640295252240458,,,,,,,,,,,,,120.0,
plot_curve,9.645484949832776,0.2029740883637009,0.10007173640601699,0.15691820382560687,,,,,,,,,,,,,120.0,
plot_curve,9.705685618729097,0.2033605411273512,0.10013351011876989,0.1574372631105887,,,,,,,,,,,,,120.0,
plot_curve,9.765886287625419,0.20375302718634566,0.10019771333682104,0.15796008686106924,,,,,,,,,,,,,120.0,
plot_curve,9.826086956521738,0.20415168827208496,0.10026444845916427,0.15848663156076773,,,,,,,,,,,,,120.0,
plot_curve,9.88628762541806,0.20455666611596968,0.10033381788479345,0.1590168536934033,,,,,,,,,,,,,120.0,
plot_curve,9.946488294314381,0.2049681024494004,0.10040592401270251,0.1595507097426952,,,,,,,,,,,,,120.0,
plot_curve,10.006688963210703,0.2053861390037778,0.1004808692418853,0.1600881561923626,,,,,,,,,,,,,120.0,
plot_curve,10.066889632107024,0.20581091751050248,0.1005587559713357,0.16062914952612473,,,,,,,,,,,,,120.0,
plot_curve,10.127090301003344,0.20624257970097504,0.10063968660004759,0.16117364622770075,,,,,,,,,,,,,120.0,
plot_curve,10.187290969899665,0.2066812673065961,0.10072376352701487,0.16172160278080988,,,,,,,,,,,,,120.0,
plot_curve,10.247491638795987,0.20712712205876632,0.10081108915123138,0.1622729756691713,,,,,,,,,,,,,120.0,
plot_curve,10.307692307692308,0.20758028568888626,0.10090176587169107,0.1628277213765042,,,,,,,,,,,,,120.0,
plot_curve,10.36789297658863,0.20804089992835656,0.10099589608738774,0.1633857963865278,,,,,,,,,,,,,120.0,
plot_curve,10.42809364548495,0.20850910650857785,0.1010935821973153,0.1639471571829613,,,,,,,,,,,,,120.0,
plot_curve,10.488294314381271,0.2089850471609507,0.10119492660046767,0.16451176024952385,,,,,,,,,,,,,120.0,
plot_curve,10.548494983277592,0.2094688636168758,0.10130003169583868,0.1650795620699347,,,,,,,,,,,,,120.0,
plot_curve,10.608695652173914,0.2099606976077537,0.10140899988242219,0.16565051912791304,,,,,,,,,,,,,120.0,
plot_curve,10.668896321070234,0.21046069086498503,0.10152193355921219,0.16622458790717803,,,,,,,,,,,,,120.0,
plot_curve,10.729096989966555,0.21096898511997048,0.10163893512520242,0.16680172489144893,,,,,,,,,,,,,120.0,
plot_curve,10.789297658862877,0.2114857221041106,0.10176010697938684,0.16738188656444486,,,,,,,,,,,,,120.0,
plot_curve,10.849498327759198,0.21201104354880596,0.10188555152075934,0.16796502940988506,,,,,,,,,,,,,120.0,
plot_curve,10.909698996655518,0.21254509118545728,0.10201537114831376,0.16855110991148872,,,,,,,,,,,,,120.0,
plot_curve,10.96989966555184,0.21308800674546513,0.10214966826104399,0.16914008455297505,,,,,,,,,,,,,120.0,
plot_curve,11.03010033444816,0.21363993196023012,0.10228854525794392,0.16973190981806321,,,,,,,,,,,,,120.0,
plot_curve,11.090301003344482,0.21420100856115287,0.10243210453800744,0.17032654219047247,,,,,,,,,,,,,120.0,
plot_curve,11.150501672240804,0.21477137827963405,0.10258044850022842,0.17092393815392193,,,,,,,,,,,,,120.0,
plot_curve,11.210702341137123,0.21535118284707416,0.10273367954360073,0.17152405419213082,,,,,,,,,,,,,120.0,
plot_curve,11.270903010033445,0.21594056399487394,0.10289190006711826,0.17212684678881837,,,,,,,,,,,,,120.0,
plot_curve,11.331103678929766,0.21653966345443393,0.10305521246977489,0.17273227242770378,,,,,,,,,,,,,120.0,
plot_curve,11.391304347826088,0.2171486229571548,0.10322371915056446,0.17334028759250622,,,,,,,,,,,,,120.0,
plot_curve,11.451505016722408,0.21776758423443712,0.10339752250848094,0.17395084876694483,,,,,,,,,,,,,120.0,
plot_curve,11.511705685618729,0.21839668901768156,0.10357672494251813,0.17456391243473895,,,,,,,,,,,,,120.0,
plot_curve,11.57190635451505,0.21903607903828864,0.10376142885166992,0.17517943507960765,,,,,,,,,,,,,120.0,
plot_curve,11.632107023411372,0.21968589602765914,0.10395173663493026,0.1757973731852702,,,,,,,,,,,,,120.0,
plot_curve,11.692307692307693,0.2203462817171935,0.10414775069129292,0.17641768323544574,,,,,,,,,,,,,120.0,
plot_curve,11.752508361204013,0.22101737783829242,0.10434957341975187,0.17704032171385348,,,,,,,,,,,,,120.0,
plot_curve,11.812709030100335,0.22169932612235654,0.10455730721930098,0.17766524510421264,,,,,,,,,,,,,120.0,
plot_curve,11.872909698996656,0.22239226830078646,0.10477105448893406,0.17829240989024242,,,,,,,,,,,,,120.0,
plot_curve,11.933110367892978,0.2230963461049828,0.10499091762764506,0.17892177255566202,,,,,,,,,,,,,120.0,
plot_curve,11.993311036789297,0.22381170126634609,0.10521699903442785,0.1795532895841906,,,,,,,,,,,,,120.0,
plot_curve,12.053511705685619,0.2245384755162771,0.1054494011082763,0.18018691745954735,,,,,,,,,,,,,120.0,
plot_curve,12.11371237458194,0.22527681058617638,0.10568822624818426,0.18082261266545158,,,,,,,,,,,,,120.0,
plot_curve,12.173913043478262,0.2260268482074445,0.10593357685314567,0.1814603316856223,,,,,,,,,,,,,120.0,
plot_curve,12.234113712374581,0.2267887301114821,0.10618555532215435,0.18210003100377883,,,,,,,,,,,,,120.0,
plot_curve,12.294314381270903,0.22756259802968987,0.10644426405420424,0.1827416671036404,,,,,,,,,,,,,120.0,
plot_curve,12.354515050167224,0.22834859369346833,0.10670980544828917,0.1833851964689261,,,,,,,,,,,,,120.0,
plot_curve,12.414715719063546,0.22914685883421812,0.10698228190340306,0.18403057558335517,,,,,,,,,,,,,120.0,
plot_curve,12.474916387959867,0.2299575351833399,0.10726179581853974,0.18467776093064686,,,,,,,,,,,,,120.0,
plot_curve,12.535117056856187,0.23078076447223425,0.10754844959269316,0.1853267089945203,,,,,,,,,,,,,120.0,
plot_curve,12.595317725752508,0.23161668843230185,0.10784234562485713,0.1859773762586947,,,,,,,,,,,,,120.0,
plot_curve,12.65551839464883,0.23246544879494319,0.10814358631402553,0.18662971920688926,,,,,,,,,,,,,120.0,
plot_curve,12.715719063545151,0.23332718729155905,0.1084522740591923,0.18728369432282324,,,,,,,,,,,,,120.0,
plot_curve,12.775919732441471,0.23420204565354988,0.10876851125935133,0.18793925809021567,,,,,,,,,,,,,120.0,
plot_curve,12.836120401337793,0.23509016561231644,0.10909240031349639,0.18859636699278592,,,,,,,,,,,,,120.0,
plot_curve,12.896321070234114,0.23599168889925923,0.10942404362062148,0.1892549775142531,,,,,,,,,,,,,120.0,
plot_curve,12.956521739130435,0.23690675724577898,0.10976354357972043,0.18991504613833646,,,,,,,,,,,,,120.0,
plot_curve,13.016722408026757,0.23783551238327622,0.1101110025897871,0.19057652934875513,,,,,,,,,,,,,120.0,
plot_curve,13.076923076923077,0.2387780960431516,0.11046652304981538,0.19123938362922838,,,,,,,,,,,,,120.0,
plot_curve,13.137123745819398,0.2397346499568057,0.11083020735879921,0.1919035654634753,,,,,,,,,,,,,120.0,
plot_curve,13.19732441471572,0.24070531585563923,0.11120215791573239,0.19256903133521522,,,,,,,,,,,,,120.0,
plot_curve,13.257525083612041,0.24169023547105278,0.11158247711960884,0.19323573772816724,,,,,,,,,,,,,120.0,
plot_curve,13.31772575250836,0.24268955053444685,0.11197126736942242,0.1939036411260506,,,,,,,,,,,,,120.0,
plot_curve,13.377926421404682,0.24370340277722216,0.11236863106416703,0.19457269801258448,,,,,,,,,,,,,120.0,
plot_curve,13.438127090301004,0.24473193393077936,0.11277467060283654,0.19524286487148806,,,,,,,,,,,,,120.0,
plot_curve,13.498327759197325,0.245775285726519,0.11318948838442483,0.1959140981864806,,,,,,,,,,,,,120.0,
plot_curve,13.558528428093645,0.24683359989584167,0.11361318680792576,0.1965863544412812,,,,,,,,,,,,,120.0,
plot_curve,13.618729096989966,0.2479070181701481,0.11404586827233328,0.19725959011960914,,,,,,,,,,,,,120.0,
plot_curve,13.678929765886288,0.24899568228083882,0.11448763517664118,0.19793376170518362,,,,,,,,,,,,,120.0,
plot_curve,13.73913043478261,0.2500997339593145,0.11493858991984336,0.19860882568172378,,,,,,,,,,,,,120.0,
plot_curve,13.79933110367893,0.25121931493697564,0.11539883490093378,0.1992847385329488,,,,,,,,,,,,,120.0,
plot_curve,13.85953177257525,0.25235456694522296,0.11586847251890621,0.19996145674257798,,,,,,,,,,,,,120.0,
plot_curve,13.919732441471572,0.25350563171545715,0.11634760517275464,0.20063893679433042,,,,,,,,,,,,,120.0,
plot_curve,13.979933110367893,0.25467265097907865,0.11683633526147287,0.20131713517192537,,,,,,,,,,,,,120.0,
plot_curve,14.040133779264215,0.2558557664674882,0.11733476518405479,0.201996008359082,,,,,,,,,,,,,120.0,
plot_curve,14.100334448160535,0.2570551199120864,0.11784299733949431,0.20267551283951946,,,,,,,,,,,,,120.0,
plot_curve,14.160535117056856,0.2582708530442738,0.1183611341267853,0.20335560509695708,,,,,,,,,,,,,120.0,
plot_curve,14.220735785953178,0.2595031075954511,0.11888927794492163,0.20403624161511394,,,,,,,,,,,,,120.0,
plot_curve,14.280936454849499,0.2607520252970189,0.11942753119289717,0.2047173788777093,,,,,,,,,,,,,120.0,
plot_curve,14.34113712374582,0.2620177478803778,0.11997599626970581,0.2053989733684623,,,,,,,,,,,,,120.0,
plot_curve,14.40133779264214,0.26330041707692836,0.12053477557434142,0.2060809815710922,,,,,,,,,,,,,120.0,
plot_curve,14.461538461538462,0.2646001746180713,0.12110397150579794,0.20676335996931816,,,,,,,,,,,,,120.0,
plot_curve,14.521739130434783,0.26591716223520717,0.1216836864630692,0.20744606504685936,,,,,,,,,,,,,120.0,
plot_curve,14.581939799331105,0.26725152165973665,0.12227402284514906,0.20812905328743503,,,,,,,,,,,,,120.0,
plot_curve,14.642140468227424,0.26860339462306027,0.12287508305103141,0.20881228117476433,,,,,,,,,,,,,120.0,
plot_curve,14.702341137123746,0.2699729228565787,0.12348696947971016,0.2094957051925665,,,,,,,,,,,,,120.0,
plot_curve,14.762541806020067,0.27136024809169257,0.12410978453017918,0.2101792818245607,,,,,,,,,,,,,120.0,
plot_curve,14.822742474916389,0.27276551205980254,0.12474363060143231,0.21086296755446618,,,,,,,,,,,,,120.0,
plot_curve,14.88294314381271,0.27418885649230906,0.1253886100924635,0.21154671886600207,,,,,,,,,,,,,120.0,
plot_curve,14.94314381270903,0.2756304231206129,0.12604482540226658,0.21223049224288762,,,,,,,,,,,,,120.0,
plot_curve,15.003344481605351,0.2770903536761147,0.12671237892983545,0.21291424416884203,,,,,,,,,,,,,120.0,
plot_curve,15.063545150501673,0.27856878989021494,0.12739137307416398,0.21359793112758446,,,,,,,,,,,,,120.0,
plot_curve,15.123745819397994,0.28006587349431433,0.1280819102342461,0.2142815096028341,,,,,,,,,,,,,120.0,
plot_curve,15.183946488294314,0.28158174621981336,0.12878409280907557,0.21496493607831013,,,,,,,,,,,,,120.0,
plot_curve,15.244147157190636,0.28311654979811285,0.1294980231976464,0.2156481670377318,,,,,,,,,,,,,120.0,
plot_curve,15.304347826086957,0.28467042596061337,0.1302238037989524,0.2163311589648183,,,,,,,,,,,,,120.0,
plot_curve,15.364548494983278,0.2862435164387154,0.13096153701198748,0.21701386834328884,,,,,,,,,,,,,120.0,
plot_curve,15.424749163879598,0.28783596296381964,0.13171132523574547,0.21769625165686257,,,,,,,,,,,,,120.0,
plot_curve,15.48494983277592,0.2894479072673267,0.1324732708692203,0.2183782653892587,,,,,,,,,,,,,120.0,
plot_curve,15.545150501672241,0.29107949108063735,0.13324747631140588,0.21905986602419641,,,,,,,,,,,,,120.0,
plot_curve,15.605351170568563,0.29273085613515193,0.13403404396129603,0.21974101004539498,,,,,,,,,,,,,120.0,
plot_curve,15.665551839464884,0.2944021441622712,0.13483307621788462,0.22042165393657354,,,,,,,,,,,,,120.0,
plot_curve,15.725752508361204,0.2960934968933958,0.1356446754801655,0.22110175418145123,,,,,,,,,,,,,120.0,
plot_curve,15.785953177257525,0.29780505605992624,0.1364689441471327,0.22178126726374736,,,,,,,,,,,,,120.0,
plot_curve,15.846153846153847,0.2995369633932633,0.13730598461777993,0.22246014966718108,,,,,,,,,,,,,120.0,
plot_curve,15.906354515050168,0.30128936062480755,0.13815589929110123,0.22313835787547162,,,,,,,,,,,,,120.0,
plot_curve,15.966555183946488,0.3030623894859594,0.13901879056609034,0.22381584837233806,,,,,,,,,,,,,120.0,
plot_curve,16.02675585284281,0.30485619170811984,0.13989476084174124,0.22449257764149974,,,,,,,,,,,,,120.0,
plot_curve,16.086956521739133,0.30667090902268923,0.14078391251704775,0.22516850216667578,,,,,,,,,,,,,120.0,
plot_curve,16.147157190635454,0.3085066831610682,0.14168634799100377,0.22584357843158542,,,,,,,,,,,,,120.0,
plot_curve,16.207357859531776,0.3103636558546574,0.1426021696626032,0.22651776291994777,,,,,,,,,,,,,120.0,
plot_curve,16.267558528428093,0.31224196883485733,0.14353147993083976,0.2271910121154821,,,,,,,,,,,,,120.0,
plot_curve,16.327759197324415,0.3141417638330689,0.14447438119470757,0.2278632825019076,,,,,,,,,,,,,120.0,
plot_curve,16.387959866220736,0.31606318258069255,0.14543097585320047,0.22853453056294346,,,,,,,,,,,,,120.0,
plot_curve,16.448160535117058,0.31800636680912886,0.14640136630531222,0.22920471278230886,,,,,,,,,,,,,120.0,
plot_curve,16.508361204013376,0.31997145824977846,0.14738565495003667,0.22987378564372302,,,,,,,,,,,,,120.0,
plot_curve,16.568561872909697,0.3219585986340421,0.14838394418636788,0.2305417056309051,,,,,,,,,,,,,120.0,
plot_curve,16.62876254180602,0.3239679296933202,0.14939633641329964,0.2312084292275744,,,,,,,,,,,,,120.0,
plot_curve,16.68896321070234,0.3259995931590136,0.15042293402982582,0.23187391291745,,,,,,,,,,,,,120.0,
plot_curve,16.74916387959866,0.3280537307625227,0.15146383943494035,0.23253811318425113,,,,,,,,,,,,,120.0,
plot_curve,16.809364548494983,0.33013048423524827,0.15251915502763702,0.23320098651169702,,,,,,,,,,,,,120.0,
plot_curve,16.869565217391305,0.3322299953085909,0.15358898320690978,0.2338624893835068,,,,,,,,,,,,,120.0,
plot_curve,16.929765886287626,0.3343524057139511,0.15467342637175244,0.23452257828339979,,,,,,,,,,,,,120.0,
plot_curve,16.989966555183948,0.33649785718272957,0.15577258692115897,0.23518120969509504,,,,,,,,,,,,,120.0,
plot_curve,17.05016722408027,0.33866649144632693,0.15688656725412323,0.2358383401023118,,,,,,,,,,,,,120.0,
plot_curve,17.11036789297659,0.3408584502361438,0.15801546976963907,0.2364939259887693,,,,,,,,,,,,,120.0,
plot_curve,17.170568561872912,0.3430738752835808,0.15915939686670036,0.23714792383818672,,,,,,,,,,,,,120.0,
plot_curve,17.230769230769234,0.3453129083200385,0.16031845094430103,0.23780029013428328,,,,,,,,,,,,,120.0,
plot_curve,17.29096989966555,0.34757569107691744,0.1614927344014348,0.23845098136077802,,,,,,,,,,,,,120.0,
plot_curve,17.351170568561873,0.34986236528561854,0.1626823496370958,0.23909995400139045,,,,,,,,,,,,,120.0,
plot_curve,17.411371237458194,0.35217307267754205,0.16388739905027777,0.23974716453983944,,,,,,,,,,,,,120.0,
plot_curve,17.471571906354516,0.35450795498408894,0.16510798503997462,0.24039256945984439,,,,,,,,,,,,,120.0,
plot_curve,17.531772575250837,0.3568671539366596,0.16634421000518024,0.24103612524512447,,,,,,,,,,,,,120.0,
plot_curve,17.591973244147155,0.3592508112666545,0.16759617634488833,0.24167778837939874,,,,,,,,,,,,,120.0,
plot_curve,17.652173913043477,0.3616590687054746,0.16886398645809308,0.24231751534638657,,,,,,,,,,,,,120.0,
plot_curve,17.712374581939798,0.3640920679845204,0.17014774274378824,0.24295526262980705,,,,,,,,,,,,,120.0,
plot_curve,17.77257525083612,0.3665499508351925,0.17144754760096764,0.24359098671337945,,,,,,,,,,,,,120.0,
plot_curve,17.83277591973244,0.3690328589888914,0.1727635034286252,0.24422464408082295,,,,,,,,,,,,,120.0,
plot_curve,17.892976588628763,0.37154093417701795,0.1740957126257548,0.24485619121585667,,,,,,,,,,,,,120.0,
plot_curve,17.953177257525084,0.3740743181309726,0.17544427759135028,0.2454855846021999,,,,,,,,,,,,,120.0,
plot_curve,18.013377926421406,0.376633152582156,0.17680930072440548,0.2461127807235718,,,,,,,,,,,,,120.0,
plot_curve,18.073578595317727,0.37921757926196886,0.17819088442391445,0.24673773606369148,,,,,,,,,,,,,120.0,
plot_curve,18.13377926421405,0.3818277399018115,0.17958913108887098,0.2473604071062783,,,,,,,,,,,,,120.0,
plot_curve,18.19397993311037,0.3844637762330849,0.1810041431182689,0.2479807503350514,,,,,,,,,,,,,120.0,
plot_curve,18.254180602006688,0.38712582998718936,0.1824360229111021,0.24859872223372984,,,,,,,,,,,,,120.0,
plot_curve,18.31438127090301,0.3898140428955258,0.1838848728663645,0.249214279286033,,,,,,,,,,,,,120.0,
plot_curve,18.37458193979933,0.3925285566894947,0.18535079538305,0.2498273779756801,,,,,,,,,,,,,120.0,
plot_curve,18.434782608695652,0.39526951310049674,0.1868338928601525,0.2504379747863902,,,,,,,,,,,,,120.0,
plot_curve,18.494983277591974,0.3980370538599325,0.18833426769666578,0.2510460262018825,,,,,,,,,,,,,120.0,
plot_curve,18.555183946488295,0.40083132069920246,0.18985202229158382,0.2516514887058762,,,,,,,,,,,,,120.0,
plot_curve,18.615384615384617,0.4036524553497073,0.19138725904390042,0.25225431878209065,,,,,,,,,,,,,120.0,
plot_curve,18.67558528428094,0.4065005995428478,0.1929400803526095,0.2528544729142448,,,,,,,,,,,,,120.0,
plot_curve,18.73578595317726,0.40937589501002447,0.19451058861670484,0.25345190758605807,,,,,,,,,,,,,120.0,
plot_curve,18.795986622073578,0.41227848348263774,0.19609888623518046,0.2540465792812495,,,,,,,,,,,,,120.0,
plot_curve,18.8561872909699,0.41520850669208853,0.19770507560703027,0.2546384444835384,,,,,,,,,,,,,120.0,
plot_curve,18.91638795986622,0.41816610636977747,0.199329259131248,0.2552274596766439,,,,,,,,,,,,,120.0,
plot_curve,18.976588628762542,0.42115142424710494,0.20097153920682764,0.2558135813442853,,,,,,,,,,,,,120.0,
plot_curve,19.036789297658864,0.42416460205547146,0.20263201823276306,0.2563967659701816,,,,,,,,,,,,,120.0,
plot_curve,19.096989966555185,0.4272057815262781,0.20431079860804802,0.25697697003805214,,,,,,,,,,,,,120.0,
plot_curve,19.157190635451506,0.4302751043909252,0.20600798273167653,0.25755415003161614,,,,,,,,,,,,,120.0,
plot_curve,19.217391304347828,0.43337271238081343,0.2077236730026425,0.2581282624345927,,,,,,,,,,,,,120.0,
plot_curve,19.277591973244146,0.43649874722734316,0.20945797181993964,0.258699263730701,,,,,,,,,,,,,120.0,
plot_curve,19.337792642140467,0.43965335066191547,0.21121098158256202,0.25926711040366035,,,,,,,,,,,,,120.0,
plot_curve,19.39799331103679,0.4428366644159306,0.21298280468950337,0.2598317589371899,,,,,,,,,,,,,120.0,
plot_curve,19.45819397993311,0.44604883022078945,0.21477354353975764,0.2603931658150088,,,,,,,,,,,,,120.0,
plot_curve,19.51839464882943,0.44928998980789225,0.21658330053231878,0.26095128752083635,,,,,,,,,,,,,120.0,
plot_curve,19.578595317725753,0.4525602849086401,0.21841217806618052,0.26150608053839164,,,,,,,,,,,,,120.0,
plot_curve,19.638795986622075,0.45585985725443323,0.22026027854033686,0.26205750135139394,,,,,,,,,,,,,120.0,
plot_curve,19.698996655518396,0.4591888485766725,0.22212770435378165,0.2626055064435624,,,,,,,,,,,,,120.0,
plot_curve,19.759197324414718,0.46254740060675836,0.22401455790550873,0.2631500522986162,,,,,,,,,,,,,120.0,
plot_curve,19.819397993311036,0.46593565507609147,0.22592094159451187,0.2636910954002746,,,,,,,,,,,,,120.0,
plot_curve,19.879598662207357,0.46935375371607246,0.2278469578197852,0.2642285922322568,,,,,,,,,,,,,120.0,
plot_curve,19.93979933110368,0.47280183825810207,0.2297927089803225,0.2647624992782819,,,,,,,,,,,,,120.0,
plot_curve,20.0,0.4762800504335807,0.23175829747511767,0.2652927730220692,,,,,,,,,,,,,120.0,
plot_curve,2.0,0.13954518732161095,0.08090373941902282,0.11587404377030701,,,,,,,,,,,,,100.0,
plot_curve,2.060200668896321,0.13967155661305777,0.08099029818578878,0.11618318206485631,,,,,,,,,,,,,100.0,
plot_curve,2.120401337792642,0.1398036087320341,0.08107793936311755,0.11648650355650837,,,,,,,,,,,,,100.0,
plot_curve,2.180602006688963,0.13994133426030989,0.08116667137675707,0.11678407356574085,,,,,,,,,,,,,100.0,
plot_curve,2.240802675585284,0.14008472377965508,0.0812565026524552,0.11707595741303141,,,,,,,,,,,,,100.0,
plot_curve,2.3010033444816056,0.14023376787183967,0.08134744161595989,0.11736222041885774,,,,,,,,,,,,,100.0,
plot_curve,2.361204013377926,0.14038845711863357,0.08143949669301902,0.11764292790369751,,,,,,,,,,,,,100.0,
plot_curve,2.4214046822742477,0.14054878210180677,0.08153267630938052,0.11791814518802843,,,,,,,,,,,,,100.0,
plot_curve,2.4816053511705687,0.1407147334031292,0.08162698889079228,0.11818793759232812,,,,,,,,,,,,,100.0,
plot_curve,2.5418060200668897,0.14088630160437085,0.08172244286300222,0.11845237043707428,,,,,,,,,,,,,100.0,
plot_curve,2.6020066889632107,0.14106347728730162,0.08181904665175825,0.1187115090427446,,,,,,,,,,,,,100.0,
plot_curve,2.6622073578595318,0.1412462510336915,0.08191680868280826,0.11896541872981674,,,,,,,,,,,,,100.0,
plot_curve,2.722408026755853,0.14143461342531047,0.08201573738190018,0.11921416481876837,,,,,,,,,,,,,100.0,
plot_curve,2.782608695652174,0.14162855504392846,0.0821158411747819,0.11945781263007718,,,,,,,,,,,,,100.0,
plot_curve,2.842809364548495,0.1418280664713154,0.08221712848720135,0.11969642748422085,,,,,,,,,,,,,100.0,
plot_curve,2.903010033444816,0.14203313828924127,0.08231960774490642,0.11993007470167703,,,,,,,,,,,,,100.0,
plot_curve,2.9632107023411374,0.14224376107947606,0.08242328737364503,0.12015881960292343,,,,,,,,,,,,,100.0,
plot_curve,3.023411371237458,0.14245992542378966,0.08252817579916506,0.1203827275084377,,,,,,,,,,,,,100.0,
plot_curve,3.0836120401337794,0.14268162190395206,0.08263428144721446,0.12060186373869752,,,,,,,,,,,,,100.0,
plot_curve,3.1438127090301005,0.14290884110173324,0.08274161274354111,0.12081629361418057,,,,,,,,,,,,,100.0,
plot_curve,3.2040133779264215,0.1431415735989031,0.08285017811389293,0.12102608245536453,,,,,,,,,,,,,100.0,
plot_curve,3.2642140468227425,0.14337980997723163,0.08295998598401783,0.12123129558272708,,,,,,,,,,,,,100.0,
plot_curve,3.3244147157190636,0.1436235408184888,0.08307104477966369,0.12143199831674588,,,,,,,,,,,,,100.0,
plot_curve,3.3846153846153846,0.14387275670444452,0.08318336292657846,0.1216282559778986,,,,,,,,,,,,,100.0,
plot_curve,3.4448160535117056,0.1441274482168688,0.08329694885051002,0.12182013388666295,,,,,,,,,,,,,100.0,
plot_curve,3.505016722408027,0.14438760593753155,0.08341181097720629,0.12200769736351658,,,,,,,,,,,,,100.0,
plot_curve,3.5652173913043477,0.14465322044820275,0.08352795773241517,0.12219101172893715,,,,,,,,,,,,,100.0,
plot_curve,3.625418060200669,0.14492428233065235,0.08364539754188458,0.12237014230340237,,,,,,,,,,,,,100.0,
plot_curve,3.6856187290969897,0.14520078216665028,0.08376413883136241,0.1225451544073899,,,,,,,,,,,,,100.0,
plot_curve,3.745819397993311,0.14548271053796655,0.0838841900265966,0.12271611336137743,,,,,,,,,,,,,100.0,
plot_curve,3.8060200668896322,0.14577005802637108,0.08400555955333502,0.12288308448584262,,,,,,,,,,,,,100.0,
plot_curve,3.8662207357859533,0.14606281521363385,0.0841282558373256,0.12304613310126314,,,,,,,,,,,,,100.0,
plot_curve,3.9264214046822743,0.14636097268152476,0.08425228730431625,0.12320532452811667,,,,,,,,,,,,,100.0,
plot_curve,3.9866220735785953,0.14666452101181382,0.08437766238005485,0.1233607240868809,,,,,,,,,,,,,100.0,
plot_curve,4.046822742474916,0.14697345078627097,0.08450438949028935,0.1235123970980335,,,,,,,,,,,,,100.0,
plot_curve,4.107023411371237,0.14728775258666618,0.08463247706076764,0.12366040888205214,,,,,,,,,,,,,100.0,
plot_curve,4.167224080267559,0.14760741699476937,0.08476193351723761,0.12380482475941448,,,,,,,,,,,,,100.0,
plot_curve,4.2274247491638794,0.14793243459235053,0.0848927672854472,0.12394571005059823,,,,,,,,,,,,,100.0,
plot_curve,4.287625418060201,0.1482627959611796,0.0850249867911443,0.12408313007608106,,,,,,,,,,,,,100.0,
plot_curve,4.3478260869565215,0.14859849168302652,0.08515860046007681,0.12421715015634063,,,,,,,,,,,,,100.0,
plot_curve,4.408026755852843,0.1489395123396613,0.08529361671799267,0.12434783561185461,,,,,,,,,,,,,100.0,
plot_curve,4.4682274247491645,0.14928584851285384,0.08543004399063975,0.1244752517631007,,,,,,,,,,,,,100.0,
plot_curve,4.528428093645485,0.1496374907843741,0.08556789070376597,0.12459946393055656,,,,,,,,,,,,,100.0,
plot_curve,4.588628762541806,0.14999442973599206,0.08570716528311925,0.12472053743469985,,,,,,,,,,,,,100.0,
plot_curve,4.648829431438127,0.15035665594947767,0.0858478761544475,0.1248385375960083,,,,,,,,,,,,,100.0,
plot_curve,4.709030100334449,0.15072416000660088,0.08599003174349862,0.12495352973495952,,,,,,,,,,,,,100.0,
plot_curve,4.769230769230769,0.15109693248913164,0.0861336404760205,0.12506557917203123,,,,,,,,,,,,,100.0,
plot_curve,4.82943143812709,0.15147496397883994,0.08627871077776107,0.12517475122770108,,,,,,,,,,,,,100.0,
plot_curve,4.889632107023411,0.15185824505749568,0.08642525107446825,0.12528111122244678,,,,,,,,,,,,,100.0,
plot_curve,4.949832775919733,0.15224676630686887,0.08657326979188992,0.12538472447674595,,,,,,,,,,,,,100.0,
plot_curve,5.010033444816054,0.15264051830872943,0.08672277535577401,0.12548565631107633,,,,,,,,,,,,,100.0,
plot_curve,5.070234113712375,0.15303949164484731,0.08687377619186841,0.12558397204591557,,,,,,,,,,,,,100.0,
plot_curve,5.130434782608695,0.1534436768969925,0.08702628072592103,0.12567973700174132,,,,,,,,,,,,,100.0,
plot_curve,5.190635451505017,0.15385306464693496,0.0871802973836798,0.12577301649903128,,,,,,,,,,,,,100.0,
plot_curve,5.250836120401338,0.1542676454764446,0.0873358345908926,0.1258638758582631,,,,,,,,,,,,,100.0,
plot_curve,5.311036789297659,0.15468740996729138,0.08749290077330736,0.12595238039991452,,,,,,,,,,,,,100.0,
plot_curve,5.3712374581939795,0.1551123487012453,0.08765150435667197,0.12603859544446316,,,,,,,,,,,,,100.0,
plot_curve,5.431438127090301,0.1555424522600763,0.08781165376673436,0.1261225863123867,,,,,,,,,,,,,100.0,
plot_curve,5.491638795986622,0.1559777112255543,0.08797335742924242,0.12620441832416282,,,,,,,,,,,,,100.0,
plot_curve,5.551839464882944,0.15641811617944928,0.08813662376994406,0.12628415680026922,,,,,,,,,,,,,100.0,
plot_curve,5.6120401337792645,0.15686365770353122,0.08830146121458719,0.12636186706118355,,,,,,,,,,,,,100.0,
plot_curve,5.672240802675585,0.15731432637957005,0.08846787818891973,0.1264376144273835,,,,,,,,,,,,,100.0,
plot_curve,5.7324414715719065,0.15777011278933573,0.08863588311868957,0.12651146421934673,,,,,,,,,,,,,100.0,
plot_curve,5.792642140468228,0.1582310075145982,0.08880548442964463,0.12658348175755094,,,,,,,,,,,,,100.0,
plot_curve,5.852842809364549,0.15869700113712742,0.08897669054753281,0.12665373236247376,,,,,,,,,,,,,100.0,
plot_curve,5.913043478260869,0.15916808423869339,0.08914950989810203,0.1267222813545929,,,,,,,,,,,,,100.0,
plot_curve,5.973244147157191,0.15964424740106603,0.08932395090710019,0.12678919405438607,,,,,,,,,,,,,100.0,
plot_curve,6.033444816053512,0.16012548120601527,0.08950002200027518,0.12685453578233089,,,,,,,,,,,,,100.0,
plot_curve,6.093645484949833,0.16061177623531112,0.08967773160337494,0.12691837185890503,,,,,,,,,,,,,100.0,
plot_curve,6.153846153846154,0.1611031230707235,0.08985708814214738,0.1269807676045862,,,,,,,,,,,,,100.0,
plot_curve,6.214046822742475,0.16159951229402236,0.09003810004234038,0.12704178833985208,,,,,,,,,,,,,100.0,
plot_curve,6.274247491638796,0.16210093448697768,0.09022077572970186,0.1271014993851803,,,,,,,,,,,,,100.0,
plot_curve,6.334448160535117,0.16260738023135943,0.09040512362997973,0.1271599660610486,,,,,,,,,,,,,100.0,
plot_curve,6.394648829431438,0.1631188401089375,0.0905911521689219,0.12721725368793463,,,,,,,,,,,,,100.0,
plot_curve,6.454849498327759,0.1636353047014819,0.09077886977227627,0.12727342758631602,,,,,,,,,,,,,100.0,
plot_curve,6.51505016722408,0.16415676459076262,0.09096828486579076,0.12732855307667051,,,,,,,,,,,,,100.0,
plot_curve,6.575250836120402,0.16468321035854955,0.09115940587521328,0.12738269547947575,,,,,,,,,,,,,100.0,
plot_curve,6.635451505016722,0.16521463258661262,0.09135224122629171,0.1274359201152094,,,,,,,,,,,,,100.0,
plot_curve,6.695652173913044,0.16575102185672186,0.091546799344774,0.12748829230434916,,,,,,,,,,,,,100.0,
plot_curve,6.7558528428093645,0.1662923687506472,0.09174308865640801,0.1275398773673727,,,,,,,,,,,,,100.0,
plot_curve,6.816053511705686,0.16683866385015858,0.0919411175869417,0.12759074062475767,,,,,,,,,,,,,100.0,
plot_curve,6.8762541806020065,0.16738989773702598,0.09214089456212295,0.1276409473969818,,,,,,,,,,,,,100.0,
plot_curve,6.936454849498328,0.16794606099301934,0.09234242800769966,0.12769056300452272,,,,,,,,,,,,,100.0,
plot_curve,6.996655518394649,0.16850714419990862,0.09254572634941975,0.12773965276785812,,,,,,,,,,,,,100.0,
plot_curve,7.05685618729097,0.16907313793946377,0.09275079801303114,0.1277882820074657,,,,,,,,,,,,,100.0,
plot_curve,7.117056856187291,0.16964403279345475,0.09295765142428171,0.12783651604382307,,,,,,,,,,,,,100.0,
plot_curve,7.177257525083612,0.17021981934365155,0.09316629500891939,0.12788442019740798,,,,,,,,,,,,,100.0,
plot_curve,7.237458193979934,0.17080048817182406,0.09337673719269209,0.12793205978869807,,,,,,,,,,,,,100.0,
plot_curve,7.297658862876254,0.17138602985974227,0.09358898640134769,0.127979500138171,,,,,,,,,,,,,100.0,
plot_curve,7.357859531772576,0.17197643498917614,0.09380305106063414,0.12802680656630447,,,,,,,,,,,,,100.0,
plot_curve,7.418060200668896,0.1725716941418956,0.09401893959629931,0.12807404439357617,,,,,,,,,,,,,100.0,
plot_curve,7.478260869565218,0.17317179789967063,0.09423666043409114,0.12812127894046374,,,,,,,,,,,,,100.0,
plot_curve,7.538461538461538,0.1737767368442712,0.0944562219997575,0.12816857552744487,,,,,,,,,,,,,100.0,
plot_curve,7.59866220735786,0.17438650155746724,0.09467763271904635,0.12821599947499726,,,,,,,,,,,,,100.0,
plot_curve,7.65886287625418,0.1750010826210287,0.09490090101770554,0.12826361610359854,,,,,,,,,,,,,100.0,
plot_curve,7.719063545150502,0.17562047061672556,0.09512603532148303,0.1283114907337264,,,,,,,,,,,,,100.0,
plot_curve,7.7792642140468224,0.17624465612632775,0.09535304405612668,0.12835968868585856,,,,,,,,,,,,,100.0,
plot_curve,7.839464882943144,0.17687362973160525,0.09558193564738446,0.12840827528047266,,,,,,,,,,,,,100.0,
plot_curve,7.899665551839465,0.17750738201432803,0.0958127185210042,0.12845731583804637,,,,,,,,,,,,,100.0,
plot_curve,7.959866220735786,0.17814590355626597,0.09604540110273388,0.12850687567905736,,,,,,,,,,,,,100.0,
plot_curve,8.020066889632108,0.1787891849391891,0.09627999181832136,0.12855702012398335,,,,,,,,,,,,,100.0,
plot_curve,8.080267558528428,0.17943721674486734,0.09651649909351458,0.12860781449330194,,,,,,,,,,,,,100.0,
plot_curve,8.14046822742475,0.18008998955507072,0.09675493135406142,0.12865932410749087,,,,,,,,,,,,,100.0,
plot_curve,8.20066889632107,0.18074749395156905,0.0969952970257098,0.1287116142870278,,,,,,,,,,,,,100.0,
plot_curve,8.26086956521739,0.1814097205161324,0.09723760453420766,0.12876475035239038,,,,,,,,,,,,,100.0,
plot_curve,8.321070234113712,0.18207665983053073,0.09748186230530284,0.12881879762405635,,,,,,,,,,,,,100.0,
plot_curve,8.381270903010034,0.18274830247653392,0.0977280787647433,0.1288738214225033,,,,,,,,,,,,,100.0,
plot_curve,8.441471571906355,0.183424639035912,0.09797626233827696,0.128929887068209,,,,,,,,,,,,,100.0,
plot_curve,8.501672240802677,0.18410566009043486,0.09822642145165168,0.12898705988165102,,,,,,,,,,,,,100.0,
plot_curve,8.561872909698998,0.1847913562218725,0.09847856453061539,0.12904540518330712,,,,,,,,,,,,,100.0,
plot_curve,8.622073578595318,0.18548171801199484,0.098732700000916,0.12910498829365494,,,,,,,,,,,,,100.0,
plot_curve,8.68227424749164,0.18617673604257187,0.09898883628830141,0.12916587453317216,,,,,,,,,,,,,100.0,
plot_curve,8.742474916387959,0.18687640089537355,0.09924698181851954,0.12922812922233648,,,,,,,,,,,,,100.0,
plot_curve,8.80267558528428,0.18758070315216982,0.0995071450173183,0.1292918176816255,,,,,,,,,,,,,100.0,
plot_curve,8.862876254180602,0.18828963339473065,0.0997693343104456,0.129357005231517,,,,,,,,,,,,,100.0,
plot_curve,8.923076923076923,0.18900318220482595,0.10003355812364934,0.1294237571924886,,,,,,,,,,,,,100.0,
plot_curve,8.983277591973245,0.18972134016422573,0.10029982488267741,0.12949213888501798,,,,,,,,,,,,,100.0,
plot_curve,9.043478260869566,0.19044409785469993,0.10056814301327774,0.1295622156295828,,,,,,,,,,,,,100.0,
plot_curve,9.103678929765888,0.19117144585801848,0.10083852094119825,0.12963405274666076,,,,,,,,,,,,,100.0,
plot_curve,9.163879598662207,0.19190337475595134,0.10111096709218681,0.12970771555672955,,,,,,,,,,,,,100.0,
plot_curve,9.224080267558529,0.1926398751302685,0.10138548989199136,0.1297832693802668,,,,,,,,,,,,,100.0,
plot_curve,9.284280936454849,0.19338093756273989,0.1016620977663598,0.12986077953775021,,,,,,,,,,,,,100.0,
plot_curve,9.34448160535117,0.19412655263513548,0.10194079914104004,0.12994031134965747,,,,,,,,,,,,,100.0,
plot_curve,9.404682274247492,0.19487671092922523,0.10222160244177998,0.13002193013646623,,,,,,,,,,,,,100.0,
plot_curve,9.464882943143813,0.1956314030267791,0.10250451609432754,0.1301057012186542,,,,,,,,,,,,,100.0,
plot_curve,9.525083612040135,0.196390619509567,0.10278954852443062,0.130191689916699,,,,,,,,,,,,,100.0,
plot_curve,9.585284280936456,0.1971543509593589,0.10307670815783712,0.13027996155107835,,,,,,,,,,,,,100.0,
plot_curve,9.645484949832776,0.19792258795792478,0.10336600342029496,0.13037058144226993,,,,,,,,,,,,,100.0,
plot_curve,9.705685618729097,0.19869532108703458,0.10365744273755205,0.1304636149107514,,,,,,,,,,,,,100.0,
plot_curve,9.765886287625419,0.1994725409284583,0.1039510345353563,0.13055912727700042,,,,,,,,,,,,,100.0,
plot_curve,9.826086956521738,0.2002542380639658,0.1042467872394556,0.1306571838614947,,,,,,,,,,,,,100.0,
plot_curve,9.88628762541806,0.20104040307532714,0.10454470927559788,0.13075784998471188,,,,,,,,,,,,,100.0,
plot_curve,9.946488294314381,0.20183102654431223,0.10484480906953103,0.13086119096712967,,,,,,,,,,,,,100.0,
plot_curve,10.006688963210703,0.20262609905269102,0.10514709504700298,0.13096727212922574,,,,,,,,,,,,,100.0,
plot_curve,10.066889632107024,0.20342561118223346,0.1054515756337616,0.13107615879147774,,,,,,,,,,,,,100.0,
plot_curve,10.127090301003344,0.2042295535147095,0.10575825925555485,0.13118791627436335,,,,,,,,,,,,,100.0,
plot_curve,10.187290969899665,0.20503791663188914,0.10606715433813059,0.1313026098983603,,,,,,,,,,,,,100.0,
plot_curve,10.247491638795987,0.20585069111554227,0.10637826930723676,0.13142030498394616,,,,,,,,,,,,,100.0,
plot_curve,10.307692307692308,0.20666786754743893,0.10669161258862125,0.1315410668515987,,,,,,,,,,,,,100.0,
plot_curve,10.36789297658863,0.207489436509349,0.107007192608032,0.13166496082179557,,,,,,,,,,,,,100.0,
plot_curve,10.42809364548495,0.20831538858304247,0.10732501779121686,0.13179205221501442,,,,,,,,,,,,,100.0,
plot_curve,10.488294314381271,0.2091457143502893,0.10764509656392379,0.13192240635173297,,,,,,,,,,,,,100.0,
plot_curve,10.548494983277592,0.20998040439285942,0.10796743735190067,0.13205608855242887,,,,,,,,,,,,,100.0,
plot_curve,10.608695652173914,0.21081944929252283,0.10829204858089544,0.13219316413757978,,,,,,,,,,,,,100.0,
plot_curve,10.668896321070234,0.21166283963104943,0.10861893867665597,0.1323336984276634,,,,,,,,,,,,,100.0,
plot_curve,10.729096989966555,0.21251056599020923,0.10894811606493018,0.1324777567431574,,,,,,,,,,,,,100.0,
plot_curve,10.789297658862877,0.21336261895177214,0.10927958917146599,0.13262540440453946,,,,,,,,,,,,,100.0,
plot_curve,10.849498327759198,0.21421898909750814,0.1096133664220113,0.13277670673228728,,,,,,,,,,,,,100.0,
plot_curve,10.909698996655518,0.21507966700918718,0.109949456242314,0.13293172904687847,,,,,,,,,,,,,100.0,
plot_curve,10.96989966555184,0.21594464326857923,0.11028786705812205,0.13309053666879075,,,,,,,,,,,,,100.0,
plot_curve,11.03010033444816,0.21681390845745419,0.11062860729518331,0.1332531949185018,,,,,,,,,,,,,100.0,
plot_curve,11.090301003344482,0.21768745315758212,0.1109716853792457,0.13341976911648926,,,,,,,,,,,,,100.0,
plot_curve,11.150501672240804,0.21856526795073286,0.11131710973605713,0.13359032458323084,,,,,,,,,,,,,100.0,
plot_curve,11.210702341137123,0.21944734341867644,0.11166488879136552,0.1337649266392042,,,,,,,,,,,,,100.0,
plot_curve,11.270903010033445,0.2203336701431828,0.11201503097091875,0.13394364060488703,,,,,,,,,,,,,100.0,
plot_curve,11.331103678929766,0.22122423870602187,0.11236754470046476,0.134126531800757,,,,,,,,,,,,,100.0,
plot_curve,11.391304347826088,0.22211903968896368,0.11272243840575144,0.1343136655472918,,,,,,,,,,,,,100.0,
plot_curve,11.451505016722408,0.22301806367377808,0.1130797205125267,0.13450510716496905,,,,,,,,,,,,,100.0,
plot_curve,11.511705685618729,0.22392130124223508,0.11343939944653846,0.13470092197426647,,,,,,,,,,,,,100.0,
plot_curve,11.57190635451505,0.22482874297610467,0.11380148363353461,0.13490117529566176,,,,,,,,,,,,,100.0,
plot_curve,11.632107023411372,0.22574037945715675,0.11416598149926308,0.13510593244963254,,,,,,,,,,,,,100.0,
plot_curve,11.692307692307693,0.2266562012671613,0.11453290146947175,0.1353152587566565,,,,,,,,,,,,,100.0,
plot_curve,11.752508361204013,0.22757619898788822,0.11490225196990853,0.13552921953721137,,,,,,,,,,,,,100.0,
plot_curve,11.812709030100335,0.22850036320110756,0.11527404142632136,0.13574788011177477,,,,,,,,,,,,,100.0,
plot_curve,11.872909698996656,0.22942868448858922,0.11564827826445812,0.13597130580082437,,,,,,,,,,,,,100.0,
plot_curve,11.933110367892978,0.2303611534321032,0.11602497091006674,0.13619956192483787,,,,,,,,,,,,,100.0,
plot_curve,11.993311036789297,0.2312977606134194,0.1164041277888951,0.13643271380429295,,,,,,,,,,,,,100.0,
plot_curve,12.053511705685619,0.2322384966143078,0.11678575732669114,0.1366708267596673,,,,,,,,,,,,,100.0,
plot_curve,12.11371237458194,0.23318335201653836,0.11716986794920274,0.13691396611143852,,,,,,,,,,,,,100.0,
plot_curve,12.173913043478262,0.234132317401881,0.11755646808217782,0.13716219718008438,,,,,,,,,,,,,100.0,
plot_curve,12.234113712374581,0.23508538335210571,0.11794556615136428,0.1374155852860825,,,,,,,,,,,,,100.0,
plot_curve,12.294314381270903,0.23604254044898249,0.11833717058251006,0.13767419574991055,,,,,,,,,,,,,100.0,
plot_curve,12.354515050167224,0.23700377927428123,0.11873128980136302,0.13793809389204625,,,,,,,,,,,,,100.0,
plot_curve,12.414715719063546,0.2379690904097719,0.1191279322336711,0.13820734503296728,,,,,,,,,,,,,100.0,
plot_curve,12.474916387959867,0.23893846443722447,0.11952710630518222,0.13848201449315123,,,,,,,,,,,,,100.0,
plot_curve,12.535117056856187,0.23991189193840887,0.11992882044164424,0.13876216759307586,,,,,,,,,,,,,100.0,
plot_curve,12.595317725752508,0.24088936349509504,0.12033308306880511,0.13904786965321883,,,,,,,,,,,,,100.0,
plot_curve,12.65551839464883,0.24187086968905303,0.12073990261241274,0.13933918599405778,,,,,,,,,,,,,100.0,
plot_curve,12.715719063545151,0.2428564011020527,0.121149287498215,0.1396361819360704,,,,,,,,,,,,,100.0,
plot_curve,12.775919732441471,0.243845948315864,0.12156124615195982,0.1399389227997344,,,,,,,,,,,,,100.0,
plot_curve,12.836120401337793,0.24483950191225695,0.12197578699939512,0.14024747390552744,,,,,,,,,,,,,100.0,
plot_curve,12.896321070234114,0.24583705247300153,0.12239291846626879,0.1405619005739272,,,,,,,,,,,,,100.0,
plot_curve,12.956521739130435,0.24683859057986762,0.12281264897832878,0.14088226812541133,,,,,,,,,,,,,100.0,
plot_curve,13.016722408026757,0.24784410681462515,0.12323498696132293,0.1412086418804575,,,,,,,,,,,,,100.0,
plot_curve,13.076923076923077,0.24885359175904415,0.12365994084099918,0.1415410871595434,,,,,,,,,,,,,100.0,
plot_curve,13.137123745819398,0.24986703599489457,0.12408751904310544,0.14187966928314671,,,,,,,,,,,,,100.0,
plot_curve,13.19732441471572,0.25088443010394634,0.12451772999338964,0.14222445357174512,,,,,,,,,,,,,100.0,
plot_curve,13.257525083612041,0.25190576466796943,0.12495058211759966,0.1425755053458163,,,,,,,,,,,,,100.0,
plot_curve,13.31772575250836,0.2529310302687338,0.1253860838414834,0.14293288992583794,,,,,,,,,,,,,100.0,
plot_curve,13.377926421404682,0.25396021748800934,0.12582424359078878,0.14329667263228765,,,,,,,,,,,,,100.0,
plot_curve,13.438127090301004,0.25499331690756616,0.12626506979126373,0.1436669187856432,,,,,,,,,,,,,100.0,
plot_curve,13.498327759197325,0.25603031910917406,0.12670857086865614,0.14404369370638215,,,,,,,,,,,,,100.0,
plot_curve,13.558528428093645,0.25707121467460303,0.1271547552487139,0.14442706271498226,,,,,,,,,,,,,100.0,
plot_curve,13.618729096989966,0.25811599418562303,0.12760363135718494,0.14481709113192123,,,,,,,,,,,,,100.0,
plot_curve,13.678929765886288,0.2591646482240041,0.12805520761981717,0.14521384427767667,,,,,,,,,,,,,100.0,
plot_curve,13.73913043478261,0.2602171673715161,0.1285094924623585,0.1456173874727263,,,,,,,,,,,,,100.0,
plot_curve,13.79933110367893,0.26127354220992904,0.1289664943105568,0.14602778603754774,,,,,,,,,,,,,100.0,
plot_curve,13.85953177257525,0.26233376332101277,0.12942622159016,0.1464451052926187,,,,,,,,,,,,,100.0,
plot_curve,13.919732441471572,0.26339782128653744,0.12988868272691606,0.14686941055841685,,,,,,,,,,,,,100.0,
plot_curve,13.979933110367893,0.2644657066882728,0.13035388614657284,0.1473007671554199,,,,,,,,,,,,,100.0,
plot_curve,14.040133779264215,0.2655374101079889,0.13082184027487825,0.14773924040410547,,,,,,,,,,,,,100.0,
plot_curve,14.100334448160535,0.26661292212745574,0.13129255353758018,0.1481848956249513,,,,,,,,,,,,,100.0,
plot_curve,14.160535117056856,0.2676922333284433,0.13176603436042655,0.148637798138435,,,,,,,,,,,,,100.0,
plot_curve,14.220735785953178,0.2687753342927213,0.1322422911691653,0.1490980132650343,,,,,,,,,,,,,100.0,
plot_curve,14.280936454849499,0.26986221560206,0.1327213323895443,0.1495656063252268,,,,,,,,,,,,,100.0,
plot_curve,14.34113712374582,0.27095286783822914,0.1332031664473115,0.1500406426394903,,,,,,,,,,,,,100.0,
plot_curve,14.40133779264214,0.27204728158299873,0.13368780176821476,0.15052318752830235,,,,,,,,,,,,,100.0,
plot_curve,14.461538461538462,0.2731454474181388,0.13417524677800202,0.1510133063121407,,,,,,,,,,,,,100.0,
plot_curve,14.521739130434783,0.27424735592541927,0.13466550990242118,0.15151106431148298,,,,,,,,,,,,,100.0,
plot_curve,14.581939799331105,0.27535299768661003,0.13515859956722015,0.15201652684680692,,,,,,,,,,,,,100.0,
plot_curve,14.642140468227424,0.27646236328348106,0.1356545241981468,0.15252975923859013,,,,,,,,,,,,,100.0,
plot_curve,14.702341137123746,0.2775754432978024,0.13615329222094907,0.15305082680731036,,,,,,,,,,,,,100.0,
plot_curve,14.762541806020067,0.27869222831134394,0.13665491206137492,0.15357979487344522,,,,,,,,,,,,,100.0,
plot_curve,14.822742474916389,0.2798127089058756,0.1371593921451722,0.15411672875747245,,,,,,,,,,,,,100.0,
plot_curve,14.88294314381271,0.2809368756631675,0.13766674089808878,0.15466169377986966,,,,,,,,,,,,,100.0,
plot_curve,14.94314381270903,0.2820647191649893,0.13817696674587265,0.15521475526111456,,,,,,,,,,,,,100.0,
plot_curve,15.003344481605351,0.2831962299931112,0.13869007811427167,0.15577597852168482,,,,,,,,,,,,,100.0,
plot_curve,15.063545150501673,0.28433139872930313,0.1392060834290338,0.1563454288820581,,,,,,,,,,,,,100.0,
plot_curve,15.123745819397994,0.285470215955335,0.13972499111590686,0.1569231716627121,,,,,,,,,,,,,100.0,
plot_curve,15.183946488294314,0.2866126722529767,0.1402468096006388,0.15750927218412447,,,,,,,,,,,,,100.0,
plot_curve,15.244147157190636,0.2877587582039983,0.14077154730897756,0.15810379576677297,,,,,,,,,,,,,100.0,
plot_curve,15.304347826086957,0.2889084643901697,0.14129921266667103,0.15870680773113516,,,,,,,,,,,,,100.0,
plot_curve,15.364548494983278,0.2900617813932609,0.1418298140994671,0.15931837339768878,,,,,,,,,,,,,100.0,
plot_curve,15.424749163879598,0.2912186997950417,0.14236336003311367,0.1599385580869115,,,,,,,,,,,,,100.0,
plot_curve,15.48494983277592,0.2923792101772823,0.1428998588933587,0.16056742711928096,,,,,,,,,,,,,100.0,
plot_curve,15.545150501672241,0.2935433031217525,0.14343931910595006,0.16120504581527484,,,,,,,,,,,,,100.0,
plot_curve,15.605351170568563,0.2947109692102223,0.14398174909663566,0.16185147949537088,,,,,,,,,,,,,100.0,
plot_curve,15.665551839464884,0.29588219902446156,0.14452715729116344,0.1625067934800467,,,,,,,,,,,,,100.0,
plot_curve,15.725752508361204,0.29705698314624035,0.14507555211528123,0.16317105308978,,,,,,,,,,,,,100.0,
plot_curve,15.785953177257525,0.2982353121573287,0.14562694199473702,0.16384432364504847,,,,,,,,,,,,,100.0,
plot_curve,15.846153846153847,0.2994171766394963,0.14618133535527866,0.16452667046632974,,,,,,,,,,,,,100.0,
plot_curve,15.906354515050168,0.3006025671745134,0.14673874062265413,0.16521815887410146,,,,,,,,,,,,,100.0,
plot_curve,15.966555183946488,0.3017914743441497,0.14729916622261124,0.1659188541888414,,,,,,,,,,,,,100.0,
plot_curve,16.02675585284281,0.30298388873017534,0.147862620580898,0.16662882173102722,,,,,,,,,,,,,100.0,
plot_curve,16.086956521739133,0.30417980091436025,0.14842911212326226,0.16734812682113653,,,,,,,,,,,,,100.0,
plot_curve,16.147157190635454,0.3053792014784743,0.14899864927545192,0.16807683477964705,,,,,,,,,,,,,100.0,
plot_curve,16.207357859531776,0.3065820810042875,0.14957124046321496,0.16881501092703644,,,,,,,,,,,,,100.0,
plot_curve,16.267558528428093,0.30778843007356976,0.15014689411229915,0.16956272058378236,,,,,,,,,,,,,100.0,
plot_curve,16.327759197324415,0.3089982392680911,0.1507256186484525,0.1703200290703625,,,,,,,,,,,,,100.0,
plot_curve,16.387959866220736,0.3102114991696215,0.1513074224974229,0.17108700170725455,,,,,,,,,,,,,100.0,
plot_curve,16.448160535117058,0.3114282003599308,0.1518923140849583,0.1718637038149362,,,,,,,,,,,,,100.0,
plot_curve,16.508361204013376,0.312648333420789,0.1524803018368065,0.17265020071388507,,,,,,,,,,,,,100.0,
plot_curve,16.568561872909697,0.3138718889339661,0.15307139417871551,0.17344655772457893,,,,,,,,,,,,,100.0,
plot_curve,16.62876254180602,0.3150988574812321,0.15366559953643322,0.17425284016749537,,,,,,,,,,,,,100.0,
plot_curve,16.68896321070234,0.3163292296443569,0.15426292633570754,0.1750691133631121,,,,,,,,,,,,,100.0,
plot_curve,16.74916387959866,0.3175629960051104,0.15486338300228633,0.1758954426319068,,,,,,,,,,,,,100.0,
plot_curve,16.809364548494983,0.3188001471452626,0.15546697796191752,0.17673189329435707,,,,,,,,,,,,,100.0,
plot_curve,16.869565217391305,0.3200406736465835,0.15607371964034905,0.17757853067094073,,,,,,,,,,,,,100.0,
plot_curve,16.929765886287626,0.3212845660908429,0.1566836164633288,0.17843542008213537,,,,,,,,,,,,,100.0,
plot_curve,16.989966555183948,0.322531815059811,0.15729667685660464,0.17930262684841863,,,,,,,,,,,,,100.0,
plot_curve,17.05016722408027,0.3237824111352575,0.15791290924592455,0.18018021629026826,,,,,,,,,,,,,100.0,
plot_curve,17.11036789297659,0.3250363448989526,0.15853232205703643,0.18106825372816188,,,,,,,,,,,,,100.0,
plot_curve,17.170568561872912,0.32629360693266607,0.15915492371568815,0.18196680448257718,,,,,,,,,,,,,100.0,
plot_curve,17.230769230769234,0.3275541878181679,0.1597807226476276,0.18287593387399187,,,,,,,,,,,,,100.0,
plot_curve,17.29096989966555,0.3288180781372281,0.16040972727860275,0.18379570722288352,,,,,,,,,,,,,100.0,
plot_curve,17.351170568561873,0.33008526847161657,0.16104194603436145,0.18472618984973,,,,,,,,,,,,,100.0,
plot_curve,17.411371237458194,0.33135574940310336,0.16167738734065168,0.18566744707500882,,,,,,,,,,,,,100.0,
plot_curve,17.471571906354516,0.3326295115134584,0.16231605962322132,0.18661954421919774,,,,,,,,,,,,,100.0,
plot_curve,17.531772575250837,0.3339065453844515,0.16295797130781825,0.18758254660277435,,,,,,,,,,,,,100.0,
plot_curve,17.591973244147155,0.3351868415978527,0.16360313082019035,0.18855651954621638,,,,,,,,,,,,,100.0,
plot_curve,17.652173913043477,0.3364703907354321,0.16425154658608557,0.18954152837000152,,,,,,,,,,,,,100.0,
plot_curve,17.712374581939798,0.3377571833789595,0.16490322703125188,0.19053763839460744,,,,,,,,,,,,,100.0,
plot_curve,17.77257525083612,0.3390472101102049,0.1655581805814371,0.19154491494051185,,,,,,,,,,,,,100.0,
plot_curve,17.83277591973244,0.3403404615109382,0.16621641566238915,0.19256342332819232,,,,,,,,,,,,,100.0,
plot_curve,17.892976588628763,0.34163692816292945,0.16687794069985598,0.19359322887812663,,,,,,,,,,,,,100.0,
plot_curve,17.953177257525084,0.3429366006479486,0.16754276411958546,0.19463439691079237,,,,,,,,,,,,,100.0,
plot_curve,18.013377926421406,0.3442394695477655,0.16821089434732553,0.19568699274666732,,,,,,,,,,,,,100.0,
plot_curve,18.073578595317727,0.3455455254441502,0.16888233980882406,0.19675108170622907,,,,,,,,,,,,,100.0,
plot_curve,18.13377926421405,0.34685475891887263,0.169557108929829,0.19782672910995533,,,,,,,,,,,,,100.0,
plot_curve,18.19397993311037,0.34816716055370267,0.17023521013608822,0.19891400027832376,,,,,,,,,,,,,100.0,
plot_curve,18.254180602006688,0.34948272093041033,0.1709166518533496,0.20001296053181197,,,,,,,,,,,,,100.0,
plot_curve,18.31438127090301,0.35080143063076563,0.1716014425073611,0.20112367519089777,,,,,,,,,,,,,100.0,
plot_curve,18.37458193979933,0.3521232802365386,0.17228959052387066,0.2022462095760588,,,,,,,,,,,,,100.0,
plot_curve,18.434782608695652,0.35344826032949894,0.17298110432862612,0.20338062900777265,,,,,,,,,,,,,100.0,
plot_curve,18.494983277591974,0.3547763614914168,0.17367599234737546,0.20452699880651712,,,,,,,,,,,,,100.0,
plot_curve,18.555183946488295,0.35610757430406204,0.17437426300586648,0.2056853842927698,,,,,,,,,,,,,100.0,
plot_curve,18.615384615384617,0.35744188934920473,0.1750759247298472,0.2068558507870084,,,,,,,,,,,,,100.0,
plot_curve,18.67558528428094,0.3587792972086147,0.17578098594506547,0.2080384636097106,,,,,,,,,,,,,100.0,
plot_curve,18.73578595317726,0.3601197884640619,0.1764894550772692,0.209233288081354,,,,,,,,,,,,,100.0,
plot_curve,18.795986622073578,0.36146335369731636,0.17720134055220627,0.21044038952241634,,,,,,,,,,,,,100.0,
plot_curve,18.8561872909699,0.36280998349014804,0.17791665079562466,0.21165983325337528,,,,,,,,,,,,,100.0,
plot_curve,18.91638795986622,0.3641596684243269,0.17863539423327224,0.21289168459470853,,,,,,,,,,,,,100.0,
plot_curve,18.976588628762542,0.36551239908162275,0.1793575792908969,0.21413600886689377,,,,,,,,,,,,,100.0,
plot_curve,19.036789297658864,0.3668681660438058,0.18008321439424663,0.2153928713904087,,,,,,,,,,,,,100.0,
plot_curve,19.096989966555185,0.3682269598926458,0.18081230796906922,0.21666233748573088,,,,,,,,,,,,,100.0,
plot_curve,19.157190635451506,0.36958877120991274,0.18154486844111267,0.217944472473338,,,,,,,,,,,,,100.0,
plot_curve,19.217391304347828,0.37095359057737665,0.18228090423612484,0.21923934167370784,,,,,,,,,,,,,100.0,
plot_curve,19.277591973244146,0.3723214085768074,0.1830204237798536,0.22054701040731794,,,,,,,,,,,,,100.0,
plot_curve,19.337792642140467,0.373692215789975,0.18376343549804697,0.22186754399464614,,,,,,,,,,,,,100.0,
plot_curve,19.39799331103679,0.37506600279864954,0.1845099478164528,0.22320100775617005,,,,,,,,,,,,,100.0,
plot_curve,19.45819397993311,0.37644276018460066,0.185259969160819,0.22454746701236733,,,,,,,,,,,,,100.0,
plot_curve,19.51839464882943,0.3778224785295986,0.18601350795689342,0.22590698708371565,,,,,,,,,,,,,100.0,
plot_curve,19.578595317725753,0.3792051484154131,0.18677057263042407,0.22727963329069262,,,,,,,,,,,,,100.0,
plot_curve,19.638795986622075,0.38059076042381434,0.18753117160715882,0.22866547095377604,,,,,,,,,,,,,100.0,
plot_curve,19.698996655518396,0.3819793051365721,0.18829531331284552,0.23006456539344355,,,,,,,,,,,,,100.0,
plot_curve,19.759197324414718,0.38337077313545637,0.18906300617323216,0.2314769819301728,,,,,,,,,,,,,100.0,
plot_curve,19.819397993311036,0.38476515500223707,0.18983425861406655,0.23290278588444135,,,,,,,,,,,,,100.0,
plot_curve,19.879598662207357,0.38616244131868427,0.19060907906109675,0.23434204257672714,,,,,,,,,,,,,100.0,
plot_curve,19.93979933110368,0.38756262266656794,0.19138747594007055,0.23579481732750773,,,,,,,,,,,,,100.0,
plot_curve,20.0,0.38896568962765793,0.19216945767673588,0.23726117545726072,,,,,,,,,,,,,100.0,
plot_curve,2.0,0.13107289884347906,0.0783947209833314,0.1132083968532559,,,,,,,,,,,,,90.0,
plot_curve,2.060200668896321,0.1311929038454996,0.07860319706240755,0.11310401515811297,,,,,,,,,,,,,90.0,
plot_curve,2.120401337792642,0.1313177607747646,0.07880973111290715,0.11300409766136275,,,,,,,,,,,,,90.0,
plot_curve,2.180602006688963,0.13144746869612187,0.07901435859035795,0.11290861752941135,,,,,,,,,,,,,90.0,
plot_curve,2.240802675585284,0.13158202667441918,0.07921711495028769,0.11281754792866484,,,,,,,,,,,,,90.0,
plot_curve,2.3010033444816056,0.13172143377450435,0.07941803564822408,0.11273086202552934,,,,,,,,,,,,,90.0,
plot_curve,2.361204013377926,0.13186568906122517,0.07961715613969489,0.11264853298641098,,,,,,,,,,,,,90.0,
plot_curve,2.4214046822742477,0.13201479159942944,0.07981451188022781,0.11257053397771581,,,,,,,,,,,,,90.0,
plot_curve,2.4816053511705687,0.13216874045396493,0.0800101383253506,0.11249683816584996,,,,,,,,,,,,,90.0,
plot_curve,2.5418060200668897,0.13232753468967945,0.08020407093059098,0.11242741871721953,,,,,,,,,,,,,90.0,
plot_curve,2.6020066889632107,0.1324911733714208,0.0803963451514767,0.11236224879823062,,,,,,,,,,,,,90.0,
plot_curve,2.6622073578595318,0.13265965556403675,0.08058699644353548,0.11230130157528935,,,,,,,,,,,,,90.0,
plot_curve,2.722408026755853,0.13283298033237514,0.08077606026229506,0.11224455021480179,,,,,,,,,,,,,90.0,
plot_curve,2.782608695652174,0.13301114674128373,0.08096357206328315,0.11219196788317407,,,,,,,,,,,,,90.0,
plot_curve,2.842809364548495,0.1331941538556103,0.08114956730202752,0.11214352774681227,,,,,,,,,,,,,90.0,
plot_curve,2.903010033444816,0.13338200074020265,0.08133408143405588,0.11209920297212252,,,,,,,,,,,,,90.0,
plot_curve,2.9632107023411374,0.1335746864599086,0.08151714991489596,0.11205896672551091,,,,,,,,,,,,,90.0,
plot_curve,3.023411371237458,0.13377221007957596,0.0816988082000755,0.11202279217338353,,,,,,,,,,,,,90.0,
plot_curve,3.0836120401337794,0.13397457066405247,0.08187909174512223,0.11199065248214649,,,,,,,,,,,,,90.0,
plot_curve,3.1438127090301005,0.13418176727818595,0.0820580360055639,0.1119625208182059,,,,,,,,,,,,,90.0,
plot_curve,3.2040133779264215,0.1343937989868242,0.08223567643692821,0.11193837034796786,,,,,,,,,,,,,90.0,
plot_curve,3.2642140468227425,0.134610664854815,0.08241204849474293,0.11191817423783845,,,,,,,,,,,,,90.0,
plot_curve,3.3244147157190636,0.13483236394700612,0.08258718763453576,0.11190190565422381,,,,,,,,,,,,,90.0,
plot_curve,3.3846153846153846,0.13505889532824542,0.08276112931183446,0.11188953776353003,,,,,,,,,,,,,90.0,
plot_curve,3.4448160535117056,0.13529025806338066,0.08293390898216674,0.11188104373216319,,,,,,,,,,,,,90.0,
plot_curve,3.505016722408027,0.13552645121725962,0.08310556210106035,0.11187639672652942,,,,,,,,,,,,,90.0,
plot_curve,3.5652173913043477,0.13576747385473012,0.08327612412404302,0.11187556991303481,,,,,,,,,,,,,90.0,
plot_curve,3.625418060200669,0.13601332504063993,0.08344563050664247,0.11187853645808546,,,,,,,,,,,,,90.0,
plot_curve,3.6856187290969897,0.13626400383983683,0.08361411670438644,0.11188526952808749,,,,,,,,,,,,,90.0,
plot_curve,3.745819397993311,0.13651950931716866,0.08378161817280268,0.11189574228944697,,,,,,,,,,,,,90.0,
plot_curve,3.8060200668896322,0.1367798405374832,0.08394817036741889,0.11190992790857003,,,,,,,,,,,,,90.0,
plot_curve,3.8662207357859533,0.13704499656562824,0.08411380874376284,0.11192779955186277,,,,,,,,,,,,,90.0,
plot_curve,3.9264214046822743,0.13731497646645155,0.08427856875736223,0.11194933038573128,,,,,,,,,,,,,90.0,
plot_curve,3.9866220735785953,0.13758977930480096,0.08444248586374481,0.11197449357658167,,,,,,,,,,,,,90.0,
plot_curve,4.046822742474916,0.13786940414552423,0.08460559551843831,0.11200326229082004,,,,,,,,,,,,,90.0,
plot_curve,4.107023411371237,0.1381538500534692,0.08476793317697047,0.11203560969485249,,,,,,,,,,,,,90.0,
plot_curve,4.167224080267559,0.13844311609348361,0.084929534294869,0.11207150895508514,,,,,,,,,,,,,90.0,
plot_curve,4.2274247491638794,0.1387372013304153,0.08509043432766167,0.11211093323792407,,,,,,,,,,,,,90.0,
plot_curve,4.287625418060201,0.13903610482911205,0.08525066873087618,0.11215385570977539,,,,,,,,,,,,,90.0,
plot_curve,4.3478260869565215,0.13933982565442163,0.08541027296004028,0.1122002495370452,,,,,,,,,,,,,90.0,
plot_curve,4.408026755852843,0.13964836287119184,0.08556928247068168,0.11225008788613962,,,,,,,,,,,,,90.0,
plot_curve,4.4682274247491645,0.1399617155442705,0.08572773271832816,0.11230334392346474,,,,,,,,,,,,,90.0,
plot_curve,4.528428093645485,0.1402798827385054,0.0858856591585074,0.11235999081542665,,,,,,,,,,,,,90.0,
plot_curve,4.588628762541806,0.14060286351874432,0.08604309724674716,0.11242000172843146,,,,,,,,,,,,,90.0,
plot_curve,4.648829431438127,0.14093065694983503,0.08620008243857517,0.11248334982888529,,,,,,,,,,,,,90.0,
plot_curve,4.709030100334449,0.1412632620966254,0.08635665018951919,0.11255000828319421,,,,,,,,,,,,,90.0,
plot_curve,4.769230769230769,0.14160067802396314,0.08651283595510689,0.11261995025776436,,,,,,,,,,,,,90.0,
plot_curve,4.82943143812709,0.14194290379669608,0.08666867519086605,0.11269314891900181,,,,,,,,,,,,,90.0,
plot_curve,4.889632107023411,0.14228993847967203,0.08682420335232438,0.11276957743331269,,,,,,,,,,,,,90.0,
plot_curve,4.949832775919733,0.14264178113773876,0.08697945589500965,0.11284920896710307,,,,,,,,,,,,,90.0,
plot_curve,5.010033444816054,0.1429984308357441,0.08713446827444955,0.11293201668677909,,,,,,,,,,,,,90.0,
plot_curve,5.070234113712375,0.14335988663853577,0.08728927594617183,0.11301797375874682,,,,,,,,,,,,,90.0,
plot_curve,5.130434782608695,0.1437261476109616,0.08744391436570423,0.11310705334941237,,,,,,,,,,,,,90.0,
plot_curve,5.190635451505017,0.14409721281786944,0.08759841898857447,0.11319922862518186,,,,,,,,,,,,,90.0,
plot_curve,5.250836120401338,0.14447308132410702,0.0877528252703103,0.11329447275246138,,,,,,,,,,,,,90.0,
plot_curve,5.311036789297659,0.14485375219452218,0.08790716866643943,0.11339275889765704,,,,,,,,,,,,,90.0,
plot_curve,5.3712374581939795,0.14523922449396265,0.0880614846324896,0.11349406022717493,,,,,,,,,,,,,90.0,
plot_curve,5.431438127090301,0.14562949728727625,0.08821580862398856,0.11359834990742115,,,,,,,,,,,,,90.0,
plot_curve,5.491638795986622,0.14602456963931082,0.08837017609646403,0.11370560110480181,,,,,,,,,,,,,90.0,
plot_curve,5.551839464882944,0.1464244406149141,0.08852462250544374,0.11381578698572302,,,,,,,,,,,,,90.0,
plot_curve,5.6120401337792645,0.1468291092789339,0.08867918330645541,0.11392888071659088,,,,,,,,,,,,,90.0,
plot_curve,5.672240802675585,0.147238574696218,0.08883389395502682,0.11404485546381148,,,,,,,,,,,,,90.0,
plot_curve,5.7324414715719065,0.14765283593161424,0.08898878990668566,0.11416368439379093,,,,,,,,,,,,,90.0,
plot_curve,5.792642140468228,0.14807189204997037,0.08914390661695967,0.11428534067293535,,,,,,,,,,,,,90.0,
plot_curve,5.852842809364549,0.1484957421161342,0.08929927954137659,0.1144097974676508,,,,,,,,,,,,,90.0,
plot_curve,5.913043478260869,0.14892438519495352,0.08945494413546415,0.11453702794434342,,,,,,,,,,,,,90.0,
plot_curve,5.973244147157191,0.14935782035127612,0.08961093585475009,0.1146670052694193,,,,,,,,,,,,,90.0,
plot_curve,6.033444816053512,0.1497960466499498,0.08976729015476215,0.11479970260928454,,,,,,,,,,,,,90.0,
plot_curve,6.093645484949833,0.15023906315582236,0.08992404249102803,0.11493509313034525,,,,,,,,,,,,,90.0,
plot_curve,6.153846153846154,0.15068686893374159,0.09008122831907549,0.11507314999900752,,,,,,,,,,,,,90.0,
plot_curve,6.214046822742475,0.15113946304855527,0.09023888309443226,0.11521384638167746,,,,,,,,,,,,,90.0,
plot_curve,6.274247491638796,0.15159684456511122,0.09039704227262606,0.11535715544476119,,,,,,,,,,,,,90.0,
plot_curve,6.334448160535117,0.1520590125482572,0.09055574130918463,0.11550305035466478,,,,,,,,,,,,,90.0,
plot_curve,6.394648829431438,0.15252596606284102,0.09071501565963572,0.11565150427779435,,,,,,,,,,,,,90.0,
plot_curve,6.454849498327759,0.1529977041737105,0.09087490077950704,0.11580249038055598,,,,,,,,,,,,,90.0,
plot_curve,6.51505016722408,0.15347422594571342,0.09103543212432633,0.11595598182935582,,,,,,,,,,,,,90.0,
plot_curve,6.575250836120402,0.15395553044369753,0.09119664514962132,0.11611195179059994,,,,,,,,,,,,,90.0,
plot_curve,6.635451505016722,0.1544416167325107,0.09135857531091976,0.11627037343069443,,,,,,,,,,,,,90.0,
plot_curve,6.695652173913044,0.15493248387700065,0.09152125806374936,0.11643121991604544,,,,,,,,,,,,,90.0,
plot_curve,6.7558528428093645,0.1554281309420152,0.09168472886363785,0.11659446441305901,,,,,,,,,,,,,90.0,
plot_curve,6.816053511705686,0.15592855699240218,0.091849023166113,0.1167600800881413,,,,,,,,,,,,,90.0,
plot_curve,6.8762541806020065,0.15643376109300935,0.09201417642670251,0.11692804010769837,,,,,,,,,,,,,90.0,
plot_curve,6.936454849498328,0.1569437423086845,0.09218022410093411,0.11709831763813636,,,,,,,,,,,,,90.0,
plot_curve,6.996655518394649,0.15745849970427545,0.09234720164433555,0.11727088584586133,,,,,,,,,,,,,90.0,
plot_curve,7.05685618729097,0.15797803234462995,0.09251514451243457,0.11744571789727942,,,,,,,,,,,,,90.0,
plot_curve,7.117056856187291,0.15850233929459584,0.09268408816075888,0.11762278695879672,,,,,,,,,,,,,90.0,
plot_curve,7.177257525083612,0.1590314196190209,0.09285406804483623,0.11780206619681931,,,,,,,,,,,,,90.0,
plot_curve,7.237458193979934,0.1595652723827529,0.09302511962019434,0.11798352877775332,,,,,,,,,,,,,90.0,
plot_curve,7.297658862876254,0.16010389665063965,0.09319727834236094,0.11816714786800485,,,,,,,,,,,,,90.0,
plot_curve,7.357859531772576,0.160647291487529,0.0933705796668638,0.11835289663397998,,,,,,,,,,,,,90.0,
plot_curve,7.418060200668896,0.16119545595826862,0.0935450590492306,0.11854074824208485,,,,,,,,,,,,,90.0,
plot_curve,7.478260869565218,0.1617483891277064,0.0937207519449891,0.11873067585872553,,,,,,,,,,,,,90.0,
plot_curve,7.538461538461538,0.1623060900606901,0.09389769380966705,0.11892265265030813,,,,,,,,,,,,,90.0,
plot_curve,7.59866220735786,0.16286855782206755,0.09407592009879215,0.11911665178323877,,,,,,,,,,,,,90.0,
plot_curve,7.65886287625418,0.16343579147668652,0.09425546626789214,0.11931264642392353,,,,,,,,,,,,,90.0,
plot_curve,7.719063545150502,0.16400779008939478,0.09443636777249477,0.11951060973876854,,,,,,,,,,,,,90.0,
plot_curve,7.7792642140468224,0.16458455272504013,0.09461866006812776,0.11971051489417986,,,,,,,,,,,,,90.0,
plot_curve,7.839464882943144,0.16516607844847042,0.09480237861031884,0.11991233505656362,,,,,,,,,,,,,90.0,
plot_curve,7.899665551839465,0.16575236632453338,0.09498755885459577,0.12011604339232593,,,,,,,,,,,,,90.0,
plot_curve,7.959866220735786,0.16634341541807682,0.09517423625648624,0.12032161306787288,,,,,,,,,,,,,90.0,
plot_curve,8.020066889632108,0.16693922479394857,0.09536244627151802,0.12052901724961057,,,,,,,,,,,,,90.0,
plot_curve,8.080267558528428,0.16753979351699635,0.0955522243552188,0.12073822910394509,,,,,,,,,,,,,90.0,
plot_curve,8.14046822742475,0.16814512065206805,0.09574360596311636,0.12094922179728258,,,,,,,,,,,,,90.0,
plot_curve,8.20066889632107,0.16875520526401136,0.09593662655073842,0.12116196849602912,,,,,,,,,,,,,90.0,
plot_curve,8.26086956521739,0.16937004641767417,0.0961313215736127,0.1213764423665908,,,,,,,,,,,,,90.0,
plot_curve,8.321070234113712,0.16998964317790421,0.09632772648726694,0.12159261657537376,,,,,,,,,,,,,90.0,
plot_curve,8.381270903010034,0.1706139946095493,0.09652587674722887,0.12181046428878406,,,,,,,,,,,,,90.0,
plot_curve,8.441471571906355,0.17124309977745722,0.09672580780902623,0.12202995867322783,,,,,,,,,,,,,90.0,
plot_curve,8.501672240802677,0.1718769577464758,0.09692755512818674,0.12225107289511115,,,,,,,,,,,,,90.0,
plot_curve,8.561872909698998,0.17251556758145278,0.09713115416023815,0.12247378012084016,,,,,,,,,,,,,90.0,
plot_curve,8.622073578595318,0.17315892834723598,0.09733664036070817,0.12269805351682092,,,,,,,,,,,,,90.0,
plot_curve,8.68227424749164,0.1738070391086732,0.09754404918512456,0.12292386624945956,,,,,,,,,,,,,90.0,
plot_curve,8.742474916387959,0.1744598989306122,0.09775341608901504,0.12315119148516215,,,,,,,,,,,,,90.0,
plot_curve,8.80267558528428,0.17511750687790087,0.09796477652790733,0.12338000239033484,,,,,,,,,,,,,90.0,
plot_curve,8.862876254180602,0.1757798620153869,0.0981781659573292,0.12361027213138369,,,,,,,,,,,,,90.0,
plot_curve,8.923076923076923,0.1764469634079181,0.09839361983280834,0.12384197387471484,,,,,,,,,,,,,90.0,
plot_curve,8.983277591973245,0.1771188101203423,0.09861117360987251,0.12407508078673436,,,,,,,,,,,,,90.0,
plot_curve,9.043478260869566,0.1777954012175073,0.09883086274404942,0.12430956603384838,,,,,,,,,,,,,90.0,
plot_curve,9.103678929765888,0.17847673576426087,0.09905272269086685,0.12454540278246298,,,,,,,,,,,,,90.0,
plot_curve,9.163879598662207,0.17916281282545077,0.09927678890585247,0.12478256419898426,,,,,,,,,,,,,90.0,
plot_curve,9.224080267558529,0.17985363146592487,0.09950309684453404,0.12502102344981836,,,,,,,,,,,,,90.0,
plot_curve,9.284280936454849,0.18054919075053089,0.09973168196243931,0.12526075370137132,,,,,,,,,,,,,90.0,
plot_curve,9.34448160535117,0.1812494897441167,0.099962579715096,0.1255017281200493,,,,,,,,,,,,,90.0,
plot_curve,9.404682274247492,0.18195452751153002,0.10019582555803185,0.12574391987225836,,,,,,,,,,,,,90.0,
plot_curve,9.464882943143813,0.1826643031176187,0.10043145494677458,0.12598730212440465,,,,,,,,,,,,,90.0,
plot_curve,9.525083612040135,0.18337881562723046,0.10066950333685191,0.12623184804289425,,,,,,,,,,,,,90.0,
plot_curve,9.585284280936456,0.18409806410521323,0.10091000618379162,0.12647753079413324,,,,,,,,,,,,,90.0,
plot_curve,9.645484949832776,0.18482204761641463,0.1011529989431214,0.12672432354452773,,,,,,,,,,,,,90.0,
plot_curve,9.705685618729097,0.1855507652256826,0.10139851707036898,0.12697219946048385,,,,,,,,,,,,,90.0,
plot_curve,9.765886287625419,0.18628421599786485,0.10164659602106214,0.12722113170840768,,,,,,,,,,,,,90.0,
plot_curve,9.826086956521738,0.1870223989978092,0.10189727125072856,0.1274710934547053,,,,,,,,,,,,,90.0,
plot_curve,9.88628762541806,0.18776531329036344,0.10215057821489601,0.1277220578657829,,,,,,,,,,,,,90.0,
plot_curve,9.946488294314381,0.18851295794037537,0.10240655236909221,0.1279739981080465,,,,,,,,,,,,,90.0,
plot_curve,10.006688963210703,0.18926533201269283,0.10266522916884491,0.12822688734790222,,,,,,,,,,,,,90.0,
plot_curve,10.066889632107024,0.19002243457216353,0.1029266440696818,0.12848069875175616,,,,,,,,,,,,,90.0,
plot_curve,10.127090301003344,0.19078426468363527,0.10319083252713063,0.12873540548601442,,,,,,,,,,,,,90.0,
plot_curve,10.187290969899665,0.1915508214119559,0.10345782999671915,0.12899098071708312,,,,,,,,,,,,,90.0,
plot_curve,10.247491638795987,0.1923221038219732,0.10372767193397509,0.12924739761136836,,,,,,,,,,,,,90.0,
plot_curve,10.307692307692308,0.19309811097853496,0.10400039379442616,0.12950462933527623,,,,,,,,,,,,,90.0,
plot_curve,10.36789297658863,0.19387884194648897,0.10427603103360013,0.12976264905521287,,,,,,,,,,,,,90.0,
plot_curve,10.42809364548495,0.19466429579068295,0.1045546191070247,0.1300214299375843,,,,,,,,,,,,,90.0,
plot_curve,10.488294314381271,0.19545447157596485,0.10483619347022763,0.13028094514879673,,,,,,,,,,,,,90.0,
plot_curve,10.548494983277592,0.19624936836718232,0.10512078957873662,0.13054116785525618,,,,,,,,,,,,,90.0,
plot_curve,10.608695652173914,0.19704898522918324,0.10540844288807943,0.1308020712233688,,,,,,,,,,,,,90.0,
plot_curve,10.668896321070234,0.19785332122681537,0.10569918885378378,0.13106362841954064,,,,,,,,,,,,,90.0,
plot_curve,10.729096989966555,0.19866237542492649,0.10599306293137742,0.13132581261017784,,,,,,,,,,,,,90.0,
plot_curve,10.789297658862877,0.19947614688836446,0.10629010057638805,0.1315885969616865,,,,,,,,,,,,,90.0,
plot_curve,10.849498327759198,0.200294634681977,0.10659033724434344,0.13185195464047272,,,,,,,,,,,,,90.0,
plot_curve,10.909698996655518,0.20111783787061188,0.1068938083907713,0.1321158588129426,,,,,,,,,,,,,90.0,
plot_curve,10.96989966555184,0.20194575551911703,0.10720054947119936,0.13238028264550228,,,,,,,,,,,,,90.0,
plot_curve,11.03010033444816,0.20277838669234013,0.10751059594115539,0.1326451993045578,,,,,,,,,,,,,90.0,
plot_curve,11.090301003344482,0.20361573045512898,0.10782398325616707,0.13291058195651528,,,,,,,,,,,,,90.0,
plot_curve,11.150501672240804,0.20445778587233146,0.10814074687176216,0.13317640376778084,,,,,,,,,,,,,90.0,
plot_curve,11.210702341137123,0.20530455200879524,0.10846092224346839,0.13344263790476055,,,,,,,,,,,,,90.0,
plot_curve,11.270903010033445,0.2061560279293682,0.10878454482681349,0.13370925753386056,,,,,,,,,,,,,90.0,
plot_curve,11.331103678929766,0.20701221269889813,0.10911165007732522,0.13397623582148696,,,,,,,,,,,,,90.0,
plot_curve,11.391304347826088,0.20787310538223278,0.10944227345053129,0.13424354593404583,,,,,,,,,,,,,90.0,
plot_curve,11.451505016722408,0.20873870504421993,0.10977645040195941,0.13451116103794328,,,,,,,,,,,,,90.0,
plot_curve,11.511705685618729,0.20960901074970745,0.11011421638713734,0.13477905429958542,,,,,,,,,,,,,90.0,
plot_curve,11.57190635451505,0.21048402156354312,0.11045560686159281,0.13504719888537836,,,,,,,,,,,,,90.0,
plot_curve,11.632107023411372,0.2113637365505747,0.11080065728085356,0.13531556796172817,,,,,,,,,,,,,90.0,
plot_curve,11.692307692307693,0.21224815477564998,0.11114940310044731,0.135584134695041,,,,,,,,,,,,,90.0,
plot_curve,11.752508361204013,0.21313727530361676,0.11150187977590179,0.13585287225172288,,,,,,,,,,,,,90.0,
plot_curve,11.812709030100335,0.21403109719932284,0.11185812276274476,0.13612175379817998,,,,,,,,,,,,,90.0,
plot_curve,11.872909698996656,0.21492961952761605,0.1122181675165039,0.13639075250081842,,,,,,,,,,,,,90.0,
plot_curve,11.933110367892978,0.21583284135334413,0.112582049492707,0.13665984152604424,,,,,,,,,,,,,90.0,
plot_curve,11.993311036789297,0.21674076174135487,0.11294980414688177,0.13692899404026354,,,,,,,,,,,,,90.0,
plot_curve,12.053511705685619,0.21765337975649612,0.11332146693455594,0.13719818320988247,,,,,,,,,,,,,90.0,
plot_curve,12.11371237458194,0.2185706944636156,0.11369707331125724,0.13746738220130714,,,,,,,,,,,,,90.0,
plot_curve,12.173913043478262,0.2194927049275612,0.11407665873251341,0.13773656418094357,,,,,,,,,,,,,90.0,
plot_curve,12.234113712374581,0.2204194102131806,0.11446025865385218,0.13800570231519793,,,,,,,,,,,,,90.0,
plot_curve,12.294314381270903,0.2213508093853217,0.11484790853080129,0.1382747697704763,,,,,,,,,,,,,90.0,
plot_curve,12.354515050167224,0.22228690150883226,0.11523964381888846,0.13854373971318484,,,,,,,,,,,,,90.0,
plot_curve,12.414715719063546,0.22322768564856005,0.11563549997364143,0.13881258530972956,,,,,,,,,,,,,90.0,
plot_curve,12.474916387959867,0.22417316086935285,0.11603551245058795,0.13908127972651663,,,,,,,,,,,,,90.0,
plot_curve,12.535117056856187,0.22512332623605846,0.11643971670525571,0.1393497961299521,,,,,,,,,,,,,90.0,
plot_curve,12.595317725752508,0.2260781808135247,0.11684814819317248,0.13961810768644214,,,,,,,,,,,,,90.0,
plot_curve,12.65551839464883,0.2270377236665994,0.11726084236986599,0.13988618756239277,,,,,,,,,,,,,90.0,
plot_curve,12.715719063545151,0.22800195386013034,0.11767783469086396,0.14015400892421018,,,,,,,,,,,,,90.0,
plot_curve,12.775919732441471,0.2289708704589652,0.1180991606116941,0.1404215449383004,,,,,,,,,,,,,90.0,
plot_curve,12.836120401337793,0.22994447252795192,0.11852485558788421,0.14068876877106956,,,,,,,,,,,,,90.0,
plot_curve,12.896321070234114,0.23092275913193822,0.11895495507496195,0.14095565358892376,,,,,,,,,,,,,90.0,
plot_curve,12.956521739130435,0.2319057293357719,0.11938949452845513,0.14122217255826913,,,,,,,,,,,,,90.0,
plot_curve,13.016722408026757,0.23289338220430075,0.1198285094038914,0.14148829884551173,,,,,,,,,,,,,90.0,
plot_curve,13.076923076923077,0.23388571680237255,0.12027203515679855,0.14175400561705767,,,,,,,,,,,,,90.0,
plot_curve,13.137123745819398,0.2348827321948352,0.12072010724270428,0.14201926603931309,,,,,,,,,,,,,90.0,
plot_curve,13.19732441471572,0.23588442744653637,0.12117276111713636,0.14228405327868404,,,,,,,,,,,,,90.0,
plot_curve,13.257525083612041,0.2368908016223239,0.12163003223562249,0.14254834050157666,,,,,,,,,,,,,90.0,
plot_curve,13.31772575250836,0.23790185378704554,0.12209195605369041,0.14281210087439705,,,,,,,,,,,,,90.0,
plot_curve,13.377926421404682,0.23891758300554916,0.12255856802686788,0.14307530756355127,,,,,,,,,,,,,90.0,
plot_curve,13.438127090301004,0.2399379883426825,0.12302990361068257,0.14333793373544548,,,,,,,,,,,,,90.0,
plot_curve,13.498327759197325,0.24096306886329344,0.12350599826066229,0.14359995255648578,,,,,,,,,,,,,90.0,
plot_curve,13.558528428093645,0.24199282363222963,0.12398688743233471,0.1438613371930782,,,,,,,,,,,,,90.0,
plot_curve,13.618729096989966,0.24302725171433898,0.12447260658122761,0.14412206081162893,,,,,,,,,,,,,90.0,
plot_curve,13.678929765886288,0.24406635217446926,0.12496319116286869,0.144382096578544,,,,,,,,,,,,,90.0,
plot_curve,13.73913043478261,0.2451101240774682,0.1254586766327857,0.1446414176602296,,,,,,,,,,,,,90.0,
plot_curve,13.79933110367893,0.24615856648818368,0.12595909844650635,0.14489999722309174,,,,,,,,,,,,,90.0,
plot_curve,13.85953177257525,0.24721167847146344,0.1264644920595584,0.14515780843353657,,,,,,,,,,,,,90.0,
plot_curve,13.919732441471572,0.2482694590921553,0.12697489292746958,0.1454148244579702,,,,,,,,,,,,,90.0,
plot_curve,13.979933110367893,0.24933190741510702,0.1274903365057676,0.14567101846279867,,,,,,,,,,,,,90.0,
plot_curve,14.040133779264215,0.25039902250516644,0.12801085824998024,0.14592636361442818,,,,,,,,,,,,,90.0,
plot_curve,14.100334448160535,0.2514708034271813,0.12853649361563518,0.14618083307926477,,,,,,,,,,,,,90.0,
plot_curve,14.160535117056856,0.25254724924599947,0.12906727805826018,0.14643440002371455,,,,,,,,,,,,,90.0,
plot_curve,14.220735785953178,0.25362835902646874,0.12960324703338297,0.1466870376141836,,,,,,,,,,,,,90.0,
plot_curve,14.280936454849499,0.25471413183343683,0.1301444359965313,0.1469387190170781,,,,,,,,,,,,,90.0,
plot_curve,14.34113712374582,0.25580456673175156,0.13069088040323287,0.1471894173988041,,,,,,,,,,,,,90.0,
plot_curve,14.40133779264214,0.2568996627862607,0.1312426157090154,0.14743910592576764,,,,,,,,,,,,,90.0,
plot_curve,14.461538461538462,0.2579994190618121,0.13179967736940668,0.14768775776437496,,,,,,,,,,,,,90.0,
plot_curve,14.521739130434783,0.25910383462325354,0.1323621008399344,0.14793534608103204,,,,,,,,,,,,,90.0,
plot_curve,14.581939799331105,0.2602129085354328,0.13292992157612632,0.14818184404214507,,,,,,,,,,,,,90.0,
plot_curve,14.642140468227424,0.2613266398631977,0.13350317503351017,0.1484272248141201,,,,,,,,,,,,,90.0,
plot_curve,14.702341137123746,0.262445027671396,0.13408189666761364,0.14867146156336322,,,,,,,,,,,,,90.0,
plot_curve,14.762541806020067,0.26356807102487545,0.1346661219339645,0.1489145274562806,,,,,,,,,,,,,90.0,
plot_curve,14.822742474916389,0.264695768988484,0.1352558862880905,0.14915639565927827,,,,,,,,,,,,,90.0,
plot_curve,14.88294314381271,0.2658281206270693,0.13585122518551934,0.1493970393387624,,,,,,,,,,,,,90.0,
plot_curve,14.94314381270903,0.2669651250054791,0.13645217408177873,0.14963643166113902,,,,,,,,,,,,,90.0,
plot_curve,15.003344481605351,0.2681067811885614,0.13705876843239645,0.14987454579281428,,,,,,,,,,,,,90.0,
plot_curve,15.063545150501673,0.2692530882411639,0.13767104369290026,0.1501113549001943,,,,,,,,,,,,,90.0,
plot_curve,15.123745819397994,0.27040404522813427,0.13828903531881784,0.15034683214968514,,,,,,,,,,,,,90.0,
plot_curve,15.183946488294314,0.27155965121432046,0.13891277876567693,0.1505809507076929,,,,,,,,,,,,,90.0,
plot_curve,15.244147157190636,0.2727199052645702,0.13954230948900526,0.1508136837406237,,,,,,,,,,,,,90.0,
plot_curve,15.304347826086957,0.27388480644373125,0.14017766294433057,0.15104500441488364,,,,,,,,,,,,,90.0,
plot_curve,15.364548494983278,0.2750543538166515,0.14081887458718062,0.15127488589687882,,,,,,,,,,,,,90.0,
plot_curve,15.424749163879598,0.2762285464481787,0.14146597987308307,0.15150330135301537,,,,,,,,,,,,,90.0,
plot_curve,15.48494983277592,0.2774073834031606,0.14211901425756573,0.15173022394969934,,,,,,,,,,,,,90.0,
plot_curve,15.545150501672241,0.27859086374644504,0.1427780131961563,0.1519556268533369,,,,,,,,,,,,,90.0,
plot_curve,15.605351170568563,0.2797789865428798,0.1434430121443825,0.1521794832303341,,,,,,,,,,,,,90.0,
plot_curve,15.665551839464884,0.2809717508573127,0.1441140465577721,0.15240176624709703,,,,,,,,,,,,,90.0,
plot_curve,15.725752508361204,0.28216915575459145,0.1447911518918528,0.15262244907003183,,,,,,,,,,,,,90.0,
plot_curve,15.785953177257525,0.2833712002995639,0.14547436360215235,0.1528415048655446,,,,,,,,,,,,,90.0,
plot_curve,15.846153846153847,0.2845778835570779,0.14616371714419849,0.15305890680004144,,,,,,,,,,,,,90.0,
plot_curve,15.906354515050168,0.28578920459198126,0.14685924797351893,0.15327462803992845,,,,,,,,,,,,,90.0,
plot_curve,15.966555183946488,0.28700516246912156,0.1475609915456414,0.1534886417516117,,,,,,,,,,,,,90.0,
plot_curve,16.02675585284281,0.2882257562533469,0.1482689833160937,0.15370092110149736,,,,,,,,,,,,,90.0,
plot_curve,16.086956521739133,0.2894509850095048,0.14898325874040347,0.15391143925599143,,,,,,,,,,,,,90.0,
plot_curve,16.147157190635454,0.2906808478024432,0.14970385327409846,0.15412016938150014,,,,,,,,,,,,,90.0,
plot_curve,16.207357859531776,0.2919153436970099,0.15043080237270648,0.1543270846444295,,,,,,,,,,,,,90.0,
plot_curve,16.267558528428093,0.29315447175805254,0.15116414149175514,0.15453215821118566,,,,,,,,,,,,,90.0,
plot_curve,16.327759197324415,0.29439823105041907,0.1519039060867723,0.15473536324817466,,,,,,,,,,,,,90.0,
plot_curve,16.387959866220736,0.2956466206389573,0.1526501316132856,0.1549366729218027,,,,,,,,,,,,,90.0,
plot_curve,16.448160535117058,0.29689963958851495,0.15340285352682284,0.1551360603984758,,,,,,,,,,,,,90.0,
plot_curve,16.508361204013376,0.2981572869639397,0.15416210728291163,0.15533349884460007,,,,,,,,,,,,,90.0,
plot_curve,16.568561872909697,0.2994195618300797,0.1549279283370799,0.15552896142658168,,,,,,,,,,,,,90.0,
plot_curve,16.62876254180602,0.3006864632517824,0.15570035214485523,0.15572242131082664,,,,,,,,,,,,,90.0,
plot_curve,16.68896321070234,0.3019579902938957,0.15647941416176542,0.15591385166374114,,,,,,,,,,,,,90.0,
plot_curve,16.74916387959866,0.3032341420212675,0.15726514984333817,0.1561032256517312,,,,,,,,,,,,,90.0,
plot_curve,16.809364548494983,0.3045149174987455,0.15805759464510125,0.156290516441203,,,,,,,,,,,,,90.0,
plot_curve,16.869565217391305,0.3058003157911774,0.15885678402258235,0.15647569719856258,,,,,,,,,,,,,90.0,
plot_curve,16.929765886287626,0.3070903359634111,0.1596627534313092,0.1566587410902161,,,,,,,,,,,,,90.0,
plot_curve,16.989966555183948,0.3083849770802945,0.1604755383268096,0.1568396212825696,,,,,,,,,,,,,90.0,
plot_curve,17.05016722408027,0.30968423820667523,0.1612951741646112,0.15701831094202923,,,,,,,,,,,,,90.0,
plot_curve,17.11036789297659,0.31098811840740104,0.1621216964002418,0.15719478323500105,,,,,,,,,,,,,90.0,
plot_curve,17.170568561872912,0.3122966167473199,0.1629551404892291,0.1573690113278912,,,,,,,,,,,,,90.0,
plot_curve,17.230769230769234,0.3136097322912795,0.16379554188710077,0.15754096838710577,,,,,,,,,,,,,90.0,
plot_curve,17.29096989966555,0.31492746410412753,0.16464293604938463,0.15771062757905085,,,,,,,,,,,,,90.0,
plot_curve,17.351170568561873,0.31624981125071205,0.16549735843160843,0.15787796207013258,,,,,,,,,,,,,90.0,
plot_curve,17.411371237458194,0.3175767727958807,0.16635884448929983,0.15804294502675703,,,,,,,,,,,,,90.0,
plot_curve,17.471571906354516,0.3189083478044813,0.16722742967798665,0.15820554961533032,,,,,,,,,,,,,90.0,
plot_curve,17.531772575250837,0.3202445353413616,0.16810314945319654,0.15836574900225853,,,,,,,,,,,,,90.0,
plot_curve,17.591973244147155,0.3215853344713694,0.1689860392704572,0.15852351635394776,,,,,,,,,,,,,90.0,
plot_curve,17.652173913043477,0.32293074425935253,0.1698761345852965,0.15867882483680412,,,,,,,,,,,,,90.0,
plot_curve,17.712374581939798,0.3242807637701588,0.1707734708532421,0.15883164761723376,,,,,,,,,,,,,90.0,
plot_curve,17.77257525083612,0.325635392068636,0.17167808352982172,0.1589819578616427,,,,,,,,,,,,,90.0,
plot_curve,17.83277591973244,0.3269946282196318,0.17259000807056313,0.15912972873643713,,,,,,,,,,,,,90.0,
plot_curve,17.892976588628763,0.32835847128799417,0.17350927993099402,0.15927493340802307,,,,,,,,,,,,,90.0,
plot_curve,17.953177257525084,0.3297269203385708,0.17443593456664214,0.1594175450428067,,,,,,,,,,,,,90.0,
plot_curve,18.013377926421406,0.33109997443620953,0.1753700074330352,0.15955753680719406,,,,,,,,,,,,,90.0,
plot_curve,18.073578595317727,0.33247763264575814,0.17631153398570099,0.1596948818675913,,,,,,,,,,,,,90.0,
plot_curve,18.13377926421405,0.3338598940320644,0.1772605496801672,0.15982955339040444,,,,,,,,,,,,,90.0,
plot_curve,18.19397993311037,0.33524675765997625,0.17821708997196162,0.15996152454203968,,,,,,,,,,,,,90.0,
plot_curve,18.254180602006688,0.3366382225943411,0.17918119031661178,0.16009076848890305,,,,,,,,,,,,,90.0,
plot_curve,18.31438127090301,0.33803428790000717,0.1801528861696457,0.16021725839740072,,,,,,,,,,,,,90.0,
plot_curve,18.37458193979933,0.33943495264182205,0.18113221298659096,0.16034096743393875,,,,,,,,,,,,,90.0,
plot_curve,18.434782608695652,0.3408402158846336,0.18211920622297534,0.16046186876492324,,,,,,,,,,,,,90.0,
plot_curve,18.494983277591974,0.34225007669328955,0.1831139013343265,0.1605799355567603,,,,,,,,,,,,,90.0,
plot_curve,18.555183946488295,0.3436645341326378,0.18411633377617226,0.16069514097585602,,,,,,,,,,,,,90.0,
plot_curve,18.615384615384617,0.345083587267526,0.18512653900404027,0.16080745818861655,,,,,,,,,,,,,90.0,
plot_curve,18.67558528428094,0.346507235162802,0.18614455247345837,0.16091686036144795,,,,,,,,,,,,,90.0,
plot_curve,18.73578595317726,0.34793547688331367,0.18717040963995418,0.1610233206607563,,,,,,,,,,,,,90.0,
plot_curve,18.795986622073578,0.3493683114939087,0.18820414595905546,0.16112681225294778,,,,,,,,,,,,,90.0,
plot_curve,18.8561872909699,0.3508057380594349,0.18924579688628998,0.1612273083044284,,,,,,,,,,,,,90.0,
plot_curve,18.91638795986622,0.3522477556447401,0.19029539787718547,0.16132478198160435,,,,,,,,,,,,,90.0,
plot_curve,18.976588628762542,0.3536943633146722,0.19135298438726966,0.1614192064508817,,,,,,,,,,,,,90.0,
plot_curve,19.036789297658864,0.3551455601340787,0.19241859187207028,0.1615105548786665,,,,,,,,,,,,,90.0,
plot_curve,19.096989966555185,0.3566013451678077,0.19349225578711507,0.16159880043136493,,,,,,,,,,,,,90.0,
plot_curve,19.157190635451506,0.35806171748070686,0.19457401158793172,0.16168391627538303,,,,,,,,,,,,,90.0,
plot_curve,19.217391304347828,0.35952667613762396,0.19566389473004803,0.16176587557712696,,,,,,,,,,,,,90.0,
plot_curve,19.277591973244146,0.3609962202034067,0.1967619406689916,0.16184465150300278,,,,,,,,,,,,,90.0,
plot_curve,19.337792642140467,0.3624703487429032,0.19786818486029034,0.1619202172194166,,,,,,,,,,,,,90.0,
plot_curve,19.39799331103679,0.3639490608209609,0.19898266275947188,0.16199254589277454,,,,,,,,,,,,,90.0,
plot_curve,19.45819397993311,0.3654323555024278,0.200105409822064,0.1620616106894827,,,,,,,,,,,,,90.0,
plot_curve,19.51839464882943,0.3669202318521516,0.2012364615035944,0.16212738477594715,,,,,,,,,,,,,90.0,
plot_curve,19.578595317725753,0.36841268893498014,0.20237585325959082,0.16218984131857403,,,,,,,,,,,,,90.0,
plot_curve,19.638795986622075,0.3699097258157612,0.20352362054558099,0.1622489534837694,,,,,,,,,,,,,90.0,
plot_curve,19.698996655518396,0.3714113415593426,0.2046797988170926,0.16230469443793943,,,,,,,,,,,,,90.0,
plot_curve,19.759197324414718,0.3729175352305721,0.20584442352965351,0.16235703734749016,,,,,,,,,,,,,90.0,
plot_curve,19.819397993311036,0.37442830589429743,0.2070175301387913,0.16240595537882774,,,,,,,,,,,,,90.0,
plot_curve,19.879598662207357,0.3759436526153665,0.20819915410003378,0.16245142169835824,,,,,,,,,,,,,90.0,
plot_curve,19.93979933110368,0.37746357445862705,0.2093893308689087,0.16249340947248775,,,,,,,,,,,,,90.0,
plot_curve,20.0,0.3789880704889269,0.21058809590094382,0.1625318918676224,,,,,,,,,,,,,90.0,
