sequence,method,from,serializationWaitMs,estimateGasMs,nonceMs,encodeMs,signMs,submitToHashMs,hashToReceiptMs,receiptTotalMs,lockHeldMs,totalMs,gasEstimate,gasLimit,gasUsed,nonce,blockNumber,transactionIndex,transactionHash,status,error
1,putDomainRoot,0xab7F5238cbEfB02062241cf979e4994b656FB944,0.12780001759529114,7.164199978113174,0.0031999945640563965,0.1394999921321869,3.9946999847888947,3.249099999666214,39.361299991607666,42.61039999127388,15.05799999833107,54.25440001487732,57684,800000,44373,61433,3210504,0,0xf81bb31ce23cf795ceae69caf88047e2f24670990ff0008dcaeece9f11ac7024,true,
2,putCertificate,0xab7F5238cbEfB02062241cf979e4994b656FB944,0.007600009441375732,8.641499996185303,0.003200024366378784,0.9964999854564667,3.2262000143527985,2.591600000858307,102.0916000008583,104.68320000171661,15.790299981832504,117.62330001592636,245758,800000,189045,61434,3210505,0,0x1a08cf820438ac7ab953bac285038b27a2e00bcd5e3ec76c83092d2e81cb901e,true,
3,putCertificate,0xab7F5238cbEfB02062241cf979e4994b656FB944,0.0070999860763549805,6.81029999256134,0.002499997615814209,0.6636999845504761,2.6772000193595886,2.958499997854233,53.366299986839294,56.32479998469353,13.407800018787384,66.53020000457764,245774,800000,189057,61435,3210506,0,0x6a75d81a1af288b23f46c19365efd991b40e16ea44062bbd520169b3e9c4083e,true,
4,putCertificate,0xab7F5238cbEfB02062241cf979e4994b656FB944,0.006400018930435181,5.334700018167496,0.0031000077724456787,0.44609999656677246,2.6685999929904938,2.416399985551834,36.79030001163483,39.20669999718666,11.165499985218048,47.70380002260208,245758,800000,189045,61436,3210507,0,0x91fd377fe733ce84e3abac7d945c7a12da22148ef3beec1fed755db443e36d20,true,
5,putDomainRoot,0xab7F5238cbEfB02062241cf979e4994b656FB944,0.013300001621246338,6.31810000538826,0.0026000142097473145,0.1348000168800354,2.8313000202178955,2.5752999782562256,28.594700008630753,31.169999986886978,12.231100022792816,40.512000024318695,57684,800000,44373,61437,3210509,0,0xe86861064de7a230c06253369df56b90195f49b2ed8671c2c2d7037b31d1cfdb,true,
6,putCertificate,0xab7F5238cbEfB02062241cf979e4994b656FB944,0.006099998950958252,5.6606999933719635,0.0032999813556671143,0.5785999894142151,2.411300003528595,2.3176999986171722,56.370200008153915,58.68790000677109,11.266299992799759,67.39239999651909,245758,800000,189045,61438,3210511,0,0xf5d7de1d39f3ae2b93b8a78e8ee153666dee404859ce506504bf26f58f2ca8c9,true,
7,putCertificate,0xab7F5238cbEfB02062241cf979e4994b656FB944,0.0067999958992004395,8.61710000038147,0.003500014543533325,0.5735999941825867,2.6561000049114227,2.709199994802475,16.43290001153946,19.142100006341934,15.001399993896484,31.044099986553192,245742,800000,189033,61439,3210513,0,0x75247ac7313511519bad24815980918970acec9b5eb2c911fe912d2c1a894638,true,
8,putCertificate,0xab7F5238cbEfB02062241cf979e4994b656FB944,0.00619998574256897,5.885600000619888,0.0031000077724456787,0.368399977684021,2.505400002002716,2.2630999982357025,55.94439998269081,58.207499980926514,11.338800013065338,67.03270000219345,245774,800000,189057,61440,3210516,0,0xb283e4d514b8f1fdab98f0d5f6e68ede080a768d30bd2f9974777fadd2b84c9f,true,
9,putCertificate,0xab7F5238cbEfB02062241cf979e4994b656FB944,0.00830000638961792,4.994699984788895,0.18889999389648438,0.32739999890327454,2.5284000039100647,2.3057999908924103,24.207000017166138,26.512800008058548,10.834800004959106,34.7325000166893,245774,800000,189057,61441,3210517,0,0xd419e6a25e0fdaaa20ecde27c4fef4435e6e810c0070ca0412665adafe08e5b0,true,
10,putCertificate,0xab7F5238cbEfB02062241cf979e4994b656FB944,0.008899986743927002,6.800999999046326,0.008799999952316284,0.4015999734401703,2.599000006914139,3.4253000020980835,34.942800015211105,38.36810001730919,13.65599998831749,48.24199998378754,245774,800000,189057,61442,3210519,0,0x47fe41187d797f60714595076608481321a1b35f12383431ce55d15267abd10f,true,
11,putCertificate,0xab7F5238cbEfB02062241cf979e4994b656FB944,0.00700002908706665,6.693900018930435,0.004500001668930054,0.34139999747276306,2.536100000143051,2.809799998998642,20.23659998178482,23.046399980783463,12.743099987506866,32.670200020074844,245758,800000,189045,61443,3210521,0,0xecafd911e72339f82bf4653923bfe2bd40498ad1e2d7834c3d75c818a75bed5c,true,
12,putCertificate,0xab7F5238cbEfB02062241cf979e4994b656FB944,0.00830000638961792,5.891699999570847,0.0054000020027160645,0.34529998898506165,2.992799997329712,2.633300006389618,21.915299981832504,24.548599988222122,12.156699985265732,33.81580001115799,245774,800000,189057,61444,3210522,0,0xc5bbf9a9214769d370b1843fe8376f1731230fa131dcf8a1db252a3a2b97430b,true,
13,putCertificate,0xab7F5238cbEfB02062241cf979e4994b656FB944,0.008600026369094849,5.956000000238419,0.004400014877319336,0.31120002269744873,2.5047999918460846,2.4675999879837036,55.19190001487732,57.65950000286102,11.550799995660782,66.46960002183914,245758,800000,189045,61445,3210524,0,0x8c6ea7b898f53d47a373a6fb5eeca411de70b521672a11a81627791ae47f21db,true,
14,putDomainRoot,0xab7F5238cbEfB02062241cf979e4994b656FB944,0.011399984359741211,4.983599990606308,0.0042999982833862305,0.09800001978874207,2.777300000190735,2.565400004386902,45.46849998831749,48.03389999270439,10.701600015163422,55.933200001716614,57684,800000,44373,61446,3210527,0,0x06ffa11f9b4febe740a56fd4c3253852d683d12b005ca56ba964b2b2232770b6,true,
15,putCertificate,0xab7F5238cbEfB02062241cf979e4994b656FB944,0.004999995231628418,5.744500011205673,0.004399985074996948,0.3772999942302704,2.5094999969005585,2.7804999947547913,70.55159997940063,73.33209997415543,11.673000007867813,82.01879999041557,245774,800000,189057,61447,3210529,0,0x4a86055b5396f70e7b328522a5827e8b434ba99d9c83ab48b058bb1d4b2b00b0,true,
16,putCertificate,0xab7F5238cbEfB02062241cf979e4994b656FB944,0.005299985408782959,5.394999980926514,0.004500001668930054,0.28700000047683716,2.466099977493286,2.642199993133545,41.33830001950264,43.980500012636185,11.065000027418137,52.16170001029968,245758,800000,189045,61448,3210530,0,0xf9a1619f040951a081904f1fcfd7184aa33bd8bf36758a0a7920999cdcd9f272,true,
17,putCertificate,0xab7F5238cbEfB02062241cf979e4994b656FB944,0.0048999786376953125,5.23759999871254,0.003500014543533325,0.3157999813556671,2.1874000132083893,2.4941000044345856,38.30759999155998,40.80169999599457,10.501900017261505,48.7248999774456,245774,800000,189057,61449,3210531,0,0xe342ef3c4cefe8189043d40a8a7de87aada056a4d4d18bb29f5d1a4ea6ed0e7e,true,
18,putCertificate,0xab7F5238cbEfB02062241cf979e4994b656FB944,0.004699975252151489,6.16059997677803,0.004099994897842407,0.3310000002384186,2.7242999970912933,3.0920000076293945,20.299299985170364,23.39129999279976,12.59060001373291,32.6380999982357,245758,800000,189045,61450,3210532,0,0x36328067ce5e6d182a8f97d469edc34ce69f9f0de788a7bda8160592c37d8b0e,true,
19,putCertificate,0xab7F5238cbEfB02062241cf979e4994b656FB944,0.0040000081062316895,4.4670000076293945,0.0036999881267547607,0.2874000072479248,2.122600018978119,2.1326999962329865,90.67509999871254,92.80779999494553,9.300999999046326,99.71669998764992,245774,800000,189057,61451,3210533,0,0x73f05780fb9075b7408414b7cab0568776e50892b6a5dd3f51fda685b189c445,true,
20,putCertificate,0xab7F5238cbEfB02062241cf979e4994b656FB944,0.0045999884605407715,5.239700019359589,0.004100024700164795,0.22769999504089355,2.2490000128746033,2.7253000140190125,73.17479997873306,75.90009999275208,10.684799998998642,83.67899999022484,245774,800000,189057,61452,3210535,0,0xc313f9a18ea352523c5f6ac9f8bf363a924cf78114ae1459d808c7f545a11a68,true,
21,putCertificate,0xab7F5238cbEfB02062241cf979e4994b656FB944,0.0056999921798706055,3.880400002002716,0.00279998779296875,0.1380000114440918,1.2847000062465668,1.4524999856948853,60.86930000782013,62.321799993515015,6.936499983072281,67.65769997239113,245774,800000,189057,61453,3210537,0,0xed72f072cb48c46c1f460a305cf98afe807e0521f3de2c55708c8eeac28ca063,true,
22,putCertificate,0xab7F5238cbEfB02062241cf979e4994b656FB944,0.004399985074996948,7.803599983453751,0.09839999675750732,0.30480000376701355,1.9941999912261963,1.8792999982833862,20.513900011777878,22.393200010061264,12.26690000295639,32.62629997730255,245774,800000,189057,61454,3210539,0,0x4b6fba600f86f1bfc3b7039753410d3b28cb701f6f03c26735a22f6aa5ffbe36,true,
23,putDomainRoot,0xab7F5238cbEfB02062241cf979e4994b656FB944,0.007499992847442627,6.609000027179718,0.005899995565414429,0.06369999051094055,2.0963000059127808,3.498500019311905,37.23839998245239,40.7369000017643,12.49549999833107,49.540800005197525,57684,800000,44373,61455,3210541,0,0xf801713e02d5fdeca62da88aef050e095cf89ca214c83a19b58df4756b0787bc,true,
24,putCertificate,0xab7F5238cbEfB02062241cf979e4994b656FB944,0.005199998617172241,5.598600000143051,0.0015000104904174805,0.14190000295639038,1.9786999821662903,2.628499984741211,38.16280001401901,40.79129999876022,10.58840000629425,48.53790000081062,245774,800000,189057,61456,3210543,0,0x29488c7aa7e6afb7f8cd08ff05dd0434403073c788dfcac214d4aa0598d6ea6a,true,
25,putCertificate,0xab7F5238cbEfB02062241cf979e4994b656FB944,0.005000025033950806,5.1646000146865845,0.0018999874591827393,0.23170000314712524,2.2513999938964844,1.8951999843120575,41.46209999918938,43.357299983501434,9.700399994850159,51.03210002183914,245774,800000,189057,61457,3210544,0,0xc732775dc59d9fed995dc341abf3edc0a561e44b0296c07473822d5684287829,true,
26,putCertificate,0xab7F5238cbEfB02062241cf979e4994b656FB944,0.004999995231628418,5.491300016641617,0.002200007438659668,0.2524999976158142,2.2795000076293945,1.9664999842643738,38.50910001993179,40.47560000419617,10.14970001578331,48.52889999747276,245774,800000,189057,61458,3210545,0,0xb81b2ee02d33286aacad0e798c5246edb52b7c9ccf1443342a6e2f1f18e5c2ab,true,
27,putCertificate,0xab7F5238cbEfB02062241cf979e4994b656FB944,0.005800008773803711,6.701599985361099,0.0022999942302703857,0.24739998579025269,3.678600013256073,3.036300003528595,155.22450000047684,158.26080000400543,13.897300004959106,168.9239999949932,245774,800000,189057,61459,3210546,0,0xbd5cc95892cd37ff62719da7bfb4cac92f254be2f502950a51ce643c41c273b5,true,
28,putCertificate,0xab7F5238cbEfB02062241cf979e4994b656FB944,0.009700000286102295,6.9478999972343445,0.0018000006675720215,0.15779998898506165,1.3339999914169312,4.273000001907349,53.92980000376701,58.20280000567436,12.860199987888336,66.67599999904633,245774,800000,189057,61460,3210548,0,0x50d4561e722711ce16a3351ab6da610251861dab12e70cb1f2ad10db66757ff9,true,
29,putCertificate,0xab7F5238cbEfB02062241cf979e4994b656FB944,0.0051000118255615234,8.443599998950958,0.0020000040531158447,0.21450001001358032,1.8914999961853027,2.2101999819278717,73.595400005579,75.80559998750687,13.003600001335144,86.3977999985218,245758,800000,189045,61461,3210550,0,0x9441e7a76ee0f96774ddff311e635889346d3fa43605ebbcabf98bde44f0f326,true,
30,putCertificate,0xab7F5238cbEfB02062241cf979e4994b656FB944,0.009499996900558472,6.852500021457672,0.001399993896484375,0.1422000229358673,1.1903000175952911,1.4437000155448914,90.75949999690056,92.20320001244545,10.03490000963211,100.43450000882149,245758,800000,189045,61462,3210552,0,0xbc062f542b3389fbfbeff86a1ba13b3b7cda8b00ab2de2e7c2542eff7599b4b3,true,
31,putCertificate,0xab7F5238cbEfB02062241cf979e4994b656FB944,0.007799983024597168,8.167099982500076,0.00210002064704895,0.18070000410079956,1.2612999975681305,2.2454000115394592,84.532900005579,86.77830001711845,12.28830000758171,96.41799998283386,245774,800000,189057,61463,3210554,0,0xff06b85904c795ae658124975996618f13b10c88cec1304019adab66ad8925ee,true,
32,authenticateSigned,0xab7F5238cbEfB02062241cf979e4994b656FB944,15.318299978971481,374.912299990654,179.39930000901222,0.5633000135421753,251.51969999074936,86.16100001335144,90.58370000123978,176.74470001459122,893.0078000128269,998.4829999804497,341194,800000,262457,61464,3210671,0,0x3fb9023a84069f17a072c373190f0900ab7ff1f33241552ab56ba6bda4028022,true,
33,authenticateSigned,0xab7F5238cbEfB02062241cf979e4994b656FB944,0.00830000638961792,158.5551000237465,0.0018000006675720215,0.20919999480247498,80.65479999780655,177.32030001282692,86.73669999837875,264.0570000112057,416.916699975729,503.4995999932289,341162,800000,262433,61465,3210689,0,0x86cad485a3d1d2a32e4425508f9b8cde52638ae9a138c05a213ce6be77ddfdd0,true,
34,authenticateSigned,0xab7F5238cbEfB02062241cf979e4994b656FB944,0.009999990463256836,175.64019998908043,0.001699984073638916,0.2928999960422516,91.55149999260902,171.2088000178337,126.73460000753403,297.94340002536774,439.07330000400543,565.4539999961853,341194,800000,262457,61466,3210707,0,0xca73adf2db612ae8be4bb5a94231277aa57fbb30f79d885c95c9258a1beef6d9,true,
35,authenticateSigned,0xab7F5238cbEfB02062241cf979e4994b656FB944,0.009299993515014648,127.58539998531342,0.0013000071048736572,0.20159998536109924,118.18149998784065,126.77439999580383,2.2542000114917755,129.0286000072956,373.0993000268936,375.0173000097275,341162,800000,262433,61467,3210726,0,0xeef98ed5c2d352f9e284183cbc1040103546009038b98e9d525672a97c51fef6,true,
36,authenticateSigned,0xab7F5238cbEfB02062241cf979e4994b656FB944,0.008799999952316284,88.27700001001358,0.0020000040531158447,0.3123999834060669,2.58720001578331,115.83370000123978,46.58959999680519,162.42329999804497,207.32950001955032,253.62650001049042,341194,800000,262457,61468,3210733,0,0x57262df9e9eb237d4a470e98e9b302b8d2ecca21347c331ed7590e2dd1a71114,true,
37,authenticateSigned,0xab7F5238cbEfB02062241cf979e4994b656FB944,0.008500009775161743,208.3323999941349,0.0015999972820281982,0.33550000190734863,88.1821999847889,40.59810000658035,220.24739998579025,260.8454999923706,337.8217000067234,557.7445999979973,341178,800000,262445,61469,3210749,0,0x0b86b836f296ee0ed96eac6cf415688d2840d59c22c8de7ef6400dc2e126fd56,true,
38,authenticateSigned,0xab7F5238cbEfB02062241cf979e4994b656FB944,0.007899999618530273,166.46649998426437,0.001399993896484375,0.21930000185966492,155.65880000591278,87.60779997706413,121.23170000314713,208.83949998021126,410.31260001659393,531.287800014019,341194,800000,262457,61470,3210779,0,0x67e49dea8913ad2b07e5f2fdf2e3068f15f82e2c273adb41b23e849b6053068b,true,
39,putCertificateAndDomainRoot,0xab7F5238cbEfB02062241cf979e4994b656FB944,0.009999990463256836,262.49299997091293,0.001699984073638916,0.2408999800682068,179.99050000309944,152.08899998664856,125.25229999423027,277.34129998087883,595.1188000142574,720.08599999547,99260,800000,76354,61471,3210808,0,0x3c06aec85880078a6027b67b7f1589c94fd53735f1857f7cfc9a4b728ef401c0,true,
40,authenticateSigned,0xab7F5238cbEfB02062241cf979e4994b656FB944,0.007800012826919556,221.58120000362396,0.0012999773025512695,0.3531000018119812,129.6613999903202,129.31900000572205,142.0693999826908,271.38839998841286,481.15829998254776,623.0040000081062,341162,800000,262433,61472,3210826,0,0x7f4dbe6647579bf2a39c98bce8384ec17bc899e0282d58721c8b2330513c2842,true,
41,putCertificateAndDomainRoot,0xab7F5238cbEfB02062241cf979e4994b656FB944,0.008599996566772461,204.64169999957085,0.001399993896484375,0.16729998588562012,125.4438000023365,183.82299998402596,112.65120002627373,296.4742000102997,514.2919000089169,626.745600014925,99244,800000,76342,61473,3210847,0,0xaa7f1d2295fb9853b2f17d1c2478d2077f2cd6570aee68cf74a4c7703f35b719,true,
42,authenticateSigned,0xab7F5238cbEfB02062241cf979e4994b656FB944,0.009400010108947754,83.4573999941349,0.0017000138759613037,0.3633999824523926,46.92859998345375,134.90340000391006,40.8619000017643,175.76530000567436,265.8976999819279,306.534500002861,341162,800000,262433,61474,3210860,0,0x38d15b5df2b70f17f5917c744ab22c09cf55daad26be856b8d40c2eb06e5c529,true,
43,authenticateSigned,0xab7F5238cbEfB02062241cf979e4994b656FB944,0.0056999921798706055,124.83980000019073,0.0015000104904174805,0.30959999561309814,118.70660001039505,133.36930000782013,165.8639000058174,299.23320001363754,377.45570001006126,543.1076999902725,341178,800000,262445,61475,3210876,0,0x5648919960b9a5254ed7e27de07478c3f55eaf32433d026833a5959b24380383,true,
44,authenticateSigned,0xab7F5238cbEfB02062241cf979e4994b656FB944,0.008600026369094849,245.60530000925064,0.0015999972820281982,0.2012999951839447,172.88289999961853,203.8023999929428,128.354699999094,332.1570999920368,622.7266999781132,750.8658000230789,341178,800000,262445,61476,3210903,0,0x56d3375c60c4ce3893ec6f8d6fa2786ea4c5b896cbfb0667ced00bbb31b245e8,true,
45,authenticateSigned,0xab7F5238cbEfB02062241cf979e4994b656FB944,0.0059999823570251465,217.08989998698235,0.001699984073638916,0.5515999794006348,176.29960000514984,175.7010000050068,163.4205999970436,339.1216000020504,569.8546000123024,733.0860999822617,341178,800000,262445,61477,3210931,0,0xfbcdb06a46bf9c50cecdcc4610f1dba307079471eff0a6f3eebca125f00b3e84,true,
46,authenticateSigned,0xab7F5238cbEfB02062241cf979e4994b656FB944,0.010300010442733765,161.1008000075817,0.0015000104904174805,0.27160000801086426,180.09319999814034,176.09319999814034,74.2291000187397,250.32230001688004,517.8264999985695,591.8092000186443,341178,800000,262445,61478,3210961,0,0x957648c7b5f2aebc178fac5789cdcb273f66e17fcca65ed23c56dc7e7c59daa7,true,
47,authenticateSigned,0xab7F5238cbEfB02062241cf979e4994b656FB944,0.01019999384880066,173.23860001564026,0.004700005054473877,0.2705000042915344,218.96240001916885,217.0576999783516,175.966000020504,393.0236999988556,609.901900023222,785.5191999971867,341162,800000,262433,61479,3210981,0,0xb49b308127c682fc636d45c2164b35d1e7f6e31da3f77df7b6de23aa260c5cf9,true,
48,putCertificateAndDomainRoot,0xab7F5238cbEfB02062241cf979e4994b656FB944,0.008699983358383179,232.45790001749992,0.001699984073638916,0.25369998812675476,179.72130000591278,203.87580001354218,209.95419999957085,413.830000013113,616.5391000211239,826.2827999889851,99244,800000,76342,61480,3211015,0,0x7a464a3a25f4a1b40e449004f9cc7bc88e0299dc1a137b7590c6a002d58e4968,true,
49,putCertificateAndDomainRoot,0xab7F5238cbEfB02062241cf979e4994b656FB944,0.011299997568130493,177.0518000125885,0.0015999972820281982,0.3525000214576721,79.61739999055862,195.59070000052452,126.2727999985218,321.8634999990463,452.984600007534,578.9094000160694,99260,800000,76354,61481,3211035,0,0x5b8783d501e186df8d9ad3de91f7a001f86480ed7ea724bea7234490a9635e96,true,
50,putCertificateAndDomainRoot,0xab7F5238cbEfB02062241cf979e4994b656FB944,0.008100003004074097,262.3174999952316,0.0015999972820281982,0.2450999915599823,218.13140001893044,173.47810000181198,176.23669999837875,349.71480000019073,654.4088999927044,830.4291000068188,99260,800000,76354,61482,3211068,0,0xbe3aa9dfd24899815a1eba3a1256c10bab8b0e186e2ab342ada93e03bb24e56b,true,
51,authenticateSigned,0xab7F5238cbEfB02062241cf979e4994b656FB944,0.00959998369216919,223.34149998426437,0.0015000104904174805,0.2727000117301941,122.11130002140999,169.18140000104904,133.08320000767708,302.2646000087261,515.1140000224113,648.0103000104427,341131,800000,262409,61483,3211091,0,0x251f9f20b1f313b578616b4a50f8d7064824de3561b8a3ec571a1215cd1d443b,true,
52,authenticateSigned,0xab7F5238cbEfB02062241cf979e4994b656FB944,0.00920000672340393,173.65529999136925,0.0012999773025512695,0.18239998817443848,77.73949998617172,211.3943000137806,250.4995000064373,461.8938000202179,463.1448000073433,713.4898000061512,341194,800000,262457,61484,3211113,0,0xdee7744e8ae7a639067607c522272e1cbdf2c617d512c5f99c03df69f5bb5db8,true,
53,authenticateSigned,0xab7F5238cbEfB02062241cf979e4994b656FB944,0.00920000672340393,214.58440002799034,0.0013000071048736572,0.2766000032424927,128.38199999928474,89.52390000224113,173.10150000452995,262.6254000067711,433.1313999891281,605.8881999850273,341209,800000,262469,61485,3211142,0,0x27bca8d2f3db315b3c967fc646f347e984ae39f494bc3a7c8a9297938195702c,true,
54,authenticateSigned,0xab7F5238cbEfB02062241cf979e4994b656FB944,0.009900003671646118,223.0029000043869,0.0020000040531158447,0.29019999504089355,44.36989998817444,210.0872000157833,214.1153999865055,424.2026000022888,477.9742999970913,691.8856999874115,341178,800000,262445,61486,3211161,0,0xf7dd012c699baf887a531abe60aedc8d628f828c2bbe7c42fe444d2429f86ff4,true,
55,authenticateSigned,0xab7F5238cbEfB02062241cf979e4994b656FB944,0.008799999952316284,267.05400002002716,0.001399993896484375,0.30959999561309814,168.03899997472763,263.373400002718,208.56319999694824,471.9365999996662,698.9995999932289,907.3601999878883,341194,800000,262457,61487,3211189,0,0x288bb8439ec30941d451c155e8dfd43113c1120e215b512db4dd861fd9d2cbaf,true,
56,authenticateSigned,0xab7F5238cbEfB02062241cf979e4994b656FB944,0.005800008773803711,156.13679999113083,0.0018000006675720215,0.36180001497268677,87.75,125.03139999508858,99.76669999957085,224.79809999465942,369.56279999017715,469.06520000100136,341178,800000,262445,61488,3211217,0,0x0234313aba730fd72c35466eeb54f8aba3a5bf607af1459e3140c8fbc650dfc7,true,
57,putCertificateAndDomainRoot,0xab7F5238cbEfB02062241cf979e4994b656FB944,0.008199989795684814,134.46739998459816,0.0015999972820281982,0.30209997296333313,3.2283999919891357,132.21370002627373,37.19699999690056,169.4107000231743,270.4011999964714,307.4273000061512,99244,800000,76342,61489,3211234,0,0x58ccc0d7bc31de0a266ff3c744da7a32929a3383770a386695e6444a7969f51e,true,
58,authenticateSigned,0xab7F5238cbEfB02062241cf979e4994b656FB944,0.13659998774528503,122.89080002903938,0.001699984073638916,0.2827000021934509,85.21059998869896,202.97220000624657,197.24480000138283,400.2170000076294,411.528500020504,608.7497000098228,341194,800000,262457,61490,3211244,0,0xe13ca58adab3e9d080e7335f00ed1684a5d7f1f7192ac696eec154acc5b93634,true,
59,authenticateSigned,0xab7F5238cbEfB02062241cf979e4994b656FB944,0.008100003004074097,248.77439999580383,0.0014999806880950928,0.2507999837398529,84.4239000082016,130.787299990654,132.7369999885559,263.5242999792099,464.41110000014305,596.9928999841213,341178,800000,262445,61491,3211267,0,0x90ec030931402de1643f1c51aa48406b62839959533f1ab4283eea5b71890e36,true,
60,putCertificateAndDomainRoot,0xab7F5238cbEfB02062241cf979e4994b656FB944,0.006099998950958252,211.89559999108315,0.001399993896484375,0.1559000015258789,167.0600000023842,222.40999999642372,170.7723000049591,393.1823000013828,601.8603000044823,772.3100999891758,99213,800000,76318,61492,3211294,0,0xda24045968fa324ee6bfb5a7145da2359fd6fc268ed3887df21405217019c65e,true,
61,authenticateSigned,0xab7F5238cbEfB02062241cf979e4994b656FB944,0.009299993515014648,174.83169999718666,0.0018999874591827393,0.27880001068115234,81.58709999918938,132.52979999780655,45.85830000042915,178.3880999982357,389.5945000052452,435.10629999637604,341178,800000,262445,61493,3211315,0,0x6301b3754987bad02dd761c23f79346f91284a508de4fbf675f99a237e6f39f7,true,
62,authenticateSigned,0xab7F5238cbEfB02062241cf979e4994b656FB944,0.0054000020027160645,150.61980000138283,0.001399993896484375,0.3102000057697296,127.14599999785423,38.79399999976158,144.70800000429153,183.50200000405312,317.1130000054836,461.61849999427795,341178,800000,262445,61494,3211336,0,0x7f3eddd83612f54356e8cd12665784cce014160c5d3c6b5d5070a58e4c5f9d9a,true,
63,authenticateSigned,0xab7F5238cbEfB02062241cf979e4994b656FB944,0.006200015544891357,100.21050000190735,0.0014000236988067627,0.34150001406669617,44.96639999747276,40.474400013685226,63.83149999380112,104.30590000748634,186.2699999809265,249.85180002450943,341194,800000,262457,61495,3211349,0,0xe67ed43415f871ddd30002366e73bf355073dc7ad94be311db4ab71ff4ca1aae,true,
64,authenticateSigned,0xab7F5238cbEfB02062241cf979e4994b656FB944,0.007799983024597168,6.510000020265579,0.0018000006675720215,0.29340001940727234,2.105100005865097,2.504199981689453,51.3716000020504,53.87579998373985,11.641400009393692,62.81189998984337,341194,800000,262457,61496,3211356,0,0x30d46ad1c94b4d705e868221684d5b6e3f41a3a471841384974fd8963135e7dc,true,
65,putCertificateAndDomainRoot,0xab7F5238cbEfB02062241cf979e4994b656FB944,0.007200002670288086,4.693300008773804,0.0020999908447265625,0.1641000211238861,2.083299994468689,2.64970001578331,60.615700006484985,63.265400022268295,9.93010002374649,70.2369000017643,99260,800000,76354,61497,3211374,0,0xdeef263e664bf007e44ebef9ad2b8d7ab9ccbbff2968fb076621f7b1e7265aa6,true,
66,authenticateSigned,0xab7F5238cbEfB02062241cf979e4994b656FB944,0.007899999618530273,45.84720000624657,0.0012999773025512695,0.31929999589920044,2.3925999999046326,2.5509999990463257,54.03090000152588,56.581900000572205,51.334100008010864,105.16730001568794,341178,800000,262445,61498,3211379,0,0x4f6bdd8c3f8090d136ea8f28ac28220fcaa1be78b1ca5e026196443745c043b3,true,
67,authenticateSigned,0xab7F5238cbEfB02062241cf979e4994b656FB944,0.007400006055831909,6.006599992513657,0.0017000138759613037,0.2533999979496002,2.001599997282028,3.2048999965190887,33.906800001859665,37.111699998378754,11.703399986028671,45.401700019836426,341178,800000,262445,61499,3211390,0,0x25170efd22df841cf1fe6a242460f4e34e2c6ddc420a72ae78f8cc1236048198,true,
68,authenticateSigned,0xab7F5238cbEfB02062241cf979e4994b656FB944,0.005300015211105347,42.53709998726845,0.0012999773025512695,0.20260000228881836,2.36939999461174,2.196599990129471,30.992900013923645,33.189500004053116,47.462699979543686,78.32530000805855,341162,800000,262433,61500,3211395,0,0x4c2e0ae1827d8d29afc6b63ca6bc18c2df71a56287c8ee203825adce93ba6250,true,
69,authenticateSigned,0xab7F5238cbEfB02062241cf979e4994b656FB944,0.007800012826919556,6.333099991083145,0.0017999708652496338,0.36090001463890076,2.149500012397766,2.9449999928474426,13.440400004386902,16.385399997234344,12.021499991416931,25.255400002002716,341209,800000,262469,61501,3211400,0,0x6384aba566794727787d9a09a3a9f046fe1433badf3caee95fdf69df4e27c6c0,true,
70,putCertificateAndDomainRoot,0xab7F5238cbEfB02062241cf979e4994b656FB944,0.014099985361099243,44.521600008010864,0.0018000006675720215,0.2676999866962433,2.7687000036239624,2.6092000007629395,60.02180001139641,62.63100001215935,50.40590000152588,110.22409999370575,99260,800000,76354,61502,3211413,0,0xb2897b7baf30fab04c13e443631b3d44b9c15e9ed1782f8fcbdefd4f020839a9,true,
71,putCertificateAndDomainRoot,0xab7F5238cbEfB02062241cf979e4994b656FB944,0.14880001544952393,51.294699996709824,0.0015000104904174805,0.24230000376701355,2.1310000121593475,43.84610000252724,2.3131000101566315,46.15920001268387,97.93059998750687,99.98740002512932,99260,800000,76354,61503,3211420,0,0x82583c1f2b73f5e689fe5c4aa383e8fe3f126a28abc5950d91daeee57d61c7c3,true,
72,authenticateSigned,0xab7F5238cbEfB02062241cf979e4994b656FB944,0.007800012826919556,3.833199977874756,0.0018000006675720215,0.18399998545646667,1.2649999856948853,1.4086999893188477,51.787400007247925,53.19609999656677,6.83500000834465,58.505899995565414,341162,800000,262433,61504,3211422,0,0x23c79c4723a1a3bc523347ff86f76232c4a4ed3685186a3f6b50d3a1dac51f87,true,
73,authenticateSigned,0xab7F5238cbEfB02062241cf979e4994b656FB944,0.004999995231628418,3.4923000037670135,0.0015000104904174805,0.16060000658035278,1.0546000003814697,1.3216000199317932,83.69369998574257,85.01530000567436,6.173400014638901,89.74680000543594,341162,800000,262433,61505,3211428,0,0xb1d654b6a52ebf448bb3908c8587122ae1697c593c32b25f74e86c54443df7aa,true,
74,authenticateSigned,0xab7F5238cbEfB02062241cf979e4994b656FB944,0.0054000020027160645,3.556799978017807,0.0015000104904174805,0.16659998893737793,1.0475000143051147,2.849700003862381,66.37759998440742,69.2272999882698,7.923299998044968,74.02399998903275,341178,800000,262445,61506,3211433,0,0x0eeff9732f8fe49b3e8b98eff34177476b8c2d14721f129526679638c522c463,true,
75,authenticateSigned,0xab7F5238cbEfB02062241cf979e4994b656FB944,0.005600005388259888,4.388599991798401,0.0020999908447265625,0.368399977684021,2.1773000061511993,2.562800019979477,54.290299981832504,56.85310000181198,9.749699980020523,63.8149000108242,341162,800000,262433,61507,3211443,0,0xe2cae6f516c87b5bf8cd4a57f1fbd76c0b58636b85e98cead994f916829d2bbf,true,
76,authenticateSigned,0xab7F5238cbEfB02062241cf979e4994b656FB944,0.008199989795684814,8.559900015592575,0.0017000138759613037,0.3474999964237213,8.084400027990341,2.9185999929904938,47.69699999690056,50.61559998989105,20.154000014066696,67.64239999651909,341178,800000,262445,61508,3211447,0,0x00e7dde62c29acea869144ad293bd39f9601ddd51d84537af5304e15fcf6edaa,true,
77,authenticateSigned,0xab7F5238cbEfB02062241cf979e4994b656FB944,0.008399993181228638,5.752999991178513,0.0018999874591827393,0.22870001196861267,2.0794000029563904,2.2951000034809113,40.630400002002716,42.92550000548363,10.667400002479553,51.01599997282028,341194,800000,262457,61509,3211449,0,0x8adf4f70347e31b8451d85916a63d2fdabe69cd911948d359b044b30336af2de,true,
78,authenticateSigned,0xab7F5238cbEfB02062241cf979e4994b656FB944,0.006099998950958252,3.2668000161647797,0.001399993896484375,0.16119998693466187,1.0853999853134155,1.3575000166893005,36.86149999499321,38.21900001168251,6.04449999332428,42.758799999952316,341178,800000,262445,61510,3211452,0,0x4b9602ea77da45e651f359c4f6fc5f86d5bc75c87f7c3393ac6d3cf4e494abee,true,
79,authenticateSigned,0xab7F5238cbEfB02062241cf979e4994b656FB944,0.00769999623298645,5.955700010061264,0.001699984073638916,0.26409998536109924,1.8327000141143799,2.5403000116348267,59.79519999027252,62.33550000190735,10.808699995279312,70.4336000084877,341194,800000,262457,61511,3211460,0,0x86b1621f67d0976e038dea066f45587fe28ff6543ef087b3166ff46219f3785a,true,
80,putCertificateAndDomainRoot,0xab7F5238cbEfB02062241cf979e4994b656FB944,0.010700017213821411,3.997099995613098,0.0011999905109405518,0.1544000208377838,1.1713999807834625,1.4119000136852264,44.90040001273155,46.31230002641678,6.87720000743866,51.664700001478195,99260,800000,76354,61512,3211471,0,0x37dbffd2b98db2b23e2956da20a1e399706cfda70cd71496ee59a21f03457f77,true,
81,authenticateSigned,0xab7F5238cbEfB02062241cf979e4994b656FB944,0.008899986743927002,5.636999994516373,0.002499997615814209,0.2619999945163727,1.9709999859333038,2.558699995279312,31.91430002450943,34.47300001978874,10.675900012254715,42.37610000371933,341194,800000,262457,61513,3211475,0,0xb0c03eca3085490c6cb8603a6912b5bb8e861c5c797cbc5c20c4d7a9625018cb,true,
82,authenticateSigned,0xab7F5238cbEfB02062241cf979e4994b656FB944,0.008200019598007202,12.134199976921082,0.0025999844074249268,0.33390000462532043,2.1292000114917755,2.488899976015091,38.75110000371933,41.23999997973442,17.319700002670288,55.86930000782013,341178,800000,262445,61514,3211497,0,0x6a19704faf369f6703c6a09d1ecf7828ee7e4f9abfd9be6fc37be376660b03b5,true,
83,authenticateSigned,0xab7F5238cbEfB02062241cf979e4994b656FB944,0.009299993515014648,6.6783000230789185,0.0023999810218811035,0.3244999945163727,2.2057999968528748,4.342999994754791,28.97639998793602,33.31939998269081,13.840400010347366,42.56029999256134,341194,800000,262457,61515,3211502,0,0x94427c83ac8f96776c188eb9ecb9b2a6abdab6420f2f5a0848a2a8324d23851c,true,
84,authenticateSigned,0xab7F5238cbEfB02062241cf979e4994b656FB944,0.008200019598007202,6.448399990797043,0.0018999874591827393,0.22859999537467957,1.9017000198364258,2.7030999958515167,70.00799998641014,72.71109998226166,11.511000007390976,81.31930002570152,341194,800000,262457,61516,3211505,0,0x2d392299c1939b4f5c247031434d3a4944b34092b764e949ae0a2116201e06e7,true,
85,putCertificateAndDomainRoot,0xab7F5238cbEfB02062241cf979e4994b656FB944,0.006900012493133545,3.1843999922275543,0.0011999905109405518,0.16519999504089355,1.0322000086307526,2.012600004673004,92.50980001688004,94.52240002155304,6.680900007486343,98.9297000169754,99244,800000,76342,61517,3211517,0,0xef9d367ee5cdb3693c6fa1d28583d7f3365e3cd123c115016bb1cb338c8e8dd4,true,
86,putCertificateAndDomainRoot,0xab7F5238cbEfB02062241cf979e4994b656FB944,0.008399993181228638,3.9332000017166138,0.001600027084350586,0.14900001883506775,1.2833999991416931,1.3792999982833862,39.40439999103546,40.78369998931885,6.892699986696243,46.1777999997139,99260,800000,76354,61518,3211522,0,0x70566ed4ae90af66abc693db9b8fddb462af24d6661bf02bf10a4376dddf1047,true,
87,authenticateSigned,0xab7F5238cbEfB02062241cf979e4994b656FB944,0.005499988794326782,3.3267000019550323,0.0015999972820281982,0.15790000557899475,1.1254000067710876,1.3858999907970428,56.210900008678436,57.59679999947548,6.136500000953674,62.2316999733448,341194,800000,262457,61519,3211523,0,0x480b5ac7ae1f1735289dac7c12278d9a9fdb5b37cc8476a1555a47da3255afc6,true,
88,authenticateSigned,0xab7F5238cbEfB02062241cf979e4994b656FB944,0.007400006055831909,4.947699993848801,0.001399993896484375,0.22429999709129333,1.805999994277954,2.199400007724762,52.80169999599457,55.00110000371933,9.413100004196167,62.011000007390976,341178,800000,262445,61520,3211526,0,0xecc267dc777e777cf5fcc6e74889fc3b7a4b0d19a8ab7d97ed959723eaacabd1,true,
89,authenticateSigned,0xab7F5238cbEfB02062241cf979e4994b656FB944,0.0056999921798706055,3.7144000232219696,0.001399993896484375,0.16200000047683716,1.0558000206947327,1.3557000160217285,64.18239998817444,65.53810000419617,6.43639999628067,70.4942999780178,341194,800000,262457,61521,3211528,0,0xb8cac4c0aaab08d8be75b20df15b699272a8e576640f9f4f6b207f5b4a9e23f4,true,
90,authenticateSigned,0xab7F5238cbEfB02062241cf979e4994b656FB944,0.005499988794326782,3.7899999916553497,0.0009999871253967285,0.16249999403953552,1.546999990940094,2.546400010585785,64.63839998841286,67.18479999899864,8.274399995803833,72.70939999818802,341194,800000,262457,61522,3211533,0,0xeeb74a3640cc4b0c37fc5f6b97f3419c43e06adffe1dd3faf5050ae856d621ab,true,
91,authenticateSigned,0xab7F5238cbEfB02062241cf979e4994b656FB944,0.004500001668930054,3.6355000138282776,0.0014999806880950928,0.24050000309944153,1.9298000037670135,2.1473000049591064,29.07989999651909,31.227200001478195,8.28940001130104,37.05670002102852,341178,800000,262445,61523,3211540,0,0x4c34190fbb5d609ebdeb4296fa72c42b784ca13955ad7908ba93ea25915b10c1,true,
92,authenticateSigned,0xab7F5238cbEfB02062241cf979e4994b656FB944,0.008200019598007202,8.335299998521805,0.0018000006675720215,0.2770000100135803,2.190799981355667,1.8643999993801117,36.34079998731613,38.20519998669624,12.82669997215271,49.03780001401901,341194,800000,262457,61524,3211546,0,0x3390a49a7992fdc4a55558a8037da3b20cf4b137d791afccbfc4a4419e3c40fa,true,
93,authenticateSigned,0xab7F5238cbEfB02062241cf979e4994b656FB944,0.007800012826919556,8.36259999871254,0.0020000040531158447,0.3287999927997589,2.1879999935626984,2.396499991416931,21.134400010108948,23.53090000152588,13.52360001206398,34.442800015211105,341194,800000,262457,61525,3211548,0,0x54b0a3315dfe761cc777157d16f224849086b4b69d347dcc5a61d9f1fbbe4c12,true,
94,authenticateSigned,0xab7F5238cbEfB02062241cf979e4994b656FB944,0.007599979639053345,11.355000019073486,0.0021999776363372803,0.2701999843120575,2.053400009870529,2.965499997138977,41.982800006866455,44.94830000400543,16.87560001015663,58.663599997758865,341178,800000,262445,61526,3211553,0,0xd3092da8f8dd5ccc5bc6dfa06ab68ec8351be4ca2b8a460498949662e0b20005,true,
95,putCertificateAndDomainRoot,0xab7F5238cbEfB02062241cf979e4994b656FB944,0.008599996566772461,5.462999999523163,0.0020999908447265625,0.2549999952316284,2.030000001192093,2.375900000333786,60.13100001215935,62.50690001249313,10.367300003767014,70.2897000014782,99260,800000,76354,61527,3211559,0,0x79fac8f1c26b9c7c36609985d203c02e54c13917778f5cdad68c379a86b286aa,true,
96,authenticateSigned,0xab7F5238cbEfB02062241cf979e4994b656FB944,0.0056999921798706055,7.097200006246567,0.0020999908447265625,0.2793999910354614,2.0835999846458435,2.88060000538826,48.83439999818802,51.71500000357628,12.61599999666214,61.20660001039505,341162,800000,262433,61528,3211566,0,0x8f30e1a4bda1ad023ccd1af74076bd910e87d4e44534fb7734fec6d82821fe5b,true,
97,authenticateSigned,0xab7F5238cbEfB02062241cf979e4994b656FB944,0.008000016212463379,5.110499978065491,0.0015000104904174805,0.2095000147819519,1.839599996805191,2.2414000034332275,24.432300001382828,26.673700004816055,9.649499982595444,33.86070001125336,341194,800000,262457,61529,3211569,0,0x679f7acf4c1cda330818adfea5594d6ac904c91beb86a49bb3b8740fc7baf6fc,true,
98,authenticateSigned,0xab7F5238cbEfB02062241cf979e4994b656FB944,0.008100003004074097,5.776600003242493,0.002400010824203491,0.3582000136375427,2.1317999958992004,2.6107999980449677,38.303799986839294,40.91459998488426,11.151100009679794,49.21209999918938,341162,800000,262433,61530,3211582,0,0x6677c739248d381bfc416fc12e794381e78e9da1f3da7f1568ec2e76ab91bb8d,true,
99,putCertificateAndDomainRoot,0xab7F5238cbEfB02062241cf979e4994b656FB944,0.007899999618530273,3.0801999866962433,0.002200007438659668,0.14499998092651367,1.0582000017166138,2.666700005531311,32.499700009822845,35.16640001535416,7.182099997997284,39.47789999842644,99244,800000,76342,61531,3211597,0,0x97be41500b0aec1ec3a8351091d0a145391f0b5fb73229d14de03062fa15d047,true,
100,authenticateSigned,0xab7F5238cbEfB02062241cf979e4994b656FB944,0.005899995565414429,3.3519000113010406,0.0012999773025512695,0.16330000758171082,1.0701999962329865,2.5277999937534332,37.60350000858307,40.1313000023365,7.428400009870529,44.74289998412132,341194,800000,262457,61532,3211601,0,0x1e0be3adec2b13734000cc6f934e2b924024f373291fb51212056ce49b732c30,true,
101,authenticateSigned,0xab7F5238cbEfB02062241cf979e4994b656FB944,0.008099973201751709,10.153400003910065,0.00210002064704895,0.27160000801086426,2.05349999666214,2.6561000049114227,54.39800000190735,57.05410000681877,15.388000011444092,69.56359997391701,341178,800000,262445,61533,3211614,0,0x49d49f5daf1e8bcd3cdb43fa4f6a292c854ea7c85d2424bfad7d115970951d78,true,
102,authenticateSigned,0xab7F5238cbEfB02062241cf979e4994b656FB944,0.007400006055831909,4.060499995946884,0.0015999972820281982,0.16029998660087585,1.1511000096797943,1.592299997806549,46.657399982213974,48.24969998002052,7.143299996852875,53.64790001511574,341194,800000,262457,61534,3211619,0,0x128df91eed098bc7ee9c82cd620be2ca54bb50746b60a0817677fbac2fe9ff96,true,
103,putCertificateAndDomainRoot,0xab7F5238cbEfB02062241cf979e4994b656FB944,0.008199989795684814,4.8844999969005585,0.0020999908447265625,0.21159997582435608,2.092500001192093,2.336199998855591,52.180999994277954,54.517199993133545,9.752700001001358,61.73440000414848,99244,800000,76342,61535,3211631,0,0x6d3f0bdbccd5cd341874a3d167398a8c91568883cd2ba0b959731c9c70b2ba12,true,
104,authenticateSigned,0xab7F5238cbEfB02062241cf979e4994b656FB944,0.008199989795684814,6.474700003862381,0.0015999972820281982,0.14880001544952393,1.0715999901294708,2.3718000054359436,31.434399992227554,33.8061999976635,10.307200014591217,41.528400003910065,341178,800000,262445,61536,3211641,0,0xfc6faaf94f688bb3884368ec92c2fb4ea3c4b9991d0d772e47c4915680ffc1e3,true,
105,putCertificateAndDomainRoot,0xab7F5238cbEfB02062241cf979e4994b656FB944,0.00890001654624939,6.540700018405914,0.0020000040531158447,0.2402999997138977,2.0239999890327454,2.093799978494644,65.8522000014782,67.94599997997284,11.078599989414215,76.78310000896454,99244,800000,76342,61537,3211647,0,0x5ddc702ab1bc20be46dd10bd50bbbf65bb557bdb5db49fc01a3b17f94c7f04ce,true,
106,authenticateSigned,0xab7F5238cbEfB02062241cf979e4994b656FB944,0.008099973201751709,5.865200012922287,0.0014999806880950928,0.22710001468658447,1.7750999927520752,2.258199989795685,31.853700011968613,34.1119000017643,10.353300005197525,42.006999999284744,341178,800000,262445,61538,3211650,0,0xdfa0551247f01da717ea5adee65d87e2d0b5d362be89751c2af96140b53411af,true,
107,authenticateSigned,0xab7F5238cbEfB02062241cf979e4994b656FB944,0.006200015544891357,5.406499981880188,0.001699984073638916,0.31870001554489136,2.106599986553192,3.0492999851703644,37.508799999952316,40.55809998512268,11.092000007629395,48.41789999604225,341194,800000,262457,61539,3211653,0,0xf5412f15171060d577632aecf4390058a5e4e347a95736fa3379e7059c9ee313,true,
108,putCertificateAndDomainRoot,0xab7F5238cbEfB02062241cf979e4994b656FB944,0.009499996900558472,5.235900014638901,0.0020000040531158447,0.3343999981880188,2.14520001411438,6.701700001955032,49.691700011491776,56.39340001344681,14.70320001244545,64.13969999551773,99260,800000,76354,61540,3211660,0,0x6b95cd006408e00125bd8133dd68bb55e0af1b12575f07aadeadbfbd1132b1db,true,
109,authenticateSigned,0xab7F5238cbEfB02062241cf979e4994b656FB944,0.008599996566772461,8.944900006055832,0.0020000040531158447,0.30090001225471497,2.0886000096797943,2.204100012779236,81.86269998550415,84.06679999828339,13.779900014400482,95.42969998717308,341178,800000,262445,61541,3211663,0,0x8060b5921aaa186b1bd7889b6ba50cce6e5f2c1aacb5c793d4ca1309d6264ab4,true,
110,authenticateSigned,0xab7F5238cbEfB02062241cf979e4994b656FB944,0.005299985408782959,3.908900022506714,0.001399993896484375,0.15690001845359802,1.271100014448166,1.5030999779701233,83.29710000753403,84.80019998550415,6.989800006151199,90.1642000079155,341194,800000,262457,61542,3211670,0,0xe6063b78d0ea35c87e5bfa8aff777dbdae5344a07257db26fd1317d92a216fc9,true,
111,authenticateSigned,0xab7F5238cbEfB02062241cf979e4994b656FB944,0.007899999618530273,5.202599972486496,0.0017000138759613037,0.2134999930858612,1.8404000103473663,2.1100000143051147,69.96689999103546,72.07690000534058,9.587699979543686,79.36120000481606,341178,800000,262445,61543,3211680,0,0xaf8decd22235903fcc1054f8d752848dcbea65e39097952c4eae52819e4885cd,true,
112,authenticateSigned,0xab7F5238cbEfB02062241cf979e4994b656FB944,0.0073999762535095215,5.641499996185303,0.0018000006675720215,0.22749999165534973,1.7239999771118164,2.113299995660782,70.1647000014782,72.27799999713898,9.913599997758865,79.89999997615814,341162,800000,262433,61544,3211684,0,0x6b9c84880e53b319467ef8dff164a66d5af7cad2fc5b2edac63646d7b44bfc07,true,
113,authenticateSigned,0xab7F5238cbEfB02062241cf979e4994b656FB944,0.008400022983551025,4.891699999570847,0.0020000040531158447,0.2648000121116638,1.076799988746643,1.4346999824047089,27.255400002002716,28.690099984407425,7.79789999127388,34.95250001549721,341178,800000,262445,61545,3211691,0,0xfa4ef575121152d8ccf9ce97e68c58ef4053ecbf01ffd79f94a05f8c677a8279,true,
114,putCertificateAndDomainRoot,0xab7F5238cbEfB02062241cf979e4994b656FB944,0.009000003337860107,7.286500006914139,0.0023999810218811035,0.23309999704360962,2.1755000054836273,2.475000023841858,34.129899978637695,36.60490000247955,12.430199980735779,46.33120000362396,99244,800000,76342,61546,3211696,0,0xaed542e39cde14a1067ab0731132262454b63ca9e2542910d875f90f7174c763,true,
115,putCertificateAndDomainRoot,0xab7F5238cbEfB02062241cf979e4994b656FB944,0.008599996566772461,5.715499997138977,0.0014999806880950928,0.18780001997947693,1.6378999948501587,2.041700005531311,36.52939999103546,38.57109999656677,9.795399993658066,46.14069998264313,99260,800000,76354,61547,3211705,0,0xb65b6d998221e2b87c4b45aa99ac47775c202c31edb36eb477ade96d8b43f7cf,true,
116,authenticateSigned,0xab7F5238cbEfB02062241cf979e4994b656FB944,0.005600005388259888,4.608000010251999,0.0018999874591827393,0.28220000863075256,1.8578999936580658,2.4354000091552734,19.5828999876976,22.018299996852875,9.40499997138977,28.78880000114441,341162,800000,262433,61548,3211707,0,0x4d596488259e7fb942318852d494daedf733e824410d38ceb2b61b8bab848c3e,true,
117,authenticateSigned,0xab7F5238cbEfB02062241cf979e4994b656FB944,0.006099998950958252,3.5813000202178955,0.0017000138759613037,0.16359999775886536,1.086899995803833,1.992499977350235,67.71290001273155,69.70539999008179,7.06920000910759,74.56560000777245,341178,800000,262445,61549,3211715,0,0xac97ada2019792e5e289a69e5f285cbd7c53b81f09e1c2679c6a15d22552bc18,true,
118,authenticateSigned,0xab7F5238cbEfB02062241cf979e4994b656FB944,0.008100003004074097,5.27470001578331,0.0020000040531158447,0.22679999470710754,2.0262999832630157,2.1727000176906586,24.939599990844727,27.112300008535385,9.917300015687943,34.66780000925064,341194,800000,262457,61550,3211717,0,0x50eb83735aced1be5adcbf8de93f5895d89d177823c3cda658d2e4e7c8f28faa,true,
119,authenticateSigned,0xab7F5238cbEfB02062241cf979e4994b656FB944,0.005300015211105347,3.233399987220764,0.001399993896484375,0.1503000259399414,1.054999977350235,1.3955999910831451,58.52860000729561,59.924199998378754,5.9860000014305115,64.3870000243187,341194,800000,262457,61551,3211722,0,0xf217189fdd50589e013b24cd14e461e9473c9a3774917b14862364916573f007,true,
120,authenticateSigned,0xab7F5238cbEfB02062241cf979e4994b656FB944,0.005499988794326782,3.666399985551834,0.001100003719329834,0.14730000495910645,1.0021999776363373,1.3129000067710876,27.50620001554489,28.81910002231598,6.272199988365173,33.65589997172356,341162,800000,262433,61552,3211726,0,0x96644a59f365a12efa3de8290c4958de2005f4e6f9c6577e2ba36704693abb53,true,
121,authenticateSigned,0xab7F5238cbEfB02062241cf979e4994b656FB944,0.006300002336502075,3.2405000030994415,0.0013000071048736572,0.15380001068115234,1.0078999996185303,1.4241999983787537,65.34839999675751,66.77259999513626,5.971100002527237,71.2030000090599,341162,800000,262433,61553,3211751,0,0x5b75392f0a6535a586db9a8eaf6d9c174b4465e564887a7f3fec11aceb57015c,true,
122,authenticateSigned,0xab7F5238cbEfB02062241cf979e4994b656FB944,0.008000016212463379,4.21000000834465,0.0014999806880950928,0.1532999873161316,1.1055999994277954,2.170300006866455,61.14809998869896,63.318399995565414,7.853399991989136,68.8144000172615,341194,800000,262457,61554,3211755,0,0xa8d33e84f2f50df79651a6fe3713820119152709f9943a435130211e15e27b01,true,
123,authenticateSigned,0xab7F5238cbEfB02062241cf979e4994b656FB944,0.0065000057220458984,3.4896999895572662,0.0011999905109405518,0.15929999947547913,1.8021999895572662,2.705700010061264,38.724900007247925,41.43060001730919,8.373499989509583,46.90639999508858,341178,800000,262445,61555,3211758,0,0x7d7f678b72dac31fb3af662d0307d3c2bdbc4665b63d390144cd26c0f5a06ea7,true,
124,authenticateSigned,0xab7F5238cbEfB02062241cf979e4994b656FB944,0.005800008773803711,3.5940000116825104,0.0015000104904174805,0.16130000352859497,1.1137999892234802,1.3151000142097473,31.905299991369247,33.220400005578995,6.327899992465973,38.1152999997139,341194,800000,262457,61556,3211761,0,0xac49bd502ffb9f8b0f0cd972d3872bcbce2263e43f8dc32e89b42033ae133ae6,true,
125,authenticateSigned,0xab7F5238cbEfB02062241cf979e4994b656FB944,0.007400006055831909,9.142899990081787,0.0017000138759613037,0.2215999960899353,1.7976999878883362,2.816300004720688,22.55410000681877,25.37040001153946,14.200099974870682,36.55969998240471,341178,800000,262445,61557,3211769,0,0x257245179c2a0d706491203fcd4b0526a57300953f1d5ae8304d1f63694a0438,true,
126,authenticateSigned,0xab7F5238cbEfB02062241cf979e4994b656FB944,0.007600009441375732,9.842199981212616,0.0018000006675720215,0.2630000114440918,1.972100019454956,2.533399999141693,25.60920000076294,28.142599999904633,14.823199987411499,40.246300011873245,341209,800000,262469,61558,3211778,0,0xc75a3240a528234f63aceb062ed7073b5b984f2a258fb34ea8a74df0ade8e5d6,true,
127,authenticateSigned,0xab7F5238cbEfB02062241cf979e4994b656FB944,0.008499979972839355,5.437899976968765,0.0017000138759613037,0.23269999027252197,1.9914000034332275,2.3156000077724457,33.434399992227554,35.75,10.20669999718666,43.441100001335144,341178,800000,262445,61559,3211785,0,0x8b4030bff05933d48785219380c491bf42e906115b72e0462f496e3849b2c209,true,
128,authenticateSigned,0xab7F5238cbEfB02062241cf979e4994b656FB944,0.008499979972839355,4.30019998550415,0.0015000104904174805,0.14890000224113464,1.093400001525879,1.6647000014781952,35.49140000343323,37.15610000491142,7.4271000027656555,42.728899985551834,341178,800000,262445,61560,3211794,0,0x45dde473038b288924c3725e47147dde5b824417856ced619bac7cbe46c776f7,true,
129,putCertificateAndDomainRoot,0xab7F5238cbEfB02062241cf979e4994b656FB944,0.005600005388259888,4.120700001716614,0.0009999871253967285,0.11779999732971191,1.069000005722046,4.676599979400635,68.91460001468658,73.59119999408722,10.354000002145767,78.92410001158714,99260,800000,76354,61561,3211799,0,0xe2bf567accb02ca42c4d4e67082964a5e8ba9d964f2a25303269a1ab12369695,true,
130,putCertificateAndDomainRoot,0xab7F5238cbEfB02062241cf979e4994b656FB944,0.00950002670288086,4.791700005531311,0.0017000138759613037,0.18420001864433289,1.6360999941825867,2.2627000212669373,85.01440000534058,87.27710002660751,9.151299983263016,93.91650000214577,99260,800000,76354,61562,3211807,0,0xf933aed3e8e08e00ede7f5d2f4d35c60a17c9a3d303ceb3d3da11b41feed4e3b,true,
131,authenticateSigned,0xab7F5238cbEfB02062241cf979e4994b656FB944,0.007800012826919556,6.319499999284744,0.0015000104904174805,0.148499995470047,1.3860999941825867,2.731200009584427,31.983999997377396,34.71520000696182,10.854199975728989,42.59619998931885,341178,800000,262445,61563,3211812,0,0x48f9e165a5872bd021dd01dbcc0cfa77d58186e541eb24cba3f2795488cfc73b,true,
132,authenticateSigned,0xab7F5238cbEfB02062241cf979e4994b656FB944,0.007600009441375732,6.209100008010864,0.0022999942302703857,0.29349997639656067,2.070800006389618,2.4569000005722046,40.99619999527931,43.45309999585152,11.274799972772598,52.05809998512268,341178,800000,262445,61564,3211814,0,0x973153df96eb9112108a23c93cbb218fcd863e63b524bf6bc45de6b5711fbf5b,true,
133,authenticateSigned,0xab7F5238cbEfB02062241cf979e4994b656FB944,0.00890001654624939,5.434799998998642,0.001399993896484375,0.14880001544952393,1.0824000239372253,1.6504999995231628,33.81280001997948,35.46330001950264,8.451999992132187,42.15650001168251,341178,800000,262445,61565,3211820,0,0xd8c174fd517ae308be16401fd8f94b1731f0ab721ab6b3d592dea296883ad1d7,true,
134,authenticateSigned,0xab7F5238cbEfB02062241cf979e4994b656FB944,0.007499992847442627,5.903099983930588,0.001999974250793457,0.2199000120162964,1.819000005722046,2.35589998960495,59.70820000767708,62.06409999728203,10.571799993515015,70.03119999170303,341194,800000,262457,61566,3211824,0,0xc94a75b64799775baba2e16fc9d6bbb97d147c235e1e92a420c60dc9c237408c,true,
135,authenticateSigned,0xab7F5238cbEfB02062241cf979e4994b656FB944,0.007899999618530273,4.4572000205516815,0.0018999874591827393,0.1566999852657318,1.7245999872684479,2.1728000044822693,127.75670000910759,129.92950001358986,8.760899990797043,136.2960000038147,341194,800000,262457,61567,3211828,0,0x76fdf6aac50c75ec93c6f72586b75cf8b21ead9665e22c999796240428d8d596,true,
136,putCertificateAndDomainRoot,0xab7F5238cbEfB02062241cf979e4994b656FB944,0.009499996900558472,6.887800008058548,0.0023999810218811035,0.24689999222755432,1.9541000127792358,2.5812000036239624,27.569700002670288,30.15090000629425,11.928600013256073,39.26929998397827,99244,800000,76342,61568,3211834,0,0x112d27b4824ef64dd274f7efda2bbb4eee89dd356ab0562085624899d5874545,true,
137,authenticateSigned,0xab7F5238cbEfB02062241cf979e4994b656FB944,0.012100011110305786,3.936599999666214,0.0018000006675720215,0.16120001673698425,1.0992000102996826,1.4013999998569489,38.735100001096725,40.136500000953674,6.747099995613098,45.36980000138283,341178,800000,262445,61569,3211836,0,0x9464a4f82caca33ca566ef95dda292a9e09bdc0df3957ea7341a05335632f3db,true,
138,putCertificateAndDomainRoot,0xab7F5238cbEfB02062241cf979e4994b656FB944,0.007600009441375732,5.799999982118607,0.001900017261505127,0.2118000090122223,1.8778999745845795,2.3064999878406525,75.66210001707077,77.96860000491142,10.419099986553192,85.887600004673,99260,800000,76354,61570,3211844,0,0x245d2ff8011589eb84b7129188fc513eb2bb93bed8e6310b0788b96136f7c9a5,true,
139,authenticateSigned,0xab7F5238cbEfB02062241cf979e4994b656FB944,0.008100003004074097,6.69420000910759,0.0015999972820281982,0.23069998621940613,2.0385999977588654,2.4814000129699707,98.75690001249313,101.2383000254631,11.672600001096725,110.2369000017643,341194,800000,262457,61571,3211851,0,0xf9b076b90b32909456301126a97599d1f6c28287645b9188c367b36592ba09b7,true,
140,authenticateSigned,0xab7F5238cbEfB02062241cf979e4994b656FB944,0.007800012826919556,3.783499985933304,0.0015999972820281982,0.1550999879837036,1.1317999958992004,1.7152999937534332,53.48949998617172,55.204799979925156,7.0011999905109406,60.299800008535385,341178,800000,262445,61572,3211857,0,0x2f4e33038e4797245b5abf531095276385e6a09c5fbf5ca31b7adc2ef08d42a7,true,
141,authenticateSigned,0xab7F5238cbEfB02062241cf979e4994b656FB944,0.007999986410140991,5.972699999809265,0.001699984073638916,0.25839999318122864,2.1924000084400177,2.4081000089645386,40.118499994277954,42.52660000324249,11.045700013637543,50.98080000281334,341209,800000,262469,61573,3211860,0,0x0036f195de166788f0886be8a259303c07a519413c5e02913407353b0d8c9083,true,
142,authenticateSigned,0xab7F5238cbEfB02062241cf979e4994b656FB944,0.007599979639053345,4.981200009584427,0.001399993896484375,0.22220000624656677,2.0189000070095062,1.7087000012397766,50.661900013685226,52.370600014925,9.179900020360947,59.61779999732971,341209,800000,262469,61574,3211864,0,0x6d188970becacf337c29abedba6daffd5cf0433f8391949f8c51e637cb9f0852,true,
143,putCertificateAndDomainRoot,0xab7F5238cbEfB02062241cf979e4994b656FB944,0.006000012159347534,4.514499992132187,0.0015999972820281982,0.22670000791549683,2.4506999850273132,2.3429000079631805,39.39849999547005,41.74140000343323,9.75959998369217,48.96070000529289,99244,800000,76342,61575,3211881,0,0x9588d209f48dfe4f1f69f150cae81ef762367df4335d43253a48a73265abe8ce,true,
144,putCertificateAndDomainRoot,0xab7F5238cbEfB02062241cf979e4994b656FB944,0.004700005054473877,15.395500004291534,0.0018999874591827393,0.5087999999523163,2.2177000045776367,2.236400008201599,82.19890001416206,84.43530002236366,20.645599991083145,102.58900001645088,99244,800000,76342,61576,3211887,0,0x1f10fd7424efc60cde628b560275780139a63e7372e275692f6012285683da5e,true,
145,authenticateSigned,0xab7F5238cbEfB02062241cf979e4994b656FB944,0.006099998950958252,3.7081000208854675,0.0015000104904174805,0.16290000081062317,1.6322999894618988,2.7548999786376953,35.82870000600815,38.58359998464584,8.488900005817413,44.11669999361038,341194,800000,262457,61577,3211890,0,0xdbc6aaa1b6930f67ac2b82e36974fdcc051cece7115cbac8f851e74a56aa52ac,true,
146,authenticateSigned,0xab7F5238cbEfB02062241cf979e4994b656FB944,0.0049000084400177,3.584500014781952,0.0014999806880950928,0.2621000111103058,1.9934000074863434,2.6396999955177307,69.19150000810623,71.83120000362396,8.692999988794327,77.71290001273155,341194,800000,262457,61578,3211898,0,0xf3a15d8468dce942a72c252008ba01e91cdd1e1cf3a744e02e96e5bb262aad7e,true,
147,putCertificateAndDomainRoot,0xab7F5238cbEfB02062241cf979e4994b656FB944,0.008699983358383179,4.676199972629547,0.0017000138759613037,0.20259997248649597,1.9607000052928925,2.71560001373291,30.222099989652634,32.937700003385544,9.780499994754791,39.807199984788895,99260,800000,76354,61579,3211911,0,0xb67d2aed29d5857291defdfe33de2dad797446330ece3f52f6fb59db7ccc75cb,true,
148,authenticateSigned,0xab7F5238cbEfB02062241cf979e4994b656FB944,0.006399989128112793,3.313199996948242,0.0011999905109405518,0.15389999747276306,1.0692999958992004,1.4130999743938446,40.05900001525879,41.472099989652634,6.141600012779236,46.03619998693466,341162,800000,262433,61580,3211919,0,0x674d9d7b55ac84a14b907c846933836a92d8ce53449f2aa5fb3c8dc71dcc9fe9,true,
149,authenticateSigned,0xab7F5238cbEfB02062241cf979e4994b656FB944,0.007899999618530273,5.151199996471405,0.001900017261505127,0.22550001740455627,1.820800006389618,2.230100005865097,63.44949999451637,65.67960000038147,9.643200010061264,72.90520000457764,341194,800000,262457,61581,3211930,0,0x5e148ab47901246b3b30c479ea0cadf245c846e01a26629097485e8524172266,true,
150,authenticateSigned,0xab7F5238cbEfB02062241cf979e4994b656FB944,0.0059999823570251465,3.2287999987602234,0.0015999972820281982,0.15000000596046448,1.0912000238895416,1.4537000060081482,20.050399988889694,21.504099994897842,6.058699995279312,26,341178,800000,262445,61582,3211935,0,0xa8c1690b0dcc41103220369996fff456bb473b1e7c81e15ca0eae7972682e3cb,true,
151,authenticateSigned,0xab7F5238cbEfB02062241cf979e4994b656FB944,0.005300015211105347,5.280000001192093,0.0011999905109405518,0.1535000205039978,1.0453999936580658,2.9269999861717224,82.66110000014305,85.58809998631477,9.676499992609024,92.09319999814034,341194,800000,262457,61583,3211940,0,0xda6394eafaee69421a27865807dd86d8eb30e78f702840ba2be68e9d36d37845,true,
152,authenticateSigned,0xab7F5238cbEfB02062241cf979e4994b656FB944,0.0054000020027160645,8.865500003099442,0.0013000071048736572,0.1680999994277954,1.810699999332428,2.6632999777793884,38.47850000858307,41.14179998636246,13.746100008487701,52.01060000061989,341194,800000,262457,61584,3211951,0,0x84d0ffa1ee545c4845a9d61c8d9aec29db1211be459174701bc815c70259f4ff,true,
153,putCertificateAndDomainRoot,0xab7F5238cbEfB02062241cf979e4994b656FB944,0.006099998950958252,3.0164999961853027,0.001399993896484375,0.13009998202323914,1.043500006198883,1.8577000200748444,42.68489998579025,44.5426000058651,6.291900008916855,48.759900003671646,99260,800000,76354,61585,3211954,0,0x637e5804ef4aeefce520793ea132788838fe8fa9f9649f8c5b4184dd724f26fa,true,
154,authenticateSigned,0xab7F5238cbEfB02062241cf979e4994b656FB944,0.006099998950958252,3.188299983739853,0.0012999773025512695,0.13910001516342163,0.9933000206947327,1.342600017786026,42.155699998140335,43.49830001592636,5.806300014257431,47.844300001859665,341194,800000,262457,61586,3211959,0,0xc841e6f48e7df7b55c5a22471bc0c58e39c2a01a63b012b8cfb3e37f56fa5f01,true,
155,authenticateSigned,0xab7F5238cbEfB02062241cf979e4994b656FB944,0.007400006055831909,5.986699998378754,0.0018000006675720215,0.23739999532699585,1.969300001859665,2.3191999793052673,72.95620000362396,75.27539998292923,10.726999998092651,83.49649998545647,341178,800000,262445,61587,3211964,0,0xb8eb203950b1f90ca19bb408e54cfd0ea0974fecb790afb14b0cb07d5b8dcb1b,true,
156,authenticateSigned,0xab7F5238cbEfB02062241cf979e4994b656FB944,0.005899995565414429,3.313700020313263,0.001399993896484375,0.15139999985694885,1.104099988937378,1.3580999970436096,35.34369999170303,36.70179998874664,6.055000007152557,41.298700004816055,341194,800000,262457,61588,3211974,0,0x76c6574e3b02258853d2735b556a324949f159f56413354eacecb281b4599df1,true,
157,authenticateSigned,0xab7F5238cbEfB02062241cf979e4994b656FB944,0.005600005388259888,5.985199987888336,0.0015000104904174805,0.15439999103546143,1.0144000053405762,1.3030999898910522,33.174899995326996,34.47799998521805,8.600500017404556,41.65630000829697,341178,800000,262445,61589,3211976,0,0x65ed5dfaa6195a139a14a7f29a966c7736181d719e67e6c6c3ff86e16751158e,true,
158,authenticateSigned,0xab7F5238cbEfB02062241cf979e4994b656FB944,0.007200002670288086,5.23649999499321,0.0023999810218811035,0.2687000036239624,2,7.168099999427795,84.33519998192787,91.50329998135567,14.895799994468689,99.03729999065399,341209,800000,262469,61590,3211979,0,0x9b766a24dca1a7e6bcf264128aeafae6127b87ce51ea285966610f9ef05896bf,true,
159,authenticateSigned,0xab7F5238cbEfB02062241cf979e4994b656FB944,0.007599979639053345,4.988200008869171,0.0018999874591827393,0.21889999508857727,1.8648000061511993,2.2088000178337097,34.664799988269806,36.873600006103516,9.489700019359589,43.97599998116493,341162,800000,262433,61591,3211983,0,0x50b9d573ee3c79fbaa41bd0ac8165bd7dbf9d7c507ba076d5034181bc619e7e1,true,
160,putCertificateAndDomainRoot,0xab7F5238cbEfB02062241cf979e4994b656FB944,0.009300023317337036,5.44980001449585,0.0018000006675720215,0.1321999728679657,1.7849000096321106,2.6092000007629395,96.3260999917984,98.93529999256134,10.204699993133545,106.33169999718666,99244,800000,76342,61592,3211997,0,0x0805ae771f78fad31790f89794f8a940d79d43985ead0497e17ab9b26f3ec6c0,true,
161,putCertificateAndDomainRoot,0xab7F5238cbEfB02062241cf979e4994b656FB944,0.009999990463256836,3.537400007247925,0.001399993896484375,0.14339998364448547,1.1207000017166138,1.3564999997615814,28.890999972820282,30.247499972581863,6.302300006151199,35.078000009059906,99244,800000,76342,61593,3212002,0,0x355357e80f60f7cad047e0124750ec11a3e5cf97f2465939d61c974310682fcc,true,
162,authenticateSigned,0xab7F5238cbEfB02062241cf979e4994b656FB944,0.008499979972839355,5.053099989891052,0.0015999972820281982,0.20739999413490295,1.8492000102996826,2.3027999997138977,18.929800003767014,21.23260000348091,9.619599997997284,28.36949998140335,341162,800000,262433,61594,3212008,0,0x6561716a688762a17a32ff197bf2b72f1a7216b6e76076a7879dc85ffa0ff811,true,
163,authenticateSigned,0xab7F5238cbEfB02062241cf979e4994b656FB944,0.0054000020027160645,3.1103000044822693,0.0015000104904174805,0.15620002150535583,1.066100001335144,1.302700012922287,61.375900000333786,62.67860001325607,5.783800005912781,67.032900005579,341194,800000,262457,61595,3212012,0,0x2ace617474c45c034f487b2a97ab1e66735271912a729aedacd34f19e85d44f7,true,
164,authenticateSigned,0xab7F5238cbEfB02062241cf979e4994b656FB944,0.007899999618530273,6.847499996423721,0.0018999874591827393,0.2360999882221222,1.8418000042438507,2.536100000143051,28.164200007915497,30.700300008058548,11.695299983024597,39.655199974775314,341162,800000,262433,61596,3212021,0,0xd6a7fb1c0a9988acca294b16a42bdb4d51101ca798610f77db2756843301b9a9,true,
165,authenticateSigned,0xab7F5238cbEfB02062241cf979e4994b656FB944,0.004500001668930054,3.6913999915122986,0.0015999972820281982,0.1606999933719635,1.77470001578331,2.3799999952316284,27.80399999022484,30.183999985456467,8.227800011634827,35.83779999613762,341194,800000,262457,61597,3212025,0,0xc4c141988eaed7a3bd28adf733d3e6d2cc7b4d6780a5e3adb70f19d1dcf16d41,true,
166,authenticateSigned,0xab7F5238cbEfB02062241cf979e4994b656FB944,0.006200015544891357,3.2802999913692474,0.001999974250793457,0.17680001258850098,1.0207000076770782,1.8106000125408173,68.49489998817444,70.30550000071526,6.534500002861023,74.81229999661446,341162,800000,262433,61598,3212030,0,0xfe722ce11957d062a8d8515dad1ff5a0214b65b17abf7b4e6b913d02fddc88ab,true,
167,authenticateSigned,0xab7F5238cbEfB02062241cf979e4994b656FB944,0.008099973201751709,5.46560001373291,0.0018999874591827393,0.21639999747276306,1.764499992132187,2.1348999738693237,39.80920001864433,41.94409999251366,9.825100004673004,49.41939997673035,341194,800000,262457,61599,3212033,0,0xd6b48a7ef70619697c75778fc0150e4de42b3230a5fe615ec76797326af488af,true,
168,authenticateSigned,0xab7F5238cbEfB02062241cf979e4994b656FB944,0.008500009775161743,5.178999990224838,0.0017000138759613037,0.22699999809265137,1.8100999891757965,2.2352000176906586,40.39350000023842,42.62870001792908,9.710900008678436,49.87260001897812,341178,800000,262445,61600,3212038,0,0x28f0fa605d4effac29254feccba136fe52489790fbac992c03319f13e2e9bbfa,true,
169,authenticateSigned,0xab7F5238cbEfB02062241cf979e4994b656FB944,0.006000012159347534,3.9184000194072723,0.0012000203132629395,0.15310001373291016,1.1218999922275543,1.620600014925003,27.571799993515015,29.192400008440018,6.970600008964539,34.40990000963211,341178,800000,262445,61601,3212042,0,0xb9b511c4ae980f2f04256e4158099283819b4405844185e96a5f2d5b9ab883ac,true,
170,authenticateSigned,0xab7F5238cbEfB02062241cf979e4994b656FB944,0.0055999755859375,3.4205999970436096,0.0015999972820281982,0.17080000042915344,1.1405999958515167,2.453000009059906,82.58249998092651,85.03549998998642,7.401300013065338,89.79449999332428,341194,800000,262457,61602,3212046,0,0xff337a557850bebb69bd0b4b3fdf98b677055ae39f2f64e6417f2650e1072f98,true,
171,putCertificateAndDomainRoot,0xab7F5238cbEfB02062241cf979e4994b656FB944,0.007800012826919556,5.8698999881744385,0.0018999874591827393,0.19759997725486755,1.640199989080429,2.66729998588562,29.24210000038147,31.90939998626709,10.654500007629395,39.646100014448166,99260,800000,76354,61603,3212050,0,0x312445e77c5981f12daa4c122bb5d950d650f935d06d556117df3596d2a3d965,true,
172,authenticateSigned,0xab7F5238cbEfB02062241cf979e4994b656FB944,0.0059999823570251465,6.269600003957748,0.0015999972820281982,0.29580000042915344,2.0492999851703644,2.277300000190735,60.26390001177788,62.54120001196861,11.11200001835823,71.18340000510216,341162,800000,262433,61604,3212056,0,0xd7700ef3fc9b8f14e18e7259c521edf361f1848dac8c762d0b53d8bc8470ffe8,true,
173,putCertificateAndDomainRoot,0xab7F5238cbEfB02062241cf979e4994b656FB944,0.005799978971481323,3.1037999987602234,0.001399993896484375,0.12409999966621399,1.1800000071525574,2.1572000086307526,31.789200007915497,33.94640001654625,6.780500024557114,38.37959998846054,99260,800000,76354,61605,3212061,0,0x1f0c372d98db0cec0c49eac0c50ea6bc8d53fa9eed6fab1f3ee1637d54d16cab,true,
174,authenticateSigned,0xab7F5238cbEfB02062241cf979e4994b656FB944,0.007800012826919556,7.758900016546249,0.0023000240325927734,0.2517000138759613,1.961899995803833,2.4914000034332275,37.26399999856949,39.755400002002716,12.725599974393845,49.75690001249313,341194,800000,262457,61606,3212063,0,0x6ca4c5ea497f572cae5629ea212c6cca68a7106fa2187f5af23b3fc52a1d51c7,true,
175,authenticateSigned,0xab7F5238cbEfB02062241cf979e4994b656FB944,0.0065000057220458984,5.738200008869171,0.001100003719329834,0.14829999208450317,1.1382000148296356,2.4848999977111816,99.25509998202324,101.73999997973442,9.746899992227554,108.78980001807213,341194,800000,262457,61607,3212071,0,0x04212ccf78b276ba8bd2edcc44a56e871ba6f7e4e28315f5bf7ee2a309a74922,true,
176,putCertificateAndDomainRoot,0xab7F5238cbEfB02062241cf979e4994b656FB944,0.008599996566772461,8.681100010871887,0.0020999908447265625,0.278300017118454,6.8517999947071075,2.5423000156879425,51.455799996852875,53.99810001254082,18.604499995708466,69.85339999198914,99229,800000,76330,61608,3212079,0,0x8892c39dc4dde58a1e45f7cdda649557ae2a82b9d6cd9a54b734bc2b36e68d65,true,
177,authenticateSigned,0xab7F5238cbEfB02062241cf979e4994b656FB944,0.008400022983551025,13.513499975204468,0.0022999942302703857,0.2809999883174896,2.7531000077724457,2.977400004863739,61.70260000228882,64.68000000715256,19.77269998192787,81.25690001249313,341178,800000,262445,61609,3212081,0,0xb2c8c5d4202c7ad3a8c8bf769f1af5988346f378f6be5766599722d491887441,true,
178,putCertificateAndDomainRoot,0xab7F5238cbEfB02062241cf979e4994b656FB944,0.008499979972839355,5.147200018167496,0.0015000104904174805,0.23190000653266907,1.8162999749183655,2.374200016260147,64.66589999198914,67.04010000824928,9.79050001502037,74.28229999542236,99260,800000,76354,61610,3212092,0,0x7c85e72cfb45679945ec9464d2108f228343315c52b50a265bb606b8b4ba22dc,true,
179,authenticateSigned,0xab7F5238cbEfB02062241cf979e4994b656FB944,0.008599996566772461,5.932300001382828,0.001699984073638916,0.3002000153064728,1.9776999950408936,2.510200023651123,32.429399996995926,34.93960002064705,10.946600019931793,43.17890000343323,341194,800000,262457,61611,3212094,0,0xf6ce4a2d6ea995f9d04d74216e5dd5eea0dd430a015177e801b161dcb2477f91,true,
180,putCertificateAndDomainRoot,0xab7F5238cbEfB02062241cf979e4994b656FB944,0.006099998950958252,4.380300015211105,0.0018000006675720215,0.13009998202323914,1.104999989271164,1.708600014448166,26.583499997854233,28.2921000123024,7.589499980211258,33.93349999189377,99244,800000,76342,61612,3212104,0,0x8145f474d024c9db7be389edbe8a40b52d675256823960a73a1c0dc421ec92ad,true,
181,authenticateSigned,0xab7F5238cbEfB02062241cf979e4994b656FB944,0.008699983358383179,5.452099978923798,0.001699984073638916,0.21709999442100525,1.6836999952793121,2.0638999938964844,19.099299997091293,21.163199990987778,9.622000008821487,28.544999986886978,341162,800000,262433,61613,3212112,0,0x0856754c4a95cbb89c535a51f7579c27acd1e5f89c1d345882a0b4679c569ed0,true,
182,putCertificateAndDomainRoot,0xab7F5238cbEfB02062241cf979e4994b656FB944,0.008100003004074097,6.319199979305267,0.001600027084350586,0.21090000867843628,1.849800020456314,2.0620999932289124,52.824000000953674,54.88609999418259,10.660700023174286,63.2960000038147,99260,800000,76354,61614,3212118,0,0x0c8ed7517d4128794488715ae87ae3a9673ae8c8c77c09570b5507a29ad4ed8f,true,
183,authenticateSigned,0xab7F5238cbEfB02062241cf979e4994b656FB944,0.00769999623298645,4.892899990081787,0.0018000006675720215,0.19670000672340393,1.757400006055832,2.1643999814987183,33.82760000228882,35.99199998378754,9.206499993801117,42.865799993276596,341178,800000,262445,61615,3212120,0,0xf1ad6bcc68307d38cf0bcf77b4f4f54a1b554ff82024f7b0547db7c308b88be7,true,
184,authenticateSigned,0xab7F5238cbEfB02062241cf979e4994b656FB944,0.00769999623298645,5.0884000062942505,0.0018999874591827393,0.22200000286102295,1.7175999879837036,2.6117999851703644,50.133700013160706,52.74549999833107,9.91330000758171,59.8013000190258,341209,800000,262469,61616,3212129,0,0x688cae768cb28451eb685f025cca448a42e8a6b539c2f78f428caa4abdbc65ea,true,
185,authenticateSigned,0xab7F5238cbEfB02062241cf979e4994b656FB944,0.006000012159347534,3.2428999841213226,0.0018000006675720215,0.16399997472763062,1.5990000069141388,2.5782999992370605,66.72519999742508,69.30349999666214,7.797499984502792,74.33439999818802,341194,800000,262457,61617,3212130,0,0x5f404d8528df7114e37ddcf541e676ebd748ceb5afa204274da4c5b8cb728f1e,true,
186,authenticateSigned,0xab7F5238cbEfB02062241cf979e4994b656FB944,0.005899995565414429,3.1053999960422516,0.0013000071048736572,0.1412000060081482,1.1238999962806702,1.2587999999523163,24.564300000667572,25.82310000061989,5.7533999979496,30.218100011348724,341178,800000,262445,61618,3212135,0,0xceafdf45afdf85d89e0dc01cbcd2654b32711d32c15784f8703d8278e87aba72,true,
187,authenticateSigned,0xab7F5238cbEfB02062241cf979e4994b656FB944,0.0056999921798706055,3.2934000194072723,0.0017000138759613037,0.14059999585151672,0.9544999897480011,1.5060999989509583,24.504900008440018,26.011000007390976,6.033100008964539,30.42270001769066,341194,800000,262457,61619,3212140,0,0x9eff30ba4f7209c81009df46ec6e9d121710441ee1d960df98a8b9973188541a,true,
188,putCertificateAndDomainRoot,0xab7F5238cbEfB02062241cf979e4994b656FB944,0.006099998950958252,3.2305999994277954,0.0012999773025512695,0.11879998445510864,1.0037000179290771,1.4395000040531158,114.26099997758865,115.70049998164177,5.961400002241135,120.07910001277924,99260,800000,76354,61620,3212142,0,0xeeae1093d45dee1faf92e5127eed07921391430b4161c064ba38638ba55e0a52,true,
189,authenticateSigned,0xab7F5238cbEfB02062241cf979e4994b656FB944,0.00830000638961792,5.46450001001358,0.001900017261505127,0.24629998207092285,1.9321999847888947,2.600499987602234,29.934399992227554,32.53489997982979,10.493999987840652,40.209100008010864,341178,800000,262445,61621,3212146,0,0xc6c2cdb369961a71ac4b3d727791ac6120bd162602f3205e71d76e78f2487b8d,true,
190,authenticateSigned,0xab7F5238cbEfB02062241cf979e4994b656FB944,0.007600009441375732,5.081499993801117,0.0017000138759613037,0.2199000120162964,1.8059000074863434,2.2619999945163727,74.86010000109673,77.1220999956131,9.59349998831749,84.25780001282692,341209,800000,262469,61622,3212150,0,0x27f7c9a5003587564901f01a0d8b15ef439b404cb7bea3349a36836f7fe8650c,true,
191,authenticateSigned,0xab7F5238cbEfB02062241cf979e4994b656FB944,0.008199989795684814,5.368499994277954,0.0015999972820281982,0.2062000036239624,1.7599000036716461,2.3842999935150146,116.18150001764297,118.56580001115799,9.94360002875328,125.9244000017643,341178,800000,262445,61623,3212154,0,0x9419389f09ac9d4d3b8e0cf07baefe29b33afc9827e3f04a2f01d625bc2810f0,true,
192,authenticateSigned,0xab7F5238cbEfB02062241cf979e4994b656FB944,0.008500009775161743,6.402399986982346,0.0020999908447265625,0.3321000039577484,2.0124000012874603,1.8330000042915344,26.567400008440018,28.400400012731552,10.725099980831146,37.17570000886917,341178,800000,262445,61624,3212159,0,0xa4ec45c0a3e12be05c9e08ea874387a216159e2251657df5beb8b6318f132a9b,true,
193,authenticateSigned,0xab7F5238cbEfB02062241cf979e4994b656FB944,0.03730002045631409,5.558900028467178,0.0018999874591827393,0.2760000228881836,2.191100001335144,2.6371999979019165,28.412300020456314,31.04950001835823,10.959899991750717,39.133799999952316,341162,800000,262433,61625,3212164,0,0x014f17b7fa93dac02ff90683f433b6293158af49ce1ec32f379d7d7846fa1cd6,true,
194,authenticateSigned,0xab7F5238cbEfB02062241cf979e4994b656FB944,0.00920000672340393,4.06139999628067,0.0015000104904174805,0.17019999027252197,1.0896999835968018,1.4833999872207642,59.58610001206398,61.069499999284744,6.946700006723404,66.4180999994278,341209,800000,262469,61626,3212165,0,0x4f477e1e8d09d3c39274014527babcae1f685ba9059769bd5bb9ac3e0ca06dad,true,
195,authenticateSigned,0xab7F5238cbEfB02062241cf979e4994b656FB944,0.006400018930435181,3.4986999928951263,0.0015000104904174805,0.20260000228881836,1.5257999897003174,2.1692000031471252,69.5789999961853,71.74819999933243,7.547499984502792,77.00180000066757,341147,800000,262421,61627,3212169,0,0xe93c81c0efae896721733222c1fe22ff3f13a5467904677f2284a82642b66a15,true,
196,putCertificateAndDomainRoot,0xab7F5238cbEfB02062241cf979e4994b656FB944,0.009299993515014648,3.6518000066280365,0.0012999773025512695,0.1306000053882599,1.6001000106334686,1.8008999824523926,70.2591000199318,72.06000000238419,7.382099986076355,77.46930000185966,99260,800000,76354,61628,3212174,0,0x6421abef3509f7c3f3f910a222ee83233e60560abffd82c26cfb9f28de220143,true,
197,putCertificateAndDomainRoot,0xab7F5238cbEfB02062241cf979e4994b656FB944,0.008699983358383179,3.9460000097751617,0.0012000203132629395,0.11380001902580261,0.9764000177383423,1.3201999962329865,72.66280001401901,73.983000010252,6.494599997997284,79.04809999465942,99260,800000,76354,61629,3212184,0,0x26b8ab4a957af2e510e2dcc26eb82703a77705a975c04fdbc8da619380591311,true,
198,putCertificateAndDomainRoot,0xab7F5238cbEfB02062241cf979e4994b656FB944,0.007500022649765015,4.543799996376038,0.001900017261505127,0.23139998316764832,1.9350000023841858,2.306100010871887,34.56909999251366,36.875200003385544,9.244800001382828,43.61520001292229,99260,800000,76354,61630,3212188,0,0xac151c9e553c426bf561949a224003758d5a97e8c06b18bdbcccf6cac33d2707,true,
199,authenticateSigned,0xab7F5238cbEfB02062241cf979e4994b656FB944,0.006200015544891357,3.4690000116825104,0.0015000104904174805,0.15220001339912415,1.0095999836921692,1.2842000126838684,141.52090001106262,142.8051000237465,6.06700000166893,147.45790001749992,341178,800000,262445,61631,3212190,0,0xf92e7ccaf21da5743b9b5cf4b4f15058edd77c7132b978495089570ed8d8cb44,true,
200,authenticateSigned,0xab7F5238cbEfB02062241cf979e4994b656FB944,0.007599979639053345,6.242499977350235,0.0017000138759613037,0.23480001091957092,1.882999986410141,2.289200007915497,67.44099998474121,69.73019999265671,10.866400003433228,78.11819997429848,341162,800000,262433,61632,3212203,0,0x6b178cad470438b0b2ccaa3f1a869b8af0e977964d80dd29ed0578bb4f6d3d66,true,
201,authenticateSigned,0xab7F5238cbEfB02062241cf979e4994b656FB944,0.0059999823570251465,3.62610000371933,0.0013000071048736572,0.15369999408721924,1.6888999938964844,2.8786999881267548,62.620100021362305,65.49880000948906,8.580000013113022,70.98929998278618,341178,800000,262445,61633,3212207,0,0x7b2ceb9d2a5cbd27e807fa49b175c352540dc4dfdbfdf2c54e7775e34534ec0b,true,
202,authenticateSigned,0xab7F5238cbEfB02062241cf979e4994b656FB944,0.007700026035308838,3.8680999875068665,0.0013000071048736572,0.15109997987747192,1.0590999722480774,1.2856999933719635,43.563800007104874,44.84950000047684,6.492599993944168,49.95870000123978,341147,800000,262421,61634,3212211,0,0x2ac969e496806d4adbf85c8b7c05cab5b2b71eda97101ac935f6e03539baa349,true,
203,putCertificateAndDomainRoot,0xab7F5238cbEfB02062241cf979e4994b656FB944,0.009299993515014648,13.983999997377396,0.0020999908447265625,0.5065999925136566,3.5965999960899353,2.3365000188350677,37.513799995183945,39.85030001401901,20.67910000681877,57.97879999876022,99244,800000,76342,61635,3212215,0,0x2692b2c817567c0f95895bc705240487cbf38360d15b1ac0c2e5d8535d5824d7,true,
204,authenticateSigned,0xab7F5238cbEfB02062241cf979e4994b656FB944,0.006099998950958252,3.5602000057697296,0.001399993896484375,0.1590999960899353,0.979200005531311,1.416399985551834,70.66380000114441,72.08019998669624,6.258500009775162,76.8154000043869,341147,800000,262421,61636,3212222,0,0xac78f55f40548dc0f2a78d82c4464f6afacb19eab322a229ca55b7d056053a63,true,
205,authenticateSigned,0xab7F5238cbEfB02062241cf979e4994b656FB944,0.008200019598007202,5.060499995946884,0.0015000104904174805,0.22030001878738403,1.8978999853134155,2.5381999909877777,39.00440001487732,41.5426000058651,9.932899981737137,48.74990001320839,341194,800000,262457,61637,3212225,0,0x896ce4eedd87b7f8266289f09f76fd50b9d605e0f3253144b3df10724797054a,true,
206,putCertificateAndDomainRoot,0xab7F5238cbEfB02062241cf979e4994b656FB944,0.00890001654624939,6.336699992418289,0.0014999806880950928,0.20229998230934143,1.8402999937534332,4.365000009536743,71.48609998822212,75.85109999775887,13.117699980735779,84.2592000067234,99244,800000,76342,61638,3212231,0,0x41c5c4e3e4a0b1b1f9769dbff82445065ed6485bd5df931d692be9e978bdb918,true,
207,authenticateSigned,0xab7F5238cbEfB02062241cf979e4994b656FB944,0.008000016212463379,6.251000016927719,0.0017000138759613037,0.3052999973297119,1.9068999886512756,2.4950999915599823,32.61070001125336,35.10580000281334,11.195600003004074,43.597699999809265,341147,800000,262421,61639,3212235,0,0xe32fb0c08b33cb18a22372445587356d5c25b137dddc59924bbcb96c2243e8ec,true,
208,putCertificateAndDomainRoot,0xab7F5238cbEfB02062241cf979e4994b656FB944,0.0104999840259552,7.268500000238419,0.0020000040531158447,0.2386000156402588,1.7707000076770782,3.0078999996185303,37.12239998579025,40.13029998540878,12.577800005674362,49.442299991846085,99244,800000,76342,61640,3212245,0,0x4fc6827b5ee3f9803ff6ac97bfc0be6996a33aab1099be4c39468842baca0724,true,
209,putCertificateAndDomainRoot,0xab7F5238cbEfB02062241cf979e4994b656FB944,0.0059999823570251465,5.794400006532669,0.001100003719329834,0.1086999773979187,1.200899988412857,1.5385999977588654,102.69820001721382,104.23680001497269,8.863600015640259,111.36449998617172,99244,800000,76342,61641,3212250,0,0x103ad8d6c7b1e9a34948fd04a4f7e7025ed039e02a9cdb0ae809fb06612fe859,true,
210,authenticateSigned,0xab7F5238cbEfB02062241cf979e4994b656FB944,0.005300015211105347,6.027599990367889,0.0015999972820281982,0.15519997477531433,1.005400002002716,1.3750999867916107,57.384900003671646,58.75999999046326,8.733599990606308,65.97569999098778,341194,800000,262457,61642,3212252,0,0x86073995b39274c539a9aad1c154cd8dbb9c47f346b2c5b5281491802b7ff832,true,
211,authenticateSigned,0xab7F5238cbEfB02062241cf979e4994b656FB944,0.007700026035308838,8.718000024557114,0.0023999810218811035,0.28700000047683716,1.9017999768257141,2.8953000009059906,63.198099970817566,66.09339997172356,14.05460000038147,77.02930000424385,341162,800000,262433,61643,3212257,0,0x96f2a453706cc8e2879a9dedd345fb02a3a1dd3f60d058c2b16f97bedeb03144,true,
212,authenticateSigned,0xab7F5238cbEfB02062241cf979e4994b656FB944,0.0065000057220458984,3.3104000091552734,0.0009999871253967285,0.14910000562667847,1.098900020122528,1.3582000136375427,42.051499992609024,43.40970000624657,6.052700012922287,47.99430000782013,341194,800000,262457,61644,3212261,0,0x78a31332c90b3a7efbcfae122c207bbee9779a9bf70e468ae2017699b9f751b0,true,
213,authenticateSigned,0xab7F5238cbEfB02062241cf979e4994b656FB944,0.00550001859664917,4.8057000041008,0.0015000104904174805,0.23430001735687256,1.9293000102043152,2.6653999984264374,60.50440001487732,63.16980001330376,9.849500000476837,70.16860002279282,341131,800000,262409,61645,3212263,0,0x0ff76e3e2f1b1437c4a3da0bd02ed1dbdd837c8054a51b7c14c29a85de293a8c,true,
214,authenticateSigned,0xab7F5238cbEfB02062241cf979e4994b656FB944,0.005600005388259888,4.5295000076293945,0.0015000104904174805,0.157399982213974,1.0187999904155731,1.3418999910354614,26.234300017356873,27.576200008392334,7.193300008773804,33.30500000715256,341178,800000,262445,61646,3212272,0,0xe38aa2a1a9c161fd28ae94d4e100c7df15f62da9cbebb51f521e0e6e19eb7f51,true,
215,authenticateSigned,0xab7F5238cbEfB02062241cf979e4994b656FB944,0.008499979972839355,5.208299994468689,0.001399993896484375,0.21539998054504395,1.754800021648407,2.501499980688095,29.858800023794174,32.36030000448227,9.906000018119812,39.56669998168945,341178,800000,262445,61647,3212282,0,0x45d7aabaf77780aa6f52f81d78a30d439e591d6809dce54ee504c2f709cda144,true,
216,authenticateSigned,0xab7F5238cbEfB02062241cf979e4994b656FB944,0.007899999618530273,6.715299993753433,0.0015999972820281982,0.22609999775886536,2.123199999332428,3.0999999940395355,38.7402999997139,41.84029999375343,12.417300015687943,50.93440002202988,341162,800000,262433,61648,3212284,0,0x0a05d4568b0604e7ab63afa10d746e3220916910e6704005ccdd61ee7f36b9f2,true,
217,authenticateSigned,0xab7F5238cbEfB02062241cf979e4994b656FB944,0.007499992847442627,5.180400013923645,0.0018000006675720215,0.2069000005722046,1.6673000156879425,2.4539999961853027,90.57089999318123,93.02489998936653,9.787499994039536,100.10709998011589,341194,800000,262457,61649,3212287,0,0xf8cebc2b20949df072cfb95d59a8f45a23bd2da226e663158afca48ffbbff07c,true,
218,putCertificateAndDomainRoot,0xab7F5238cbEfB02062241cf979e4994b656FB944,0.006999999284744263,4.309300005435944,0.0013000071048736572,0.1356000006198883,1.0372999906539917,1.9918000102043152,28.78270000219345,30.774500012397766,7.697999984025955,36.28319999575615,99260,800000,76354,61650,3212293,0,0xb9257bfb157f38bbe3fc2e22dfd412caea22481db6b07633fe8e52cfab531efc,true,
219,authenticateSigned,0xab7F5238cbEfB02062241cf979e4994b656FB944,0.0054000020027160645,3.8673999905586243,0.0014999806880950928,0.1468999981880188,1.007200002670288,2.9404999911785126,74.72990000247955,77.67039999365807,8.249399989843369,82.71069997549057,341178,800000,262445,61651,3212297,0,0xb275c2d671ce66894a7e4ae1d14f29e810f6742a62cf01b2f36343b8e0db463a,true,
220,authenticateSigned,0xab7F5238cbEfB02062241cf979e4994b656FB944,0.005499988794326782,4.916200011968613,0.0020000040531158447,0.2572000026702881,1.987199991941452,1.5882999897003174,90.9936999976635,92.58199998736382,8.903600007295609,99.77539998292923,341194,800000,262457,61652,3212300,0,0x89b16fbf009b308395580c814cc78b2392f79ebb072c2333d884ac0b0722eb9a,true,
221,authenticateSigned,0xab7F5238cbEfB02062241cf979e4994b656FB944,0.007300019264221191,7.366499990224838,0.0020999908447265625,0.29380002617836,2.283500015735626,1.679099977016449,29.5557000041008,31.23479998111725,11.850599974393845,41.206900000572205,341178,800000,262445,61653,3212306,0,0x68eda7037e3e1e810bbe490f861522440d2d5413e0978b421a31c374ea8264b4,true,
222,authenticateSigned,0xab7F5238cbEfB02062241cf979e4994b656FB944,0.008700013160705566,7.612300008535385,0.0015000104904174805,0.3434000015258789,1.942900002002716,2.4677000045776367,82.6046000123024,85.07230001688004,12.581399977207184,95.01010000705719,341162,800000,262433,61654,3212311,0,0x77c93639ccef8448524600d9d8a548599430fe88ebd887662c9eb30bf5f81aef,true,
223,authenticateSigned,0xab7F5238cbEfB02062241cf979e4994b656FB944,0.006099998950958252,3.155699998140335,0.0012999773025512695,0.1412999927997589,0.9731000065803528,1.4847999811172485,43.873600006103516,45.358399987220764,5.894000023603439,49.65299999713898,341162,800000,262433,61655,3212313,0,0x439026ae616d89025598f9e6e0c142e3ee191d5e67424554e85b4c1dedd54170,true,
224,putCertificateAndDomainRoot,0xab7F5238cbEfB02062241cf979e4994b656FB944,0.007500022649765015,2.953900009393692,0.0010000169277191162,0.12820002436637878,1.1256999969482422,1.616899996995926,116.70960000157356,118.32649999856949,5.941399991512299,122.56420001387596,99260,800000,76354,61656,3212318,0,0x76d002839804bddf4064b4d1adcc880d669b49385718390e92f9e2cec873f764,true,
225,authenticateSigned,0xab7F5238cbEfB02062241cf979e4994b656FB944,0.004999995231628418,3.2764999866485596,0.001399993896484375,0.14910000562667847,1.101600021123886,1.866100013256073,67.05160000920296,68.91770002245903,6.6243999898433685,73.46389999985695,341178,800000,262445,61657,3212323,0,0x1320dcf78ca7fa6467635e0bcc6254280c64f237af7260038bc95dbd4b6d06a3,true,
226,authenticateSigned,0xab7F5238cbEfB02062241cf979e4994b656FB944,0.008799999952316284,5.460599988698959,0.001399993896484375,0.2199999988079071,1.6933999955654144,2.240400016307831,64.01009997725487,66.2504999935627,9.858999997377396,73.65239998698235,341194,800000,262457,61658,3212330,0,0xcfe186b5a37c83ab0c9e0730341c400a35fdc2d9347ed3c7c06207b9f3a2cf7f,true,
227,authenticateSigned,0xab7F5238cbEfB02062241cf979e4994b656FB944,0.008200019598007202,7.991500020027161,0.0018000006675720215,0.24070000648498535,1.9639999866485596,2.238600015640259,59.75299999117851,61.99160000681877,12.65880000591278,72.21790000796318,341147,800000,262421,61659,3212337,0,0x00d180427a84a6709a035076c3719da38adcff28ea4acfb58f01f9eb42bad698,true,
228,putCertificateAndDomainRoot,0xab7F5238cbEfB02062241cf979e4994b656FB944,0.01109999418258667,5.645799994468689,0.0017000138759613037,0.20639997720718384,1.8203999996185303,2.239799976348877,165.8803000152111,168.12009999155998,10.117400020360947,175.8246000111103,99244,800000,76342,61660,3212343,0,0x77091560cbaab4d3b8868206e456f1f78a9022ea8cc13548ec292e553a1b7302,true,
229,putCertificateAndDomainRoot,0xab7F5238cbEfB02062241cf979e4994b656FB944,0.009000003337860107,4.789700001478195,0.0015999972820281982,0.17410001158714294,1.8734000027179718,2.5022999942302704,31.346900016069412,33.84920001029968,9.584800004959106,40.71450001001358,99229,800000,76330,61661,3212348,0,0x9f8789cb733a60a26035e68cbbed6d086efdeaf8815ec090565d2a04c1864c75,true,
230,authenticateSigned,0xab7F5238cbEfB02062241cf979e4994b656FB944,0.00619998574256897,3.3452999889850616,0.0015000104904174805,0.15950000286102295,1.0456999838352203,1.3693999946117401,26.453900009393692,27.823300004005432,6.060900002717972,32.39860001206398,341194,800000,262457,61662,3212349,0,0x83987cfceff0a9ec8a5663bf8e1f104ce493e5525610b8b6eae720ae86f4d377,true,
231,authenticateSigned,0xab7F5238cbEfB02062241cf979e4994b656FB944,0.00830000638961792,6.269800007343292,0.001600027084350586,0.26979997754096985,1.8792000114917755,2.437199980020523,22.82030001282692,25.257499992847443,11.073599994182587,33.70260000228882,341178,800000,262445,61663,3212352,0,0x8572d200bbf44165b7081393800ee587663ed0235ecbf57494781a56b07d7eb6,true,
232,authenticateSigned,0xab7F5238cbEfB02062241cf979e4994b656FB944,0.008100003004074097,6.054899990558624,0.0015999972820281982,0.2175000011920929,1.9678999781608582,2.2862999737262726,25.047500014305115,27.333799988031387,10.76859998703003,35.602799981832504,341178,800000,262445,61664,3212357,0,0x20b30adb9958b83934202e2856f718aa2077cf58c054de6d89731da3cc155db6,true,
233,putCertificateAndDomainRoot,0xab7F5238cbEfB02062241cf979e4994b656FB944,0.009100019931793213,3.835999995470047,0.0017000138759613037,0.13379999995231628,1.5361000001430511,1.7436000108718872,29.171599984169006,30.915199995040894,7.437899976968765,36.44680002331734,99260,800000,76354,61665,3212364,0,0xd622f40e038ebe4bbf51b88238403878bd52422c6ff70c77c2bec384aa260094,true,
234,authenticateSigned,0xab7F5238cbEfB02062241cf979e4994b656FB944,0.008100003004074097,5.481499999761581,0.001699984073638916,0.20970001816749573,1.8105999827384949,2.997600018978119,85.48190000653267,88.47950002551079,10.721199989318848,96.01190000772476,341194,800000,262457,61666,3212369,0,0xf816ef4d8a34cc49da3978c49d888811c3be9d040c3be94490fb9960203fa3c8,true,
235,authenticateSigned,0xab7F5238cbEfB02062241cf979e4994b656FB944,0.006999999284744263,3.434499979019165,0.0014999806880950928,0.1988999843597412,1.1317999958992004,4.285899996757507,56.09929999709129,60.3851999938488,9.234400004148483,65.17919999361038,341209,800000,262469,61667,3212376,0,0x3a7218b9dc6aba220c9e994330138365bbb7f93915d54cf1898c72f4fbd9b056,true,
236,authenticateSigned,0xab7F5238cbEfB02062241cf979e4994b656FB944,0.007100015878677368,5.647200018167496,0.0013000071048736572,0.15230000019073486,0.9952000081539154,1.3774999976158142,40.290800005197525,41.66830000281334,8.303000003099442,48.488400012254715,341194,800000,262457,61668,3212385,0,0x95f374b6c7a7b2f116d697b39e4194f536cf5eacb87513c0df09b357c9b3eaae,true,
237,authenticateSigned,0xab7F5238cbEfB02062241cf979e4994b656FB944,0.005199998617172241,3.227099984884262,0.0013000071048736572,0.15459999442100525,0.9943999946117401,1.3395000100135803,30.40209999680519,31.74160000681877,5.844999998807907,36.14269998669624,341178,800000,262445,61669,3212387,0,0x3ddb5b84716708a3529bb61d9dfbfb089ccc644fc765ca0020144ef250eeb6e9,true,
238,authenticateSigned,0xab7F5238cbEfB02062241cf979e4994b656FB944,0.007800012826919556,5.598600000143051,0.001699984073638916,0.2124999761581421,1.7776000201702118,2.3687999844551086,42.83170002698898,45.20050001144409,10.175700008869171,52.82270002365112,341178,800000,262445,61670,3212389,0,0x05898f856ea7c42206f3520c0de66cf0b54ec7de0f753c187ebbd17efb79c98d,true,
239,authenticateSigned,0xab7F5238cbEfB02062241cf979e4994b656FB944,0.007899999618530273,5.008799999952316,0.0015999972820281982,0.21639999747276306,1.8991000056266785,1.9781000018119812,37.923700004816055,39.90180000662804,9.310599982738495,47.05629998445511,341178,800000,262445,61671,3212394,0,0x3a283afac52f7730d77be3fa0272e80d543e54ca042d5f3002ad4e7d88de0cb3,true,
240,authenticateSigned,0xab7F5238cbEfB02062241cf979e4994b656FB944,0.008299976587295532,5.5286000072956085,0.0015999972820281982,0.2092999815940857,1.651199996471405,2.263900011777878,52.64089998602867,54.90479999780655,9.861900001764297,62.32779997587204,341178,800000,262445,61672,3212396,0,0x2009ca9f53f1485f538863e53e2b42267bf46a70cd01d3cb5c7a819db1be4d29,true,
241,authenticateSigned,0xab7F5238cbEfB02062241cf979e4994b656FB944,0.005199998617172241,4.150499999523163,0.0015000104904174805,0.2581000030040741,1.898800015449524,2.413400024175644,12.319499999284744,14.732900023460388,8.935400009155273,21.063300013542175,341209,800000,262469,61673,3212399,0,0x883a2cc48354a66d8710a18efdf2b945b5ebab8c32ba1239d32c5c105e9b77f1,true,
242,authenticateSigned,0xab7F5238cbEfB02062241cf979e4994b656FB944,0.006200015544891357,5.954299986362457,0.0015000104904174805,0.2502000033855438,1.8021999895572662,2.3235999941825867,55.495700001716614,57.8192999958992,10.534999996423721,65.85350000858307,341162,800000,262433,61674,3212405,0,0xc5739b49904334fed4729a0c8d701959d9e4c20cc78a7620f6f14547c6c82bb2,true,
243,putCertificateAndDomainRoot,0xab7F5238cbEfB02062241cf979e4994b656FB944,0.009799987077713013,5.21670001745224,0.0015000104904174805,0.17299997806549072,1.887900024652481,2.2233000099658966,28.949600011110306,31.172900021076202,9.708299994468689,38.47810000181198,99260,800000,76354,61675,3212411,0,0xeabd4515fec05d344a03bf0d6921b6bdfa1c0e0e8a56e1a1d3de185c3dfa40b5,true,
244,authenticateSigned,0xab7F5238cbEfB02062241cf979e4994b656FB944,0.006599992513656616,3.2407000064849854,0.001100003719329834,0.13750001788139343,0.9657000005245209,1.4505999982357025,54.21529999375343,55.665899991989136,5.940000027418137,60.04060000181198,341194,800000,262457,61676,3212423,0,0x6f67bf4647ff278129f0ed7bc3a0c809d954ac2f6e091128418efa8949404301,true,
245,authenticateSigned,0xab7F5238cbEfB02062241cf979e4994b656FB944,0.005800008773803711,3.218299984931946,0.001100003719329834,0.15380001068115234,1.0674999952316284,2.2064000070095062,34.15040001273155,36.35680001974106,6.880899995565414,40.821299999952316,341178,800000,262445,61677,3212429,0,0x7bee3513ef3862af12b26d05da935d9f041ac39ed0dd28598f6cb2df91a21673,true,
246,authenticateSigned,0xab7F5238cbEfB02062241cf979e4994b656FB944,0.005299985408782959,3.693499982357025,0.001100003719329834,0.1525999903678894,1.5058999955654144,2.7340999841690063,20.726599991321564,23.46069997549057,8.30460000038147,28.835799992084503,341194,800000,262457,61678,3212433,0,0xff83cebd657a10f989585f195db28c3e9d0fda42be200e7d75635d1e36224f3a,true,
247,authenticateSigned,0xab7F5238cbEfB02062241cf979e4994b656FB944,0.010299980640411377,5.487500011920929,0.0012999773025512695,0.25049999356269836,2.0004000067710876,2.3568999767303467,21.994000017642975,24.35089999437332,10.298500001430511,32.119100004434586,341162,800000,262433,61679,3212441,0,0x43429b49351b90cb80e69ff73eca45ca7bed9b32831b619bf366fb3579435095,true,
248,putCertificateAndDomainRoot,0xab7F5238cbEfB02062241cf979e4994b656FB944,0.005899995565414429,3.100800007581711,0.0012000203132629395,0.10580000281333923,0.9221999943256378,2.387299984693527,32.29780000448227,34.6850999891758,6.731399983167648,38.834299981594086,99244,800000,76342,61680,3212455,0,0x73c2e04cf260ce17d4ea4dc10c26969130abe9e54d65edfad515f82ac1957081,true,
249,authenticateSigned,0xab7F5238cbEfB02062241cf979e4994b656FB944,0.008100003004074097,4.914900004863739,0.001399993896484375,0.20419999957084656,1.901999980211258,2.3552999794483185,24.837999999523163,27.19329997897148,9.591899991035461,34.25510001182556,341178,800000,262445,61681,3212467,0,0x340f3b5d4538ec70737f3a8f4ba1581b6bbf657c9314a797c676f765802f9626,true,
250,putCertificateAndDomainRoot,0xab7F5238cbEfB02062241cf979e4994b656FB944,0.009299993515014648,4.870099991559982,0.0015000104904174805,0.1696999967098236,1.58160001039505,2.3808000087738037,64.83730000257492,67.21810001134872,9.21570000052452,73.86890000104904,99244,800000,76342,61682,3212473,0,0x51abcbdab9a0d1d5503083cb7e0a9836f5914f61068a62b081ec960de591c188,true,
251,authenticateSigned,0xab7F5238cbEfB02062241cf979e4994b656FB944,0.0051000118255615234,5.630400002002716,0.0015000104904174805,0.2705000042915344,1.76910001039505,1.7193999886512756,40.66400000452995,42.38339999318123,9.532400012016296,50.07770001888275,341178,800000,262445,61683,3212476,0,0xf6548b61adb4691974132c7351e15f31741a5bc339bb9f44cb31235a30e26c66,true,
252,authenticateSigned,0xab7F5238cbEfB02062241cf979e4994b656FB944,0.008200019598007202,4.176400005817413,0.0014000236988067627,0.15520000457763672,1.0254999995231628,1.3485000133514404,29.44329997897148,30.79179999232292,6.827199995517731,36.175900012254715,341194,800000,262457,61684,3212479,0,0xa4884bd88a42d0e18c05abc9bce6330e159e0f0ac5c3dea14db85e6c32f33668,true,
253,authenticateSigned,0xab7F5238cbEfB02062241cf979e4994b656FB944,0.005499988794326782,3.18860000371933,0.0012999773025512695,0.1370999813079834,0.992900013923645,1.2894999980926514,37.88079997897148,39.17029997706413,5.7378000020980835,43.51539999246597,341162,800000,262433,61685,3212482,0,0x3107405330f744b8b6bb7e1a4b57036693b9ee95f7dc966156f8c81e4101e569,true,
254,putCertificateAndDomainRoot,0xab7F5238cbEfB02062241cf979e4994b656FB944,0.010799974203109741,6.350900024175644,0.00210002064704895,0.24140000343322754,1.8656000196933746,2.5811000168323517,24.684899985790253,27.266000002622604,11.27590000629425,35.76739999651909,99260,800000,76354,61686,3212487,0,0x9257aeed8206f69b344d0b898d8c888ad32d0c389e0e01fd5a2450be40e389f5,true,
255,putCertificateAndDomainRoot,0xab7F5238cbEfB02062241cf979e4994b656FB944,0.0070999860763549805,2.7428999841213226,0.0013000071048736572,0.1274999976158142,1.0692999958992004,1.5805000066757202,26.98870000243187,28.56920000910759,5.757600009441376,32.53479999303818,99260,800000,76354,61687,3212500,0,0xf3e05f043cb51947f71a07f0a076c7c84cd224dab4c7191cc244ecd6b35cef19,true,
256,putCertificateAndDomainRoot,0xab7F5238cbEfB02062241cf979e4994b656FB944,0.009000003337860107,4.88289999961853,0.0014000236988067627,0.1705000102519989,1.804500013589859,2.2367999851703644,36.1972000002861,38.43399998545647,9.300400018692017,45.32109999656677,99229,800000,76330,61688,3212505,0,0x346b3a0f415e92796c0c0d3f031181a348d1ef1986b4f8021981470de8ce5a99,true,
257,authenticateSigned,0xab7F5238cbEfB02062241cf979e4994b656FB944,0.009299993515014648,5.232599973678589,0.0013000071048736572,0.13429999351501465,1.3091000020503998,1.4390000104904175,68.03889998793602,69.47789999842644,8.24889999628067,76.18199998140335,341209,800000,262469,61689,3212506,0,0x81bd7ecf13130176b8d54a0ed0f9879b6d664e1ffb603ed84501c32c2d7541d8,true,
258,putCertificateAndDomainRoot,0xab7F5238cbEfB02062241cf979e4994b656FB944,0.009900003671646118,4.677300006151199,0.0014999806880950928,0.1800999939441681,1.6952999830245972,2.5129999816417694,109.69510000944138,112.20809999108315,9.28659999370575,118.78569999337196,99244,800000,76342,61690,3212512,0,0x5b7c4edc7eaf7051ce77065ca9587a4bd0aed8699e32ecf2e327ccaeb04c35af,true,
259,authenticateSigned,0xab7F5238cbEfB02062241cf979e4994b656FB944,0.005600005388259888,3.3149000108242035,0.001100003719329834,0.14630001783370972,0.9650000035762787,1.4162000119686127,23.04959997534752,24.46579998731613,5.990399986505508,28.91330000758171,341162,800000,262433,61691,3212515,0,0x2d60c42a84abef384583d35660a1dd7cf864325b79db75ad435c7c43541d8381,true,
260,putCertificateAndDomainRoot,0xab7F5238cbEfB02062241cf979e4994b656FB944,0.0054000020027160645,2.962099999189377,0.001399993896484375,0.11809998750686646,1.0958999991416931,1.2874000072479248,37.020500004291534,38.30790001153946,5.623099982738495,42.50399997830391,99244,800000,76342,61692,3212519,0,0xa7ee4b4034d8de516cc2ec4b796c29021d3028e0eecc9bad6551311863eb0105,true,
261,authenticateSigned,0xab7F5238cbEfB02062241cf979e4994b656FB944,0.008599996566772461,6.748400002717972,0.001699984073638916,0.24130001664161682,1.9156000018119812,1.9519000053405762,71.30399999022484,73.25589999556541,11.030699998140335,82.18989998102188,341194,800000,262457,61693,3212522,0,0xdf1c22fc5ac3e95dcc096b436a218515181f96cc78471d6e368fb437f97ff5ea,true,
262,authenticateSigned,0xab7F5238cbEfB02062241cf979e4994b656FB944,0.005700021982192993,3.313999980688095,0.0018000006675720215,0.16609999537467957,1.0081999897956848,1.2838000059127808,39.99609997868538,41.27989998459816,5.933799982070923,45.79219999909401,341162,800000,262433,61694,3212537,0,0xda837638bd7c13f331a58efe4e4b975eb052fc15e308bde72b7871e0331bef2e,true,
263,authenticateSigned,0xab7F5238cbEfB02062241cf979e4994b656FB944,0.008100003004074097,7.972099989652634,0.0015999972820281982,0.23539999127388,2.093300014734268,2.8816999793052673,145.06069999933243,147.9423999786377,13.398400008678436,158.2756000161171,341178,800000,262445,61695,3212544,0,0xe8435204466b2a2f3a815028beb2405c112763c928c305fe7335c5fa982762fa,true,
264,authenticateSigned,0xab7F5238cbEfB02062241cf979e4994b656FB944,0.009000003337860107,9.966899991035461,0.0017000138759613037,0.21279999613761902,2.0183999836444855,2.549699991941452,50.22249999642372,52.77219998836517,15.05510002374649,64.99960002303123,341194,800000,262457,61696,3212548,0,0x0a06492a8f69ece99e173857c66f3ea2422a480d9adc063c8ae9b34eb47874c3,true,
265,putCertificateAndDomainRoot,0xab7F5238cbEfB02062241cf979e4994b656FB944,0.009700000286102295,3.321700006723404,0.0017000138759613037,0.12850001454353333,1.1026999950408936,1.400299996137619,31.49940001964569,32.89970001578331,6.073900014162064,37.48340001702309,99260,800000,76354,61697,3212554,0,0x09b617fe4d0133a3877a2e09ec4728f30d6d2bd9ac58d4c4cf43612790f8e09d,true,
266,authenticateSigned,0xab7F5238cbEfB02062241cf979e4994b656FB944,0.008799999952316284,5.180400013923645,0.0018000006675720215,0.14509999752044678,1.0846000015735626,1.3373999893665314,51.95039999485016,53.28779998421669,7.881199985742569,59.726199984550476,341178,800000,262445,61698,3212559,0,0x9a1f41c02bf9d24bf419d4d0bfe81d3402aafc5b4dc7b70e4ea9764bad26636b,true,
267,authenticateSigned,0xab7F5238cbEfB02062241cf979e4994b656FB944,0.005800008773803711,3.718199998140335,0.001100003719329834,0.188400000333786,1.0665000081062317,1.4242999851703644,43.388200014829636,44.8125,6.6458999812603,49.8091000020504,341162,800000,262433,61699,3212562,0,0x1f83c977411910c507b80ed7cbac7b4d2b500cc071a537727224c497e14b726d,true,
268,authenticateSigned,0xab7F5238cbEfB02062241cf979e4994b656FB944,0.008000016212463379,5.217500001192093,0.001699984073638916,0.20910000801086426,1.7998999953269958,2.3395000100135803,41.49739998579025,43.83689999580383,9.765199989080429,51.09240001440048,341178,800000,262445,61700,3212564,0,0x403680c773c0938ef8bea8ff095b3789172044f8eddf3a9460c44af172a2614f,true,
269,authenticateSigned,0xab7F5238cbEfB02062241cf979e4994b656FB944,0.007799983024597168,3.9901999831199646,0.0015999972820281982,0.1767999827861786,1.116899996995926,1.3721000254154205,26.948300004005432,28.320400029420853,6.785800009965897,33.630999982357025,341194,800000,262457,61701,3212567,0,0xe72abb348ebd692f179a71dab7983bfa372adc693cc15fa496ee6d53bc7e34ff,true,
270,authenticateSigned,0xab7F5238cbEfB02062241cf979e4994b656FB944,0.00550001859664917,3.7600000202655792,0.0018999874591827393,0.15529999136924744,1.7802999913692474,2.010699987411499,49.7717000246048,51.782400012016296,7.8454999923706055,57.50690001249313,341162,800000,262433,61702,3212602,0,0x3f035d256b1e6e4cdee90e9a95ba209ebdfa89139955d0b2608bc8175f519ff7,true,
271,putCertificateAndDomainRoot,0xab7F5238cbEfB02062241cf979e4994b656FB944,0.009499996900558472,4.6668999791145325,0.0015000104904174805,0.17080000042915344,1.599399983882904,2.281599998474121,45.82649999856949,48.10809999704361,8.946700006723404,54.575299978256226,99260,800000,76354,61703,3212608,0,0xa680c257330ade7472ac9081711ac03b7776b91ff190788158622d7ac18fdd35,true,
272,authenticateSigned,0xab7F5238cbEfB02062241cf979e4994b656FB944,0.008500009775161743,5.512800008058548,0.0018000006675720215,0.210999995470047,1.9239999949932098,2.616100013256073,59.140499979257584,61.75659999251366,10.478500008583069,69.43490001559258,341178,800000,262445,61704,3212616,0,0xfa49cc588b1e2d65cf721bc9ae6c200834551f8846ecfec5bad925fe76ba0a45,true,
273,putCertificateAndDomainRoot,0xab7F5238cbEfB02062241cf979e4994b656FB944,0.0065000057220458984,3.1071999967098236,0.0012000203132629395,0.12400001287460327,0.9652999937534332,1.42849999666214,25.757699996232986,27.186199992895126,5.76979997754097,31.406699985265732,99244,800000,76342,61705,3212627,0,0xb8352a3ed5f17e0d0d250d73e8a78eeaac5c3571c37be9665f78386ce4763878,true,
274,authenticateSigned,0xab7F5238cbEfB02062241cf979e4994b656FB944,0.007899999618530273,3.6966999769210815,0.0018000006675720215,0.16569998860359192,1.0911000072956085,1.603899985551834,46.73700001835823,48.340900003910065,6.700000017881393,53.322400003671646,341178,800000,262445,61706,3212637,0,0x4f5c2dd94914e4f87cecb4619cb5da3fd9a8b29e4b5938993a4413e82bcab700,true,
275,authenticateSigned,0xab7F5238cbEfB02062241cf979e4994b656FB944,0.0054000020027160645,3.5121999979019165,0.0015000104904174805,0.14340001344680786,1.014499992132187,1.4049000144004822,108.88539999723434,110.29030001163483,6.205399990081787,114.98570001125336,341162,800000,262433,61707,3212643,0,0xb04d8933643755a78e38c4c4424fdb0ab9bfca083a597e194cfbb9a2cd661ccc,true,
276,authenticateSigned,0xab7F5238cbEfB02062241cf979e4994b656FB944,0.005099982023239136,3.245600014925003,0.0017000138759613037,0.1525999903678894,1.5440999865531921,2.0638000071048737,64.02209997177124,66.08589997887611,7.135900020599365,71.05689999461174,341178,800000,262445,61708,3212646,0,0x050177e150f8ba9e6e809881e9711c507d523ae56412cc554b8b55fba5b11c88,true,
277,putCertificateAndDomainRoot,0xab7F5238cbEfB02062241cf979e4994b656FB944,0.009000003337860107,5.749300003051758,0.0020999908447265625,0.22099998593330383,1.825799971818924,2.1689999997615814,37.51740002632141,39.68640002608299,10.168700009584427,47.51280000805855,99229,800000,76330,61709,3212657,0,0x563ff39cbc402077757039ba372f041dc81eb5c8b6e4ef2027713af855ab5899,true,
278,authenticateSigned,0xab7F5238cbEfB02062241cf979e4994b656FB944,0.008000016212463379,5.31139999628067,0.0018999874591827393,0.2150000035762787,1.8985999822616577,2.1944999992847443,67.48759999871254,69.68209999799728,9.776099979877472,77.13510000705719,341178,800000,262445,61710,3212662,0,0xa357ab0e4b1ee79577393f12796ed0a44afd5b20eab0cb0e99dceda897bb1b44,true,
279,authenticateSigned,0xab7F5238cbEfB02062241cf979e4994b656FB944,0.005499988794326782,3.229000002145767,0.0015000104904174805,0.15010002255439758,0.8867000043392181,1.3109000027179718,23.62169998884201,24.932599991559982,5.672300010919571,29.222399979829788,341194,800000,262457,61711,3212668,0,0x97df977533a64f6f2601d9cddea56a9e59cd818a38396ab5928fe0ef347c75cd,true,
280,authenticateSigned,0xab7F5238cbEfB02062241cf979e4994b656FB944,0.006099998950958252,4.203999996185303,0.0014999806880950928,0.164900004863739,1.382200002670288,2.51570001244545,24.56029999256134,27.07600000500679,8.455300003290176,32.854300022125244,341178,800000,262445,61712,3212672,0,0xb2f30966677b0f0d47ce1b20f1910a623b254873c5c5e76a99d0a92ed9c1ecde,true,
281,authenticateSigned,0xab7F5238cbEfB02062241cf979e4994b656FB944,0.008599996566772461,7.642300009727478,0.002499997615814209,0.2701999843120575,1.6015999913215637,2.0873999893665314,55.2024000287056,57.28980001807213,11.779100000858307,66.83399999141693,341209,800000,262469,61713,3212675,0,0xa344fd71005164116aaa0f882d53e06758ead1fffa3de4912aa559e78771a87c,true,
282,putCertificateAndDomainRoot,0xab7F5238cbEfB02062241cf979e4994b656FB944,0.008000016212463379,4.314200013875961,0.0012999773025512695,0.12189999222755432,0.96670001745224,1.7777999937534332,31.028300017118454,32.80610001087189,7.354999989271164,38.23660001158714,99244,800000,76342,61714,3212681,0,0xffa05921b82cde3f74d7dd6de29df61319473e324affc9ec0b1e8e944ac65155,true,
283,authenticateSigned,0xab7F5238cbEfB02062241cf979e4994b656FB944,0.006300002336502075,3.3050000071525574,0.0018000006675720215,0.1543000042438507,0.9203999936580658,1.238400012254715,107.96209999918938,109.20050001144409,5.739100009202957,113.6046000123024,341209,800000,262469,61715,3212683,0,0x822e82e736e5a06c8b9c4fe5aef1fecf47639cd6afd84c803754c4d9e20d8e50,true,
284,putCertificateAndDomainRoot,0xab7F5238cbEfB02062241cf979e4994b656FB944,0.006699979305267334,4.931999981403351,0.0011999905109405518,0.1264999806880951,0.8969999849796295,1.3359000086784363,36.255800008773804,37.59170001745224,7.413000017404556,43.573499977588654,99260,800000,76354,61716,3212688,0,0x5e78604440bb51d93890fb59c3b2811912f61c422a89f40899c7f63c6a96006d,true,
285,putCertificateAndDomainRoot,0xab7F5238cbEfB02062241cf979e4994b656FB944,0.0065000057220458984,3.7918999791145325,0.0015999972820281982,0.13189998269081116,0.8946999907493591,1.4337999820709229,28.80290001630783,30.236699998378754,6.3689999878406525,35.081999987363815,99244,800000,76342,61717,3212695,0,0x100d9c36dc139f8370d36f024ac8f0bf7d37e0d35165898a4a0e7c605b7cdcb4,true,
286,authenticateSigned,0xab7F5238cbEfB02062241cf979e4994b656FB944,0.008599996566772461,4.9226000010967255,0.001100003719329834,0.14230000972747803,0.8831000030040741,1.3606999814510345,20.824200004339218,22.184899985790253,7.447699993848801,28.15880000591278,341178,800000,262445,61718,3212698,0,0x5cf2ce76e3329b09a6b5105fa6c92ebe8f99b9024ac4b36f7a2910f9d634668b,true,
287,authenticateSigned,0xab7F5238cbEfB02062241cf979e4994b656FB944,0.0051000118255615234,3.4081999957561493,0.0015999972820281982,0.156000018119812,0.9508000016212463,2.6856000125408173,49.82209998369217,52.50769999623299,7.401199996471405,57.04739999771118,341194,800000,262457,61719,3212702,0,0x041b793613a67b15b1c2b18a515d6776bac8669d40e0f406b4262adb5983e7a8,true,
288,authenticateSigned,0xab7F5238cbEfB02062241cf979e4994b656FB944,0.005299985408782959,3.573899984359741,0.0014000236988067627,0.1518000066280365,0.9104999899864197,1.361600011587143,78.45390000939369,79.81550002098083,6.118000000715256,84.47619998455048,341194,800000,262457,61720,3212703,0,0xae449b941672fe9429a23ae347a9046ed7c7fe2e2f2eea72a327df36e98f0d75,true,
289,authenticateSigned,0xab7F5238cbEfB02062241cf979e4994b656FB944,0.007300019264221191,5.722000002861023,0.001900017261505127,0.1696000099182129,1.5919000208377838,2.528899997472763,39.502000004053116,42.03090000152588,10.199799984693527,49.54340001940727,341162,800000,262433,61721,3212706,0,0x7721638c68e08d7c3c93e7509373ed9007a3d6020876f432f773516db80e0747,true,
290,authenticateSigned,0xab7F5238cbEfB02062241cf979e4994b656FB944,0.005799978971481323,3.6019999980926514,0.0014000236988067627,0.1499999761581421,0.990699976682663,2.487399995326996,50.0164999961853,52.5038999915123,7.44420000910759,57.27579998970032,341194,800000,262457,61722,3212712,0,0xac1ee7116d5d6a07ec9704803fb384f1d8ddbcd5674fc9b8f1379d725e2d05c1,true,
291,putCertificateAndDomainRoot,0xab7F5238cbEfB02062241cf979e4994b656FB944,0.009399980306625366,6.008500009775162,0.0015999972820281982,0.18900001049041748,1.705599993467331,1.5818000137805939,50.10629999637604,51.68810001015663,9.624800026416779,59.62270000576973,99260,800000,76354,61723,3212718,0,0xd051339fd705430c46bfaf3b77ef2f3e3a2bbb8861e17155cfe9c811c65c4b9c,true,
292,putCertificateAndDomainRoot,0xab7F5238cbEfB02062241cf979e4994b656FB944,0.0059999823570251465,3.091399997472763,0.0009999871253967285,0.11750000715255737,1.0447999835014343,2.1852999925613403,34.472100019454956,36.657400012016296,6.643400013446808,41.009900003671646,99244,800000,76342,61724,3212724,0,0x1c0d93da27a7b03ff0d561981b08dafd3b863bf0837ef70673f254743e4fd5a2,true,
293,putCertificateAndDomainRoot,0xab7F5238cbEfB02062241cf979e4994b656FB944,0.008199989795684814,5.456900000572205,0.0015999972820281982,0.1981000006198883,1.5389000177383423,2.023800015449524,31.902999997138977,33.9268000125885,9.396100014448166,41.148999989032745,99260,800000,76354,61725,3212730,0,0x737715a8c4f26c91db935afee4b65d0c8375f1f9659324d06537649b59123f9c,true,
294,authenticateSigned,0xab7F5238cbEfB02062241cf979e4994b656FB944,0.008299976587295532,5.633699983358383,0.0020000040531158447,0.36560001969337463,1.7712000012397766,1.5288000106811523,37.99969998002052,39.528499990701675,9.44870001077652,47.32839998602867,341178,800000,262445,61726,3212733,0,0x7631b8baa3e6ec7af2def6de101eaa6f3b8b50e08e64ec025956aad348057a17,true,
295,authenticateSigned,0xab7F5238cbEfB02062241cf979e4994b656FB944,0.008599996566772461,6.666999995708466,0.0020000040531158447,0.2563000023365021,1.7087000012397766,2.8790000081062317,68.27480000257492,71.15380001068115,11.707300007343292,79.81869998574257,341194,800000,262457,61727,3212737,0,0x82885403679106509317e350d97d0a1bde3b1fcad4b82ddc9e5d967bf84bad2c,true,
296,putCertificateAndDomainRoot,0xab7F5238cbEfB02062241cf979e4994b656FB944,0.010300010442733765,4.618800014257431,0.0018000006675720215,0.20329999923706055,1.4778999984264374,2.1985999941825867,34.4539999961853,36.65259999036789,8.686699986457825,42.98829999566078,99260,800000,76354,61728,3212743,0,0x601460e7bcf311011857851b315c4d212f3be1682de7fd0397a132454204df07,true,
297,putCertificateAndDomainRoot,0xab7F5238cbEfB02062241cf979e4994b656FB944,0.00550001859664917,2.9307999908924103,0.0015000104904174805,0.1598999798297882,0.8822999894618988,1.4717999994754791,47.97689998149872,49.4486999809742,5.561599999666214,53.44790002703667,99260,800000,76354,61729,3212754,0,0x664b3d2044ca0b57fbd48fed0d8bde64071393f0fd23cfa0216c78bbbcc32c38,true,
298,authenticateSigned,0xab7F5238cbEfB02062241cf979e4994b656FB944,0.005099982023239136,3.4246000051498413,0.0017000138759613037,0.15639999508857727,1.6038000285625458,2.426600009202957,60.778999984264374,63.20559999346733,7.799100011587143,68.44059997797012,341147,800000,262421,61730,3212771,0,0xd544af4b5e04480f54b4a60d8aa7410aec9623fbd24eb8c130e5d582314bb7c0,true,
299,putCertificateAndDomainRoot,0xab7F5238cbEfB02062241cf979e4994b656FB944,0.00920000672340393,6.230000019073486,0.0017000138759613037,0.19659999012947083,1.5507000088691711,2.048900008201599,34.38369998335838,36.43259999155998,10.214899986982346,44.44240000844002,99244,800000,76342,61731,3212775,0,0xdad75551528248957b36c06d3e748a6062b772c325cbee313ba00dff6ee85398,true,
300,authenticateSigned,0xab7F5238cbEfB02062241cf979e4994b656FB944,0.008699983358383179,4.800599992275238,0.0018999874591827393,0.20969998836517334,1.4975000023841858,2.245299994945526,48.3575000166893,50.60280001163483,8.91780000925064,57.141000002622604,341194,800000,262457,61732,3212778,0,0x515678db06cf8c0cf867ef1e313b34ae97989051626008a8ff6773cfbdcc9bf2,true,
301,authenticateSigned,0xab7F5238cbEfB02062241cf979e4994b656FB944,0.009299993515014648,6.003700017929077,0.0017000138759613037,0.22439998388290405,1.6347000002861023,2.47979998588562,40.15770000219345,42.63749998807907,10.523299992084503,50.53249999880791,341194,800000,262457,61733,3212782,0,0xa804555a8769f0f66f88f9ff282eab5f9906aeb6c46ad6ec2731cd097b8f4574,true,
302,authenticateSigned,0xab7F5238cbEfB02062241cf979e4994b656FB944,0.005899995565414429,3.874799996614456,0.001399993896484375,0.15639999508857727,0.9514000117778778,2.5241000056266785,28.660899996757507,31.185000002384186,7.766200006008148,36.19200000166893,341178,800000,262445,61734,3212786,0,0x485d050130e3edda4ab1e1f8b9be8e6b4bfaaa245befd725bed1ee95da925544,true,
303,authenticateSigned,0xab7F5238cbEfB02062241cf979e4994b656FB944,0.008299976587295532,4.684399992227554,0.0015000104904174805,0.19420000910758972,1.5466000139713287,2.073500007390976,34.58939999341965,36.66290000081062,8.665300011634827,43.11939999461174,341209,800000,262469,61735,3212788,0,0x6618e2c737b617faa403effaa46c3382ca7de6561abbbf4a2df3fac335b0de66,true,
304,putCertificateAndDomainRoot,0xab7F5238cbEfB02062241cf979e4994b656FB944,0.018399983644485474,5.269499987363815,0.001699984073638916,0.17429998517036438,1.5004000067710876,2.329499989748001,29.548200011253357,31.877700001001358,9.454100012779236,38.8619000017643,99244,800000,76342,61736,3212795,0,0x3b33370f373271d0ef5fd19cbda4a22d285ee13c50c5a76bdcfe22c4339b8804,true,
305,authenticateSigned,0xab7F5238cbEfB02062241cf979e4994b656FB944,0.009499996900558472,5.098299980163574,0.0017000138759613037,0.20350000262260437,1.436599999666214,2.1859999895095825,105.96149998903275,108.14749997854233,9.089800000190735,114.9176000058651,341194,800000,262457,61737,3212798,0,0xe79498f42e5e21c4fd7127f6c48e279d0d681a532f321a7b75fe57cd62887c2f,true,
306,putCertificateAndDomainRoot,0xab7F5238cbEfB02062241cf979e4994b656FB944,0.008100003004074097,5.776300013065338,0.0015000104904174805,0.18230000138282776,1.7287000119686127,2.1937000155448914,87.16349998116493,89.35719999670982,10.067600011825562,97.07410001754761,99260,800000,76354,61738,3212807,0,0x2c062108fac7827bd39d3141338a82b99780cb1d658f079cde001bca3722f84f,true,
307,putCertificateAndDomainRoot,0xab7F5238cbEfB02062241cf979e4994b656FB944,0.007600009441375732,5.5042000114917755,0.001900017261505127,0.18650001287460327,1.506300002336502,2.1816000044345856,71.98589998483658,74.16749998927116,9.574000000953674,81.39219999313354,99260,800000,76354,61739,3212813,0,0x7efd2eaef0c82b21ff482defd9cc5443cdcc54b747a7b904984b7666ebcd2654,true,
308,authenticateSigned,0xab7F5238cbEfB02062241cf979e4994b656FB944,0.005800008773803711,4.879700005054474,0.0020000040531158447,0.24069997668266296,1.6570000052452087,1.5002999901771545,74.9166000187397,76.41690000891685,8.398400008678436,83.22290000319481,341178,800000,262445,61740,3212822,0,0x2daef55c687e12b409bb604aedc626667a93d87d470e59c5e72627ae2ce217ad,true,
309,authenticateSigned,0xab7F5238cbEfB02062241cf979e4994b656FB944,0.006900012493133545,5.5228999853134155,0.0015999972820281982,0.2595999836921692,1.597100019454956,2.5271999835968018,66.3526999950409,68.8798999786377,10.072200000286102,76.28690001368523,341162,800000,262433,61741,3212828,0,0xcb38754579b4a65ecbfa3f15576bfec1c7043e4e186bc31aec0bbf74197a8602,true,
310,putCertificateAndDomainRoot,0xab7F5238cbEfB02062241cf979e4994b656FB944,0.006200015544891357,2.954100012779236,0.0015000104904174805,0.18939998745918274,1.6583000123500824,2.9424000084400177,27.227199971675873,30.16959998011589,7.945600003004074,34.99840000271797,99260,800000,76354,61742,3212834,0,0xd22d54e9f4b82a38ec239e02ecf60043f7526f07b097bbc810f2a1c7c9cc5305,true,
311,authenticateSigned,0xab7F5238cbEfB02062241cf979e4994b656FB944,0.0056999921798706055,3.1552000045776367,0.0011999905109405518,0.14150002598762512,0.847000002861023,1.3810999989509583,111.06110000610352,112.44220000505447,5.6438000202178955,116.61050000786781,341162,800000,262433,61743,3212858,0,0xdbdb160d1c3a78ce47c7f21181015179c344ba566ab421316740acf03806ee1f,true,
312,authenticateSigned,0xab7F5238cbEfB02062241cf979e4994b656FB944,0.006599992513656616,3.4518000185489655,0.001600027084350586,0.16699999570846558,1.027999997138977,1.5977999866008759,31.17910000681877,32.77689999341965,6.364700019359589,37.451299995183945,341194,800000,262457,61744,3212860,0,0x31b83789aac92ec12cb3a3d8c5ed892ebaba149e2915ce2ada2c24436f9f88af,true,
313,authenticateSigned,0xab7F5238cbEfB02062241cf979e4994b656FB944,0.008799999952316284,5.129800021648407,0.0017000138759613037,0.21460002660751343,1.7377000153064728,2.354200005531311,61.83349999785423,64.18770000338554,9.64630001783371,71.30210000276566,341162,800000,262433,61745,3212868,0,0x968ced68ab082d6859a271be94b6ffe18a6e077d4da04af9a8854bd0ea3bfe9a,true,
314,authenticateSigned,0xab7F5238cbEfB02062241cf979e4994b656FB944,0.006399989128112793,14.546800017356873,0.001699984073638916,0.524399995803833,2.0694999992847443,2.8210000097751617,81.34130001068115,84.16230002045631,20.16890001296997,101.3458999991417,341194,800000,262457,61746,3212878,0,0x07f10b35d940b8c0d7318a752b2bc2b6281e66155cb9e24031199f47311e4c93,true,
315,authenticateSigned,0xab7F5238cbEfB02062241cf979e4994b656FB944,0.009000003337860107,7.350400000810623,0.001699984073638916,0.1970999836921692,1.5575000047683716,2.5665999948978424,36.45629999041557,39.022899985313416,11.870900005102158,48.169200003147125,341194,800000,262457,61747,3212882,0,0x1d9165fe94f1b962130b9da9203d26a0c6171aa5dccbc5864c7104bd15fe9d5d,true,
316,putCertificateAndDomainRoot,0xab7F5238cbEfB02062241cf979e4994b656FB944,0.009099990129470825,4.388599991798401,0.001699984073638916,0.18970000743865967,1.7141000032424927,2.1368999779224396,37.04170000553131,39.17859998345375,8.59740000963211,45.50109997391701,99244,800000,76342,61748,3212892,0,0x33e4f7ffabf9c59afa55e07118305bc1978cf2475ca03ee77bf3edc2045b1968,true,
317,authenticateSigned,0xab7F5238cbEfB02062241cf979e4994b656FB944,0.008599996566772461,6.1753000020980835,0.0017000138759613037,0.14079999923706055,1.9407999813556671,2.0004000067710876,32.230500012636185,34.23090001940727,10.432000011205673,42.51610001921654,341209,800000,262469,61749,3212902,0,0xae789ebe00ed5ab2a3b82bf999c4eeeda8d70e49c87252af87ab30e2a0e01989,true,
318,authenticateSigned,0xab7F5238cbEfB02062241cf979e4994b656FB944,0.009000003337860107,4.801600009202957,0.0017000138759613037,0.20280000567436218,1.6581999957561493,3.0399999916553497,64.87190002202988,67.91190001368523,9.864399999380112,74.60060000419617,341194,800000,262457,61750,3212906,0,0x6c42e7034c1cbc343eea080752fc9ae0b058666a00fafbd21efdd9edfa8580db,true,
319,authenticateSigned,0xab7F5238cbEfB02062241cf979e4994b656FB944,0.006599992513656616,3.5167999863624573,0.0015000104904174805,0.1980000138282776,1.6055999994277954,3.2195999920368195,85.76500001549721,88.98460000753403,8.76240000128746,94.34029999375343,341194,800000,262457,61751,3212910,0,0xbf3d89943559c4b78f4dcfbfe3b6ee729cdc3d3e106cdf7c8ab4b188922ecc25,true,
320,authenticateSigned,0xab7F5238cbEfB02062241cf979e4994b656FB944,0.008100003004074097,5.477800011634827,0.0017000138759613037,0.2305999994277954,1.7299000024795532,3.2725000083446503,81.2015999853611,84.47409999370575,10.929899990558624,91.94119998812675,341147,800000,262421,61752,3212923,0,0x513d7673f50db1070c800545ca05e4af1621035e246c8a750e1a0530b5126b71,true,
321,putCertificateAndDomainRoot,0xab7F5238cbEfB02062241cf979e4994b656FB944,0.006400018930435181,5.272000014781952,0.001900017261505127,0.13340002298355103,0.8531999886035919,1.2998000085353851,35.03889998793602,36.338699996471405,7.676399976015091,42.622500002384186,99260,800000,76354,61753,3212932,0,0xcd317ca3be93bc723397ce88f69400ac1688d338dd0de823607b4c4c49f923a4,true,
322,authenticateSigned,0xab7F5238cbEfB02062241cf979e4994b656FB944,0.009100019931793213,3.7441000044345856,0.0015000104904174805,0.1444000005722046,1.554199993610382,2.343299984931946,31.40999999642372,33.75329998135567,7.94539999961853,39.224400013685226,341162,800000,262433,61754,3212940,0,0x020285b27b8199e18763bff7d2a18e50aff16ced002f5f7025f7051237460b2d,true,
323,authenticateSigned,0xab7F5238cbEfB02062241cf979e4994b656FB944,0.005700021982192993,3.519200026988983,0.0011999905109405518,0.16130000352859497,1.1405999958515167,2.550799995660782,28.11379998922348,30.664599984884262,7.589199990034103,35.50960001349449,341209,800000,262469,61755,3212943,0,0x96ca95f56c4b4427a20d50fbd0fd85aaa09d211d07717e04c3d83e881e6cf8f7,true,
324,authenticateSigned,0xab7F5238cbEfB02062241cf979e4994b656FB944,0.006000012159347534,3.2030999958515167,0.0014000236988067627,0.14169999957084656,0.9341000020503998,6.6908999979496,29.80750000476837,36.49840000271797,11.23429998755455,40.80239999294281,341162,800000,262433,61756,3212945,0,0xe370696876862619e4e2ab6fbfa1e27fbabc2f59d626dc8b701ab83fc71485de,true,
325,putCertificateAndDomainRoot,0xab7F5238cbEfB02062241cf979e4994b656FB944,0.009900003671646118,3.621999979019165,0.0017000138759613037,0.15070000290870667,0.8847000002861023,1.3574999868869781,20.805400013923645,22.162900000810623,6.131199985742569,26.84970000386238,99260,800000,76354,61757,3212949,0,0xbc6459c4d9e1fc8a268d70e097eb0f96aca1bb230478fd0bebf4187d75751f86,true,
326,authenticateSigned,0xab7F5238cbEfB02062241cf979e4994b656FB944,0.005600005388259888,5.741899996995926,0.0018000006675720215,0.2662999927997589,1.7128999829292297,1.7333999872207642,60.004799991846085,61.73819997906685,9.575999975204468,69.48719999194145,341194,800000,262457,61758,3212954,0,0x5446307b17746970380eb94dafa6009f64bdf0f1bce8a71b66a7acdd6c77b21c,true,
327,authenticateSigned,0xab7F5238cbEfB02062241cf979e4994b656FB944,0.008399993181228638,4.5382000207901,0.0018000006675720215,0.19369998574256897,1.5192000269889832,2.050799995660782,40.10960000753403,42.16040000319481,8.456400007009506,48.44279998540878,341178,800000,262445,61759,3212957,0,0xc4cb4854dfcc05c7b568e66485bcaf909c2e97aba85e918e82ce71b319306aa9,true,
328,putCertificateAndDomainRoot,0xab7F5238cbEfB02062241cf979e4994b656FB944,0.006599992513656616,2.866100013256073,0.0012999773025512695,0.12239998579025269,0.8382999897003174,1.7025000154972076,19.417099982500076,21.119599997997284,5.706699997186661,24.97029998898506,99244,800000,76342,61760,3212962,0,0x9ce74e8877712f4e89bfe8751f3dfe5fd8949e7acbffc193c2fdda93c4af6f46,true,
329,authenticateSigned,0xab7F5238cbEfB02062241cf979e4994b656FB944,0.008599996566772461,4.32930001616478,0.0015999972820281982,0.14149999618530273,1.6937000155448914,2.6425999999046326,69.28999999165535,71.93259999155998,9.138399988412857,78.12639999389648,341178,800000,262445,61761,3212966,0,0x432a3c0aacf4f7523ffc37a561a06e3a180d9f57d56ebd271a62ae3df418026e,true,
330,putCertificateAndDomainRoot,0xab7F5238cbEfB02062241cf979e4994b656FB944,0.0059999823570251465,5.807099997997284,0.0018000006675720215,0.21870002150535583,1.6046000123023987,1.6714999973773956,71.98510000109673,73.65659999847412,9.416400015354156,81.3144999742508,99244,800000,76342,61762,3212974,0,0xf344d0308b5a285a031a431a1b52c020a37f6285e1bdf9a202431d6a0e61515a,true,
331,putCertificateAndDomainRoot,0xab7F5238cbEfB02062241cf979e4994b656FB944,0.008500009775161743,4.90599998831749,0.001900017261505127,0.18299999833106995,1.476199984550476,2.3764000236988068,83.6807000041008,86.0571000277996,9.114399999380112,92.65230000019073,99260,800000,76354,61763,3212978,0,0xe459f03ba10210fc8c3ec7957b5973df6b3508f2750211e6c1dc82047635759d,true,
332,authenticateSigned,0xab7F5238cbEfB02062241cf979e4994b656FB944,0.005800008773803711,3.5160000026226044,0.0013000071048736572,0.16190001368522644,0.9564000070095062,1.3948000073432922,52.988499999046326,54.38330000638962,6.2085999846458435,59.045399993658066,341162,800000,262433,61764,3212980,0,0x913dfc0b80f64001024591f0c33803755157312963a56cef5eb5f401b0ff2357,true,
333,authenticateSigned,0xab7F5238cbEfB02062241cf979e4994b656FB944,0.008699983358383179,5.73759999871254,0.0018999874591827393,0.23139998316764832,1.6367000043392181,2.235599994659424,55.24509999155998,57.480699986219406,10.002300024032593,65.11750000715256,341194,800000,262457,61765,3212985,0,0x4ff292c03824d35bf2cc8b4a38de588cad3546735713943a2a3d62d1f1e4a545,true,
334,authenticateSigned,0xab7F5238cbEfB02062241cf979e4994b656FB944,0.008499979972839355,4.073600023984909,0.0018000006675720215,0.18410000205039978,1.1308999955654144,1.336899995803833,30.445600003004074,31.782499998807907,6.8507000207901,37.20339998602867,341209,800000,262469,61766,3212997,0,0x9ab7b1f724580efa0fe00eef1469e2905eae91cf0b65552ff86734594f5f4e8a,true,
335,authenticateSigned,0xab7F5238cbEfB02062241cf979e4994b656FB944,0.006399989128112793,3.11599999666214,0.001399993896484375,0.13870000839233398,0.8761999905109406,1.334799975156784,32.19150000810623,33.526299983263016,5.567800015211105,37.68179997801781,341147,800000,262421,61767,3212999,0,0xf61ae5f8fa04485bdaa01af58e82014b8c660fb0abcaf7bfca23a380f9ddceea,true,
336,putCertificateAndDomainRoot,0xab7F5238cbEfB02062241cf979e4994b656FB944,0.007499992847442627,5.567900002002716,0.0022999942302703857,0.287200003862381,1.668500006198883,2.2970999777317047,35.13109999895096,37.42819997668266,9.991700023412704,44.980599999427795,99244,800000,76342,61768,3213007,0,0xe2c405d548ed6c5c033596f6b1d60963b710e5234c9566b96c92da785d2de120,true,
337,authenticateSigned,0xab7F5238cbEfB02062241cf979e4994b656FB944,0.00920000672340393,6.7484999895095825,0.0018000006675720215,0.21400001645088196,1.522700011730194,2.792800009250641,43.62319999933243,46.41600000858307,11.439400017261505,54.932100027799606,341194,800000,262457,61769,3213011,0,0x427426086bfc7621717819d31a8aa1dec249f3b08db2d0c2ead9e55ed1235b42,true,
338,authenticateSigned,0xab7F5238cbEfB02062241cf979e4994b656FB944,0.0054000020027160645,6.845899999141693,0.0023999810218811035,0.27900001406669617,1.9840999841690063,3.2311999797821045,59.047600001096725,62.27879998087883,12.530599981546402,71.41609999537468,341194,800000,262457,61770,3213014,0,0xa95fba21672e957ad1613fff88ccffc776052e53cc3e10ce2cacb68930aba996,true,
339,authenticateSigned,0xab7F5238cbEfB02062241cf979e4994b656FB944,0.008799999952316284,5.651699990034103,0.0018999874591827393,0.22300001978874207,1.5223999917507172,2.1823999881744385,121.7325000166893,123.91490000486374,9.753800004720688,131.34360000491142,341194,800000,262457,61771,3213017,0,0x81fc993b62740dab59761ec8257180cd0d9163c6dddc3ad9ea9c9ff27eaffece,true,
340,authenticateSigned,0xab7F5238cbEfB02062241cf979e4994b656FB944,0.0054000020027160645,3.1834999918937683,0.001399993896484375,0.14509999752044678,0.9614000022411346,1.195499986410141,33.715900003910065,34.911399990320206,5.938400000333786,39.226699978113174,341178,800000,262445,61772,3213018,0,0xa1e67b5d9b228a2758299411124aac2dca1f0ad20124765fa098a6496bfced25,true,
341,authenticateSigned,0xab7F5238cbEfB02062241cf979e4994b656FB944,0.006399989128112793,4.176099985837936,0.0020999908447265625,0.2655999958515167,1.7120999991893768,2.1574000120162964,32.34790000319481,34.505300015211105,8.494000017642975,40.68810001015663,341194,800000,262457,61773,3213023,0,0x17452a6b15514411f2bf05328deaa26a580af44ceaa51e099d448423126561cf,true,
342,putCertificateAndDomainRoot,0xab7F5238cbEfB02062241cf979e4994b656FB944,0.006600022315979004,2.844199985265732,0.001399993896484375,0.12719997763633728,1.5491999983787537,2.6451999843120575,64.4985000193119,67.14370000362396,7.349899977445602,71.69179999828339,99260,800000,76354,61774,3213027,0,0x3515a552049c3b77d73379559e0539bfe2ae1fb6073bcf1be44c46b33139faec,true,
343,authenticateSigned,0xab7F5238cbEfB02062241cf979e4994b656FB944,0.0059999823570251465,3.2939999997615814,0.001100003719329834,0.14239999651908875,0.9896000027656555,1.2845999896526337,36.85060000419617,38.1351999938488,5.818599998950958,42.5857999920845,341194,800000,262457,61775,3213031,0,0x7141735be28240a3d21741a3a30cfda19526db8da6374aa6667a8d2687d42897,true,
344,putCertificateAndDomainRoot,0xab7F5238cbEfB02062241cf979e4994b656FB944,0.006099998950958252,2.84510001540184,0.0011999905109405518,0.11669999361038208,1.1992999911308289,2.7208000123500824,68.6913999915123,71.41220000386238,7.089599996805191,75.59839999675751,99244,800000,76342,61776,3213049,0,0xe51144ee569ba3627c39da138433c5cdf83f4d6e0f8fffded51c288d265c2855,true,
345,authenticateSigned,0xab7F5238cbEfB02062241cf979e4994b656FB944,0.00619998574256897,3.7885000109672546,0.0015999972820281982,0.23810002207756042,0.9050000011920929,2.0233000218868256,52.22749999165535,54.250800013542175,7.141000002622604,59.203699976205826,341178,800000,262445,61777,3213052,0,0x6b134fa97607290cf1e02c5a9e5d57bbd65ecaed8e3ea28c6509f173e5c1ab97,true,
346,authenticateSigned,0xab7F5238cbEfB02062241cf979e4994b656FB944,0.005300015211105347,3.5111999809741974,0.0013000071048736572,0.16530001163482666,1.4496999979019165,2.197099983692169,35.97890001535416,38.175999999046326,7.486799985170364,43.32750001549721,341178,800000,262445,61778,3213056,0,0x2dcb64f6ef0e789aa067ee9124ffc91f48259b22c7c15d5fb05feb3b52687aa8,true,
347,authenticateSigned,0xab7F5238cbEfB02062241cf979e4994b656FB944,0.008700013160705566,6.463600009679794,0.001399993896484375,0.149399995803833,0.9501000046730042,1.3858999907970428,101.98460000753403,103.37049999833107,9.093199998140335,110.9631000161171,341178,800000,262445,61779,3213062,0,0x50d982c5ca053efb22eaa4dd2d47abf88b10a7c14d366d71251ec54e493fea8c,true,
348,authenticateSigned,0xab7F5238cbEfB02062241cf979e4994b656FB944,0.008799999952316284,9.475599974393845,0.0018999874591827393,0.24689999222755432,1.7357999980449677,2.566300004720688,70.51960000395775,73.08590000867844,14.19709998369217,84.57339999079704,341178,800000,262445,61780,3213067,0,0x2c0bb114d9e649bead94b4ed6b4674598b54e82afbd0251ce14f7be3b0caaf28,true,
349,authenticateSigned,0xab7F5238cbEfB02062241cf979e4994b656FB944,0.00920000672340393,6.133000016212463,0.0018999874591827393,0.21279999613761902,1.615799993276596,2.11149999499321,29.301300019025803,31.412800014019012,10.254999995231628,39.40360000729561,341178,800000,262445,61781,3213070,0,0x4d68c6af4506bbd9a5d52ea9c732cbee5d7774e0cfac5a804752bd3e7f86b20f,true,
350,putCertificateAndDomainRoot,0xab7F5238cbEfB02062241cf979e4994b656FB944,0.009900003671646118,4.734099984169006,0.0020000040531158447,0.21400001645088196,1.6484000086784363,2.23989999294281,38.89640000462532,41.13629999756813,9.006300002336502,47.76469999551773,99260,800000,76354,61782,3213080,0,0x69ce9298173b66398aa2a5dc8585b80e055d81254e38b4970fe8e3ee0c4d2303,true,
351,authenticateSigned,0xab7F5238cbEfB02062241cf979e4994b656FB944,0.006700009107589722,10.19870001077652,0.0020999908447265625,0.3025999963283539,2.4260999858379364,2.8907999992370605,29.612899988889694,32.503699988126755,15.99329999089241,45.460900008678436,341178,800000,262445,61783,3213086,0,0x21bd493a70337d93314f5f3b7b375a48ad9f0d6ddcb90827d7393cfc5a8d69db,true,
352,putCertificateAndDomainRoot,0xab7F5238cbEfB02062241cf979e4994b656FB944,0.009300023317337036,4.404399991035461,0.0017000138759613037,0.18149998784065247,1.5076999962329865,2.217600017786026,50.544299989938736,52.76190000772476,8.487199991941452,58.886400014162064,99260,800000,76354,61784,3213091,0,0xbfb89752011b78b887efad5129007fced846b6f436d6b629931b14758c5a8208,true,
353,authenticateSigned,0xab7F5238cbEfB02062241cf979e4994b656FB944,0.008399993181228638,6.222799986600876,0.0020000040531158447,0.280599981546402,1.5399999916553497,2.443699985742569,40.49210000038147,42.93579998612404,10.655900001525879,51.00789999961853,341162,800000,262433,61785,3213104,0,0x8bd917105b3eedb5fe0aa6f91d7f6f72916c8eeabfee344e62c7b49652b83701,true,
354,authenticateSigned,0xab7F5238cbEfB02062241cf979e4994b656FB944,0.009099990129470825,4.954899996519089,0.0015999972820281982,0.13960000872612,0.867499977350235,1.2922999858856201,70.14630001783371,71.43860000371933,7.369300007820129,77.43019998073578,341194,800000,262457,61786,3213110,0,0x97afdef83e65339a21825c5224d56a8068789150d978d460c9ac08efbd0e1c2b,true,
355,authenticateSigned,0xab7F5238cbEfB02062241cf979e4994b656FB944,0.008799999952316284,5.097500026226044,0.001699984073638916,0.22209998965263367,1.6385999917984009,2.63850000500679,49.30160000920296,51.94010001420975,9.767500013113022,58.93060001730919,341162,800000,262433,61787,3213118,0,0x7cacc2eb228f659d9c0fb75b67cbe5a98847e153325eba8732a02adc9f423114,true,
356,authenticateSigned,0xab7F5238cbEfB02062241cf979e4994b656FB944,0.008599996566772461,5.607400000095367,0.0020000040531158447,0.24720001220703125,1.6981000006198883,2.1055000126361847,27.235599994659424,29.34110000729561,9.8226999938488,36.923700004816055,341178,800000,262445,61788,3213119,0,0x6bba9fa3b23e65f5d3a4b411b13bb06db848fdbf0754bcbf0ab8520c937e2745,true,
357,putCertificateAndDomainRoot,0xab7F5238cbEfB02062241cf979e4994b656FB944,0.004999995231628418,3.662999987602234,0.0014000236988067627,0.1137000024318695,0.8505000174045563,1.3037999868392944,49.750800013542175,51.05460000038147,6.042499989271164,55.70849999785423,99244,800000,76342,61789,3213123,0,0xba95ad42a96bcc1d91f4aac7979397469e4195bb034d3c7fb6e11b6ac27861cc,true,
358,authenticateSigned,0xab7F5238cbEfB02062241cf979e4994b656FB944,0.00830000638961792,5.7976000010967255,0.001999974250793457,0.22960001230239868,1.7684000134468079,2.0036999881267548,51.35530000925064,53.358999997377396,9.950199991464615,61.1802000105381,341178,800000,262445,61790,3213126,0,0x8c3e5f38b8d9479620b9f138c6a3c1b4a2f2e0df77411234a070a8c43f008b61,true,
359,authenticateSigned,0xab7F5238cbEfB02062241cf979e4994b656FB944,0.006599992513656616,5.0945999920368195,0.0011999905109405518,0.1444999873638153,0.8770999908447266,1.3294000029563904,76.33989998698235,77.66929998993874,7.563300013542175,83.81119999289513,341178,800000,262445,61791,3213139,0,0x276bb12f97dbea80d7e90b00bb4167d13400d144cd95a9e6d3bc10e8e7d94a47,true,
360,authenticateSigned,0xab7F5238cbEfB02062241cf979e4994b656FB944,0.008500009775161743,4.567900002002716,0.0014000236988067627,0.13359999656677246,1.022000014781952,2.3501000106334686,15.749700009822845,18.099800020456314,8.274399995803833,23.844999998807907,341162,800000,262433,61792,3213151,0,0x94f8a6cb09138a275bf01ee3e9f20eb5797238b8337e7779bd0ff3556e2364f3,true,
361,authenticateSigned,0xab7F5238cbEfB02062241cf979e4994b656FB944,0.006099998950958252,3.6821999847888947,0.001399993896484375,0.14869999885559082,0.913100004196167,1.6895000040531158,43.789099991321564,45.47859999537468,6.652099996805191,50.25,341178,800000,262445,61793,3213155,0,0xd3ef968918b73b517959c931e7525af0c24497ef6371572b596929d4220790dd,true,
362,authenticateSigned,0xab7F5238cbEfB02062241cf979e4994b656FB944,0.006499975919723511,5.677000015974045,0.0015000104904174805,0.1503000259399414,0.8591000139713287,1.2168000042438507,20.908999979496002,22.125799983739853,8.005199998617172,28.832999974489212,341194,800000,262457,61794,3213158,0,0x805f5f25a2e1d8137749df1c3b536d7ff22b500a0f527692fe75c917b23c613e,true,
363,authenticateSigned,0xab7F5238cbEfB02062241cf979e4994b656FB944,0.0056999921798706055,3.775099992752075,0.0013000071048736572,0.14890000224113464,1.0003999769687653,1.3817999958992004,27.701700001955032,29.083499997854233,6.416999995708466,34.03369998931885,341194,800000,262457,61795,3213166,0,0x7f87b8a8c1b96c67746f61484bf6b612a23c953bdb778a517b06c147b125caf0,true,
364,authenticateSigned,0xab7F5238cbEfB02062241cf979e4994b656FB944,0.008500009775161743,8.042200028896332,0.002200007438659668,0.25870001316070557,1.7865000069141388,3.2397000193595886,26.16380000114441,29.403500020503998,13.520099997520447,39.521600008010864,341178,800000,262445,61796,3213172,0,0x497f1dbecf0ac2bda5dd277b93bab01f5b2312b302e806dc9a17b893bf2c997a,true,
365,authenticateSigned,0xab7F5238cbEfB02062241cf979e4994b656FB944,0.005899995565414429,3.089599996805191,0.0017000138759613037,0.14949998259544373,1.6214999854564667,2.47680002450943,35.696299999952316,38.173100024461746,7.497400015592575,43.06240001320839,341147,800000,262421,61797,3213176,0,0xf0e7c86efff64ac4c36d769dfa5fdb9b0eb9abf230eb081ba98eaaf475405b08,true,
366,putCertificateAndDomainRoot,0xab7F5238cbEfB02062241cf979e4994b656FB944,0.010399997234344482,5.098600000143051,0.0018000006675720215,0.20010000467300415,1.5866000056266785,2.076799988746643,62.01860001683235,64.095400005579,9.121800005435944,71.00819998979568,99229,800000,76330,61798,3213183,0,0x6192f4c332172b0cae746768a9d9781662799813be1007cafa514f97a7d8bcfd,true,
367,authenticateSigned,0xab7F5238cbEfB02062241cf979e4994b656FB944,0.00550001859664917,2.889299988746643,0.0022999942302703857,0.13460001349449158,0.8254000246524811,1.270000010728836,72.27829998731613,73.54829999804497,5.240299999713898,77.42280000448227,341194,800000,262457,61799,3213187,0,0x9f804d62503fab0b68408a31f11f9e2f433e999703a66433bd90dd3de870b1df,true,
368,authenticateSigned,0xab7F5238cbEfB02062241cf979e4994b656FB944,0.006099998950958252,5.665399998426437,0.0017000138759613037,0.25609999895095825,1.7973999977111816,2.8555000126361847,113.9408999979496,116.79640001058578,10.772100001573563,124.54429998993874,341194,800000,262457,61800,3213190,0,0xa228969ad4b01bb5ae20ada569cd4ea3dc288f5d08533cc5a891bcde343989c0,true,
369,authenticateSigned,0xab7F5238cbEfB02062241cf979e4994b656FB944,0.008500009775161743,5.848100006580353,0.001600027084350586,0.20109999179840088,1.6180999875068665,2.276399999856949,65.13310000300407,67.40950000286102,10.125100016593933,75.11180001497269,341147,800000,262421,61801,3213193,0,0xd008aa494e2d6b61ea2de50c67839544fdc0cf9f5a3c24e26f3996eb7b0f7dc1,true,
370,authenticateSigned,0xab7F5238cbEfB02062241cf979e4994b656FB944,0.00550001859664917,4.231000006198883,0.0015000104904174805,0.14919999241828918,0.8713000118732452,1.3956000208854675,127.70179998874664,129.0974000096321,6.740899980068207,134.3735000193119,341194,800000,262457,61802,3213195,0,0x0b547062d21fd113a21d45ca01a248a2458f4e39d3c917ab81605fdfd069de09,true,
371,authenticateSigned,0xab7F5238cbEfB02062241cf979e4994b656FB944,0.008499979972839355,4.832099974155426,0.0022999942302703857,0.21949997544288635,1.6817000210285187,2.1036999821662903,73.64650002121925,75.75020000338554,9.0033999979496,82.51539999246597,341194,800000,262457,61803,3213198,0,0xe89fe19c1737f557c667323014a5cc317ff49aa564a58454f73f8bf64f7d4466,true,
372,authenticateSigned,0xab7F5238cbEfB02062241cf979e4994b656FB944,0.008199989795684814,5.969099998474121,0.0015000104904174805,0.19259998202323914,1.7639999985694885,4.087000012397766,33.426099985837936,37.5130999982357,12.198900014162064,45.46579998731613,341178,800000,262445,61804,3213201,0,0x8cb181fe7dd41e254e743583ede6352c6e3b50cfa3e0f8ae83fe076dd691bd35,true,
373,authenticateSigned,0xab7F5238cbEfB02062241cf979e4994b656FB944,0.00619998574256897,3.241800010204315,0.0015999972820281982,0.15810000896453857,0.9174000024795532,1.3228999972343445,64.30759999155998,65.63049998879433,5.744200021028519,69.97470000386238,341178,800000,262445,61805,3213204,0,0xfe75a9212a8e7410da2567a1e5a1890eaccba0311c1604f5532662efc54a0f6e,true,
374,authenticateSigned,0xab7F5238cbEfB02062241cf979e4994b656FB944,0.006999999284744263,3.2371000051498413,0.0014000236988067627,0.15429997444152832,0.9675999879837036,1.6256000101566315,38.23659998178482,39.86219999194145,6.252499997615814,44.2495000064373,341178,800000,262445,61806,3213211,0,0x8c9bcfd875ee31e501e2263f3ec9d7f04036f5e0cc6387427627d14e0aadbe96,true,
375,authenticateSigned,0xab7F5238cbEfB02062241cf979e4994b656FB944,0.008499979972839355,5.093899995088577,0.0020000040531158447,0.21299999952316284,1.6413999795913696,2.4641000032424927,50.87710002064705,53.34120002388954,9.573100000619888,60.319699972867966,341178,800000,262445,61807,3213225,0,0x89e5e2ec400e7ae7cb0a9c0e17bb4698f6137d1506fb5be1a4f127df6cc1cd2f,true,
376,putCertificateAndDomainRoot,0xab7F5238cbEfB02062241cf979e4994b656FB944,0.010000020265579224,4.517099976539612,0.0018000006675720215,0.17840000987052917,1.4406999945640564,2.0701999962329865,29.23199999332428,31.302199989557266,8.349399983882904,37.467000007629395,99260,800000,76354,61808,3213232,0,0x5b8fec3ea524e17b22313a48cb9c449b63b9c548ed1a7c0ef018326d63f9f0ba,true,
377,authenticateSigned,0xab7F5238cbEfB02062241cf979e4994b656FB944,0.008599996566772461,3.398299992084503,0.001699984073638916,0.18549999594688416,0.9361999928951263,1.5744999945163727,32.0518000125885,33.626300007104874,6.276899993419647,38.17449998855591,341194,800000,262457,61809,3213237,0,0x42907b27f5002bc036088c54ee03e42bf3f33e2cca6cc0eaf9fcde94e7e33912,true,
378,authenticateSigned,0xab7F5238cbEfB02062241cf979e4994b656FB944,0.008200019598007202,5.225800007581711,0.0015999972820281982,0.20329999923706055,1.5702999830245972,2.451900005340576,34.017299979925156,36.46919998526573,9.61939999461174,43.49690002202988,341162,800000,262433,61810,3213242,0,0x0395808eca7020e6d1594203e8e485393b25db08ddd0c7a67f764ed6f8049f2f,true,
379,putCertificateAndDomainRoot,0xab7F5238cbEfB02062241cf979e4994b656FB944,0.009499996900558472,4.495099991559982,0.0015000104904174805,0.18640002608299255,1.4762000143527985,2.2518999874591827,41.72450000047684,43.97639998793602,8.587999999523163,50.164199978113174,99260,800000,76354,61811,3213252,0,0xb047388cb3a94e600bc55f156ad37696ed0122d97da973901d43816b11170867,true,
380,authenticateSigned,0xab7F5238cbEfB02062241cf979e4994b656FB944,0.009399980306625366,4.440200001001358,0.0017000138759613037,0.1371999979019165,0.9879999756813049,1.3765999972820282,37.65200001001358,39.02860000729561,7.050500005483627,44.6216000020504,341209,800000,262469,61812,3213277,0,0x606a65a28ac1e1f12922ca47c265c847e53fcd023511dbf2bcdf6a4169ea4e8d,true,
381,authenticateSigned,0xab7F5238cbEfB02062241cf979e4994b656FB944,0.005700021982192993,3.180899977684021,0.0015999972820281982,0.14209997653961182,0.8422999978065491,1.2768000066280365,86.58210000395775,87.85890001058578,5.534199982881546,92.05099999904633,341194,800000,262457,61813,3213279,0,0x6e6004fcf6d4aeede1c79adffb68b434ea3edd2ba2e5d8e264c398895c882ebc,true,
382,authenticateSigned,0xab7F5238cbEfB02062241cf979e4994b656FB944,0.007100015878677368,3.094999998807907,0.0014999806880950928,0.14390000700950623,1.4670000076293945,2.3600000143051147,50.99839997291565,53.358399987220764,7.250200003385544,58.09250000119209,341194,800000,262457,61814,3213285,0,0x10ede7793f842a511403615a410211ad82a80e949be53595e646783284e4eaa5,true,
383,putCertificateAndDomainRoot,0xab7F5238cbEfB02062241cf979e4994b656FB944,0.008799999952316284,3.2860999703407288,0.002200007438659668,0.13600000739097595,0.9359999895095825,1.28779998421669,35.12830001115799,36.41609999537468,5.7506000101566315,40.8027999997139,99260,800000,76354,61815,3213290,0,0xf5bd1a577bcb1926c8ad40c17fb4b936a9eaf339d1ed68501ed299cc31d3dc5d,true,
384,authenticateSigned,0xab7F5238cbEfB02062241cf979e4994b656FB944,0.008799999952316284,8.111100018024445,0.0018000006675720215,0.23679998517036438,1.8282999992370605,2.4217000007629395,28.697299987077713,31.118999987840652,12.760899990797043,41.326200008392334,341178,800000,262445,61816,3213294,0,0xdde3e64e4390d7d87864fa1f06eeb1050bb9a9868c4055da04956ec8c9321f81,true,
385,putCertificateAndDomainRoot,0xab7F5238cbEfB02062241cf979e4994b656FB944,0.009700000286102295,5.987299978733063,0.001900017261505127,0.19209998846054077,1.6263000071048737,2.098100006580353,38.8125,40.91060000658035,10.053300023078918,48.747999995946884,99244,800000,76342,61817,3213298,0,0xac58c586e39bfb96b985a841417a397c479e597d2ba12144c61bf9121af59d82,true,
386,authenticateSigned,0xab7F5238cbEfB02062241cf979e4994b656FB944,0.005799978971481323,5.155600011348724,0.001399993896484375,0.13989999890327454,1.4164000153541565,1.6367999911308289,85.84769999980927,87.4844999909401,8.454100012779236,94.22279998660088,341194,800000,262457,61818,3213300,0,0x9d8e3bac5cd77e5ad74c8ffc20a3c0828e0bc9a312b9579c7835836286972d99,true,
387,authenticateSigned,0xab7F5238cbEfB02062241cf979e4994b656FB944,0.008099973201751709,5.832100003957748,0.0018999874591827393,0.3125999867916107,2.016600012779236,7.367900013923645,59.17029997706413,66.53819999098778,15.81700000166893,74.73389998078346,341178,800000,262445,61819,3213304,0,0xf6e280bfd992a499805d986bc09973c005152512915be1b6c9366aa0c50c40a3,true,
388,authenticateSigned,0xab7F5238cbEfB02062241cf979e4994b656FB944,0.009799987077713013,5.919200003147125,0.001900017261505127,0.20879998803138733,1.512499988079071,2.300000011920929,29.418699979782104,31.718699991703033,10.121100008487701,39.39179998636246,341194,800000,262457,61820,3213306,0,0xddc16b445cc9525491366bdac7ea7226c00cefa3da0ef743be8849aff16563d7,true,
389,authenticateSigned,0xab7F5238cbEfB02062241cf979e4994b656FB944,0.009499996900558472,5.70660001039505,0.0018999874591827393,0.20409998297691345,1.6008999943733215,2.2443000078201294,33.3027999997139,35.54710000753403,9.938999980688095,43.088099986314774,341194,800000,262457,61821,3213309,0,0xd68b54a55f2f1dd9602290c0053fc9d40c0931071b4939efc8e5b2f5640f48e9,true,
390,authenticateSigned,0xab7F5238cbEfB02062241cf979e4994b656FB944,0.009099990129470825,5.507299989461899,0.0018000006675720215,0.21389999985694885,1.577699989080429,2.130499988794327,51.92890000343323,54.059399992227554,9.587900012731552,61.3885999917984,341194,800000,262457,61822,3213316,0,0x99d735572992d1399d50cb590266bc3513c3dc05d027dc0a7286cef9d008a9e6,true,
391,authenticateSigned,0xab7F5238cbEfB02062241cf979e4994b656FB944,0.008799999952316284,4.962300002574921,0.0018000006675720215,0.20489999651908875,1.5205999910831451,2.1116999983787537,53.08660000562668,55.19830000400543,8.95169997215271,61.91599997878075,341194,800000,262457,61823,3213327,0,0x3985cce27f3f4def741170d4d611083ffe748f380d8a04c604178ee45274676e,true,
392,authenticateSigned,0xab7F5238cbEfB02062241cf979e4994b656FB944,0.00830000638961792,5.532400012016296,0.0020000040531158447,0.2330000102519989,1.4087999761104584,2.167600005865097,28.920500010252,31.088100016117096,9.504900008440018,38.29219999909401,341162,800000,262433,61824,3213332,0,0x6b2c603e37ffe8b26740eebd26c3c57993501688ab8f22e565d62df0121c98bd,true,
393,putCertificateAndDomainRoot,0xab7F5238cbEfB02062241cf979e4994b656FB944,0.005600005388259888,3.3637000024318695,0.0012999773025512695,0.13089999556541443,0.9663000106811523,1.234800010919571,62.57699999213219,63.81180000305176,5.807000011205673,68.29810002446175,99244,800000,76342,61825,3213336,0,0x7a5ae4cced51f0a3f5320dff8efd1ae3d8efb6579006f6194f8bca61a19cc16b,true,
394,putCertificateAndDomainRoot,0xab7F5238cbEfB02062241cf979e4994b656FB944,0.0073999762535095215,7.2369000017642975,0.001900017261505127,0.20980000495910645,1.7573000192642212,2.26800000667572,71.70509999990463,73.97310000658035,11.635500013828278,83.20569998025894,99260,800000,76354,61826,3213347,0,0x3a1b4ab4156c3f4785dd5ab63b9f26ab42c0f261c93955e6a749a7b51f97aec4,true,
395,authenticateSigned,0xab7F5238cbEfB02062241cf979e4994b656FB944,0.008399993181228638,5.269800007343292,0.001900017261505127,0.20669999718666077,1.620600014925003,2.2813999950885773,52.04780000448227,54.32919999957085,9.554899990558624,61.4549999833107,341194,800000,262457,61827,3213351,0,0x08f5659a14836cc1373527b2192307e2a49b34d3e451d1760c416d3be2580c6f,true,
396,authenticateSigned,0xab7F5238cbEfB02062241cf979e4994b656FB944,0.006300002336502075,3.3618000149726868,0.0010000169277191162,0.15069997310638428,0.87049999833107,1.2426000237464905,27.84919998049736,29.09180000424385,5.7387000024318695,33.49870002269745,341162,800000,262433,61828,3213366,0,0x6442dc3d41b4874c85712cdc284517cbc91ec47415174fdfeedff400094ee30d,true,
397,authenticateSigned,0xab7F5238cbEfB02062241cf979e4994b656FB944,0.008500009775161743,5.168099999427795,0.001900017261505127,0.2133999764919281,1.4327999949455261,1.9843000173568726,87.31819999217987,89.30250000953674,8.98659998178482,96.1545000076294,341162,800000,262433,61829,3213374,0,0x03e0d9497e8f2b68e6a50ee5936929e25dfca7856e8d247f40c4ad0fcdc5a8fd,true,
398,authenticateSigned,0xab7F5238cbEfB02062241cf979e4994b656FB944,0.006700009107589722,3.356799989938736,0.0015000104904174805,0.1428000032901764,1.0307999849319458,1.2785000205039978,76.60459998250008,77.88310000300407,5.925999999046326,82.44100001454353,341147,800000,262421,61830,3213380,0,0x5bd73e47644a3c2f8905dde4eab08ea7c23afe4239481429b7b5895aaa269fd0,true,
399,putCertificateAndDomainRoot,0xab7F5238cbEfB02062241cf979e4994b656FB944,0.00950002670288086,6.79899999499321,0.0020000040531158447,0.17739999294281006,1.594999998807907,2.3801000118255615,65.31439998745918,67.69449999928474,11.124899983406067,76.36030000448227,99244,800000,76342,61831,3213388,0,0x38ff905f0a3a980ab54774c4e0d6cacb55dfefb8d99db496c835607bbd9b8534,true,
400,putCertificateAndDomainRoot,0xab7F5238cbEfB02062241cf979e4994b656FB944,0.006999999284744263,5.618100017309189,0.001900017261505127,0.19670000672340393,1.527899980545044,2.2426000237464905,32.43079999089241,34.6734000146389,9.74449998140335,42.043599992990494,99260,800000,76354,61832,3213394,0,0x191c03a93f0f00f0864fd8deb8fe7622fa3e2267af298091736c6a04382d3c7c,true,
401,authenticateSigned,0xab7F5238cbEfB02062241cf979e4994b656FB944,0.005499988794326782,3.350400000810623,0.0015999972820281982,0.1656000018119812,0.9372999966144562,2.4361999928951263,36.19279998540878,38.62899997830391,7.084700018167496,43.10929998755455,341178,800000,262445,61833,3213398,0,0x31bf5e0c77f217c909405ea583b92e94b4e04b5122b51156f780fde498203f9a,true,
402,authenticateSigned,0xab7F5238cbEfB02062241cf979e4994b656FB944,0.008899986743927002,8.391600012779236,0.0020999908447265625,0.2720000147819519,1.8222000002861023,2.3008000254631042,86.87109997868538,89.17190000414848,12.961400002241135,99.68689998984337,341194,800000,262457,61834,3213404,0,0x3289e4d873c782e60e9409d1c8954398ef4f216cd8cb3cf679c0b1c4a706179a,true,
403,putCertificateAndDomainRoot,0xab7F5238cbEfB02062241cf979e4994b656FB944,0.008799999952316284,5.982899993658066,0.0018999874591827393,0.2071000039577484,1.6114999949932098,2.1960000097751617,36.9859000146389,39.18190002441406,10.182599991559982,47.01350000500679,99260,800000,76354,61835,3213422,0,0xf5cd4b9fc2fb9a534e26f30712fd4c5e3c45e41b67243e84123d8a2617214f4d,true,
404,authenticateSigned,0xab7F5238cbEfB02062241cf979e4994b656FB944,0.00830000638961792,5.8277000188827515,0.0018000006675720215,0.22589999437332153,1.532499998807907,2.0399999916553497,85.95489999651909,87.99489998817444,9.810099989175797,95.6172000169754,341162,800000,262433,61836,3213425,0,0x42501eb168333ff58357d90edd565019a19eb17d0b7a7d6b74dd6792f602b5ea,true,
405,authenticateSigned,0xab7F5238cbEfB02062241cf979e4994b656FB944,0.008899986743927002,5.355100005865097,0.0018000006675720215,0.2019999921321869,1.3736000061035156,2.0767000019550323,38.18989998102188,40.26659998297691,9.192100018262863,47.229499995708466,341194,800000,262457,61837,3213426,0,0x6c987f2033e50feabeb9805fc80edfdd2e0d248f6fc288926d9fac900f92d8a3,true,
406,authenticateSigned,0xab7F5238cbEfB02062241cf979e4994b656FB944,0.00890001654624939,3.570700019598007,0.002400010824203491,0.1631999909877777,0.9065000116825104,1.3792999982833862,32.68579998612404,34.065099984407425,6.129099994897842,38.73649999499321,341162,800000,262433,61838,3213428,0,0x442291de0148784031bfcd30a7b818771af13d968d7bfd1650353f76e803f72a,true,
407,authenticateSigned,0xab7F5238cbEfB02062241cf979e4994b656FB944,0.0054000020027160645,3.214399993419647,0.001399993896484375,0.15000000596046448,0.8784999847412109,3.132200002670288,58.472799986600876,61.604999989271164,7.6216000020504,65.8745000064373,341209,800000,262469,61839,3213430,0,0xf5efc14f3a2b4985e2ef18abd8e06cb2a3348537397fd27bf5c39626d3897ac1,true,
408,putCertificateAndDomainRoot,0xab7F5238cbEfB02062241cf979e4994b656FB944,0.01019999384880066,5.197200000286102,0.0015000104904174805,0.1762000024318695,1.5571999847888947,2.614199995994568,22.73039999604225,25.34459999203682,9.717799991369247,32.3057000041008,99260,800000,76354,61840,3213445,0,0x13ef5c915d593123375640ceae48f5c631461ce3c875887343d396e7ce3316b3,true,
409,authenticateSigned,0xab7F5238cbEfB02062241cf979e4994b656FB944,0.00890001654624939,5.321200013160706,0.001699984073638916,0.20319998264312744,1.544600009918213,2.402200013399124,33.3677000105381,35.769900023937225,9.68189999461174,42.86840000748634,341178,800000,262445,61841,3213447,0,0x3282a442921c3a3f5be91a72478037f63e34a58ffb5dedd71b9ffde33f7da807,true,
410,authenticateSigned,0xab7F5238cbEfB02062241cf979e4994b656FB944,0.005600005388259888,3.363999992609024,0.0015000104904174805,0.14169999957084656,0.8574000000953674,1.2540000081062317,24.971199989318848,26.22519999742508,5.729600012302399,30.612900018692017,341147,800000,262421,61842,3213453,0,0x602c2740fab7f51f68b653c9700c98925a10a98e7f29e627ad7911c4966fa047,true,
411,authenticateSigned,0xab7F5238cbEfB02062241cf979e4994b656FB944,0.008400022983551025,6.621500015258789,0.001699984073638916,0.26750001311302185,1.5391999781131744,2.7170999944210052,65.79760000109673,68.51469999551773,11.35589998960495,76.9733000099659,341194,800000,262457,61843,3213459,0,0x4d6dcb736db66fca97abf54f78f514f2a81f26ebace4e8ff34bc55b48f4e2476,true,
412,authenticateSigned,0xab7F5238cbEfB02062241cf979e4994b656FB944,0.008500009775161743,7.2369000017642975,0.0020000040531158447,0.25669997930526733,1.6532000005245209,1.977400004863739,24.965200006961823,26.94260001182556,11.280299991369247,36.11890000104904,341194,800000,262457,61844,3213462,0,0x67f017630160657326b48fb3e295e6be6e7a7efe3f420942cda609389e8027e7,true,
413,authenticateSigned,0xab7F5238cbEfB02062241cf979e4994b656FB944,0.007899999618530273,5.211199998855591,0.0015000104904174805,0.19049999117851257,1.3283999860286713,2.4345000088214874,33.8095999956131,36.244100004434586,9.331200003623962,43.00450000166893,341194,800000,262457,61845,3213470,0,0x183fd6a6cf9fd0eee2fd43f6301225809269597d73fcbb3a23166998181ba6b2,true,
414,authenticateSigned,0xab7F5238cbEfB02062241cf979e4994b656FB944,0.0067999958992004395,3.506899982690811,0.0010999739170074463,0.14959999918937683,0.9769000113010406,1.3938000202178955,92.74169999361038,94.13550001382828,6.141699999570847,98.79350000619888,341162,800000,262433,61846,3213473,0,0x9c085d8eb0c4ed68121bd70071ce5e311ee0573aaabdb8f0988183962d82d2e9,true,
415,authenticateSigned,0xab7F5238cbEfB02062241cf979e4994b656FB944,0.008100003004074097,10.32930001616478,0.002400010824203491,0.3089999854564667,1.678299993276596,2.4426000118255615,48.59250000119209,51.035100013017654,14.930200010538101,63.37999999523163,341178,800000,262445,61847,3213482,0,0x54fccd8b82bf0a47a9c69eaf8d10bf7f1547a7d3e4b5c5a7f81a51fadb9a8675,true,
416,authenticateSigned,0xab7F5238cbEfB02062241cf979e4994b656FB944,0.006300002336502075,4.325000017881393,0.0017000138759613037,0.2379000186920166,1.6995999813079834,2.237199991941452,33.99130001664162,36.22850000858307,8.660400003194809,42.51860001683235,341178,800000,262445,61848,3213488,0,0x17979388362be8d21981d1e04b77a6d827a0b8cd5c569e6ee0f74e29a59092a1,true,
417,authenticateSigned,0xab7F5238cbEfB02062241cf979e4994b656FB944,0.0056999921798706055,3.2536999881267548,0.001399993896484375,0.16609999537467957,0.877700001001358,1.5761999785900116,15.143100023269653,16.719300001859665,5.984699994325638,21.040199995040894,341131,800000,262409,61849,3213502,0,0x24128f855cd928d93cd577b9085bdb4852071887fb070bf54f6be67acc161cd2,true,
418,authenticateSigned,0xab7F5238cbEfB02062241cf979e4994b656FB944,0.006099998950958252,3.481200009584427,0.0020000040531158447,0.27879998087882996,1.5434000194072723,2.1676999926567078,37.21509999036789,39.3827999830246,7.666200011968613,44.71500000357628,341178,800000,262445,61850,3213513,0,0x3088e4a68b3a2f4155858e6e7adb52a19d45781dae9292d5986eab9d3a33f215,true,
419,authenticateSigned,0xab7F5238cbEfB02062241cf979e4994b656FB944,0.005199998617172241,3.7682999968528748,0.0014000236988067627,0.1510000228881836,0.9156999886035919,1.3964000046253204,27.95329999923706,29.34970000386238,6.330900013446808,34.20870000123978,341162,800000,262433,61851,3213514,0,0x76513dca379b1e8cb40fdfd25a340fc56de30dce23a8741c6b383b208f045d85,true,
420,authenticateSigned,0xab7F5238cbEfB02062241cf979e4994b656FB944,0.00830000638961792,6.736300021409988,0.0018000006675720215,0.21869999170303345,1.5309999883174896,2.2161999940872192,54.89700001478195,57.11320000886917,10.872900009155273,65.63210001587868,341162,800000,262433,61852,3213522,0,0x0b7f8efeb63e49a608de72f8ff78aa4330aa2cbaa8bcef814a7d03fb2ffab29c,true,
421,authenticateSigned,0xab7F5238cbEfB02062241cf979e4994b656FB944,0.008299976587295532,4.629700005054474,0.001399993896484375,0.20120000839233398,1.5548999905586243,2.697499990463257,58.780099987983704,61.47759997844696,9.280200004577637,67.8914999961853,341209,800000,262469,61853,3213525,0,0x77c100817d60fa08405d6fc967f5d356e15a7192845a32b9ef34bc9f794c98cc,true,
422,authenticateSigned,0xab7F5238cbEfB02062241cf979e4994b656FB944,0.006399989128112793,4.850199997425079,0.0020000040531158447,0.3035999834537506,1.9000000059604645,2.6023000180721283,37.107199996709824,39.70950001478195,9.823900014162064,46.79179999232292,341194,800000,262457,61854,3213528,0,0x174c46d9b27e565747e02d98d77cb42f436d5fc7dcd15ea3e09723abdcd98bdf,true,
423,authenticateSigned,0xab7F5238cbEfB02062241cf979e4994b656FB944,0.005700021982192993,3.2197000086307526,0.0017000138759613037,0.14660000801086426,0.8698000013828278,2.8382000029087067,50.30929997563362,53.14749997854233,7.239999979734421,57.413599997758865,341178,800000,262445,61855,3213531,0,0x154a8db28bd3b3ea4a16f6116d8695b2663b3b070bb27b2ceaa0808930e0492a,true,
424,authenticateSigned,0xab7F5238cbEfB02062241cf979e4994b656FB944,0.008400022983551025,5.203599989414215,0.0014999806880950928,0.1947999894618988,1.5164999961853027,2.1924000084400177,47.88629999756813,50.07870000600815,9.277099996805191,57.023300021886826,341178,800000,262445,61856,3213546,0,0x0f3efa0dd2faa1ad493f89dded7e6f8adfc1955729c05454823944c7e77e684e,true,
425,authenticateSigned,0xab7F5238cbEfB02062241cf979e4994b656FB944,0.005800008773803711,4.800400018692017,0.0015999972820281982,0.15470001101493835,0.9252000153064728,1.6962999999523163,45.67010000348091,47.36640000343323,7.690299987792969,53.271799981594086,341178,800000,262445,61857,3213548,0,0xf68a11b8a059530b0c846dd2584c7af554dfc81d11f422df666e3fad0f018566,true,
426,authenticateSigned,0xab7F5238cbEfB02062241cf979e4994b656FB944,0.008899986743927002,4.635300010442734,0.001900017261505127,0.20440000295639038,1.6464000046253204,2.4814999997615814,33.024900019168854,35.506400018930435,9.14750000834465,42.03779998421669,341178,800000,262445,61858,3213552,0,0xff48d13058eba978515a84f9f514c8c760fd00fcb83e98a26413212d0e4d9f55,true,
427,authenticateSigned,0xab7F5238cbEfB02062241cf979e4994b656FB944,0.00619998574256897,3.302599996328354,0.0020000040531158447,0.14570000767707825,0.8649000227451324,1.2583999931812286,61.09610000252724,62.354499995708466,5.674000024795532,66.69319999217987,341178,800000,262445,61859,3213553,0,0x78b344ade0cc09eeacc049f0586eb7c39bbb316dc5466a81923083c8018f066f,true,
428,authenticateSigned,0xab7F5238cbEfB02062241cf979e4994b656FB944,0.0059999823570251465,3.500900000333786,0.001399993896484375,0.1502000093460083,1.0067000091075897,1.4194999933242798,78.80220001935959,80.22170001268387,6.187299996614456,84.9055999815464,341194,800000,262457,61860,3213556,0,0xa846440bd02396772fd4bed50f9a2d94d280b19acf4d42b828116ec35976e773,true,
429,putCertificateAndDomainRoot,0xab7F5238cbEfB02062241cf979e4994b656FB944,0.01019999384880066,3.4442000091075897,0.001399993896484375,0.24880000948905945,0.9305000007152557,1.3147999942302704,12.964399993419647,14.279199987649918,6.0445999801158905,18.932199984788895,99244,800000,76342,61861,3213562,0,0x34e9e476fc6bc18bb3130cdd70d1a041a0e277648c75108173da3df888271139,true,
430,authenticateSigned,0xab7F5238cbEfB02062241cf979e4994b656FB944,0.008499979972839355,8.930900007486343,0.0015999972820281982,0.22190001606941223,1.5807999968528748,3.2000000178813934,28.92789998650551,32.1279000043869,14.13840001821518,42.89289999008179,341178,800000,262445,61862,3213570,0,0xdcb1d3dd50b86600f1d0341679807c2c27451dc0313872974a32f43c7d613509,true,
431,authenticateSigned,0xab7F5238cbEfB02062241cf979e4994b656FB944,0.008799999952316284,6.189599990844727,0.0018000006675720215,0.2597000002861023,1.6870000064373016,1.5902000069618225,33.816199988126755,35.40639999508858,9.852500021457672,43.57330000400543,341209,800000,262469,61863,3213576,0,0xca9a54a9741e9d2fe804ef40f39f3498167e73c36699dbd726e290833545aed0,true,
432,authenticateSigned,0xab7F5238cbEfB02062241cf979e4994b656FB944,0.006400018930435181,5.772799998521805,0.001900017261505127,0.25040000677108765,1.7089000046253204,1.5573000013828278,36.5305999815464,38.08789998292923,9.39869999885559,45.847100019454956,341194,800000,262457,61864,3213583,0,0xbfa8c38581388ca402bdcd95fe349b15302a57cd89935ddcf7914a9057bc2e2b,true,
433,authenticateSigned,0xab7F5238cbEfB02062241cf979e4994b656FB944,0.009000003337860107,4.84469997882843,0.001399993896484375,0.13679999113082886,0.9924000203609467,1.3371999859809875,34.84920001029968,36.18639999628067,7.408100008964539,42.18810001015663,341178,800000,262445,61865,3213589,0,0xc5146d5d821ab5d16871932c7f458c9246af6ab13270b79999998f5a3ffeb7a2,true,
434,putCertificateAndDomainRoot,0xab7F5238cbEfB02062241cf979e4994b656FB944,0.010900020599365234,4.938300013542175,0.0014999806880950928,0.157399982213974,1.5920999944210052,2.046999990940094,34.6152999997139,36.66229999065399,8.932399988174438,43.38159999251366,99260,800000,76354,61866,3213605,0,0x2b37466fdfe7b50c7f227820428bb80de9f36defc38764b8836aea232365b268,true,
435,authenticateSigned,0xab7F5238cbEfB02062241cf979e4994b656FB944,0.008699983358383179,5.0990999937057495,0.0018000006675720215,0.22020000219345093,1.4820000231266022,2.2592999935150146,46.18829998373985,48.44759997725487,9.214900016784668,55.27889999747276,341147,800000,262421,61867,3213610,0,0x4bf48e224465183295a643bd8d360a4cd050c17797c6f27e52fa532e02fb7a21,true,
436,authenticateSigned,0xab7F5238cbEfB02062241cf979e4994b656FB944,0.006300002336502075,7.278099983930588,0.0020999908447265625,0.2524999976158142,1.5861999988555908,2.4650999903678894,75.99680000543594,78.46189999580383,11.752499997615814,87.60370001196861,341147,800000,262421,61868,3213619,0,0x0949143e66c34088b6ba5d8fb618bc5d79044264386a0b29a8e3616281393ee2,true,
437,putCertificateAndDomainRoot,0xab7F5238cbEfB02062241cf979e4994b656FB944,0.008400022983551025,3.405000001192093,0.0017000138759613037,0.13349997997283936,1.466399997472763,2.349000006914139,29.204800009727478,31.553800016641617,7.592799991369247,36.58900001645088,99244,800000,76342,61869,3213623,0,0xe358a7d37343ad825d133715323c759652180a91ef0b069b66604e5ba7fc840c,true,
438,authenticateSigned,0xab7F5238cbEfB02062241cf979e4994b656FB944,0.0059999823570251465,3.7531999945640564,0.0014999806880950928,0.1565999984741211,0.8729999959468842,1.435800015926361,122.90739998221397,124.34319999814034,6.32260000705719,129.15709999203682,341194,800000,262457,61870,3213626,0,0x11ff579ca1112c54e6e81bdee529bc210e07d861d8d86acb1b788329af2db5d4,true,
439,authenticateSigned,0xab7F5238cbEfB02062241cf979e4994b656FB944,0.007499992847442627,4.608799993991852,0.0018000006675720215,0.203000009059906,1.5149999856948853,2.115000009536743,56.93819999694824,59.053200006484985,8.597399979829788,65.40859997272491,341194,800000,262457,61871,3213628,0,0x22903a4ccb1232c35a172010ddb6b1c53fe40a6f27d676cc6a6bbce2899e3ad4,true,
440,authenticateSigned,0xab7F5238cbEfB02062241cf979e4994b656FB944,0.005600005388259888,3.201200008392334,0.0018000006675720215,0.1476999819278717,1.4097999930381775,1.5861999988555908,48.03389999270439,49.62009999155998,6.480599999427795,54.39939999580383,341178,800000,262445,61872,3213630,0,0x88f80d83c997060fbc84847b0d23a9833dc739481df49aadd6d26ee968056225,true,
441,authenticateSigned,0xab7F5238cbEfB02062241cf979e4994b656FB944,0.005899995565414429,3.2960000038146973,0.0014999806880950928,0.14309999346733093,0.8434000015258789,1.2784000039100647,88.09169998764992,89.37009999155998,5.664200007915497,93.6787999868393,341178,800000,262445,61873,3213631,0,0x06ddf78fbc523e9087521cd2e9257ef7818149d6031feb2078e7d1797b6e1447,true,
442,authenticateSigned,0xab7F5238cbEfB02062241cf979e4994b656FB944,0.0054000020027160645,3.1888999938964844,0.0014999806880950928,0.1550000011920929,0.8445000052452087,1.2346999943256378,19.103900015354156,20.338600009679794,5.523100018501282,24.551300019025803,341162,800000,262433,61874,3213633,0,0x632245acfa58083a9993da12747a673c68bd90fca881ac26da3049ee0c237ac1,true,
443,authenticateSigned,0xab7F5238cbEfB02062241cf979e4994b656FB944,0.00920000672340393,3.3431000113487244,0.0015999972820281982,0.15639999508857727,0.930899977684021,1.4950999915599823,33.63240000605583,35.127499997615814,6.030000001192093,39.58509999513626,341162,800000,262433,61875,3213635,0,0xe4b71056dbc8681ea0993081077d07c5c5d89ea8665f30e552102851afef3be0,true,
444,authenticateSigned,0xab7F5238cbEfB02062241cf979e4994b656FB944,0.0056999921798706055,3.2885999977588654,0.0013000071048736572,0.14539998769760132,0.9032000005245209,1.4823000133037567,67.23939999938011,68.72170001268387,5.918300002813339,73.08390000462532,341209,800000,262469,61876,3213637,0,0xd0936893b0b20ef424cc05fb72675f0581cfeaf1c0b922a27bba64f70cbfe9b2,true,
445,authenticateSigned,0xab7F5238cbEfB02062241cf979e4994b656FB944,0.008799999952316284,4.671999990940094,0.0017000138759613037,0.22589999437332153,1.9625999927520752,2.7085999846458435,48.902200013399124,51.61079999804497,9.800699979066849,58.50079998373985,341178,800000,262445,61877,3213653,0,0x8a7a0168c165fef88107b5acf2ca7379b3627c5d9728540984bd3c3e9b343c11,true,
446,putCertificateAndDomainRoot,0xab7F5238cbEfB02062241cf979e4994b656FB944,0.009700000286102295,4.279000014066696,0.002200007438659668,0.21539998054504395,1.634300023317337,2.0486000180244446,23.866899996995926,25.91550001502037,8.341999977827072,32.07420000433922,99229,800000,76330,61878,3213669,0,0x2e7d92fb96e8ffcf8c03fe5f979bb7a72e31b961de8d390a6e81108c865ab6e6,true,
447,putCertificateAndDomainRoot,0xab7F5238cbEfB02062241cf979e4994b656FB944,0.06029999256134033,9.336300015449524,0.0015000104904174805,0.1996000111103058,1.595200002193451,3.070299983024597,51.72740000486374,54.797699987888336,14.362199991941452,66.01139998435974,99260,800000,76354,61879,3213676,0,0x4d550405ce9d284e73843a7058c5b4e6012118c325b8e35a80cb5ae25c6ef8aa,true,
448,authenticateSigned,0xab7F5238cbEfB02062241cf979e4994b656FB944,0.008700013160705566,5.186299979686737,0.0018000006675720215,0.21970000863075256,1.6572999954223633,2.1489999890327454,69.18430000543594,71.33329999446869,9.371199995279312,78.42410001158714,341162,800000,262433,61880,3213679,0,0x72a5223d6c9f8fbba0a2c75ed90e4d47408287c577ecb91cc73f9780e4f04c87,true,
449,authenticateSigned,0xab7F5238cbEfB02062241cf979e4994b656FB944,0.009299993515014648,6.141200006008148,0.0018000006675720215,0.22769999504089355,1.603300005197525,2.0192999839782715,79.82350000739098,81.84279999136925,10.163100004196167,89.84690001606941,341194,800000,262457,61881,3213686,0,0x2719a598daf2d0f2df6a7a58330ee77302d7dca7483ae027c3dd74d9f3efdc81,true,
450,authenticateSigned,0xab7F5238cbEfB02062241cf979e4994b656FB944,0.009799987077713013,5.611599981784821,0.0015999972820281982,0.21070000529289246,1.3740000128746033,2.1392000019550323,25.249099999666214,27.388300001621246,9.499700009822845,34.61300000548363,341194,800000,262457,61882,3213689,0,0x8df0d272c690e499b623c6e07ccdaafbbf3e9666d8529f842ea20f4c94471dca,true,
451,putCertificateAndDomainRoot,0xab7F5238cbEfB02062241cf979e4994b656FB944,0.005600005388259888,3.2387000024318695,0.0015000104904174805,0.13280001282691956,0.9381000101566315,1.4234000146389008,66.88170000910759,68.30510002374649,5.856299996376038,72.64649999141693,99260,800000,76354,61883,3213694,0,0x20074eb1ce10038e1f024f470862601842658c704cf8c2a9424136b30bca86ca,true,
452,authenticateSigned,0xab7F5238cbEfB02062241cf979e4994b656FB944,0.008500009775161743,6.225199997425079,0.00210002064704895,0.29430001974105835,1.6198999881744385,2.156299978494644,32.07919999957085,34.23549997806549,10.453099995851517,42.405100017786026,341194,800000,262457,61884,3213702,0,0x252eea7fe8d2f1799130ec3d85b2a2dc0426a0d843f460c52de670d44a9710b4,true,
453,putCertificateAndDomainRoot,0xab7F5238cbEfB02062241cf979e4994b656FB944,0.009399980306625366,3.9431999921798706,0.0017000138759613037,0.11059999465942383,0.8989000022411346,2.403999984264374,51.835200011730194,54.23919999599457,7.556300014257431,59.22110000252724,99260,800000,76354,61885,3213715,0,0x5e288a6633d13a44696f7fc305ed25d3ffe546635e6cdc55b3e60d11702bae19,true,
454,authenticateSigned,0xab7F5238cbEfB02062241cf979e4994b656FB944,0.009099990129470825,7.1043999791145325,0.0020999908447265625,0.24120000004768372,1.7515999972820282,3.3181999921798706,60.972699999809265,64.29089999198914,12.5726999938488,73.41889998316765,341178,800000,262445,61886,3213718,0,0x2502923fd6c29e54f0dd7ce5b9456a4088a2f271f8fbdfdabb35485e0ab11ea2,true,
455,putCertificateAndDomainRoot,0xab7F5238cbEfB02062241cf979e4994b656FB944,0.010600000619888306,5.3774000108242035,0.0015999972820281982,0.1850999891757965,1.6658999919891357,2.6599999964237213,38.61810001730919,41.27810001373291,10.057300001382828,48.53830000758171,99260,800000,76354,61887,3213727,0,0xdf0b2092ce748b086885b4797a532b304142dd1edda42675800dcb07ff2022b6,true,
456,authenticateSigned,0xab7F5238cbEfB02062241cf979e4994b656FB944,0.008799999952316284,6.3525999784469604,0.001699984073638916,0.2247999906539917,1.6039999723434448,2.8288999795913696,84.26320001482964,87.092099994421,11.223899990320206,95.3522000014782,341178,800000,262445,61888,3213732,0,0xfd8355775e1ca18fe10d211888640159f749445ea095983c7e8375547264605b,true,
457,authenticateSigned,0xab7F5238cbEfB02062241cf979e4994b656FB944,0.008700013160705566,6.6198999881744385,0.0015999972820281982,0.22120001912117004,1.6272000074386597,2.378000020980835,110.27689999341965,112.65490001440048,10.998299986124039,121.15440002083778,341194,800000,262457,61889,3213742,0,0x78444e17b265e9812556ee0253dd38b02735761beadacd92c4ac9d069ed09f14,true,
458,authenticateSigned,0xab7F5238cbEfB02062241cf979e4994b656FB944,0.009000003337860107,5.296499997377396,0.0015000104904174805,0.20000001788139343,2.185599982738495,2.849500000476837,30.85359999537468,33.70309999585152,10.724900007247925,41.4142000079155,341194,800000,262457,61890,3213746,0,0x396dbcdb57fbaca002f55196a72f5d43fb1f54e6822ae99b850f17874e432b84,true,
459,authenticateSigned,0xab7F5238cbEfB02062241cf979e4994b656FB944,0.008699983358383179,4.2630999982357025,0.0015000104904174805,0.13929998874664307,1.8797999918460846,1.5247999727725983,31.500700026750565,33.02549999952316,7.947700023651123,39.33280000090599,341147,800000,262421,61891,3213755,0,0x9ed8c1ec98b31efb01bea0c2a6907844dc27a8ff97e3bceaf8a1e5689ef188da,true,
460,authenticateSigned,0xab7F5238cbEfB02062241cf979e4994b656FB944,0.0065000057220458984,5.1021000146865845,0.0015999972820281982,0.24369999766349792,1.5192999839782715,2.0365999937057495,65.73469999432564,67.77129998803139,9.053000003099442,74.6651999950409,341162,800000,262433,61892,3213760,0,0x8dfd9f5598a3de4dd512d68e2ec72aaef77893b994947dc1b8acba4de4106091,true,
461,authenticateSigned,0xab7F5238cbEfB02062241cf979e4994b656FB944,0.008899986743927002,5.132500022649765,0.0015999972820281982,0.13690000772476196,0.8691000044345856,1.1999000012874603,85.66100001335144,86.8609000146389,7.505800008773804,93.02869999408722,341178,800000,262445,61893,3213764,0,0xfd0df55c37271ec4bb47d15092fe9e6d9138715cd37d6b7a07f34fbf56fe4fd0,true,
462,authenticateSigned,0xab7F5238cbEfB02062241cf979e4994b656FB944,0.0098000168800354,5.307300001382828,0.0015999972820281982,0.20409998297691345,1.4546000063419342,1.9281000196933746,41.96629998087883,43.894400000572205,9.060699999332428,50.88750001788139,341194,800000,262457,61894,3213765,0,0x42a507125aeab98861863938c9f55bc297af6e9d85ed24e9434db2a6859f15c1,true,
463,authenticateSigned,0xab7F5238cbEfB02062241cf979e4994b656FB944,0.0067999958992004395,6.76979997754097,0.0015000104904174805,0.26749998331069946,1.8253999948501587,2.0293999910354614,38.41850000619888,40.447899997234344,11.058200001716614,49.3435999751091,341162,800000,262433,61895,3213776,0,0xa8fa7559982386c14e6cd173562a85c492e64896d89575a986f0e9cf19367ccb,true,
464,putCertificateAndDomainRoot,0xab7F5238cbEfB02062241cf979e4994b656FB944,0.0070999860763549805,5.381600022315979,0.0014000236988067627,0.13029998540878296,0.8763000071048737,1.3400999903678894,122.14950001239777,123.48960000276566,7.906900018453598,129.90540000796318,99260,800000,76354,61896,3213788,0,0x4724819a5bdccb09ca8041e824bcccba4fee0faf4547a5921fd4ecae166b2147,true,
